source,native,name,p_value,significant,description,term_size,query_size,intersection_size,effective_domain_size,precision,recall,query,parents
GO:CC,GO:0071944,cell periphery,1.350950066175725e-156,True,"""The broad region around and including the plasma membrane of a cell, encompassing the cell cortex (inside the cell), the plasma membrane, and any external encapsulating structures."" [GOC:pdt]",6263,497,424,22155,0.8531187122736419,0.06769918569375699,query_1,['GO:0110165']
GO:BP,GO:0002376,immune system process,1.823737675750438e-149,True,"""Any process involved in the development or functioning of the immune system, an organismal system for calibrated responses to potential internal or invasive threats."" [GO_REF:0000022, GOC:add]",2913,492,318,20972,0.6463414634146342,0.10916580844490216,query_1,['GO:0008150']
GO:CC,GO:0009986,cell surface,1.2982412782261778e-143,True,"""The external part of the cell wall and/or plasma membrane."" [GOC:jl, GOC:mtg_sensu, GOC:sm]",904,497,198,22155,0.3983903420523139,0.21902654867256638,query_1,['GO:0110165']
GO:BP,GO:0006955,immune response,3.4583849875823206e-131,True,"""Any immune system process that functions in the calibrated response of an organism to a potential internal or invasive threat."" [GO_REF:0000022, GOC:add]",2118,492,265,20972,0.5386178861788617,0.1251180358829084,query_1,"['GO:0002376', 'GO:0050896']"
GO:CC,GO:0005886,plasma membrane,8.568987917216761e-125,True,"""The membrane surrounding a cell that separates the cell from its external environment. It consists of a phospholipid bilayer and associated proteins."" [ISBN:0716731363]",5906,497,386,22155,0.7766599597585513,0.0653572637995259,query_1,"['GO:0016020', 'GO:0071944']"
GO:BP,GO:0007155,cell adhesion,5.902020105127333e-123,True,"""The attachment of a cell, either to another cell or to an underlying substrate such as the extracellular matrix, via cell adhesion molecules."" [GOC:hb, GOC:pf]",1512,492,225,20972,0.4573170731707317,0.1488095238095238,query_1,['GO:0009987']
GO:BP,GO:0001775,cell activation,9.286213810133024e-119,True,"""A multicellular organismal process by which exposure to an activating factor such as a cellular or soluble ligand results in a change in the morphology or behavior of a cell."" [GOC:mgi_curators]",1123,492,197,20972,0.40040650406504064,0.17542297417631345,query_1,"['GO:0009987', 'GO:0032501']"
GO:BP,GO:0002682,regulation of immune system process,7.14361580406972e-118,True,"""Any process that modulates the frequency, rate, or extent of an immune system process."" [GOC:add]",1594,492,225,20972,0.4573170731707317,0.1411543287327478,query_1,"['GO:0002376', 'GO:0050789']"
GO:BP,GO:0050896,response to stimulus,1.1003479221707673e-116,True,"""Any process that results in a change in state or activity of a cell or an organism (in terms of movement, secretion, enzyme production, gene expression, etc.) as a result of a stimulus. The process begins with detection of the stimulus and ends with a change in state or activity or the cell or organism."" [GOC:ai, GOC:bf]",9051,492,453,20972,0.9207317073170732,0.05004971826317534,query_1,['GO:0008150']
GO:BP,GO:0007166,cell surface receptor signaling pathway,1.4496553564623864e-115,True,"""The series of molecular signals initiated by an extracellular ligand binding to a receptor located on the cell surface. The pathway ends with regulation of a downstream cellular process, e.g. transcription."" [GOC:signaling]",2834,492,282,20972,0.573170731707317,0.0995059985885674,query_1,['GO:0007165']
GO:BP,GO:0045321,leukocyte activation,2.0502040551526903e-114,True,"""A change in morphology and behavior of a leukocyte resulting from exposure to a specific antigen, mitogen, cytokine, cellular ligand, or soluble factor."" [GOC:add]",975,492,183,20972,0.3719512195121951,0.18769230769230769,query_1,"['GO:0001775', 'GO:0002376']"
GO:BP,GO:0048584,positive regulation of response to stimulus,4.2688568885630904e-110,True,"""Any process that activates, maintains or increases the rate of a response to a stimulus. Response to stimulus is a change in state or activity of a cell or an organism (in terms of movement, secretion, enzyme production, gene expression, etc.) as a result of a stimulus."" [GOC:jid]",2320,492,254,20972,0.516260162601626,0.10948275862068965,query_1,"['GO:0048518', 'GO:0048583', 'GO:0050896']"
GO:CC,GO:0005576,extracellular region,4.121776959082424e-109,True,"""The space external to the outermost structure of a cell. For cells without external protective or external encapsulating structures this refers to space outside of the plasma membrane. This term covers the host cell environment outside an intracellular parasite."" [GOC:go_curators]",4249,497,321,22155,0.6458752515090543,0.07554718757354671,query_1,['GO:0110165']
GO:BP,GO:0009605,response to external stimulus,2.6001940613836634e-108,True,"""Any process that results in a change in state or activity of a cell or an organism (in terms of movement, secretion, enzyme production, gene expression, etc.) as a result of an external stimulus."" [GOC:hb]",2427,492,257,20972,0.5223577235772358,0.10589204779563247,query_1,['GO:0050896']
GO:BP,GO:0006952,defense response,3.887678408614823e-106,True,"""Reactions, triggered in response to the presence of a foreign body or the occurrence of an injury, which result in restriction of damage to the organism attacked or prevention/recovery from the infection caused by the attack."" [GOC:go_curators]",1883,492,229,20972,0.4654471544715447,0.12161444503451939,query_1,['GO:0006950']
GO:BP,GO:0002684,positive regulation of immune system process,3.991147143688618e-106,True,"""Any process that activates or increases the frequency, rate, or extent of an immune system process."" [GOC:add]",1111,492,185,20972,0.37601626016260165,0.16651665166516652,query_1,"['GO:0002376', 'GO:0002682', 'GO:0048518']"
GO:CC,GO:0005615,extracellular space,1.707910276228779e-103,True,"""That part of a multicellular organism outside the cells proper, usually taken to be outside the plasma membranes, and occupied by fluid."" [ISBN:0198547684]",3252,497,280,22155,0.5633802816901409,0.08610086100861009,query_1,"['GO:0005576', 'GO:0110165']"
GO:MF,GO:0005102,signaling receptor binding,2.1735742668988647e-99,True,"""Binding to one or more specific sites on a receptor molecule, a macromolecule that undergoes combination with a hormone, neurotransmitter, drug or intracellular messenger to initiate a change in cell function."" [GOC:bf, GOC:ceb, ISBN:0198506732]",1346,490,195,20208,0.3979591836734694,0.1448736998514116,query_1,['GO:0005515']
GO:BP,GO:0007165,signal transduction,3.7467488177210515e-99,True,"""The cellular process in which a signal is conveyed to trigger a change in the activity or state of a cell. Signal transduction begins with reception of a signal (e.g. a ligand binding to a receptor or receptor activation by a stimulus such as light), or for signal transduction in the absence of ligand, signal-withdrawal or the activity of a constitutively active receptor. Signal transduction ends with regulation of a downstream cellular process, e.g. regulation of transcription or regulation of a metabolic process. Signal transduction covers signaling from receptors located on the surface of the cell and signaling via molecules located within the cell. For signaling between cells, signal transduction is restricted to events at and within the receiving cell."" [GOC:go_curators, GOC:mtg_signaling_feb11]",6063,492,370,20972,0.7520325203252033,0.06102589477156523,query_1,"['GO:0007154', 'GO:0009987', 'GO:0023052', 'GO:0050794', 'GO:0051716']"
GO:BP,GO:0051239,regulation of multicellular organismal process,4.363487244111389e-98,True,"""Any process that modulates the frequency, rate or extent of a multicellular organismal process, the processes pertinent to the function of a multicellular organism above the cellular level; includes the integrated processes of tissues and organs."" [GOC:ai, GOC:dph, GOC:tb]",2923,492,267,20972,0.5426829268292683,0.09134450906602805,query_1,"['GO:0032501', 'GO:0050789']"
GO:BP,GO:0048583,regulation of response to stimulus,6.9340340739001315e-96,True,"""Any process that modulates the frequency, rate or extent of a response to a stimulus. Response to stimulus is a change in state or activity of a cell or an organism (in terms of movement, secretion, enzyme production, gene expression, etc.) as a result of a stimulus."" [GOC:jid]",3993,492,304,20972,0.6178861788617886,0.07613323315802654,query_1,"['GO:0050789', 'GO:0050896']"
GO:BP,GO:0023052,signaling,4.196614827938703e-93,True,"""The entirety of a process in which information is transmitted within a biological system. This process begins with an active signal and ends when a cellular response has been triggered."" [GOC:mtg_signal, GOC:mtg_signaling_feb11, GOC:signaling]",6558,492,376,20972,0.7642276422764228,0.057334553217444344,query_1,['GO:0050789']
GO:BP,GO:0007154,cell communication,2.3615653024565033e-91,True,"""Any process that mediates interactions between a cell and its surroundings. Encompasses interactions such as signaling or attachment between one cell and another cell, between a cell and an extracellular matrix, or between a cell and any other aspect of its environment."" [GOC:mah]",6598,492,375,20972,0.7621951219512195,0.056835404668081235,query_1,['GO:0009987']
GO:BP,GO:0051240,positive regulation of multicellular organismal process,4.898309285460452e-90,True,"""Any process that activates or increases the frequency, rate or extent of an organismal process, any of the processes pertinent to the function of an organism above the cellular level; includes the integrated processes of tissues and organs."" [GOC:ai]",1639,492,200,20972,0.4065040650406504,0.12202562538133008,query_1,"['GO:0032501', 'GO:0048518', 'GO:0051239']"
GO:BP,GO:0051716,cellular response to stimulus,1.4477295805237377e-89,True,"""Any process that results in a change in state or activity of a cell (in terms of movement, secretion, enzyme production, gene expression, etc.) as a result of a stimulus. The process begins with detection of the stimulus by a cell and ends with a change in state or activity or the cell."" [GOC:bf, GOC:jl]",7425,492,393,20972,0.7987804878048781,0.05292929292929293,query_1,"['GO:0009987', 'GO:0050896']"
GO:BP,GO:0016477,cell migration,9.631550073702441e-89,True,"""The controlled self-propelled movement of a cell from one site to a destination guided by molecular cues."" [GOC:cjm, GOC:dph, GOC:ems, GOC:pf, Wikipedia:Cell_migration]",1532,492,193,20972,0.39227642276422764,0.12597911227154046,query_1,['GO:0048870']
GO:BP,GO:0006954,inflammatory response,1.5576343065923764e-87,True,"""The immediate defensive reaction (by vertebrate tissue) to infection or injury caused by chemical or physical agents. The process is characterized by local vasodilation, extravasation of plasma into intercellular spaces and accumulation of white blood cells and macrophages."" [GO_REF:0000022, ISBN:0198506732]",873,492,152,20972,0.3089430894308943,0.17411225658648338,query_1,['GO:0006952']
GO:CC,GO:0009897,external side of plasma membrane,5.761349415101699e-87,True,"""The leaflet of the plasma membrane that faces away from the cytoplasm and any proteins embedded or anchored in it or attached to its surface."" [GOC:dos, GOC:tb]",397,497,110,22155,0.22132796780684105,0.2770780856423174,query_1,"['GO:0005886', 'GO:0009986', 'GO:0098552']"
GO:BP,GO:0006950,response to stress,5.2177105553056265e-86,True,"""Any process that results in a change in state or activity of a cell or an organism (in terms of movement, secretion, enzyme production, gene expression, etc.) as a result of a disturbance in organismal or cellular homeostasis, usually, but not necessarily, exogenous (e.g. temperature, humidity, ionizing radiation)."" [GOC:mah]",3984,492,292,20972,0.5934959349593496,0.07329317269076305,query_1,['GO:0050896']
GO:BP,GO:0050776,regulation of immune response,7.175141815647159e-86,True,"""Any process that modulates the frequency, rate or extent of the immune response, the immunological reaction of an organism to an immunogenic stimulus."" [GOC:ai]",970,492,157,20972,0.31910569105691056,0.1618556701030928,query_1,"['GO:0002682', 'GO:0006955', 'GO:0048583']"
GO:BP,GO:0048518,positive regulation of biological process,2.499244735673832e-84,True,"""Any process that activates or increases the frequency, rate or extent of a biological process. Biological processes are regulated by many means; examples include the control of gene expression, protein modification or interaction with a protein or substrate molecule."" [GOC:jid]",6150,492,355,20972,0.7215447154471545,0.05772357723577236,query_1,"['GO:0008150', 'GO:0050789']"
GO:BP,GO:0046649,lymphocyte activation,1.4739316917348372e-83,True,"""A change in morphology and behavior of a lymphocyte resulting from exposure to a specific antigen, mitogen, cytokine, chemokine, cellular ligand, or soluble factor."" [GOC:mgi_curators, ISBN:0781735149]",811,492,144,20972,0.2926829268292683,0.17755856966707767,query_1,['GO:0045321']
GO:BP,GO:0044419,biological process involved in interspecies interaction between organisms,1.76390507558597e-83,True,"""Any process evolved to enable an interaction with an organism of a different species."" [GOC:cc]",1777,492,200,20972,0.4065040650406504,0.11254924029262803,query_1,['GO:0008150']
GO:BP,GO:0040011,locomotion,1.982927488742735e-81,True,"""Self-propelled movement of a cell or organism from one location to another."" [GOC:dgh]",1236,492,169,20972,0.3434959349593496,0.13673139158576053,query_1,['GO:0008150']
GO:MF,GO:0060089,molecular transducer activity,2.3480005260992343e-81,True,"""A compound molecular function in which an effector function is controlled by one or more regulatory components."" [GOC:dos, GOC:pdt]",1513,490,186,20208,0.3795918367346939,0.12293456708526107,query_1,['GO:0003674']
GO:MF,GO:0038023,signaling receptor activity,2.3480005260992343e-81,True,"""Receiving a signal and transmitting it in the cell to initiate a change in cell activity. A signal is a physical entity or change in state that is used to transfer information in order to trigger a response."" [GOC:bf, GOC:signaling]",1513,490,186,20208,0.3795918367346939,0.12293456708526107,query_1,['GO:0060089']
GO:BP,GO:0032501,multicellular organismal process,1.7787204019298272e-79,True,"""Any biological process, occurring at the level of a multicellular organism, pertinent to its function."" [GOC:curators, GOC:dph, GOC:isa_complete, GOC:tb]",7337,492,379,20972,0.7703252032520326,0.05165599018672482,query_1,['GO:0008150']
GO:BP,GO:0098609,cell-cell adhesion,6.336175621013439e-79,True,"""The attachment of one cell to another cell via adhesion molecules."" [GOC:dos]",965,492,150,20972,0.3048780487804878,0.15544041450777202,query_1,['GO:0007155']
GO:CC,GO:0031982,vesicle,1.0917854350936757e-78,True,"""Any small, fluid-filled, spherical organelle enclosed by membrane."" [GOC:mah, GOC:pz, GOC:vesicles]",4032,497,278,22155,0.5593561368209256,0.0689484126984127,query_1,['GO:0043227']
GO:BP,GO:0048870,cell motility,2.5122329350481164e-77,True,"""Any process involved in the controlled self-propelled movement of a cell that results in translocation of the cell from one place to another."" [GOC:dgh, GOC:dph, GOC:isa_complete, GOC:mlg]",1794,492,194,20972,0.3943089430894309,0.10813823857302118,query_1,['GO:0009987']
GO:BP,GO:0002252,immune effector process,2.5525895544254763e-77,True,"""Any process of the immune system that executes a component of an immune response. An effector immune process takes place after its activation."" [GO_REF:0000022, GOC:add, ISBN:0781735149]",710,492,131,20972,0.266260162601626,0.18450704225352113,query_1,['GO:0002376']
GO:BP,GO:0032101,regulation of response to external stimulus,5.191273548140865e-77,True,"""Any process that modulates the frequency, rate or extent of a response to an external stimulus."" [GOC:mah]",1092,492,156,20972,0.3170731707317073,0.14285714285714285,query_1,"['GO:0009605', 'GO:0048583']"
GO:CC,GO:0098552,side of membrane,1.2785918091526689e-76,True,"""A cellular component consisting of one leaflet of a membrane bilayer and any proteins embedded or anchored in it or attached to its surface."" [GOC:dos]",731,497,129,22155,0.2595573440643863,0.17647058823529413,query_1,"['GO:0016020', 'GO:0110165']"
GO:BP,GO:0002697,regulation of immune effector process,2.375053023904869e-75,True,"""Any process that modulates the frequency, rate, or extent of an immune effector process."" [GOC:add]",395,492,103,20972,0.20934959349593496,0.2607594936708861,query_1,"['GO:0002252', 'GO:0002682']"
GO:BP,GO:0030155,regulation of cell adhesion,3.8260375892245026e-75,True,"""Any process that modulates the frequency, rate or extent of attachment of a cell to another cell or to the extracellular matrix."" [GOC:mah]",780,492,134,20972,0.27235772357723576,0.1717948717948718,query_1,"['GO:0007155', 'GO:0050794']"
GO:BP,GO:0050865,regulation of cell activation,2.8375983334113944e-74,True,"""Any process that modulates the frequency, rate or extent of cell activation, the change in the morphology or behavior of a cell resulting from exposure to an activating factor such as a cellular or soluble ligand."" [GOC:ai]",627,492,122,20972,0.24796747967479674,0.19457735247208932,query_1,"['GO:0001775', 'GO:0050794', 'GO:0051239']"
GO:BP,GO:0048522,positive regulation of cellular process,1.5828450637287335e-73,True,"""Any process that activates or increases the frequency, rate or extent of a cellular process, any of those that are carried out at the cellular level, but are not necessarily restricted to a single cell. For example, cell communication occurs among more than one cell, but occurs at the cellular level."" [GOC:jid]",5739,492,330,20972,0.6707317073170732,0.057501306847882905,query_1,"['GO:0009987', 'GO:0048518', 'GO:0050794']"
GO:BP,GO:0002694,regulation of leukocyte activation,2.2663911149464776e-72,True,"""Any process that modulates the frequency, rate, or extent of leukocyte activation."" [GOC:add]",572,492,116,20972,0.23577235772357724,0.20279720279720279,query_1,"['GO:0002682', 'GO:0045321', 'GO:0050865']"
GO:BP,GO:0007159,leukocyte cell-cell adhesion,5.754075864822053e-72,True,"""The attachment of a leukocyte to another cell via adhesion molecules."" [GOC:go_curators]",413,492,102,20972,0.2073170731707317,0.2469733656174334,query_1,['GO:0098609']
GO:BP,GO:0051707,response to other organism,1.4244111685331642e-68,True,"""Any process that results in a change in state or activity of a cell or an organism (in terms of movement, secretion, enzyme production, gene expression, etc.) as a result of a stimulus from another living organism."" [GOC:ai]",1610,492,175,20972,0.3556910569105691,0.10869565217391304,query_1,"['GO:0043207', 'GO:0044419']"
GO:BP,GO:0043207,response to external biotic stimulus,1.9142745305186962e-68,True,"""Any process that results in a change in state or activity of a cell or an organism (in terms of movement, secretion, enzyme production, gene expression, etc.) as a result of an external biotic stimulus, an external stimulus caused by, or produced by living things."" [GOC:go_curators]",1613,492,175,20972,0.3556910569105691,0.10849349039057657,query_1,"['GO:0009605', 'GO:0009607']"
GO:BP,GO:0050778,positive regulation of immune response,3.4614653337000423e-68,True,"""Any process that activates or increases the frequency, rate or extent of the immune response, the immunological reaction of an organism to an immunogenic stimulus."" [GOC:ai]",775,492,127,20972,0.258130081300813,0.1638709677419355,query_1,"['GO:0002684', 'GO:0006955', 'GO:0048584', 'GO:0050776']"
GO:BP,GO:0050900,leukocyte migration,1.0649936480766553e-67,True,"""The movement of a leukocyte within or between different tissues and organs of the body."" [GOC:add, ISBN:0781735149, PMID:14680625, PMID:14708592, PMID:7507411, PMID:8600538]",386,492,96,20972,0.1951219512195122,0.24870466321243523,query_1,"['GO:0002376', 'GO:0016477']"
GO:BP,GO:0009607,response to biotic stimulus,1.1735788894098467e-67,True,"""Any process that results in a change in state or activity of a cell or an organism (in terms of movement, secretion, enzyme production, gene expression, etc.) as a result of a biotic stimulus, a stimulus caused or produced by a living organism."" [GOC:hb]",1652,492,176,20972,0.35772357723577236,0.10653753026634383,query_1,['GO:0050896']
GO:BP,GO:0042110,T cell activation,4.088802792708562e-67,True,"""The change in morphology and behavior of a mature or immature T cell resulting from exposure to a mitogen, cytokine, chemokine, cellular ligand, or an antigen for which it is specific."" [GOC:mgi_curators, ISBN:0781735149]",581,492,112,20972,0.22764227642276422,0.1927710843373494,query_1,['GO:0046649']
GO:BP,GO:0042221,response to chemical,1.1312159045184134e-66,True,"""Any process that results in a change in state or activity of a cell or an organism (in terms of movement, secretion, enzyme production, gene expression, etc.) as a result of a chemical stimulus."" [GOC:jl]",3863,492,263,20972,0.5345528455284553,0.0680818017085167,query_1,['GO:0050896']
REAC,REAC:R-HSA-168256,Immune System,2.0524399719670392e-66,True,Immune System,2086,456,250,11056,0.5482456140350878,0.11984659635666348,query_1,['REAC:0000000']
GO:BP,GO:0001816,cytokine production,2.0853411278483573e-66,True,"""The appearance of a cytokine due to biosynthesis or secretion following a cellular stimulus, resulting in an increase in its intracellular or extracellular levels."" [GOC:add, ISBN:0781735149]",786,492,126,20972,0.25609756097560976,0.16030534351145037,query_1,"['GO:0010467', 'GO:0032501']"
GO:BP,GO:0006935,chemotaxis,3.7280949064851026e-66,True,"""The directed movement of a motile cell or organism, or the directed growth of a cell guided by a specific chemical concentration gradient. Movement may be towards a higher concentration (positive chemotaxis) or towards a lower concentration (negative chemotaxis)."" [ISBN:0198506732]",456,492,101,20972,0.20528455284552846,0.22149122807017543,query_1,"['GO:0042221', 'GO:0042330']"
GO:BP,GO:0042330,taxis,5.910396859174683e-66,True,"""The directed movement of a motile cell or organism in response to an external stimulus."" [GOC:jl, ISBN:0192801023]",458,492,101,20972,0.20528455284552846,0.2205240174672489,query_1,"['GO:0009605', 'GO:0040011']"
GO:BP,GO:0001817,regulation of cytokine production,8.684661750487647e-65,True,"""Any process that modulates the frequency, rate, or extent of production of a cytokine."" [GOC:add, ISBN:0781735149]",780,492,124,20972,0.25203252032520324,0.15897435897435896,query_1,"['GO:0001816', 'GO:0010468', 'GO:0051239']"
GO:CC,GO:0016020,membrane,1.1281390933673017e-64,True,"""A lipid bilayer along with all the proteins and protein complexes embedded in it and attached to it."" [GOC:dos, GOC:mah, ISBN:0815316194]",9975,497,409,22155,0.8229376257545271,0.04100250626566416,query_1,['GO:0110165']
GO:BP,GO:0051249,regulation of lymphocyte activation,1.1087834074013028e-63,True,"""Any process that modulates the frequency, rate or extent of lymphocyte activation."" [GOC:ai]",506,492,103,20972,0.20934959349593496,0.20355731225296442,query_1,"['GO:0002694', 'GO:0046649']"
GO:BP,GO:0030334,regulation of cell migration,2.1938648656997483e-63,True,"""Any process that modulates the frequency, rate or extent of cell migration."" [GOC:go_curators]",944,492,133,20972,0.2703252032520325,0.1408898305084746,query_1,"['GO:0016477', 'GO:2000145']"
GO:BP,GO:0030335,positive regulation of cell migration,1.4358447203205587e-62,True,"""Any process that activates or increases the frequency, rate or extent of cell migration."" [GOC:go_curators]",544,492,105,20972,0.21341463414634146,0.19301470588235295,query_1,"['GO:0016477', 'GO:0030334', 'GO:2000147']"
GO:BP,GO:0002696,positive regulation of leukocyte activation,8.703296485179748e-62,True,"""Any process that activates or increases the frequency, rate, or extent of leukocyte activation."" [GOC:add]",363,492,89,20972,0.18089430894308944,0.24517906336088155,query_1,"['GO:0002684', 'GO:0002694', 'GO:0045321', 'GO:0050867']"
GO:BP,GO:0040017,positive regulation of locomotion,2.7542359831489994e-61,True,"""Any process that activates or increases the frequency, rate or extent of locomotion of a cell or organism."" [GOC:go_curators]",586,492,107,20972,0.21747967479674796,0.1825938566552901,query_1,"['GO:0040011', 'GO:0040012', 'GO:0048518']"
GO:BP,GO:0040012,regulation of locomotion,1.5072085050094582e-60,True,"""Any process that modulates the frequency, rate or extent of locomotion of a cell or organism."" [GOC:ems]",1046,492,136,20972,0.2764227642276423,0.13001912045889102,query_1,"['GO:0040011', 'GO:0050789']"
GO:BP,GO:2000147,positive regulation of cell motility,2.3995406783124953e-60,True,"""Any process that activates or increases the frequency, rate or extent of cell motility."" [GOC:mah]",571,492,105,20972,0.21341463414634146,0.18388791593695272,query_1,"['GO:0040017', 'GO:0048522', 'GO:0048870', 'GO:2000145']"
GO:BP,GO:0045785,positive regulation of cell adhesion,3.6379313744549224e-60,True,"""Any process that activates or increases the frequency, rate or extent of cell adhesion."" [GOC:go_curators]",483,492,98,20972,0.1991869918699187,0.2028985507246377,query_1,"['GO:0007155', 'GO:0030155', 'GO:0048522']"
GO:BP,GO:2000145,regulation of cell motility,5.652909880840626e-60,True,"""Any process that modulates the frequency, rate or extent of cell motility."" [GOC:mah]",1005,492,133,20972,0.2703252032520325,0.13233830845771144,query_1,"['GO:0040012', 'GO:0048870', 'GO:0050794']"
GO:BP,GO:0050789,regulation of biological process,6.470788619515385e-60,True,"""Any process that modulates the frequency, rate or extent of a biological process. Biological processes are regulated by many means; examples include the control of gene expression, protein modification or interaction with a protein or substrate molecule."" [GOC:ai, GOC:go_curators]",12397,492,454,20972,0.9227642276422764,0.03662176332983787,query_1,"['GO:0008150', 'GO:0065007']"
GO:BP,GO:0050867,positive regulation of cell activation,6.530077110250004e-60,True,"""Any process that activates or increases the frequency, rate or extent of activation."" [GOC:ai]",380,492,89,20972,0.18089430894308944,0.23421052631578948,query_1,"['GO:0001775', 'GO:0048522', 'GO:0050865', 'GO:0051240']"
GO:CC,GO:0097708,intracellular vesicle,1.6813915009578555e-59,True,"""Any vesicle that is part of the intracellular region."" [GOC:vesicles]",2556,497,200,22155,0.4024144869215292,0.0782472613458529,query_1,"['GO:0031982', 'GO:0043231']"
GO:BP,GO:1903037,regulation of leukocyte cell-cell adhesion,2.918684820969913e-59,True,"""Any process that modulates the frequency, rate or extent of leukocyte cell-cell adhesion."" [GO_REF:0000058, GOC:BHF, GOC:rl, GOC:TermGenie, PMID:21106532]",375,492,88,20972,0.17886178861788618,0.23466666666666666,query_1,"['GO:0007159', 'GO:0022407']"
GO:BP,GO:0051241,negative regulation of multicellular organismal process,3.9061753539846823e-59,True,"""Any process that stops, prevents, or reduces the frequency, rate or extent of an organismal process, the processes pertinent to the function of an organism above the cellular level; includes the integrated processes of tissues and organs."" [GOC:ai]",1091,492,137,20972,0.2784552845528455,0.12557286892758937,query_1,"['GO:0032501', 'GO:0048519', 'GO:0051239']"
GO:CC,GO:0031410,cytoplasmic vesicle,5.462744839474851e-59,True,"""A vesicle found in the cytoplasm of a cell."" [GOC:ai, GOC:mah, GOC:vesicles]",2548,497,199,22155,0.40040241448692154,0.07810047095761381,query_1,"['GO:0005737', 'GO:0097708']"
GO:BP,GO:0002699,positive regulation of immune effector process,5.5452874495858765e-59,True,"""Any process that activates or increases the frequency, rate, or extent of an immune effector process."" [GOC:add]",256,492,76,20972,0.15447154471544716,0.296875,query_1,"['GO:0002252', 'GO:0002684', 'GO:0002697']"
GO:BP,GO:0009967,positive regulation of signal transduction,1.2195941825669824e-57,True,"""Any process that activates or increases the frequency, rate or extent of signal transduction."" [GOC:sm]",1569,492,160,20972,0.3252032520325203,0.10197578075207138,query_1,"['GO:0007165', 'GO:0009966', 'GO:0010647', 'GO:0023056', 'GO:0048584']"
GO:BP,GO:0023056,positive regulation of signaling,5.748233436382776e-57,True,"""Any process that activates, maintains or increases the frequency, rate or extent of a signaling process."" [GOC:mtg_signal]",1779,492,169,20972,0.3434959349593496,0.09499718943226532,query_1,"['GO:0023051', 'GO:0023052', 'GO:0048518']"
GO:BP,GO:0065007,biological regulation,5.814184708107268e-57,True,"""Any process that modulates a measurable attribute of any biological process, quality or function."" [GOC:dph, GOC:isa_complete, GOC:mah, GOC:pr, GOC:vw]",12804,492,457,20972,0.9288617886178862,0.03569197125898157,query_1,['GO:0008150']
GO:BP,GO:0032103,positive regulation of response to external stimulus,7.069250440765548e-57,True,"""Any process that activates, maintains or increases the rate of a response to an external stimulus."" [GOC:mah]",645,492,107,20972,0.21747967479674796,0.16589147286821707,query_1,"['GO:0009605', 'GO:0032101', 'GO:0048584']"
GO:BP,GO:0002443,leukocyte mediated immunity,1.8902239731552945e-56,True,"""Any process involved in the carrying out of an immune response by a leukocyte."" [GO_REF:0000022, GOC:add, ISBN:0781735149]",475,492,94,20972,0.1910569105691057,0.19789473684210526,query_1,['GO:0002252']
GO:BP,GO:0060326,cell chemotaxis,2.2419712610345267e-56,True,"""The directed movement of a motile cell guided by a specific chemical concentration gradient. Movement may be towards a higher concentration (positive chemotaxis) or towards a lower concentration (negative chemotaxis)."" [GOC:dph]",315,492,80,20972,0.16260162601626016,0.25396825396825395,query_1,"['GO:0006935', 'GO:0016477', 'GO:0070887']"
GO:BP,GO:0042127,regulation of cell population proliferation,9.195087921269448e-56,True,"""Any process that modulates the frequency, rate or extent of cell proliferation."" [GOC:jl]",1639,492,161,20972,0.32723577235772355,0.09823062843197071,query_1,"['GO:0008283', 'GO:0050794']"
GO:BP,GO:0051251,positive regulation of lymphocyte activation,9.69525281542904e-56,True,"""Any process that activates or increases the frequency, rate or extent of lymphocyte activation."" [GOC:ai]",331,492,81,20972,0.16463414634146342,0.24471299093655588,query_1,"['GO:0002696', 'GO:0046649', 'GO:0051249']"
GO:BP,GO:0002703,regulation of leukocyte mediated immunity,1.2499077355591515e-55,True,"""Any process that modulates the frequency, rate, or extent of leukocyte mediated immunity."" [GOC:add]",252,492,73,20972,0.1483739837398374,0.2896825396825397,query_1,"['GO:0002443', 'GO:0002697']"
GO:BP,GO:0050794,regulation of cellular process,1.656569661571949e-55,True,"""Any process that modulates the frequency, rate or extent of a cellular process, any of those that are carried out at the cellular level, but are not necessarily restricted to a single cell. For example, cell communication occurs among more than one cell, but occurs at the cellular level."" [GOC:go_curators]",11962,492,442,20972,0.8983739837398373,0.03695034275204815,query_1,"['GO:0009987', 'GO:0050789']"
GO:BP,GO:0010647,positive regulation of cell communication,1.9658359047569844e-55,True,"""Any process that increases the frequency, rate or extent of cell communication. Cell communication is the process that mediates interactions between a cell and its surroundings. Encompasses interactions such as signaling or attachment between one cell and another cell, between a cell and an extracellular matrix, or between a cell and any other aspect of its environment."" [GOC:dph, GOC:tb]",1778,492,167,20972,0.3394308943089431,0.09392575928008999,query_1,"['GO:0007154', 'GO:0010646', 'GO:0048522']"
GO:BP,GO:0008284,positive regulation of cell population proliferation,3.283533990137944e-55,True,"""Any process that activates or increases the rate or extent of cell proliferation."" [GOC:go_curators]",923,492,123,20972,0.25,0.13326110509209102,query_1,"['GO:0008283', 'GO:0042127', 'GO:0048522']"
GO:BP,GO:0002250,adaptive immune response,3.62277544047939e-55,True,"""An immune response mediated by cells expressing specific receptors for antigens produced through a somatic diversification process, and allowing for an enhanced secondary response to subsequent exposures to the same antigen (immunological memory)."" [GO_REF:0000022, GOC:add, ISBN:0781735149]",761,492,113,20972,0.22967479674796748,0.14848883048620237,query_1,['GO:0006955']
GO:BP,GO:1901652,response to peptide,3.818194504026542e-55,True,"""Any process that results in a change in state or activity of a cell or an organism (in terms of movement, secretion, enzyme production, gene expression, etc.) as a result of a peptide stimulus."" [GOC:pr, GOC:TermGenie]",993,492,127,20972,0.258130081300813,0.12789526686807653,query_1,['GO:0042221']
GO:BP,GO:1903039,positive regulation of leukocyte cell-cell adhesion,5.6643048817501704e-55,True,"""Any process that activates or increases the frequency, rate or extent of leukocyte cell-cell adhesion."" [GO_REF:0000058, GOC:BHF, GOC:rl, GOC:TermGenie, PMID:21106532]",276,492,75,20972,0.1524390243902439,0.2717391304347826,query_1,"['GO:0007159', 'GO:0022409', 'GO:1903037']"
GO:BP,GO:0022407,regulation of cell-cell adhesion,6.476178239071436e-55,True,"""Any process that modulates the frequency, rate or extent of attachment of a cell to another cell."" [GOC:isa_complete]",493,492,94,20972,0.1910569105691057,0.19066937119675456,query_1,"['GO:0030155', 'GO:0098609']"
GO:BP,GO:0050863,regulation of T cell activation,1.2720094207463979e-54,True,"""Any process that modulates the frequency, rate or extent of T cell activation."" [GOC:ai]",386,492,85,20972,0.17276422764227642,0.22020725388601037,query_1,"['GO:0042110', 'GO:0051249']"
GO:BP,GO:0008283,cell population proliferation,1.4793377302450775e-54,True,"""The multiplication or reproduction of cells, resulting in the expansion of a cell population."" [GOC:mah, GOC:mb]",1961,492,174,20972,0.35365853658536583,0.0887302396736359,query_1,['GO:0009987']
GO:CC,GO:0070062,extracellular exosome,4.097941016730667e-54,True,"""A vesicle that is released into the extracellular region by fusion of the limiting endosomal membrane of a multivesicular body with the plasma membrane. Extracellular exosomes, also simply called exosomes, have a diameter of about 40-100 nm."" [GOC:BHF, GOC:mah, GOC:vesicles, PMID:15908444, PMID:17641064, PMID:19442504, PMID:19498381, PMID:22418571, PMID:24009894]",2111,497,175,22155,0.352112676056338,0.08289909995262909,query_1,"['GO:0005615', 'GO:1903561']"
GO:CC,GO:1903561,extracellular vesicle,6.062725451145833e-54,True,"""Any vesicle that is part of the extracellular region."" [GO_REF:0000064, GOC:pm, GOC:TermGenie, PMID:24769233]",2141,497,176,22155,0.35412474849094566,0.08220457730032694,query_1,"['GO:0031982', 'GO:0065010']"
GO:BP,GO:0002706,regulation of lymphocyte mediated immunity,6.178491099728869e-54,True,"""Any process that modulates the frequency, rate, or extent of lymphocyte mediated immunity."" [GOC:add]",193,492,65,20972,0.13211382113821138,0.33678756476683935,query_1,"['GO:0002449', 'GO:0002703']"
GO:CC,GO:0065010,extracellular membrane-bounded organelle,6.500328226488113e-54,True,"""Organized structure of distinctive morphology and function, bounded by a lipid bilayer membrane and occurring outside the cell."" [GOC:isa_complete]",2142,497,176,22155,0.35412474849094566,0.08216619981325864,query_1,"['GO:0043227', 'GO:0043230']"
GO:CC,GO:0043230,extracellular organelle,6.500328226488113e-54,True,"""Organized structure of distinctive morphology and function, occurring outside the cell. Includes, for example, extracellular membrane vesicles (EMVs) and the cellulosomes of anaerobic bacteria and fungi."" [GOC:jl, PMID:9914479]",2142,497,176,22155,0.35412474849094566,0.08216619981325864,query_1,"['GO:0005576', 'GO:0043226']"
GO:BP,GO:0034097,response to cytokine,3.53536107605745e-53,True,"""Any process that results in a change in state or activity of a cell or an organism (in terms of movement, secretion, enzyme production, gene expression, etc.) as a result of a cytokine stimulus."" [GOC:sl]",979,492,124,20972,0.25203252032520324,0.12665985699693566,query_1,['GO:1901652']
GO:BP,GO:0050870,positive regulation of T cell activation,1.1854425427232187e-52,True,"""Any process that activates or increases the frequency, rate or extent of T cell activation."" [GOC:ai]",255,492,71,20972,0.1443089430894309,0.2784313725490196,query_1,"['GO:0042110', 'GO:0050863', 'GO:0051251', 'GO:1903039']"
GO:BP,GO:0022409,positive regulation of cell-cell adhesion,1.7298084979953507e-52,True,"""Any process that activates or increases the rate or extent of cell adhesion to another cell."" [GOC:isa_complete]",328,492,78,20972,0.15853658536585366,0.23780487804878048,query_1,"['GO:0022407', 'GO:0045785', 'GO:0098609']"
GO:BP,GO:0070887,cellular response to chemical stimulus,2.9719358545449195e-52,True,"""Any process that results in a change in state or activity of a cell (in terms of movement, secretion, enzyme production, gene expression, etc.) as a result of a chemical stimulus."" [GOC:mah]",2199,492,181,20972,0.3678861788617886,0.08231014097316962,query_1,"['GO:0042221', 'GO:0051716']"
GO:MF,GO:0004888,transmembrane signaling receptor activity,8.31224568543446e-52,True,"""Combining with an extracellular or intracellular signal and transmitting the signal from one side of the membrane to the other to initiate a change in cell activity or state as part of signal transduction."" [GOC:go_curators, Wikipedia:Transmembrane_receptor]",1283,490,140,20208,0.2857142857142857,0.10911925175370225,query_1,['GO:0038023']
GO:BP,GO:0001819,positive regulation of cytokine production,8.534288631289913e-52,True,"""Any process that activates or increases the frequency, rate or extent of production of a cytokine."" [GOC:add, ISBN:0781735149]",492,492,91,20972,0.18495934959349594,0.18495934959349594,query_1,"['GO:0001816', 'GO:0001817', 'GO:0010628', 'GO:0051240']"
GO:BP,GO:0032943,mononuclear cell proliferation,1.3131907653966957e-50,True,"""The expansion of a mononuclear cell population by cell division. A mononuclear cell is a leukocyte with a single non-segmented nucleus in the mature form."" [GOC:add]",302,492,74,20972,0.15040650406504066,0.24503311258278146,query_1,['GO:0070661']
GO:BP,GO:0032944,regulation of mononuclear cell proliferation,1.9617631648168312e-50,True,"""Any process that modulates the frequency, rate or extent of mononuclear cell proliferation."" [GOC:add]",243,492,68,20972,0.13821138211382114,0.27983539094650206,query_1,"['GO:0032943', 'GO:0070663']"
GO:BP,GO:0046651,lymphocyte proliferation,3.333585458953481e-50,True,"""The expansion of a lymphocyte population by cell division."" [GOC:ai]",295,492,73,20972,0.1483739837398374,0.24745762711864408,query_1,"['GO:0032943', 'GO:0046649']"
GO:BP,GO:0070661,leukocyte proliferation,3.761541672489187e-50,True,"""The expansion of a leukocyte population by cell division."" [GOC:add]",339,492,77,20972,0.1565040650406504,0.22713864306784662,query_1,['GO:0008283']
GO:BP,GO:0050670,regulation of lymphocyte proliferation,1.0723177438474399e-49,True,"""Any process that modulates the frequency, rate or extent of lymphocyte proliferation."" [GOC:ai]",239,492,67,20972,0.13617886178861788,0.2803347280334728,query_1,"['GO:0032944', 'GO:0046651', 'GO:0051249']"
GO:BP,GO:0070663,regulation of leukocyte proliferation,1.269780251039246e-49,True,"""Any process that modulates the frequency, rate or extent of leukocyte proliferation."" [GOC:add, GOC:mah]",269,492,70,20972,0.14227642276422764,0.26022304832713755,query_1,"['GO:0042127', 'GO:0070661']"
GO:BP,GO:0071674,mononuclear cell migration,2.5391450324161382e-49,True,"""The movement of a mononuclear cell within or between different tissues and organs of the body."" [GOC:mah]",223,492,65,20972,0.13211382113821138,0.2914798206278027,query_1,['GO:0050900']
GO:MF,GO:0030545,signaling receptor regulator activity,8.441968242725993e-49,True,"""Binds to and modulates the activity of a receptor."" [GOC:ceb]",594,490,96,20208,0.19591836734693877,0.16161616161616163,query_1,['GO:0098772']
GO:BP,GO:0002449,lymphocyte mediated immunity,1.0631056340758484e-48,True,"""Any process involved in the carrying out of an immune response by a lymphocyte."" [GO_REF:0000022, GOC:add, ISBN:0781735149]",377,492,79,20972,0.16056910569105692,0.20954907161803712,query_1,['GO:0002443']
GO:MF,GO:0030546,signaling receptor activator activity,1.762043539068353e-48,True,"""The function of interacting (directly or indirectly) with receptors such that the proportion of receptors in the active form is increased."" [GOC:ceb]",556,490,93,20208,0.18979591836734694,0.1672661870503597,query_1,"['GO:0030545', 'GO:0140677']"
GO:BP,GO:2000026,regulation of multicellular organismal development,1.8270590685223065e-48,True,"""Any process that modulates the frequency, rate or extent of multicellular organismal development."" [GOC:obol]",1392,492,140,20972,0.2845528455284553,0.10057471264367816,query_1,"['GO:0007275', 'GO:0050793', 'GO:0051239']"
GO:MF,GO:0044877,protein-containing complex binding,2.9554770083856717e-48,True,"""Binding to a macromolecular complex."" [GOC:jl]",1252,490,134,20208,0.27346938775510204,0.10702875399361023,query_1,['GO:0005488']
GO:MF,GO:0048018,receptor ligand activity,4.6855469627273885e-48,True,"""The activity of a gene product that interacts with a receptor to effect a change in the activity of the receptor. Ligands may be produced by the same cell that expresses the receptor. Ligands may also be expressed at the plasma membrane of an adjacent cell (e.g. Notch ligands) or be secreted and diffuse extracellularly from their point of origin to the receiving cell (e.g. interleukins)."" [GOC:kv, GOC:molecular_function_refactoring, GOC:pdt]",548,490,92,20208,0.18775510204081633,0.1678832116788321,query_1,['GO:0030546']
GO:BP,GO:0010628,positive regulation of gene expression,5.630678760075971e-48,True,"""Any process that increases the frequency, rate or extent of gene expression. Gene expression is the process in which a gene's coding sequence is converted into a mature gene product (protein or RNA)."" [GOC:txnOH-2018]",1184,492,129,20972,0.2621951219512195,0.1089527027027027,query_1,"['GO:0010467', 'GO:0010468', 'GO:0010557']"
GO:BP,GO:0071345,cellular response to cytokine stimulus,6.580934792092203e-48,True,"""Any process that results in a change in state or activity of a cell (in terms of movement, secretion, enzyme production, gene expression, etc.) as a result of a cytokine stimulus."" [GOC:mah]",891,492,113,20972,0.22967479674796748,0.12682379349046016,query_1,['GO:0034097']
GO:BP,GO:1902533,positive regulation of intracellular signal transduction,4.059431289718702e-47,True,"""Any process that activates or increases the frequency, rate or extent of intracellular signal transduction."" [GOC:BHF, GOC:dph, GOC:signaling, GOC:tb, GOC:TermGenie]",1108,492,124,20972,0.25203252032520324,0.11191335740072202,query_1,"['GO:0009967', 'GO:0035556', 'GO:1902531']"
GO:BP,GO:0031347,regulation of defense response,1.4214470613238638e-46,True,"""Any process that modulates the frequency, rate or extent of a defense response."" [GOC:mah]",831,492,108,20972,0.21951219512195122,0.1299638989169675,query_1,"['GO:0006952', 'GO:0080134']"
GO:BP,GO:0030595,leukocyte chemotaxis,3.198238122514141e-46,True,"""The movement of a leukocyte in response to an external stimulus."" [GOC:add, GOC:jl]",227,492,63,20972,0.12804878048780488,0.2775330396475771,query_1,"['GO:0050900', 'GO:0060326']"
GO:MF,GO:0005178,integrin binding,6.143956440752953e-46,True,"""Binding to an integrin."" [GOC:ceb]",158,490,55,20208,0.11224489795918367,0.34810126582278483,query_1,"['GO:0005102', 'GO:0044877', 'GO:0050839']"
GO:BP,GO:0050793,regulation of developmental process,1.0016451650567965e-45,True,"""Any process that modulates the frequency, rate or extent of development, the biological process whose specific outcome is the progression of a multicellular organism over time from an initial condition (e.g. a zygote, or a young adult) to a later condition (e.g. a multicellular animal or an aged adult)."" [GOC:go_curators]",2431,492,181,20972,0.3678861788617886,0.07445495680789799,query_1,"['GO:0032502', 'GO:0050789']"
GO:CC,GO:0030141,secretory granule,1.6039897882992714e-45,True,"""A small subcellular vesicle, surrounded by a membrane, that is formed from the Golgi apparatus and contains a highly concentrated protein destined for secretion. Secretory granules move towards the periphery of the cell and upon stimulation, their membranes fuse with the cell membrane, and their protein load is exteriorized. Processing of the contained protein may take place in secretory granules."" [GOC:mah, ISBN:0198506732]",906,497,108,22155,0.21730382293762576,0.11920529801324503,query_1,"['GO:0012505', 'GO:0099503']"
GO:BP,GO:0002460,adaptive immune response based on somatic recombination of immune receptors built from immunoglobulin superfamily domains,2.0102219591591934e-45,True,"""An immune response mediated by lymphocytes expressing specific receptors for antigen produced through a somatic diversification process that includes somatic recombination of germline gene segments encoding immunoglobulin superfamily domains. Recombined receptors for antigen encoded by immunoglobulin superfamily domains include T cell receptors and immunoglobulins (antibodies) produced by B cells. The first encounter with antigen elicits a primary immune response that is slow and not of great magnitude. T and B cells selected by antigen become activated and undergo clonal expansion. A fraction of antigen-reactive T and B cells become memory cells, whereas others differentiate into effector cells. The memory cells generated during the primary response enable a much faster and stronger secondary immune response upon subsequent exposures to the same antigen (immunological memory). An example of this is the adaptive immune response found in Mus musculus."" [GOC:add, GOC:mtg_sensu, ISBN:0781735149, ISBN:1405196831]",389,492,77,20972,0.1565040650406504,0.19794344473007713,query_1,['GO:0002250']
GO:BP,GO:0002819,regulation of adaptive immune response,2.7297548630747702e-45,True,"""Any process that modulates the frequency, rate, or extent of an adaptive immune response."" [GOC:add]",215,492,61,20972,0.12398373983739837,0.2837209302325581,query_1,"['GO:0002250', 'GO:0050776']"
REAC,REAC:R-HSA-1474244,Extracellular matrix organization,3.2079462979574097e-45,True,Extracellular matrix organization,298,456,84,11056,0.18421052631578946,0.28187919463087246,query_1,['REAC:0000000']
GO:CC,GO:0043235,receptor complex,4.139480414940585e-45,True,"""Any protein complex that undergoes combination with a hormone, neurotransmitter, drug or intracellular messenger to initiate a change in cell function."" [GOC:go_curators]",532,497,85,22155,0.1710261569416499,0.15977443609022557,query_1,['GO:0032991']
KEGG,KEGG:04514,Cell adhesion molecule (CAM) interaction,5.782654748033643e-45,True,Cell adhesion molecule (CAM) interaction,155,416,66,8716,0.15865384615384615,0.4258064516129032,query_1,['KEGG:00000']
GO:BP,GO:0042129,regulation of T cell proliferation,7.721919994064554e-45,True,"""Any process that modulates the frequency, rate or extent of T cell proliferation."" [GOC:jl]",182,492,57,20972,0.11585365853658537,0.3131868131868132,query_1,"['GO:0042098', 'GO:0050670', 'GO:0050863']"
GO:BP,GO:0002822,regulation of adaptive immune response based on somatic recombination of immune receptors built from immunoglobulin superfamily domains,8.352947462564934e-45,True,"""Any process that modulates the frequency, rate, or extent of an adaptive immune response based on somatic recombination of immune receptors built from immunoglobulin superfamily domains. An example of this process is found in the Gnathostomata."" [GOC:add, GOC:mtg_sensu]",200,492,59,20972,0.11991869918699187,0.295,query_1,"['GO:0002460', 'GO:0002819']"
GO:BP,GO:0002683,negative regulation of immune system process,1.965153848441663e-44,True,"""Any process that stops, prevents, or reduces the frequency, rate, or extent of an immune system process."" [GOC:add]",522,492,86,20972,0.17479674796747968,0.16475095785440613,query_1,"['GO:0002376', 'GO:0002682', 'GO:0048519']"
GO:BP,GO:0141124,intracellular signaling cassette,2.3735062731413156e-44,True,"""An intracellular signaling module that is part of larger signaling pathways that can be initiated either intracellularly or by cell surface receptors. Intracellular signaling cassettes are discrete signaling units that are often shared by multiple signaling pathways."" [GOC:ha, GOC:pg]",1866,492,156,20972,0.3170731707317073,0.08360128617363344,query_1,['GO:0035556']
GO:BP,GO:0140546,defense response to symbiont,3.4524700436506774e-44,True,"""Reactions triggered in response to the presence of a symbiont that act to protect or prevent damage to the host."" [GOC:pg]",1100,492,120,20972,0.24390243902439024,0.10909090909090909,query_1,['GO:0098542']
GO:BP,GO:0042098,T cell proliferation,3.7253588365932372e-44,True,"""The expansion of a T cell population by cell division. Follows T cell activation."" [GOC:jl]",214,492,60,20972,0.12195121951219512,0.2803738317757009,query_1,"['GO:0042110', 'GO:0046651']"
GO:BP,GO:0098542,defense response to other organism,4.051369433954474e-44,True,"""Reactions triggered in response to the presence of another organism that act to protect the cell or organism from damage caused by that organism."" [GOC:dos]",1121,492,121,20972,0.2459349593495935,0.1079393398751115,query_1,"['GO:0006952', 'GO:0051707']"
GO:BP,GO:0080134,regulation of response to stress,6.167442555880191e-44,True,"""Any process that modulates the frequency, rate or extent of a response to stress. Response to stress is a change in state or activity of a cell or an organism (in terms of movement, secretion, enzyme production, gene expression, etc.) as a result of a disturbance in organismal or cellular homeostasis, usually, but not necessarily, exogenous (e.g. temperature, humidity, ionizing radiation)."" [GOC:dhl]",1410,492,135,20972,0.27439024390243905,0.09574468085106383,query_1,"['GO:0006950', 'GO:0048583']"
REAC,REAC:R-HSA-198933,Immunoregulatory interactions between a Lymphoid and a non-Lymphoid cell,7.101578697300482e-44,True,Immunoregulatory interactions between a Lymphoid and a non-Lymphoid cell,182,456,67,11056,0.14692982456140352,0.36813186813186816,query_1,['REAC:R-HSA-1280218']
GO:BP,GO:0006897,endocytosis,3.304481722150921e-43,True,"""A vesicle-mediated transport process in which cells take up external materials or membrane constituents by the invagination of a part of the plasma membrane to form a new membrane-bounded vesicle."" [GOC:mah, ISBN:0198506732, ISBN:0716731363, Wikipedia:Endocytosis]",694,492,96,20972,0.1951219512195122,0.138328530259366,query_1,"['GO:0016192', 'GO:0098657']"
GO:BP,GO:0002274,myeloid leukocyte activation,5.531265603248934e-43,True,"""A change in the morphology or behavior of a myeloid leukocyte resulting from exposure to an activating factor such as a cellular or soluble ligand."" [GOC:add, ISBN:0781735149]",243,492,62,20972,0.12601626016260162,0.2551440329218107,query_1,['GO:0045321']
GO:BP,GO:0009617,response to bacterium,9.969659911295206e-43,True,"""Any process that results in a change in state or activity of a cell or an organism (in terms of movement, secretion, enzyme production, gene expression, etc.) as a result of a stimulus from a bacterium."" [GOC:hb]",719,492,97,20972,0.19715447154471544,0.1349095966620306,query_1,['GO:0051707']
GO:BP,GO:0019221,cytokine-mediated signaling pathway,1.3255568140540999e-42,True,"""The series of molecular signals initiated by the binding of a cytokine to a receptor on the surface of a cell, and ending with the regulation of a downstream cellular process, e.g. transcription."" [GOC:mah, GOC:signaling, PMID:19295629]",564,492,87,20972,0.17682926829268292,0.15425531914893617,query_1,"['GO:0007166', 'GO:0071345']"
GO:CC,GO:0012505,endomembrane system,1.3609897048415486e-42,True,"""A collection of membranous structures involved in transport within the cell. The main components of the endomembrane system are endoplasmic reticulum, Golgi bodies, vesicles, cell membrane and nuclear envelope. Members of the endomembrane system pass materials through each other or though the use of vesicles."" [GOC:lh]",4949,497,253,22155,0.5090543259557344,0.05112143867447969,query_1,['GO:0110165']
GO:BP,GO:0002521,leukocyte differentiation,1.995451918400641e-42,True,"""The process in which a relatively unspecialized hemopoietic precursor cell acquires the specialized features of a leukocyte. A leukocyte is an achromatic cell of the myeloid or lymphoid lineages capable of ameboid movement, found in blood or other tissue."" [CL:0000738, GOC:add, PMID:16551264]",628,492,91,20972,0.18495934959349594,0.1449044585987261,query_1,"['GO:0030097', 'GO:0030154']"
GO:BP,GO:1903131,mononuclear cell differentiation,2.1285676336648375e-42,True,"""The process in which a relatively unspecialized cell acquires the specialized features of a mononuclear cell."" [CL:0000842, GO_REF:0000086, GOC:TermGenie, PMID:24759906]",523,492,84,20972,0.17073170731707318,0.16061185468451242,query_1,['GO:0002521']
REAC,REAC:R-HSA-216083,Integrin cell surface interactions,3.0563058841322025e-42,True,Integrin cell surface interactions,84,456,48,11056,0.10526315789473684,0.5714285714285714,query_1,['REAC:R-HSA-1474244']
GO:BP,GO:0030154,cell differentiation,7.172475994086151e-42,True,"""The cellular developmental process in which a relatively unspecialized cell, e.g. embryonic or regenerative cell, acquires specialized structural and/or functional features that characterize a specific cell. Differentiation includes the processes involved in commitment of a cell to a specific fate and its subsequent development to the mature state."" [ISBN:0198506732]",4443,492,244,20972,0.4959349593495935,0.05491784830069773,query_1,['GO:0048869']
GO:BP,GO:0048869,cellular developmental process,7.476080469991471e-42,True,"""A biological process whose specific outcome is the progression of a cell over time from an initial condition to a later condition."" [GOC:isa_complete]",4444,492,244,20972,0.4959349593495935,0.05490549054905491,query_1,"['GO:0009987', 'GO:0032502']"
GO:BP,GO:0051094,positive regulation of developmental process,1.1564259894109104e-41,True,"""Any process that activates or increases the rate or extent of development, the biological process whose specific outcome is the progression of an organism over time from an initial condition (e.g. a zygote, or a young adult) to a later condition (e.g. a multicellular animal or an aged adult)."" [GOC:ai]",1305,492,127,20972,0.258130081300813,0.09731800766283524,query_1,"['GO:0032502', 'GO:0048518', 'GO:0050793']"
GO:BP,GO:0023051,regulation of signaling,1.8134401912263496e-41,True,"""Any process that modulates the frequency, rate or extent of a signaling process."" [GOC:mtg_signal]",3473,492,212,20972,0.43089430894308944,0.061042326518859776,query_1,"['GO:0023052', 'GO:0050789']"
GO:BP,GO:0097529,myeloid leukocyte migration,2.940173331962698e-41,True,"""The movement of a myeloid leukocyte within or between different tissues and organs of the body."" [GOC:cvs, PMID:22342843, PMID:24157461]",227,492,59,20972,0.11991869918699187,0.2599118942731278,query_1,['GO:0050900']
GO:BP,GO:0009966,regulation of signal transduction,4.860531902464157e-41,True,"""Any process that modulates the frequency, rate or extent of signal transduction."" [GOC:sm]",3031,492,196,20972,0.3983739837398374,0.06466512702078522,query_1,"['GO:0007165', 'GO:0010646', 'GO:0023051', 'GO:0048583']"
GO:BP,GO:0032946,positive regulation of mononuclear cell proliferation,7.54707698731322e-41,True,"""Any process that activates or increases the frequency, rate or extent of mononuclear cell proliferation."" [GOC:add]",148,492,50,20972,0.1016260162601626,0.33783783783783783,query_1,"['GO:0032943', 'GO:0032944', 'GO:0070665']"
GO:BP,GO:0010646,regulation of cell communication,1.0031452878984352e-40,True,"""Any process that modulates the frequency, rate or extent of cell communication. Cell communication is the process that mediates interactions between a cell and its surroundings. Encompasses interactions such as signaling or attachment between one cell and another cell, between a cell and an extracellular matrix, or between a cell and any other aspect of its environment."" [GOC:dph, GOC:tb]",3480,492,211,20972,0.42886178861788615,0.06063218390804598,query_1,"['GO:0007154', 'GO:0050794']"
GO:BP,GO:0002705,positive regulation of leukocyte mediated immunity,1.11225839870297e-40,True,"""Any process that activates or increases the frequency, rate, or extent of leukocyte mediated immunity."" [GOC:add]",149,492,50,20972,0.1016260162601626,0.33557046979865773,query_1,"['GO:0002443', 'GO:0002699', 'GO:0002703']"
GO:BP,GO:0045087,innate immune response,2.2132582588599144e-40,True,"""Innate immune responses are defense responses mediated by germline encoded components that directly recognize components of potential pathogens."" [GO_REF:0000022, GOC:add, GOC:ebc, GOC:mtg_sensu]",1018,492,111,20972,0.22560975609756098,0.10903732809430255,query_1,"['GO:0006955', 'GO:0140546']"
KEGG,KEGG:04060,Cytokine-cytokine receptor interaction,2.947588361123258e-40,True,Cytokine-cytokine receptor interaction,291,416,82,8716,0.1971153846153846,0.281786941580756,query_1,['KEGG:00000']
GO:BP,GO:0002708,positive regulation of lymphocyte mediated immunity,4.970072419871859e-40,True,"""Any process that activates or increases the frequency, rate, or extent of lymphocyte mediated immunity."" [GOC:add]",129,492,47,20972,0.09552845528455285,0.3643410852713178,query_1,"['GO:0002449', 'GO:0002705', 'GO:0002706']"
WP,WP:WP5473,Cytokine cytokine receptor interaction,6.298728670629742e-40,True,Cytokine cytokine receptor interaction,254,410,76,8899,0.18536585365853658,0.2992125984251969,query_1,['WP:000000']
GO:BP,GO:0050671,positive regulation of lymphocyte proliferation,8.168403860246554e-40,True,"""Any process that activates or increases the rate or extent of lymphocyte proliferation."" [GOC:ai]",146,492,49,20972,0.09959349593495935,0.3356164383561644,query_1,"['GO:0032946', 'GO:0046651', 'GO:0050670', 'GO:0051251']"
GO:CC,GO:0099503,secretory vesicle,1.3683599015932796e-39,True,"""A cytoplasmic, membrane bound vesicle that is capable of fusing to the plasma membrane to release its contents into the extracellular space."" [GOC:dos]",1084,497,110,22155,0.22132796780684105,0.1014760147601476,query_1,['GO:0031410']
GO:BP,GO:0002237,response to molecule of bacterial origin,1.4993061263258006e-39,True,"""Any process that results in a change in state or activity of an organism (in terms of movement, secretion, enzyme production, gene expression, etc.) as a result of a stimulus by molecules of bacterial origin such as peptides derived from bacterial flagellin."" [GOC:rl, GOC:sm]",345,492,68,20972,0.13821138211382114,0.19710144927536233,query_1,"['GO:0009617', 'GO:0043207']"
GO:BP,GO:1901700,response to oxygen-containing compound,1.69128802985601e-39,True,"""Any process that results in a change in state or activity of a cell or an organism (in terms of movement, secretion, enzyme production, gene expression, etc.) as a result of an oxygen-containing compound stimulus."" [GOC:pr, GOC:TermGenie]",1632,492,139,20972,0.28252032520325204,0.08517156862745098,query_1,['GO:0042221']
GO:CC,GO:0012506,vesicle membrane,1.7843253996236697e-39,True,"""The lipid bilayer surrounding any membrane-bounded vesicle in the cell."" [GOC:mah, GOC:vesicle]",1276,497,119,22155,0.23943661971830985,0.0932601880877743,query_1,"['GO:0031090', 'GO:0031982']"
GO:CC,GO:0030659,cytoplasmic vesicle membrane,2.189409089655072e-39,True,"""The lipid bilayer surrounding a cytoplasmic vesicle."" [GOC:mah]",1257,497,118,22155,0.23742454728370221,0.09387430389817025,query_1,"['GO:0012506', 'GO:0031410']"
GO:BP,GO:0070665,positive regulation of leukocyte proliferation,2.493556261819e-39,True,"""Any process that activates or increases the frequency, rate or extent of leukocyte proliferation."" [GOC:add, GOC:mah]",166,492,51,20972,0.10365853658536585,0.3072289156626506,query_1,"['GO:0008284', 'GO:0070661', 'GO:0070663']"
GO:BP,GO:0048856,anatomical structure development,3.6279354701633984e-39,True,"""The biological process whose specific outcome is the progression of an anatomical structure from an initial condition to its mature state. This process begins with the formation of the structure and ends with the mature structure, whatever form that may be including its natural destruction. An anatomical structure is any biological entity that occupies space and is distinguished from its surroundings. Anatomical structures can be macroscopic such as a carpel, or microscopic such as an acrosome."" [GO_REF:0000021]",5948,492,283,20972,0.5752032520325203,0.04757901815736382,query_1,['GO:0032502']
GO:BP,GO:0048468,cell development,4.78854368306635e-39,True,"""The cellular developmental process in which a specific cell progresses from an immature to a mature state. Cell development start once cell commitment has taken place."" [GOC:go_curators]",2842,492,186,20972,0.3780487804878049,0.06544686840253343,query_1,"['GO:0030154', 'GO:0048856', 'GO:0048869']"
GO:BP,GO:0002685,regulation of leukocyte migration,5.8708273612639695e-39,True,"""Any process that modulates the frequency, rate, or extent of leukocyte migration."" [GOC:add]",226,492,57,20972,0.11585365853658537,0.252212389380531,query_1,"['GO:0002682', 'GO:0030334', 'GO:0050900']"
GO:BP,GO:0007275,multicellular organism development,1.0343132988070599e-38,True,"""The biological process whose specific outcome is the progression of a multicellular organism over time from an initial condition (e.g. a zygote or a young adult) to a later condition (e.g. a multicellular animal or an aged adult)."" [GOC:dph, GOC:ems, GOC:isa_complete, GOC:tb]",4690,492,246,20972,0.5,0.052452025586353944,query_1,"['GO:0032501', 'GO:0048856']"
GO:BP,GO:0002687,positive regulation of leukocyte migration,1.1810816423611012e-37,True,"""Any process that activates or increases the frequency, rate, or extent of leukocyte migration."" [GOC:add]",151,492,48,20972,0.0975609756097561,0.31788079470198677,query_1,"['GO:0002684', 'GO:0002685', 'GO:0030335', 'GO:0050900']"
GO:MF,GO:0140375,immune receptor activity,2.492828591944974e-37,True,"""Receiving a signal and transmitting it in a cell to initiate an immune response."" [PMID:31415752, Wikipedia:Immune_receptor]",153,490,48,20208,0.09795918367346938,0.3137254901960784,query_1,['GO:0038023']
GO:BP,GO:0044409,symbiont entry into host,3.200589655130786e-37,True,"""Entry of a symbiont into the body, tissues, or cells of a host organism as part of the symbiont life cycle. The host is defined as the larger of the organisms involved in a symbiotic interaction."" [GOC:vw]",137,492,46,20972,0.09349593495934959,0.3357664233576642,query_1,['GO:0051701']
GO:BP,GO:0002764,immune response-regulating signaling pathway,4.169896494643248e-37,True,"""The cascade of processes by which a signal interacts with a receptor, causing a change in the level or activity of a second messenger or other downstream target, and ultimately leading to the activation, perpetuation, or inhibition of an immune response."" [GOC:add, ISBN:0781735149, PMID:15771571]",562,492,81,20972,0.16463414634146342,0.14412811387900357,query_1,"['GO:0007165', 'GO:0050776']"
GO:BP,GO:0060284,regulation of cell development,5.040219871280623e-37,True,"""Any process that modulates the rate, frequency or extent of the progression of the cell over time, from its formation to the mature structure. Cell development does not include the steps involved in committing a cell to a specific fate."" [GOC:dph, GOC:tb]",816,492,96,20972,0.1951219512195122,0.11764705882352941,query_1,"['GO:0045595', 'GO:0048468']"
GO:BP,GO:0046718,symbiont entry into host cell,1.069952971884371e-36,True,"""The process by which a symbiont breaches the plasma membrane or cell envelope and enters the host cell. The process ends when the symbiont or its genome is released into the host cell."" [GOC:jl]",132,492,45,20972,0.09146341463414634,0.3409090909090909,query_1,"['GO:0019058', 'GO:0044409']"
GO:BP,GO:0002263,cell activation involved in immune response,2.4345701419256647e-36,True,"""A change in the morphology or behavior of a cell resulting from exposure to an activating factor such as a cellular or soluble ligand, leading to the initiation or perpetuation of an immune response."" [GO_REF:0000022, GOC:add, ISBN:0781735149]",308,492,62,20972,0.12601626016260162,0.2012987012987013,query_1,"['GO:0001775', 'GO:0002252', 'GO:0006955']"
GO:BP,GO:0042102,positive regulation of T cell proliferation,2.901271498267614e-36,True,"""Any process that activates or increases the rate or extent of T cell proliferation."" [GOC:ai]",104,492,41,20972,0.08333333333333333,0.3942307692307692,query_1,"['GO:0042098', 'GO:0042129', 'GO:0050671', 'GO:0050870']"
GO:BP,GO:0030097,hemopoiesis,5.450061260556956e-36,True,"""The process whose specific outcome is the progression of the myeloid and lymphoid derived organ/tissue systems of the blood and other parts of the body over time, from formation to the mature structure. The site of hemopoiesis is variable during development, but occurs primarily in bone marrow or kidney in many adult vertebrates."" [GOC:dgh, ISBN:0198506732]",971,492,103,20972,0.20934959349593496,0.10607621009268794,query_1,['GO:0048468']
GO:MF,GO:0050839,cell adhesion molecule binding,8.892463742699341e-36,True,"""Binding to a cell adhesion molecule."" [GOC:ai]",563,490,80,20208,0.16326530612244897,0.14209591474245115,query_1,['GO:0005515']
GO:BP,GO:0032502,developmental process,1.6509737403887228e-35,True,"""A biological process whose specific outcome is the progression of an integrated living unit: an anatomical structure (which may be a subcellular structure, cell, tissue, or organ), or organism over time from an initial condition to a later condition."" [GOC:isa_complete]",6535,492,292,20972,0.5934959349593496,0.04468247895944912,query_1,['GO:0008150']
GO:BP,GO:0071677,positive regulation of mononuclear cell migration,5.429713760755847e-35,True,"""Any process that increases the rate, frequency or extent of mononuclear cell migration. Mononuclear cell migration is the movement of a mononuclear cell within or between different tissues and organs of the body."" [GOC:mah]",96,492,39,20972,0.07926829268292683,0.40625,query_1,"['GO:0002687', 'GO:0071674', 'GO:0071675']"
GO:BP,GO:0098657,import into cell,5.878711285462079e-35,True,"""The directed movement of some substance from outside of a cell into a cell. This may occur via transport across the plasma membrane or via endocytosis."" [GOC:dos]",958,492,101,20972,0.20528455284552846,0.10542797494780794,query_1,['GO:0006810']
GO:MF,GO:0005515,protein binding,6.306111040681075e-35,True,"""Binding to a protein."" [GOC:go_curators]",15082,490,470,20208,0.9591836734693877,0.03116297573266145,query_1,['GO:0005488']
GO:BP,GO:0032496,response to lipopolysaccharide,8.390662574177207e-35,True,"""Any process that results in a change in state or activity of an organism (in terms of movement, secretion, enzyme production, gene expression, etc.) as a result of a lipopolysaccharide stimulus; lipopolysaccharide is a major component of the cell wall of gram-negative bacteria."" [GOC:add, ISBN:0721601464]",326,492,62,20972,0.12601626016260162,0.1901840490797546,query_1,"['GO:0002237', 'GO:0033993', 'GO:1901700']"
GO:BP,GO:0031341,regulation of cell killing,8.407836211750352e-35,True,"""Any process that modulates the frequency, rate or extent of cell killing, the process in which a cell brings about the death of another cell, either in the same or a different organism."" [GOC:mah]",104,492,40,20972,0.08130081300813008,0.38461538461538464,query_1,"['GO:0001906', 'GO:0050794']"
GO:BP,GO:0001944,vasculature development,9.634767747503352e-35,True,"""The process whose specific outcome is the progression of the vasculature over time, from its formation to the mature structure. The vasculature is an interconnected tubular multi-tissue structure that contains fluid that is actively transported around the organism."" [GOC:dph, UBERON:0002409]",758,492,90,20972,0.18292682926829268,0.11873350923482849,query_1,"['GO:0048731', 'GO:0072359']"
GO:BP,GO:0002366,leukocyte activation involved in immune response,1.5085154600949583e-34,True,"""A change in morphology and behavior of a leukocyte resulting from exposure to a specific antigen, mitogen, cytokine, cellular ligand, or soluble factor, leading to the initiation or perpetuation of an immune response."" [GOC:add, ISBN:0781735149]",304,492,60,20972,0.12195121951219512,0.19736842105263158,query_1,"['GO:0002263', 'GO:0045321']"
GO:BP,GO:0050866,negative regulation of cell activation,1.6703080912699515e-34,True,"""Any process that stops, prevents, or reduces the frequency, rate or extent of cell activation."" [GOC:ai]",213,492,52,20972,0.10569105691056911,0.24413145539906103,query_1,"['GO:0001775', 'GO:0048523', 'GO:0050865', 'GO:0051241']"
GO:BP,GO:0045595,regulation of cell differentiation,2.0558910203997575e-34,True,"""Any process that modulates the frequency, rate or extent of cell differentiation, the process in which relatively unspecialized cells acquire specialized structural and functional features."" [GOC:go_curators]",1549,492,128,20972,0.2601626016260163,0.08263395739186571,query_1,"['GO:0030154', 'GO:0050793', 'GO:0050794']"
GO:MF,GO:0001618,virus receptor activity,5.378831365715544e-34,True,"""Combining with a virus component and mediating entry of the virus into the cell."" [GOC:bf, GOC:dph, PMID:7621403, UniProtKB-KW:KW-1183]",81,490,36,20208,0.07346938775510205,0.4444444444444444,query_1,['GO:0140272']
GO:MF,GO:0140272,exogenous protein binding,9.378087030839544e-34,True,"""Binding to a protein or protein complex from a different species, for example a pathogen molecule binding to a host protein."" [PMID:28861068]",82,490,36,20208,0.07346938775510205,0.43902439024390244,query_1,['GO:0005515']
GO:BP,GO:0071675,regulation of mononuclear cell migration,9.567924249605328e-34,True,"""Any process that modulates the rate, frequency or extent of mononuclear cell migration. Mononuclear cell migration is the movement of a mononuclear cell within or between different tissues and organs of the body."" [GOC:mah]",142,492,44,20972,0.08943089430894309,0.30985915492957744,query_1,"['GO:0002685', 'GO:0071674']"
GO:BP,GO:0001568,blood vessel development,1.0481216309269863e-33,True,"""The process whose specific outcome is the progression of a blood vessel over time, from its formation to the mature structure. The blood vessel is the vasculature carrying blood."" [GOC:hjd, UBERON:0001981]",727,492,87,20972,0.17682926829268292,0.11966987620357634,query_1,"['GO:0001944', 'GO:0048856']"
GO:BP,GO:0044403,biological process involved in symbiotic interaction,1.3499159365376558e-33,True,"""A process carried out by gene products in an organism that enable the organism to engage in a symbiotic relationship, a more or less intimate association, with another organism. The various forms of symbiosis include parasitism, in which the association is disadvantageous or destructive to one of the organisms; mutualism, in which the association is advantageous, or often necessary to one or both and not harmful to either; and commensalism, in which one member of the association benefits while the other is not affected. However, mutualism, parasitism, and commensalism are often not discrete categories of interactions and should rather be perceived as a continuum of interaction ranging from parasitism to mutualism. In fact, the direction of a symbiotic interaction can change during the lifetime of the symbionts due to developmental changes as well as changes in the biotic/abiotic environment in which the interaction occurs. Microscopic symbionts are often referred to as endosymbionts."" [GOC:cc, PMID:31257129]",190,492,49,20972,0.09959349593495935,0.2578947368421053,query_1,['GO:0044419']
GO:BP,GO:0001525,angiogenesis,1.679924050587483e-33,True,"""Blood vessel formation when new vessels emerge from the proliferation of pre-existing blood vessels."" [ISBN:0878932453]",546,492,76,20972,0.15447154471544716,0.1391941391941392,query_1,"['GO:0048514', 'GO:0048646']"
GO:BP,GO:0030098,lymphocyte differentiation,2.3443832887306966e-33,True,"""The process in which a relatively unspecialized precursor cell acquires specialized features of a lymphocyte. A lymphocyte is a leukocyte commonly found in the blood and lymph that has the characteristics of a large nucleus, a neutral staining cytoplasm, and prominent heterochromatin."" [CL:0000542, GOC:go_curators]",427,492,68,20972,0.13821138211382114,0.1592505854800937,query_1,"['GO:0046649', 'GO:1903131']"
GO:BP,GO:0002253,activation of immune response,2.392770340943537e-33,True,"""Any process that initiates an immune response."" [GO_REF:0000022, GOC:add, ISBN:0781735149]",581,492,78,20972,0.15853658536585366,0.1342512908777969,query_1,"['GO:0002376', 'GO:0050778']"
GO:MF,GO:0140677,molecular function activator activity,2.6019617930871676e-33,True,"""A molecular function regulator that activates or increases the activity of its target via non-covalent binding that does not result in covalent modification to the target."" [GOC:curators]",1209,490,112,20208,0.22857142857142856,0.09263854425144748,query_1,['GO:0098772']
GO:BP,GO:0048514,blood vessel morphogenesis,2.7810457052933365e-33,True,"""The process in which the anatomical structures of blood vessels are generated and organized. The blood vessel is the vasculature carrying blood."" [GOC:jid]",632,492,81,20972,0.16463414634146342,0.1281645569620253,query_1,"['GO:0001568', 'GO:0035239']"
GO:BP,GO:0048646,anatomical structure formation involved in morphogenesis,3.6610555001671e-33,True,"""The developmental process pertaining to the initial formation of an anatomical structure from unspecified parts. This process begins with the specific processes that contribute to the appearance of the discrete structure and ends when the structural rudiment is recognizable. An anatomical structure is any biological entity that occupies space and is distinguished from its surroundings. Anatomical structures can be macroscopic such as a carpel, or microscopic such as an acrosome."" [GOC:dph, GOC:jid, GOC:tb]",1190,492,110,20972,0.22357723577235772,0.09243697478991597,query_1,"['GO:0009653', 'GO:0032502']"
KEGG,KEGG:04061,Viral protein interaction with cytokine and cytokine receptor,3.891945273058491e-33,True,Viral protein interaction with cytokine and cytokine receptor,98,416,46,8716,0.11057692307692307,0.46938775510204084,query_1,['KEGG:00000']
KEGG,KEGG:04640,Hematopoietic cell lineage,3.942758613916379e-33,True,Hematopoietic cell lineage,93,416,45,8716,0.10817307692307693,0.4838709677419355,query_1,['KEGG:00000']
GO:MF,GO:0019955,cytokine binding,6.633325526204221e-33,True,"""Binding to a cytokine, any of a group of proteins that function to control the survival, growth and differentiation of tissues and cells, and which have autocrine and paracrine activity."" [GOC:ai, GOC:bf, ISBN:0198599471]",148,490,44,20208,0.08979591836734693,0.2972972972972973,query_1,['GO:0005515']
GO:BP,GO:0051701,biological process involved in interaction with host,7.000263021459792e-33,True,"""An interaction between two organisms living together in more or less intimate association. The term host is used for the larger (macro) of the two members of a symbiosis; the various forms of symbiosis include parasitism, commensalism and mutualism."" [GOC:cc]",176,492,47,20972,0.09552845528455285,0.26704545454545453,query_1,['GO:0044403']
REAC,REAC:R-HSA-1280215,Cytokine Signaling in Immune system,7.256051204329548e-33,True,Cytokine Signaling in Immune system,780,456,115,11056,0.25219298245614036,0.14743589743589744,query_1,['REAC:R-HSA-168256']
GO:BP,GO:1902531,regulation of intracellular signal transduction,7.892978675380965e-33,True,"""Any process that modulates the frequency, rate or extent of intracellular signal transduction."" [GOC:dph, GOC:signaling, GOC:tb, GOC:TermGenie]",1945,492,142,20972,0.2886178861788618,0.07300771208226221,query_1,"['GO:0009966', 'GO:0035556']"
GO:BP,GO:0032102,negative regulation of response to external stimulus,9.097014147141053e-33,True,"""Any process that stops, prevents, or reduces the frequency, rate or extent of a response to an external stimulus."" [GOC:mah]",393,492,65,20972,0.13211382113821138,0.16539440203562342,query_1,"['GO:0009605', 'GO:0032101', 'GO:0048585']"
GO:BP,GO:0033993,response to lipid,1.1438609451521733e-32,True,"""Any process that results in a change in state or activity of a cell or an organism (in terms of movement, secretion, enzyme production, gene expression, etc.) as a result of a lipid stimulus."" [GOC:sl]",880,492,94,20972,0.1910569105691057,0.10681818181818181,query_1,['GO:0042221']
GO:BP,GO:0001910,regulation of leukocyte mediated cytotoxicity,1.8652180828246026e-32,True,"""Any process that modulates the frequency, rate, or extent of leukocyte mediated cytotoxicity."" [GOC:add, ISBN:0781735149, PMID:11911826]",94,492,37,20972,0.07520325203252033,0.39361702127659576,query_1,"['GO:0001909', 'GO:0002703', 'GO:0031341']"
GO:BP,GO:0002768,immune response-regulating cell surface receptor signaling pathway,1.9792976202040605e-32,True,"""The series of molecular signals initiated by an extracellular ligand binding to a receptor on the surface of the target cell capable of activating, perpetuating, or inhibiting an immune response."" [GOC:add, ISBN:0781735149, PMID:15771571]",343,492,61,20972,0.12398373983739837,0.17784256559766765,query_1,"['GO:0002764', 'GO:0007166']"
GO:BP,GO:0035556,intracellular signal transduction,2.014005615118181e-32,True,"""The process in which a signal is passed on to downstream components within the cell, which become activated themselves to further propagate the signal and finally trigger a change in the function or state of the cell."" [GOC:bf, GOC:jl, GOC:signaling, ISBN:3527303782]",2963,492,179,20972,0.3638211382113821,0.060411744853189335,query_1,['GO:0007165']
GO:CC,GO:0045121,membrane raft,2.128427800520457e-32,True,"""Any of the small (10-200 nm), heterogeneous, highly dynamic, sterol- and sphingolipid-enriched membrane domains that compartmentalize cellular processes. Small rafts can sometimes be stabilized to form larger platforms through protein-protein and protein-lipid interactions."" [PMID:16645198, PMID:20044567]",289,497,55,22155,0.11066398390342053,0.1903114186851211,query_1,['GO:0098857']
GO:BP,GO:0050920,regulation of chemotaxis,2.537393092761541e-32,True,"""Any process that modulates the frequency, rate or extent of the directed movement of a motile cell or organism in response to a specific chemical concentration gradient."" [GOC:ai]",201,492,49,20972,0.09959349593495935,0.24378109452736318,query_1,"['GO:0006935', 'GO:0032101', 'GO:0040012']"
GO:CC,GO:0098857,membrane microdomain,3.1116062422089527e-32,True,"""A membrane region with a lipid composition that is distinct from that of the membrane regions that surround it."" [PMID:20044567, PMID:26253820]",291,497,55,22155,0.11066398390342053,0.18900343642611683,query_1,['GO:0016020']
GO:BP,GO:0009611,response to wounding,3.4584972703100147e-32,True,"""Any process that results in a change in state or activity of a cell or an organism (in terms of movement, secretion, enzyme production, gene expression, etc.) as a result of a stimulus indicating damage to the organism."" [GOC:go_curators]",570,492,76,20972,0.15447154471544716,0.13333333333333333,query_1,['GO:0006950']
GO:BP,GO:0002700,regulation of production of molecular mediator of immune response,1.0422230607288152e-31,True,"""Any process that modulates the frequency, rate, or extent of the production of molecular mediator of immune response."" [GOC:add]",196,492,48,20972,0.0975609756097561,0.24489795918367346,query_1,"['GO:0002440', 'GO:0002697', 'GO:0010468']"
GO:BP,GO:0019058,viral life cycle,1.6397042595778009e-31,True,"""A set of processes which all viruses follow to ensure survival; includes attachment and entry of the virus particle, decoding of genome information, translation of viral mRNA by host ribosomes, genome replication, and assembly and release of viral particles containing the genome."" [ISBN:1555811272]",290,492,56,20972,0.11382113821138211,0.19310344827586207,query_1,['GO:0016032']
GO:BP,GO:0001909,leukocyte mediated cytotoxicity,9.959999895867994e-31,True,"""The directed killing of a target cell by a leukocyte."" [GO_REF:0000022, GOC:add, ISBN:0781735149, PMID:11911826]",145,492,42,20972,0.08536585365853659,0.2896551724137931,query_1,"['GO:0001906', 'GO:0002443']"
GO:BP,GO:0009893,positive regulation of metabolic process,1.0097338678339393e-30,True,"""Any process that activates or increases the frequency, rate or extent of the chemical reactions and pathways within a cell or an organism."" [GOC:go_curators]",3410,492,191,20972,0.3882113821138211,0.056011730205278595,query_1,"['GO:0008152', 'GO:0019222', 'GO:0048522']"
GO:BP,GO:0007162,negative regulation of cell adhesion,1.0256325229198152e-30,True,"""Any process that stops, prevents, or reduces the frequency, rate or extent of cell adhesion."" [GOC:go_curators]",287,492,55,20972,0.11178861788617886,0.1916376306620209,query_1,"['GO:0007155', 'GO:0030155', 'GO:0048523']"
GO:BP,GO:0050727,regulation of inflammatory response,1.052727440718729e-30,True,"""Any process that modulates the frequency, rate or extent of the inflammatory response, the immediate defensive reaction (by vertebrate tissue) to infection or injury caused by chemical or physical agents."" [GOC:ai]",395,492,63,20972,0.12804878048780488,0.15949367088607594,query_1,"['GO:0006954', 'GO:0031347', 'GO:0032101']"
GO:BP,GO:0001906,cell killing,1.2892212829402207e-30,True,"""Any process in an organism that results in the killing of its own cells or those of another organism, including in some cases the death of the other organism. Killing here refers to the induction of death in one cell by another cell, not cell-autonomous death due to internal or other environmental conditions."" [GOC:add]",217,492,49,20972,0.09959349593495935,0.22580645161290322,query_1,['GO:0009987']
GO:BP,GO:0031349,positive regulation of defense response,1.4486034905153468e-30,True,"""Any process that activates or increases the frequency, rate or extent of a defense response."" [GOC:mah]",519,492,71,20972,0.1443089430894309,0.13680154142581888,query_1,"['GO:0006952', 'GO:0031347', 'GO:0048584']"
GO:BP,GO:0002440,production of molecular mediator of immune response,1.5300163696970547e-30,True,"""The synthesis or release of any molecular mediator of the immune response, resulting in an increase in its intracellular or extracellular levels."" [GO_REF:0000022, GOC:add, ISBN:0781735149]",229,492,50,20972,0.1016260162601626,0.2183406113537118,query_1,"['GO:0002376', 'GO:0010467']"
GO:BP,GO:0035239,tube morphogenesis,1.7311451160897155e-30,True,"""The process in which the anatomical structures of a tube are generated and organized. Epithelial and endothelial tubes transport gases, liquids and cells from one site to another and form the basic structure of many organs and tissues, with tube shape and organization varying from the single-celled excretory organ in Caenorhabditis elegans to the branching trees of the mammalian kidney and insect tracheal system."" [GOC:bf, PMID:14624839]",877,492,91,20972,0.18495934959349594,0.10376282782212087,query_1,"['GO:0009653', 'GO:0035295']"
GO:BP,GO:0048585,negative regulation of response to stimulus,1.9248568373779905e-30,True,"""Any process that stops, prevents, or reduces the frequency, rate or extent of a response to a stimulus. Response to stimulus is a change in state or activity of a cell or an organism (in terms of movement, secretion, enzyme production, gene expression, etc.) as a result of a stimulus."" [GOC:jid]",1693,492,128,20972,0.2601626016260163,0.07560543414057885,query_1,"['GO:0048519', 'GO:0048583', 'GO:0050896']"
GO:BP,GO:0051128,regulation of cellular component organization,3.316510105091333e-30,True,"""Any process that modulates the frequency, rate or extent of a process involved in the formation, arrangement of constituent parts, or disassembly of cell structures, including the plasma membrane and any external encapsulating structures such as the cell wall and cell envelope."" [GOC:ai]",2427,492,156,20972,0.3170731707317073,0.06427688504326329,query_1,"['GO:0016043', 'GO:0050794']"
GO:BP,GO:0002456,T cell mediated immunity,3.6473253378788415e-30,True,"""Any process involved in the carrying out of an immune response by a T cell."" [GO_REF:0000022, GOC:add, ISBN:0781735149]",131,492,40,20972,0.08130081300813008,0.3053435114503817,query_1,"['GO:0002449', 'GO:0002460']"
GO:BP,GO:0050921,positive regulation of chemotaxis,5.1618611821016286e-30,True,"""Any process that activates or increases the frequency, rate or extent of the directed movement of a motile cell or organism in response to a specific chemical concentration gradient."" [GOC:ai]",141,492,41,20972,0.08333333333333333,0.2907801418439716,query_1,"['GO:0006935', 'GO:0032103', 'GO:0040017', 'GO:0050920']"
GO:BP,GO:0035295,tube development,5.5244234175710075e-30,True,"""The process whose specific outcome is the progression of a tube over time, from its initial formation to a mature structure. Epithelial and endothelial tubes transport gases, liquids and cells from one site to another and form the basic structure of many organs and tissues including lung and trachea, kidney, the mammary gland, the vascular system and the gastrointestinal and urinary-genital tracts."" [PMID:12526790]",1094,492,101,20972,0.20528455284552846,0.0923217550274223,query_1,"['GO:0007275', 'GO:0048856']"
GO:BP,GO:0071706,tumor necrosis factor superfamily cytokine production,5.648616865068313e-30,True,"""The appearance of any member of the TNF superfamily due to biosynthesis or secretion following a cellular stimulus, resulting in an increase in its intracellular or extracellular levels."" [GOC:add]",170,492,44,20972,0.08943089430894309,0.25882352941176473,query_1,['GO:0001816']
GO:BP,GO:1903555,regulation of tumor necrosis factor superfamily cytokine production,5.648616865068313e-30,True,"""Any process that modulates the frequency, rate or extent of tumor necrosis factor superfamily cytokine production."" [GO_REF:0000058, GOC:TermGenie, PMID:24187568]",170,492,44,20972,0.08943089430894309,0.25882352941176473,query_1,"['GO:0001817', 'GO:0071706']"
GO:BP,GO:0002695,negative regulation of leukocyte activation,6.321629750584249e-30,True,"""Any process that stops, prevents, or reduces the frequency, rate, or extent of leukocyte activation."" [GOC:add]",191,492,46,20972,0.09349593495934959,0.24083769633507854,query_1,"['GO:0002683', 'GO:0002694', 'GO:0045321', 'GO:0050866']"
GO:BP,GO:0002757,immune response-activating signaling pathway,7.501471687542528e-30,True,"""The series of molecular signals generated by a ligand binding to its receptor that lead to the activation or perpetuation of an immune response."" [GOC:add]",516,492,70,20972,0.14227642276422764,0.13565891472868216,query_1,"['GO:0002253', 'GO:0002764']"
GO:CC,GO:0005788,endoplasmic reticulum lumen,7.65577355797207e-30,True,"""The volume enclosed by the membranes of the endoplasmic reticulum."" [ISBN:0198547684]",322,497,55,22155,0.11066398390342053,0.17080745341614906,query_1,"['GO:0005783', 'GO:0070013']"
GO:BP,GO:0002285,lymphocyte activation involved in immune response,8.591999688846507e-30,True,"""A change in morphology and behavior of a lymphocyte resulting from exposure to a specific antigen, mitogen, cytokine, chemokine, cellular ligand, or soluble factor, leading to the initiation or perpetuation of an immune response."" [GOC:add, ISBN:0781735149]",214,492,48,20972,0.0975609756097561,0.22429906542056074,query_1,"['GO:0002366', 'GO:0046649']"
GO:BP,GO:0002698,negative regulation of immune effector process,9.277139080402015e-30,True,"""Any process that stops, prevents, or reduces the frequency, rate, or extent of an immune effector process."" [GOC:add]",125,492,39,20972,0.07926829268292683,0.312,query_1,"['GO:0002252', 'GO:0002683', 'GO:0002697']"
GO:BP,GO:0002824,positive regulation of adaptive immune response based on somatic recombination of immune receptors built from immunoglobulin superfamily domains,1.3151574369799408e-29,True,"""Any process that activates or increases the frequency, rate, or extent of an adaptive immune response based on somatic recombination of immune receptors built from immunoglobulin superfamily domains. An example of this process is found in the Gnathostomata."" [GOC:add, GOC:mtg_sensu]",126,492,39,20972,0.07926829268292683,0.30952380952380953,query_1,"['GO:0002460', 'GO:0002821', 'GO:0002822']"
GO:BP,GO:0032640,tumor necrosis factor production,2.254716145853752e-29,True,"""The appearance of tumor necrosis factor due to biosynthesis or secretion following a cellular stimulus, resulting in an increase in its intracellular or extracellular levels. Tumor necrosis factor is an inflammatory cytokine produced by macrophages/monocytes during acute inflammation and which is responsible for a diverse range of signaling events within cells, leading to necrosis or apoptosis."" [GOC:mah, PMID:10891884, PMID:15560120]",165,492,43,20972,0.08739837398373984,0.2606060606060606,query_1,['GO:0071706']
GO:BP,GO:0032680,regulation of tumor necrosis factor production,2.254716145853752e-29,True,"""Any process that modulates the frequency, rate or extent of tumor necrosis factor production."" [GOC:mah, PMID:10891884, PMID:15560120]",165,492,43,20972,0.08739837398373984,0.2606060606060606,query_1,"['GO:0032640', 'GO:1903555']"
GO:BP,GO:0048731,system development,2.3134712179948298e-29,True,"""The process whose specific outcome is the progression of an organismal system over time, from its formation to the mature structure. A system is a regularly interacting or interdependent group of organs or tissues that work together to carry out a given biological process."" [GOC:dph, GOC:jid]",4023,492,208,20972,0.42276422764227645,0.051702709420830224,query_1,"['GO:0007275', 'GO:0048856']"
GO:MF,GO:0005126,cytokine receptor binding,3.023226243487928e-29,True,"""Binding to a cytokine receptor."" [GOC:mah, GOC:vw]",279,490,53,20208,0.10816326530612246,0.18996415770609318,query_1,['GO:0005102']
GO:BP,GO:0006915,apoptotic process,4.6179677274939156e-29,True,"""A programmed cell death process which begins when a cell receives an internal (e.g. DNA damage) or external signal (e.g. an extracellular death ligand), and proceeds through a series of biochemical events (signaling pathway phase) which trigger an execution phase. The execution phase is the last step of an apoptotic process, and is typically characterized by rounding-up of the cell, retraction of pseudopodes, reduction of cellular volume (pyknosis), chromatin condensation, nuclear fragmentation (karyorrhexis), plasma membrane blebbing and fragmentation of the cell into apoptotic bodies. When the execution phase is completed, the cell has died."" [GOC:cjm, GOC:dhl, GOC:ecd, GOC:go_curators, GOC:mtg_apoptosis, GOC:tb, ISBN:0198506732, PMID:18846107, PMID:21494263]",1898,492,134,20972,0.27235772357723576,0.07060063224446786,query_1,['GO:0012501']
GO:CC,GO:0030667,secretory granule membrane,6.459391782547722e-29,True,"""The lipid bilayer surrounding a secretory granule."" [GOC:mah]",321,497,54,22155,0.10865191146881288,0.16822429906542055,query_1,"['GO:0030141', 'GO:0030659', 'GO:0098588']"
GO:BP,GO:0012501,programmed cell death,7.441647999810735e-29,True,"""A process which begins when a cell receives an internal or external signal and activates a series of biochemical events (signaling pathway). The process ends with the death of the cell."" [GOC:lr, GOC:mtg_apoptosis]",1958,492,136,20972,0.2764227642276423,0.06945863125638406,query_1,['GO:0008219']
GO:BP,GO:0008219,cell death,9.20614079020028e-29,True,"""Any biological process that results in permanent cessation of all vital functions of a cell. A cell should be considered dead when any one of the following molecular or morphological criteria is met: (1) the cell has lost the integrity of its plasma membrane; (2) the cell, including its nucleus, has undergone complete fragmentation into discrete bodies (frequently referred to as apoptotic bodies). The cell corpse (or its fragments) may be engulfed by an adjacent cell in vivo, but engulfment of whole cells should not be considered a strict criteria to define cell death as, under some circumstances, live engulfed cells can be released from phagosomes (see PMID:18045538)."" [GOC:mah, GOC:mtg_apoptosis, PMID:25236395]",1962,492,136,20972,0.2764227642276423,0.06931702344546381,query_1,['GO:0009987']
GO:BP,GO:0002821,positive regulation of adaptive immune response,9.935973286401997e-29,True,"""Any process that activates or increases the frequency, rate, or extent of an adaptive immune response."" [GOC:add]",132,492,39,20972,0.07926829268292683,0.29545454545454547,query_1,"['GO:0002250', 'GO:0002819', 'GO:0050778']"
GO:BP,GO:0072359,circulatory system development,1.2125135129277756e-28,True,"""The process whose specific outcome is the progression of the circulatory system over time, from its formation to the mature structure. The circulatory system is the organ system that passes nutrients (such as amino acids and electrolytes), gases, hormones, blood cells, etc. to and from cells in the body to help fight diseases and help stabilize body temperature and pH to maintain homeostasis."" [GOC:mah, UBERON:0001009]",1135,492,101,20972,0.20528455284552846,0.08898678414096917,query_1,['GO:0048731']
GO:BP,GO:0006909,phagocytosis,1.338192680066542e-28,True,"""A vesicle-mediated transport process that results in the engulfment of external particulate material by phagocytes and their delivery to the lysosome. The particles are initially contained within phagocytic vacuoles (phagosomes), which then fuse with primary lysosomes to effect digestion of the particles."" [ISBN:0198506732]",238,492,49,20972,0.09959349593495935,0.20588235294117646,query_1,['GO:0006897']
GO:MF,GO:0005125,cytokine activity,1.6571355250492448e-28,True,"""The activity of a soluble extracellular gene product that interacts with a receptor to effect a change in the activity of the receptor to control the survival, growth, differentiation and effector function of tissues and cells."" [ISBN:0198599471, PMID:11530802]",239,490,49,20208,0.1,0.20502092050209206,query_1,['GO:0048018']
GO:BP,GO:0002831,regulation of response to biotic stimulus,1.8106904445961004e-28,True,"""Any process that modulates the frequency, rate, or extent of a response to biotic stimulus."" [GOC:add]",559,492,71,20972,0.1443089430894309,0.12701252236135957,query_1,"['GO:0009607', 'GO:0048583']"
GO:BP,GO:0045597,positive regulation of cell differentiation,1.9250484671054762e-28,True,"""Any process that activates or increases the frequency, rate or extent of cell differentiation."" [GOC:go_curators]",852,492,87,20972,0.17682926829268292,0.10211267605633803,query_1,"['GO:0030154', 'GO:0045595', 'GO:0048522', 'GO:0051094']"
GO:BP,GO:0046631,alpha-beta T cell activation,3.056066710455331e-28,True,"""The change in morphology and behavior of an alpha-beta T cell resulting from exposure to a mitogen, cytokine, chemokine, cellular ligand, or an antigen for which it is specific."" [GOC:add]",196,492,45,20972,0.09146341463414634,0.22959183673469388,query_1,['GO:0042110']
GO:BP,GO:0043410,positive regulation of MAPK cascade,3.1309276080506925e-28,True,"""Any process that activates or increases the frequency, rate or extent of signal transduction mediated by the MAPK cascade."" [GOC:go_curators]",450,492,64,20972,0.13008130081300814,0.14222222222222222,query_1,"['GO:0000165', 'GO:0043408', 'GO:1902533']"
WP,WP:WP2328,Allograft rejection,3.1667820004334773e-28,True,Allograft rejection,88,410,40,8899,0.0975609756097561,0.45454545454545453,query_1,['WP:000000']
GO:BP,GO:0007229,integrin-mediated signaling pathway,3.3583959019153117e-28,True,"""The series of molecular signals initiated by an extracellular ligand binding to an integrin on the surface of a target cell, and ending with the regulation of a downstream cellular process, e.g. transcription."" [GOC:mah, GOC:signaling]",118,492,37,20972,0.07520325203252033,0.3135593220338983,query_1,['GO:0007166']
GO:BP,GO:0002709,regulation of T cell mediated immunity,4.1277702528294745e-28,True,"""Any process that modulates the frequency, rate, or extent of T cell mediated immunity."" [GOC:add]",102,492,35,20972,0.07113821138211382,0.3431372549019608,query_1,"['GO:0002456', 'GO:0002706', 'GO:0002822']"
GO:BP,GO:0032609,type II interferon production,4.77037303306548e-28,True,"""The appearance of interferon-gamma due to biosynthesis or secretion following a cellular stimulus, resulting in an increase in its intracellular or extracellular levels. Interferon-gamma is also known as type II interferon."" [GOC:add, GOC:mah, PMID:15546383]",119,492,37,20972,0.07520325203252033,0.31092436974789917,query_1,['GO:0001816']
GO:CC,GO:0098797,plasma membrane protein complex,6.1507106225205385e-28,True,"""Any protein complex that is part of the plasma membrane."" [GOC:dos]",726,497,77,22155,0.15492957746478872,0.10606060606060606,query_1,"['GO:0005886', 'GO:0098796']"
GO:BP,GO:0016192,vesicle-mediated transport,6.252534688001648e-28,True,"""A cellular transport process in which transported substances are moved in membrane-bounded vesicles; transported substances are enclosed in the vesicle lumen or located in the vesicle membrane. The process begins with a step that directs a substance to the forming vesicle, and includes vesicle budding and coating. Vesicles are then targeted to, and fuse with, an acceptor membrane."" [GOC:ai, GOC:mah, ISBN:08789310662000]",1572,492,119,20972,0.241869918699187,0.07569974554707379,query_1,"['GO:0006810', 'GO:0009987']"
GO:BP,GO:0097530,granulocyte migration,7.812367334943966e-28,True,"""The movement of a granulocyte within or between different tissues and organs of the body."" [GOC:cvs, PMID:24163421, PMID:24193336]",148,492,40,20972,0.08130081300813008,0.2702702702702703,query_1,['GO:0097529']
GO:BP,GO:0002429,immune response-activating cell surface receptor signaling pathway,1.1259895674458988e-27,True,"""The series of molecular signals initiated by an extracellular ligand binding to a receptor on the surface of a cell, leading to the activation or perpetuation of an immune response."" [GO_REF:0000022, GOC:add, ISBN:0781735149]",313,492,54,20972,0.10975609756097561,0.17252396166134185,query_1,"['GO:0002757', 'GO:0002768']"
GO:BP,GO:0071219,cellular response to molecule of bacterial origin,1.2599138685458813e-27,True,"""Any process that results in a change in state or activity of a cell (in terms of movement, secretion, enzyme production, gene expression, etc.) as a result of a stimulus by molecules of bacterial origin such as peptides derived from bacterial flagellin."" [GOC:mah]",225,492,47,20972,0.09552845528455285,0.2088888888888889,query_1,"['GO:0002237', 'GO:0071216']"
GO:BP,GO:0010720,positive regulation of cell development,1.3490005635102582e-27,True,"""Any process that increases the rate, frequency or extent of the progression of the cell over time, from its formation to the mature structure. Cell development does not include the steps involved in committing a cell to a specific fate."" [GOC:BHF, GOC:dph, GOC:tb]",430,492,62,20972,0.12601626016260162,0.14418604651162792,query_1,"['GO:0045597', 'GO:0048468', 'GO:0060284']"
KEGG,KEGG:05332,Graft-versus-host disease,1.5129770440655993e-27,True,Graft-versus-host disease,38,416,28,8716,0.0673076923076923,0.7368421052631579,query_1,['KEGG:00000']
GO:BP,GO:0071216,cellular response to biotic stimulus,2.2500129644745086e-27,True,"""Any process that results in a change in state or activity of a cell (in terms of movement, secretion, enzyme production, gene expression, etc.) as a result of a biotic stimulus, a stimulus caused or produced by a living organism."" [GOC:mah]",252,492,49,20972,0.09959349593495935,0.19444444444444445,query_1,"['GO:0009607', 'GO:0051716']"
GO:BP,GO:0042060,wound healing,4.4657494373936274e-27,True,"""The series of events that restore integrity to a damaged tissue, following an injury."" [GOC:bf, PMID:15269788]",439,492,62,20972,0.12601626016260162,0.14123006833712984,query_1,['GO:0009611']
GO:BP,GO:0009891,positive regulation of biosynthetic process,5.562555843195834e-27,True,"""Any process that activates or increases the frequency, rate or extent of the chemical reactions and pathways resulting in the formation of substances."" [GOC:go_curators]",2645,492,158,20972,0.32113821138211385,0.059735349716446125,query_1,"['GO:0009058', 'GO:0009889', 'GO:0009893']"
GO:BP,GO:0032649,regulation of type II interferon production,6.79315781234185e-27,True,"""Any process that modulates the frequency, rate, or extent of interferon-gamma production. Interferon-gamma is also known as type II interferon."" [GOC:add, GOC:mah, PMID:15546383]",118,492,36,20972,0.07317073170731707,0.3050847457627119,query_1,"['GO:0001817', 'GO:0032609']"
GO:BP,GO:0001912,positive regulation of leukocyte mediated cytotoxicity,6.944780064049916e-27,True,"""Any process that activates or increases the frequency, rate or extent of leukocyte mediated cytotoxicity."" [GOC:add, ISBN:0781735149, PMID:11911826]",65,492,29,20972,0.05894308943089431,0.4461538461538462,query_1,"['GO:0001909', 'GO:0001910', 'GO:0002705', 'GO:0031343']"
GO:BP,GO:0051049,regulation of transport,7.611157487862242e-27,True,"""Any process that modulates the frequency, rate or extent of the directed movement of substances (such as macromolecules, small molecules, ions) into, out of or within a cell, or between cells, by means of some agent such as a transporter or pore."" [GOC:ai]",1566,492,117,20972,0.23780487804878048,0.07471264367816093,query_1,"['GO:0006810', 'GO:0032879']"
GO:BP,GO:0002690,positive regulation of leukocyte chemotaxis,9.438767415268653e-27,True,"""Any process that activates or increases the frequency, rate, or extent of leukocyte chemotaxis."" [GOC:add]",94,492,33,20972,0.06707317073170732,0.35106382978723405,query_1,"['GO:0002687', 'GO:0002688', 'GO:0030595', 'GO:0050921']"
GO:BP,GO:0002688,regulation of leukocyte chemotaxis,9.532679960839043e-27,True,"""Any process that modulates the frequency, rate, or extent of leukocyte chemotaxis."" [GOC:add]",119,492,36,20972,0.07317073170731707,0.3025210084033613,query_1,"['GO:0002685', 'GO:0030595', 'GO:0050920']"
GO:MF,GO:0098772,molecular function regulator activity,1.768567879675955e-26,True,"""A molecular function regulator regulates the activity of its target via non-covalent binding that does not result in covalent modification to the target. Examples of molecular function regulators include regulatory subunits of multimeric enzymes and channels. Mechanisms of regulation include allosteric changes in the target and competitive inhibition."" [GOC:dos, GOC:pt]",2266,490,145,20208,0.29591836734693877,0.06398940864960283,query_1,['GO:0003674']
GO:BP,GO:0010557,positive regulation of macromolecule biosynthetic process,2.5360016485998735e-26,True,"""Any process that increases the rate, frequency or extent of the chemical reactions and pathways resulting in the formation of a macromolecule, any molecule of high relative molecular mass, the structure of which essentially comprises the multiple repetition of units derived, actually or conceptually, from molecules of low relative molecular mass."" [GOC:dph, GOC:tb]",2538,492,153,20972,0.31097560975609756,0.06028368794326241,query_1,"['GO:0009059', 'GO:0009891', 'GO:0010556', 'GO:0010604']"
GO:BP,GO:0010604,positive regulation of macromolecule metabolic process,2.633947983179758e-26,True,"""Any process that increases the frequency, rate or extent of the chemical reactions and pathways involving macromolecules, any molecule of high relative molecular mass, the structure of which essentially comprises the multiple repetition of units derived, actually or conceptually, from molecules of low relative molecular mass."" [GOC:dph, GOC:tb]",3152,492,174,20972,0.35365853658536583,0.05520304568527919,query_1,"['GO:0009893', 'GO:0043170', 'GO:0060255']"
GO:BP,GO:0016032,viral process,3.093368834663724e-26,True,"""A multi-organism process in which a virus is a participant. The other participant is the host. Includes infection of a host cell, replication of the viral genome, and assembly of progeny virus particles. In some cases the viral genetic material may integrate into the host genome and only subsequently, under particular circumstances, 'complete' its life cycle."" [GOC:bf, GOC:jl, GOC:mah]",377,492,57,20972,0.11585365853658537,0.15119363395225463,query_1,['GO:0008150']
GO:CC,GO:0005925,focal adhesion,3.410423098608678e-26,True,"""A cell-substrate junction that anchors the cell to the extracellular matrix and that forms a point of termination of actin filaments. In insects focal adhesion has also been referred to as hemi-adherens junction (HAJ)."" [GOC:aruk, GOC:bc, ISBN:0124325653, ISBN:0815316208, PMID:10419689, PMID:12191915, PMID:15246682, PMID:1643657, PMID:16805308, PMID:19197329, PMID:23033047, PMID:26923917, PMID:28796323, PMID:8314002]",425,497,58,22155,0.11670020120724346,0.13647058823529412,query_1,['GO:0030055']
GO:BP,GO:0031343,positive regulation of cell killing,3.5691802914509485e-26,True,"""Any process that activates or increases the frequency, rate or extent of cell killing."" [GOC:mah]",68,492,29,20972,0.05894308943089431,0.4264705882352941,query_1,"['GO:0001906', 'GO:0031341', 'GO:0048522']"
GO:BP,GO:0042981,regulation of apoptotic process,4.020872086576819e-26,True,"""Any process that modulates the occurrence or rate of cell death by apoptotic process."" [GOC:jl, GOC:mtg_apoptosis]",1426,492,110,20972,0.22357723577235772,0.07713884992987377,query_1,"['GO:0006915', 'GO:0043067']"
KEGG,KEGG:04672,Intestinal immune network for IgA production,7.099623600234321e-26,True,Intestinal immune network for IgA production,45,416,29,8716,0.06971153846153846,0.6444444444444445,query_1,['KEGG:00000']
GO:BP,GO:0060627,regulation of vesicle-mediated transport,9.04186180188829e-26,True,"""Any process that modulates the rate, frequency, or extent of vesicle-mediated transport, the directed movement of substances, either within a vesicle or in the vesicle membrane, into, out of or within a cell."" [GOC:dph, GOC:tb]",529,492,66,20972,0.13414634146341464,0.12476370510396975,query_1,"['GO:0016192', 'GO:0050794', 'GO:0051049']"
GO:CC,GO:0031012,extracellular matrix,9.060786014014634e-26,True,"""A structure lying external to one or more cells, which provides structural support, biochemical or biomechanical cues for cells or tissues."" [GOC:BHF, GOC:mah, GOC:rph, PMID:21123617, PMID:28089324, PMID:33605520]",339,497,52,22155,0.10462776659959759,0.15339233038348082,query_1,['GO:0030312']
GO:CC,GO:0030312,external encapsulating structure,1.0483244375995547e-25,True,"""A structure that lies outside the plasma membrane and surrounds the entire cell or cells. This does not include the periplasmic space."" [GOC:go_curators]",340,497,52,22155,0.10462776659959759,0.15294117647058825,query_1,"['GO:0071944', 'GO:0110165']"
KEGG,KEGG:05330,Allograft rejection,1.1743595995502025e-25,True,Allograft rejection,35,416,26,8716,0.0625,0.7428571428571429,query_1,['KEGG:00000']
GO:CC,GO:0030055,cell-substrate junction,1.1869090993680795e-25,True,"""A cell junction that forms a connection between a cell and the extracellular matrix."" [GOC:aruk, GOC:bc, GOC:hb, GOC:mah, PMID:10419689, PMID:1643657, PMID:16805308, PMID:26923917, PMID:8314002]",435,497,58,22155,0.11670020120724346,0.13333333333333333,query_1,['GO:0070161']
GO:BP,GO:0043408,regulation of MAPK cascade,1.2859520155128438e-25,True,"""Any process that modulates the frequency, rate or extent of signal transduction mediated by the MAP kinase (MAPK) cascade."" [GOC:go_curators]",638,492,72,20972,0.14634146341463414,0.11285266457680251,query_1,"['GO:0000165', 'GO:1902531']"
GO:BP,GO:1901701,cellular response to oxygen-containing compound,1.6603209681931363e-25,True,"""Any process that results in a change in state or activity of a cell (in terms of movement, secretion, enzyme production, gene expression, etc.) as a result of an oxygen-containing compound stimulus."" [GOC:pr, GOC:TermGenie]",1194,492,99,20972,0.20121951219512196,0.0829145728643216,query_1,"['GO:0070887', 'GO:1901700']"
GO:BP,GO:0071222,cellular response to lipopolysaccharide,2.1535946758507167e-25,True,"""Any process that results in a change in state or activity of a cell (in terms of movement, secretion, enzyme production, gene expression, etc.) as a result of a lipopolysaccharide stimulus; lipopolysaccharide is a major component of the cell wall of gram-negative bacteria."" [GOC:mah]",214,492,44,20972,0.08943089430894309,0.205607476635514,query_1,"['GO:0032496', 'GO:0071219', 'GO:0071396', 'GO:1901701']"
REAC,REAC:R-HSA-1280218,Adaptive Immune System,2.4278981702658885e-25,True,Adaptive Immune System,810,456,106,11056,0.2324561403508772,0.1308641975308642,query_1,['REAC:R-HSA-168256']
GO:BP,GO:0048519,negative regulation of biological process,2.4290450752328864e-25,True,"""Any process that stops, prevents, or reduces the frequency, rate or extent of a biological process. Biological processes are regulated by many means; examples include the control of gene expression, protein modification or interaction with a protein or substrate molecule."" [GOC:jid]",5753,492,250,20972,0.508130081300813,0.04345558838866678,query_1,"['GO:0008150', 'GO:0050789']"
GO:BP,GO:0051050,positive regulation of transport,2.7257095154431964e-25,True,"""Any process that activates or increases the frequency, rate or extent of the directed movement of substances (such as macromolecules, small molecules, ions) into, out of or within a cell, or between cells, by means of some agent such as a transporter or pore."" [GOC:ai]",818,492,81,20972,0.16463414634146342,0.09902200488997555,query_1,"['GO:0006810', 'GO:0048518', 'GO:0051049']"
GO:BP,GO:1903706,regulation of hemopoiesis,3.254400265076001e-25,True,"""Any process that modulates the frequency, rate or extent of hemopoiesis."" [GO_REF:0000058, GOC:pad, GOC:PARL, GOC:TermGenie, PMID:20080761]",425,492,59,20972,0.11991869918699187,0.1388235294117647,query_1,"['GO:0002682', 'GO:0030097', 'GO:0060284', 'GO:2000026']"
GO:CC,GO:0098588,bounding membrane of organelle,3.9457656133022576e-25,True,"""The lipid bilayer that forms the outer-most layer of an organelle."" [GOC:dos]",2268,497,136,22155,0.27364185110663986,0.059964726631393295,query_1,['GO:0031090']
GO:BP,GO:0043067,regulation of programmed cell death,4.622774965904414e-25,True,"""Any process that modulates the frequency, rate or extent of programmed cell death, cell death resulting from activation of endogenous cellular processes."" [GOC:jl]",1467,492,110,20972,0.22357723577235772,0.07498295841854125,query_1,"['GO:0012501', 'GO:0050794']"
GO:BP,GO:0002702,positive regulation of production of molecular mediator of immune response,4.676811072610653e-25,True,"""Any process that activates or increases the frequency, rate, or extent of the production of molecular mediator of immune response."" [GOC:add]",141,492,37,20972,0.07520325203252033,0.2624113475177305,query_1,"['GO:0002440', 'GO:0002699', 'GO:0002700', 'GO:0010628']"
GO:BP,GO:0001818,negative regulation of cytokine production,4.7524704042847e-25,True,"""Any process that stops, prevents, or reduces the rate of production of a cytokine."" [GOC:add, ISBN:0781735149]",295,492,50,20972,0.1016260162601626,0.1694915254237288,query_1,"['GO:0001816', 'GO:0001817', 'GO:0010629', 'GO:0051241']"
GO:BP,GO:0000165,MAPK cascade,6.243967613947388e-25,True,"""An intracellular protein kinase cascade containing at least a MAP kinase (MAPK). It starts with the activation of a MAP3K, and the consecutive activation of a MPK2K and a MAPK. The cascade can also contain an additional tier: the upstream MAP4K. The kinases in each tier phosphorylate and activate the kinase in the downstream tier to transmit a signal within a cell."" [PMID:20811974, PMID:9561267]",749,492,77,20972,0.1565040650406504,0.102803738317757,query_1,['GO:0141124']
GO:BP,GO:0002367,cytokine production involved in immune response,6.528544406239219e-25,True,"""The appearance of a cytokine due to biosynthesis or secretion following a cellular stimulus contributing to an immune response, resulting in an increase in its intracellular or extracellular levels."" [GO_REF:0000022, GOC:add, ISBN:0781735149]",123,492,35,20972,0.07113821138211382,0.2845528455284553,query_1,"['GO:0001816', 'GO:0002440', 'GO:0006955']"
GO:BP,GO:0002718,regulation of cytokine production involved in immune response,6.528544406239219e-25,True,"""Any process that modulates the frequency, rate, or extent of cytokine production that contributes to an immune response."" [GOC:add]",123,492,35,20972,0.07113821138211382,0.2845528455284553,query_1,"['GO:0001817', 'GO:0002367', 'GO:0002700']"
GO:BP,GO:0006959,humoral immune response,7.75498463305764e-25,True,"""An immune response mediated through a body fluid."" [GOC:hb, ISBN:0198506732]",271,492,48,20972,0.0975609756097561,0.17712177121771217,query_1,['GO:0006955']
GO:BP,GO:0097191,extrinsic apoptotic signaling pathway,8.49789189906388e-25,True,"""The series of molecular signals in which a signal is conveyed from the cell surface to trigger the apoptotic death of a cell. The pathway starts with either a ligand binding to a cell surface receptor, or a ligand being withdrawn from a cell surface receptor (e.g. in the case of signaling by dependence receptors), and ends when the execution phase of apoptosis is triggered."" [GOC:mtg_apoptosis, GOC:yaf, PMID:17340152]",233,492,45,20972,0.09146341463414634,0.19313304721030042,query_1,"['GO:0007166', 'GO:0097190']"
GO:BP,GO:0051250,negative regulation of lymphocyte activation,9.04805880926444e-25,True,"""Any process that stops, prevents, or reduces the frequency, rate or extent of lymphocyte activation."" [GOC:ai]",164,492,39,20972,0.07926829268292683,0.23780487804878048,query_1,"['GO:0002695', 'GO:0046649', 'GO:0051249']"
GO:BP,GO:1902105,regulation of leukocyte differentiation,1.2150157903524506e-24,True,"""Any process that modulates the frequency, rate or extent of leukocyte differentiation."" [GOC:add, GOC:TermGenie]",329,492,52,20972,0.10569105691056911,0.1580547112462006,query_1,"['GO:0002521', 'GO:1903706']"
REAC,REAC:R-HSA-3000178,ECM proteoglycans,1.2647361079485191e-24,True,ECM proteoglycans,76,456,34,11056,0.07456140350877193,0.4473684210526316,query_1,['REAC:R-HSA-1474244']
GO:BP,GO:0032879,regulation of localization,1.2723102220839127e-24,True,"""Any process that modulates the frequency, rate or extent of any process in which a cell, a substance, or a cellular entity is transported to, or maintained in, a specific location."" [GOC:mah]",1914,492,127,20972,0.258130081300813,0.06635318704284221,query_1,"['GO:0050789', 'GO:0051179']"
GO:BP,GO:0050777,negative regulation of immune response,1.302971481801927e-24,True,"""Any process that stops, prevents, or reduces the frequency, rate or extent of the immune response, the immunological reaction of an organism to an immunogenic stimulus."" [GOC:ai]",199,492,42,20972,0.08536585365853659,0.21105527638190955,query_1,"['GO:0002683', 'GO:0006955', 'GO:0048585', 'GO:0050776']"
GO:BP,GO:0045088,regulation of innate immune response,1.5610034705444468e-24,True,"""Any process that modulates the frequency, rate or extent of the innate immune response, the organism's first line of defense against infection."" [GOC:ebc]",470,492,61,20972,0.12398373983739837,0.12978723404255318,query_1,"['GO:0002831', 'GO:0031347', 'GO:0032101', 'GO:0045087', 'GO:0050776']"
GO:BP,GO:0009653,anatomical structure morphogenesis,2.02437207551963e-24,True,"""The process in which anatomical structures are generated and organized. Morphogenesis pertains to the creation of form."" [GOC:go_curators, ISBN:0521436125]",2699,492,155,20972,0.3150406504065041,0.0574286772878844,query_1,"['GO:0032502', 'GO:0048856']"
GO:BP,GO:0006898,receptor-mediated endocytosis,2.282314386283702e-24,True,"""An endocytosis process in which cell surface receptors ensure specificity of transport. A specific receptor on the cell surface binds tightly to the extracellular macromolecule (the ligand) that it recognizes; the plasma-membrane region containing the receptor-ligand complex then undergoes endocytosis, forming a transport vesicle containing the receptor-ligand complex and excluding most other plasma-membrane proteins. Receptor-mediated endocytosis generally occurs via clathrin-coated pits and vesicles."" [GOC:mah, ISBN:0716731363]",264,492,47,20972,0.09552845528455285,0.17803030303030304,query_1,['GO:0006897']
GO:BP,GO:0030100,regulation of endocytosis,2.7291139215983588e-24,True,"""Any process that modulates the frequency, rate or extent of endocytosis."" [GOC:go_curators]",292,492,49,20972,0.09959349593495935,0.1678082191780822,query_1,"['GO:0006897', 'GO:0051128', 'GO:0060627']"
GO:BP,GO:0071621,granulocyte chemotaxis,4.587213847874183e-24,True,"""The movement of a granulocyte in response to an external stimulus."" [GOC:rph]",120,492,34,20972,0.06910569105691057,0.2833333333333333,query_1,"['GO:0030595', 'GO:0097530']"
KEGG,KEGG:05323,Rheumatoid arthritis,4.967245114723961e-24,True,Rheumatoid arthritis,89,416,37,8716,0.0889423076923077,0.4157303370786517,query_1,['KEGG:00000']
GO:BP,GO:1901342,regulation of vasculature development,8.35363400995034e-24,True,"""Any process that modulates the frequency, rate or extent of vasculature development."" [GOC:TermGenie]",299,492,49,20972,0.09959349593495935,0.16387959866220736,query_1,"['GO:0001944', 'GO:2000026']"
GO:CC,GO:0098636,protein complex involved in cell adhesion,9.343732376161967e-24,True,"""Any protein complex that is capable of carrying out some part of the process of cell adhesion to the cell matrix or to another cell."" [GOC:dos]",58,497,25,22155,0.05030181086519115,0.43103448275862066,query_1,['GO:0032991']
GO:BP,GO:0050868,negative regulation of T cell activation,9.550113466547651e-24,True,"""Any process that stops, prevents, or reduces the frequency, rate or extent of T cell activation."" [GOC:ai]",132,492,35,20972,0.07113821138211382,0.26515151515151514,query_1,"['GO:0042110', 'GO:0050863', 'GO:0051250', 'GO:1903038']"
GO:BP,GO:0070371,ERK1 and ERK2 cascade,9.775302916864271e-24,True,"""A MAPK cascade containing at least the ERK1 or ERK2 MAP kinases. It starts with the activation of a MAP3K, and the consecutive activation of a MPK2K and of ERK1 or ERK2. The cascade can also contain an additional tier: the upstream MAP4K. The kinases in each tier phosphorylate and activate the kinase in the downstream tier. The ERK1/ERK2 cascade is activated by mitogens, growth factors, G protein-coupled receptors, and results in cellular responses such as cell proliferation, cell differentiation and development."" [PMID:20811974, PMID:23125017, PMID:28903453]",300,492,49,20972,0.09959349593495935,0.16333333333333333,query_1,['GO:0000165']
GO:BP,GO:0050729,positive regulation of inflammatory response,1.159781470621379e-23,True,"""Any process that activates or increases the frequency, rate or extent of the inflammatory response."" [GOC:ai]",153,492,37,20972,0.07520325203252033,0.24183006535947713,query_1,"['GO:0006954', 'GO:0031349', 'GO:0032103', 'GO:0050727']"
GO:BP,GO:1903038,negative regulation of leukocyte cell-cell adhesion,1.2661661958502141e-23,True,"""Any process that stops, prevents or reduces the frequency, rate or extent of leukocyte cell-cell adhesion."" [GO_REF:0000058, GOC:BHF, GOC:rl, GOC:TermGenie, PMID:21106532]",143,492,36,20972,0.07317073170731707,0.2517482517482518,query_1,"['GO:0007159', 'GO:0022408', 'GO:1903037']"
REAC,REAC:R-HSA-1474228,Degradation of the extracellular matrix,1.3641171696168958e-23,True,Degradation of the extracellular matrix,140,456,43,11056,0.09429824561403509,0.30714285714285716,query_1,['REAC:R-HSA-1474244']
GO:BP,GO:0070372,regulation of ERK1 and ERK2 cascade,1.7485372230131793e-23,True,"""Any process that modulates the frequency, rate or extent of signal transduction mediated by the ERK1 and ERK2 cascade."" [GOC:add, ISBN:0121245462, ISBN:0896039986]",276,492,47,20972,0.09552845528455285,0.17028985507246377,query_1,"['GO:0043408', 'GO:0070371']"
GO:BP,GO:0031589,cell-substrate adhesion,2.218028956467142e-23,True,"""The attachment of a cell to the underlying substrate via adhesion molecules."" [GOC:mah, GOC:pf]",349,492,52,20972,0.10569105691056911,0.1489971346704871,query_1,['GO:0007155']
GO:BP,GO:0070374,positive regulation of ERK1 and ERK2 cascade,2.2534721290562105e-23,True,"""Any process that activates or increases the frequency, rate or extent of signal transduction mediated by the ERK1 and ERK2 cascade."" [GOC:mah]",189,492,40,20972,0.08130081300813008,0.21164021164021163,query_1,"['GO:0043410', 'GO:0070371', 'GO:0070372']"
GO:BP,GO:0071396,cellular response to lipid,2.415581186051242e-23,True,"""Any process that results in a change in state or activity of a cell (in terms of movement, secretion, enzyme production, gene expression, etc.) as a result of a lipid stimulus."" [GOC:mah]",600,492,67,20972,0.13617886178861788,0.11166666666666666,query_1,"['GO:0033993', 'GO:0070887']"
GO:BP,GO:0051130,positive regulation of cellular component organization,2.7229283057452815e-23,True,"""Any process that activates or increases the frequency, rate or extent of a process involved in the formation, arrangement of constituent parts, or disassembly of cell structures, including the plasma membrane and any external encapsulating structures such as the cell wall and cell envelope."" [GOC:ai]",1091,492,91,20972,0.18495934959349594,0.08340971585701192,query_1,"['GO:0016043', 'GO:0048522', 'GO:0051128']"
GO:BP,GO:0030217,T cell differentiation,2.731052015268797e-23,True,"""The process in which a precursor cell type acquires characteristics of a more mature T-cell. A T cell is a type of lymphocyte whose definin characteristic is the expression of a T cell receptor complex."" [GO_REF:0000022, GOC:jid, GOC:mah]",321,492,50,20972,0.1016260162601626,0.1557632398753894,query_1,"['GO:0030098', 'GO:0042110']"
GO:BP,GO:0002715,regulation of natural killer cell mediated immunity,3.9806194006007613e-23,True,"""Any process that modulates the frequency, rate, or extent of natural killer cell mediated immunity."" [GOC:add]",55,492,25,20972,0.0508130081300813,0.45454545454545453,query_1,"['GO:0002228', 'GO:0002706', 'GO:0045088']"
GO:BP,GO:0042269,regulation of natural killer cell mediated cytotoxicity,4.06620720289579e-23,True,"""Any process that modulates the frequency, rate, or extent of natural killer cell mediated cytotoxicity."" [GOC:add, ISBN:0781735149]",49,492,24,20972,0.04878048780487805,0.4897959183673469,query_1,"['GO:0001910', 'GO:0002715', 'GO:0042267']"
KEGG,KEGG:04518,Integrin signaling,6.996448854326022e-23,True,Integrin signaling,154,416,46,8716,0.11057692307692307,0.2987012987012987,query_1,['KEGG:00000']
GO:BP,GO:0002228,natural killer cell mediated immunity,1.1890785932996888e-22,True,"""The promotion of an immune response by natural killer cells through direct recognition of target cells or through the release of cytokines."" [GO_REF:0000022, GOC:add, ISBN:0781735149]",86,492,29,20972,0.05894308943089431,0.3372093023255814,query_1,"['GO:0002449', 'GO:0045087']"
GO:BP,GO:0022408,negative regulation of cell-cell adhesion,1.211227685191148e-22,True,"""Any process that stops, prevents or reduces the rate or extent of cell adhesion to another cell."" [GOC:isa_complete]",197,492,40,20972,0.08130081300813008,0.20304568527918782,query_1,"['GO:0007162', 'GO:0022407', 'GO:0098609']"
WP,WP:WP5078,T cell modulation and desmoplasia in pancreatic cancer,1.89097237052206e-22,True,T cell modulation and desmoplasia in pancreatic cancer,55,410,29,8899,0.07073170731707316,0.5272727272727272,query_1,['WP:000000']
GO:BP,GO:0042267,natural killer cell mediated cytotoxicity,2.571600351508164e-22,True,"""The directed killing of a target cell by a natural killer cell through the release of granules containing cytotoxic mediators or through the engagement of death receptors."" [GOC:add, GOC:pr]",80,492,28,20972,0.056910569105691054,0.35,query_1,"['GO:0001909', 'GO:0002228']"
GO:CC,GO:0070161,anchoring junction,3.312135017161746e-22,True,"""A cell junction that mechanically attaches a cell (and its cytoskeleton) to neighboring cells or to the extracellular matrix."" [ISBN:0815332181]",911,497,78,22155,0.15694164989939638,0.08562019758507135,query_1,['GO:0030054']
GO:MF,GO:0005201,extracellular matrix structural constituent,3.7501243592229293e-22,True,"""The action of a molecule that contributes to the structural integrity of the extracellular matrix."" [GOC:mah]",169,490,37,20208,0.07551020408163266,0.21893491124260356,query_1,['GO:0005198']
GO:BP,GO:0097190,apoptotic signaling pathway,4.425965774229446e-22,True,"""The series of molecular signals which triggers the apoptotic death of a cell. The pathway starts with reception of a signal, and ends when the execution phase of apoptosis is triggered."" [GOC:mtg_apoptosis]",612,492,66,20972,0.13414634146341464,0.10784313725490197,query_1,"['GO:0006915', 'GO:0007165']"
GO:BP,GO:0065008,regulation of biological quality,5.595907024649532e-22,True,"""Any process that modulates a qualitative or quantitative trait of a biological quality. A biological quality is a measurable attribute of an organism or part of an organism, such as size, mass, shape, color, etc."" [GOC:dph, GOC:isa_complete, GOC:mah, GOC:pr, GOC:vw]",2963,492,159,20972,0.3231707317073171,0.05366182922713466,query_1,['GO:0065007']
REAC,REAC:R-HSA-6798695,Neutrophil degranulation,6.033105830037437e-22,True,Neutrophil degranulation,476,456,75,11056,0.16447368421052633,0.15756302521008403,query_1,['REAC:R-HSA-168249']
GO:BP,GO:0019882,antigen processing and presentation,7.451565527582407e-22,True,"""The process in which an antigen-presenting cell expresses antigen (peptide or lipid) on its cell surface in association with an MHC protein complex."" [GO_REF:0000022, GOC:add, ISBN:0781735149, PMID:15771591, PMID:15928678]",118,492,32,20972,0.06504065040650407,0.2711864406779661,query_1,['GO:0002376']
GO:BP,GO:0042113,B cell activation,7.838089991894366e-22,True,"""The change in morphology and behavior of a mature or immature B cell resulting from exposure to a mitogen, cytokine, chemokine, cellular ligand, or an antigen for which it is specific."" [GOC:mgi_curators, ISBN:0781735149]",286,492,46,20972,0.09349593495934959,0.16083916083916083,query_1,['GO:0046649']
GO:BP,GO:0031295,T cell costimulation,8.894488921749908e-22,True,"""The process of providing, via surface-bound receptor-ligand pairs, a second, antigen-independent, signal in addition to that provided by the T cell receptor to augment T cell activation."" [ISBN:0781735149]",48,492,23,20972,0.046747967479674794,0.4791666666666667,query_1,"['GO:0031294', 'GO:0050870']"
GO:BP,GO:0034113,heterotypic cell-cell adhesion,9.96343734176274e-22,True,"""The attachment of a cell to a cell of a different type via adhesion molecules."" [GOC:add]",61,492,25,20972,0.0508130081300813,0.4098360655737705,query_1,['GO:0098609']
GO:BP,GO:0031294,lymphocyte costimulation,1.6402987715349724e-21,True,"""The process of providing, via surface-bound receptor-ligand pairs, a second, antigen-independent, signal in addition to that provided by the B- or T cell receptor to augment B- or T cell activation."" [ISBN:0781735149]",49,492,23,20972,0.046747967479674794,0.46938775510204084,query_1,"['GO:0002376', 'GO:0051251']"
GO:BP,GO:0031348,negative regulation of defense response,1.6926276014654658e-21,True,"""Any process that stops, prevents, or reduces the frequency, rate or extent of a defense response."" [GOC:mah]",263,492,44,20972,0.08943089430894309,0.16730038022813687,query_1,"['GO:0006952', 'GO:0031347', 'GO:0048585']"
KEGG,KEGG:05144,Malaria,2.090209205460376e-21,True,Malaria,49,416,27,8716,0.06490384615384616,0.5510204081632653,query_1,['KEGG:00000']
WP,WP:WP453,Inflammatory response pathway,2.3015629600342515e-21,True,Inflammatory response pathway,30,410,22,8899,0.05365853658536585,0.7333333333333333,query_1,['WP:000000']
KEGG,KEGG:04940,Type I diabetes mellitus,2.794679719156882e-21,True,Type I diabetes mellitus,41,416,25,8716,0.06009615384615385,0.6097560975609756,query_1,['KEGG:00000']
REAC,REAC:R-HSA-449147,Signaling by Interleukins,3.018802412204404e-21,True,Signaling by Interleukins,476,456,74,11056,0.16228070175438597,0.15546218487394958,query_1,['REAC:R-HSA-1280215']
WP,WP:WP5561,Integrative Analysis of Treg Glial Interactions ,3.7405248550083845e-21,True,Integrative Analysis of Treg Glial Interactions ,112,410,38,8899,0.09268292682926829,0.3392857142857143,query_1,['WP:000000']
GO:BP,GO:1990266,neutrophil migration,5.917195446008755e-21,True,"""The movement of a neutrophil within or between different tissues and organs of the body."" [PMID:1826836]",106,492,30,20972,0.06097560975609756,0.2830188679245283,query_1,['GO:0097530']
GO:BP,GO:1903557,positive regulation of tumor necrosis factor superfamily cytokine production,8.046752495969812e-21,True,"""Any process that activates or increases the frequency, rate or extent of tumor necrosis factor superfamily cytokine production."" [GO_REF:0000058, GOC:TermGenie, PMID:24187568]",107,492,30,20972,0.06097560975609756,0.2803738317757009,query_1,"['GO:0001819', 'GO:0071706', 'GO:1903555']"
KEGG,KEGG:04612,Antigen processing and presentation,9.609354509980098e-21,True,Antigen processing and presentation,71,416,31,8716,0.07451923076923077,0.43661971830985913,query_1,['KEGG:00000']
REAC,REAC:R-HSA-6783783,Interleukin-10 signaling,1.0309933246944329e-20,True,Interleukin-10 signaling,45,456,25,11056,0.05482456140350877,0.5555555555555556,query_1,['REAC:R-HSA-449147']
GO:BP,GO:0032675,regulation of interleukin-6 production,1.158398564048818e-20,True,"""Any process that modulates the frequency, rate, or extent of interleukin-6 production."" [GOC:mah]",149,492,34,20972,0.06910569105691057,0.22818791946308725,query_1,"['GO:0001817', 'GO:0032635']"
GO:BP,GO:0032635,interleukin-6 production,1.158398564048818e-20,True,"""The appearance of interleukin-6 due to biosynthesis or secretion following a cellular stimulus, resulting in an increase in its intracellular or extracellular levels."" [GOC:mah]",149,492,34,20972,0.06910569105691057,0.22818791946308725,query_1,['GO:0001816']
GO:BP,GO:0045123,cellular extravasation,1.2869581309370246e-20,True,"""The migration of a leukocyte from the blood vessels into the surrounding tissue."" [GOC:jl]",74,492,26,20972,0.052845528455284556,0.35135135135135137,query_1,['GO:0050900']
KEGG,KEGG:04512,ECM-receptor interaction,1.507855108603497e-20,True,ECM-receptor interaction,89,416,34,8716,0.08173076923076923,0.38202247191011235,query_1,['KEGG:00000']
GO:BP,GO:0009888,tissue development,1.9461218688926937e-20,True,"""The process whose specific outcome is the progression of a tissue over time, from its formation to the mature structure."" [ISBN:0471245208]",2014,492,123,20972,0.25,0.06107249255213505,query_1,['GO:0048856']
GO:BP,GO:0046634,regulation of alpha-beta T cell activation,2.1232485623084522e-20,True,"""Any process that modulates the frequency, rate or extent of alpha-beta T cell activation."" [GOC:ai]",120,492,31,20972,0.06300813008130081,0.25833333333333336,query_1,"['GO:0046631', 'GO:0050863']"
GO:MF,GO:0015026,coreceptor activity,2.3206271280112912e-20,True,"""Combining with an extracellular or intracellular messenger, and in cooperation with a nearby primary receptor, initiating a change in cell activity."" [GOC:go_curators]",62,490,24,20208,0.04897959183673469,0.3870967741935484,query_1,['GO:0038023']
GO:CC,GO:0030139,endocytic vesicle,2.5577763961737098e-20,True,"""A membrane-bounded intracellular vesicle formed by invagination of the plasma membrane around an extracellular substance. Endocytic vesicles fuse with early endosomes to deliver the cargo for further sorting."" [GOC:go_curators, PMID:19696797]",355,497,47,22155,0.09456740442655935,0.1323943661971831,query_1,['GO:0031410']
REAC,REAC:R-HSA-202733,Cell surface interactions at the vascular wall,2.757097143184204e-20,True,Cell surface interactions at the vascular wall,192,456,46,11056,0.10087719298245613,0.23958333333333334,query_1,['REAC:R-HSA-109582']
GO:BP,GO:0022603,regulation of anatomical structure morphogenesis,2.966805283057778e-20,True,"""Any process that modulates the frequency, rate or extent of anatomical structure morphogenesis."" [GOC:mah]",822,492,74,20972,0.15040650406504066,0.09002433090024331,query_1,"['GO:0009653', 'GO:0050793']"
GO:BP,GO:0072676,lymphocyte migration,3.5509899599301325e-20,True,"""The movement of a lymphocyte within or between different tissues and organs of the body."" [CL:0000542, GOC:BHF, GOC:mah]",112,492,30,20972,0.06097560975609756,0.26785714285714285,query_1,['GO:0071674']
GO:BP,GO:0032760,positive regulation of tumor necrosis factor production,4.122466948661941e-20,True,"""Any process that activates or increases the frequency, rate or extent of tumor necrosis factor production."" [GO_REF:0000058, GOC:TermGenie, PMID:10891884, PMID:15560120]",103,492,29,20972,0.05894308943089431,0.2815533980582524,query_1,"['GO:0032640', 'GO:0032680', 'GO:1903557']"
GO:BP,GO:0150076,neuroinflammatory response,4.23601234739459e-20,True,"""The immediate defensive reaction by neural vertebrate tissue to infection or injury caused by chemical or physical agents."" [GOC:aruk, GOC:bc, PMID:10981966, PMID:11099416, PMID:18164423]",77,492,26,20972,0.052845528455284556,0.33766233766233766,query_1,['GO:0006954']
REAC,REAC:R-HSA-380108,Chemokine receptors bind chemokines,4.74691735300146e-20,True,Chemokine receptors bind chemokines,57,456,27,11056,0.05921052631578947,0.47368421052631576,query_1,['REAC:R-HSA-375276']
GO:MF,GO:0023023,MHC protein complex binding,4.958233087696039e-20,True,"""Binding to a major histocompatibility complex."" [GOC:mtg_signal, GOC:vw]",33,490,19,20208,0.03877551020408163,0.5757575757575758,query_1,['GO:0044877']
GO:BP,GO:0007249,canonical NF-kappaB signal transduction,5.211115658661637e-20,True,"""An intracellular signaling cassette characterized by the I-kappaB-kinase (IKK)-dependent activation of NF-kappaB, also known as the canonical NF-kappaB signaling cascade. The cascade begins with activation of a trimeric IKK complex (consisting of catalytic kinase subunits IKKalpha and/or IKKbeta, and the regulatory scaffold protein NEMO) and ends with the regulation of transcription of target genes by NF-kappaB. In a resting state, NF-kappaB dimers are bound to I-kappaB proteins, sequestering NF-kappaB in the cytoplasm. Phosphorylation of I-kappaB targets I-kappaB for ubiquitination and proteasomal degradation, thus releasing the NF-kappaB dimers, which can translocate to the nucleus to bind DNA and regulate transcription. The canonical NF-kappaB pathway is mainly stimulated by proinflammatory cytokines such as IL-1beta, tumor necrosis factor (TNF)-alpha, antigen ligands, and toll-like receptors (TLRs)."" [GOC:bf, PMID:12773372, PMID:34659217]",315,492,46,20972,0.09349593495934959,0.14603174603174604,query_1,['GO:0141124']
GO:CC,GO:0098802,plasma membrane signaling receptor complex,5.57833674404431e-20,True,"""Any protein complex that is part of the plasma membrane and which functions as a signaling receptor."" [GOC:dos]",313,497,44,22155,0.08853118712273642,0.14057507987220447,query_1,"['GO:0043235', 'GO:0098797']"
GO:CC,GO:0060205,cytoplasmic vesicle lumen,5.669707429376453e-20,True,"""The volume enclosed by a cytoplasmic vesicle."" [GOC:dph, GOC:vesicles]",329,497,45,22155,0.09054325955734406,0.13677811550151975,query_1,"['GO:0031410', 'GO:0031983', 'GO:0070013']"
GO:BP,GO:0045937,positive regulation of phosphate metabolic process,5.930973422981348e-20,True,"""Any process that activates or increases the frequency, rate or extent of the chemical reactions and pathways involving phosphates."" [GOC:go_curators]",395,492,51,20972,0.10365853658536585,0.1291139240506329,query_1,"['GO:0006796', 'GO:0010562']"
GO:BP,GO:0010562,positive regulation of phosphorus metabolic process,5.930973422981348e-20,True,"""Any process that increases the frequency, rate or extent of the chemical reactions and pathways involving phosphorus or compounds containing phosphorus."" [GOC:dph, GOC:tb]",395,492,51,20972,0.10365853658536585,0.1291139240506329,query_1,"['GO:0006793', 'GO:0009893', 'GO:0051174']"
GO:BP,GO:0043122,regulation of canonical NF-kappaB signal transduction,5.97183056481635e-20,True,"""Any process that modulates the canonical NF-kappaB signaling cascade."" [GOC:jl, PMID:12773372]",301,492,45,20972,0.09146341463414634,0.14950166112956811,query_1,"['GO:0007249', 'GO:1902531']"
GO:BP,GO:0002711,positive regulation of T cell mediated immunity,6.015751956774391e-20,True,"""Any process that activates or increases the frequency, rate, or extent of T cell mediated immunity."" [GOC:add]",70,492,25,20972,0.0508130081300813,0.35714285714285715,query_1,"['GO:0002456', 'GO:0002708', 'GO:0002709', 'GO:0002824']"
HPA,HPA:0461442,Skin 1; fibrohistiocytic cells[≥Medium],6.172630909348227e-20,True,Skin 1; fibrohistiocytic cells[≥Medium],698,355,77,11007,0.21690140845070421,0.11031518624641834,query_1,['HPA:0461441']
GO:BP,GO:0051897,positive regulation of phosphatidylinositol 3-kinase/protein kinase B signal transduction,6.291518950720168e-20,True,"""Any process that activates or increases the frequency, rate or extent of phosphatidylinositol 3-kinase/protein kinase B signal transduction."" [GOC:ai]",192,492,37,20972,0.07520325203252033,0.19270833333333334,query_1,"['GO:0043491', 'GO:0051896', 'GO:1902533']"
GO:BP,GO:1902107,positive regulation of leukocyte differentiation,6.291518950720168e-20,True,"""Any process that activates or increases the frequency, rate or extent of leukocyte differentiation."" [GOC:add, GOC:TermGenie]",192,492,37,20972,0.07520325203252033,0.19270833333333334,query_1,"['GO:0002521', 'GO:1902105', 'GO:1903708']"
GO:BP,GO:1903708,positive regulation of hemopoiesis,6.291518950720168e-20,True,"""Any process that activates or increases the frequency, rate or extent of hemopoiesis."" [GO_REF:0000058, GOC:pad, GOC:PARL, GOC:TermGenie, PMID:20080761]",192,492,37,20972,0.07520325203252033,0.19270833333333334,query_1,"['GO:0002684', 'GO:0010720', 'GO:0030097', 'GO:0051240', 'GO:1903706']"
GO:CC,GO:0031983,vesicle lumen,6.432386446880622e-20,True,"""The volume enclosed by the membrane or protein that forms a vesicle."" [GOC:mah, GOC:vesicles]",330,497,45,22155,0.09054325955734406,0.13636363636363635,query_1,"['GO:0031982', 'GO:0043233']"
GO:BP,GO:0042592,homeostatic process,1.0998373376448646e-19,True,"""Any biological process involved in the maintenance of an internal steady state. Homeostasis allows cells and organisms to maintain stable internal conditions despite varying external conditions."" [PMID:26265027]",1677,492,109,20972,0.22154471544715448,0.06499701848539058,query_1,['GO:0008150']
GO:BP,GO:0043123,positive regulation of canonical NF-kappaB signal transduction,1.1650086036545151e-19,True,"""Any process that activates or increases the frequency, rate or extent of a canonical NF-kappaB signaling cascade."" [GOC:jl]",221,492,39,20972,0.07926829268292683,0.17647058823529413,query_1,"['GO:0007249', 'GO:0043122', 'GO:1902533']"
GO:BP,GO:0070098,chemokine-mediated signaling pathway,1.3147956446084296e-19,True,"""The series of molecular signals initiated by a chemokine binding to its receptor on the surface of a target cell, and ending with the regulation of a downstream cellular process, e.g. transcription."" [GOC:mah, GOC:signaling]",80,492,26,20972,0.052845528455284556,0.325,query_1,"['GO:0007186', 'GO:0019221', 'GO:1990869']"
GO:MF,GO:0042277,peptide binding,1.3343558800714014e-19,True,"""Binding to a peptide, an organic compound comprising two or more amino acids linked by peptide bonds."" [GOC:jl]",237,490,40,20208,0.08163265306122448,0.16877637130801687,query_1,['GO:0005488']
GO:BP,GO:0045765,regulation of angiogenesis,1.356242718544455e-19,True,"""Any process that modulates the frequency, rate or extent of angiogenesis."" [GOC:go_curators]",292,492,44,20972,0.08943089430894309,0.1506849315068493,query_1,"['GO:0001525', 'GO:0022603', 'GO:1901342']"
GO:CC,GO:0005768,endosome,1.806151311811868e-19,True,"""A vacuole to which materials ingested by endocytosis are delivered."" [ISBN:0198506732, PMID:19696797]",1079,497,81,22155,0.16297786720321933,0.07506950880444857,query_1,"['GO:0012505', 'GO:0031410']"
GO:BP,GO:0014002,astrocyte development,1.9852463718854592e-19,True,"""The process aimed at the progression of an astrocyte over time, from initial commitment of the cell to a specific fate, to the fully functional differentiated cell. An astrocyte is the most abundant type of glial cell. Astrocytes provide support for neurons and regulate the environment in which they function."" [GOC:dgh, GOC:ef]",39,492,20,20972,0.04065040650406504,0.5128205128205128,query_1,"['GO:0021782', 'GO:0048708']"
GO:BP,GO:0009719,response to endogenous stimulus,3.1896579923092757e-19,True,"""Any process that results in a change in state or activity of a cell or an organism (in terms of movement, secretion, enzyme production, gene expression, etc.) as a result of a stimulus arising within the organism."" [GOC:sm]",1467,492,100,20972,0.2032520325203252,0.0681663258350375,query_1,['GO:0050896']
WP,WP:WP5218,Extrafollicular and follicular B cell activation by SARS CoV 2,4.992900009591639e-19,True,Extrafollicular and follicular B cell activation by SARS CoV 2,74,410,30,8899,0.07317073170731707,0.40540540540540543,query_1,['WP:000000']
GO:BP,GO:1904018,positive regulation of vasculature development,6.101966926117199e-19,True,"""Any process that activates or increases the frequency, rate or extent of vasculature development."" [GO_REF:0000058, GOC:TermGenie, PMID:21472453]",167,492,34,20972,0.06910569105691057,0.20359281437125748,query_1,"['GO:0001944', 'GO:0051094', 'GO:0051240', 'GO:1901342']"
GO:CC,GO:0042611,MHC protein complex,6.601008820093027e-19,True,"""A transmembrane protein complex composed of an MHC alpha chain and, in most cases, either an MHC class II beta chain or an invariant beta2-microglobin chain, and with or without a bound peptide, lipid, or polysaccharide antigen."" [GOC:add, GOC:jl, ISBN:0781735149, PMID:15928678, PMID:16153240]",24,497,16,22155,0.03219315895372234,0.6666666666666666,query_1,['GO:0098797']
GO:BP,GO:0007160,cell-matrix adhesion,8.606730673446967e-19,True,"""The binding of a cell to the extracellular matrix via adhesion molecules."" [GOC:hb]",233,492,39,20972,0.07926829268292683,0.16738197424892703,query_1,['GO:0031589']
GO:BP,GO:0051093,negative regulation of developmental process,1.0227422408799424e-18,True,"""Any process that stops, prevents or reduces the rate or extent of development, the biological process whose specific outcome is the progression of an organism over time from an initial condition (e.g. a zygote, or a young adult) to a later condition (e.g. a multicellular animal or an aged adult)."" [GOC:ai]",916,492,76,20972,0.15447154471544716,0.08296943231441048,query_1,"['GO:0032502', 'GO:0048519', 'GO:0050793']"
GO:BP,GO:0042116,macrophage activation,1.2564476282541479e-18,True,"""A change in morphology and behavior of a macrophage resulting from exposure to a cytokine, chemokine, cellular ligand, or soluble factor."" [GOC:mgi_curators, ISBN:0781735149, PMID:14506301]",105,492,28,20972,0.056910569105691054,0.26666666666666666,query_1,['GO:0002274']
GO:CC,GO:0034774,secretory granule lumen,1.6888998055471817e-18,True,"""The volume enclosed by the membrane of a secretory granule."" [GOC:rph]",324,497,43,22155,0.08651911468812877,0.13271604938271606,query_1,"['GO:0030141', 'GO:0060205']"
GO:BP,GO:0048523,negative regulation of cellular process,1.9042689545173752e-18,True,"""Any process that stops, prevents, or reduces the frequency, rate or extent of a cellular process, any of those that are carried out at the cellular level, but are not necessarily restricted to a single cell. For example, cell communication occurs among more than one cell, but occurs at the cellular level."" [GOC:jid]",5510,492,227,20972,0.4613821138211382,0.0411978221415608,query_1,"['GO:0009987', 'GO:0048519', 'GO:0050794']"
GO:MF,GO:0030020,extracellular matrix structural constituent conferring tensile strength,1.987868044261989e-18,True,"""A constituent of the extracellular matrix that enables the matrix to resist longitudinal stress."" [GOC:mah, ISBN:0815316194]",44,490,20,20208,0.04081632653061224,0.45454545454545453,query_1,['GO:0005201']
GO:BP,GO:2001233,regulation of apoptotic signaling pathway,2.044054375958505e-18,True,"""Any process that modulates the frequency, rate or extent of apoptotic signaling pathway."" [GOC:mtg_apoptosis]",376,492,48,20972,0.0975609756097561,0.1276595744680851,query_1,"['GO:0009966', 'GO:0042981', 'GO:0097190']"
GO:BP,GO:0007204,positive regulation of cytosolic calcium ion concentration,2.045656645497166e-18,True,"""Any process that increases the concentration of calcium ions in the cytosol."" [GOC:ai]",161,492,33,20972,0.06707317073170732,0.20496894409937888,query_1,['GO:0065008']
REAC,REAC:R-HSA-1442490,Collagen degradation,2.1910329161249407e-18,True,Collagen degradation,64,456,27,11056,0.05921052631578947,0.421875,query_1,['REAC:R-HSA-1474228']
KEGG,KEGG:05320,Autoimmune thyroid disease,2.301210372300469e-18,True,Autoimmune thyroid disease,50,416,25,8716,0.06009615384615385,0.5,query_1,['KEGG:00000']
GO:MF,GO:0019956,chemokine binding,2.627614796845209e-18,True,"""Binding to a chemokine. Chemokines are a family of small chemotactic cytokines; their name is derived from their ability to induce directed chemotaxis in nearby responsive cells. All chemokines possess a number of conserved cysteine residues involved in intramolecular disulfide bond formation. Some chemokines are considered pro-inflammatory and can be induced during an immune response to recruit cells of the immune system to a site of infection, while others are considered homeostatic and are involved in controlling the migration of cells during normal processes of tissue maintenance or development. Chemokines are found in all vertebrates, some viruses and some bacteria."" [GOC:ai, GOC:BHF, GOC:rl, PMID:12183377, Wikipedia:Chemokine]",33,490,18,20208,0.036734693877551024,0.5454545454545454,query_1,['GO:0019955']
GO:BP,GO:1990869,cellular response to chemokine,2.905261049251365e-18,True,"""Any process that results in a change in state or activity of a cell (in terms of movement, secretion, enzyme production, gene expression, etc.) as a result of a chemokine stimulus."" [PMID:11113082]",89,492,26,20972,0.052845528455284556,0.29213483146067415,query_1,"['GO:0071345', 'GO:1990868']"
GO:BP,GO:1990868,response to chemokine,2.905261049251365e-18,True,"""Any process that results in a change in state or activity of a cell or an organism (in terms of movement, secretion, enzyme production, gene expression, etc.) as a result of a chemokine stimulus."" [PMID:11113082]",89,492,26,20972,0.052845528455284556,0.29213483146067415,query_1,['GO:0034097']
GO:BP,GO:0002704,negative regulation of leukocyte mediated immunity,3.105829998461621e-18,True,"""Any process that stops, prevents, or reduces the frequency, rate, or extent of leukocyte mediated immunity."" [GOC:add]",72,492,24,20972,0.04878048780487805,0.3333333333333333,query_1,"['GO:0002443', 'GO:0002698', 'GO:0002703']"
WP,WP:WP5284,Cell interactions in pancreatic cancer microenvironment,3.1852048209347456e-18,True,Cell interactions in pancreatic cancer microenvironment,26,410,19,8899,0.046341463414634146,0.7307692307692307,query_1,['WP:000000']
GO:BP,GO:0061900,glial cell activation,3.5164581359282045e-18,True,"""A change in morphology and behavior of a glial cell resulting from exposure to a cytokine, chemokine, cellular ligand, or soluble factor."" [GOC:aruk, GOC:bc, PMID:18723082]",50,492,21,20972,0.042682926829268296,0.42,query_1,"['GO:0001775', 'GO:0150076']"
GO:MF,GO:0019838,growth factor binding,4.669906842040354e-18,True,"""Binding to a growth factor, proteins or polypeptides that stimulate a cell or organism to grow or proliferate."" [GOC:curators]",133,490,30,20208,0.061224489795918366,0.22556390977443608,query_1,['GO:0005515']
GO:BP,GO:0042327,positive regulation of phosphorylation,5.1632095499832804e-18,True,"""Any process that activates or increases the frequency, rate or extent of addition of phosphate groups to a molecule."" [GOC:jl]",335,492,45,20972,0.09146341463414634,0.13432835820895522,query_1,"['GO:0016310', 'GO:0042325', 'GO:0045937']"
GO:BP,GO:0030593,neutrophil chemotaxis,5.4322039884255376e-18,True,"""The directed movement of a neutrophil cell, the most numerous polymorphonuclear leukocyte found in the blood, in response to an external stimulus, usually an infection or wounding."" [GOC:jl, ISBN:0198506732]",82,492,25,20972,0.0508130081300813,0.3048780487804878,query_1,"['GO:0071621', 'GO:1990266']"
GO:MF,GO:0004896,cytokine receptor activity,6.036138842128827e-18,True,"""Combining with a cytokine and transmitting the signal from one side of the membrane to the other to initiate a change in cell activity."" [GOC:add, GOC:mah]",103,490,27,20208,0.05510204081632653,0.2621359223300971,query_1,"['GO:0004888', 'GO:0140375']"
GO:BP,GO:0045619,regulation of lymphocyte differentiation,6.326934230494737e-18,True,"""Any process that modulates the frequency, rate or extent of lymphocyte differentiation."" [GOC:go_curators]",218,492,37,20972,0.07520325203252033,0.16972477064220184,query_1,"['GO:0030098', 'GO:0051249', 'GO:1902105']"
GO:BP,GO:0043491,phosphatidylinositol 3-kinase/protein kinase B signal transduction,7.041916588864891e-18,True,"""An intracellular signaling cassette that starts with phosphatidylinositol 3-kinase (PI3K) activation, production of phosphatidylinositol 3-phosphate (PI3P), activation of PDK1, which recruits and ending with the activation of protein kinase B (PKB, also known as Akt). PI3K is activated by cell surface receptors. Note that PTEN is an inhibitor of the pathway."" [PMID:20517722, PMID:22952397]",306,492,43,20972,0.08739837398373984,0.14052287581699346,query_1,['GO:0141124']
GO:BP,GO:0032642,regulation of chemokine production,7.470978819841138e-18,True,"""Any process that modulates the frequency, rate, or extent of chemokine production."" [GOC:mah]",92,492,26,20972,0.052845528455284556,0.2826086956521739,query_1,"['GO:0001817', 'GO:0032602']"
GO:BP,GO:0032602,chemokine production,7.470978819841138e-18,True,"""The appearance of a chemokine due to biosynthesis or secretion following a cellular stimulus, resulting in an increase in its intracellular or extracellular levels. All chemokines possess a number of conserved cysteine residues involved in intramolecular disulfide bond formation. Some chemokines are considered pro-inflammatory and can be induced during an immune response to recruit cells of the immune system to a site of infection, while others are considered homeostatic and are involved in controlling the migration of cells during normal processes of tissue maintenance or development. Chemokines are found in all vertebrates, some viruses and some bacteria."" [GOC:BHF, GOC:rl, ISBN:0198506732, PMID:12183377, Wikipedia:Chemokine]",92,492,26,20972,0.052845528455284556,0.2826086956521739,query_1,['GO:0001816']
GO:CC,GO:0005581,collagen trimer,7.792470992699113e-18,True,"""A protein complex consisting of three collagen chains assembled into a left-handed triple helix. These trimers typically assemble into higher order structures."" [GOC:dos, GOC:mah, PMID:19693541, PMID:21421911]",93,497,25,22155,0.05030181086519115,0.26881720430107525,query_1,['GO:0032991']
GO:BP,GO:0051247,positive regulation of protein metabolic process,1.0609506980472286e-17,True,"""Any process that activates or increases the frequency, rate or extent of the chemical reactions and pathways involving a protein."" [GOC:ai]",863,492,72,20972,0.14634146341463414,0.08342989571263036,query_1,"['GO:0010604', 'GO:0019538', 'GO:0051246']"
HPA,HPA:0471442,Skin 2; fibrohistiocytic cells[≥Medium],1.2191291772658163e-17,True,Skin 2; fibrohistiocytic cells[≥Medium],832,355,81,11007,0.22816901408450704,0.09735576923076923,query_1,['HPA:0471441']
GO:BP,GO:0002286,T cell activation involved in immune response,1.2745400852087235e-17,True,"""The change in morphology and behavior of a mature or immature T cell resulting from exposure to a mitogen, cytokine, chemokine, cellular ligand, or an antigen for which it is specific, leading to the initiation or perpetuation of an immune response."" [GOC:add, ISBN:0781735149]",124,492,29,20972,0.05894308943089431,0.23387096774193547,query_1,"['GO:0002285', 'GO:0042110']"
GO:CC,GO:0070820,tertiary granule,1.3827702422608649e-17,True,"""A secretory granule that contains cathepsin and gelatinase and is readily exocytosed upon cell activation; found primarily in mature neutrophil cells."" [GOC:BHF, GOC:mah, GOC:rl, PMID:12070036]",163,497,31,22155,0.06237424547283702,0.1901840490797546,query_1,['GO:0030141']
GO:BP,GO:2001236,regulation of extrinsic apoptotic signaling pathway,1.902728411248986e-17,True,"""Any process that modulates the frequency, rate or extent of extrinsic apoptotic signaling pathway."" [GOC:mtg_apoptosis]",160,492,32,20972,0.06504065040650407,0.2,query_1,"['GO:0097191', 'GO:2001233']"
KEGG,KEGG:05168,Herpes simplex virus 1 infection,1.9123753591329244e-17,True,Herpes simplex virus 1 infection,177,416,43,8716,0.10336538461538461,0.24293785310734464,query_1,['KEGG:00000']
GO:CC,GO:0030666,endocytic vesicle membrane,1.9733394057699715e-17,True,"""The lipid bilayer surrounding an endocytic vesicle."" [GOC:mah]",205,497,34,22155,0.06841046277665996,0.16585365853658537,query_1,"['GO:0030139', 'GO:0030659', 'GO:0098588']"
GO:BP,GO:0002833,positive regulation of response to biotic stimulus,2.0491520696054857e-17,True,"""Any process that activates or increases the frequency, rate, or extent of a response to biotic stimulus."" [GOC:add]",414,492,49,20972,0.09959349593495935,0.11835748792270531,query_1,"['GO:0002831', 'GO:0009607', 'GO:0048584']"
GO:BP,GO:0032655,regulation of interleukin-12 production,2.092428579461899e-17,True,"""Any process that modulates the frequency, rate, or extent of interleukin-12 production."" [GOC:mah]",61,492,22,20972,0.044715447154471545,0.36065573770491804,query_1,"['GO:0001817', 'GO:0032615']"
GO:BP,GO:0002707,negative regulation of lymphocyte mediated immunity,2.092428579461899e-17,True,"""Any process that stops, prevents, or reduces the frequency, rate, or extent of lymphocyte mediated immunity."" [GOC:add]",61,492,22,20972,0.044715447154471545,0.36065573770491804,query_1,"['GO:0002449', 'GO:0002704', 'GO:0002706']"
GO:BP,GO:0032615,interleukin-12 production,2.092428579461899e-17,True,"""The appearance of interleukin-12 due to biosynthesis or secretion following a cellular stimulus, resulting in an increase in its intracellular or extracellular levels."" [GOC:mah]",61,492,22,20972,0.044715447154471545,0.36065573770491804,query_1,['GO:0001816']
GO:BP,GO:0042063,gliogenesis,2.23554203035311e-17,True,"""The process that results in the generation of glial cells. This includes the production of glial progenitors and their differentiation into mature glia."" [GOC:dgh, GOC:jid]",331,492,44,20972,0.08943089430894309,0.13293051359516617,query_1,['GO:0022008']
GO:CC,GO:0005604,basement membrane,2.4155043669449866e-17,True,"""A collagen-containing extracellular matrix consisting of a thin layer of dense material found in various animal tissues interposed between the cells and the adjacent connective tissue. It consists of the basal lamina plus an associated layer of reticulin fibers."" [PMID:22505934, PMID:33605520, PMID:39223427]",97,497,25,22155,0.05030181086519115,0.25773195876288657,query_1,['GO:0031012']
GO:BP,GO:0072678,T cell migration,2.711825640576145e-17,True,"""The movement of a T cell within or between different tissues and organs of the body."" [CL:0000084, GOC:BHF, GOC:mah]",78,492,24,20972,0.04878048780487805,0.3076923076923077,query_1,['GO:0072676']
GO:BP,GO:0008285,negative regulation of cell population proliferation,3.0848282246719245e-17,True,"""Any process that stops, prevents or reduces the rate or extent of cell proliferation."" [GOC:go_curators]",686,492,63,20972,0.12804878048780488,0.09183673469387756,query_1,"['GO:0008283', 'GO:0042127', 'GO:0048523']"
REAC,REAC:R-HSA-6785807,Interleukin-4 and Interleukin-13 signaling,3.293329564296037e-17,True,Interleukin-4 and Interleukin-13 signaling,111,456,33,11056,0.07236842105263158,0.2972972972972973,query_1,['REAC:R-HSA-449147']
HPA,HPA:0461441,Skin 1; fibrohistiocytic cells[≥Low],3.7628528119937517e-17,True,Skin 1; fibrohistiocytic cells[≥Low],884,355,83,11007,0.23380281690140844,0.09389140271493213,query_1,['HPA:0460000']
GO:BP,GO:0043065,positive regulation of apoptotic process,4.1969784776980637e-17,True,"""Any process that activates or increases the frequency, rate or extent of cell death by apoptotic process."" [GOC:jl, GOC:mtg_apoptosis]",512,492,54,20972,0.10975609756097561,0.10546875,query_1,"['GO:0006915', 'GO:0042981', 'GO:0043068']"
GO:BP,GO:0050672,negative regulation of lymphocyte proliferation,5.1765935658775147e-17,True,"""Any process that stops, prevents or reduces the rate or extent of lymphocyte proliferation."" [GOC:ai]",89,492,25,20972,0.0508130081300813,0.2808988764044944,query_1,"['GO:0032945', 'GO:0046651', 'GO:0050670', 'GO:0051250']"
GO:BP,GO:0070664,negative regulation of leukocyte proliferation,5.865015371612173e-17,True,"""Any process that stops, prevents, or reduces the frequency, rate or extent of leukocyte proliferation."" [GOC:add, GOC:mah]",99,492,26,20972,0.052845528455284556,0.26262626262626265,query_1,"['GO:0008285', 'GO:0070661', 'GO:0070663']"
GO:BP,GO:0045807,positive regulation of endocytosis,6.392605280897775e-17,True,"""Any process that activates or increases the frequency, rate or extent of endocytosis."" [GOC:go_curators]",154,492,31,20972,0.06300813008130081,0.2012987012987013,query_1,"['GO:0006897', 'GO:0030100', 'GO:0051050', 'GO:0051130']"
GO:BP,GO:1904645,response to amyloid-beta,6.55708125106997e-17,True,"""Any process that results in a change in state or activity of a cell or an organism (in terms of movement, secretion, enzyme production, gene expression, etc.) as a result of a amyloid-beta stimulus."" [GO_REF:0000071, GOC:TermGenie, PMID:23555824]",49,492,20,20972,0.04065040650406504,0.40816326530612246,query_1,"['GO:1901698', 'GO:1901700']"
GO:BP,GO:0035710,"CD4-positive, alpha-beta T cell activation",6.619468033322504e-17,True,"""The change in morphology and behavior of a CD4-positive, alpha-beta T cell resulting from exposure to a mitogen, cytokine, chemokine, cellular ligand, or an antigen for which it is specific."" [CL:0000624, GOC:BHF]",131,492,29,20972,0.05894308943089431,0.22137404580152673,query_1,['GO:0046631']
GO:BP,GO:0050764,regulation of phagocytosis,7.755723753267478e-17,True,"""Any process that modulates the frequency, rate or extent of phagocytosis, the process in which phagocytes engulf external particulate material."" [GOC:ai]",100,492,26,20972,0.052845528455284556,0.26,query_1,"['GO:0006909', 'GO:0030100']"
GO:BP,GO:0032945,negative regulation of mononuclear cell proliferation,9.463112439263468e-17,True,"""Any process that stops, prevents, or reduces the frequency, rate or extent of mononuclear cell proliferation."" [GOC:add]",91,492,25,20972,0.0508130081300813,0.27472527472527475,query_1,"['GO:0032943', 'GO:0032944', 'GO:0070664']"
GO:BP,GO:0042325,regulation of phosphorylation,9.772482409826177e-17,True,"""Any process that modulates the frequency, rate or extent of addition of phosphate groups into a molecule."" [GOC:jl]",560,492,56,20972,0.11382113821138211,0.1,query_1,"['GO:0016310', 'GO:0051174']"
GO:BP,GO:0051174,regulation of phosphorus metabolic process,1.0104241153025292e-16,True,"""Any process that modulates the frequency, rate or extent of the chemical reactions and pathways involving phosphorus or compounds containing phosphorus."" [GOC:ai]",702,492,63,20972,0.12804878048780488,0.08974358974358974,query_1,"['GO:0006793', 'GO:0019222']"
GO:MF,GO:0038024,cargo receptor activity,1.0339013834765123e-16,True,"""Binding specifically to a substance (cargo) to deliver it to a transport vesicle. Cargo receptors span membranes (for instance the plasma membrane or the endoplasmic reticulum membrane), binding simultaneously to cargo molecules and coat adaptors, to efficiently recruit the cargo molecules to nascent vesicles."" [PMID:15239958, PMID:27903609]",67,490,22,20208,0.044897959183673466,0.3283582089552239,query_1,['GO:0003674']
HP,HP:0005368,Abnormality of humoral immunity,1.3193444212923677e-16,True,"An abnormality of the humoral immune system, which comprises antibodies produced by B cells as well as the complement system.",359,204,55,5200,0.2696078431372549,0.1532033426183844,query_1,['HP:0010978']
GO:BP,GO:0042130,negative regulation of T cell proliferation,1.3483627935176338e-16,True,"""Any process that stops, prevents or reduces the rate or extent of T cell proliferation."" [GOC:jl]",74,492,23,20972,0.046747967479674794,0.3108108108108108,query_1,"['GO:0042098', 'GO:0042129', 'GO:0050672', 'GO:0050868']"
WP,WP:WP5569,Uterine natural killer cells and progesterone estrogen and chorionic gonadotropin,1.3614793635476603e-16,True,Uterine natural killer cells and progesterone estrogen and chorionic gonadotropin,52,410,24,8899,0.05853658536585366,0.46153846153846156,query_1,['WP:000000']
WP,WP:WP2806,Complement system,1.3618847126815078e-16,True,Complement system,94,410,31,8899,0.07560975609756097,0.32978723404255317,query_1,['WP:000000']
GO:BP,GO:0002720,positive regulation of cytokine production involved in immune response,1.4110652290803054e-16,True,"""Any process that activates or increases the frequency, rate, or extent of cytokine production that contributes to an immune response."" [GOC:add]",83,492,24,20972,0.04878048780487805,0.2891566265060241,query_1,"['GO:0001819', 'GO:0002367', 'GO:0002702', 'GO:0002718']"
GO:BP,GO:0051896,regulation of phosphatidylinositol 3-kinase/protein kinase B signal transduction,1.5145882096560378e-16,True,"""Any process that modulates the frequency, rate or extent of phosphatidylinositol 3-kinase/protein kinase B signal transduction."" [GOC:ai]",268,492,39,20972,0.07926829268292683,0.1455223880597015,query_1,"['GO:0043491', 'GO:1902531']"
GO:BP,GO:0043068,positive regulation of programmed cell death,1.5828848303334285e-16,True,"""Any process that activates or increases the frequency, rate or extent of programmed cell death, cell death resulting from activation of endogenous cellular processes."" [GOC:jl]",527,492,54,20972,0.10975609756097561,0.10246679316888045,query_1,"['GO:0012501', 'GO:0043067', 'GO:0048522']"
GO:BP,GO:0048871,multicellular organismal-level homeostasis,1.7043196130262497e-16,True,"""Any process involved in the maintenance of an internal steady state at the level of the multicellular organism."" [GOC:isa_complete]",839,492,69,20972,0.1402439024390244,0.08224076281287247,query_1,"['GO:0032501', 'GO:0042592']"
GO:BP,GO:0032677,regulation of interleukin-8 production,1.9330998883583978e-16,True,"""Any process that modulates the frequency, rate, or extent of interleukin-8 production."" [GOC:mah]",84,492,24,20972,0.04878048780487805,0.2857142857142857,query_1,"['GO:0001817', 'GO:0032637']"
GO:BP,GO:0032637,interleukin-8 production,1.9330998883583978e-16,True,"""The appearance of interleukin-8 due to biosynthesis or secretion following a cellular stimulus, resulting in an increase in its intracellular or extracellular levels."" [GOC:mah]",84,492,24,20972,0.04878048780487805,0.2857142857142857,query_1,['GO:0001816']
GO:MF,GO:0005539,glycosaminoglycan binding,1.9522990185138923e-16,True,"""Binding to a glycan (polysaccharide) containing a substantial proportion of aminomonosaccharide residues."" [GOC:jl, ISBN:0198506732]",243,490,37,20208,0.07551020408163266,0.1522633744855967,query_1,['GO:0097367']
KEGG,KEGG:05142,Chagas disease,2.7461798176191633e-16,True,Chagas disease,102,416,32,8716,0.07692307692307693,0.3137254901960784,query_1,['KEGG:00000']
REAC,REAC:R-HSA-168249,Innate Immune System,3.714656044673684e-16,True,Innate Immune System,1102,456,109,11056,0.23903508771929824,0.09891107078039928,query_1,['REAC:R-HSA-168256']
REAC,REAC:R-HSA-109582,Hemostasis,3.7711383677264044e-16,True,Hemostasis,675,456,81,11056,0.17763157894736842,0.12,query_1,['REAC:0000000']
GO:BP,GO:0045954,positive regulation of natural killer cell mediated cytotoxicity,3.882906846675911e-16,True,"""Any process that activates or increases the frequency, rate or extent of natural killer cell mediated cytotoxicity."" [GOC:add, ISBN:0781735149]",28,492,16,20972,0.032520325203252036,0.5714285714285714,query_1,"['GO:0001912', 'GO:0002717', 'GO:0042267', 'GO:0042269']"
HPA,HPA:0461443,Skin 1; fibrohistiocytic cells[High],4.007013578200213e-16,True,Skin 1; fibrohistiocytic cells[High],407,355,53,11007,0.14929577464788732,0.13022113022113022,query_1,['HPA:0461442']
GO:BP,GO:0030198,extracellular matrix organization,4.17355863347512e-16,True,"""A process that is carried out at the cellular level which results in the assembly, arrangement of constituent parts, or disassembly of an extracellular matrix."" [GOC:mah]",307,492,41,20972,0.08333333333333333,0.13355048859934854,query_1,"['GO:0043062', 'GO:0045229']"
GO:BP,GO:0097028,dendritic cell differentiation,4.457705003596427e-16,True,"""The process in which a precursor cell type acquires the specialized features of a dendritic cell. A dendritic cell is a leukocyte of dendritic lineage specialized in the uptake, processing, and transport of antigens to lymph nodes for the purpose of stimulating an immune response via T cell activation."" [CL:0000451, GOC:pr]",46,492,19,20972,0.03861788617886179,0.41304347826086957,query_1,['GO:1903131']
GO:BP,GO:0001914,regulation of T cell mediated cytotoxicity,4.457705003596427e-16,True,"""Any process that modulates the frequency, rate, or extent of T cell mediated cytotoxicity."" [GOC:add, ISBN:0781735149]",46,492,19,20972,0.03861788617886179,0.41304347826086957,query_1,"['GO:0001910', 'GO:0001913', 'GO:0002709']"
GO:BP,GO:0043062,extracellular structure organization,4.71229326947334e-16,True,"""A process that is carried out at the cellular level which results in the assembly, arrangement of constituent parts, or disassembly of structures in the space external to the outermost structure of a cell. For cells without external protective or external encapsulating structures this refers to space outside of the plasma membrane, and also covers the host cell environment outside an intracellular parasite."" [GOC:ai, GOC:dph, GOC:jl, GOC:mah]",308,492,41,20972,0.08333333333333333,0.1331168831168831,query_1,['GO:0016043']
GO:BP,GO:0045229,external encapsulating structure organization,5.31792302300115e-16,True,"""A process that is carried out at the cellular level which results in the assembly, arrangement of constituent parts, or disassembly of external structures that lie outside the plasma membrane and surround the entire cell."" [GOC:ai, GOC:dph, GOC:jl, GOC:mah]",309,492,41,20972,0.08333333333333333,0.13268608414239483,query_1,['GO:0016043']
GO:BP,GO:0051246,regulation of protein metabolic process,5.808569604269148e-16,True,"""Any process that modulates the frequency, rate or extent of the chemical reactions and pathways involving a protein."" [GOC:ai]",1574,492,98,20972,0.1991869918699187,0.062261753494282084,query_1,"['GO:0019538', 'GO:0060255', 'GO:0080090']"
HPA,HPA:0471441,Skin 2; fibrohistiocytic cells[≥Low],5.834728781999686e-16,True,Skin 2; fibrohistiocytic cells[≥Low],1020,355,88,11007,0.24788732394366197,0.08627450980392157,query_1,['HPA:0470000']
GO:CC,GO:0042581,specific granule,6.338563387425561e-16,True,"""Granule with a membranous, tubular internal structure, found primarily in mature neutrophil cells. Most are released into the extracellular fluid. Specific granules contain lactoferrin, lysozyme, vitamin B12 binding protein and elastase."" [GOC:jl, ISBN:0721662544, PMID:7334549]",158,497,29,22155,0.05835010060362173,0.18354430379746836,query_1,['GO:0030141']
GO:MF,GO:0001540,amyloid-beta binding,8.560408910213514e-16,True,"""Binding to an amyloid-beta peptide/protein."" [GOC:hjd]",82,490,23,20208,0.04693877551020408,0.2804878048780488,query_1,['GO:0042277']
GO:BP,GO:0033627,cell adhesion mediated by integrin,8.715716003761079e-16,True,"""The attachment of a cell, either to another cell or to an underlying substrate such as the extracellular matrix, via an integrin, a heterodimeric adhesion receptor formed by the non-covalent association of particular alpha and beta subunits."" [GOC:add, PMID:12213832, PMID:14754902]",89,492,24,20972,0.04878048780487805,0.2696629213483146,query_1,['GO:0007155']
GO:MF,GO:0030246,carbohydrate binding,9.63577268307189e-16,True,"""Binding to a carbohydrate, which includes monosaccharides, oligosaccharides and polysaccharides as well as substances derived from monosaccharides by reduction of the carbonyl group (alditols), by oxidation of one or more hydroxy groups to afford the corresponding aldehydes, ketones, or carboxylic acids, or by replacement of one or more hydroxy group(s) by a hydrogen atom. Cyclitols are generally not regarded as carbohydrates."" [GOC:mah]",285,490,39,20208,0.07959183673469387,0.1368421052631579,query_1,['GO:0005488']
REAC,REAC:R-HSA-3000171,Non-integrin membrane-ECM interactions,1.0104380413232056e-15,True,Non-integrin membrane-ECM interactions,59,456,24,11056,0.05263157894736842,0.4067796610169492,query_1,['REAC:R-HSA-1474244']
GO:BP,GO:0032652,regulation of interleukin-1 production,1.0605850888700722e-15,True,"""Any process that modulates the frequency, rate, or extent of interleukin-1 production."" [GOC:mah]",110,492,26,20972,0.052845528455284556,0.23636363636363636,query_1,"['GO:0001817', 'GO:0032612']"
GO:BP,GO:0032612,interleukin-1 production,1.0605850888700722e-15,True,"""The appearance of interleukin-1 due to biosynthesis or secretion following a cellular stimulus, resulting in an increase in its intracellular or extracellular levels."" [GOC:mah]",110,492,26,20972,0.052845528455284556,0.23636363636363636,query_1,['GO:0001816']
GO:BP,GO:0042100,B cell proliferation,2.0463660069396383e-15,True,"""The expansion of a B cell population by cell division. Follows B cell activation."" [GOC:jl]",92,492,24,20972,0.04878048780487805,0.2608695652173913,query_1,"['GO:0042113', 'GO:0046651']"
GO:CC,GO:0000323,lytic vacuole,2.0529720897182184e-15,True,"""A vacuole that is maintained at an acidic pH and which contains degradative enzymes, including a wide variety of acid hydrolases."" [GOC:krc]",787,497,62,22155,0.12474849094567404,0.07878017789072427,query_1,['GO:0005773']
GO:CC,GO:0005764,lysosome,2.0529720897182184e-15,True,"""A small lytic vacuole that has cell cycle-independent morphology found in most animal cells and that contains a variety of hydrolases, most of which have their maximal activities in the pH range 5-6. The contained enzymes display latency if properly isolated. About 40 different lysosomal hydrolases are known and lysosomes have a great variety of morphologies and functions."" [GOC:mah, ISBN:0198506732]",787,497,62,22155,0.12474849094567404,0.07878017789072427,query_1,['GO:0000323']
GO:BP,GO:0043066,negative regulation of apoptotic process,2.0707791438054657e-15,True,"""Any process that stops, prevents, or reduces the frequency, rate or extent of cell death by apoptotic process."" [GOC:jl, GOC:mtg_apoptosis]",856,492,68,20972,0.13821138211382114,0.0794392523364486,query_1,"['GO:0006915', 'GO:0042981', 'GO:0043069']"
GO:BP,GO:0043542,endothelial cell migration,2.2340739486251205e-15,True,"""The orderly movement of an endothelial cell into the extracellular matrix to form an endothelium."" [GOC:go_curators]",228,492,35,20972,0.07113821138211382,0.15350877192982457,query_1,['GO:0016477']
KEGG,KEGG:05145,Toxoplasmosis,2.499921698805579e-15,True,Toxoplasmosis,109,416,32,8716,0.07692307692307693,0.29357798165137616,query_1,['KEGG:00000']
GO:BP,GO:0045580,regulation of T cell differentiation,3.0663850128567914e-15,True,"""Any process that modulates the frequency, rate or extent of T cell differentiation."" [GOC:go_curators]",188,492,32,20972,0.06504065040650407,0.1702127659574468,query_1,"['GO:0030217', 'GO:0045619', 'GO:0050863']"
WP,WP:WP4494,Selective expression of chemokine receptors during T cell polarization,3.199753686288264e-15,True,Selective expression of chemokine receptors during T cell polarization,29,410,18,8899,0.04390243902439024,0.6206896551724138,query_1,['WP:000000']
KEGG,KEGG:04650,Natural killer cell mediated cytotoxicity,3.3231674634853527e-15,True,Natural killer cell mediated cytotoxicity,125,416,34,8716,0.08173076923076923,0.272,query_1,['KEGG:00000']
WP,WP:WP5115,Network map of SARS CoV 2 signaling,3.564434493391235e-15,True,Network map of SARS CoV 2 signaling,253,410,48,8899,0.11707317073170732,0.18972332015810275,query_1,['WP:000000']
GO:BP,GO:0032729,positive regulation of type II interferon production,3.6017257714789346e-15,True,"""Any process that activates or increases the frequency, rate, or extent of interferon-gamma production. Interferon-gamma is also known as type II interferon."" [GOC:add, GOC:mah, PMID:15546383]",75,492,22,20972,0.044715447154471545,0.29333333333333333,query_1,"['GO:0001819', 'GO:0032609', 'GO:0032649']"
GO:BP,GO:0001934,positive regulation of protein phosphorylation,3.642679454565186e-15,True,"""Any process that activates or increases the frequency, rate or extent of addition of phosphate groups to amino acids within a protein."" [GOC:hjd]",309,492,40,20972,0.08130081300813008,0.12944983818770225,query_1,"['GO:0001932', 'GO:0006468', 'GO:0031401', 'GO:0042327']"
GO:BP,GO:0045766,positive regulation of angiogenesis,3.823000494726265e-15,True,"""Any process that activates or increases angiogenesis."" [GOC:go_curators]",163,492,30,20972,0.06097560975609756,0.18404907975460122,query_1,"['GO:0001525', 'GO:0045765', 'GO:1904018']"
GO:BP,GO:1903034,regulation of response to wounding,3.823000494726265e-15,True,"""Any process that modulates the frequency, rate or extent of response to wounding."" [GO_REF:0000058, GOC:kmv, GOC:TermGenie, PMID:19164535]",163,492,30,20972,0.06097560975609756,0.18404907975460122,query_1,"['GO:0009611', 'GO:0080134']"
GO:CC,GO:0030054,cell junction,3.998263627543021e-15,True,"""A cellular component that forms a specialized region of connection between two or more cells, or between a cell and the extracellular matrix, or between two membrane-bound components of a cell, such as flagella."" [GOC:aruk, GOC:bc, GOC:mah, ISBN:0198506732, PMID:26820516, PMID:28096264]",2370,497,119,22155,0.23943661971830985,0.05021097046413502,query_1,['GO:0110165']
GO:BP,GO:0001774,microglial cell activation,4.992911501064269e-15,True,"""The change in morphology and behavior of a microglial cell resulting from exposure to a cytokine, chemokine, cellular ligand, or soluble factor."" [GOC:mgi_curators, PMID:10626665, PMID:10695728, PMID:12580336, PMID:9893949]",44,492,18,20972,0.036585365853658534,0.4090909090909091,query_1,"['GO:0002269', 'GO:0042116', 'GO:0061900']"
GO:BP,GO:0032613,interleukin-10 production,5.216875365867345e-15,True,"""The appearance of interleukin-10 due to biosynthesis or secretion following a cellular stimulus, resulting in an increase in its intracellular or extracellular levels."" [GOC:mah]",59,492,20,20972,0.04065040650406504,0.3389830508474576,query_1,['GO:0001816']
GO:BP,GO:0032653,regulation of interleukin-10 production,5.216875365867345e-15,True,"""Any process that modulates the frequency, rate, or extent of interleukin-10 production."" [GOC:mah]",59,492,20,20972,0.04065040650406504,0.3389830508474576,query_1,"['GO:0001817', 'GO:0032613']"
GO:CC,GO:0098644,complex of collagen trimers,5.537499992055707e-15,True,"""A complex of collagen trimers such as a fibril or collagen network."" [GOC:dos]",30,497,15,22155,0.030181086519114688,0.5,query_1,"['GO:0031012', 'GO:0099080']"
GO:BP,GO:0050673,epithelial cell proliferation,5.558663725447313e-15,True,"""The multiplication or reproduction of epithelial cells, resulting in the expansion of a cell population. Epithelial cells make up the epithelium, the covering of internal and external surfaces of the body, including the lining of vessels and other small cavities. It consists of cells joined by small amounts of cementing substances."" [ISBN:0721662544]",435,492,47,20972,0.09552845528455285,0.10804597701149425,query_1,['GO:0008283']
GO:BP,GO:0032755,positive regulation of interleukin-6 production,6.058498653988859e-15,True,"""Any process that activates or increases the frequency, rate, or extent of interleukin-6 production."" [GOC:mah]",96,492,24,20972,0.04878048780487805,0.25,query_1,"['GO:0001819', 'GO:0032635', 'GO:0032675']"
GO:BP,GO:0030101,natural killer cell activation,7.877569666543346e-15,True,"""The change in morphology and behavior of a natural killer cell in response to a cytokine, chemokine, cellular ligand, or soluble factor."" [GOC:mgi_curators, ISBN:0781735149]",97,492,24,20972,0.04878048780487805,0.24742268041237114,query_1,['GO:0046649']
GO:BP,GO:0048143,astrocyte activation,8.57829887306168e-15,True,"""A change in morphology and behavior of an astrocyte resulting from exposure to a cytokine, chemokine, cellular ligand, or soluble factor."" [GOC:mgi_curators, PMID:10526094, PMID:10695728, PMID:12529254, PMID:12580336, PMID:9585813]",22,492,14,20972,0.028455284552845527,0.6363636363636364,query_1,"['GO:0014002', 'GO:0061900']"
GO:CC,GO:0008305,integrin complex,1.0510063841012093e-14,True,"""A protein complex that is composed of one alpha subunit and one beta subunit, both of which are members of the integrin superfamily of cell adhesion receptors; the complex spans the plasma membrane and binds to extracellular matrix ligands, cell-surface ligands, and soluble ligands."" [PMID:17543136]",31,497,15,22155,0.030181086519114688,0.4838709677419355,query_1,"['GO:0098636', 'GO:0098802']"
GO:CC,GO:0098796,membrane protein complex,1.0840789944252245e-14,True,"""Any protein complex that is part of a membrane."" [GOC:dos]",1402,497,85,22155,0.1710261569416499,0.06062767475035663,query_1,"['GO:0016020', 'GO:0032991']"
GO:BP,GO:0002889,regulation of immunoglobulin mediated immune response,1.1148439889830465e-14,True,"""Any process that modulates the frequency, rate, or extent of an immunoglobulin mediated immune response."" [GOC:add]",61,492,20,20972,0.04065040650406504,0.32786885245901637,query_1,"['GO:0002712', 'GO:0016064']"
GO:BP,GO:0002712,regulation of B cell mediated immunity,1.1148439889830465e-14,True,"""Any process that modulates the frequency, rate, or extent of B cell mediated immunity."" [GOC:add]",61,492,20,20972,0.04065040650406504,0.32786885245901637,query_1,"['GO:0002706', 'GO:0002822', 'GO:0019724']"
GO:BP,GO:0045089,positive regulation of innate immune response,1.1344573392950001e-14,True,"""Any process that activates or increases the frequency, rate or extent of the innate immune response, the organism's first line of defense against infection."" [GOC:ebc]",388,492,44,20972,0.08943089430894309,0.1134020618556701,query_1,"['GO:0002833', 'GO:0031349', 'GO:0032103', 'GO:0045087', 'GO:0045088', 'GO:0050778']"
GO:BP,GO:1904646,cellular response to amyloid-beta,1.1909893222774047e-14,True,"""Any process that results in a change in state or activity of a cell (in terms of movement, secretion, enzyme production, gene expression, etc.) as a result of a amyloid-beta stimulus."" [GO_REF:0000071, GOC:TermGenie, PMID:23555824]",39,492,17,20972,0.034552845528455285,0.4358974358974359,query_1,"['GO:1901699', 'GO:1901701', 'GO:1904645']"
KEGG,KEGG:05140,Leishmaniasis,1.3272803313034708e-14,True,Leishmaniasis,73,416,26,8716,0.0625,0.3561643835616438,query_1,['KEGG:00000']
GO:BP,GO:0043069,negative regulation of programmed cell death,1.3429639512727915e-14,True,"""Any process that stops, prevents, or reduces the frequency, rate or extent of programmed cell death, cell death resulting from activation of endogenous cellular processes."" [GOC:jl]",887,492,68,20972,0.13821138211382114,0.07666290868094701,query_1,"['GO:0012501', 'GO:0043067', 'GO:0048523']"
GO:BP,GO:0050864,regulation of B cell activation,1.47046904468089e-14,True,"""Any process that modulates the frequency, rate or extent of B cell activation."" [GOC:ai]",133,492,27,20972,0.054878048780487805,0.20300751879699247,query_1,"['GO:0042113', 'GO:0051249']"
GO:BP,GO:0048513,animal organ development,1.6144414672350436e-14,True,"""Development of a tissue or tissues that work together to perform a specific function or functions. Development pertains to the process whose specific outcome is the progression of a structure over time, from its formation to the mature structure. Organs are commonly observed as visibly distinct structures, but may also exist as loosely associated clusters of cells that work together to perform a specific function or functions."" [GOC:dph, GOC:jid]",3018,492,144,20972,0.2926829268292683,0.04771371769383698,query_1,['GO:0048856']
GO:BP,GO:0001913,T cell mediated cytotoxicity,1.6569739461897133e-14,True,"""The directed killing of a target cell by a T cell through the release of granules containing cytotoxic mediators or through the engagement of death receptors."" [GOC:add, GOC:pr, ISBN:0781735149, PMID:11911826]",54,492,19,20972,0.03861788617886179,0.35185185185185186,query_1,"['GO:0001909', 'GO:0002456']"
GO:MF,GO:0023026,MHC class II protein complex binding,1.8254367961991682e-14,True,"""Binding to a class II major histocompatibility complex."" [GOC:mtg_signal, GOC:vw]",24,490,14,20208,0.02857142857142857,0.5833333333333334,query_1,['GO:0023023']
GO:BP,GO:0002724,regulation of T cell cytokine production,2.0269666733198948e-14,True,"""Any process that modulates the frequency, rate, or extent of T cell cytokine production."" [GOC:add]",40,492,17,20972,0.034552845528455285,0.425,query_1,"['GO:0002369', 'GO:0002709', 'GO:0002718']"
GO:BP,GO:0002369,T cell cytokine production,2.0269666733198948e-14,True,"""Any process that contributes to cytokine production by a T cell."" [GOC:add, ISBN:0781735149]",40,492,17,20972,0.034552845528455285,0.425,query_1,"['GO:0002367', 'GO:0002456']"
GO:BP,GO:0002269,leukocyte activation involved in inflammatory response,2.0763031610588594e-14,True,"""A change in the morphology or behavior of a leukocyte resulting from exposure to an activating factor such as a cellular or soluble ligand, leading to the initiation or perpetuation of an inflammatory response."" [GOC:add, ISBN:0781735149]",47,492,18,20972,0.036585365853658534,0.3829787234042553,query_1,"['GO:0006954', 'GO:0045321']"
HPA,HPA:0461431,Skin 1; extracellular matrix[≥Low],2.1771860583911675e-14,True,Skin 1; extracellular matrix[≥Low],60,355,21,11007,0.059154929577464786,0.35,query_1,['HPA:0460000']
GO:CC,GO:0031091,platelet alpha granule,2.335771990250229e-14,True,"""A secretory organelle found in blood platelets, which is unique in that it exhibits further compartmentalization and acquires its protein content via two distinct mechanisms: (1) biosynthesis predominantly at the megakaryocyte (MK) level (with some vestigial platelet synthesis) (e.g. platelet factor 4) and (2) endocytosis and pinocytosis at both the MK and circulating platelet levels (e.g. fibrinogen (Fg) and IgG)."" [PMID:8467233]",92,497,22,22155,0.04426559356136821,0.2391304347826087,query_1,['GO:0030141']
GO:BP,GO:0002717,positive regulation of natural killer cell mediated immunity,2.471113499319481e-14,True,"""Any process that activates or increases the frequency, rate, or extent of natural killer cell mediated immunity."" [GOC:add]",34,492,16,20972,0.032520325203252036,0.47058823529411764,query_1,"['GO:0002228', 'GO:0002708', 'GO:0002715', 'GO:0045089']"
GO:BP,GO:2000401,regulation of lymphocyte migration,2.5042071090889382e-14,True,"""Any process that modulates the frequency, rate or extent of lymphocyte migration."" [GOC:mah]",72,492,21,20972,0.042682926829268296,0.2916666666666667,query_1,"['GO:0071675', 'GO:0072676']"
GO:BP,GO:0050817,coagulation,2.6759410550375944e-14,True,"""The process in which a fluid solution, or part of it, changes into a solid or semisolid mass."" [ISBN:0198506732]",246,492,35,20972,0.07113821138211382,0.14227642276422764,query_1,['GO:0032501']
HPA,HPA:0471431,Skin 2; extracellular matrix[≥Low],2.7070093352360072e-14,True,Skin 2; extracellular matrix[≥Low],68,355,22,11007,0.061971830985915494,0.3235294117647059,query_1,['HPA:0470000']
GO:BP,GO:2000514,"regulation of CD4-positive, alpha-beta T cell activation",3.0459369779169563e-14,True,"""Any process that modulates the frequency, rate or extent of CD4-positive, alpha-beta T cell activation."" [GOC:obol]",82,492,22,20972,0.044715447154471545,0.2682926829268293,query_1,"['GO:0035710', 'GO:0046634']"
HPA,HPA:0471443,Skin 2; fibrohistiocytic cells[High],3.5244676536685715e-14,True,Skin 2; fibrohistiocytic cells[High],466,355,54,11007,0.15211267605633802,0.11587982832618025,query_1,['HPA:0471442']
REAC,REAC:R-HSA-162582,Signal Transduction,3.83026509474026e-14,True,Signal Transduction,2570,456,184,11056,0.40350877192982454,0.0715953307392996,query_1,['REAC:0000000']
GO:BP,GO:0048708,astrocyte differentiation,4.055525987960071e-14,True,"""The process in which a relatively unspecialized cell acquires the specialized features of an astrocyte. An astrocyte is the most abundant type of glial cell. Astrocytes provide support for neurons and regulate the environment in which they function."" [GOC:vp, PMID:15139015]",83,492,22,20972,0.044715447154471545,0.26506024096385544,query_1,"['GO:0007417', 'GO:0010001']"
GO:BP,GO:0021782,glial cell development,4.8926549387027544e-14,True,"""The process aimed at the progression of a glial cell over time, from initial commitment of the cell to a specific fate, to the fully functional differentiated cell."" [GO_REF:0000021, GOC:cls, GOC:dgh, GOC:dph, GOC:jid]",127,492,26,20972,0.052845528455284556,0.2047244094488189,query_1,"['GO:0010001', 'GO:0048468']"
GO:BP,GO:0019724,B cell mediated immunity,5.019063935518842e-14,True,"""Any process involved with the carrying out of an immune response by a B cell, through, for instance, the production of antibodies or cytokines, or antigen presentation to T cells."" [GO_REF:0000022, GOC:add, ISBN:0781735149]",206,492,32,20972,0.06504065040650407,0.1553398058252427,query_1,"['GO:0002449', 'GO:0002460']"
HP,HP:0001871,Abnormality of blood and blood-forming tissues,5.132313566569836e-14,True,An abnormality of the hematopoietic system.,1558,204,118,5200,0.5784313725490197,0.07573812580231065,query_1,['HP:0000118']
REAC,REAC:R-HSA-375276,Peptide ligand-binding receptors,5.157997960162224e-14,True,Peptide ligand-binding receptors,195,456,39,11056,0.08552631578947369,0.2,query_1,['REAC:R-HSA-373076']
REAC,REAC:R-HSA-8948216,Collagen chain trimerization,5.214207306931505e-14,True,Collagen chain trimerization,44,456,20,11056,0.043859649122807015,0.45454545454545453,query_1,['REAC:R-HSA-1650814']
GO:BP,GO:0042742,defense response to bacterium,5.876976869718255e-14,True,"""Reactions triggered in response to the presence of a bacterium that act to protect the cell or organism."" [GOC:jl]",334,492,40,20972,0.08130081300813008,0.11976047904191617,query_1,"['GO:0006952', 'GO:0009617']"
REAC,REAC:R-HSA-373076,Class A/1 (Rhodopsin-like receptors),6.031841573242229e-14,True,Class A/1 (Rhodopsin-like receptors),328,456,51,11056,0.1118421052631579,0.15548780487804878,query_1,['REAC:R-HSA-500792']
GO:BP,GO:0001932,regulation of protein phosphorylation,7.996329386785624e-14,True,"""Any process that modulates the frequency, rate or extent of addition of phosphate groups into an amino acid in a protein."" [GOC:hjd]",504,492,49,20972,0.09959349593495935,0.09722222222222222,query_1,"['GO:0006468', 'GO:0031399', 'GO:0042325']"
HP,HP:0002829,Arthralgia,8.00967205744177e-14,True,Joint pain.,198,204,38,5200,0.18627450980392157,0.1919191919191919,query_1,['HP:0012531']
GO:BP,GO:0050678,regulation of epithelial cell proliferation,9.433194382959962e-14,True,"""Any process that modulates the frequency, rate or extent of epithelial cell proliferation."" [GOC:ai]",356,492,41,20972,0.08333333333333333,0.1151685393258427,query_1,"['GO:0042127', 'GO:0050673']"
GO:BP,GO:0007596,blood coagulation,1.034052697048657e-13,True,"""The sequential process in which the multiple coagulation factors of the blood interact, ultimately resulting in the formation of an insoluble fibrin clot; it may be divided into three stages: stage 1, the formation of intrinsic and extrinsic prothrombin converting principle; stage 2, the formation of thrombin; stage 3, the formation of stable fibrin polymers."" [PMID:30700128]",241,492,34,20972,0.06910569105691057,0.14107883817427386,query_1,"['GO:0007599', 'GO:0042060', 'GO:0050817']"
HPA,HPA:0401332,Rectum; mucosal lymphoid cells[≥Medium],1.0424856021289892e-13,True,Rectum; mucosal lymphoid cells[≥Medium],399,355,49,11007,0.13802816901408452,0.12280701754385964,query_1,['HPA:0401331']
GO:BP,GO:0002407,dendritic cell chemotaxis,1.1210493843743437e-13,True,"""The movement of a dendritic cell in response to an external stimulus."" [CL:0000451, GOC:add, ISBN:0781735149, PMID:15814331, PMID:16056255]",25,492,14,20972,0.028455284552845527,0.56,query_1,"['GO:0030595', 'GO:0036336']"
GO:BP,GO:0065009,regulation of molecular function,1.1629394288867888e-13,True,"""Any process that modulates the frequency, rate or extent of a molecular function, an elemental biological activity occurring at the molecular level, such as catalysis or binding."" [GOC:isa_complete]",1070,492,74,20972,0.15040650406504066,0.0691588785046729,query_1,['GO:0065007']
KEGG,KEGG:05416,Viral myocarditis,1.1857085308492895e-13,True,Viral myocarditis,66,416,24,8716,0.057692307692307696,0.36363636363636365,query_1,['KEGG:00000']
GO:CC,GO:0005773,vacuole,1.254720479909221e-13,True,"""A closed structure, found only in eukaryotic cells, that is completely surrounded by unit membrane and contains liquid material. Cells contain one or several vacuoles, that may have different functions from each other. Vacuoles have a diverse array of functions. They can act as a storage organelle for nutrients or waste products, as a degradative compartment, as a cost-effective way of increasing cell size, and as a homeostatic regulator controlling both turgor pressure and pH of the cytosol."" [GOC:mtg_sensu, ISBN:0198506732]",882,497,63,22155,0.1267605633802817,0.07142857142857142,query_1,"['GO:0005737', 'GO:0043231']"
GO:BP,GO:0001916,positive regulation of T cell mediated cytotoxicity,1.353082865636458e-13,True,"""Any process that activates or increases the frequency, rate or extent of T cell mediated cytotoxicity."" [GOC:add, ISBN:0781735149]",37,492,16,20972,0.032520325203252036,0.43243243243243246,query_1,"['GO:0001912', 'GO:0001913', 'GO:0001914', 'GO:0002711']"
GO:BP,GO:0019883,antigen processing and presentation of endogenous antigen,1.5468772275674524e-13,True,"""The process in which an antigen-presenting cell expresses antigen (peptide or lipid) of endogenous origin on its cell surface in association with an MHC protein complex."" [GOC:add, ISBN:0781735149, PMID:15771591, PMID:15928678]",31,492,15,20972,0.03048780487804878,0.4838709677419355,query_1,['GO:0019882']
GO:BP,GO:0010721,negative regulation of cell development,1.5845845393245086e-13,True,"""Any process that decreases the rate, frequency or extent of the progression of the cell over time, from its formation to the mature structure. Cell development does not include the steps involved in committing a cell to a specific fate."" [GOC:BHF, GOC:dph, GOC:tb]",260,492,35,20972,0.07113821138211382,0.1346153846153846,query_1,"['GO:0045596', 'GO:0048468', 'GO:0060284']"
GO:CC,GO:0010008,endosome membrane,1.643973510009075e-13,True,"""The lipid bilayer surrounding an endosome."" [GOC:mah]",585,497,50,22155,0.1006036217303823,0.08547008547008547,query_1,"['GO:0005768', 'GO:0030659', 'GO:0098588']"
GO:BP,GO:0032722,positive regulation of chemokine production,1.7378383659007256e-13,True,"""Any process that activates or increases the frequency, rate, or extent of chemokine production."" [GOC:mah]",69,492,20,20972,0.04065040650406504,0.2898550724637681,query_1,"['GO:0001819', 'GO:0032602', 'GO:0032642']"
GO:MF,GO:0042802,identical protein binding,1.9656476877996462e-13,True,"""Binding to an identical protein or proteins."" [GOC:jl]",2179,490,115,20208,0.23469387755102042,0.05277650298301973,query_1,['GO:0005515']
GO:CC,GO:0035579,specific granule membrane,2.0402137292958693e-13,True,"""The lipid bilayer surrounding a specific granule, a granule with a membranous, tubular internal structure, found primarily in mature neutrophil cells. Most are released into the extracellular fluid. Specific granules contain lactoferrin, lysozyme, vitamin B12 binding protein and elastase."" [GOC:bf, PMID:7334549]",90,497,21,22155,0.04225352112676056,0.23333333333333334,query_1,"['GO:0030667', 'GO:0042581']"
GO:BP,GO:0034612,response to tumor necrosis factor,2.0860482766467677e-13,True,"""Any process that results in a change in state or activity of a cell or an organism (in terms of movement, secretion, enzyme production, gene expression, etc.) as a result of a tumor necrosis factor stimulus."" [GOC:mah]",216,492,32,20972,0.06504065040650407,0.14814814814814814,query_1,['GO:0034097']
GO:BP,GO:2000403,positive regulation of lymphocyte migration,2.261536886086965e-13,True,"""Any process that activates or increases the frequency, rate or extent of lymphocyte migration."" [GOC:mah]",45,492,17,20972,0.034552845528455285,0.37777777777777777,query_1,"['GO:0071677', 'GO:0072676', 'GO:2000401']"
GO:BP,GO:0045621,positive regulation of lymphocyte differentiation,2.398144387617464e-13,True,"""Any process that activates or increases the frequency, rate or extent of lymphocyte differentiation."" [GOC:go_curators]",135,492,26,20972,0.052845528455284556,0.1925925925925926,query_1,"['GO:0030098', 'GO:0045619', 'GO:0051251', 'GO:1902107']"
GO:BP,GO:0007599,hemostasis,2.5299163975654205e-13,True,"""The stopping of bleeding (loss of body fluid) or the arrest of the circulation to an organ or part."" [ISBN:0198506732]",248,492,34,20972,0.06910569105691057,0.13709677419354838,query_1,['GO:0050878']
GO:BP,GO:0007167,enzyme-linked receptor protein signaling pathway,2.640981962790761e-13,True,"""The series of molecular signals initiated by an extracellular ligand binding to a receptor on the surface of the target cell, where the receptor possesses catalytic activity or is closely associated with an enzyme such as a protein kinase, and ending with the regulation of a downstream cellular process, e.g. transcription."" [GOC:mah, GOC:signaling, ISBN:0815316194]",988,492,70,20972,0.14227642276422764,0.0708502024291498,query_1,['GO:0007166']
GO:BP,GO:0016064,immunoglobulin mediated immune response,2.6517596436570075e-13,True,"""An immune response mediated by immunoglobulins, whether cell-bound or in solution."" [GO_REF:0000022, GOC:add, ISBN:0781735149]",203,492,31,20972,0.06300813008130081,0.15270935960591134,query_1,['GO:0019724']
REAC,REAC:R-HSA-2022090,Assembly of collagen fibrils and other multimeric structures,3.8144069895140907e-13,True,Assembly of collagen fibrils and other multimeric structures,60,456,22,11056,0.04824561403508772,0.36666666666666664,query_1,['REAC:R-HSA-1474290']
KEGG,KEGG:05321,Inflammatory bowel disease,4.309395915691924e-13,True,Inflammatory bowel disease,63,416,23,8716,0.055288461538461536,0.36507936507936506,query_1,['KEGG:00000']
GO:MF,GO:0016493,C-C chemokine receptor activity,4.511433917584366e-13,True,"""Combining with a C-C chemokine and transmitting the signal from one side of the membrane to the other to initiate a change in cell activity. C-C chemokines do not have an amino acid between the first two cysteines of the characteristic four-cysteine motif."" [GOC:signaling, PMID:8662823]",23,490,13,20208,0.026530612244897958,0.5652173913043478,query_1,['GO:0004950']
GO:BP,GO:1901224,positive regulation of non-canonical NF-kappaB signal transduction,4.551682092957988e-13,True,"""Any process that activates or increases the frequency, rate or extent of the non-canonical NF-kappaB cascade."" [GOC:TermGenie]",63,492,19,20972,0.03861788617886179,0.30158730158730157,query_1,"['GO:0038061', 'GO:1901222', 'GO:1902533']"
GO:CC,GO:0005783,endoplasmic reticulum,5.142271135442913e-13,True,"""The irregular network of unit membranes, visible only by electron microscopy, that occurs in the cytoplasm of many eukaryotic cells. The membranes form a complex meshwork of tubular channels, which are often expanded into slitlike cavities called cisternae. The ER takes two forms, rough (or granular), with ribosomes adhering to the outer surface, and smooth (with no ribosomes attached)."" [ISBN:0198506732]",2119,497,106,22155,0.21327967806841047,0.05002359603586597,query_1,"['GO:0005737', 'GO:0012505', 'GO:0043231']"
GO:BP,GO:0022008,neurogenesis,5.158172521055082e-13,True,"""Generation of cells within the nervous system."" [GO_REF:0000021, GOC:cls, GOC:curators, GOC:dgh, GOC:dph, GOC:jid]",1769,492,99,20972,0.20121951219512196,0.05596382136800452,query_1,"['GO:0007399', 'GO:0030154']"
GO:BP,GO:0046633,alpha-beta T cell proliferation,5.382159398181784e-13,True,"""The expansion of an alpha-beta T cell population by cell division."" [GOC:ai]",47,492,17,20972,0.034552845528455285,0.3617021276595745,query_1,"['GO:0042098', 'GO:0046631']"
GO:BP,GO:0019884,antigen processing and presentation of exogenous antigen,5.382159398181784e-13,True,"""The process in which an antigen-presenting cell expresses antigen (peptide or lipid) of exogenous origin on its cell surface in association with an MHC protein complex."" [GOC:add, ISBN:0781735149, PMID:15771591, PMID:15928678]",47,492,17,20972,0.034552845528455285,0.3617021276595745,query_1,['GO:0019882']
GO:BP,GO:0046635,positive regulation of alpha-beta T cell activation,5.922953248475259e-13,True,"""Any process that activates or increases the frequency, rate or extent of alpha-beta T cell activation."" [GOC:ai]",73,492,20,20972,0.04065040650406504,0.273972602739726,query_1,"['GO:0046631', 'GO:0046634', 'GO:0050870']"
WP,WP:WP5092,Interactions of natural killer cells in pancreatic cancer,6.14962880110317e-13,True,Interactions of natural killer cells in pancreatic cancer,27,410,16,8899,0.03902439024390244,0.5925925925925926,query_1,['WP:000000']
GO:BP,GO:0006810,transport,7.831321459651426e-13,True,"""The directed movement of substances (such as macromolecules, small molecules, ions) or cellular components (such as complexes and organelles) into, out of or within a cell, or between cells, or within a multicellular organism by means of some agent such as a transporter or a transporter complex, a pore or a motor protein."" [GOC:dos, GOC:dph, GOC:jl, GOC:mah]",4370,492,180,20972,0.36585365853658536,0.041189931350114416,query_1,['GO:0051234']
GO:BP,GO:0006509,membrane protein ectodomain proteolysis,8.155389498592086e-13,True,"""The proteolytic cleavage of transmembrane proteins and release of their ectodomain (extracellular domain)."" [GOC:jl, PMID:24227200]",48,492,17,20972,0.034552845528455285,0.3541666666666667,query_1,['GO:0033619']
GO:BP,GO:0050790,regulation of catalytic activity,8.905159693676335e-13,True,"""Any process that modulates the activity of an enzyme."" [GOC:ai, GOC:ebc, GOC:vw]",774,492,60,20972,0.12195121951219512,0.07751937984496124,query_1,['GO:0065009']
GO:BP,GO:0045589,regulation of regulatory T cell differentiation,8.954510476395748e-13,True,"""Any process that modulates the frequency, rate or extent of differentiation of regulatory T cells."" [ISBN:0781735149]",34,492,15,20972,0.03048780487804878,0.4411764705882353,query_1,"['GO:0045066', 'GO:0045580']"
HPA,HPA:0461432,Skin 1; extracellular matrix[≥Medium],9.082136035397716e-13,True,Skin 1; extracellular matrix[≥Medium],48,355,18,11007,0.05070422535211268,0.375,query_1,['HPA:0461431']
GO:MF,GO:0019957,C-C chemokine binding,9.627395107905898e-13,True,"""Binding to a C-C chemokine; C-C chemokines do not have an amino acid between the first two cysteines of the characteristic four-cysteine motif."" [GOC:ai]",24,490,13,20208,0.026530612244897958,0.5416666666666666,query_1,['GO:0019956']
KEGG,KEGG:04145,Phagosome,1.0808377467207157e-12,True,Phagosome,149,416,34,8716,0.08173076923076923,0.22818791946308725,query_1,['KEGG:00000']
GO:BP,GO:0002820,negative regulation of adaptive immune response,1.2036811957586523e-12,True,"""Any process that stops, prevents, or reduces the frequency, rate, or extent of an adaptive immune response."" [GOC:add]",66,492,19,20972,0.03861788617886179,0.2878787878787879,query_1,"['GO:0002250', 'GO:0002819', 'GO:0050777']"
REAC,REAC:R-HSA-5669034,TNFs bind their physiological receptors,1.2324319932306721e-12,True,TNFs bind their physiological receptors,29,456,16,11056,0.03508771929824561,0.5517241379310345,query_1,['REAC:R-HSA-5668541']
GO:BP,GO:0034330,cell junction organization,1.4803877225658135e-12,True,"""A process that is carried out at the cellular level which results in the assembly, arrangement of constituent parts, or disassembly of a cell junction. A cell junction is a specialized region of connection between two cells or between a cell and the extracellular matrix."" [GOC:dph, GOC:jl, GOC:mah]",829,492,62,20972,0.12601626016260162,0.07478890229191798,query_1,['GO:0016043']
GO:BP,GO:0032735,positive regulation of interleukin-12 production,1.5707283026583086e-12,True,"""Any process that activates or increases the frequency, rate, or extent of interleukin-12 production."" [GOC:mah]",42,492,16,20972,0.032520325203252036,0.38095238095238093,query_1,"['GO:0001819', 'GO:0032615', 'GO:0032655']"
GO:BP,GO:0002891,positive regulation of immunoglobulin mediated immune response,1.5707283026583086e-12,True,"""Any process that activates or increases the frequency, rate, or extent of an immunoglobulin mediated immune response."" [GOC:add]",42,492,16,20972,0.032520325203252036,0.38095238095238093,query_1,"['GO:0002714', 'GO:0002889', 'GO:0016064']"
GO:BP,GO:0002714,positive regulation of B cell mediated immunity,1.5707283026583086e-12,True,"""Any process that activates or increases the frequency, rate, or extent of B cell mediated immunity."" [GOC:add]",42,492,16,20972,0.032520325203252036,0.38095238095238093,query_1,"['GO:0002708', 'GO:0002712', 'GO:0002824', 'GO:0019724']"
GO:BP,GO:0030888,regulation of B cell proliferation,1.6441274906341727e-12,True,"""Any process that modulates the frequency, rate or extent of B cell proliferation."" [GOC:mah]",67,492,19,20972,0.03861788617886179,0.2835820895522388,query_1,"['GO:0042100', 'GO:0050670', 'GO:0050864']"
HPA,HPA:0131331,Colon; mucosal lymphoid cells[≥Low],1.7628012208167298e-12,True,Colon; mucosal lymphoid cells[≥Low],510,355,54,11007,0.15211267605633802,0.10588235294117647,query_1,['HPA:0130000']
KEGG,KEGG:05146,Amoebiasis,1.805446848432864e-12,True,Amoebiasis,102,416,28,8716,0.0673076923076923,0.27450980392156865,query_1,['KEGG:00000']
GO:BP,GO:0042088,T-helper 1 type immune response,1.8120278660325684e-12,True,"""An immune response which is associated with resistance to intracellular bacteria, fungi, and protozoa, and pathological conditions such as arthritis, and which is typically orchestrated by the production of particular cytokines by T-helper 1 cells, most notably interferon-gamma, IL-2, and lymphotoxin."" [GOC:add, ISBN:0781735149]",50,492,17,20972,0.034552845528455285,0.34,query_1,['GO:0002460']
GO:BP,GO:0038061,non-canonical NF-kappaB signal transduction,1.830081895005503e-12,True,"""An intracellular signaling cassette characterized by the NIK-dependent processing and activation of NF-kappaB. Begins with activation of the NF-kappaB-inducing kinase (NIK), which in turn phosphorylates and activates IkappaB kinase alpha (IKKalpha). IKKalpha phosphorylates the NF-kappa B2 protein (p100) leading to p100 processing and release of an active NF-kappaB (p52). The non-canonical NF-kappaB signaling pathway is generally activated by ligands of the TNF receptor superfamily, including lymphotoxin beta (LTB), CD40, OX40, RANK, TWEAK and B cell-activating factor (BAFF)."" [GOC:bf, GOC:mg2, GOC:signaling, GOC:vs, PMID:11239468, PMID:15140882, PMID:34659217]",121,492,24,20972,0.04878048780487805,0.19834710743801653,query_1,['GO:0141124']
GO:BP,GO:0016310,phosphorylation,1.93843968824282e-12,True,"""The process of introducing a phosphate group into a molecule, usually with the formation of a phosphoric ester, a phosphoric anhydride or a phosphoric amide."" [ISBN:0198506732]",1077,492,72,20972,0.14634146341463414,0.06685236768802229,query_1,['GO:0006796']
GO:CC,GO:0005794,Golgi apparatus,2.1583789234244218e-12,True,"""A membrane-bound cytoplasmic organelle of the endomembrane system that further processes the core oligosaccharides (e.g. N-glycans) added to proteins in the endoplasmic reticulum and packages them into membrane-bound vesicles. The Golgi apparatus operates at the intersection of the secretory, lysosomal, and endocytic pathways."" [ISBN:0198506732, PMID:9695800]",1680,497,90,22155,0.18108651911468812,0.05357142857142857,query_1,"['GO:0005737', 'GO:0012505', 'GO:0043231']"
GO:BP,GO:0048002,antigen processing and presentation of peptide antigen,2.2327439359646368e-12,True,"""The process in which an antigen-presenting cell expresses peptide antigen in association with an MHC protein complex on its cell surface, including proteolysis and transport steps for the peptide antigen both prior to and following assembly with the MHC protein complex. The peptide antigen is typically, but not always, processed from an endogenous or exogenous protein."" [GOC:add, ISBN:0781735149, PMID:15771591]",68,492,19,20972,0.03861788617886179,0.27941176470588236,query_1,['GO:0019882']
GO:CC,GO:0042613,MHC class II protein complex,2.3244536256108833e-12,True,"""A transmembrane protein complex composed of an MHC class II alpha and MHC class II beta chain, and with or without a bound peptide or polysaccharide antigen."" [GOC:add, GOC:jl, ISBN:0120781859, PMID:15928678]",17,497,11,22155,0.022132796780684104,0.6470588235294118,query_1,['GO:0042611']
WP,WP:WP4217,Ebola virus infection in host,2.346957164182005e-12,True,Ebola virus infection in host,128,410,31,8899,0.07560975609756097,0.2421875,query_1,['WP:000000']
GO:BP,GO:0008037,cell recognition,2.3523479082714945e-12,True,"""The process in which a cell in an organism interprets its surroundings."" [GOC:go_curators]",161,492,27,20972,0.054878048780487805,0.16770186335403728,query_1,['GO:0009987']
GO:BP,GO:0043277,apoptotic cell clearance,2.448098303251508e-12,True,"""The recognition and removal of an apoptotic cell by a neighboring cell or by a phagocyte."" [GOC:rk, PMID:14685684]",43,492,16,20972,0.032520325203252036,0.37209302325581395,query_1,['GO:0006909']
GO:BP,GO:0071402,cellular response to lipoprotein particle stimulus,2.5730250037338076e-12,True,"""Any process that results in a change in state or activity of a cell (in terms of movement, secretion, enzyme production, gene expression, etc.) as a result of a lipoprotein particle stimulus."" [GOC:mah]",36,492,15,20972,0.03048780487804878,0.4166666666666667,query_1,['GO:0051716']
GO:BP,GO:0007267,cell-cell signaling,2.599565605118697e-12,True,"""Any process that mediates the transfer of information from one cell to another. This process includes signal transduction in the receiving cell and, where applicable, release of a ligand and any processes that actively facilitate its transport and presentation to the receiving cell. Examples include signaling via soluble ligands, via cell adhesion molecules and via gap junctions."" [GOC:dos, GOC:mah]",1316,492,81,20972,0.16463414634146342,0.06155015197568389,query_1,"['GO:0007154', 'GO:0023052']"
GO:BP,GO:0002716,negative regulation of natural killer cell mediated immunity,2.7489953588585157e-12,True,"""Any process that stops, prevents, or reduces the frequency, rate, or extent of natural killer cell mediated immunity."" [GOC:add]",24,492,13,20972,0.026422764227642278,0.5416666666666666,query_1,"['GO:0002228', 'GO:0002707', 'GO:0002715', 'GO:0045824']"
KEGG,KEGG:05166,Human T-cell leukemia virus 1 infection,2.9531669885997103e-12,True,Human T-cell leukemia virus 1 infection,220,416,41,8716,0.0985576923076923,0.18636363636363637,query_1,['KEGG:00000']
GO:BP,GO:0050878,regulation of body fluid levels,3.005384868163141e-12,True,"""Any process that modulates the levels of body fluids."" [GOC:ai, GOC:dph, GOC:tb]",374,492,40,20972,0.08130081300813008,0.10695187165775401,query_1,['GO:0065008']
WP,WP:WP5055,Burn wound healing,3.082358027963489e-12,True,Burn wound healing,75,410,24,8899,0.05853658536585366,0.32,query_1,['WP:000000']
GO:BP,GO:0002637,regulation of immunoglobulin production,3.2082311951106827e-12,True,"""Any process that modulates the frequency, rate, or extent of immunoglobulin production."" [GOC:add]",79,492,20,20972,0.04065040650406504,0.25316455696202533,query_1,"['GO:0002377', 'GO:0002700']"
GO:MF,GO:0019899,enzyme binding,3.2399603104980154e-12,True,"""Binding to an enzyme, a protein with catalytic activity."" [GOC:jl]",2060,490,108,20208,0.22040816326530613,0.05242718446601942,query_1,['GO:0005515']
GO:BP,GO:0055094,response to lipoprotein particle,3.284620132906911e-12,True,"""Any process that results in a change in state or activity of a cell or an organism (in terms of movement, secretion, enzyme production, gene expression, etc.) as a result of a lipoprotein particle stimulus."" [GOC:BHF, GOC:rl]",30,492,14,20972,0.028455284552845527,0.4666666666666667,query_1,"['GO:0009719', 'GO:0042221']"
HP,HP:0002105,Hemoptysis,3.370749289814146e-12,True,"Coughing up (expectoration) of blood or blood-streaked sputum from the larynx, trachea, bronchi, or lungs.",90,204,25,5200,0.12254901960784313,0.2777777777777778,query_1,['HP:0032016']
GO:BP,GO:0043085,positive regulation of catalytic activity,3.4509488162464832e-12,True,"""Any process that activates or increases the activity of an enzyme."" [GOC:ebc, GOC:jl, GOC:tb, GOC:vw]",452,492,44,20972,0.08943089430894309,0.09734513274336283,query_1,"['GO:0044093', 'GO:0050790']"
GO:BP,GO:0071363,cellular response to growth factor stimulus,3.507421024935953e-12,True,"""Any process that results in a change in state or activity of a cell (in terms of movement, secretion, enzyme production, gene expression, etc.) as a result of a growth factor stimulus."" [GOC:mah]",706,492,56,20972,0.11382113821138211,0.07932011331444759,query_1,"['GO:0070848', 'GO:0071495']"
GO:BP,GO:0046640,regulation of alpha-beta T cell proliferation,3.764843507704105e-12,True,"""Any process that modulates the frequency, rate or extent of alpha-beta T cell proliferation."" [GOC:ai]",44,492,16,20972,0.032520325203252036,0.36363636363636365,query_1,"['GO:0042129', 'GO:0046633', 'GO:0046634']"
GO:BP,GO:0002920,regulation of humoral immune response,3.764843507704105e-12,True,"""Any process that modulates the frequency, rate, or extent of a humoral immune response."" [GOC:add]",44,492,16,20972,0.032520325203252036,0.36363636363636365,query_1,"['GO:0006959', 'GO:0050776']"
GO:MF,GO:0004950,chemokine receptor activity,3.837522565812889e-12,True,"""Combining with a chemokine, and transmitting the signal from one side of the membrane to the other to initiate a change in cell activity. Chemokines are a family of small chemotactic cytokines; their name is derived from their ability to induce directed chemotaxis in nearby responsive cells. All chemokines possess a number of conserved cysteine residues involved in intramolecular disulfide bond formation. Some chemokines are considered pro-inflammatory and can be induced during an immune response to recruit cells of the immune system to a site of infection, while others are considered homeostatic and are involved in controlling the migration of cells during normal processes of tissue maintenance or development. Chemokines are found in all vertebrates, some viruses and some bacteria."" [GOC:BHF, GOC:rl, GOC:signaling, IUPHAR_GPCR:1280, PMID:12183377, PMID:8662823, Wikipedia:Chemokine]",26,490,13,20208,0.026530612244897958,0.5,query_1,"['GO:0001637', 'GO:0004896']"
GO:MF,GO:0001637,G protein-coupled chemoattractant receptor activity,3.837522565812889e-12,True,"""Combining with a chemoattractant and transmitting the signal across the membrane by activating an associated G-protein; promotes the exchange of GDP for GTP on the alpha subunit of a heterotrimeric G-protein complex."" [GOC:bf, GOC:mah]",26,490,13,20208,0.026530612244897958,0.5,query_1,['GO:0004930']
GO:BP,GO:0007186,G protein-coupled receptor signaling pathway,3.902108820318733e-12,True,"""The series of molecular signals initiated by a ligand binding to its receptor, in which the activated receptor promotes the exchange of GDP for GTP on the alpha-subunit of an associated heterotrimeric G-protein complex. The GTP-bound activated alpha-G-protein then dissociates from the beta- and gamma-subunits to further transmit the signal within the cell. The pathway begins with receptor-ligand interaction, and ends with regulation of a downstream cellular process. The pathway can start from the plasma membrane, Golgi or nuclear membrane."" [GOC:bf, GOC:mah, PMID:16902576, PMID:24568158, Wikipedia:G_protein-coupled_receptor]",1299,492,80,20972,0.16260162601626016,0.061585835257890686,query_1,['GO:0007165']
HP,HP:0002960,Autoimmunity,4.3478483326862084e-12,True,The occurrence of an immune reaction against the organism's own cells or tissues.,322,204,46,5200,0.22549019607843138,0.14285714285714285,query_1,['HP:0010978']
GO:BP,GO:0045596,negative regulation of cell differentiation,4.3987085052169505e-12,True,"""Any process that stops, prevents, or reduces the frequency, rate or extent of cell differentiation."" [GOC:go_curators]",665,492,54,20972,0.10975609756097561,0.081203007518797,query_1,"['GO:0030154', 'GO:0045595', 'GO:0048523', 'GO:0051093']"
GO:BP,GO:0002823,negative regulation of adaptive immune response based on somatic recombination of immune receptors built from immunoglobulin superfamily domains,4.404421254025439e-12,True,"""Any process that stops, prevents, or reduces the frequency, rate, or extent of an adaptive immune response based on somatic recombination of immune receptors built from immunoglobulin superfamily domains. An example of this process is found in the Gnathostomata."" [GOC:add, GOC:mtg_sensu]",61,492,18,20972,0.036585365853658534,0.29508196721311475,query_1,"['GO:0002460', 'GO:0002820', 'GO:0002822']"
GO:BP,GO:0070848,response to growth factor,4.8499147266706316e-12,True,"""Any process that results in a change in state or activity of a cell or an organism (in terms of movement, secretion, enzyme production, gene expression, etc.) as a result of a growth factor stimulus."" [GOC:BHF, GOC:mah]",734,492,57,20972,0.11585365853658537,0.0776566757493188,query_1,['GO:0009719']
GO:BP,GO:0050918,positive chemotaxis,5.410950250370209e-12,True,"""The directed movement of a motile cell or organism towards a higher concentration of a chemical."" [GOC:ai, GOC:bf, GOC:isa_complete]",71,492,19,20972,0.03861788617886179,0.2676056338028169,query_1,['GO:0006935']
KEGG,KEGG:04148,Efferocytosis,5.63499662072113e-12,True,Efferocytosis,157,416,34,8716,0.08173076923076923,0.21656050955414013,query_1,['KEGG:00000']
GO:CC,GO:0070821,tertiary granule membrane,6.756660278176203e-12,True,"""The lipid bilayer surrounding a tertiary granule."" [GOC:BHF, GOC:mah, GOC:rl, PMID:12070036]",72,497,18,22155,0.03621730382293763,0.25,query_1,"['GO:0030667', 'GO:0070820']"
GO:BP,GO:0097242,amyloid-beta clearance,6.8479632033221355e-12,True,"""The process in which amyloid-beta is removed from extracellular brain regions by mechanisms involving cell surface receptors."" [GOC:aruk, GOC:bc, GOC:BHF, PMID:18289866, PMID:19098903, PMID:26005850]",38,492,15,20972,0.03048780487804878,0.39473684210526316,query_1,['GO:0032501']
GO:BP,GO:0045066,regulatory T cell differentiation,6.8479632033221355e-12,True,"""The process in which a relatively unspecialized T cell acquires specialized features of a regulatory T cell. Regulatory T cells control or suppress immune responses through a variety of mechanisms and subsets include the CD4+CD25+ cell type as well as certain CD8+ cell types."" [ISBN:0781735149]",38,492,15,20972,0.03048780487804878,0.39473684210526316,query_1,['GO:0030217']
GO:MF,GO:0071814,protein-lipid complex binding,7.238764150573222e-12,True,"""Binding to a protein-lipid complex, any macromolecular complex that contains both protein and lipid molecules."" [GOC:BHF, GOC:mah]",27,490,13,20208,0.026530612244897958,0.48148148148148145,query_1,['GO:0044877']
GO:MF,GO:0071813,lipoprotein particle binding,7.238764150573222e-12,True,"""Binding to a lipoprotein particle. A lipoprotein particle, also known as a lipoprotein, is a clathrate complex consisting of a lipid enwrapped in a protein host without covalent binding in such a way that the complex has a hydrophilic outer surface consisting of all the protein and the polar ends of any phospholipids."" [GOC:BHF, GOC:mah]",27,490,13,20208,0.026530612244897958,0.48148148148148145,query_1,['GO:0071814']
REAC,REAC:R-HSA-500792,GPCR ligand binding,7.333457957856388e-12,True,GPCR ligand binding,460,456,58,11056,0.12719298245614036,0.12608695652173912,query_1,['REAC:R-HSA-372790']
GO:MF,GO:0003823,antigen binding,7.52336474402199e-12,True,"""Binding to an antigen, any substance which is capable of inducing a specific immune response and of reacting with the products of that response, the specific antibody or specifically sensitized T-lymphocytes, or both. Binding may counteract the biological activity of the antigen. Antigen binding by an MHC protein complex allows the antigen to be displayed to a T cell or NK cell."" [GOC:jl, ISBN:0198506732, ISBN:0721662544]",173,490,27,20208,0.05510204081632653,0.15606936416184972,query_1,['GO:0005488']
GO:BP,GO:0071356,cellular response to tumor necrosis factor,8.170025456375833e-12,True,"""Any process that results in a change in state or activity of a cell (in terms of movement, secretion, enzyme production, gene expression, etc.) as a result of a tumor necrosis factor stimulus."" [GOC:mah]",198,492,29,20972,0.05894308943089431,0.14646464646464646,query_1,"['GO:0034612', 'GO:0071345']"
GO:BP,GO:0033619,membrane protein proteolysis,8.320599351063601e-12,True,"""The proteolytic cleavage of a transmembrane protein leading to the release of its intracellular or ecto-domains."" [GOC:pde]",63,492,18,20972,0.036585365853658534,0.2857142857142857,query_1,['GO:0006508']
HPA,HPA:0131332,Colon; mucosal lymphoid cells[≥Medium],8.564378011400917e-12,True,Colon; mucosal lymphoid cells[≥Medium],366,355,44,11007,0.12394366197183099,0.12021857923497267,query_1,['HPA:0131331']
GO:BP,GO:0044093,positive regulation of molecular function,9.83734628633305e-12,True,"""Any process that activates or increases the rate or extent of a molecular function, an elemental biological activity occurring at the molecular level, such as catalysis or binding."" [GO:jl]",590,492,50,20972,0.1016260162601626,0.0847457627118644,query_1,['GO:0065009']
GO:BP,GO:0031342,negative regulation of cell killing,1.0200067715939607e-11,True,"""Any process that stops, prevents, or reduces the frequency, rate or extent of cell killing."" [GOC:mah]",32,492,14,20972,0.028455284552845527,0.4375,query_1,"['GO:0001906', 'GO:0031341', 'GO:0048523']"
GO:BP,GO:0036336,dendritic cell migration,1.0200067715939607e-11,True,"""The movement of a dendritic cell within or between different tissues and organs of the body."" [CL:0000451, GOC:nhn, PMID:19339990]",32,492,14,20972,0.028455284552845527,0.4375,query_1,['GO:0071674']
GO:BP,GO:0036230,granulocyte activation,1.1271599712896773e-11,True,"""The change in morphology and behavior of a granulocyte resulting from exposure to a cytokine, chemokine, cellular ligand, or soluble factor."" [CL:0000094, GOC:nhn]",55,492,17,20972,0.034552845528455285,0.3090909090909091,query_1,['GO:0002274']
GO:BP,GO:0032757,positive regulation of interleukin-8 production,1.1328604575438211e-11,True,"""Any process that activates or increases the frequency, rate, or extent of interleukin-8 production."" [GOC:mah]",64,492,18,20972,0.036585365853658534,0.28125,query_1,"['GO:0001819', 'GO:0032637', 'GO:0032677']"
KEGG,KEGG:04610,Complement and coagulation cascades,1.1370463675193651e-11,True,Complement and coagulation cascades,86,416,25,8716,0.06009615384615385,0.29069767441860467,query_1,['KEGG:00000']
WP,WP:WP5095,Overview of proinflammatory and profibrotic mediators,1.319289280824886e-11,True,Overview of proinflammatory and profibrotic mediators,127,410,30,8899,0.07317073170731707,0.23622047244094488,query_1,['WP:000000']
GO:BP,GO:0010001,glial cell differentiation,1.3510719029426141e-11,True,"""The process in which a relatively unspecialized cell acquires the specialized features of a glial cell."" [GOC:go_curators, GOC:mtg_sensu]",249,492,32,20972,0.06504065040650407,0.1285140562248996,query_1,"['GO:0030154', 'GO:0042063']"
HP,HP:0001369,Arthritis,1.3933307557529357e-11,True,Inflammation of a joint.,254,204,40,5200,0.19607843137254902,0.15748031496062992,query_1,['HP:0001367']
GO:BP,GO:0002520,immune system development,2.0774486282412668e-11,True,"""The process whose specific outcome is the progression of an organismal system whose objective is to provide calibrated responses by an organism to a potential internal or invasive threat, over time, from its formation to the mature structure. A system is a regularly interacting or interdependent group of organs or tissues that work together to carry out a given biological process."" [GOC:add, GOC:dph]",205,492,29,20972,0.05894308943089431,0.14146341463414633,query_1,"['GO:0002376', 'GO:0048731']"
HP,HP:0003565,Elevated erythrocyte sedimentation rate,2.112362041665387e-11,True,An increased erythrocyte sedimentation rate (ESR). The ESR is a test that measures the distance that erythrocytes have fallen after one hour in a vertical column of anticoagulated blood under the influence of gravity. The ESR is a nonspecific finding. An elevation may indicate inflammation or may be caused by any condition that elevates fibrinogen.,80,204,23,5200,0.11274509803921569,0.2875,query_1,"['HP:0025021', 'HP:0033331']"
GO:BP,GO:0050871,positive regulation of B cell activation,2.416605295674335e-11,True,"""Any process that activates or increases the frequency, rate or extent of B cell activation."" [GOC:ai]",87,492,20,20972,0.04065040650406504,0.22988505747126436,query_1,"['GO:0042113', 'GO:0050864', 'GO:0051251']"
GO:BP,GO:0032689,negative regulation of type II interferon production,2.631918397976768e-11,True,"""Any process that stops, prevents, or reduces the frequency, rate, or extent of interferon-gamma production. Interferon-gamma is also known as type II interferon."" [GOC:add, GOC:mah, PMID:15546383]",41,492,15,20972,0.03048780487804878,0.36585365853658536,query_1,"['GO:0001818', 'GO:0032609', 'GO:0032649']"
HPA,HPA:0401331,Rectum; mucosal lymphoid cells[≥Low],2.6432411033436442e-11,True,Rectum; mucosal lymphoid cells[≥Low],544,355,54,11007,0.15211267605633802,0.09926470588235294,query_1,['HPA:0400000']
GO:BP,GO:0002548,monocyte chemotaxis,2.7153754035113026e-11,True,"""The movement of a monocyte in response to an external stimulus."" [GOC:add, PMID:11696603, PMID:15173832]",49,492,16,20972,0.032520325203252036,0.32653061224489793,query_1,"['GO:0030595', 'GO:0071674', 'GO:0097529']"
GO:CC,GO:0031093,platelet alpha granule lumen,2.758033559080438e-11,True,"""The volume enclosed by the membrane of the platelet alpha granule."" [GOC:mah, PMID:8467233]",67,497,17,22155,0.03420523138832998,0.2537313432835821,query_1,"['GO:0031091', 'GO:0034774']"
GO:BP,GO:0034341,response to type II interferon,3.4143658412841536e-11,True,"""Any process that results in a change in state or activity of a cell or an organism (in terms of movement, secretion, enzyme production, gene expression, etc.) as a result of an interferon-gamma stimulus. Interferon-gamma is also known as type II interferon."" [GOC:add, ISBN:0126896631, PMID:15546383]",124,492,23,20972,0.046747967479674794,0.18548387096774194,query_1,"['GO:0034097', 'GO:0045087']"
GO:BP,GO:0001667,ameboidal-type cell migration,3.543660491292561e-11,True,"""Cell migration that is accomplished by extension and retraction of a pseudopodium."" [GOC:dph]",241,492,31,20972,0.06300813008130081,0.12863070539419086,query_1,['GO:0016477']
GO:BP,GO:0051179,localization,4.0818595264937624e-11,True,"""Any process in which a cell, a substance, or a cellular entity, such as a protein complex or organelle, is transported, tethered to or otherwise maintained in a specific location. In the case of substances, localization may also be achieved via selective degradation."" [GOC:ai, GOC:dos]",5493,492,206,20972,0.4186991869918699,0.03750227562352085,query_1,['GO:0008150']
GO:BP,GO:1901698,response to nitrogen compound,4.307099528838583e-11,True,"""Any process that results in a change in state or activity of a cell or an organism (in terms of movement, secretion, enzyme production, gene expression, etc.) as a result of a nitrogen compound stimulus."" [GOC:pr, GOC:TermGenie]",941,492,64,20972,0.13008130081300814,0.06801275239107332,query_1,['GO:0042221']
GO:CC,GO:0098576,lumenal side of membrane,4.5101785919199927e-11,True,"""Any side (leaflet) of a membrane that faces the lumen of an organelle."" [GOC:dos]",41,497,14,22155,0.028169014084507043,0.34146341463414637,query_1,['GO:0098552']
GO:CC,GO:0098590,plasma membrane region,4.658950508479954e-11,True,"""A membrane that is a (regional) part of the plasma membrane."" [GOC:dos]",1303,497,74,22155,0.1488933601609658,0.056792018419033,query_1,"['GO:0005886', 'GO:0016020']"
GO:BP,GO:0050851,antigen receptor-mediated signaling pathway,4.7220460774471e-11,True,"""The series of molecular signals initiated by the cross-linking of an antigen receptor on a B or T cell."" [GOC:add]",196,492,28,20972,0.056910569105691054,0.14285714285714285,query_1,['GO:0002429']
HP,HP:0010978,Abnormality of immune system physiology,4.9163742008387505e-11,True,A functional abnormality of the immune system.,1903,204,127,5200,0.6225490196078431,0.06673673147661587,query_1,['HP:0002715']
HP,HP:0025021,Abnormal erythrocyte sedimentation rate,5.116788884115842e-11,True,"A deviation from normal range of the erythrocyte sedimentation rate (ESR), a test that measures the distance that erythrocytes have fallen after one hour in a vertical column of anticoagulated blood under the influence of gravity. The ESR is a nonspecific finding. An elevation may indicate inflammation or may be caused by any condition that elevates fibrinogen. A decreased ESR may be seen in polycythemia or in certain blood diseases in which red blood cells have an irregular or smaller shape that causes slower settling.",83,204,23,5200,0.11274509803921569,0.27710843373493976,query_1,['HP:0001939']
HPA,HPA:0471432,Skin 2; extracellular matrix[≥Medium],5.305520171984854e-11,True,Skin 2; extracellular matrix[≥Medium],51,355,17,11007,0.04788732394366197,0.3333333333333333,query_1,['HPA:0471431']
GO:BP,GO:1905517,macrophage migration,5.739973723757124e-11,True,"""The orderly movement of a macrophage from one site to another."" [GO_REF:0000091, GOC:TermGenie, PMID:25749876]",60,492,17,20972,0.034552845528455285,0.2833333333333333,query_1,"['GO:0071674', 'GO:0097529']"
GO:BP,GO:0007169,cell surface receptor protein tyrosine kinase signaling pathway,6.355336615372705e-11,True,"""The series of molecular signals initiated by an extracellular ligand binding to a receptor on the surface of the target cell where the receptor possesses tyrosine kinase activity, and ending with the regulation of a downstream cellular process, e.g. transcription."" [GOC:ceb, GOC:signaling]",641,492,51,20972,0.10365853658536585,0.07956318252730109,query_1,['GO:0007167']
GO:BP,GO:0002437,inflammatory response to antigenic stimulus,6.40749481911659e-11,True,"""An inflammatory response to an antigenic stimulus, which can be include any number of T cell or B cell epitopes."" [GOC:add, ISBN:0781735149]",70,492,18,20972,0.036585365853658534,0.2571428571428571,query_1,"['GO:0006954', 'GO:0006955']"
GO:BP,GO:0045953,negative regulation of natural killer cell mediated cytotoxicity,6.508307060631965e-11,True,"""Any process that stops, prevents, or reduces the rate of natural killer mediated cytotoxicity."" [GOC:add, ISBN:0781735149]",23,492,12,20972,0.024390243902439025,0.5217391304347826,query_1,"['GO:0001911', 'GO:0002716', 'GO:0042267', 'GO:0042269']"
REAC,REAC:R-HSA-3000157,Laminin interactions,6.540979567471206e-11,True,Laminin interactions,30,456,15,11056,0.03289473684210526,0.5,query_1,['REAC:R-HSA-1474244']
WP,WP:WP5285,Immune infiltration in pancreatic cancer,6.672379334092346e-11,True,Immune infiltration in pancreatic cancer,39,410,17,8899,0.041463414634146344,0.4358974358974359,query_1,['WP:000000']
GO:BP,GO:0001911,negative regulation of leukocyte mediated cytotoxicity,6.7143953707514e-11,True,"""Any process that stops, prevents, or reduces the rate of leukocyte mediated cytotoxicity."" [GOC:add, ISBN:0781735149, PMID:11911826]",29,492,13,20972,0.026422764227642278,0.4482758620689655,query_1,"['GO:0001909', 'GO:0001910', 'GO:0002704', 'GO:0031342']"
GO:BP,GO:0071404,cellular response to low-density lipoprotein particle stimulus,6.7143953707514e-11,True,"""Any process that results in a change in state or activity of a cell (in terms of movement, secretion, enzyme production, gene expression, etc.) as a result of a low-density lipoprotein particle stimulus."" [GOC:mah]",29,492,13,20972,0.026422764227642278,0.4482758620689655,query_1,"['GO:0055094', 'GO:0071402']"
GO:MF,GO:0005164,tumor necrosis factor receptor binding,6.812223961477014e-11,True,"""Binding to a tumor necrosis factor receptor."" [GOC:ai]",31,490,13,20208,0.026530612244897958,0.41935483870967744,query_1,['GO:0032813']
GO:BP,GO:0050728,negative regulation of inflammatory response,6.818022214988708e-11,True,"""Any process that stops, prevents, or reduces the frequency, rate or extent of the inflammatory response."" [GOC:ai]",169,492,26,20972,0.052845528455284556,0.15384615384615385,query_1,"['GO:0006954', 'GO:0031348', 'GO:0032102', 'GO:0050727']"
GO:BP,GO:0060429,epithelium development,6.828463097767836e-11,True,"""The process whose specific outcome is the progression of an epithelium over time, from its formation to the mature structure. An epithelium is a tissue that covers the internal or external surfaces of an anatomical structure."" [GOC:dph, GOC:mtg_lung]",1234,492,75,20972,0.1524390243902439,0.060777957860615885,query_1,['GO:0009888']
GO:BP,GO:0002832,negative regulation of response to biotic stimulus,6.986382994366186e-11,True,"""Any process that stops, prevents, or reduces the frequency, rate, or extent of a response to biotic stimulus."" [GOC:add]",128,492,23,20972,0.046747967479674794,0.1796875,query_1,"['GO:0002831', 'GO:0009607', 'GO:0048585']"
GO:BP,GO:0002396,MHC protein complex assembly,7.276194050324558e-11,True,"""The aggregation, arrangement and bonding together of a set of components to form an MHC protein complex."" [GOC:add, ISBN:0781735149, PMID:15771591, PMID:15928678]",18,492,11,20972,0.022357723577235773,0.6111111111111112,query_1,['GO:0065003']
GO:BP,GO:0002501,peptide antigen assembly with MHC protein complex,7.276194050324558e-11,True,"""The binding of a peptide to the antigen binding groove of an MHC protein complex."" [GOC:add, ISBN:0781735149, PMID:15771591]",18,492,11,20972,0.022357723577235773,0.6111111111111112,query_1,"['GO:0002396', 'GO:0048002', 'GO:0065003']"
GO:BP,GO:0032720,negative regulation of tumor necrosis factor production,7.787520023121351e-11,True,"""Any process that stops, prevents, or reduces the frequency, rate, or extent of tumor necrosis factor production."" [GOC:mah, PMID:10891884, PMID:15560120]",61,492,17,20972,0.034552845528455285,0.2786885245901639,query_1,"['GO:0032640', 'GO:0032680', 'GO:1903556']"
GO:BP,GO:2000404,regulation of T cell migration,7.87773738160587e-11,True,"""Any process that modulates the frequency, rate or extent of T cell migration."" [GOC:mah]",52,492,16,20972,0.032520325203252036,0.3076923076923077,query_1,"['GO:0072678', 'GO:2000401']"
GO:BP,GO:0050679,positive regulation of epithelial cell proliferation,7.954570438962638e-11,True,"""Any process that activates or increases the rate or extent of epithelial cell proliferation."" [GOC:ai]",200,492,28,20972,0.056910569105691054,0.14,query_1,"['GO:0008284', 'GO:0050673', 'GO:0050678']"
WP,WP:WP4172,PI3K Akt signaling,8.084725553873987e-11,True,PI3K Akt signaling,336,410,49,8899,0.11951219512195121,0.14583333333333334,query_1,['WP:000000']
WP,WP:WP3932,Focal adhesion PI3K Akt mTOR signaling,9.241287292783093e-11,True,Focal adhesion PI3K Akt mTOR signaling,302,410,46,8899,0.11219512195121951,0.152317880794702,query_1,['WP:000000']
GO:BP,GO:0006468,protein phosphorylation,9.34283423801463e-11,True,"""The process of introducing a phosphate group on to a protein."" [GOC:hb]",982,492,65,20972,0.13211382113821138,0.06619144602851323,query_1,"['GO:0016310', 'GO:0036211']"
GO:BP,GO:0032611,interleukin-1 beta production,9.50123012330622e-11,True,"""The appearance of interleukin-1 beta due to biosynthesis or secretion following a cellular stimulus, resulting in an increase in its intracellular or extracellular levels."" [GOC:mah]",93,492,20,20972,0.04065040650406504,0.21505376344086022,query_1,['GO:0032612']
GO:BP,GO:0032651,regulation of interleukin-1 beta production,9.50123012330622e-11,True,"""Any process that modulates the frequency, rate, or extent of interleukin-1 beta production."" [GOC:mah]",93,492,20,20972,0.04065040650406504,0.21505376344086022,query_1,"['GO:0032611', 'GO:0032652']"
WP,WP:WP4462,Platelet mediated interactions with vascular and circulating cells,9.527224073545948e-11,True,Platelet mediated interactions with vascular and circulating cells,17,410,12,8899,0.02926829268292683,0.7058823529411765,query_1,['WP:000000']
GO:BP,GO:0071887,leukocyte apoptotic process,9.589460041121968e-11,True,"""Any apoptotic process in a leukocyte, an achromatic cell of the myeloid or lymphoid lineages capable of ameboid movement, found in blood or other tissue."" [CL:0000738, GOC:BHF, GOC:mah, GOC:mtg_apoptosis]",117,492,22,20972,0.044715447154471545,0.18803418803418803,query_1,['GO:0006915']
GO:BP,GO:0048872,homeostasis of number of cells,9.597923376154047e-11,True,"""Any biological process involved in the maintenance of the steady-state number of cells within a population of cells."" [GOC:isa_complete]",338,492,36,20972,0.07317073170731707,0.10650887573964497,query_1,['GO:0048871']
GO:MF,GO:0042287,MHC protein binding,1.0059753926313913e-10,True,"""Binding to a major histocompatibility complex molecule; a set of molecules displayed on cell surfaces that are responsible for lymphocyte recognition and antigen presentation."" [GOC:jl]",39,490,14,20208,0.02857142857142857,0.358974358974359,query_1,['GO:0005102']
WP,WP:WP558,Complement and coagulation cascades,1.047062268054924e-10,True,Complement and coagulation cascades,58,410,20,8899,0.04878048780487805,0.3448275862068966,query_1,['WP:000000']
GO:BP,GO:0050766,positive regulation of phagocytosis,1.0960036448684863e-10,True,"""Any process that activates or increases the frequency, rate or extent of phagocytosis."" [GOC:ai]",72,492,18,20972,0.036585365853658534,0.25,query_1,"['GO:0006909', 'GO:0045807', 'GO:0050764']"
GO:BP,GO:0045824,negative regulation of innate immune response,1.1810341492539997e-10,True,"""Any process that stops, prevents, or reduces the frequency, rate or extent of the innate immune response."" [GOC:go_curators]",94,492,20,20972,0.04065040650406504,0.2127659574468085,query_1,"['GO:0002832', 'GO:0031348', 'GO:0032102', 'GO:0045087', 'GO:0045088', 'GO:0050777']"
GO:BP,GO:2000406,positive regulation of T cell migration,1.1867065940247565e-10,True,"""Any process that activates or increases the frequency, rate or extent of T cell migration."" [GOC:mah]",37,492,14,20972,0.028455284552845527,0.3783783783783784,query_1,"['GO:0072678', 'GO:2000403', 'GO:2000404']"
KEGG,KEGG:05150,Staphylococcus aureus infection,1.282469199389214e-10,True,Staphylococcus aureus infection,87,416,24,8716,0.057692307692307696,0.27586206896551724,query_1,['KEGG:00000']
GO:BP,GO:2000516,"positive regulation of CD4-positive, alpha-beta T cell activation",1.3127739844640316e-10,True,"""Any process that activates or increases the frequency, rate or extent of CD4-positive, alpha-beta T cell activation."" [GOC:obol]",45,492,15,20972,0.03048780487804878,0.3333333333333333,query_1,"['GO:0035710', 'GO:0046635', 'GO:2000514']"
GO:BP,GO:0033674,positive regulation of kinase activity,1.322740539536653e-10,True,"""Any process that activates or increases the frequency, rate or extent of kinase activity, the catalysis of the transfer of a phosphate group, usually from ATP, to a substrate molecule."" [GOC:mah]",204,492,28,20972,0.056910569105691054,0.13725490196078433,query_1,"['GO:0042327', 'GO:0043085', 'GO:0043549']"
GO:BP,GO:0045582,positive regulation of T cell differentiation,1.384642940359555e-10,True,"""Any process that activates or increases the frequency, rate or extent of T cell differentiation."" [GOC:go_curators]",119,492,22,20972,0.044715447154471545,0.18487394957983194,query_1,"['GO:0030217', 'GO:0045580', 'GO:0045621', 'GO:0050870']"
GO:BP,GO:1903556,negative regulation of tumor necrosis factor superfamily cytokine production,1.4072982300673793e-10,True,"""Any process that stops, prevents or reduces the frequency, rate or extent of tumor necrosis factor superfamily cytokine production."" [GO_REF:0000058, GOC:TermGenie, PMID:24187568]",63,492,17,20972,0.034552845528455285,0.2698412698412698,query_1,"['GO:0001818', 'GO:0071706', 'GO:1903555']"
WP,WP:WP3896,Dengue 2 interactions with complement and coagulation cascades,1.5177537640070964e-10,True,Dengue 2 interactions with complement and coagulation cascades,59,410,20,8899,0.04878048780487805,0.3389830508474576,query_1,['WP:000000']
HP,HP:0002733,Abnormal lymph node morphology,1.700179731647927e-10,True,A structural lymph node abnormality.,273,204,40,5200,0.19607843137254902,0.14652014652014653,query_1,['HP:0100763']
KEGG,KEGG:05152,Tuberculosis,1.8540128942933627e-10,True,Tuberculosis,176,416,34,8716,0.08173076923076923,0.19318181818181818,query_1,['KEGG:00000']
GO:BP,GO:0042093,T-helper cell differentiation,1.9610023060043442e-10,True,"""The process in which a relatively unspecialized thymocyte acquires specialized features of a T-helper cell."" [GOC:ebc]",85,492,19,20972,0.03861788617886179,0.2235294117647059,query_1,['GO:0043367']
GO:BP,GO:0010629,negative regulation of gene expression,1.9661453060552655e-10,True,"""Any process that decreases the frequency, rate or extent of gene expression. Gene expression is the process in which a gene's coding sequence is converted into a mature gene product (protein or RNA)."" [GOC:txnOH-2018]",1678,492,90,20972,0.18292682926829268,0.05363528009535161,query_1,"['GO:0010467', 'GO:0010468', 'GO:0010558']"
GO:MF,GO:0002020,protease binding,1.9706629833854972e-10,True,"""Binding to a protease or a peptidase."" [GOC:hjd]",139,490,23,20208,0.04693877551020408,0.16546762589928057,query_1,['GO:0019899']
GO:BP,GO:0051234,establishment of localization,2.075732472524123e-10,True,"""Any process that localizes a substance or cellular component. This may occur via movement, tethering or selective degradation."" [GOC:ai, GOC:dos]",4804,492,185,20972,0.37601626016260165,0.038509575353871776,query_1,['GO:0051179']
GO:BP,GO:0002377,immunoglobulin production,2.2132769602485015e-10,True,"""The appearance of immunoglobulin due to biosynthesis or secretion following a cellular stimulus, resulting in an increase in its intracellular or extracellular levels."" [GOC:add, ISBN:0781735149]",109,492,21,20972,0.042682926829268296,0.1926605504587156,query_1,['GO:0002440']
GO:MF,GO:0042605,peptide antigen binding,2.248021634810449e-10,True,"""Binding to an antigen peptide."" [GOC:add, GOC:jl, GOC:rv]",41,490,14,20208,0.02857142857142857,0.34146341463414637,query_1,"['GO:0003823', 'GO:0042277']"
REAC,REAC:R-HSA-3000170,Syndecan interactions,2.2832133753224945e-10,True,Syndecan interactions,27,456,14,11056,0.03070175438596491,0.5185185185185185,query_1,['REAC:R-HSA-3000171']
GO:BP,GO:0046641,positive regulation of alpha-beta T cell proliferation,2.3985854819790327e-10,True,"""Any process that activates or increases the frequency, rate or extent of alpha-beta T cell proliferation."" [GOC:ai]",25,492,12,20972,0.024390243902439025,0.48,query_1,"['GO:0042102', 'GO:0046633', 'GO:0046635', 'GO:0046640']"
GO:MF,GO:0030169,low-density lipoprotein particle binding,2.5919842773207893e-10,True,"""Binding to a low-density lipoprotein particle, a lipoprotein particle that is rich in cholesterol esters and low in triglycerides, is typically composed of APOB100 and APOE, and has a density of 1.02-1.06 g/ml and a diameter of between 20-25 nm."" [GOC:mah]",16,490,10,20208,0.02040816326530612,0.625,query_1,['GO:0071813']
WP,WP:WP5559,Lupus pathogenesis,2.74010375205667e-10,True,Lupus pathogenesis,18,410,12,8899,0.02926829268292683,0.6666666666666666,query_1,['WP:000000']
GO:BP,GO:0042119,neutrophil activation,2.740466330277102e-10,True,"""The change in morphology and behavior of a neutrophil resulting from exposure to a cytokine, chemokine, cellular ligand, or soluble factor."" [GOC:mgi_curators, ISBN:0781735149]",47,492,15,20972,0.03048780487804878,0.3191489361702128,query_1,['GO:0036230']
GO:MF,GO:0008009,chemokine activity,2.8277745644359417e-10,True,"""The function of a family of small chemotactic cytokines; their name is derived from their ability to induce directed chemotaxis in nearby responsive cells. All chemokines possess a number of conserved cysteine residues involved in intramolecular disulfide bond formation. Some chemokines are considered pro-inflammatory and can be induced during an immune response to recruit cells of the immune system to a site of infection, while others are considered homeostatic and are involved in controlling the migration of cells during normal processes of tissue maintenance or development. Chemokines are found in all vertebrates, some viruses and some bacteria."" [GOC:BHF, GOC:rl, PMID:12183377, Wikipedia:Chemokine]",50,490,15,20208,0.030612244897959183,0.3,query_1,"['GO:0005125', 'GO:0042379']"
KEGG,KEGG:04659,Th17 cell differentiation,2.8511710350295366e-10,True,Th17 cell differentiation,106,416,26,8716,0.0625,0.24528301886792453,query_1,['KEGG:00000']
KEGG,KEGG:04658,Th1 and Th2 cell differentiation,2.8823719245306426e-10,True,Th1 and Th2 cell differentiation,90,416,24,8716,0.057692307692307696,0.26666666666666666,query_1,['KEGG:00000']
GO:BP,GO:0030099,myeloid cell differentiation,2.8917219578218664e-10,True,"""The process in which a relatively unspecialized myeloid precursor cell acquires the specialized features of any cell of the myeloid leukocyte, megakaryocyte, thrombocyte, or erythrocyte lineages."" [GOC:add, ISBN:0781735149]",449,492,41,20972,0.08333333333333333,0.09131403118040089,query_1,"['GO:0030097', 'GO:0030154']"
HP,HP:0010701,Abnormal circulating immunoglobulin concentration,2.9531458601945124e-10,True,An abnormal deviation from normal levels of immunoglobulins in blood.,304,204,42,5200,0.20588235294117646,0.13815789473684212,query_1,"['HP:0005368', 'HP:0005372']"
GO:BP,GO:0050818,regulation of coagulation,3.0394538319088547e-10,True,"""Any process that modulates the frequency, rate or extent of coagulation, the process in which a fluid solution, or part of it, changes into a solid or semisolid mass."" [GOC:ai]",76,492,18,20972,0.036585365853658534,0.23684210526315788,query_1,"['GO:0050817', 'GO:0051239']"
GO:BP,GO:0051960,regulation of nervous system development,3.1945747221503004e-10,True,"""Any process that modulates the frequency, rate or extent of nervous system development, the origin and formation of nervous tissue."" [GOC:ai]",430,492,40,20972,0.08130081300813008,0.09302325581395349,query_1,"['GO:0007399', 'GO:2000026']"
HP,HP:0005372,Abnormal B cell physiology,3.314879489089223e-10,True,An abnormality of the physiological functioning of B cells.,305,204,42,5200,0.20588235294117646,0.1377049180327869,query_1,['HP:0031409']
GO:BP,GO:2001234,negative regulation of apoptotic signaling pathway,3.431661503960452e-10,True,"""Any process that stops, prevents or reduces the frequency, rate or extent of apoptotic signaling pathway."" [GOC:mtg_apoptosis]",228,492,29,20972,0.05894308943089431,0.12719298245614036,query_1,"['GO:0009968', 'GO:0043066', 'GO:0097190', 'GO:2001233']"
GO:BP,GO:2001238,positive regulation of extrinsic apoptotic signaling pathway,3.951293736584399e-10,True,"""Any process that activates or increases the frequency, rate or extent of extrinsic apoptotic signaling pathway."" [GOC:mtg_apoptosis]",57,492,16,20972,0.032520325203252036,0.2807017543859649,query_1,"['GO:0097191', 'GO:2001235', 'GO:2001236']"
REAC,REAC:R-HSA-1474290,Collagen formation,4.2487236852414824e-10,True,Collagen formation,89,456,23,11056,0.05043859649122807,0.25842696629213485,query_1,['REAC:R-HSA-1474244']
GO:BP,GO:2001235,positive regulation of apoptotic signaling pathway,4.373300646046072e-10,True,"""Any process that activates or increases the frequency, rate or extent of apoptotic signaling pathway."" [GOC:mtg_apoptosis]",139,492,23,20972,0.046747967479674794,0.16546762589928057,query_1,"['GO:0009967', 'GO:0043065', 'GO:0097190', 'GO:2001233']"
GO:CC,GO:0098553,lumenal side of endoplasmic reticulum membrane,4.4590276071550717e-10,True,"""The side (leaflet) of the plasma membrane that faces the lumen."" [GOC:ab, GOC:dos]",31,497,12,22155,0.02414486921529175,0.3870967741935484,query_1,"['GO:0005789', 'GO:0098576']"
KEGG,KEGG:04151,PI3K-Akt signaling pathway,4.508741333607711e-10,True,PI3K-Akt signaling pathway,358,416,50,8716,0.1201923076923077,0.13966480446927373,query_1,['KEGG:00000']
KEGG,KEGG:04820,Cytoskeleton in muscle cells,4.607917602811746e-10,True,Cytoskeleton in muscle cells,233,416,39,8716,0.09375,0.16738197424892703,query_1,['KEGG:00000']
KEGG,KEGG:04510,Focal adhesion,4.879037783443293e-10,True,Focal adhesion,202,416,36,8716,0.08653846153846154,0.1782178217821782,query_1,['KEGG:00000']
GO:CC,GO:0001772,immunological synapse,5.34636132671438e-10,True,"""An area of close contact between a lymphocyte (T-, B-, or natural killer cell) and a target cell formed through the clustering of particular signaling and adhesion molecules and their associated membrane rafts on both the lymphocyte and the target cell and facilitating activation of the lymphocyte, transfer of membrane from the target cell to the lymphocyte, and in some situations killing of the target cell through release of secretory granules and/or death-pathway ligand-receptor interaction."" [GOC:mgi_curators, PMID:11244041, PMID:11376300]",48,497,14,22155,0.028169014084507043,0.2916666666666667,query_1,"['GO:0005886', 'GO:0110165']"
GO:BP,GO:0030193,regulation of blood coagulation,5.60530761112256e-10,True,"""Any process that modulates the frequency, rate or extent of blood coagulation."" [GOC:mah]",68,492,17,20972,0.034552845528455285,0.25,query_1,"['GO:0007596', 'GO:0032101', 'GO:0050818', 'GO:0061041', 'GO:1900046']"
REAC,REAC:R-HSA-114608,Platelet degranulation ,5.616149172113662e-10,True,Platelet degranulation ,126,456,27,11056,0.05921052631578947,0.21428571428571427,query_1,['REAC:R-HSA-76005']
HP,HP:0000099,Glomerulonephritis,5.752847174643387e-10,True,Inflammation of the renal glomeruli.,120,204,26,5200,0.12745098039215685,0.21666666666666667,query_1,"['HP:0000095', 'HP:0000123']"
HP,HP:0200036,Skin nodule,5.801158143984094e-10,True,"Morphologically similar to a papule, but greater than either 10mm in both width and depth, and most frequently centered in the dermis or subcutaneous fat.",130,204,27,5200,0.1323529411764706,0.2076923076923077,query_1,['HP:0011355']
WP,WP:WP2911,miRNA targets in ECM and membrane receptors,6.56502118758856e-10,True,miRNA targets in ECM and membrane receptors,38,410,16,8899,0.03902439024390244,0.42105263157894735,query_1,['WP:000000']
GO:BP,GO:0019722,calcium-mediated signaling,6.726459350932363e-10,True,"""Any intracellular signal transduction in which the signal is passed on within the cell via calcium ions."" [GOC:signaling]",234,492,29,20972,0.05894308943089431,0.12393162393162394,query_1,['GO:0141124']
REAC,REAC:R-HSA-1650814,Collagen biosynthesis and modifying enzymes,7.105637620279553e-10,True,Collagen biosynthesis and modifying enzymes,67,456,20,11056,0.043859649122807015,0.29850746268656714,query_1,['REAC:R-HSA-1474290']
GO:BP,GO:0071495,cellular response to endogenous stimulus,7.149445495652523e-10,True,"""Any process that results in a change in state or activity of a cell (in terms of movement, secretion, enzyme production, gene expression, etc.) as a result of a stimulus arising within the organism."" [GOC:mah]",1238,492,73,20972,0.1483739837398374,0.05896607431340872,query_1,['GO:0009719']
GO:BP,GO:0061041,regulation of wound healing,7.800696898896558e-10,True,"""Any process that modulates the rate, frequency, or extent of the series of events that restore integrity to a damaged tissue, following an injury."" [GOC:BHF, GOC:dph]",129,492,22,20972,0.044715447154471545,0.17054263565891473,query_1,"['GO:0042060', 'GO:1903034']"
GO:BP,GO:0050852,T cell receptor signaling pathway,8.152548709193271e-10,True,"""The series of molecular signals initiated by the cross-linking of an antigen receptor on a T cell."" [GOC:add]",143,492,23,20972,0.046747967479674794,0.16083916083916083,query_1,['GO:0050851']
WP,WP:WP5088,Prostaglandin signaling,8.17568111527245e-10,True,Prostaglandin signaling,33,410,15,8899,0.036585365853658534,0.45454545454545453,query_1,['WP:000000']
GO:BP,GO:0040013,negative regulation of locomotion,8.432327365848124e-10,True,"""Any process that stops, prevents, or reduces the frequency, rate or extent of locomotion of a cell or organism."" [GOC:go_curators]",325,492,34,20972,0.06910569105691057,0.10461538461538461,query_1,"['GO:0040011', 'GO:0040012', 'GO:0048519']"
GO:CC,GO:0005770,late endosome,9.022244145500401e-10,True,"""A prelysosomal endocytic organelle differentiated from early endosomes by lower lumenal pH and different protein composition. Late endosomes are more spherical than early endosomes and are mostly juxtanuclear, being concentrated near the microtubule organizing center."" [NIF_Subcellular:nlx_subcell_20090702, PMID:11964142, PMID:2557062]",325,497,32,22155,0.06438631790744467,0.09846153846153846,query_1,['GO:0005768']
HP,HP:0002715,Abnormality of the immune system,9.368840092988687e-10,True,An abnormality of the immune system.,2219,204,137,5200,0.6715686274509803,0.061739522307345654,query_1,['HP:0000118']
GO:BP,GO:1900046,regulation of hemostasis,9.407982025805677e-10,True,"""Any process that modulates the frequency, rate or extent of hemostasis."" [GOC:TermGenie]",70,492,17,20972,0.034552845528455285,0.24285714285714285,query_1,"['GO:0007599', 'GO:0050789', 'GO:0050878']"
GO:BP,GO:2000146,negative regulation of cell motility,9.702149224063343e-10,True,"""Any process that stops, prevents, or reduces the frequency, rate or extent of cell motility."" [GOC:mah]",308,492,33,20972,0.06707317073170732,0.10714285714285714,query_1,"['GO:0040013', 'GO:0048523', 'GO:0048870', 'GO:2000145']"
KEGG,KEGG:04064,NF-kappa B signaling pathway,9.804754573352432e-10,True,NF-kappa B signaling pathway,103,416,25,8716,0.06009615384615385,0.24271844660194175,query_1,['KEGG:00000']
GO:BP,GO:0035987,endodermal cell differentiation,1.0666574398825191e-09,True,"""The process in which a relatively unspecialized cell acquires the specialized features of an endoderm cell, a cell of the inner of the three germ layers of the embryo."" [CL:0000223, GOC:yaf, PMID:17624332]",51,492,15,20972,0.03048780487804878,0.29411764705882354,query_1,"['GO:0001706', 'GO:0030154']"
GO:BP,GO:0043367,"CD4-positive, alpha-beta T cell differentiation",1.0866222641641234e-09,True,"""The process in which a relatively unspecialized T cell acquires specialized features of a mature CD4-positive, alpha-beta T cell."" [CL:0000624, ISBN:0781735149]",105,492,20,20972,0.04065040650406504,0.19047619047619047,query_1,"['GO:0035710', 'GO:0046632']"
GO:BP,GO:0019222,regulation of metabolic process,1.1612989936279167e-09,True,"""Any process that modulates the frequency, rate or extent of the chemical reactions and pathways within a cell or an organism."" [GOC:go_curators]",6900,492,238,20972,0.483739837398374,0.034492753623188405,query_1,"['GO:0008152', 'GO:0050794']"
GO:BP,GO:0002726,positive regulation of T cell cytokine production,1.3161581993748307e-09,True,"""Any process that activates or increases the frequency, rate, or extent of T cell cytokine production."" [GOC:add]",28,492,12,20972,0.024390243902439025,0.42857142857142855,query_1,"['GO:0002369', 'GO:0002711', 'GO:0002720', 'GO:0002724']"
GO:BP,GO:0030336,negative regulation of cell migration,1.3163964504917953e-09,True,"""Any process that stops, prevents, or reduces the frequency, rate or extent of cell migration."" [GOC:go_curators]",293,492,32,20972,0.06504065040650407,0.10921501706484642,query_1,"['GO:0016477', 'GO:0030334', 'GO:2000146']"
WP,WP:WP2865,IL1 and megakaryocytes in obesity,1.3340429147772137e-09,True,IL1 and megakaryocytes in obesity,24,410,13,8899,0.03170731707317073,0.5416666666666666,query_1,['WP:000000']
GO:CC,GO:0005769,early endosome,1.3462273562978928e-09,True,"""A membrane-bounded organelle that receives incoming material from primary endocytic vesicles that have been generated by clathrin-dependent and clathrin-independent endocytosis; vesicles fuse with the early endosome to deliver cargo for sorting into recycling or degradation pathways."" [GOC:mah, NIF_Subcellular:nlx_subcell_20090701, PMID:19696797]",434,497,37,22155,0.0744466800804829,0.08525345622119816,query_1,['GO:0005768']
GO:BP,GO:1901222,regulation of non-canonical NF-kappaB signal transduction,1.3666599478231833e-09,True,"""Any process that modulates the frequency, rate or extent of the non-canonical NF-kappaB signaling cascade."" [GOC:TermGenie]",94,492,19,20972,0.03861788617886179,0.20212765957446807,query_1,"['GO:0038061', 'GO:1902531']"
GO:BP,GO:1903035,negative regulation of response to wounding,1.3666599478231833e-09,True,"""Any process that stops, prevents or reduces the frequency, rate or extent of response to wounding."" [GO_REF:0000058, GOC:kmv, GOC:TermGenie, PMID:19164535]",94,492,19,20972,0.03861788617886179,0.20212765957446807,query_1,"['GO:0009611', 'GO:0048585', 'GO:1903034']"
GO:BP,GO:0031401,positive regulation of protein modification process,1.393816198450138e-09,True,"""Any process that activates or increases the frequency, rate or extent of the covalent alteration of one or more amino acid residues within a protein."" [GOC:mah, GOC:tb]",450,492,40,20972,0.08130081300813008,0.08888888888888889,query_1,"['GO:0031399', 'GO:0036211', 'GO:0051247']"
WP,WP:WP5434,Cancer pathways,1.397707641464759e-09,True,Cancer pathways,505,410,60,8899,0.14634146341463414,0.1188118811881188,query_1,['WP:000000']
GO:BP,GO:0050767,regulation of neurogenesis,1.4156019133389122e-09,True,"""Any process that modulates the frequency, rate or extent of neurogenesis, the generation of cells in the nervous system."" [GOC:ai]",350,492,35,20972,0.07113821138211382,0.1,query_1,"['GO:0022008', 'GO:0051960', 'GO:0060284']"
GO:CC,GO:0030662,coated vesicle membrane,1.424075258603712e-09,True,"""The lipid bilayer surrounding a coated vesicle."" [GOC:mah]",201,497,25,22155,0.05030181086519115,0.12437810945273632,query_1,"['GO:0030135', 'GO:0030659', 'GO:0098588']"
REAC,REAC:R-HSA-76005,Response to elevated platelet cytosolic Ca2+,1.500356553371735e-09,True,Response to elevated platelet cytosolic Ca2+,131,456,27,11056,0.05921052631578947,0.20610687022900764,query_1,['REAC:R-HSA-76002']
GO:MF,GO:0042379,chemokine receptor binding,1.546662503538401e-09,True,"""Binding to a chemokine receptor."" [GOC:ai]",76,490,17,20208,0.03469387755102041,0.2236842105263158,query_1,"['GO:0001664', 'GO:0005126']"
WP,WP:WP5560,Lupus therapies,1.5606466735030433e-09,True,Lupus therapies,29,410,14,8899,0.03414634146341464,0.4827586206896552,query_1,['WP:000000']
WP,WP:WP5039,SARS CoV 2 innate immunity evasion and cell specific immune response,1.637428195527477e-09,True,SARS CoV 2 innate immunity evasion and cell specific immune response,66,410,20,8899,0.04878048780487805,0.30303030303030304,query_1,['WP:000000']
GO:BP,GO:0046903,secretion,1.8831257811679614e-09,True,"""The controlled release of a substance by a cell or a tissue."" [GOC:ai]",971,492,62,20972,0.12601626016260162,0.06385169927909372,query_1,['GO:0006810']
WP,WP:WP2431,Spinal cord injury,1.964226722519985e-09,True,Spinal cord injury,115,410,26,8899,0.06341463414634146,0.22608695652173913,query_1,['WP:000000']
GO:BP,GO:0002504,antigen processing and presentation of peptide or polysaccharide antigen via MHC class II,1.967912550110011e-09,True,"""The process in which an antigen-presenting cell expresses antigen (peptide or polysaccharide) on its cell surface in association with an MHC class II protein complex."" [GOC:add, ISBN:0781735149, PMID:15531770, PMID:15771591, PMID:16153240]",36,492,13,20972,0.026422764227642278,0.3611111111111111,query_1,['GO:0019882']
GO:BP,GO:0002573,myeloid leukocyte differentiation,1.9689911379536246e-09,True,"""The process in which a relatively unspecialized myeloid precursor cell acquires the specialized features of any cell of the myeloid leukocyte lineage."" [GOC:add, PMID:16551251]",244,492,29,20972,0.05894308943089431,0.11885245901639344,query_1,"['GO:0002521', 'GO:0030099']"
GO:BP,GO:0051046,regulation of secretion,1.9896835357229143e-09,True,"""Any process that modulates the frequency, rate or extent of the controlled release of a substance from a cell or a tissue."" [GOC:ai]",608,492,47,20972,0.09552845528455285,0.07730263157894737,query_1,"['GO:0046903', 'GO:0051049']"
HP,HP:0032158,Unusual infection by anatomical site,2.3535242114771555e-09,True,An unusual infection classified by the affected body part.,127,204,26,5200,0.12745098039215685,0.2047244094488189,query_1,['HP:0032101']
HP,HP:0002597,Abnormality of the vasculature,2.56689961310569e-09,True,An abnormality of the vasculature.,2067,204,130,5200,0.6372549019607843,0.06289308176100629,query_1,['HP:0001626']
GO:BP,GO:0030162,regulation of proteolysis,2.7363974343760656e-09,True,"""Any process that modulates the frequency, rate or extent of the hydrolysis of a peptide bond or bonds within a protein."" [GOC:mah]",166,492,24,20972,0.04878048780487805,0.14457831325301204,query_1,"['GO:0006508', 'GO:0051246']"
GO:BP,GO:0046632,alpha-beta T cell differentiation,2.7710391224558717e-09,True,"""The process in which a precursor cell type acquires the specialized features of an alpha-beta T cell. An alpha-beta T cell is a T cell that expresses an alpha-beta T cell receptor complex."" [CL:0000789, GOC:ai]",137,492,22,20972,0.044715447154471545,0.16058394160583941,query_1,"['GO:0030217', 'GO:0046631']"
GO:BP,GO:2001237,negative regulation of extrinsic apoptotic signaling pathway,3.0130626066428777e-09,True,"""Any process that stops, prevents or reduces the frequency, rate or extent of extrinsic apoptotic signaling pathway."" [GOC:mtg_apoptosis]",98,492,19,20972,0.03861788617886179,0.19387755102040816,query_1,"['GO:0097191', 'GO:2001234', 'GO:2001236']"
GO:BP,GO:0007399,nervous system development,3.2339746218410717e-09,True,"""The process whose specific outcome is the progression of nervous tissue over time, from its formation to its mature state."" [GOC:dgh]",2597,492,117,20972,0.23780487804878048,0.045051983057373894,query_1,['GO:0048731']
GO:BP,GO:0002503,peptide antigen assembly with MHC class II protein complex,3.2927923411080848e-09,True,"""The binding of a peptide to the antigen binding groove of an MHC class II protein complex."" [GOC:add, ISBN:0781735149, PMID:15771591]",13,492,9,20972,0.018292682926829267,0.6923076923076923,query_1,"['GO:0002399', 'GO:0002495', 'GO:0002501']"
GO:BP,GO:0002399,MHC class II protein complex assembly,3.2927923411080848e-09,True,"""The aggregation, arrangement and bonding together of a set of components to form an MHC class II protein complex."" [GOC:add, ISBN:0781735149, PMID:15771591]",13,492,9,20972,0.018292682926829267,0.6923076923076923,query_1,['GO:0002396']
HPA,HPA:0030441,Appendix; non-germinal center cells[≥Low],3.42097741373495e-09,True,Appendix; non-germinal center cells[≥Low],335,355,38,11007,0.10704225352112676,0.11343283582089553,query_1,['HPA:0030000']
GO:MF,GO:0032813,tumor necrosis factor receptor superfamily binding,3.606420419755231e-09,True,"""Binding to a member of the tumor necrosis factor receptor superfamily."" [GOC:add]",49,490,14,20208,0.02857142857142857,0.2857142857142857,query_1,['GO:0005126']
GO:BP,GO:0023057,negative regulation of signaling,3.8081407591836556e-09,True,"""Any process that stops, prevents, or reduces the frequency, rate or extent of a signaling process."" [GOC:mtg_signal]",1449,492,79,20972,0.16056910569105692,0.05452035886818495,query_1,"['GO:0023051', 'GO:0023052', 'GO:0048519']"
HPA,HPA:0461433,Skin 1; extracellular matrix[High],3.821709510428914e-09,True,Skin 1; extracellular matrix[High],27,355,12,11007,0.03380281690140845,0.4444444444444444,query_1,['HPA:0461432']
GO:BP,GO:1905521,regulation of macrophage migration,3.841714858864546e-09,True,"""Any process that modulates the frequency, rate or extent of macrophage migration."" [GO_REF:0000058, GOC:TermGenie, PMID:25749876]",46,492,14,20972,0.028455284552845527,0.30434782608695654,query_1,"['GO:0071675', 'GO:1905517']"
GO:BP,GO:0001776,leukocyte homeostasis,3.861078747014361e-09,True,"""The process of regulating the proliferation and elimination of cells of the immune system such that the total number of cells of a particular cell type within a whole or part of an organism is stable over time in the absence of an outside stimulus."" [GOC:add, ISBN:0781735149]",112,492,20,20972,0.04065040650406504,0.17857142857142858,query_1,"['GO:0002376', 'GO:0048872']"
GO:BP,GO:0048661,positive regulation of smooth muscle cell proliferation,4.0097003031220266e-09,True,"""Any process that activates or increases the rate or extent of smooth muscle cell proliferation."" [CL:0000192, GOC:ebc]",76,492,17,20972,0.034552845528455285,0.2236842105263158,query_1,"['GO:0008284', 'GO:0048659', 'GO:0048660']"
GO:BP,GO:0010594,regulation of endothelial cell migration,4.071489847577765e-09,True,"""Any process that modulates the rate, frequency, or extent of the orderly movement of an endothelial cell into the extracellular matrix to form an endothelium."" [GOC:BHF, GOC:dph, GOC:tb]",169,492,24,20972,0.04878048780487805,0.14201183431952663,query_1,"['GO:0030334', 'GO:0043542']"
KEGG,KEGG:05165,Human papillomavirus infection,4.2245645514026526e-09,True,Human papillomavirus infection,331,416,46,8716,0.11057692307692307,0.13897280966767372,query_1,['KEGG:00000']
GO:CC,GO:0031090,organelle membrane,4.278854457809893e-09,True,"""A membrane that is one of the two lipid bilayers of an organelle envelope or the outermost membrane of single membrane bound organelle."" [GOC:dos, GOC:mah]",3868,497,147,22155,0.29577464788732394,0.03800413650465357,query_1,"['GO:0016020', 'GO:0043227']"
HP,HP:0011450,Unusual CNS infection,4.346013114185236e-09,True,A type of infection of the central nervous system that can be regarded as a sign of a pathological susceptibility to infection.,120,204,25,5200,0.12254901960784313,0.20833333333333334,query_1,"['HP:0002011', 'HP:0032158']"
GO:BP,GO:0051051,negative regulation of transport,4.3860580244102494e-09,True,"""Any process that stops, prevents, or reduces the frequency, rate or extent of the directed movement of substances (such as macromolecules, small molecules, ions) into, out of or within a cell, or between cells, by means of some agent such as a transporter or pore."" [GOC:ai]",404,492,37,20972,0.07520325203252033,0.09158415841584158,query_1,"['GO:0006810', 'GO:0048519', 'GO:0051049']"
GO:BP,GO:0002478,antigen processing and presentation of exogenous peptide antigen,4.418141272113391e-09,True,"""The process in which an antigen-presenting cell expresses a peptide antigen of exogenous origin on its cell surface in association with an MHC protein complex. The peptide is typically a fragment of a larger exogenous protein which has been degraded within the cell."" [GOC:add, ISBN:0781735149]",38,492,13,20972,0.026422764227642278,0.34210526315789475,query_1,"['GO:0019884', 'GO:0048002']"
GO:BP,GO:0007492,endoderm development,4.52569327601992e-09,True,"""The process whose specific outcome is the progression of the endoderm over time, from its formation to the mature structure. The endoderm is the innermost germ layer that develops into the gastrointestinal tract, the lungs and associated tissues."" [GOC:dph, GOC:tb]",88,492,18,20972,0.036585365853658534,0.20454545454545456,query_1,['GO:0009888']
GO:BP,GO:2000379,positive regulation of reactive oxygen species metabolic process,4.8072046299057195e-09,True,"""Any process that activates or increases the frequency, rate or extent of reactive oxygen species metabolic process."" [GOC:mah]",66,492,16,20972,0.032520325203252036,0.24242424242424243,query_1,"['GO:0009893', 'GO:0072593', 'GO:2000377']"
GO:BP,GO:0030890,positive regulation of B cell proliferation,5.355271075886337e-09,True,"""Any process that activates or increases the rate or extent of B cell proliferation."" [GOC:mah]",47,492,14,20972,0.028455284552845527,0.2978723404255319,query_1,"['GO:0030888', 'GO:0042100', 'GO:0050671', 'GO:0050871']"
GO:BP,GO:0002507,tolerance induction,5.7268872545430805e-09,True,"""A process that directly activates any of the steps required for tolerance, a physiologic state in which the immune system does not react destructively against the components of an organism that harbors it or against antigens that are introduced to it."" [GO_REF:0000022, GOC:jal, ISBN:0781735149]",31,492,12,20972,0.024390243902439025,0.3870967741935484,query_1,"['GO:0002376', 'GO:0002520']"
HP,HP:0030163,Abnormal vascular physiology,5.756699425442109e-09,True,Abnormality of vascular function.,360,204,44,5200,0.21568627450980393,0.12222222222222222,query_1,"['HP:0002597', 'HP:0011025']"
GO:BP,GO:0030183,B cell differentiation,5.845441608455571e-09,True,"""The process in which a precursor cell type acquires the specialized features of a B cell. A B cell is a lymphocyte of B lineage with the phenotype CD19-positive and capable of B cell mediated immunity."" [GO_REF:0000022, GOC:mah]",142,492,22,20972,0.044715447154471545,0.15492957746478872,query_1,"['GO:0030098', 'GO:0042113']"
REAC,REAC:R-HSA-5668541,TNFR2 non-canonical NF-kB pathway,5.905364031895246e-09,True,TNFR2 non-canonical NF-kB pathway,100,456,23,11056,0.05043859649122807,0.23,query_1,['REAC:R-HSA-1280215']
WP,WP:WP3624,Lung fibrosis,6.111188665609224e-09,True,Lung fibrosis,63,410,19,8899,0.046341463414634146,0.30158730158730157,query_1,['WP:000000']
GO:CC,GO:0098852,lytic vacuole membrane,6.1357290490864964e-09,True,"""The lipid bilayer surrounding a lytic vacuole and separating its contents from the cytoplasm of the cell."" [GOC:dos]",457,497,37,22155,0.0744466800804829,0.08096280087527352,query_1,"['GO:0000323', 'GO:0005774']"
GO:CC,GO:0005765,lysosomal membrane,6.1357290490864964e-09,True,"""The lipid bilayer surrounding the lysosome and separating its contents from the cell cytoplasm."" [GOC:ai]",457,497,37,22155,0.0744466800804829,0.08096280087527352,query_1,"['GO:0005764', 'GO:0098852']"
HPA,HPA:0460201,Skin 1; endothelial cells[≥Low],6.174772067507394e-09,True,Skin 1; endothelial cells[≥Low],840,355,65,11007,0.18309859154929578,0.07738095238095238,query_1,['HPA:0460000']
HP,HP:0025323,Abnormal arterial physiology,6.19004124033114e-09,True,An anomaly of arterial function.,188,204,31,5200,0.15196078431372548,0.16489361702127658,query_1,['HP:0030163']
GO:BP,GO:0002639,positive regulation of immunoglobulin production,6.484460611707764e-09,True,"""Any process that activates or increases the frequency, rate, or extent of immunoglobulin production."" [GOC:add]",57,492,15,20972,0.03048780487804878,0.2631578947368421,query_1,"['GO:0002377', 'GO:0002637', 'GO:0002702']"
KEGG,KEGG:04974,Protein digestion and absorption,6.567815573965127e-09,True,Protein digestion and absorption,103,416,24,8716,0.057692307692307696,0.23300970873786409,query_1,['KEGG:00000']
GO:BP,GO:0009628,response to abiotic stimulus,7.348675181922655e-09,True,"""Any process that results in a change in state or activity of a cell or an organism (in terms of movement, secretion, enzyme production, gene expression, etc.) as a result of an abiotic (not derived from living organisms) stimulus."" [GOC:hb]",1108,492,66,20972,0.13414634146341464,0.05956678700361011,query_1,['GO:0050896']
GO:BP,GO:0007157,heterophilic cell-cell adhesion,7.399745243521137e-09,True,"""The attachment of an adhesion molecule in one cell to a nonidentical adhesion molecule in an adjacent cell."" [ISBN:0198506732]",48,492,14,20972,0.028455284552845527,0.2916666666666667,query_1,['GO:0098609']
GO:MF,GO:0005518,collagen binding,7.602948075561505e-09,True,"""Binding to collagen, a group of fibrous proteins of very high tensile strength that form the main component of connective tissue in animals. Collagen is highly enriched in glycine (some regions are 33% glycine) and proline, occurring predominantly as 3-hydroxyproline (about 20%)."" [GOC:ai, ISBN:0198506732]",72,490,16,20208,0.0326530612244898,0.2222222222222222,query_1,['GO:0044877']
KEGG,KEGG:05200,Pathways in cancer,7.620454517013096e-09,True,Pathways in cancer,530,416,61,8716,0.1466346153846154,0.11509433962264151,query_1,['KEGG:00000']
HP,HP:0032251,Abnormal immune system morphology,8.777849403114655e-09,True,Abnormal immune system morphology,689,204,64,5200,0.3137254901960784,0.09288824383164006,query_1,['HP:0002715']
GO:BP,GO:1901623,regulation of lymphocyte chemotaxis,8.783585091772153e-09,True,"""Any process that modulates the frequency, rate or extent of lymphocyte chemotaxis."" [GOC:TermGenie]",25,492,11,20972,0.022357723577235773,0.44,query_1,"['GO:0002688', 'GO:0048247', 'GO:2000401']"
HPA,HPA:0640000,Endometrium,9.202875315845372e-09,True,Endometrium,120,355,22,11007,0.061971830985915494,0.18333333333333332,query_1,['HPA:0000000']
GO:CC,GO:0101002,ficolin-1-rich granule,9.329990327747077e-09,True,"""Highly exocytosable gelatinase-poor granules found in neutrophils and rich in ficolin-1. Ficolin-1 is released from neutrophil granules by stimulation with fMLP or PMA, and the majority becomes associated with the surface membrane of the cells and can be detected by flow cytometry."" [GOC:mec, PMID:19741154]",184,497,23,22155,0.04627766599597585,0.125,query_1,['GO:0030141']
GO:BP,GO:0048729,tissue morphogenesis,9.411153699556413e-09,True,"""The process in which the anatomical structures of a tissue are generated and organized."" [GOC:dph, GOC:jid]",612,492,46,20972,0.09349593495934959,0.07516339869281045,query_1,"['GO:0009653', 'GO:0009888']"
GO:BP,GO:0007417,central nervous system development,9.678324081404035e-09,True,"""The process whose specific outcome is the progression of the central nervous system over time, from its formation to the mature structure. The central nervous system is the core nervous system that serves an integrating and coordinating function. In vertebrates it consists of the brain and spinal cord. In those invertebrates with a central nervous system it typically consists of a brain, cerebral ganglia and a nerve cord."" [GOC:bf, GOC:jid, ISBN:0582227089]",1035,492,63,20972,0.12804878048780488,0.06086956521739131,query_1,"['GO:0007399', 'GO:0048731']"
GO:BP,GO:0010648,negative regulation of cell communication,1.0221322378063231e-08,True,"""Any process that decreases the frequency, rate or extent of cell communication. Cell communication is the process that mediates interactions between a cell and its surroundings. Encompasses interactions such as signaling or attachment between one cell and another cell, between a cell and an extracellular matrix, or between a cell and any other aspect of its environment."" [GOC:dph, GOC:tb]",1449,492,78,20972,0.15853658536585366,0.053830227743271224,query_1,"['GO:0007154', 'GO:0010646', 'GO:0048523']"
GO:MF,GO:0001664,G protein-coupled receptor binding,1.0261618383316317e-08,True,"""Binding to a G protein-coupled receptor."" [GOC:ceb, GOC:dph]",286,490,30,20208,0.061224489795918366,0.1048951048951049,query_1,['GO:0005102']
GO:MF,GO:0050840,extracellular matrix binding,1.148879294302394e-08,True,"""Binding to a component of the extracellular matrix."" [GOC:ai]",63,490,15,20208,0.030612244897959183,0.23809523809523808,query_1,['GO:0005488']
GO:CC,GO:0030135,coated vesicle,1.1881077508115178e-08,True,"""Small membrane-bounded organelle formed by pinching off of a coated region of membrane. Some coats are made of clathrin, whereas others are made from other proteins."" [ISBN:0815316194]",317,497,30,22155,0.060362173038229376,0.0946372239747634,query_1,['GO:0031410']
WP,WP:WP5090,Complement system in neuronal development and plasticity,1.2354819879718762e-08,True,Complement system in neuronal development and plasticity,106,410,24,8899,0.05853658536585366,0.22641509433962265,query_1,['WP:000000']
GO:BP,GO:0032940,secretion by cell,1.265713669286372e-08,True,"""The controlled release of a substance by a cell."" [GOC:mah]",835,492,55,20972,0.11178861788617886,0.0658682634730539,query_1,"['GO:0046903', 'GO:0140352']"
GO:BP,GO:0045860,positive regulation of protein kinase activity,1.2697163232603494e-08,True,"""Any process that activates or increases the frequency, rate or extent of protein kinase activity."" [GOC:go_curators]",194,492,25,20972,0.0508130081300813,0.12886597938144329,query_1,"['GO:0001934', 'GO:0033674', 'GO:0045859']"
KEGG,KEGG:05310,Asthma,1.2845667280724393e-08,True,Asthma,28,416,13,8716,0.03125,0.4642857142857143,query_1,['KEGG:00000']
GO:BP,GO:0030195,negative regulation of blood coagulation,1.3783516203220169e-08,True,"""Any process that stops, prevents, or reduces the frequency, rate or extent of blood coagulation."" [GOC:mah]",50,492,14,20972,0.028455284552845527,0.28,query_1,"['GO:0007596', 'GO:0030193', 'GO:0050819', 'GO:0061045', 'GO:1900047']"
KEGG,KEGG:05417,Lipid and atherosclerosis,1.3848856787904533e-08,True,Lipid and atherosclerosis,215,416,35,8716,0.08413461538461539,0.16279069767441862,query_1,['KEGG:00000']
HP,HP:0002716,Lymphadenopathy,1.3945991181108239e-08,True,Enlargement (swelling) of a lymph node.,257,204,36,5200,0.17647058823529413,0.14007782101167315,query_1,['HP:0002733']
HP,HP:0011122,Abnormality of skin physiology,1.4005841156801276e-08,True,Any abnormality of the physiological function of the skin.,609,204,59,5200,0.28921568627450983,0.09688013136288999,query_1,['HP:0000951']
GO:BP,GO:0060759,regulation of response to cytokine stimulus,1.4398131176112243e-08,True,"""Any process that modulates the rate, frequency, or extent of a response to cytokine stimulus."" [GOC:BHF, GOC:dph, GOC:tb]",179,492,24,20972,0.04878048780487805,0.1340782122905028,query_1,"['GO:0034097', 'GO:0048583']"
GO:BP,GO:0001706,endoderm formation,1.465968092097398e-08,True,"""The formation of the endoderm during gastrulation."" [GOC:go_curators]",60,492,15,20972,0.03048780487804878,0.25,query_1,"['GO:0001704', 'GO:0007492']"
GO:BP,GO:0003158,endothelium development,1.4769077240459711e-08,True,"""The process whose specific outcome is the progression of an endothelium over time, from its formation to the mature structure. Endothelium refers to the layer of cells lining blood vessels, lymphatics, the heart, and serous cavities, and is derived from bone marrow or mesoderm. Corneal endothelium is a special case, derived from neural crest cells."" [GOC:mtg_heart]",134,492,21,20972,0.042682926829268296,0.15671641791044777,query_1,['GO:0060429']
GO:BP,GO:0098581,detection of external biotic stimulus,1.4905113972116714e-08,True,"""The series of events in which an external biotic stimulus is detected and converted into a molecular signal. An external biotic stimulus is defined as one caused or produced by a living organism other than the one being stimulated."" [GOC:dos]",26,492,11,20972,0.022357723577235773,0.4230769230769231,query_1,"['GO:0009595', 'GO:0043207']"
GO:BP,GO:0002292,T cell differentiation involved in immune response,1.4931796209634545e-08,True,"""The process in which an antigenically naive T cell acquires the specialized features of an effector, regulatory, or memory T cell as part of an immune response. Effector T cells include cells which provide T cell help or exhibit cytotoxicity towards other cells."" [GOC:add, ISBN:0781735149]",82,492,17,20972,0.034552845528455285,0.2073170731707317,query_1,"['GO:0002286', 'GO:0030217']"
GO:CC,GO:0012507,ER to Golgi transport vesicle membrane,1.5029725316731127e-08,True,"""The lipid bilayer surrounding a vesicle transporting substances from the endoplasmic reticulum to the Golgi."" [GOC:ai, GOC:ascb_2009, GOC:dph, GOC:tb]",60,497,14,22155,0.028169014084507043,0.23333333333333334,query_1,"['GO:0030134', 'GO:0030658', 'GO:0030662']"
GO:MF,GO:0008201,heparin binding,1.6469309587262847e-08,True,"""Binding to heparin, a member of a group of glycosaminoglycans found mainly as an intracellular component of mast cells and which consist predominantly of alternating alpha-(1->4)-linked D-galactose and N-acetyl-D-glucosamine-6-sulfate residues."" [GOC:jl, ISBN:0198506732]",171,490,23,20208,0.04693877551020408,0.13450292397660818,query_1,"['GO:0005539', 'GO:1901681']"
HP,HP:0031409,Abnormal lymphocyte physiology,1.6925900629785103e-08,True,Any anomaly of lymphocyte function.,342,204,42,5200,0.20588235294117646,0.12280701754385964,query_1,"['HP:0011017', 'HP:0033796']"
GO:BP,GO:0030449,regulation of complement activation,1.7260524135979578e-08,True,"""Any process that modulates the frequency, rate or extent of complement activation."" [GOC:go_curators]",20,492,10,20972,0.02032520325203252,0.5,query_1,"['GO:0002697', 'GO:0002920', 'GO:0006956']"
GO:CC,GO:0030669,clathrin-coated endocytic vesicle membrane,1.7372083410957693e-08,True,"""The lipid bilayer surrounding a clathrin-coated endocytic vesicle."" [GOC:mah]",72,497,15,22155,0.030181086519114688,0.20833333333333334,query_1,"['GO:0030665', 'GO:0030666', 'GO:0045334']"
GO:BP,GO:0031099,regeneration,1.7665763622460238e-08,True,"""The regrowth of a lost or destroyed body part, such as an organ or tissue. This process may occur via renewal, repair, and/or growth alone (i.e. increase in size or mass)."" [GOC:mah, GOC:pr]",165,492,23,20972,0.046747967479674794,0.1393939393939394,query_1,['GO:0048856']
GO:BP,GO:0009612,response to mechanical stimulus,1.855891762579921e-08,True,"""Any process that results in a change in state or activity of a cell or an organism (in terms of movement, secretion, enzyme production, gene expression, etc.) as a result of a mechanical stimulus."" [GOC:hb]",214,492,26,20972,0.052845528455284556,0.12149532710280374,query_1,"['GO:0009605', 'GO:0009628']"
GO:BP,GO:1900047,negative regulation of hemostasis,1.8595300600158606e-08,True,"""Any process that stops, prevents or reduces the frequency, rate or extent of hemostasis."" [GOC:TermGenie]",51,492,14,20972,0.028455284552845527,0.27450980392156865,query_1,"['GO:0007599', 'GO:0048519', 'GO:1900046']"
GO:BP,GO:0002455,humoral immune response mediated by circulating immunoglobulin,1.8595300600158606e-08,True,"""An immune response dependent upon secreted immunoglobulin. An example of this process is found in Mus musculus."" [GO_REF:0000022, GOC:add, ISBN:0781735149]",51,492,14,20972,0.028455284552845527,0.27450980392156865,query_1,"['GO:0006959', 'GO:0016064']"
WP,WP:WP306,Focal adhesion,2.0740893569574358e-08,True,Focal adhesion,198,410,33,8899,0.08048780487804878,0.16666666666666666,query_1,['WP:000000']
REAC,REAC:R-HSA-372790,Signaling by GPCR,2.1285832244365236e-08,True,Signaling by GPCR,695,456,67,11056,0.14692982456140352,0.09640287769784173,query_1,['REAC:R-HSA-162582']
HPA,HPA:0530712,Spleen; cells in red pulp[≥Medium],2.245184627842542e-08,True,Spleen; cells in red pulp[≥Medium],3150,355,158,11007,0.4450704225352113,0.05015873015873016,query_1,['HPA:0530711']
GO:BP,GO:0031399,regulation of protein modification process,2.2815906297095268e-08,True,"""Any process that modulates the frequency, rate or extent of the covalent alteration of one or more amino acid residues within a protein."" [GOC:mah, GOC:tb]",748,492,51,20972,0.10365853658536585,0.06818181818181818,query_1,"['GO:0036211', 'GO:0051246']"
HPA,HPA:0470201,Skin 2; endothelial cells[≥Low],2.3477716555583054e-08,True,Skin 2; endothelial cells[≥Low],887,355,66,11007,0.18591549295774648,0.07440811724915446,query_1,['HPA:0470000']
GO:CC,GO:0005774,vacuolar membrane,2.355860069018514e-08,True,"""The lipid bilayer surrounding the vacuole and separating its contents from the cytoplasm of the cell."" [GOC:ai]",502,497,38,22155,0.07645875251509054,0.07569721115537849,query_1,"['GO:0005773', 'GO:0098588']"
HPA,HPA:0030442,Appendix; non-germinal center cells[≥Medium],2.3623406909870685e-08,True,Appendix; non-germinal center cells[≥Medium],262,355,32,11007,0.09014084507042254,0.12213740458015267,query_1,['HPA:0030441']
GO:BP,GO:0051043,regulation of membrane protein ectodomain proteolysis,2.462416624326234e-08,True,"""Any process that modulates the frequency, rate or extent of the proteolytic cleavage of transmembrane proteins and release of their ectodomain (extracellular domain)."" [GOC:ai]",27,492,11,20972,0.022357723577235773,0.4074074074074074,query_1,"['GO:0006509', 'GO:0030162', 'GO:0042176']"
GO:BP,GO:0071622,regulation of granulocyte chemotaxis,2.4905672110221945e-08,True,"""Any process that modulates the rate, frequency or extent of granulocyte chemotaxis. Granulocyte chemotaxis is the movement of a granulocyte in response to an external stimulus."" [GOC:mah]",52,492,14,20972,0.028455284552845527,0.2692307692307692,query_1,"['GO:0002688', 'GO:0071621']"
HP,HP:0001892,Abnormal bleeding,2.5831893514579753e-08,True,"An abnormal susceptibility to bleeding, often referred to as a bleeding diathesis. A bleeding diathesis may be related to vascular, platelet and coagulation defects.",550,204,55,5200,0.2696078431372549,0.1,query_1,['HP:0001871']
GO:MF,GO:0098631,cell adhesion mediator activity,2.778957217822692e-08,True,"""The binding by a cell-adhesion protein on a cell surface to an adhesion molecule on another cell surface or an external substrate, to mediate adhesion of the cell to the external substrate or to another cell."" [GOC:vw, Wikipedia:Cell_adhesion]",78,490,16,20208,0.0326530612244898,0.20512820512820512,query_1,['GO:0050839']
REAC,REAC:R-HSA-8874081,MET activates PTK2 signaling,2.9248015266501685e-08,True,MET activates PTK2 signaling,30,456,13,11056,0.02850877192982456,0.43333333333333335,query_1,['REAC:R-HSA-8875878']
GO:BP,GO:0001935,endothelial cell proliferation,3.089914273458866e-08,True,"""The multiplication or reproduction of endothelial cells, resulting in the expansion of a cell population. Endothelial cells are thin flattened cells which line the inside surfaces of body cavities, blood vessels, and lymph vessels, making up the endothelium."" [GOC:add, ISBN:0781735149]",154,492,22,20972,0.044715447154471545,0.14285714285714285,query_1,['GO:0050673']
HP,HP:0011123,Inflammatory abnormality of the skin,3.134339096204091e-08,True,"The presence of inflammation of the skin. That is, an abnormality of the skin resulting from the local accumulation of fluid, plasma proteins, and leukocytes.",536,204,54,5200,0.2647058823529412,0.10074626865671642,query_1,"['HP:0011122', 'HP:0012649']"
GO:BP,GO:0009968,negative regulation of signal transduction,3.313006074367022e-08,True,"""Any process that stops, prevents, or reduces the frequency, rate or extent of signal transduction."" [GOC:sm]",1341,492,73,20972,0.1483739837398374,0.054436987322893364,query_1,"['GO:0007165', 'GO:0009966', 'GO:0010648', 'GO:0023057', 'GO:0048585']"
REAC,REAC:R-HSA-9006934,Signaling by Receptor Tyrosine Kinases,3.440594585122912e-08,True,Signaling by Receptor Tyrosine Kinases,516,456,55,11056,0.1206140350877193,0.1065891472868217,query_1,['REAC:R-HSA-162582']
HP,HP:0001287,Meningitis,3.5952396720983126e-08,True,Inflammation of the meninges.,82,204,20,5200,0.09803921568627451,0.24390243902439024,query_1,['HP:0011450']
GO:BP,GO:0045446,endothelial cell differentiation,3.6045055072433795e-08,True,"""The process in which a mesodermal, bone marrow or neural crest cell acquires specialized features of an endothelial cell, a thin flattened cell. A layer of such cells lines the inside surfaces of body cavities, blood vessels, and lymph vessels, making up the endothelium."" [CL:0000115, GOC:go_curators]",112,492,19,20972,0.03861788617886179,0.16964285714285715,query_1,"['GO:0003158', 'GO:0030855']"
KEGG,KEGG:05169,Epstein-Barr virus infection,3.83587173820639e-08,True,Epstein-Barr virus infection,201,416,33,8716,0.07932692307692307,0.16417910447761194,query_1,['KEGG:00000']
HP,HP:0000123,Nephritis,4.0203397391994166e-08,True,The presence of inflammation affecting the kidney.,154,204,27,5200,0.1323529411764706,0.17532467532467533,query_1,"['HP:0012211', 'HP:0012649']"
GO:BP,GO:0002009,morphogenesis of an epithelium,4.0973734015024195e-08,True,"""The process in which the anatomical structures of epithelia are generated and organized. An epithelium consists of closely packed cells arranged in one or more layers, that covers the outer surfaces of the body or lines any internal cavity or tube."" [GOC:dph, GOC:jl, GOC:tb, ISBN:0198506732]",501,492,40,20972,0.08130081300813008,0.07984031936127745,query_1,"['GO:0048729', 'GO:0060429']"
GO:CC,GO:0045334,clathrin-coated endocytic vesicle,4.1436032713044284e-08,True,"""A clathrin-coated, membrane-bounded intracellular vesicle formed by invagination of the plasma membrane around an extracellular substance."" [GOC:go_curators]",89,497,16,22155,0.03219315895372234,0.1797752808988764,query_1,"['GO:0030136', 'GO:0030139']"
GO:BP,GO:0043549,regulation of kinase activity,4.165747647208687e-08,True,"""Any process that modulates the frequency, rate or extent of kinase activity, the catalysis of the transfer of a phosphate group, usually from ATP, to a substrate molecule."" [GOC:bf]",353,492,33,20972,0.06707317073170732,0.09348441926345609,query_1,"['GO:0042325', 'GO:0051338']"
GO:BP,GO:0035924,cellular response to vascular endothelial growth factor stimulus,4.2402820000515725e-08,True,"""Any process that results in a change in state or activity of a cell (in terms of movement, secretion, enzyme production, gene expression, etc.) as a result of a vascular endothelial growth factor stimulus."" [GOC:BHF, GOC:rl, PMID:18440775]",113,492,19,20972,0.03861788617886179,0.168141592920354,query_1,['GO:0071363']
HP,HP:0001482,Subcutaneous nodule,4.34003746686021e-08,True,Slightly elevated lesions on or in the skin with a diameter of over 5 mm.,92,204,21,5200,0.10294117647058823,0.22826086956521738,query_1,['HP:0200036']
GO:BP,GO:0050819,negative regulation of coagulation,4.3771930096727577e-08,True,"""Any process that stops, prevents, or reduces the frequency, rate or extent of coagulation."" [GOC:ai]",54,492,14,20972,0.028455284552845527,0.25925925925925924,query_1,"['GO:0050817', 'GO:0050818', 'GO:0051241']"
KEGG,KEGG:05340,Primary immunodeficiency,4.4237792051246203e-08,True,Primary immunodeficiency,36,416,14,8716,0.03365384615384615,0.3888888888888889,query_1,['KEGG:00000']
GO:MF,GO:0061134,peptidase regulator activity,4.469523491914524e-08,True,"""Binds to and modulates the activity of a peptidase, any enzyme that catalyzes the hydrolysis peptide bonds."" [GOC:dph, GOC:tb]",230,490,26,20208,0.053061224489795916,0.11304347826086956,query_1,['GO:0030234']
HP,HP:0001881,Abnormal leukocyte morphology,4.5456878229880377e-08,True,An abnormality of leukocytes.,661,204,61,5200,0.29901960784313725,0.09228441754916793,query_1,"['HP:0001871', 'HP:0010987']"
HP,HP:0010987,Abnormal cellular immune system morphology,4.5456878229880377e-08,True,An abnormality of the morphology or counts of the cells that make up the immune system.,661,204,61,5200,0.29901960784313725,0.09228441754916793,query_1,['HP:0032251']
HP,HP:0033796,Abnormal leukocyte physiology,4.854349453628183e-08,True,A functional abnormality of a white blood cell.,353,204,42,5200,0.20588235294117646,0.11898016997167139,query_1,"['HP:0001871', 'HP:0010978']"
GO:CC,GO:0030134,COPII-coated ER to Golgi transport vesicle,4.936739918405189e-08,True,"""A vesicle with a coat formed of the COPII coat complex proteins. The COPII coat complex is formed by the Sec23p/Sec24p and the Sec13p/Sec31p heterodimers. COPII-associated vesicles transport proteins from the rough endoplasmic reticulum to the Golgi apparatus (anterograde transport)."" [PMID:11252894, PMID:17499046, PMID:22160157, PMID:8004676, Wikipedia:COPII]",90,497,16,22155,0.03219315895372234,0.17777777777777778,query_1,['GO:0030135']
GO:BP,GO:0002347,response to tumor cell,5.1277421226935494e-08,True,"""Any process that results in a change in state or activity of a cell or an organism (in terms of movement, secretion, enzyme production, gene expression, etc.) as a result of a stimulus from a tumor cell."" [GOC:add, ISBN:0781735149, PMID:16730260]",45,492,13,20972,0.026422764227642278,0.28888888888888886,query_1,['GO:0009607']
GO:BP,GO:0048247,lymphocyte chemotaxis,5.1277421226935494e-08,True,"""The directed movement of a lymphocyte in response to an external stimulus."" [GOC:hjd, GOC:jid, PMID:12391252]",45,492,13,20972,0.026422764227642278,0.28888888888888886,query_1,"['GO:0030595', 'GO:0072676']"
HP,HP:0030057,Autoimmune antibody positivity,5.15721176129333e-08,True,The presence of an antibody in the blood circulation that is directed against the organism's own cells or tissues.,191,204,30,5200,0.14705882352941177,0.15706806282722513,query_1,['HP:0002960']
GO:BP,GO:0033002,muscle cell proliferation,5.2320466521073756e-08,True,"""The expansion of a muscle cell population by cell division."" [CL:0000187, GOC:mah]",190,492,24,20972,0.04878048780487805,0.12631578947368421,query_1,['GO:0008283']
GO:BP,GO:0071346,cellular response to type II interferon,5.271032055160894e-08,True,"""Any process that results in a change in state or activity of a cell (in terms of movement, secretion, enzyme production, gene expression, etc.) as a result of an interferon-gamma stimulus. Interferon gamma is the only member of the type II interferon found so far."" [GOC:mah]",101,492,18,20972,0.036585365853658534,0.1782178217821782,query_1,"['GO:0034341', 'GO:0071345']"
HP,HP:0011029,Internal hemorrhage,5.3296698153149414e-08,True,The presence of hemorrhage within the body.,354,204,42,5200,0.20588235294117646,0.11864406779661017,query_1,"['HP:0001892', 'HP:0011028']"
HP,HP:0012647,Abnormal inflammatory response,5.422793081237362e-08,True,"Any anomaly of the inflammatory response, a response to injury or infection characterized by local vasodilation, extravasation of plasma into intercellular spaces and accumulation of white blood cells and macrophages.",1352,204,96,5200,0.47058823529411764,0.07100591715976332,query_1,['HP:0010978']
HP,HP:0012649,Increased inflammatory response,5.422793081237362e-08,True,A abnormal increase in the inflammatory response to injury or infection.,1352,204,96,5200,0.47058823529411764,0.07100591715976332,query_1,['HP:0012647']
GO:BP,GO:0002475,antigen processing and presentation via MHC class Ib,5.7916136383085544e-08,True,"""The process in which an antigen-presenting cell expresses antigen (peptide or lipid) on its cell surface in association with an MHC class Ib protein complex. Class Ib here refers to non-classical class I molecules, such as those of the CD1 or HLA-E gene families."" [GOC:add, PMID:15928678, PMID:15928680]",22,492,10,20972,0.02032520325203252,0.45454545454545453,query_1,['GO:0019882']
GO:BP,GO:0045591,positive regulation of regulatory T cell differentiation,5.7916136383085544e-08,True,"""Any process that activates or increases the frequency, rate or extent of differentiation of regulatory T cells."" [ISBN:0781735149]",22,492,10,20972,0.02032520325203252,0.45454545454545453,query_1,"['GO:0045066', 'GO:0045582', 'GO:0045589']"
GO:MF,GO:0048020,CCR chemokine receptor binding,5.823130156135689e-08,True,"""Binding to a CCR chemokine receptor."" [GOC:ai]",49,490,13,20208,0.026530612244897958,0.2653061224489796,query_1,['GO:0042379']
GO:BP,GO:2000106,regulation of leukocyte apoptotic process,6.00413789059055e-08,True,"""Any process that modulates the frequency, rate or extent of leukocyte apoptotic process."" [GOC:BHF, GOC:mtg_apoptosis]",89,492,17,20972,0.034552845528455285,0.19101123595505617,query_1,"['GO:0042981', 'GO:0071887']"
GO:MF,GO:0030228,lipoprotein particle receptor activity,6.199859155193748e-08,True,"""Combining with a lipoprotein particle and delivering the lipoprotein particle into the cell via endocytosis. A lipoprotein particle, also known as a lipoprotein, is a clathrate complex consisting of a lipid enwrapped in a protein host without covalent binding in such a way that the complex has a hydrophilic outer surface consisting of all the protein and the polar ends of any phospholipids."" [GOC:bf, GOC:mah, PMID:12827279]",18,490,9,20208,0.018367346938775512,0.5,query_1,['GO:0038024']
GO:MF,GO:0042288,MHC class I protein binding,6.199859155193748e-08,True,"""Binding to a major histocompatibility complex class I molecule; a set of molecules displayed on cell surfaces that are responsible for lymphocyte recognition and antigen presentation."" [GOC:jl]",18,490,9,20208,0.018367346938775512,0.5,query_1,['GO:0042287']
GO:BP,GO:0051129,negative regulation of cellular component organization,6.239444879817354e-08,True,"""Any process that stops, prevents, or reduces the frequency, rate or extent of a process involved in the formation, arrangement of constituent parts, or disassembly of cell structures, including the plasma membrane and any external encapsulating structures such as the cell wall and cell envelope."" [GOC:ai]",695,492,48,20972,0.0975609756097561,0.06906474820143885,query_1,"['GO:0016043', 'GO:0048523', 'GO:0051128']"
GO:BP,GO:0090594,inflammatory response to wounding,6.262737601378149e-08,True,"""The immediate defensive reaction by vertebrate tissue to injury caused by chemical or physical agents."" [GOC:add]",29,492,11,20972,0.022357723577235773,0.3793103448275862,query_1,"['GO:0006954', 'GO:0009611']"
GO:BP,GO:0032963,collagen metabolic process,6.263616311457817e-08,True,"""The chemical reactions and pathways involving collagen, any of a group of fibrous proteins of very high tensile strength that form the main component of connective tissue in animals. Collagen is highly enriched in glycine (some regions are 33% glycine) and proline, occurring predominantly as 3-hydroxyproline (about 20%)."" [GOC:mah, ISBN:0198506732]",102,492,18,20972,0.036585365853658534,0.17647058823529413,query_1,['GO:0008152']
KEGG,KEGG:04517,IgSF CAM signaling,6.56195623456773e-08,True,IgSF CAM signaling,297,416,41,8716,0.0985576923076923,0.13804713804713806,query_1,['KEGG:00000']
GO:BP,GO:0009595,detection of biotic stimulus,6.614775297683612e-08,True,"""The series of events in which a biotic stimulus, one caused or produced by a living organism, is received and converted into a molecular signal."" [GOC:hb]",37,492,12,20972,0.024390243902439025,0.32432432432432434,query_1,"['GO:0009607', 'GO:0051606']"
GO:BP,GO:0001936,regulation of endothelial cell proliferation,6.70522567244467e-08,True,"""Any process that modulates the frequency, rate, or extent of endothelial cell proliferation."" [GOC:add]",130,492,20,20972,0.04065040650406504,0.15384615384615385,query_1,"['GO:0001935', 'GO:0050678']"
GO:BP,GO:1903530,regulation of secretion by cell,7.3205322240811e-08,True,"""Any process that modulates the frequency, rate or extent of secretion by cell."" [GO_REF:0000058, GOC:pm, GOC:TermGenie, PMID:12130530]",556,492,42,20972,0.08536585365853659,0.07553956834532374,query_1,"['GO:0032940', 'GO:0050794', 'GO:0051046']"
GO:BP,GO:2000501,regulation of natural killer cell chemotaxis,7.349221643480843e-08,True,"""Any process that modulates the frequency, rate or extent of natural killer cell chemotaxis."" [GOC:BHF]",8,492,7,20972,0.014227642276422764,0.875,query_1,"['GO:0035747', 'GO:1901623']"
GO:MF,GO:0005035,death receptor activity,7.508227742113707e-08,True,"""Combining with an extracellular messenger (called a death ligand), and transmitting the signal from one side of the plasma membrane to the other to initiate apoptotic or necrotic cell death."" [GOC:bf, GOC:BHF, GOC:ecd, GOC:mtg_apoptosis, GOC:rl, PMID:10209153]",13,490,8,20208,0.0163265306122449,0.6153846153846154,query_1,['GO:0004888']
GO:BP,GO:0060760,positive regulation of response to cytokine stimulus,8.196645043816546e-08,True,"""Any process that increases the rate, frequency, or extent of a response to cytokine stimulus."" [GOC:BHF, GOC:dph, GOC:tb]",67,492,15,20972,0.03048780487804878,0.22388059701492538,query_1,"['GO:0034097', 'GO:0048584', 'GO:0060759']"
MIRNA,MIRNA:hsa-mir-146a-5p,hsa-mir-146a-5p,8.465133355411465e-08,True,hsa-mir-146a-5p,196,478,26,16638,0.05439330543933055,0.1326530612244898,query_1,['MIRNA:000000']
GO:MF,GO:0042056,chemoattractant activity,8.663315267272798e-08,True,"""Providing the environmental signal that initiates the directed movement of a motile cell or organism towards a higher concentration of that signal."" [GOC:go_curators, ISBN:0198506732]",41,490,12,20208,0.024489795918367346,0.2926829268292683,query_1,['GO:0048018']
GO:BP,GO:0002526,acute inflammatory response,8.790151030667091e-08,True,"""Inflammation which comprises a rapid, short-lived, relatively uniform response to acute injury or antigenic challenge and is characterized by accumulations of fluid, plasma proteins, and granulocytic leukocytes. An acute inflammatory response occurs within a matter of minutes or hours, and either resolves within a few days or becomes a chronic inflammatory response."" [GO_REF:0000022, GOC:add, ISBN:0781735149]",104,492,18,20972,0.036585365853658534,0.17307692307692307,query_1,['GO:0006954']
HP,HP:0004936,Venous thrombosis,9.222951542639706e-08,True,"Formation of a blood clot (thrombus) inside a vein, causing the obstruction of blood flow.",86,204,20,5200,0.09803921568627451,0.23255813953488372,query_1,['HP:0001977']
GO:BP,GO:0043903,regulation of biological process involved in symbiotic interaction,9.463834299439962e-08,True,"""Any process that modulates the frequency, rate or extent of symbiosis, an interaction between two organisms living together in more or less intimate association."" [GOC:jl]",38,492,12,20972,0.024390243902439025,0.3157894736842105,query_1,"['GO:0044403', 'GO:0050789']"
GO:BP,GO:0050808,synapse organization,9.712001992268175e-08,True,"""A process that is carried out at the cellular level which results in the assembly, arrangement of constituent parts, or disassembly of a synapse, the junction between a neuron and a target (neuron, muscle, or secretory cell)."" [GOC:ai, GOC:pr]",561,492,42,20972,0.08536585365853659,0.0748663101604278,query_1,['GO:0034330']
GO:BP,GO:0042987,amyloid precursor protein catabolic process,9.730893651171643e-08,True,"""The chemical reactions and pathways resulting in the breakdown of amyloid precursor protein (APP), the precursor of amyloid-beta, a glycoprotein associated with Alzheimer's disease."" [GOC:go_curators]",57,492,14,20972,0.028455284552845527,0.24561403508771928,query_1,['GO:0042982']
GO:CC,GO:0140152,collagenous component of interstitial matrix,1.0121696408456809e-07,True,"""Main components of the interstitial matrix solid phase, including fibrillar and fibril-associated collagens."" [PMID:12064927, PMID:17550969, PMID:21421911, PMID:28101870, PMID:39223427]",21,497,9,22155,0.018108651911468814,0.42857142857142855,query_1,"['GO:0030312', 'GO:0140151']"
WP,WP:WP530,Cytokines and inflammatory response,1.0174533025438872e-07,True,Cytokines and inflammatory response,26,410,12,8899,0.02926829268292683,0.46153846153846156,query_1,['WP:000000']
GO:BP,GO:1903036,positive regulation of response to wounding,1.0292587385109886e-07,True,"""Any process that activates or increases the frequency, rate or extent of response to wounding."" [GO_REF:0000058, GOC:kmv, GOC:TermGenie, PMID:19164535]",68,492,15,20972,0.03048780487804878,0.22058823529411764,query_1,"['GO:0009611', 'GO:0048584', 'GO:1903034']"
GO:BP,GO:0002312,B cell activation involved in immune response,1.2237949407658428e-07,True,"""The change in morphology and behavior of a mature or immature B cell during an immune response, resulting from exposure to a mitogen, cytokine, chemokine, cellular ligand, or an antigen for which it is specific."" [GOC:jal]",106,492,18,20972,0.036585365853658534,0.16981132075471697,query_1,"['GO:0002285', 'GO:0042113']"
GO:BP,GO:1903053,regulation of extracellular matrix organization,1.255471707015733e-07,True,"""Any process that modulates the frequency, rate or extent of extracellular matrix organization."" [GO_REF:0000058, GOC:BHF, GOC:rl, GOC:TermGenie, PMID:22357537]",58,492,14,20972,0.028455284552845527,0.2413793103448276,query_1,"['GO:0030198', 'GO:0051128']"
GO:BP,GO:0050435,amyloid-beta metabolic process,1.255471707015733e-07,True,"""The chemical reactions and pathways involving amyloid-beta, a glycoprotein associated with Alzheimer's disease, and its precursor, amyloid precursor protein (APP)."" [GOC:ai]",58,492,14,20972,0.028455284552845527,0.2413793103448276,query_1,['GO:0008152']
WP,WP:WP5562,Celiac disease mechanism and therapies,1.2641324331071672e-07,True,Celiac disease mechanism and therapies,13,410,9,8899,0.02195121951219512,0.6923076923076923,query_1,['WP:000000']
WP,WP:WP4484,Control of immune tolerance by vasoactive intestinal peptide,1.2641324331071672e-07,True,Control of immune tolerance by vasoactive intestinal peptide,13,410,9,8899,0.02195121951219512,0.6923076923076923,query_1,['WP:000000']
WP,WP:WP4493,Cells and molecules involved in local acute inflammatory response ,1.3667278386215765e-07,True,Cells and molecules involved in local acute inflammatory response ,17,410,10,8899,0.024390243902439025,0.5882352941176471,query_1,['WP:000000']
GO:BP,GO:0043534,blood vessel endothelial cell migration,1.4631291478511913e-07,True,"""The orderly movement of an endothelial cell into the extracellular matrix in order to form new blood vessels during angiogenesis."" [PMID:11166264]",121,492,19,20972,0.03861788617886179,0.15702479338842976,query_1,['GO:0043542']
GO:BP,GO:0007189,adenylate cyclase-activating G protein-coupled receptor signaling pathway,1.5260190772357105e-07,True,"""A G protein-coupled receptor signaling pathway in which the signal is transmitted via the activation of adenylyl cyclase activity which results in an increase in the intracellular concentration of cyclic AMP (cAMP). This pathway is negatively regulated by phosphodiesterase, which cleaves cAMP and terminates the signaling."" [GOC:dph, GOC:mah, GOC:signaling, GOC:tb, ISBN:0815316194]",183,492,23,20972,0.046747967479674794,0.12568306010928962,query_1,['GO:0007188']
KEGG,KEGG:05164,Influenza A,1.6396045372602095e-07,True,Influenza A,169,416,29,8716,0.06971153846153846,0.17159763313609466,query_1,['KEGG:00000']
KEGG,KEGG:04933,AGE-RAGE signaling pathway in diabetic complications,1.6806207779577933e-07,True,AGE-RAGE signaling pathway in diabetic complications,101,416,22,8716,0.052884615384615384,0.21782178217821782,query_1,['KEGG:00000']
GO:BP,GO:0002483,antigen processing and presentation of endogenous peptide antigen,1.6840308566012832e-07,True,"""The process in which an antigen-presenting cell expresses a peptide antigen of endogenous origin on its cell surface in association with an MHC protein complex. The peptide is typically a fragment of a larger endogenous protein which has been degraded within the cell."" [GOC:add, ISBN:0781735149]",24,492,10,20972,0.02032520325203252,0.4166666666666667,query_1,"['GO:0019883', 'GO:0048002']"
GO:MF,GO:1901681,sulfur compound binding,1.742000272119785e-07,True,"""Binding to a sulfur compound."" [GOC:pr, GOC:TermGenie]",263,490,27,20208,0.05510204081632653,0.10266159695817491,query_1,['GO:0005488']
GO:BP,GO:0001959,regulation of cytokine-mediated signaling pathway,1.774629267253589e-07,True,"""Any process that modulates the frequency, rate or extent of the cytokine mediated signaling pathway."" [GOC:hjd]",168,492,22,20972,0.044715447154471545,0.13095238095238096,query_1,"['GO:0009966', 'GO:0019221', 'GO:0060759']"
GO:BP,GO:0032733,positive regulation of interleukin-10 production,1.871354829398508e-07,True,"""Any process that activates or increases the frequency, rate, or extent of interleukin-10 production."" [GOC:mah]",40,492,12,20972,0.024390243902439025,0.3,query_1,"['GO:0001819', 'GO:0032613', 'GO:0032653']"
KEGG,KEGG:05163,Human cytomegalovirus infection,1.9747434681780983e-07,True,Human cytomegalovirus infection,225,416,34,8716,0.08173076923076923,0.1511111111111111,query_1,['KEGG:00000']
GO:BP,GO:0061045,negative regulation of wound healing,1.9895494429015e-07,True,"""Any process that decreases the rate, frequency, or extent of the series of events that restore integrity to a damaged tissue, following an injury."" [GOC:dph]",71,492,15,20972,0.03048780487804878,0.2112676056338028,query_1,"['GO:0032102', 'GO:0042060', 'GO:0061041', 'GO:1903035']"
GO:BP,GO:0010468,regulation of gene expression,2.0518418097180226e-07,True,"""Any process that modulates the frequency, rate or extent of gene expression. Gene expression is the process in which a gene's coding sequence is converted into a mature gene product (protein or RNA)."" [GOC:txnOH-2018]",5549,492,195,20972,0.39634146341463417,0.035141466930978554,query_1,"['GO:0010467', 'GO:0010556']"
HP,HP:0032016,Abnormal sputum,2.1429779741040926e-07,True,"Abnormal appearance of material expectorated (coughed up) from the respiratory system and that is composed of mucus but may contain other substances such as pus, blood, microorganisms, and fibrin.",142,204,25,5200,0.12254901960784313,0.176056338028169,query_1,['HP:0012252']
GO:MF,GO:0005044,scavenger receptor activity,2.148247316676955e-07,True,"""Combining with any modified low-density lipoprotein (LDL) or other polyanionic ligand and delivering the ligand into the cell via endocytosis. Ligands include acetylated and oxidized LDL, Gram-positive and Gram-negative bacteria, apoptotic cells, amyloid-beta fibrils, and advanced glycation end products (AGEs)."" [GOC:bf, PMID:11790542, PMID:12379907, PMID:12621157, PMID:20981357]",27,490,10,20208,0.02040816326530612,0.37037037037037035,query_1,['GO:0038024']
GO:BP,GO:0002825,regulation of T-helper 1 type immune response,2.1915650889458548e-07,True,"""Any process that modulates the frequency, rate, or extent of a T-helper 1 type immune response."" [GOC:add]",32,492,11,20972,0.022357723577235773,0.34375,query_1,"['GO:0002822', 'GO:0042088']"
GO:BP,GO:0002495,antigen processing and presentation of peptide antigen via MHC class II,2.1915650889458548e-07,True,"""The process in which an antigen-presenting cell expresses a peptide antigen on its cell surface in association with an MHC class II protein complex. The peptide antigen is typically, but not always, processed from a whole protein."" [GOC:add, ISBN:0781735149, PMID:15531770, PMID:15771591]",32,492,11,20972,0.022357723577235773,0.34375,query_1,"['GO:0002504', 'GO:0048002']"
HP,HP:0033331,Acute phase response,2.2500911150729293e-07,True,"Presence of one or more manifestations of the acute phase response. Acute phase proteins (APP) are blood proteins primarily synthesized by hepatocytes as part of the acute phase response (APR). The APR is part of the early-defense or innate immune system, which is triggered by different stimuli including trauma, infection, stress, neoplasia, and inflammation. The APR results in a complex systemic reaction with the goal of reestablishing homeostasis and promoting healing.",215,204,31,5200,0.15196078431372548,0.14418604651162792,query_1,['HP:0001939']
GO:BP,GO:0050769,positive regulation of neurogenesis,2.2551498101768097e-07,True,"""Any process that activates or increases the frequency, rate or extent of neurogenesis, the generation of cells within the nervous system."" [GOC:ai]",221,492,25,20972,0.0508130081300813,0.11312217194570136,query_1,"['GO:0010720', 'GO:0022008', 'GO:0050767', 'GO:0051962']"
GO:BP,GO:0009889,regulation of biosynthetic process,2.259817342432483e-07,True,"""Any process that modulates the frequency, rate or extent of the chemical reactions and pathways resulting in the formation of substances."" [GOC:go_curators]",5821,492,202,20972,0.4105691056910569,0.034701941247208386,query_1,"['GO:0009058', 'GO:0019222']"
GO:CC,GO:0044853,plasma membrane raft,2.3044071979637498e-07,True,"""A membrane raft that is part of the plasma membrane."" [GOC:jl]",114,497,17,22155,0.03420523138832998,0.14912280701754385,query_1,"['GO:0045121', 'GO:0098590']"
REAC,REAC:R-HSA-5603041,IRAK4 deficiency (TLR2/4),2.3091116529760244e-07,True,IRAK4 deficiency (TLR2/4),18,456,10,11056,0.021929824561403508,0.5555555555555556,query_1,['REAC:R-HSA-5602358']
KEGG,KEGG:05205,Proteoglycans in cancer,2.3507404545182694e-07,True,Proteoglycans in cancer,204,416,32,8716,0.07692307692307693,0.1568627450980392,query_1,['KEGG:00000']
GO:BP,GO:0071260,cellular response to mechanical stimulus,2.4596299568023355e-07,True,"""Any process that results in a change in state or activity of a cell (in terms of movement, secretion, enzyme production, gene expression, etc.) as a result of a mechanical stimulus."" [GOC:mah]",72,492,15,20972,0.03048780487804878,0.20833333333333334,query_1,"['GO:0009612', 'GO:0071214', 'GO:0071496']"
GO:CC,GO:0005775,vacuolar lumen,2.4801408506319337e-07,True,"""The volume enclosed within the vacuolar membrane."" [ISBN:0198506732]",180,497,21,22155,0.04225352112676056,0.11666666666666667,query_1,"['GO:0005773', 'GO:0070013']"
GO:BP,GO:0002291,T cell activation via T cell receptor contact with antigen bound to MHC molecule on antigen presenting cell,2.5168164404815374e-07,True,"""The change in morphology and behavior of a mature or immature T cell resulting from exposure to an antigen for which its T cell receptor is specific bound to an MHC molecule on an antigen presenting cell, leading to the initiation or perpetuation of an immune response."" [GOC:add, ISBN:0781735149]",13,492,8,20972,0.016260162601626018,0.6153846153846154,query_1,['GO:0002286']
GO:MF,GO:0005488,binding,2.585560825404766e-07,True,"""The selective, non-covalent, often stoichiometric, interaction of a molecule with one or more specific sites on another molecule."" [GOC:ceb, GOC:mah, ISBN:0198506732]",18447,490,480,20208,0.9795918367346939,0.026020491136770206,query_1,['GO:0003674']
GO:BP,GO:0048660,regulation of smooth muscle cell proliferation,2.6176786548275026e-07,True,"""Any process that modulates the frequency, rate or extent of smooth muscle cell proliferation."" [CL:0000192, GOC:ebc]",125,492,19,20972,0.03861788617886179,0.152,query_1,"['GO:0042127', 'GO:0048659']"
GO:BP,GO:0006816,calcium ion transport,2.652456129549841e-07,True,"""The directed movement of calcium (Ca) ions into, out of or within a cell, or between cells, by means of some agent such as a transporter or pore."" [GOC:ai]",421,492,35,20972,0.07113821138211382,0.0831353919239905,query_1,['GO:0030001']
HP,HP:0012531,Pain,2.6750820719049014e-07,True,"An unpleasant sensory and emotional experience associated with actual or potential tissue damage, or described in terms of such damage.",875,204,71,5200,0.3480392156862745,0.08114285714285714,query_1,['HP:0025142']
GO:BP,GO:0033209,tumor necrosis factor-mediated signaling pathway,2.708732607230551e-07,True,"""The series of molecular signals initiated by tumor necrosis factor binding to its receptor on the surface of a cell, and ending with the regulation of a downstream cellular process, e.g. transcription."" [GOC:mah, GOC:signaling]",111,492,18,20972,0.036585365853658534,0.16216216216216217,query_1,"['GO:0019221', 'GO:0071356']"
HP,HP:0000554,Uveitis,2.8715998467043323e-07,True,Inflammation of one or all portions of the uveal tract.,64,204,17,5200,0.08333333333333333,0.265625,query_1,"['HP:0000553', 'HP:0100533']"
HP,HP:0001701,Pericarditis,3.0272714567240104e-07,True,Inflammation of the sac-like covering around the heart (pericardium).,41,204,14,5200,0.06862745098039216,0.34146341463414637,query_1,"['HP:0001697', 'HP:0045073']"
GO:BP,GO:0071496,cellular response to external stimulus,3.029859879379941e-07,True,"""Any process that results in a change in state or activity of a cell (in terms of movement, secretion, enzyme production, gene expression, etc.) as a result of an external stimulus."" [GOC:mah]",73,492,15,20972,0.03048780487804878,0.2054794520547945,query_1,['GO:0009605']
HP,HP:0002103,Abnormal pleura morphology,3.035186398525933e-07,True,"An abnormality of the pulmonary pleura, the thin, transparent membrane which covers the lungs and lines the inside of the chest walls.",192,204,29,5200,0.14215686274509803,0.15104166666666666,query_1,['HP:0002088']
GO:MF,GO:0043394,proteoglycan binding,3.0433617441151897e-07,True,"""Binding to a proteoglycan, any glycoprotein in which the carbohydrate units are glycosaminoglycans."" [ISBN:0198506732]",36,490,11,20208,0.022448979591836733,0.3055555555555556,query_1,"['GO:0005515', 'GO:0097367']"
GO:MF,GO:0071723,lipopeptide binding,3.05885273828216e-07,True,"""Binding to a lipopeptide, any of a group of organic compounds comprising two or more amino acids linked by peptide bonds and containing a nonprotein group consisting of a lipid or lipids."" [GOC:add, PMID:12077222, PMID:12524386, PMID:2757794]",10,490,7,20208,0.014285714285714285,0.7,query_1,['GO:0008289']
REAC,REAC:R-HSA-877300,Interferon gamma signaling,3.1929628107543635e-07,True,Interferon gamma signaling,91,456,20,11056,0.043859649122807015,0.21978021978021978,query_1,['REAC:R-HSA-913531']
GO:BP,GO:0031663,lipopolysaccharide-mediated signaling pathway,3.3032686550374413e-07,True,"""The series of molecular signals initiated by the binding of a lipopolysaccharide (LPS) to a receptor on the surface of a target cell, and ending with the regulation of a downstream cellular process, e.g. transcription. Lipopolysaccharides are major components of the outer membrane of Gram-negative bacteria, making them prime targets for recognition by the immune system."" [GOC:mah, GOC:signaling, PMID:15379975]",62,492,14,20972,0.028455284552845527,0.22580645161290322,query_1,"['GO:0007166', 'GO:0071222']"
HP,HP:0000951,Abnormality of the skin,3.397609905118031e-07,True,An abnormality of the skin.,2192,204,130,5200,0.6372549019607843,0.05930656934306569,query_1,['HP:0001574']
HP,HP:0001073,Cigarette-paper scars,3.4389011343537703e-07,True,Thin (atrophic) and wide scars.,10,204,8,5200,0.0392156862745098,0.8,query_1,['HP:0001075']
GO:BP,GO:0002861,regulation of inflammatory response to antigenic stimulus,3.549439686606653e-07,True,"""Any process that modulates the frequency, rate, or extent of an inflammatory response to an antigenic stimulus."" [GOC:add]",42,492,12,20972,0.024390243902439025,0.2857142857142857,query_1,"['GO:0002437', 'GO:0050727', 'GO:0050776']"
GO:MF,GO:0005041,low-density lipoprotein particle receptor activity,3.5967483832437457e-07,True,"""Combining with a low-density lipoprotein particle and delivering the low-density lipoprotein particle into the cell via endocytosis."" [GOC:bf, ISBN:0198506732]",15,490,8,20208,0.0163265306122449,0.5333333333333333,query_1,['GO:0030228']
GO:BP,GO:0060255,regulation of macromolecule metabolic process,3.691758135558244e-07,True,"""Any process that modulates the frequency, rate or extent of the chemical reactions and pathways involving macromolecules, any molecule of high relative molecular mass, the structure of which essentially comprises the multiple repetition of units derived, actually or conceptually, from molecules of low relative molecular mass."" [GOC:dph, GOC:tb]",6392,492,216,20972,0.43902439024390244,0.03379224030037547,query_1,"['GO:0019222', 'GO:0043170']"
GO:BP,GO:0010959,regulation of metal ion transport,3.7838291804069535e-07,True,"""Any process that modulates the frequency, rate, or extent of metal ion transport. Metal ion transport is the directed movement of metal ions, any metal ion with an electric charge, into, out of or within a cell, or between cells, by means of some agent such as a transporter or pore."" [GOC:dph, GOC:tb]",342,492,31,20972,0.06300813008130081,0.09064327485380116,query_1,"['GO:0030001', 'GO:0043269']"
GO:BP,GO:0006968,cellular defense response,3.839776676807589e-07,True,"""A defense response that is mediated by cells."" [GOC:ebc]",52,492,13,20972,0.026422764227642278,0.25,query_1,['GO:0006952']
HP,HP:0001945,Fever,3.9157895822365227e-07,True,Body temperature elevated above the normal range.,439,204,46,5200,0.22549019607843138,0.10478359908883828,query_1,['HP:0004370']
GO:BP,GO:0140352,export from cell,3.9583301768168137e-07,True,"""The directed movement of some substance from a cell, into the extracellular region. This may occur via transport across the plasma membrane or via exocytosis."" [GOC:pg]",914,492,55,20972,0.11178861788617886,0.060175054704595186,query_1,"['GO:0006810', 'GO:0009987']"
GO:BP,GO:0048659,smooth muscle cell proliferation,3.9890634153937886e-07,True,"""The multiplication or reproduction of smooth muscle cells, resulting in the expansion of a cell population."" [CL:0000192, GOC:ebc, PMID:1840698]",128,492,19,20972,0.03861788617886179,0.1484375,query_1,['GO:0033002']
GO:CC,GO:0140139,solid phase of basement membrane,4.033562816300827e-07,True,"""The solid compartment of the basement membrane ECM, including a specific subset of basement membrane collagens and basement membrane glycoproteins like laminins or nidogens."" [PMID:33972551]",17,497,8,22155,0.01609657947686117,0.47058823529411764,query_1,"['GO:0005604', 'GO:0030312']"
HP,HP:0032436,Abnormal circulating C-reactive protein concentration,4.207764823886107e-07,True,Any deviation from the normal concentration of C-reactive protein in the blood circulation.,93,204,20,5200,0.09803921568627451,0.21505376344086022,query_1,['HP:0010876']
GO:BP,GO:0007565,female pregnancy,4.4451181267793575e-07,True,"""The set of physiological processes that allow an embryo or foetus to develop within the body of a female animal. It covers the time from fertilization of a female ovum by a male spermatozoon until birth."" [ISBN:0192800825]",176,492,22,20972,0.044715447154471545,0.125,query_1,"['GO:0044703', 'GO:0044706']"
HP,HP:0011028,Abnormality of blood circulation,4.491688172745788e-07,True,An abnormality of blood circulation.,378,204,42,5200,0.20588235294117646,0.1111111111111111,query_1,['HP:0011025']
GO:BP,GO:0048246,macrophage chemotaxis,4.819619870623938e-07,True,"""The movement of a macrophage in response to an external stimulus."" [GOC:jid]",43,492,12,20972,0.024390243902439025,0.27906976744186046,query_1,"['GO:0030595', 'GO:1905517']"
GO:BP,GO:0002701,negative regulation of production of molecular mediator of immune response,4.819619870623938e-07,True,"""Any process that stops, prevents, or reduces the frequency, rate, or extent of the production of molecular mediator of immune response."" [GOC:add]",43,492,12,20972,0.024390243902439025,0.27906976744186046,query_1,"['GO:0002440', 'GO:0002698', 'GO:0002700', 'GO:0010629']"
HP,HP:0002843,Abnormal T cell morphology,4.925236887425236e-07,True,"Abnormal increase or decrease of total or subset T cell count. T cells are commonly characterized as CD3+ lymphocytes, or their subpopulations, in the blood, compared to a reference range for a given sex and age-group, measured ex vivo. These may include both TCR alpha/beta and gamma/delta T cells.",136,204,24,5200,0.11764705882352941,0.17647058823529413,query_1,['HP:0004332']
WP,WP:WP3617,Photodynamic therapy induced NF kB survival signaling,4.955533568858831e-07,True,Photodynamic therapy induced NF kB survival signaling,35,410,13,8899,0.03170731707317073,0.37142857142857144,query_1,['WP:000000']
GO:BP,GO:0040007,growth,5.044116011767417e-07,True,"""The increase in size or mass of an entire organism, a part of an organism or a cell."" [GOC:bf, GOC:ma]",920,492,55,20972,0.11178861788617886,0.059782608695652176,query_1,['GO:0008150']
GO:BP,GO:0032623,interleukin-2 production,5.207902299472466e-07,True,"""The appearance of interleukin-2 due to biosynthesis or secretion following a cellular stimulus, resulting in an increase in its intracellular or extracellular levels."" [GOC:mah]",64,492,14,20972,0.028455284552845527,0.21875,query_1,['GO:0001816']
GO:BP,GO:0032663,regulation of interleukin-2 production,5.207902299472466e-07,True,"""Any process that modulates the frequency, rate, or extent of interleukin-2 production."" [GOC:mah]",64,492,14,20972,0.028455284552845527,0.21875,query_1,"['GO:0001817', 'GO:0032623']"
HP,HP:0011035,Abnormal renal cortex morphology,5.290779478219278e-07,True,An abnormality of the cortex of the kidney.,249,204,33,5200,0.16176470588235295,0.13253012048192772,query_1,['HP:0012210']
GO:BP,GO:0010810,regulation of cell-substrate adhesion,5.301636219171226e-07,True,"""Any process that modulates the frequency, rate or extent of cell-substrate adhesion. Cell-substrate adhesion is the attachment of a cell to the underlying substrate via adhesion molecules."" [GOC:dph, GOC:pf, GOC:tb]",212,492,24,20972,0.04878048780487805,0.11320754716981132,query_1,"['GO:0030155', 'GO:0031589']"
GO:BP,GO:0010556,regulation of macromolecule biosynthetic process,5.47980679701056e-07,True,"""Any process that modulates the rate, frequency or extent of the chemical reactions and pathways resulting in the formation of a macromolecule, any molecule of high relative molecular mass, the structure of which essentially comprises the multiple repetition of units derived, actually or conceptually, from molecules of low relative molecular mass."" [GOC:dph, GOC:tb]",5647,492,196,20972,0.3983739837398374,0.03470869488223836,query_1,"['GO:0009059', 'GO:0009889', 'GO:0060255']"
GO:BP,GO:0048771,tissue remodeling,5.546077040763565e-07,True,"""The reorganization or renovation of existing tissues. This process can either change the characteristics of a tissue such as in blood vessel remodeling, or result in the dynamic equilibrium of a tissue such as in bone remodeling."" [GOC:ebc]",178,492,22,20972,0.044715447154471545,0.12359550561797752,query_1,['GO:0032501']
GO:BP,GO:0002430,complement receptor mediated signaling pathway,5.752188190852453e-07,True,"""The series of molecular signals generated as a consequence of a component of the complement pathway binding to a complement receptor. Such components include both whole complement proteins and fragments of complement proteins generated through the activity of the complement pathway."" [GO_REF:0000022, GOC:add, ISBN:0781735149]",14,492,8,20972,0.016260162601626018,0.5714285714285714,query_1,['GO:0002429']
HP,HP:0000095,Abnormal renal glomerulus morphology,5.850808973701935e-07,True,A structural anomaly of the glomerulus.,210,204,30,5200,0.14705882352941177,0.14285714285714285,query_1,['HP:0031263']
GO:BP,GO:0044703,multi-organism reproductive process,6.164407340842942e-07,True,"""A biological process that directly contributes to the process of producing new individuals, involving another organism."" [GOC:jl]",196,492,23,20972,0.046747967479674794,0.11734693877551021,query_1,['GO:0022414']
HP,HP:0031263,Abnormal renal corpuscle morphology,6.592554955870854e-07,True,"Any anomalous structure of the renal corpuscle, which is the initial component of the nephron that filters blood. The renal corpuscle consists of a knot of capillaries (glomerulus) that is surrounded by a double-walled capsule (Bowman capsule) that opens into a renal tubule.",211,204,30,5200,0.14705882352941177,0.14218009478672985,query_1,"['HP:0011035', 'HP:0012575']"
GO:BP,GO:0150077,regulation of neuroinflammatory response,6.650026131680352e-07,True,"""Any process that modulates the frequency, rate or extent of neuroinflammatory response."" [GOC:aruk, GOC:bc, PMID:10981966, PMID:11099416, PMID:18164423]",35,492,11,20972,0.022357723577235773,0.3142857142857143,query_1,"['GO:0050727', 'GO:0150076']"
GO:BP,GO:1902624,positive regulation of neutrophil migration,6.650026131680352e-07,True,"""Any process that activates or increases the frequency, rate or extent of neutrophil migration."" [GO_REF:0000058, GOC:TermGenie, PMID:1826836]",35,492,11,20972,0.022357723577235773,0.3142857142857143,query_1,"['GO:0002687', 'GO:1902622', 'GO:1990266']"
GO:BP,GO:0140131,positive regulation of lymphocyte chemotaxis,6.680961768420202e-07,True,"""Any process that activates or increases the frequency, rate or extent of lymphocyte chemotaxis."" [PMID:19255442]",20,492,9,20972,0.018292682926829267,0.45,query_1,"['GO:0002690', 'GO:0048247', 'GO:1901623', 'GO:2000403']"
REAC,REAC:R-HSA-422475,Axon guidance,6.849726483622506e-07,True,Axon guidance,543,456,54,11056,0.11842105263157894,0.09944751381215469,query_1,['REAC:R-HSA-9675108']
GO:BP,GO:0045859,regulation of protein kinase activity,7.016424005784719e-07,True,"""Any process that modulates the frequency, rate or extent of protein kinase activity."" [GOC:go_curators]",330,492,30,20972,0.06097560975609756,0.09090909090909091,query_1,"['GO:0001932', 'GO:0043549']"
REAC,REAC:R-HSA-140534,Caspase activation via Death Receptors in the presence of ligand,7.046217616342954e-07,True,Caspase activation via Death Receptors in the presence of ligand,15,456,9,11056,0.019736842105263157,0.6,query_1,['REAC:R-HSA-5357769']
GO:BP,GO:0051962,positive regulation of nervous system development,7.288774042316325e-07,True,"""Any process that activates, maintains or increases the frequency, rate or extent of nervous system development, the origin and formation of nervous tissue."" [GOC:ai]",271,492,27,20972,0.054878048780487805,0.0996309963099631,query_1,"['GO:0007399', 'GO:0051094', 'GO:0051240', 'GO:0051960']"
GO:BP,GO:0048762,mesenchymal cell differentiation,7.302616077485476e-07,True,"""The process in which a relatively unspecialized cell acquires specialized features of a mesenchymal cell. A mesenchymal cell is a loosely associated cell that is part of the connective tissue in an organism. Mesenchymal cells give rise to more mature connective tissue cell types."" [GOC:dph, GOC:jid]",252,492,26,20972,0.052845528455284556,0.10317460317460317,query_1,"['GO:0030154', 'GO:0060485']"
KEGG,KEGG:04062,Chemokine signaling pathway,7.425149369371536e-07,True,Chemokine signaling pathway,191,416,30,8716,0.07211538461538461,0.15706806282722513,query_1,['KEGG:00000']
GO:BP,GO:0009615,response to virus,7.763666626918438e-07,True,"""Any process that results in a change in state or activity of a cell or an organism (in terms of movement, secretion, enzyme production, gene expression, etc.) as a result of a stimulus from a virus."" [GOC:hb]",416,492,34,20972,0.06910569105691057,0.08173076923076923,query_1,['GO:0051707']
GO:BP,GO:0046637,regulation of alpha-beta T cell differentiation,8.172338064460795e-07,True,"""Any process that modulates the frequency, rate or extent of alpha-beta T cell differentiation."" [GOC:ai]",78,492,15,20972,0.03048780487804878,0.19230769230769232,query_1,"['GO:0045580', 'GO:0046632', 'GO:0046634']"
HP,HP:0100533,Inflammatory abnormality of the eye,8.173491940843584e-07,True,"Inflammation of the eye, parts of the eye or the periorbital region.",226,204,31,5200,0.15196078431372548,0.13716814159292035,query_1,"['HP:0012373', 'HP:0012649']"
GO:BP,GO:0045428,regulation of nitric oxide biosynthetic process,8.229633333656853e-07,True,"""Any process that modulates the frequency, rate or extent of the chemical reactions and pathways resulting in the formation of nitric oxide."" [GOC:go_curators]",55,492,13,20972,0.026422764227642278,0.23636363636363636,query_1,"['GO:0006809', 'GO:0009889', 'GO:0080164']"
GO:MF,GO:0048407,platelet-derived growth factor binding,8.236017473154765e-07,True,"""Binding to platelet-derived growth factor."" [GOC:dgh]",11,490,7,20208,0.014285714285714285,0.6363636363636364,query_1,['GO:0019838']
GO:MF,GO:0048185,activin binding,8.236017473154765e-07,True,"""Binding to activin, a dimer of inhibin-beta subunits."" [GOC:jid, GOC:mah]",11,490,7,20208,0.014285714285714285,0.6363636363636364,query_1,['GO:0044877']
GO:BP,GO:0051047,positive regulation of secretion,8.301390289130914e-07,True,"""Any process that activates or increases the frequency, rate or extent of the controlled release of a substance from a cell or a tissue."" [GOC:ai]",312,492,29,20972,0.05894308943089431,0.09294871794871795,query_1,"['GO:0046903', 'GO:0051046', 'GO:0051050']"
GO:BP,GO:0038084,vascular endothelial growth factor signaling pathway,8.538311571840052e-07,True,"""The series of molecular signals initiated by vascular endothelial growth factor (VEGF) binding its receptor on the surface of the target cell, and ending with the regulation of a downstream cellular process, e.g. transcription."" [GOC:signaling, PMID:17470632]",91,492,16,20972,0.032520325203252036,0.17582417582417584,query_1,"['GO:0007169', 'GO:0035924']"
HPA,HPA:0460202,Skin 1; endothelial cells[≥Medium],8.581447951898896e-07,True,Skin 1; endothelial cells[≥Medium],592,355,48,11007,0.1352112676056338,0.08108108108108109,query_1,['HPA:0460201']
GO:BP,GO:1902622,regulation of neutrophil migration,8.659826834201165e-07,True,"""Any process that modulates the frequency, rate or extent of neutrophil migration."" [GO_REF:0000058, GOC:TermGenie, PMID:1826836]",45,492,12,20972,0.024390243902439025,0.26666666666666666,query_1,"['GO:0002685', 'GO:1990266']"
REAC,REAC:R-HSA-418594,G alpha (i) signalling events,8.788113509611133e-07,True,G alpha (i) signalling events,311,456,38,11056,0.08333333333333333,0.12218649517684887,query_1,['REAC:R-HSA-388396']
HP,HP:0031446,Erosion of oral mucosa,8.941872904164366e-07,True,Loss of the superficial layer of the oral mucosa usually resulting in a shallow or crusted lesion.,107,204,21,5200,0.10294117647058823,0.19626168224299065,query_1,['HP:0011830']
GO:BP,GO:0032814,regulation of natural killer cell activation,9.375144469398862e-07,True,"""Any process that modulates the frequency, rate or extent of natural killer cell activation."" [GOC:mah]",36,492,11,20972,0.022357723577235773,0.3055555555555556,query_1,"['GO:0030101', 'GO:0051249']"
GO:BP,GO:0097696,cell surface receptor signaling pathway via STAT,9.434152153826111e-07,True,"""An intracellular signal transduction process in which STAT proteins (Signal Transducers and Activators of Transcription) convey a signal to trigger a change in the activity or state of a cell. The STAT cascade begins with receptor activation followed by activation of STAT proteins by kinases. It proceeds through STA dimerization and subsequent nuclear translocation of STAT proteins, and ends with regulation of target gene expression by STAT proteins."" [GOC:rjd, PMID:21534947, PMID:24587195]",150,492,20,20972,0.04065040650406504,0.13333333333333333,query_1,['GO:0007166']
GO:BP,GO:0052372,modulation by symbiont of entry into host,1.035699802787024e-06,True,"""Any process in which an organism modulates the frequency, rate or extent to which it enters into the host organism, where the two organisms are in a symbiotic interaction."" [GOC:mtg_pamgo_17jul06]",28,492,10,20972,0.02032520325203252,0.35714285714285715,query_1,"['GO:0043903', 'GO:0044409']"
GO:BP,GO:0019886,antigen processing and presentation of exogenous peptide antigen via MHC class II,1.035699802787024e-06,True,"""The process in which an antigen-presenting cell expresses a peptide antigen of exogenous origin on its cell surface in association with an MHC class II protein complex. The peptide antigen is typically, but not always, processed from a whole protein."" [GOC:add, ISBN:0781735149, PMID:15771591]",28,492,10,20972,0.02032520325203252,0.35714285714285715,query_1,"['GO:0002478', 'GO:0002495']"
GO:BP,GO:1905523,positive regulation of macrophage migration,1.035699802787024e-06,True,"""Any process that activates or increases the frequency, rate or extent of macrophage migration."" [GO_REF:0000058, GOC:TermGenie, PMID:25749876]",28,492,10,20972,0.02032520325203252,0.35714285714285715,query_1,"['GO:0071677', 'GO:1905517', 'GO:1905521']"
GO:BP,GO:0080164,regulation of nitric oxide metabolic process,1.0490914291154086e-06,True,"""Any process that modulates the frequency, rate or extent of the chemical reactions and pathways involving nitric oxide, nitrogen monoxide (NO), a colorless gas only slightly soluble in water."" [GOC:DHL]",56,492,13,20972,0.026422764227642278,0.23214285714285715,query_1,"['GO:0019222', 'GO:0046209']"
GO:BP,GO:0035747,natural killer cell chemotaxis,1.0582246639434176e-06,True,"""The directed movement of a natural killer cell guided by a specific chemical concentration gradient. Movement may be towards a higher concentration (positive chemotaxis) or towards a lower concentration (negative chemotaxis)."" [CL:0000623, GOC:BHF]",10,492,7,20972,0.014227642276422764,0.7,query_1,['GO:0048247']
GO:CC,GO:0042612,MHC class I protein complex,1.0894878948248257e-06,True,"""A transmembrane protein complex composed of a MHC class I alpha chain and an invariant beta2-microglobin chain, and with or without a bound peptide antigen. Class I here refers to classical class I molecules."" [GOC:add, GOC:jl, ISBN:0120781859, ISBN:0781735149]",8,497,6,22155,0.012072434607645875,0.75,query_1,['GO:0042611']
GO:MF,GO:0061135,endopeptidase regulator activity,1.109952960386498e-06,True,"""Binds to and modulates the activity of a peptidase, any enzyme that hydrolyzes nonterminal peptide bonds in polypeptides."" [GOC:dph, GOC:tb]",193,490,22,20208,0.044897959183673466,0.11398963730569948,query_1,['GO:0061134']
HP,HP:0011227,Elevated circulating C-reactive protein concentration,1.1273715529489322e-06,True,An abnormal elevation of the C-reactive protein level in the blood circulation.,88,204,19,5200,0.09313725490196079,0.2159090909090909,query_1,"['HP:0032436', 'HP:0033331']"
GO:BP,GO:0002922,positive regulation of humoral immune response,1.1449702810530733e-06,True,"""Any process that activates or increases the frequency, rate, or extent of a humoral immune response."" [GOC:add]",21,492,9,20972,0.018292682926829267,0.42857142857142855,query_1,"['GO:0002920', 'GO:0006959', 'GO:0050778']"
GO:BP,GO:0061756,leukocyte adhesion to vascular endothelial cell,1.1469303782820438e-06,True,"""The attachment of a leukocyte to vascular endothelial cell via adhesion molecules."" [GOC:add, GOC:bc, GOC:BHF, GOC:BHF_miRNA, PMID:23897866]",46,492,12,20972,0.024390243902439025,0.2608695652173913,query_1,['GO:0007159']
GO:BP,GO:0002040,sprouting angiogenesis,1.1578212883159612e-06,True,"""The extension of new blood vessels from existing vessels into avascular tissues, this process includes the specialization of endothelial cells into leading tip and stalk cells, proliferation and migration of the endothelial cells and cell adhesion resulting in angiogenic sprout fusion or lumen formation."" [PMID:16391003, PMID:23031691]",136,492,19,20972,0.03861788617886179,0.13970588235294118,query_1,['GO:0001525']
GO:BP,GO:0061564,axon development,1.1661083796870055e-06,True,"""The progression of an axon over time. Covers axonogenesis (de novo generation of an axon) and axon regeneration (regrowth), as well as processes pertaining to the progression of the axon over time (fasciculation and defasciculation)."" [GOC:dph, GOC:pg, GOC:pr]",513,492,38,20972,0.07723577235772358,0.07407407407407407,query_1,['GO:0031175']
GO:BP,GO:0070482,response to oxygen levels,1.2071357654827597e-06,True,"""Any process that results in a change in state or activity of a cell or an organism (in terms of movement, secretion, enzyme production, gene expression, etc.) as a result of a stimulus reflecting the presence, absence, or concentration of oxygen."" [GOC:BHF, GOC:mah]",317,492,29,20972,0.05894308943089431,0.0914826498422713,query_1,['GO:0009628']
GO:BP,GO:1905952,regulation of lipid localization,1.3499071096259646e-06,True,"""Any process that modulates the frequency, rate or extent of lipid localization."" [GO_REF:0000058, GOC:TermGenie, PMID:17564681]",153,492,20,20972,0.04065040650406504,0.13071895424836602,query_1,"['GO:0010876', 'GO:0032879']"
GO:BP,GO:0002758,innate immune response-activating signaling pathway,1.4202469422034793e-06,True,"""The series of molecular signals generated by a ligand binding to its receptor that lead to the activation or perpetuation of an innate immune response."" [GOC:jy, GOC:mah, PMID:11418339, PMID:28105028]",299,492,28,20972,0.056910569105691054,0.09364548494983277,query_1,"['GO:0002218', 'GO:0002757']"
REAC,REAC:R-HSA-186797,Signaling by PDGF,1.46302409718406e-06,True,Signaling by PDGF,54,456,15,11056,0.03289473684210526,0.2777777777777778,query_1,['REAC:R-HSA-9006934']
GO:MF,GO:0050431,transforming growth factor beta binding,1.464451760430886e-06,True,"""Binding to TGF-beta, transforming growth factor beta, a multifunctional peptide that controls proliferation, differentiation and other functions in many cell types."" [ISBN:0198506732]",24,490,9,20208,0.018367346938775512,0.375,query_1,"['GO:0019838', 'GO:0019955']"
GO:BP,GO:0044706,multi-multicellular organism process,1.514193405616431e-06,True,"""A multicellular organism process which involves another multicellular organism of the same or different species."" [GOC:jl]",205,492,23,20972,0.046747967479674794,0.11219512195121951,query_1,['GO:0032501']
GO:BP,GO:0001773,myeloid dendritic cell activation,1.547843185299259e-06,True,"""The change in morphology and behavior of a dendritic cell resulting from exposure to a cytokine, chemokine, cellular ligand, or soluble factor."" [GOC:mgi_curators, ISBN:0781735149]",29,492,10,20972,0.02032520325203252,0.3448275862068966,query_1,['GO:0002274']
REAC,REAC:R-HSA-5676594,TNF receptor superfamily (TNFSF) members mediating non-canonical NF-kB pathway,1.5520194474950472e-06,True,TNF receptor superfamily (TNFSF) members mediating non-canonical NF-kB pathway,16,456,9,11056,0.019736842105263157,0.5625,query_1,['REAC:R-HSA-5668541']
HPA,HPA:0030443,Appendix; non-germinal center cells[High],1.58343363815417e-06,True,Appendix; non-germinal center cells[High],104,355,18,11007,0.05070422535211268,0.17307692307692307,query_1,['HPA:0030442']
HP,HP:0100763,Abnormality of the lymphatic system,1.7100598662081016e-06,True,"An anomaly of the lymphatic system, a network of lymphatic vessels that carry a clear fluid called lymph unidirectionally towards either the right lymphatic duct or the thoracic duct, which in turn drain into the right and left subclavian veins respectively.",814,204,66,5200,0.3235294117647059,0.08108108108108109,query_1,"['HP:0002597', 'HP:0002715']"
REAC,REAC:R-HSA-388396,GPCR downstream signalling,1.8190521135031008e-06,True,GPCR downstream signalling,622,456,58,11056,0.12719298245614036,0.0932475884244373,query_1,['REAC:R-HSA-372790']
GO:BP,GO:0050854,regulation of antigen receptor-mediated signaling pathway,1.849122045472769e-06,True,"""Any process that modulates the frequency, rate or extent of signaling pathways initiated by the cross-linking of an antigen receptor on a B- or T cell."" [GOC:ai]",70,492,14,20972,0.028455284552845527,0.2,query_1,"['GO:0009966', 'GO:0050776', 'GO:0050851']"
GO:BP,GO:0051338,regulation of transferase activity,1.8626142947663164e-06,True,"""Any process that modulates the frequency, rate or extent of transferase activity, the catalysis of the transfer of a group, e.g. a methyl group, glycosyl group, acyl group, phosphorus-containing, or other groups, from one compound (generally regarded as the donor) to another compound (generally regarded as the acceptor). Transferase is the systematic name for any enzyme of EC class 2."" [GOC:ai]",408,492,33,20972,0.06707317073170732,0.08088235294117647,query_1,['GO:0050790']
HP,HP:0010702,Increased circulating immunoglobulin concentration,1.8667369568355572e-06,True,An increased level of gamma globulin (immunoglobulin) in the blood.,122,204,22,5200,0.10784313725490197,0.18032786885245902,query_1,['HP:0010701']
GO:BP,GO:2000561,"regulation of CD4-positive, alpha-beta T cell proliferation",1.897546227363066e-06,True,"""Any process that modulates the frequency, rate or extent of CD4-positive, alpha-beta T cell proliferation."" [GOC:obol]",22,492,9,20972,0.018292682926829267,0.4090909090909091,query_1,"['GO:0035739', 'GO:0046640', 'GO:2000514']"
GO:BP,GO:0035739,"CD4-positive, alpha-beta T cell proliferation",1.897546227363066e-06,True,"""The expansion of a CD4-positive, alpha-beta T cell population by cell division."" [CL:0000624, GOC:BHF]",22,492,9,20972,0.018292682926829267,0.4090909090909091,query_1,"['GO:0035710', 'GO:0046633']"
WP,WP:WP5489,Regulation of cytotoxic T cell responses by Malat1 miR 15 16 circuit ,1.9389251505723115e-06,True,Regulation of cytotoxic T cell responses by Malat1 miR 15 16 circuit ,12,410,8,8899,0.01951219512195122,0.6666666666666666,query_1,['WP:000000']
GO:BP,GO:1905954,positive regulation of lipid localization,1.9492322213572177e-06,True,"""Any process that activates or increases the frequency, rate or extent of lipid localization."" [GO_REF:0000058, GOC:TermGenie, PMID:17564681]",96,492,16,20972,0.032520325203252036,0.16666666666666666,query_1,"['GO:0010876', 'GO:0048518', 'GO:1905952']"
GO:BP,GO:0043405,regulation of MAP kinase activity,1.9492322213572177e-06,True,"""Any process that modulates the frequency, rate or extent of MAP kinase activity."" [GOC:dph, GOC:go_curators]",96,492,16,20972,0.032520325203252036,0.16666666666666666,query_1,['GO:0071900']
HP,HP:0001075,Atrophic scars,1.962679183280922e-06,True,"Scars that form a depression compared to the level of the surrounding skin because of damage to the collagen, fat or other tissues below the skin.",39,204,13,5200,0.06372549019607843,0.3333333333333333,query_1,"['HP:0000987', 'HP:0004334']"
WP,WP:WP75,Toll like receptor signaling,1.996764392857887e-06,True,Toll like receptor signaling,95,410,20,8899,0.04878048780487805,0.21052631578947367,query_1,['WP:000000']
REAC,REAC:R-HSA-8875878,MET promotes cell motility,2.0125676722057562e-06,True,MET promotes cell motility,40,456,13,11056,0.02850877192982456,0.325,query_1,['REAC:R-HSA-6806834']
GO:BP,GO:0051209,release of sequestered calcium ion into cytosol,2.0158554616748423e-06,True,"""The process in which calcium ions sequestered in the endoplasmic reticulum, Golgi apparatus or mitochondria are released into the cytosolic compartment."" [GOC:dph, GOC:hjd, GOC:mtg_lung, PMID:1814929]",125,492,18,20972,0.036585365853658534,0.144,query_1,['GO:0097553']
GO:CC,GO:0045335,phagocytic vesicle,2.092702625154851e-06,True,"""A membrane-bounded intracellular vesicle that arises from the ingestion of particulate material by phagocytosis."" [GOC:go_curators, ISBN:0198506732]",148,497,18,22155,0.03621730382293763,0.12162162162162163,query_1,['GO:0030139']
WP,WP:WP4884,Pathogenesis of SARS CoV 2 mediated by nsp9 nsp10 complex,2.098152415784255e-06,True,Pathogenesis of SARS CoV 2 mediated by nsp9 nsp10 complex,21,410,10,8899,0.024390243902439025,0.47619047619047616,query_1,['WP:000000']
KEGG,KEGG:03266,Virion - Herpesvirus,2.1184985445770555e-06,True,Virion - Herpesvirus,9,416,7,8716,0.016826923076923076,0.7777777777777778,query_1,['KEGG:00000']
GO:BP,GO:0032732,positive regulation of interleukin-1 production,2.2544262457632446e-06,True,"""Any process that activates or increases the frequency, rate, or extent of interleukin-1 production."" [GOC:mah]",71,492,14,20972,0.028455284552845527,0.19718309859154928,query_1,"['GO:0001819', 'GO:0032612', 'GO:0032652']"
HPA,HPA:0530711,Spleen; cells in red pulp[≥Low],2.2584127018852376e-06,True,Spleen; cells in red pulp[≥Low],5338,355,225,11007,0.6338028169014085,0.04215061820906706,query_1,['HPA:0530000']
GO:BP,GO:0002418,immune response to tumor cell,2.273360080533707e-06,True,"""An immune system process that functions in the response of an organism to a tumor cell."" [GOC:add, ISBN:0781735149, PMID:16730260]",30,492,10,20972,0.02032520325203252,0.3333333333333333,query_1,"['GO:0002347', 'GO:0006955']"
GO:BP,GO:0002923,regulation of humoral immune response mediated by circulating immunoglobulin,2.365222135170584e-06,True,"""Any process that modulates the frequency, rate, or extent of a humoral immune response mediated by circulating immunoglobulin."" [GOC:add]",16,492,8,20972,0.016260162601626018,0.5,query_1,"['GO:0002455', 'GO:0002889', 'GO:0002920']"
HP,HP:0003493,Antinuclear antibody positivity,2.4420991474004923e-06,True,The presence of autoantibodies in the serum that react against nuclei or nuclear components.,82,204,18,5200,0.08823529411764706,0.21951219512195122,query_1,['HP:0030057']
GO:CC,GO:0101003,ficolin-1-rich granule membrane,2.449490048943738e-06,True,"""The lipid bilayer surrounding a ficolin-1-rich granule."" [GOC:mec, PMID:23650620]",60,497,12,22155,0.02414486921529175,0.2,query_1,"['GO:0030667', 'GO:0070820', 'GO:0101002']"
GO:BP,GO:0046636,negative regulation of alpha-beta T cell activation,2.5512454529974986e-06,True,"""Any process that stops, prevents, or reduces the frequency, rate or extent of alpha-beta T cell activation."" [GOC:ai]",49,492,12,20972,0.024390243902439025,0.24489795918367346,query_1,"['GO:0046631', 'GO:0046634', 'GO:0050868']"
GO:MF,GO:0004866,endopeptidase inhibitor activity,2.5678802878229664e-06,True,"""Binds to and stops, prevents or reduces the activity of an endopeptidase."" [GOC:jl]",167,490,20,20208,0.04081632653061224,0.11976047904191617,query_1,"['GO:0030414', 'GO:0061135']"
GO:BP,GO:0043406,positive regulation of MAP kinase activity,2.633051134577181e-06,True,"""Any process that activates or increases the frequency, rate or extent of MAP kinase activity."" [GOC:dph, GOC:go_curators]",60,492,13,20972,0.026422764227642278,0.21666666666666667,query_1,"['GO:0043405', 'GO:0043410', 'GO:0071902']"
GO:BP,GO:0043370,"regulation of CD4-positive, alpha-beta T cell differentiation",2.633051134577181e-06,True,"""Any process that modulates the frequency, rate, or extent of CD4-positive, alpha-beta T cell differentiation."" [GOC:add, GOC:pr, ISBN:0781735149]",60,492,13,20972,0.026422764227642278,0.21666666666666667,query_1,"['GO:0043367', 'GO:0046637', 'GO:2000514']"
GO:BP,GO:0001961,positive regulation of cytokine-mediated signaling pathway,2.633051134577181e-06,True,"""Any process that activates or increases the frequency, rate or extent of a cytokine mediated signaling pathway."" [GOC:hjd]",60,492,13,20972,0.026422764227642278,0.21666666666666667,query_1,"['GO:0001959', 'GO:0009967', 'GO:0019221', 'GO:0060760']"
GO:BP,GO:0002287,alpha-beta T cell activation involved in immune response,2.7392277199212206e-06,True,"""The change in morphology and behavior of an alpha-beta T cell resulting from exposure to a mitogen, cytokine, chemokine, cellular ligand, or an antigen for which it is specific, leading to the initiation or perpetuation of an immune response."" [GOC:add, ISBN:0781735149]",72,492,14,20972,0.028455284552845527,0.19444444444444445,query_1,"['GO:0002286', 'GO:0046631']"
HP,HP:0002204,Pulmonary embolism,2.8082865851853696e-06,True,"An embolus (that is, an abnormal particle circulating in the blood) located in the pulmonary artery and thereby blocking blood circulation to the lung. Usually the embolus is a blood clot that has developed in an extremity (for instance, a deep venous thrombosis), detached, and traveled through the circulation before becoming trapped in the pulmonary artery.",40,204,13,5200,0.06372549019607843,0.325,query_1,['HP:0030875']
GO:BP,GO:2000343,positive regulation of chemokine (C-X-C motif) ligand 2 production,2.8512617172137327e-06,True,"""Any process that activates or increases the frequency, rate or extent of chemokine (C-X-C motif) ligand 2 production."" [GOC:BHF, GOC:mah]",11,492,7,20972,0.014227642276422764,0.6363636363636364,query_1,"['GO:0032722', 'GO:0072567', 'GO:2000341']"
KEGG,KEGG:04620,Toll-like receptor signaling pathway,2.8677082640614476e-06,True,Toll-like receptor signaling pathway,107,416,21,8716,0.05048076923076923,0.19626168224299065,query_1,['KEGG:00000']
REAC,REAC:R-HSA-5686938,Regulation of TLR by endogenous ligand,2.939287983041345e-06,True,Regulation of TLR by endogenous ligand,22,456,10,11056,0.021929824561403508,0.45454545454545453,query_1,['REAC:R-HSA-168898']
GO:BP,GO:0002577,regulation of antigen processing and presentation,3.05290040959555e-06,True,"""Any process that modulates the frequency, rate, or extent of antigen processing and presentation."" [GOC:add]",23,492,9,20972,0.018292682926829267,0.391304347826087,query_1,"['GO:0002682', 'GO:0019882']"
WP,WP:WP5098,T cell activation SARS CoV 2,3.0548577061061047e-06,True,T cell activation SARS CoV 2,88,410,19,8899,0.046341463414634146,0.2159090909090909,query_1,['WP:000000']
REAC,REAC:R-HSA-5602498,MyD88 deficiency (TLR2/4),3.1781940283506287e-06,True,MyD88 deficiency (TLR2/4),17,456,9,11056,0.019736842105263157,0.5294117647058824,query_1,['REAC:R-HSA-5602358']
GO:BP,GO:0007188,adenylate cyclase-modulating G protein-coupled receptor signaling pathway,3.257072420265118e-06,True,"""A G protein-coupled receptor signaling pathway in which the signal is transmitted via the activation or inhibition of adenylyl cyclase activity and a subsequent change in the intracellular concentration of cyclic AMP (cAMP)."" [GOC:mah, GOC:signaling, ISBN:0815316194]",270,492,26,20972,0.052845528455284556,0.0962962962962963,query_1,['GO:0007186']
GO:BP,GO:0150146,cell junction disassembly,3.285957845551162e-06,True,"""The disaggregation of a cell junction into its constituent components."" [GOC:aruk, PMID:25490267]",31,492,10,20972,0.02032520325203252,0.3225806451612903,query_1,"['GO:0022411', 'GO:0034330']"
GO:BP,GO:0036293,response to decreased oxygen levels,3.292225351920723e-06,True,"""Any process that results in a change in state or activity of a cell or an organism (in terms of movement, secretion, enzyme production, gene expression, etc.) as a result of a stimulus reflecting a decline in the level of oxygen."" [GOC:al]",290,492,27,20972,0.054878048780487805,0.09310344827586207,query_1,['GO:0070482']
GO:BP,GO:1903532,positive regulation of secretion by cell,3.292225351920723e-06,True,"""Any process that activates or increases the frequency, rate or extent of secretion by cell."" [GO_REF:0000058, GOC:pm, GOC:TermGenie, PMID:12130530]",290,492,27,20972,0.054878048780487805,0.09310344827586207,query_1,"['GO:0032940', 'GO:0048522', 'GO:0051047', 'GO:1903530']"
GO:BP,GO:0048844,artery morphogenesis,3.317318978357942e-06,True,"""The process in which the anatomical structures of arterial blood vessels are generated and organized. Arteries are blood vessels that transport blood from the heart to the body and its organs."" [GOC:dsf, PMID:16740480]",73,492,14,20972,0.028455284552845527,0.1917808219178082,query_1,"['GO:0048514', 'GO:0060840']"
HP,HP:0000155,Oral ulcer,3.3738694717367682e-06,True,"Erosion of the mucous mebrane of the mouth with local excavation of the surface, resulting from the sloughing of inflammatory necrotic tissue.",74,204,17,5200,0.08333333333333333,0.22972972972972974,query_1,['HP:0031446']
WP,WP:WP5540,Multiple sclerosis mechanism and therapies,3.3808767320625826e-06,True,Multiple sclerosis mechanism and therapies,9,410,7,8899,0.01707317073170732,0.7777777777777778,query_1,['WP:000000']
REAC,REAC:R-HSA-9675108,Nervous system development,3.4185251278867403e-06,True,Nervous system development,568,456,54,11056,0.11842105263157894,0.09507042253521127,query_1,['REAC:R-HSA-1266738']
GO:BP,GO:0002064,epithelial cell development,3.5389999693070254e-06,True,"""The process whose specific outcome is the progression of an epithelial cell over time, from its formation to the mature structure. An epithelial cell is a cell usually found in a two-dimensional sheet with a free surface."" [GOC:dph]",214,492,23,20972,0.046747967479674794,0.10747663551401869,query_1,"['GO:0030855', 'GO:0048468']"
KEGG,KEGG:05134,Legionellosis,3.7800054657614433e-06,True,Legionellosis,56,416,15,8716,0.036057692307692304,0.26785714285714285,query_1,['KEGG:00000']
REAC,REAC:R-HSA-76002,"Platelet activation, signaling and aggregation",3.818937366095602e-06,True,"Platelet activation, signaling and aggregation",259,456,33,11056,0.07236842105263158,0.1274131274131274,query_1,['REAC:R-HSA-109582']
HP,HP:0002076,Migraine,3.951965588236345e-06,True,Migraine is a chronic neurological disorder characterized by episodic attacks of headache and associated symptoms.,150,204,24,5200,0.11764705882352941,0.16,query_1,['HP:0002315']
REAC,REAC:R-HSA-419037,NCAM1 interactions,3.9570557160300685e-06,True,NCAM1 interactions,42,456,13,11056,0.02850877192982456,0.30952380952380953,query_1,['REAC:R-HSA-375165']
REAC,REAC:R-HSA-375165,NCAM signaling for neurite out-growth,4.319849436429626e-06,True,NCAM signaling for neurite out-growth,58,456,15,11056,0.03289473684210526,0.25862068965517243,query_1,['REAC:R-HSA-422475']
GO:BP,GO:1901550,regulation of endothelial cell development,4.376120167482735e-06,True,"""Any process that modulates the frequency, rate or extent of endothelial cell development."" [GOC:pr, GOC:TermGenie, PMID:19470579]",17,492,8,20972,0.016260162601626018,0.47058823529411764,query_1,"['GO:0001885', 'GO:0045601', 'GO:0060284']"
GO:BP,GO:1903140,regulation of establishment of endothelial barrier,4.376120167482735e-06,True,"""Any process that modulates the frequency, rate or extent of establishment of endothelial barrier."" [GO_REF:0000058, GOC:als, GOC:TermGenie, PMID:24851274]",17,492,8,20972,0.016260162601626018,0.47058823529411764,query_1,"['GO:0061028', 'GO:1901550']"
HP,HP:0011034,Amyloid deposition,4.390891240904234e-06,True,"Pathologic deposits of specific fibrillar protein aggregates with distinct microscopic properties, particularly affinity for the dye Congo red with typical birefringence.",49,204,14,5200,0.06862745098039216,0.2857142857142857,query_1,['HP:0001939']
REAC,REAC:R-HSA-1236975,Antigen processing-Cross presentation,4.510025474068893e-06,True,Antigen processing-Cross presentation,105,456,20,11056,0.043859649122807015,0.19047619047619047,query_1,['REAC:R-HSA-983169']
GO:BP,GO:1903900,regulation of viral life cycle,4.521000947116439e-06,True,"""Any process that modulates the frequency, rate or extent of viral life cycle."" [GO_REF:0000058, GOC:TermGenie, PMID:18005716]",116,492,17,20972,0.034552845528455285,0.14655172413793102,query_1,"['GO:0019058', 'GO:0050792']"
MIRNA,MIRNA:hsa-mir-29b-3p,hsa-mir-29b-3p,4.527863593489918e-06,True,hsa-mir-29b-3p,235,478,26,16638,0.05439330543933055,0.11063829787234042,query_1,['MIRNA:000000']
GO:BP,GO:0050901,leukocyte tethering or rolling,4.67995845312234e-06,True,"""Transient adhesive interactions between leukocytes and endothelial cells lining blood vessels. Carbohydrates on circulating leukocytes bind selectins on the vessel wall causing the leukocytes to slow down and roll along the inner surface of the vessel wall. During this rolling motion, transitory bonds are formed and broken between selectins and their ligands. Typically the first step in cellular extravasation (the movement of leukocytes out of the circulatory system, towards the site of tissue damage or infection)."" [GOC:bf, ISBN:0781735149, PMID:14680625, PMID:14708592, PMID:7507411, PMID:8600538, Wikipedia:Leukocyte_extravasation]",32,492,10,20972,0.02032520325203252,0.3125,query_1,"['GO:0045123', 'GO:0061756']"
GO:BP,GO:0090022,regulation of neutrophil chemotaxis,4.67995845312234e-06,True,"""Any process that modulates the frequency, rate, or extent of neutrophil chemotaxis. Neutrophil chemotaxis is the directed movement of a neutrophil cell, the most numerous polymorphonuclear leukocyte found in the blood, in response to an external stimulus, usually an infection or wounding."" [GOC:dph, GOC:tb]",32,492,10,20972,0.02032520325203252,0.3125,query_1,"['GO:0030593', 'GO:0071622', 'GO:1902622']"
GO:BP,GO:0002719,negative regulation of cytokine production involved in immune response,4.67995845312234e-06,True,"""Any process that stops, prevents, or reduces the frequency, rate, or extent of cytokine production contributing to an immune response."" [GOC:add]",32,492,10,20972,0.02032520325203252,0.3125,query_1,"['GO:0001818', 'GO:0002367', 'GO:0002701', 'GO:0002718']"
GO:MF,GO:0008289,lipid binding,4.780009318434952e-06,True,"""Binding to a lipid."" [GOC:ai]",854,490,50,20208,0.10204081632653061,0.0585480093676815,query_1,['GO:0005488']
REAC,REAC:R-HSA-388841,Regulation of T cell activation by CD28 family,4.787171465542357e-06,True,Regulation of T cell activation by CD28 family,67,456,16,11056,0.03508771929824561,0.23880597014925373,query_1,['REAC:R-HSA-1280218']
GO:MF,GO:0019199,transmembrane receptor protein kinase activity,4.789398883207785e-06,True,"""Combining with a signal and transmitting the signal from one side of the membrane to the other to initiate a change in cell activity by catalysis of the reaction: a protein + ATP = a phosphoprotein + ADP."" [GOC:mah]",81,490,14,20208,0.02857142857142857,0.1728395061728395,query_1,"['GO:0004672', 'GO:0004888']"
GO:BP,GO:0042982,amyloid precursor protein metabolic process,4.819229042345736e-06,True,"""The chemical reactions and pathways involving amyloid precursor protein (APP), the precursor of amyloid-beta, a glycoprotein associated with Alzheimer's disease."" [GOC:go_curators]",75,492,14,20972,0.028455284552845527,0.18666666666666668,query_1,['GO:0019538']
HP,HP:0001744,Splenomegaly,4.878401932472811e-06,True,Abnormal increased size of the spleen.,507,204,48,5200,0.23529411764705882,0.09467455621301775,query_1,"['HP:0003271', 'HP:0025408']"
GO:BP,GO:0031623,receptor internalization,4.963283057116223e-06,True,"""A receptor-mediated endocytosis process that results in the movement of receptors from the plasma membrane to the inside of the cell. The process begins when cell surface receptors are monoubiquitinated following ligand-induced activation. Receptors are subsequently taken up into endocytic vesicles from where they are either targeted to the lysosome or vacuole for degradation or recycled back to the plasma membrane."" [GOC:bf, GOC:mah, GOC:signaling, PMID:15006537, PMID:19643732]",132,492,18,20972,0.036585365853658534,0.13636363636363635,query_1,['GO:0006898']
HP,HP:0002102,Pleuritis,5.165983116992362e-06,True,Inflammation of the pleura.,28,204,11,5200,0.05392156862745098,0.39285714285714285,query_1,['HP:0002103']
GO:MF,GO:0030414,peptidase inhibitor activity,5.244962374528267e-06,True,"""Binds to and stops, prevents or reduces the activity of a peptidase, any enzyme that catalyzes the hydrolysis peptide bonds."" [GOC:jl]",174,490,20,20208,0.04081632653061224,0.11494252873563218,query_1,"['GO:0004857', 'GO:0061134']"
HP,HP:0002315,Headache,5.500026456789607e-06,True,"Cephalgia, or pain sensed in various parts of the head, not confined to the area of distribution of any nerve.",362,204,39,5200,0.19117647058823528,0.10773480662983426,query_1,['HP:0012638']
GO:BP,GO:0019730,antimicrobial humoral response,5.585154440405431e-06,True,"""An immune response against microbes mediated through a body fluid. Examples of this process are seen in the antimicrobial humoral response of Drosophila melanogaster and Mus musculus."" [GOC:go_curators, GOC:mtg_sensu]",149,492,19,20972,0.03861788617886179,0.12751677852348994,query_1,"['GO:0006959', 'GO:0140546']"
HP,HP:0002633,Vasculitis,5.600337586613901e-06,True,Inflammation of blood vessel.,67,204,16,5200,0.0784313725490196,0.23880597014925373,query_1,['HP:0033353']
HP,HP:0045073,Serositis,5.823085029228583e-06,True,Inflammation in any serous cavity.,107,204,20,5200,0.09803921568627451,0.18691588785046728,query_1,['HP:0012649']
GO:BP,GO:0046006,regulation of activated T cell proliferation,5.88194422884405e-06,True,"""Any process that modulates the frequency, rate or extent of activated T cell proliferation."" [GOC:go_curators]",42,492,11,20972,0.022357723577235773,0.2619047619047619,query_1,"['GO:0042129', 'GO:0050798']"
GO:BP,GO:0001666,response to hypoxia,6.069809287026393e-06,True,"""Any process that results in a change in state or activity of a cell or an organism (in terms of movement, secretion, enzyme production, gene expression, etc.) as a result of a stimulus indicating lowered oxygen tension. Hypoxia, defined as a decline in O2 levels below normoxic levels of 20.8 - 20.95%, results in metabolic adaptation at both the cellular and organismal level."" [GOC:hjd]",278,492,26,20972,0.052845528455284556,0.09352517985611511,query_1,"['GO:0006950', 'GO:0036293']"
GO:BP,GO:0060485,mesenchyme development,6.134796794643331e-06,True,"""The process whose specific outcome is the progression of a mesenchymal tissue over time, from its formation to the mature structure. A mesenchymal tissue is made up of loosely packed stellate cells."" [GOC:dph]",319,492,28,20972,0.056910569105691054,0.0877742946708464,query_1,"['GO:0009888', 'GO:0048513']"
GO:BP,GO:0009725,response to hormone,6.206746237167381e-06,True,"""Any process that results in a change in state or activity of a cell or an organism (in terms of movement, secretion, enzyme production, gene expression, etc.) as a result of a hormone stimulus."" [GOC:jl]",904,492,52,20972,0.10569105691056911,0.05752212389380531,query_1,"['GO:0009719', 'GO:0042221']"
WP,WP:WP5485,Post COVID neuroinflammation,6.261752047022165e-06,True,Post COVID neuroinflammation,23,410,10,8899,0.024390243902439025,0.43478260869565216,query_1,['WP:000000']
GO:BP,GO:0071604,transforming growth factor beta production,6.574794343970135e-06,True,"""The appearance of any member of the transforming growth factor-beta family of cytokines due to biosynthesis or secretion following a cellular stimulus, resulting in an increase in its intracellular or extracellular levels. Transforming growth factor-beta family members include TGF-B1, TGF-B2, and TGF-B3."" [GOC:add, GOC:rv, PMID:16891311, PMID:2022183]",33,492,10,20972,0.02032520325203252,0.30303030303030304,query_1,['GO:0001816']
GO:BP,GO:0002218,activation of innate immune response,6.578708544474853e-06,True,"""Any process that initiates an innate immune response. Innate immune responses are defense responses mediated by germline encoded components that directly recognize components of potential pathogens. Examples of this process include activation of the hypersensitive response of Arabidopsis thaliana and activation of any NOD or TLR signaling pathway in vertebrate species."" [GO_REF:0000022, GOC:add, GOC:mtg_sensu, ISBN:0781735149, PMID:15199967, PMID:16177805]",320,492,28,20972,0.056910569105691054,0.0875,query_1,"['GO:0002253', 'GO:0045089']"
GO:BP,GO:0042117,monocyte activation,6.704670368808526e-06,True,"""The change in morphology and behavior of a monocyte resulting from exposure to a cytokine, chemokine, cellular ligand, or soluble factor."" [GOC:mgi_curators, ISBN:0781735149]",12,492,7,20972,0.014227642276422764,0.5833333333333334,query_1,['GO:0002274']
GO:BP,GO:0002863,positive regulation of inflammatory response to antigenic stimulus,6.704670368808526e-06,True,"""Any process that activates or increases the frequency, rate, or extent of an inflammatory response to an antigenic stimulus."" [GOC:add]",12,492,7,20972,0.014227642276422764,0.5833333333333334,query_1,"['GO:0002437', 'GO:0002861', 'GO:0050729', 'GO:0050778']"
GO:BP,GO:0003013,circulatory system process,6.754922363500428e-06,True,"""An organ system process carried out by any of the organs or tissues of the circulatory system. The circulatory system is an organ system that moves extracellular fluids to and from tissue within a multicellular organism."" [GOC:mtg_cardio]",595,492,40,20972,0.08130081300813008,0.06722689075630252,query_1,['GO:0003008']
GO:BP,GO:0006508,proteolysis,7.2607639433594894e-06,True,"""The hydrolysis of proteins into smaller polypeptides and/or amino acids by cleavage of their peptide bonds."" [GOC:bf, GOC:mah]",801,492,48,20972,0.0975609756097561,0.0599250936329588,query_1,['GO:0019538']
GO:BP,GO:0090023,positive regulation of neutrophil chemotaxis,7.319789082785547e-06,True,"""Any process that increases the frequency, rate, or extent of neutrophil chemotaxis. Neutrophil chemotaxis is the directed movement of a neutrophil cell, the most numerous polymorphonuclear leukocyte found in the blood, in response to an external stimulus, usually an infection or wounding."" [GOC:dph, GOC:tb]",25,492,9,20972,0.018292682926829267,0.36,query_1,"['GO:0030593', 'GO:0071624', 'GO:0090022', 'GO:1902624']"
GO:BP,GO:0045806,negative regulation of endocytosis,7.520160338081636e-06,True,"""Any process that stops, prevents, or reduces the frequency, rate or extent of endocytosis."" [GOC:go_curators]",65,492,13,20972,0.026422764227642278,0.2,query_1,"['GO:0006897', 'GO:0030100', 'GO:0051051', 'GO:0051129']"
GO:BP,GO:0048598,embryonic morphogenesis,7.866609027485916e-06,True,"""The process in which anatomical structures are generated and organized during the embryonic phase. The embryonic phase begins with zygote formation. The end of the embryonic phase is organism-specific. For example, it would be at birth for mammals, larval hatching for insects and seed dormancy in plants."" [GOC:jid, GOC:mtg_sensu]",623,492,41,20972,0.08333333333333333,0.06581059390048154,query_1,"['GO:0009653', 'GO:0009790']"
GO:BP,GO:0051924,regulation of calcium ion transport,7.904422483710337e-06,True,"""Any process that modulates the frequency, rate or extent of the directed movement of calcium ions into, out of or within a cell, or between cells, by means of some agent such as a transporter or pore."" [GOC:ai]",223,492,23,20972,0.046747967479674794,0.1031390134529148,query_1,"['GO:0006816', 'GO:0010959']"
HP,HP:0033429,Neuroinflammation,8.039592340243594e-06,True,Activation of the brain's innate immune system in response to an inflammatory challenge and is characterized by a host of cellular and molecular changes within the brain.,29,204,11,5200,0.05392156862745098,0.3793103448275862,query_1,['HP:0012649']
GO:BP,GO:0042692,muscle cell differentiation,8.273490390153378e-06,True,"""The process in which a relatively unspecialized cell acquires specialized features of a muscle cell."" [CL:0000187, GOC:go_curators]",388,492,31,20972,0.06300813008130081,0.07989690721649484,query_1,"['GO:0030154', 'GO:0061061']"
WP,WP:WP24,Peptide GPCRs,8.368605831147036e-06,True,Peptide GPCRs,75,410,17,8899,0.041463414634146344,0.22666666666666666,query_1,['WP:000000']
GO:BP,GO:2000107,negative regulation of leukocyte apoptotic process,8.527001942770068e-06,True,"""Any process that stops, prevents, or reduces the frequency, rate or extent of leukocyte apoptotic process."" [GOC:BHF, GOC:mtg_apoptosis]",54,492,12,20972,0.024390243902439025,0.2222222222222222,query_1,"['GO:0043066', 'GO:0071887', 'GO:2000106']"
HPA,HPA:0470202,Skin 2; endothelial cells[≥Medium],8.592628009449386e-06,True,Skin 2; endothelial cells[≥Medium],636,355,48,11007,0.1352112676056338,0.07547169811320754,query_1,['HPA:0470201']
GO:BP,GO:0043535,regulation of blood vessel endothelial cell migration,9.0724405636408e-06,True,"""Any process that modulates the frequency, rate or extent of the migration of the endothelial cells of blood vessels."" [GOC:go_curators]",92,492,15,20972,0.03048780487804878,0.16304347826086957,query_1,"['GO:0010594', 'GO:0043534']"
WP,WP:WP1449,Regulation of toll like receptor signaling,9.614141747786155e-06,True,Regulation of toll like receptor signaling,145,410,24,8899,0.05853658536585366,0.16551724137931034,query_1,['WP:000000']
GO:MF,GO:0001846,opsonin binding,1.0003805364983266e-05,True,"""Binding to an opsonin, such as a complement component or antibody, deposited on the surface of a bacteria, virus, immune complex, or other particulate material."" [GOC:add, ISBN:0781735149]",21,490,8,20208,0.0163265306122449,0.38095238095238093,query_1,['GO:0005515']
GO:BP,GO:0010595,positive regulation of endothelial cell migration,1.0069982139377705e-05,True,"""Any process that increases the rate, frequency, or extent of the orderly movement of an endothelial cell into the extracellular matrix to form an endothelium."" [GOC:BHF, GOC:dph, GOC:tb]",107,492,16,20972,0.032520325203252036,0.14953271028037382,query_1,"['GO:0010594', 'GO:0030335', 'GO:0043542']"
GO:BP,GO:0009887,animal organ morphogenesis,1.017642088467025e-05,True,"""Morphogenesis of an animal organ. An organ is defined as a tissue or set of tissues that work together to perform a specific function or functions. Morphogenesis is the process in which anatomical structures are generated and organized. Organs are commonly observed as visibly distinct structures, but may also exist as loosely associated clusters of cells that work together to perform a specific function or functions."" [GOC:dgh, GOC:go_curators, ISBN:0471245208, ISBN:0721662544]",1000,492,55,20972,0.11178861788617886,0.055,query_1,"['GO:0009653', 'GO:0048513']"
GO:BP,GO:0030168,platelet activation,1.0255484839158903e-05,True,"""A series of progressive, overlapping events triggered by exposure of the platelets to subendothelial tissue. These events include shape change, adhesiveness, aggregation, and release reactions. When carried through to completion, these events lead to the formation of a stable hemostatic plug."" [PMID:27403440]",138,492,18,20972,0.036585365853658534,0.13043478260869565,query_1,"['GO:0001775', 'GO:0007596']"
GO:BP,GO:2000351,regulation of endothelial cell apoptotic process,1.067696620585966e-05,True,"""Any process that modulates the frequency, rate or extent of endothelial cell apoptotic process."" [GOC:mah, GOC:mtg_apoptosis]",55,492,12,20972,0.024390243902439025,0.21818181818181817,query_1,"['GO:0042981', 'GO:0072577']"
WP,WP:WP5512,Vedolizumab therapy for inflammatory bowel disease,1.0823176647143163e-05,True,Vedolizumab therapy for inflammatory bowel disease,10,410,7,8899,0.01707317073170732,0.7,query_1,['WP:000000']
GO:BP,GO:0035313,"wound healing, spreading of epidermal cells",1.0963480715305603e-05,True,"""The migration of an epidermal cell along or through a wound gap that contributes to the reestablishment of a continuous epidermis."" [GOC:bf, PMID:15269788]",26,492,9,20972,0.018292682926829267,0.34615384615384615,query_1,['GO:0044319']
GO:BP,GO:0051057,positive regulation of small GTPase mediated signal transduction,1.1133173754054291e-05,True,"""Any process that activates or increases the frequency, rate or extent of small GTPase mediated signal transduction."" [GOC:ai]",67,492,13,20972,0.026422764227642278,0.19402985074626866,query_1,"['GO:0007264', 'GO:0051056', 'GO:1902533']"
REAC,REAC:R-HSA-416700,Other semaphorin interactions,1.1215747868453037e-05,True,Other semaphorin interactions,19,456,9,11056,0.019736842105263157,0.47368421052631576,query_1,['REAC:R-HSA-373755']
REAC,REAC:R-HSA-3371378,Regulation by c-FLIP,1.1488407434186235e-05,True,Regulation by c-FLIP,10,456,7,11056,0.015350877192982455,0.7,query_1,['REAC:R-HSA-140534']
REAC,REAC:R-HSA-5218900,CASP8 activity is inhibited,1.1488407434186235e-05,True,CASP8 activity is inhibited,10,456,7,11056,0.015350877192982455,0.7,query_1,['REAC:R-HSA-5675482']
REAC,REAC:R-HSA-69416,Dimerization of procaspase-8,1.1488407434186235e-05,True,Dimerization of procaspase-8,10,456,7,11056,0.015350877192982455,0.7,query_1,['REAC:R-HSA-140534']
GO:BP,GO:2000377,regulation of reactive oxygen species metabolic process,1.15293583393009e-05,True,"""Any process that modulates the frequency, rate or extent of reactive oxygen species metabolic process."" [GOC:mah]",139,492,18,20972,0.036585365853658534,0.12949640287769784,query_1,"['GO:0019222', 'GO:0072593']"
WP,WP:WP5300,TROP2 regulatory signaling,1.1917252335710493e-05,True,TROP2 regulatory signaling,44,410,13,8899,0.03170731707317073,0.29545454545454547,query_1,['WP:000000']
GO:BP,GO:0051928,positive regulation of calcium ion transport,1.2329654867168544e-05,True,"""Any process that activates or increases the frequency, rate or extent of the directed movement of calcium ions into, out of or within a cell, or between cells, by means of some agent such as a transporter or pore."" [GOC:ai]",94,492,15,20972,0.03048780487804878,0.1595744680851064,query_1,"['GO:0006816', 'GO:0043270', 'GO:0051924']"
GO:BP,GO:0045601,regulation of endothelial cell differentiation,1.2502306064788802e-05,True,"""Any process that modulates the frequency, rate or extent of endothelial cell differentiation."" [GOC:go_curators]",35,492,10,20972,0.02032520325203252,0.2857142857142857,query_1,"['GO:0030856', 'GO:0045446']"
GO:BP,GO:0044087,regulation of cellular component biogenesis,1.2546201360443153e-05,True,"""Any process that modulates the frequency, rate or extent of cellular component biogenesis, a process that results in the biosynthesis of constituent macromolecules, assembly, and arrangement of constituent parts of a cellular component."" [GOC:jl]",1006,492,55,20972,0.11178861788617886,0.05467196819085487,query_1,"['GO:0044085', 'GO:0050794']"
WP,WP:WP4478,LTF danger signal response pathway,1.2743929653277646e-05,True,LTF danger signal response pathway,19,410,9,8899,0.02195121951219512,0.47368421052631576,query_1,['WP:000000']
GO:BP,GO:0002544,chronic inflammatory response,1.3054211339771684e-05,True,"""Inflammation of prolonged duration (weeks or months) in which active inflammation, tissue destruction, and attempts at repair are proceeding simultaneously. Although it may follow acute inflammation, chronic inflammation frequently begins insidiously, as a low-grade, smoldering, often asymptomatic response."" [GO_REF:0000022, GOC:jal, ISBN:0781735149]",19,492,8,20972,0.016260162601626018,0.42105263157894735,query_1,['GO:0006954']
GO:BP,GO:0098543,detection of other organism,1.3054211339771684e-05,True,"""The series of events in which a stimulus from another organism is received and converted into a molecular signal."" [GOC:dos]",19,492,8,20972,0.016260162601626018,0.42105263157894735,query_1,"['GO:0051707', 'GO:0098581']"
GO:BP,GO:0006796,phosphate-containing compound metabolic process,1.3190936699580128e-05,True,"""The chemical reactions and pathways involving the phosphate group, the anion or salt of any phosphoric acid."" [GOC:ai]",2196,492,94,20972,0.1910569105691057,0.042805100182149364,query_1,['GO:0006793']
HP,HP:0004332,Abnormal lymphocyte morphology,1.3266863609115941e-05,True,An abnormality of lymphocytes.,267,204,32,5200,0.1568627450980392,0.1198501872659176,query_1,['HP:0001881']
REAC,REAC:R-HSA-5357769,Caspase activation via extrinsic apoptotic signalling pathway,1.3285989149409349e-05,True,Caspase activation via extrinsic apoptotic signalling pathway,25,456,10,11056,0.021929824561403508,0.4,query_1,['REAC:R-HSA-109581']
HP,HP:0001386,Joint swelling,1.3600612886582562e-05,True,Joint swelling,53,204,14,5200,0.06862745098039216,0.2641509433962264,query_1,"['HP:0000969', 'HP:0001367']"
GO:MF,GO:0001968,fibronectin binding,1.4077142238661587e-05,True,"""Binding to a fibronectin, a group of related adhesive glycoproteins of high molecular weight found on the surface of animal cells, connective tissue matrices, and in extracellular fluids."" [GOC:hjd]",30,490,9,20208,0.018367346938775512,0.3,query_1,['GO:0005515']
GO:BP,GO:0006793,phosphorus metabolic process,1.4122598829727699e-05,True,"""The chemical reactions and pathways involving the nonmetallic element phosphorus or compounds that contain phosphorus."" [GOC:ai]",2199,492,94,20972,0.1910569105691057,0.042746703046839474,query_1,['GO:0008152']
GO:BP,GO:0032490,detection of molecule of bacterial origin,1.4233157214362338e-05,True,"""The series of events in which a stimulus from a molecule of bacterial origin is received and converted into a molecular signal."" [GOC:add, GOC:rl]",13,492,7,20972,0.014227642276422764,0.5384615384615384,query_1,"['GO:0002237', 'GO:0009593', 'GO:0098581']"
HP,HP:0410241,Abnormal circulating IgE concentration,1.460331346601483e-05,True,An abnormal deviation from normal levels of IgE immunoglobulin in blood.,62,204,15,5200,0.07352941176470588,0.24193548387096775,query_1,['HP:0010701']
HP,HP:0005339,Abnormality of complement system,1.460331346601483e-05,True,An abnormality of the complement system.,62,204,15,5200,0.07352941176470588,0.24193548387096775,query_1,['HP:0005368']
HP,HP:0025142,Constitutional symptom,1.556874443649636e-05,True,A symptom or manifestation indicating a systemic or general effect of a disease and that may affect the general well-being or status of an individual.,1333,204,89,5200,0.4362745098039216,0.06676669167291822,query_1,['HP:0000118']
GO:BP,GO:0009790,embryo development,1.5769463731947977e-05,True,"""The process whose specific outcome is the progression of an embryo from its formation until the end of its embryonic life stage. The end of the embryonic stage is organism-specific. For example, for mammals, the process would begin with zygote formation and end with birth. For insects, the process would begin at zygote formation and end with larval hatching. For plant zygotic embryos, this would be from zygote formation to the end of seed dormancy. For plant vegetative embryos, this would be from the initial determination of the cell or group of cells to form an embryo until the point when the embryo becomes independent of the parent plant."" [GOC:go_curators, GOC:isa_complete, GOC:mtg_sensu]",1126,492,59,20972,0.11991869918699187,0.052397868561278864,query_1,['GO:0007275']
GO:BP,GO:0071624,positive regulation of granulocyte chemotaxis,1.6105227240186323e-05,True,"""Any process that increases the rate, frequency or extent of granulocyte chemotaxis. Granulocyte chemotaxis is the movement of a granulocyte in response to an external stimulus."" [GOC:mah]",27,492,9,20972,0.018292682926829267,0.3333333333333333,query_1,"['GO:0002690', 'GO:0071621', 'GO:0071622']"
GO:BP,GO:0072657,protein localization to membrane,1.6404171399031643e-05,True,"""A process in which a protein is transported to, or maintained in, a specific location in a membrane."" [GOC:mah]",445,492,33,20972,0.06707317073170732,0.07415730337078652,query_1,"['GO:0008104', 'GO:0051668']"
GO:BP,GO:0043030,regulation of macrophage activation,1.649540366069196e-05,True,"""Any process that modulates the frequency or rate of macrophage activation."" [GOC:jl]",57,492,12,20972,0.024390243902439025,0.21052631578947367,query_1,"['GO:0002694', 'GO:0042116']"
REAC,REAC:R-HSA-381426,Regulation of Insulin-like Growth Factor (IGF) transport and uptake by Insulin-like Growth Factor Binding Proteins (IGFBPs),1.6839820324600754e-05,True,Regulation of Insulin-like Growth Factor (IGF) transport and uptake by Insulin-like Growth Factor Binding Proteins (IGFBPs),124,456,21,11056,0.046052631578947366,0.1693548387096774,query_1,['REAC:R-HSA-392499']
GO:BP,GO:0050798,activated T cell proliferation,1.6842552723441458e-05,True,"""The expansion of a T cell population following activation by an antigenic stimulus."" [GOC:add, GOC:dph]",46,492,11,20972,0.022357723577235773,0.2391304347826087,query_1,['GO:0042098']
REAC,REAC:R-HSA-5602358,Diseases associated with the TLR signaling cascade,1.684539748035456e-05,True,Diseases associated with the TLR signaling cascade,32,456,11,11056,0.02412280701754386,0.34375,query_1,['REAC:R-HSA-5260271']
REAC,REAC:R-HSA-5260271,Diseases of Immune System,1.684539748035456e-05,True,Diseases of Immune System,32,456,11,11056,0.02412280701754386,0.34375,query_1,['REAC:R-HSA-1643685']
HP,HP:0032101,Unusual infection,1.705818470974304e-05,True,"A type of infection that is regarded as a sign of a pathological susceptibility to infection. There are five general subtypes. (i) Opportunistic infection, meaning infection by a pathogen that is not normally able to cause infection in a healthy host (e.g., pneumonia by Pneumocystis jirovecii or CMV); (ii) Unusual location (focus) of an infection (e.g., an aspergillus brain abscess); (iii) a protracted course or lack of adequate response to treatment (e.g., chronic rhinosinusitis); (iv) Unusual severity or intensity of an infection; and (v) unusual recurrence of infections.",1185,204,82,5200,0.4019607843137255,0.06919831223628692,query_1,['HP:0010978']
GO:BP,GO:0040008,regulation of growth,1.7163989295208245e-05,True,"""Any process that modulates the frequency, rate or extent of the growth of all or part of an organism so that it occurs at its proper speed, either globally or in a specific part of the organism's development."" [GOC:ems, GOC:mah]",590,492,39,20972,0.07926829268292683,0.06610169491525424,query_1,"['GO:0040007', 'GO:0050789']"
GO:BP,GO:1902106,negative regulation of leukocyte differentiation,1.7380886496467566e-05,True,"""Any process that stops, prevents or reduces the frequency, rate or extent of leukocyte differentiation."" [GOC:add, GOC:TermGenie]",111,492,16,20972,0.032520325203252036,0.14414414414414414,query_1,"['GO:0002521', 'GO:1902105', 'GO:1903707']"
GO:BP,GO:0160162,CD27 signaling pathway,1.7414829118112233e-05,True,"""The series of molecular signals initiated by the binding of the cell surface receptor CD27 to its physiological ligand CD70, and ending with the regulation of a downstream cellular process, e.g. transcription."" [PMID:26359318, PMID:8387892]",5,492,5,20972,0.01016260162601626,1.0,query_1,['GO:0007166']
GO:BP,GO:2001188,regulation of T cell activation via T cell receptor contact with antigen bound to MHC molecule on antigen presenting cell,1.7414829118112233e-05,True,"""Any process that modulates the frequency, rate or extent of T cell activation via T cell receptor contact with antigen bound to MHC molecule on antigen presenting cell."" [GOC:obol]",5,492,5,20972,0.01016260162601626,1.0,query_1,"['GO:0002291', 'GO:0002697', 'GO:0050776', 'GO:0050863']"
HPA,HPA:0401333,Rectum; mucosal lymphoid cells[High],1.7652896779417953e-05,True,Rectum; mucosal lymphoid cells[High],177,355,22,11007,0.061971830985915494,0.12429378531073447,query_1,['HPA:0401332']
REAC,REAC:R-HSA-444473,Formyl peptide receptors bind formyl peptides and many other ligands,1.7702824118477468e-05,True,Formyl peptide receptors bind formyl peptides and many other ligands,7,456,6,11056,0.013157894736842105,0.8571428571428571,query_1,['REAC:R-HSA-375276']
GO:BP,GO:0007369,gastrulation,1.7783028589477498e-05,True,"""A complex and coordinated series of cellular movements that occurs at the end of cleavage during embryonic development of most animals. The details of gastrulation vary from species to species, but usually result in the formation of the three primary germ layers, ectoderm, mesoderm and endoderm."" [GOC:curators, ISBN:9780878933846]",195,492,21,20972,0.042682926829268296,0.1076923076923077,query_1,['GO:0048598']
GO:BP,GO:0001503,ossification,1.8357308832176274e-05,True,"""The formation of bone or of a bony substance, or the conversion of fibrous tissue or of cartilage into bone or a bony substance."" [GOC:mtg_mpo, PMID:17572649]",424,492,32,20972,0.06504065040650407,0.07547169811320754,query_1,['GO:0032501']
HP,HP:0004334,Dermal atrophy,1.8359739821049056e-05,True,Partial or complete wasting (atrophy) of the skin.,114,204,20,5200,0.09803921568627451,0.17543859649122806,query_1,['HP:0008065']
GO:BP,GO:0006809,nitric oxide biosynthetic process,1.9535277357521602e-05,True,"""The chemical reactions and pathways resulting in the formation of nitric oxide, nitrogen monoxide (NO), a colorless gas only slightly soluble in water."" [GOC:ai]",70,492,13,20972,0.026422764227642278,0.18571428571428572,query_1,"['GO:0009058', 'GO:0046209']"
HP,HP:0033430,Non-infectious meningitis,2.0234759009747532e-05,True,Inflammation of the layers of tissue that cover the brain and spinal cord (meninges) and of the fluid-filled space between the meninges (subarachnoid space) when it is caused by disorders that are not infections or by drugs or vaccines.,19,204,9,5200,0.04411764705882353,0.47368421052631576,query_1,['HP:0033429']
GO:BP,GO:0051248,negative regulation of protein metabolic process,2.0483070322846857e-05,True,"""Any process that stops, prevents, or reduces the frequency, rate or extent of chemical reactions and pathways involving a protein."" [GOC:ai]",569,492,38,20972,0.07723577235772358,0.06678383128295255,query_1,"['GO:0010605', 'GO:0019538', 'GO:0051246']"
HP,HP:0410242,Abnormal circulating IgG concentration,2.0677368084795603e-05,True,An abnormal deviation from normal levels of IgG immunoglobulin in blood.,138,204,22,5200,0.10784313725490197,0.15942028985507245,query_1,['HP:0010701']
GO:BP,GO:0001704,formation of primary germ layer,2.0996746400572686e-05,True,"""The formation of the ectoderm, mesoderm and endoderm during gastrulation."" [GOC:go_curators]",128,492,17,20972,0.034552845528455285,0.1328125,query_1,"['GO:0007369', 'GO:0048646']"
GO:CC,GO:0030665,clathrin-coated vesicle membrane,2.100935260167975e-05,True,"""The lipid bilayer surrounding a clathrin-coated vesicle."" [GOC:mah]",135,497,16,22155,0.03219315895372234,0.11851851851851852,query_1,"['GO:0030136', 'GO:0030662']"
GO:BP,GO:0090713,immunological memory process,2.131162144839159e-05,True,"""Any process of the immune system that can contribute to the formation of immunological memory or an immune response based upon activation of immunological memory."" [GOC:add, PMID:26086132, PMID:26831526]",20,492,8,20972,0.016260162601626018,0.4,query_1,"['GO:0002376', 'GO:0006955']"
HP,HP:0001289,Confusion,2.13192001521321e-05,True,"Lack of clarity and coherence of thought, perception, understanding, or action.",73,204,16,5200,0.0784313725490196,0.2191780821917808,query_1,['HP:0100543']
GO:MF,GO:0050786,RAGE receptor binding,2.1910921082703695e-05,True,"""Binding to a RAGE receptor, the receptor for advanced glycation end-products."" [GOC:ai]",10,490,6,20208,0.012244897959183673,0.6,query_1,['GO:0005102']
GO:MF,GO:0005031,tumor necrosis factor receptor activity,2.1910921082703695e-05,True,"""Combining with tumor necrosis factor, a proinflammatory cytokine produced by monocytes and macrophages, to initiate a change in cell function."" [GOC:jl, http://lookwayup.com/]",10,490,6,20208,0.012244897959183673,0.6,query_1,['GO:0005035']
WP,WP:WP5063,FOXP3 in COVID 19,2.2293436438020145e-05,True,FOXP3 in COVID 19,15,410,8,8899,0.01951219512195122,0.5333333333333333,query_1,['WP:000000']
WP,WP:WP4891,COVID 19 adverse outcome pathway,2.2293436438020145e-05,True,COVID 19 adverse outcome pathway,15,410,8,8899,0.01951219512195122,0.5333333333333333,query_1,['WP:000000']
GO:BP,GO:0048699,generation of neurons,2.242566529250621e-05,True,"""The process in which nerve cells are generated. This includes the production of neuroblasts and their differentiation into neurons."" [GOC:nln]",1523,492,72,20972,0.14634146341463414,0.04727511490479317,query_1,['GO:0022008']
GO:BP,GO:0045429,positive regulation of nitric oxide biosynthetic process,2.2744426268362714e-05,True,"""Any process that activates or increases the frequency, rate or extent of the chemical reactions and pathways resulting in the formation of nitric oxide."" [GOC:go_curators]",37,492,10,20972,0.02032520325203252,0.2702702702702703,query_1,"['GO:0006809', 'GO:0009891', 'GO:0045428']"
HP,HP:0002637,Cerebral ischemia,2.321642082828971e-05,True,Restriction of arterial blood supply to the brain associated with insufficient oxygenation to support the metabolic requirements of the tissue.,127,204,21,5200,0.10294117647058823,0.16535433070866143,query_1,['HP:0033401']
HP,HP:0033401,Tissue ischemia,2.321642082828971e-05,True,"Ischemia is defined as a restriction of arterial blood supply to a tissue associated with insufficient oxygenation to support the metabolis requirements of the tissue. Depending on the involved tissues, clinical manifestations may include pain, pallor, lack of pulse, coldness, paresthesia, and paralysis. Additional associated manifestations include hemodynamic parameters (reduced blood pressure distal to the site of restricted arterial supply) and angiographic evidence of arterial occclusion.",127,204,21,5200,0.10294117647058823,0.16535433070866143,query_1,['HP:0025323']
GO:BP,GO:0061061,muscle structure development,2.3601541360113672e-05,True,"""The progression of a muscle structure over time, from its formation to its mature state. Muscle structures are contractile cells, tissues or organs that are found in multicellular organisms."" [GOC:dph]",673,492,42,20972,0.08536585365853659,0.06240713224368499,query_1,['GO:0048856']
GO:BP,GO:0007409,axonogenesis,2.4047831056593654e-05,True,"""De novo generation of a long process of a neuron, including the terminal branched region. Refers to the morphogenesis or creation of shape or form of the developing axon, which carries efferent (outgoing) action potentials from the cell body towards target cells."" [GOC:dph, GOC:jid, GOC:pg, GOC:pr, ISBN:0198506732]",452,492,33,20972,0.06707317073170732,0.07300884955752213,query_1,"['GO:0048667', 'GO:0048812', 'GO:0061564']"
GO:BP,GO:0045620,negative regulation of lymphocyte differentiation,2.502121917504063e-05,True,"""Any process that stops, prevents, or reduces the frequency, rate or extent of lymphocyte differentiation."" [GOC:go_curators]",59,492,12,20972,0.024390243902439025,0.2033898305084746,query_1,"['GO:0030098', 'GO:0045619', 'GO:0051250', 'GO:1902106']"
GO:MF,GO:0061809,"NAD+ nucleosidase activity, cyclic ADP-ribose generating",2.5692196164309006e-05,True,"""Catalysis of the reaction: NAD+ + H2O = ADP-D-ribose + nicotinamide + H+, in a two step reaction: first an ADP-ribosyl cyclase reaction to synthesise cyclic ADP-ribose, followed by a cyclic ADP-ribose hydrolase reaction to generate (linear) ADP-ribose."" [EC:3.2.2.6, PMID:11866528]",16,490,7,20208,0.014285714285714285,0.4375,query_1,['GO:0016799']
GO:CC,GO:0005766,primary lysosome,2.5911712278684733e-05,True,"""A lysosome before it has fused with a vesicle or vacuole."" [GOC:jl, ISBN:0815316194]",155,497,17,22155,0.03420523138832998,0.10967741935483871,query_1,['GO:0005764']
GO:CC,GO:0042582,azurophil granule,2.5911712278684733e-05,True,"""Primary lysosomal granule readily stainable with a Romanowsky stain."" [GOC:jl, PMID:17152095, PMID:28717070, PMID:5914694, WIKIPEDIA:Azurophilic_granule]",155,497,17,22155,0.03420523138832998,0.10967741935483871,query_1,"['GO:0005766', 'GO:0030141']"
HP,HP:0410240,Abnormal circulating IgA concentration,2.6826380383517043e-05,True,An abnormal deviation from normal levels of IgA immunoglobulin in blood.,128,204,21,5200,0.10294117647058823,0.1640625,query_1,['HP:0010701']
GO:BP,GO:0045622,regulation of T-helper cell differentiation,2.7343420397617443e-05,True,"""Any process that modulates the frequency, rate or extent of T-helper cell differentiation."" [GOC:go_curators]",48,492,11,20972,0.022357723577235773,0.22916666666666666,query_1,"['GO:0042093', 'GO:0043370', 'GO:0050776']"
GO:BP,GO:0016049,cell growth,2.739248589301415e-05,True,"""The process in which a cell irreversibly increases in size over time by accretion and biosynthetic production of matter similar to that already present."" [GOC:ai]",478,492,34,20972,0.06910569105691057,0.07112970711297072,query_1,"['GO:0009987', 'GO:0040007']"
GO:BP,GO:0097305,response to alcohol,2.7548588796146738e-05,True,"""Any process that results in a change in state or activity of a cell or an organism (in terms of movement, secretion, enzyme production, gene expression, etc.) as a result of an alcohol stimulus."" [GOC:pr, PMID:24014527]",238,492,23,20972,0.046747967479674794,0.09663865546218488,query_1,['GO:1901700']
HP,HP:0004313,Decreased circulating immunoglobulin concentration,2.797892056966501e-05,True,An abnormally decreased level of immunoglobulin in blood.,232,204,29,5200,0.14215686274509803,0.125,query_1,['HP:0010701']
WP,WP:WP4559,Interactions between immune cells and microRNAs in tumor microenvironment,2.84541250434853e-05,True,Interactions between immune cells and microRNAs in tumor microenvironment,47,410,13,8899,0.03170731707317073,0.2765957446808511,query_1,['WP:000000']
GO:BP,GO:0048259,regulation of receptor-mediated endocytosis,2.9286941703494786e-05,True,"""Any process that modulates the frequency, rate or extent of receptor mediated endocytosis, the uptake of external materials by cells, utilizing receptors to ensure specificity of transport."" [GOC:go_curators, GOC:tb]",115,492,16,20972,0.032520325203252036,0.1391304347826087,query_1,"['GO:0006898', 'GO:0030100']"
GO:BP,GO:0002444,myeloid leukocyte mediated immunity,2.9286941703494786e-05,True,"""Any process involved in the carrying out of an immune response by a myeloid leukocyte."" [GO_REF:0000022, GOC:add, ISBN:0781735149]",115,492,16,20972,0.032520325203252036,0.1391304347826087,query_1,['GO:0002443']
GO:CC,GO:0140151,solid phase of interstitial matrix,2.9350836228886194e-05,True,"""The solid compartment of the interstitial matrix, including interstitial collagens such as fibrillar and fibril-associated collagens and non-collagenous glycoproteins like fibronectin and elastin."" [PMID:3284468, PMID:34807416]",48,497,10,22155,0.02012072434607646,0.20833333333333334,query_1,"['GO:0005614', 'GO:0030312']"
GO:BP,GO:0002275,myeloid cell activation involved in immune response,2.954202089484672e-05,True,"""A change in the morphology or behavior of a myeloid cell resulting from exposure to an activating factor such as a cellular or soluble ligand, leading to the initiation or perpetuation of an immune response."" [GOC:add, ISBN:0781735149]",100,492,15,20972,0.03048780487804878,0.15,query_1,"['GO:0002274', 'GO:0002366']"
HP,HP:0100758,Gangrene,2.9584564715650666e-05,True,A serious and potentially life-threatening condition that arises when a considerable mass of body tissue dies (necrosis).,56,204,14,5200,0.06862745098039216,0.25,query_1,['HP:0025142']
GO:BP,GO:0007566,embryo implantation,3.0618261185156386e-05,True,"""Attachment of the blastocyst to the uterine lining."" [GOC:isa_complete, PMID:10882512]",60,492,12,20972,0.024390243902439025,0.2,query_1,"['GO:0007275', 'GO:0007565', 'GO:0022414']"
GO:BP,GO:0008347,glial cell migration,3.0618261185156386e-05,True,"""The orderly movement of a glial cell, non-neuronal cells that provide support and nutrition, maintain homeostasis, form myelin, and participate in signal transmission in the nervous system."" [GOC:jl, GOC:mtg_sensu]",60,492,12,20972,0.024390243902439025,0.2,query_1,"['GO:0016477', 'GO:0042063']"
GO:BP,GO:0072577,endothelial cell apoptotic process,3.0618261185156386e-05,True,"""Any apoptotic process in an endothelial cell. An endothelial cell comprises the outermost layer or lining of anatomical structures and can be squamous or cuboidal."" [CL:0000115, GOC:BHF, GOC:mah, GOC:mtg_apoptosis]",60,492,12,20972,0.024390243902439025,0.2,query_1,['GO:0006915']
GO:CC,GO:0005796,Golgi lumen,3.1620618238930663e-05,True,"""The volume enclosed by the membranes of any cisterna or subcompartment of the Golgi apparatus, including the cis- and trans-Golgi networks."" [GOC:mah]",105,497,14,22155,0.028169014084507043,0.13333333333333333,query_1,"['GO:0005794', 'GO:0070013']"
GO:BP,GO:2000510,positive regulation of dendritic cell chemotaxis,3.1992910022505066e-05,True,"""Any process that activates or increases the frequency, rate or extent of dendritic cell chemotaxis."" [GOC:obol]",9,492,6,20972,0.012195121951219513,0.6666666666666666,query_1,"['GO:0002407', 'GO:0002690', 'GO:0071677', 'GO:2000508']"
GO:BP,GO:0002858,regulation of natural killer cell mediated cytotoxicity directed against tumor cell target,3.1992910022505066e-05,True,"""Any process that modulates the frequency, rate, or extent of natural killer cell mediated cytotoxicity directed against tumor cell target."" [GOC:add]",9,492,6,20972,0.012195121951219513,0.6666666666666666,query_1,"['GO:0002420', 'GO:0002855', 'GO:0042269']"
KEGG,KEGG:04380,Osteoclast differentiation,3.256286612105154e-05,True,Osteoclast differentiation,133,416,22,8716,0.052884615384615384,0.16541353383458646,query_1,['KEGG:00000']
GO:BP,GO:1903707,negative regulation of hemopoiesis,3.3249492224515426e-05,True,"""Any process that stops, prevents or reduces the frequency, rate or extent of hemopoiesis."" [GO_REF:0000058, GOC:pad, GOC:PARL, GOC:TermGenie, PMID:20080761]",116,492,16,20972,0.032520325203252036,0.13793103448275862,query_1,"['GO:0002683', 'GO:0010721', 'GO:0030097', 'GO:0051241', 'GO:1903706']"
GO:CC,GO:0005583,fibrillar collagen trimer,3.33007051148933e-05,True,"""Any triple helical collagen trimer that forms fibrils."" [PMID:21421911]",12,497,6,22155,0.012072434607645875,0.5,query_1,"['GO:0005581', 'GO:0098643']"
GO:CC,GO:0098643,fibrillar collagen complex,3.33007051148933e-05,True,"""A supramolecular assembly of fibrillar collagen complexes in the form of a long fiber (fibril) with transverse striations (bands)."" [GOC:dos, PMID:20386646, PMID:21421911, PMID:29853175]",12,497,6,22155,0.012072434607645875,0.5,query_1,"['GO:0098644', 'GO:0140152']"
GO:BP,GO:0050765,negative regulation of phagocytosis,3.3721868320599706e-05,True,"""Any process that stops, prevents, or reduces the frequency, rate or extent of phagocytosis."" [GOC:ai]",21,492,8,20972,0.016260162601626018,0.38095238095238093,query_1,"['GO:0006909', 'GO:0045806', 'GO:0050764']"
GO:BP,GO:0002523,leukocyte migration involved in inflammatory response,3.3721868320599706e-05,True,"""The movement of a leukocyte within or between different tissues and organs of the body contributing to an inflammatory response."" [GOC:add, ISBN:0781735149, PMID:14680625, PMID:14708592, PMID:7507411, PMID:8600538]",21,492,8,20972,0.016260162601626018,0.38095238095238093,query_1,"['GO:0006954', 'GO:0050900']"
GO:BP,GO:0046596,regulation of viral entry into host cell,3.3721868320599706e-05,True,"""Any process that modulates the frequency, rate or extent of the viral entry into the host cell."" [GOC:jl]",21,492,8,20972,0.016260162601626018,0.38095238095238093,query_1,"['GO:0046718', 'GO:0052372', 'GO:1903900']"
GO:BP,GO:0048878,chemical homeostasis,3.3960454516299835e-05,True,"""Any biological process involved in the maintenance of an internal steady state of a chemical."" [GOC:isa_complete]",951,492,52,20972,0.10569105691056911,0.054679284963196635,query_1,['GO:0042592']
HP,HP:0002718,Recurrent bacterial infections,3.4040086432033276e-05,True,"Increased susceptibility to bacterial infections, as manifested by recurrent episodes of bacterial infection.",220,204,28,5200,0.13725490196078433,0.12727272727272726,query_1,['HP:0002719']
GO:BP,GO:0061028,establishment of endothelial barrier,3.452010261842861e-05,True,"""The establishment of a barrier between endothelial cell layers, such as those in the brain, lung or intestine, to exert specific and selective control over the passage of water and solutes, thus allowing formation and maintenance of compartments that differ in fluid and solute composition."" [GOC:dph]",49,492,11,20972,0.022357723577235773,0.22448979591836735,query_1,['GO:0001885']
HP,HP:0002202,Pleural effusion,3.508240147142015e-05,True,The presence of an excessive amount of fluid in the pleural cavity.,96,204,18,5200,0.08823529411764706,0.1875,query_1,"['HP:0000969', 'HP:0002103']"
HPA,HPA:0460203,Skin 1; endothelial cells[High],3.5258639027118175e-05,True,Skin 1; endothelial cells[High],316,355,30,11007,0.08450704225352113,0.0949367088607595,query_1,['HPA:0460202']
WP,WP:WP5348,11p11 2 copy number variation syndrome ,3.721591772972927e-05,True,11p11 2 copy number variation syndrome ,56,410,14,8899,0.03414634146341464,0.25,query_1,['WP:000000']
GO:BP,GO:0022617,extracellular matrix disassembly,3.731447090073936e-05,True,"""A process that results in the breakdown of the extracellular matrix."" [GOC:jid]",61,492,12,20972,0.024390243902439025,0.19672131147540983,query_1,"['GO:0022411', 'GO:0030198']"
GO:BP,GO:0031175,neuron projection development,3.74287489378109e-05,True,"""The process whose specific outcome is the progression of a neuron projection over time, from its formation to the mature structure. A neuron projection is any process extending from a neural cell, such as axons or dendrites (collectively called neurites)."" [GOC:mah]",1010,492,54,20972,0.10975609756097561,0.053465346534653464,query_1,"['GO:0048666', 'GO:0120036']"
GO:BP,GO:0045927,positive regulation of growth,3.77624157269108e-05,True,"""Any process that activates or increases the rate or extent of growth, the increase in size or mass of all or part of an organism."" [GOC:go_curators]",242,492,23,20972,0.046747967479674794,0.09504132231404959,query_1,"['GO:0040007', 'GO:0040008', 'GO:0048518']"
GO:BP,GO:0050680,negative regulation of epithelial cell proliferation,3.7775053541520755e-05,True,"""Any process that stops, prevents or reduces the rate or extent of epithelial cell proliferation."" [GOC:ai]",133,492,17,20972,0.034552845528455285,0.12781954887218044,query_1,"['GO:0008285', 'GO:0050673', 'GO:0050678']"
GO:BP,GO:0061844,antimicrobial humoral immune response mediated by antimicrobial peptide,3.8966449119417315e-05,True,"""An immune response against microbes mediated by anti-microbial peptides in body fluid."" [PMID:15761415, PMID:24287494]",102,492,15,20972,0.03048780487804878,0.14705882352941177,query_1,['GO:0019730']
HP,HP:0100699,Scarring,4.166308195225723e-05,True,"A scar refers to a lesion in which wound, burn, or sore has not healed completely and fibrous connective tissue has developed.",108,204,19,5200,0.09313725490196079,0.17592592592592593,query_1,['HP:0003549']
GO:BP,GO:0048589,developmental growth,4.238995089887784e-05,True,"""The increase in size or mass of an entire organism, a part of an organism or a cell, where the increase in size or mass has the specific outcome of the progression of the organism over time from one condition to another."" [GOC:go_curators]",661,492,41,20972,0.08333333333333333,0.06202723146747353,query_1,"['GO:0032502', 'GO:0040007']"
GO:MF,GO:0034185,apolipoprotein binding,4.276544501974375e-05,True,"""Binding to an apolipoprotein, the protein component of a lipoprotein complex."" [GOC:BHF, GOC:rl]",17,490,7,20208,0.014285714285714285,0.4117647058823529,query_1,['GO:0005515']
HPA,HPA:0131333,Colon; mucosal lymphoid cells[High],4.293083118954431e-05,True,Colon; mucosal lymphoid cells[High],156,355,20,11007,0.056338028169014086,0.1282051282051282,query_1,['HPA:0131332']
HPA,HPA:0471433,Skin 2; extracellular matrix[High],4.420249656816693e-05,True,Skin 2; extracellular matrix[High],28,355,9,11007,0.02535211267605634,0.32142857142857145,query_1,['HPA:0471432']
GO:BP,GO:0006956,complement activation,4.529632342108155e-05,True,"""Any process involved in the activation of any of the steps of the complement cascade, which allows for the direct killing of microbes, the disposal of immune complexes, and the regulation of other immune processes; the initial steps of complement activation involve one of three pathways, the classical pathway, the alternative pathway, and the lectin pathway, all of which lead to the terminal complement pathway."" [GO_REF:0000022, GOC:add, ISBN:0781735149]",62,492,12,20972,0.024390243902439025,0.1935483870967742,query_1,"['GO:0002252', 'GO:0002253', 'GO:0006959']"
GO:BP,GO:0007219,Notch signaling pathway,4.5712791372268164e-05,True,"""The series of molecular signals initiated by an extracellular ligand binding to the receptor Notch on the surface of a target cell, and ending with the regulation of a downstream cellular process, e.g. transcription."" [GOC:go_curators, GOC:signaling]",187,492,20,20972,0.04065040650406504,0.10695187165775401,query_1,['GO:0007166']
GO:BP,GO:0002710,negative regulation of T cell mediated immunity,4.617775427307123e-05,True,"""Any process that stops, prevents, or reduces the frequency, rate, or extent of T cell mediated immunity."" [GOC:add]",30,492,9,20972,0.018292682926829267,0.3,query_1,"['GO:0002456', 'GO:0002707', 'GO:0002709', 'GO:0002823']"
HP,HP:0100820,Glomerulopathy,4.652713599874422e-05,True,Inflammatory or noninflammatory diseases affecting the glomeruli of the nephron.,41,204,12,5200,0.058823529411764705,0.2926829268292683,query_1,['HP:0000095']
GO:MF,GO:0004875,complement receptor activity,4.7215704285169376e-05,True,"""Combining with any component or product of the complement cascade and transmitting the signal from one side of the membrane to the other to initiate a change in cell activity."" [GOC:add, GOC:ai, GOC:pg, GOC:signaling, ISBN:0781735149, PMID:11884446]",11,490,6,20208,0.012244897959183673,0.5454545454545454,query_1,"['GO:0004888', 'GO:0140375']"
HP,HP:0012475,Decreased circulating level of specific antibody,4.8218971573632593e-05,True,The presence of normal overall immunoglobulin levels with deficiency of specific immunoglobulins directed against a specific antigen or microorganism.,58,204,14,5200,0.06862745098039216,0.2413793103448276,query_1,"['HP:0004313', 'HP:0031404']"
REAC,REAC:R-HSA-2172127,DAP12 interactions,4.868235356229457e-05,True,DAP12 interactions,35,456,11,11056,0.02412280701754386,0.3142857142857143,query_1,['REAC:R-HSA-168249']
GO:MF,GO:0008083,growth factor activity,4.90305662626579e-05,True,"""The function that stimulates a cell to grow or proliferate. Most growth factors have other actions besides the induction of cell growth or proliferation."" [ISBN:0815316194]",162,490,18,20208,0.036734693877551024,0.1111111111111111,query_1,['GO:0048018']
KEGG,KEGG:05133,Pertussis,5.005575380108775e-05,True,Pertussis,76,416,16,8716,0.038461538461538464,0.21052631578947367,query_1,['KEGG:00000']
GO:BP,GO:0075294,positive regulation by symbiont of entry into host,5.123937322875327e-05,True,"""Any process that activates or increases the frequency, rate or extent to which it enters into the host organism, where the two organisms are in a symbiotic interaction."" [GOC:pamgo_curators]",15,492,7,20972,0.014227642276422764,0.4666666666666667,query_1,"['GO:0044409', 'GO:0048518', 'GO:0052372']"
GO:BP,GO:0046598,positive regulation of viral entry into host cell,5.123937322875327e-05,True,"""Any process that activates or increases the frequency, rate or extent of the introduction of viral entry into the host cell."" [GOC:jl]",15,492,7,20972,0.014227642276422764,0.4666666666666667,query_1,"['GO:0046596', 'GO:0046718', 'GO:0075294', 'GO:1903902']"
GO:BP,GO:0002468,dendritic cell antigen processing and presentation,5.123937322875327e-05,True,"""The process in which a dendritic cell expresses antigen (peptide or lipid) on its cell surface in association with an MHC protein complex."" [GOC:add, ISBN:0781735149, PMID:15771591]",15,492,7,20972,0.014227642276422764,0.4666666666666667,query_1,['GO:0019882']
GO:BP,GO:0019885,antigen processing and presentation of endogenous peptide antigen via MHC class I,5.190719523102066e-05,True,"""The process in which an antigen-presenting cell expresses a peptide antigen of endogenous origin on its cell surface in association with an MHC class I protein complex. The peptide antigen is typically, but not always, processed from a whole protein. Class I here refers to classical class I molecules."" [GOC:add, ISBN:0781735149, PMID:15771591]",22,492,8,20972,0.016260162601626018,0.36363636363636365,query_1,"['GO:0002474', 'GO:0002483']"
GO:BP,GO:0090505,epiboly involved in wound healing,5.1962847096169605e-05,True,"""The expansion of one cell sheet over other cells involved in wound healing."" [GOC:dph, GOC:tb]",40,492,10,20972,0.02032520325203252,0.25,query_1,"['GO:0042060', 'GO:0090504']"
GO:BP,GO:0002691,regulation of cellular extravasation,5.1962847096169605e-05,True,"""Any process that modulates the frequency, rate, or extent of cellular extravasation."" [GOC:add]",40,492,10,20972,0.02032520325203252,0.25,query_1,"['GO:0002685', 'GO:0045123']"
GO:BP,GO:0044319,"wound healing, spreading of cells",5.1962847096169605e-05,True,"""The migration of a cell along or through a wound gap that contributes to the reestablishment of a continuous surface."" [GOC:jl]",40,492,10,20972,0.02032520325203252,0.25,query_1,"['GO:0016477', 'GO:0090505']"
GO:BP,GO:0002011,morphogenesis of an epithelial sheet,5.477700469133962e-05,True,"""The process in which the anatomical structures of an epithelial sheet are generated and organized. An epithelial sheet is a flat surface consisting of closely packed epithelial cells."" [GOC:jl]",63,492,12,20972,0.024390243902439025,0.19047619047619047,query_1,['GO:0002009']
WP,WP:WP5087,Pleural mesothelioma,5.489477677312124e-05,True,Pleural mesothelioma,435,410,45,8899,0.10975609756097561,0.10344827586206896,query_1,['WP:000000']
GO:BP,GO:0046209,nitric oxide metabolic process,5.5297890081183125e-05,True,"""The chemical reactions and pathways involving nitric oxide, nitrogen monoxide (NO), a colorless gas only slightly soluble in water."" [GOC:ai]",76,492,13,20972,0.026422764227642278,0.17105263157894737,query_1,['GO:2001057']
GO:BP,GO:0043269,regulation of monoatomic ion transport,5.60509610448267e-05,True,"""Any process that modulates the frequency, rate or extent of the directed movement of charged atoms or small charged molecules into, out of or within a cell, or between cells, by means of some agent such as a transporter or pore."" [GOC:jl]",421,492,31,20972,0.06300813008130081,0.07363420427553444,query_1,"['GO:0006811', 'GO:0051049']"
GO:BP,GO:0048666,neuron development,5.7059847979477323e-05,True,"""The process whose specific outcome is the progression of a neuron over time, from initial commitment of the cell to a specific fate, to the fully functional differentiated cell."" [GOC:dph]",1167,492,59,20972,0.11991869918699187,0.050556983718937444,query_1,"['GO:0030182', 'GO:0048468']"
HP,HP:0000987,Atypical scarring of skin,5.843906807344987e-05,True,Atypically scarred skin .,78,204,16,5200,0.0784313725490196,0.20512820512820512,query_1,"['HP:0011355', 'HP:0100699']"
WP,WP:WP4298,Acute viral myocarditis,5.885241259396088e-05,True,Acute viral myocarditis,85,410,17,8899,0.041463414634146344,0.2,query_1,['WP:000000']
WP,WP:WP615,Senescence and autophagy in cancer,6.092064518700975e-05,True,Senescence and autophagy in cancer,105,410,19,8899,0.046341463414634146,0.18095238095238095,query_1,['WP:000000']
HP,HP:0004431,Reduced circulating complement concentration,6.105809412358063e-05,True,An immunodeficiency defined by the absent or suboptimal functioning of one of the complement system proteins.,59,204,14,5200,0.06862745098039216,0.23728813559322035,query_1,['HP:0005339']
GO:BP,GO:0044092,negative regulation of molecular function,6.366434217305636e-05,True,"""Any process that stops or reduces the rate or extent of a molecular function, an elemental biological activity occurring at the molecular level, such as catalysis or binding."" [GO:jl]",355,492,28,20972,0.056910569105691054,0.07887323943661972,query_1,['GO:0065009']
GO:BP,GO:0031664,regulation of lipopolysaccharide-mediated signaling pathway,6.372439826614718e-05,True,"""Any process that modulates the frequency, rate or extent of signaling in response to detection of lipopolysaccharide."" [GOC:mah]",31,492,9,20972,0.018292682926829267,0.2903225806451613,query_1,"['GO:0002831', 'GO:0009966', 'GO:0031663', 'GO:0032101']"
GO:BP,GO:0060562,epithelial tube morphogenesis,6.388539498815818e-05,True,"""The process in which the anatomical structures of a tube are generated and organized from an epithelium. Epithelial tubes transport gases, liquids and cells from one site to another and form the basic structure of many organs and tissues, with tube shape and organization varying from the single-celled excretory organ in Caenorhabditis elegans to the branching trees of the mammalian kidney and insect tracheal system."" [GOC:dph]",333,492,27,20972,0.054878048780487805,0.08108108108108109,query_1,"['GO:0002009', 'GO:0035239']"
GO:BP,GO:0000902,cell morphogenesis,6.432377649701041e-05,True,"""The developmental process in which the size or shape of a cell is generated and organized."" [GOC:clt, GOC:dph, GOC:go_curators, GOC:tb]",998,492,53,20972,0.10772357723577236,0.0531062124248497,query_1,['GO:0009653']
GO:BP,GO:2001057,reactive nitrogen species metabolic process,6.512521659363822e-05,True,"""The chemical reactions and pathways involving a reactive nitrogen species."" [GOC:obol]",77,492,13,20972,0.026422764227642278,0.16883116883116883,query_1,['GO:0008152']
GO:BP,GO:0045058,T cell selection,6.599953011581393e-05,True,"""The process in which T cells that express T cell receptors that are restricted by self MHC protein complexes and tolerant to self antigens are selected for further maturation."" [ISBN:0781735149, PMID:12414722]",64,492,12,20972,0.024390243902439025,0.1875,query_1,"['GO:0002376', 'GO:0030217']"
GO:BP,GO:0050856,regulation of T cell receptor signaling pathway,6.716366431199229e-05,True,"""Any process that modulates the frequency, rate or extent of signaling pathways initiated by the cross-linking of an antigen receptor on a T cell."" [GOC:ai]",52,492,11,20972,0.022357723577235773,0.21153846153846154,query_1,"['GO:0050852', 'GO:0050854']"
GO:BP,GO:0045581,negative regulation of T cell differentiation,6.716366431199229e-05,True,"""Any process that stops, prevents, or reduces the frequency, rate or extent of T cell differentiation."" [GOC:go_curators]",52,492,11,20972,0.022357723577235773,0.21153846153846154,query_1,"['GO:0030217', 'GO:0045580', 'GO:0045620', 'GO:0050868']"
GO:BP,GO:0090504,epiboly,6.729460533956246e-05,True,"""The expansion of one cell sheet over other cells or yolk."" [GOC:dph, GOC:tb]",41,492,10,20972,0.02032520325203252,0.24390243902439024,query_1,['GO:0002011']
GO:BP,GO:0048732,gland development,6.965159877223628e-05,True,"""The process whose specific outcome is the progression of a gland over time, from its formation to the mature structure. A gland is an organ specialised for secretion."" [GOC:jid]",425,492,31,20972,0.06300813008130081,0.07294117647058823,query_1,['GO:0048513']
GO:BP,GO:0120035,regulation of plasma membrane bounded cell projection organization,7.51901917599402e-05,True,"""Any process that modulates the frequency, rate or extent of a process involved in the formation, arrangement of constituent parts, or disassembly of plasma membrane bounded cell projections."" [GOC:krc]",623,492,39,20972,0.07926829268292683,0.06260032102728733,query_1,"['GO:0031344', 'GO:0120036']"
GO:BP,GO:0060840,artery development,7.566118509526697e-05,True,"""The progression of the artery over time, from its initial formation to the mature structure. An artery is a blood vessel that carries blood away from the heart to a capillary bed."" [GOC:dph, GOC:sdb_2009, GOC:tb]",107,492,15,20972,0.03048780487804878,0.14018691588785046,query_1,['GO:0001568']
GO:BP,GO:0002855,regulation of natural killer cell mediated immune response to tumor cell,7.839493806034751e-05,True,"""Any process that modulates the frequency, rate, or extent of natural killer cell mediated immune response to a tumor cell."" [GOC:add]",10,492,6,20972,0.012195121951219513,0.6,query_1,"['GO:0002423', 'GO:0002715', 'GO:0002837']"
GO:BP,GO:2000425,regulation of apoptotic cell clearance,7.839493806034751e-05,True,"""Any process that modulates the frequency, rate or extent of apoptotic cell clearance."" [GOC:obol]",10,492,6,20972,0.012195121951219513,0.6,query_1,"['GO:0043277', 'GO:0050764']"
GO:BP,GO:0002420,natural killer cell mediated cytotoxicity directed against tumor cell target,7.839493806034751e-05,True,"""The directed killing of a tumor cell by a natural killer cell through the release of granules containing cytotoxic mediators or through the engagement of death receptors."" [GOC:add, ISBN:0781735149, PMID:16730260]",10,492,6,20972,0.012195121951219513,0.6,query_1,"['GO:0002423', 'GO:0042267']"
GO:BP,GO:2000563,"positive regulation of CD4-positive, alpha-beta T cell proliferation",7.839493806034751e-05,True,"""Any process that activates or increases the frequency, rate or extent of CD4-positive, alpha-beta T cell proliferation."" [GOC:obol]",10,492,6,20972,0.012195121951219513,0.6,query_1,"['GO:0035739', 'GO:0046641', 'GO:2000516', 'GO:2000561']"
GO:BP,GO:0035696,monocyte extravasation,7.839493806034751e-05,True,"""The migration of a monocyte from the blood vessels into the surrounding tissue."" [CL:0000576, GOC:BHF, PMID:10657654]",10,492,6,20972,0.012195121951219513,0.6,query_1,"['GO:0045123', 'GO:0071674', 'GO:0097529']"
WP,WP:WP5198,Inflammatory bowel disease signaling,7.905322061611909e-05,True,Inflammatory bowel disease signaling,43,410,12,8899,0.02926829268292683,0.27906976744186046,query_1,['WP:000000']
GO:BP,GO:0036005,response to macrophage colony-stimulating factor,7.924014214096097e-05,True,"""Any process that results in a change in state or activity of a cell or an organism (in terms of movement, secretion, enzyme production, gene expression, etc.) as a result of a macrophage colony-stimulating factor stimulus."" [GOC:yaf, PMID:14687666]",65,492,12,20972,0.024390243902439025,0.18461538461538463,query_1,['GO:0034097']
HP,HP:4000041,AA amyloidosis,8.015948504402498e-05,True,"Extracellular tissue deposition of fibrils that are composed of fragments of and/or intact serum amyloid A protein, a hepatic acute phase reactant.",16,204,8,5200,0.0392156862745098,0.5,query_1,['HP:0011034']
HP,HP:0100796,Orchitis,8.015948504402498e-05,True,Testicular inflammation.,16,204,8,5200,0.0392156862745098,0.5,query_1,['HP:0000035']
GO:BP,GO:0046638,positive regulation of alpha-beta T cell differentiation,8.297979918533001e-05,True,"""Any process that activates or increases the frequency, rate or extent of alpha-beta T cell differentiation."" [GOC:ai]",53,492,11,20972,0.022357723577235773,0.20754716981132076,query_1,"['GO:0045582', 'GO:0046632', 'GO:0046635', 'GO:0046637']"
GO:BP,GO:0055082,intracellular chemical homeostasis,8.548251327633531e-05,True,"""A homeostatic process involved in the maintenance of a steady state level of a chemical within a cell."" [GOC:isa_complete, GOC:jid]",626,492,39,20972,0.07926829268292683,0.06230031948881789,query_1,"['GO:0019725', 'GO:0048878']"
REAC,REAC:R-HSA-202427,Phosphorylation of CD3 and TCR zeta chains,8.558048180210357e-05,True,Phosphorylation of CD3 and TCR zeta chains,23,456,9,11056,0.019736842105263157,0.391304347826087,query_1,['REAC:R-HSA-202403']
HP,HP:0011830,Abnormal oral mucosa morphology,8.90770936500805e-05,True,Abnormality of the oral mucosa.,383,204,38,5200,0.18627450980392157,0.09921671018276762,query_1,['HP:0000163']
GO:BP,GO:0098883,synapse pruning,8.925260185709497e-05,True,"""A cellular process that results in the controlled breakdown of synapse. After it starts the process is continuous until the synapse has disappeared."" [GOC:dos, PMID:12062020, PMID:18083105, PMID:22632716, PMID:29844190]",16,492,7,20972,0.014227642276422764,0.4375,query_1,"['GO:0050808', 'GO:0150146']"
GO:BP,GO:0016045,detection of bacterium,8.925260185709497e-05,True,"""The series of events in which a stimulus from a bacterium is received and converted into a molecular signal."" [GOC:hb]",16,492,7,20972,0.014227642276422764,0.4375,query_1,"['GO:0009617', 'GO:0098543']"
GO:MF,GO:0030234,enzyme regulator activity,9.145774950662738e-05,True,"""A molecular function regulator that modulates a catalytic activity."" [GOC:pdt]",1372,490,65,20208,0.1326530612244898,0.047376093294460644,query_1,['GO:0098772']
GO:BP,GO:0045637,regulation of myeloid cell differentiation,9.200378192305493e-05,True,"""Any process that modulates the frequency, rate or extent of myeloid cell differentiation."" [GOC:go_curators]",214,492,21,20972,0.042682926829268296,0.09813084112149532,query_1,"['GO:0030099', 'GO:1903706']"
GO:BP,GO:0001885,endothelial cell development,9.481200343449191e-05,True,"""The progression of an endothelial cell over time, from its formation to the mature structure."" [GOC:dph]",66,492,12,20972,0.024390243902439025,0.18181818181818182,query_1,"['GO:0002064', 'GO:0045446']"
GO:MF,GO:0043120,tumor necrosis factor binding,9.523806612041093e-05,True,"""Binding to tumor necrosis factor, a proinflammatory cytokine produced by monocytes and macrophages."" [GOC:jl, http://lookwayup.com/]",7,490,5,20208,0.01020408163265306,0.7142857142857143,query_1,['GO:0019955']
GO:MF,GO:0030881,beta-2-microglobulin binding,9.523806612041093e-05,True,"""Binding to beta-2-microglobulin."" [GOC:mah]",7,490,5,20208,0.01020408163265306,0.7142857142857143,query_1,['GO:0005515']
MIRNA,MIRNA:hsa-mir-145-5p,hsa-mir-145-5p,9.905239507673339e-05,True,hsa-mir-145-5p,237,478,24,16638,0.0502092050209205,0.10126582278481013,query_1,['MIRNA:000000']
GO:BP,GO:0050792,regulation of viral process,0.00010162608585790078,True,"""Any process that modulates the rate or extent of the viral life cycle, the set of processes by which a virus reproduces and spreads among hosts."" [GOC:go_curators, GOC:tb]",142,492,17,20972,0.034552845528455285,0.11971830985915492,query_1,"['GO:0016032', 'GO:0050789']"
GO:BP,GO:0002925,positive regulation of humoral immune response mediated by circulating immunoglobulin,0.00010246650564287465,True,"""Any process that activates or increases the frequency, rate, or extent of a humoral immune response mediated by circulating immunoglobulin."" [GOC:add]",6,492,5,20972,0.01016260162601626,0.8333333333333334,query_1,"['GO:0002455', 'GO:0002891', 'GO:0002922', 'GO:0002923']"
GO:BP,GO:0097350,neutrophil clearance,0.00010246650564287465,True,"""The selective elimination of senescent neutrophils from the body by autoregulatory mechanisms."" [GOC:BHF, PMID:21957127]",6,492,5,20972,0.01016260162601626,0.8333333333333334,query_1,"['GO:0001780', 'GO:0043277']"
GO:BP,GO:2000503,positive regulation of natural killer cell chemotaxis,0.00010246650564287465,True,"""Any process that activates or increases the frequency, rate or extent of natural killer cell chemotaxis."" [GOC:BHF]",6,492,5,20972,0.01016260162601626,0.8333333333333334,query_1,"['GO:0035747', 'GO:0140131', 'GO:2000501']"
GO:MF,GO:0038187,pattern recognition receptor activity,0.00010547860853471934,True,"""Combining with a pathogen-associated molecular pattern (PAMP), a structure conserved among microbial species to initiate an innate immune response."" [GOC:ar, GOC:bf]",48,490,10,20208,0.02040816326530612,0.20833333333333334,query_1,['GO:0038023']
GO:BP,GO:1903829,positive regulation of protein localization,0.00010661015304323028,True,"""Any process that activates or increases the frequency, rate or extent of a protein localization."" [GO_REF:0000058, GOC:TermGenie, GOC:vw]",433,492,31,20972,0.06300813008130081,0.07159353348729793,query_1,"['GO:0008104', 'GO:0032880', 'GO:0048518']"
GO:BP,GO:0050807,regulation of synapse organization,0.00010865011036271912,True,"""Any process that modulates the physical form of a synapse, the junction between a neuron and a target (neuron, muscle, or secretory cell)."" [GOC:ai, GOC:dph, GOC:tb]",298,492,25,20972,0.0508130081300813,0.08389261744966443,query_1,"['GO:0050803', 'GO:0050808', 'GO:0051128']"
GO:BP,GO:0001659,temperature homeostasis,0.00011030978621806867,True,"""A homeostatic process in which an organism modulates its internal body temperature."" [GOC:jl]",197,492,20,20972,0.04065040650406504,0.10152284263959391,query_1,['GO:0048871']
GO:BP,GO:0016525,negative regulation of angiogenesis,0.0001106152796544251,True,"""Any process that stops, prevents, or reduces the frequency, rate or extent of angiogenesis."" [GOC:go_curators]",110,492,15,20972,0.03048780487804878,0.13636363636363635,query_1,"['GO:0001525', 'GO:0045765', 'GO:2000181']"
GO:MF,GO:0004867,serine-type endopeptidase inhibitor activity,0.00011107869660303404,True,"""Binds to and stops, prevents or reduces the activity of a serine-type endopeptidase."" [GOC:ai]",103,490,14,20208,0.02857142857142857,0.13592233009708737,query_1,['GO:0004866']
HP,HP:0004370,Abnormality of temperature regulation,0.00011314527678160128,True,An abnormality of temperature homeostasis.,576,204,49,5200,0.24019607843137256,0.08506944444444445,query_1,['HP:0012337']
GO:BP,GO:0045063,T-helper 1 cell differentiation,0.0001145524293016932,True,"""The process in which a relatively unspecialized T cell acquires the specialized features of a T-helper 1 (Th1) cell. A Th1 cell is a CD4-positive, alpha-beta T cell that has the phenotype T-bet-positive and produces interferon-gamma."" [CL:0000545, GOC:ebc]",24,492,8,20972,0.016260162601626018,0.3333333333333333,query_1,"['GO:0002287', 'GO:0002292', 'GO:0042088', 'GO:0042093']"
HP,HP:0002113,Pulmonary infiltrates,0.00012027567344639837,True,Pulmonary infiltrates,62,204,14,5200,0.06862745098039216,0.22580645161290322,query_1,['HP:0031983']
GO:BP,GO:1901888,regulation of cell junction assembly,0.00012470448270569278,True,"""Any process that modulates the frequency, rate or extent of cell junction assembly."" [GOC:TermGenie]",258,492,23,20972,0.046747967479674794,0.08914728682170543,query_1,"['GO:0034329', 'GO:0044087', 'GO:0051128']"
GO:BP,GO:0043536,positive regulation of blood vessel endothelial cell migration,0.00012486308794380647,True,"""Any process that activates or increases the frequency, rate or extent of the migration of the endothelial cells of blood vessels."" [GOC:go_curators]",55,492,11,20972,0.022357723577235773,0.2,query_1,"['GO:0010595', 'GO:0043534', 'GO:0043535']"
GO:BP,GO:2000181,negative regulation of blood vessel morphogenesis,0.00012518315358535614,True,"""Any process that stops, prevents, or reduces the frequency, rate or extent of blood vessel morphogenesis."" [GOC:dph, GOC:yaf]",111,492,15,20972,0.03048780487804878,0.13513513513513514,query_1,"['GO:0022603', 'GO:0048514', 'GO:1901343']"
GO:BP,GO:0034329,cell junction assembly,0.00012761911360339575,True,"""A cellular process that results in the aggregation, arrangement and bonding together of a set of components to form a cell junction."" [GOC:mah]",509,492,34,20972,0.06910569105691057,0.06679764243614932,query_1,"['GO:0022607', 'GO:0034330']"
GO:MF,GO:0004857,enzyme inhibitor activity,0.00012958399641033668,True,"""A molecular function regulator that reduces a catalytic activity."" [GOC:ai, GOC:ebc]",428,490,30,20208,0.061224489795918366,0.07009345794392523,query_1,"['GO:0030234', 'GO:0140678']"
HP,HP:0000022,Abnormal male internal genitalia morphology,0.00013090500543769696,True,An abnormality of the male internal genitalia.,93,204,17,5200,0.08333333333333333,0.1827956989247312,query_1,"['HP:0000812', 'HP:0010461']"
GO:MF,GO:0043236,laminin binding,0.0001315803193768243,True,"""Binding to a laminin, a major glycoprotein constituent of the basement membrane of cells."" [GOC:ecd]",28,490,8,20208,0.0163265306122449,0.2857142857142857,query_1,"['GO:0005515', 'GO:0050840']"
REAC,REAC:R-HSA-389948,Co-inhibition by PD-1,0.00013196421568923043,True,Co-inhibition by PD-1,24,456,9,11056,0.019736842105263157,0.375,query_1,['REAC:R-HSA-388841']
GO:BP,GO:0030225,macrophage differentiation,0.00013441108998445107,True,"""The process in which a relatively unspecialized monocyte acquires the specialized features of a macrophage."" [GOC:add, ISBN:0781735149]",68,492,12,20972,0.024390243902439025,0.17647058823529413,query_1,"['GO:0002573', 'GO:1903131']"
GO:BP,GO:1901343,negative regulation of vasculature development,0.00014147242675928995,True,"""Any process that stops, prevents or reduces the frequency, rate or extent of vasculature development."" [GOC:TermGenie]",112,492,15,20972,0.03048780487804878,0.13392857142857142,query_1,"['GO:0001944', 'GO:0051093', 'GO:0051241', 'GO:1901342']"
WP,WP:WP3863,T cell antigen receptor TCR pathway during Staphylococcus aureus infection,0.00014467030111955714,True,T cell antigen receptor TCR pathway during Staphylococcus aureus infection,62,410,14,8899,0.03414634146341464,0.22580645161290322,query_1,['WP:000000']
GO:BP,GO:0031344,regulation of cell projection organization,0.00014742190050397598,True,"""Any process that modulates the frequency, rate or extent of a process involved in the formation, arrangement of constituent parts, or disassembly of cell projections."" [GOC:mah]",639,492,39,20972,0.07926829268292683,0.06103286384976526,query_1,"['GO:0030030', 'GO:0051128']"
GO:BP,GO:0010755,regulation of plasminogen activation,0.00014866613903982383,True,"""Any process that modulates the rate, frequency or extent of plasminogen activation. Plasminogen activation is the process in which plasminogen is processed to plasmin."" [GOC:BHF, GOC:dph, GOC:tb]",17,492,7,20972,0.014227642276422764,0.4117647058823529,query_1,"['GO:0031639', 'GO:0070613']"
GO:BP,GO:1900221,regulation of amyloid-beta clearance,0.00014866613903982383,True,"""Any process that modulates the frequency, rate or extent of amyloid-beta clearance."" [GOC:BHF, GOC:TermGenie]",17,492,7,20972,0.014227642276422764,0.4117647058823529,query_1,"['GO:0051239', 'GO:0097242']"
GO:BP,GO:0032930,positive regulation of superoxide anion generation,0.00014866613903982383,True,"""Any process that activates or increases the frequency, rate or extent of enzymatic generation of superoxide by a cell."" [GOC:mah]",17,492,7,20972,0.014227642276422764,0.4117647058823529,query_1,"['GO:0032928', 'GO:0042554', 'GO:2000379']"
GO:BP,GO:0002532,production of molecular mediator involved in inflammatory response,0.00015005428478907993,True,"""The synthesis or release of any molecular mediator of the inflammatory response following an inflammatory stimulus, resulting in an increase in its intracellular or extracellular levels."" [GOC:add, GOC:dph, GOC:tb, ISBN:0781735149]",97,492,14,20972,0.028455284552845527,0.14432989690721648,query_1,"['GO:0006954', 'GO:0032501']"
HP,HP:0200034,Papule,0.00015027785964606875,True,"A circumscribed, solid elevation of skin with no visible fluid, varying in size from a pinhead to less than 10mm in diameter at the widest point.",105,204,18,5200,0.08823529411764706,0.17142857142857143,query_1,['HP:0011355']
GO:BP,GO:0097553,calcium ion transmembrane import into cytosol,0.00015340577348902103,True,"""A process in which a calcium ion is transported from one side of a membrane to the other into the cytosol by means of some agent such as a transporter or pore."" [GOC:vw]",182,492,19,20972,0.03861788617886179,0.1043956043956044,query_1,['GO:0070588']
GO:BP,GO:0001501,skeletal system development,0.000154877405378297,True,"""The process whose specific outcome is the progression of the skeleton over time, from its formation to the mature structure. The skeleton is the bony framework of the body in vertebrates (endoskeleton) or the hard outer envelope of insects (exoskeleton or dermoskeleton)."" [GOC:dph, GOC:jid, GOC:tb]",538,492,35,20972,0.07113821138211382,0.06505576208178439,query_1,['GO:0048731']
TF,TF:M00340,Factor: c-Ets; motif: KRCAGGAARTRNKT,0.00015693422822915296,True,Factor: c-Ets; motif: KRCAGGAARTRNKT,5435,497,189,20093,0.38028169014084506,0.03477460901563938,query_1,['TF:M00000']
GO:MF,GO:0070851,growth factor receptor binding,0.00015730238590166434,True,"""Binding to a growth factor receptor."" [GOC:mah, GOC:vw]",139,490,16,20208,0.0326530612244898,0.11510791366906475,query_1,['GO:0005102']
GO:CC,GO:0005614,interstitial matrix,0.0001617492189321307,True,"""A type of extracellular matrix found in interstitial connective tissue, characterized by the presence of fibronectins, proteoglycans, and types I, III, V, VI, VII and XII collagens."" [PMID:33605520, PMID:39223427, PMID:8450001]",57,497,10,22155,0.02012072434607646,0.17543859649122806,query_1,['GO:0031012']
HPA,HPA:0641472,Endometrium; lymphocytes[≥Medium],0.00016333213587641532,True,Endometrium; lymphocytes[≥Medium],24,355,8,11007,0.022535211267605635,0.3333333333333333,query_1,['HPA:0641471']
GO:BP,GO:0070227,lymphocyte apoptotic process,0.00016494775201670765,True,"""Any apoptotic process in a lymphocyte, a leukocyte commonly found in the blood and lymph that has the characteristics of a large nucleus, a neutral staining cytoplasm, and prominent heterochromatin."" [CL:0000542, GOC:add, GOC:mtg_apoptosis, ISBN:0781765196]",83,492,13,20972,0.026422764227642278,0.1566265060240964,query_1,['GO:0071887']
GO:BP,GO:0042104,positive regulation of activated T cell proliferation,0.00016501484822823784,True,"""Any process that activates or increases the rate or extent of activated T cell proliferation."" [GOC:jl]",25,492,8,20972,0.016260162601626018,0.32,query_1,"['GO:0042102', 'GO:0046006', 'GO:0050798']"
GO:BP,GO:0072677,eosinophil migration,0.00016501484822823784,True,"""The movement of an eosinophil within or between different tissues and organs of the body."" [CL:0000771, GOC:BHF, GOC:mah]",25,492,8,20972,0.016260162601626018,0.32,query_1,['GO:0097530']
GO:BP,GO:1903902,positive regulation of viral life cycle,0.00016501484822823784,True,"""Any process that activates or increases the frequency, rate or extent of viral life cycle."" [GO_REF:0000058, GOC:TermGenie, PMID:18005716]",25,492,8,20972,0.016260162601626018,0.32,query_1,"['GO:0019058', 'GO:0048524', 'GO:1903900']"
WP,WP:WP1533,Vitamin B12 metabolism,0.00016688146312290135,True,Vitamin B12 metabolism,54,410,13,8899,0.03170731707317073,0.24074074074074073,query_1,['WP:000000']
GO:MF,GO:0035325,Toll-like receptor binding,0.0001682592924539436,True,"""Binding to a Toll-like protein, a pattern recognition receptor that binds pattern motifs from a variety of microbial sources to initiate an innate immune response."" [PMID:19076341]",13,490,6,20208,0.012244897959183673,0.46153846153846156,query_1,['GO:0005102']
GO:MF,GO:0070123,"transforming growth factor beta receptor activity, type III",0.0001682592924539436,True,"""Combining with transforming growth factor beta to initiate a change in cell activity; facilitates ligand binding to type I and type II TGF-beta receptors."" [GOC:BHF, GOC:mah, PMID:9759503]",13,490,6,20208,0.012244897959183673,0.46153846153846156,query_1,['GO:0005024']
GO:BP,GO:0097048,dendritic cell apoptotic process,0.00016904734967210767,True,"""Any apoptotic process in a dendritic cell, a cell of hematopoietic origin, typically resident in particular tissues, specialized in the uptake, processing, and transport of antigens to lymph nodes for the purpose of stimulating an immune response via T cell activation."" [CL:0000451, GOC:BHF, GOC:mtg_apoptosis, PMID:15059845]",11,492,6,20972,0.012195121951219513,0.5454545454545454,query_1,['GO:0071887']
GO:BP,GO:2000668,regulation of dendritic cell apoptotic process,0.00016904734967210767,True,"""Any process that modulates the frequency, rate or extent of dendritic cell apoptotic process."" [GOC:mtg_apoptosis, GOC:obol]",11,492,6,20972,0.012195121951219513,0.5454545454545454,query_1,"['GO:0097048', 'GO:2000106']"
GO:BP,GO:0002423,natural killer cell mediated immune response to tumor cell,0.00016904734967210767,True,"""An immune response mediated by a natural killer cell triggered in response to the presence of a tumor cell."" [GOC:add, ISBN:0781735149, PMID:16730260]",11,492,6,20972,0.012195121951219513,0.5454545454545454,query_1,"['GO:0002228', 'GO:0002418']"
GO:BP,GO:2000508,regulation of dendritic cell chemotaxis,0.00016904734967210767,True,"""Any process that modulates the frequency, rate or extent of dendritic cell chemotaxis."" [GOC:obol]",11,492,6,20972,0.012195121951219513,0.5454545454545454,query_1,"['GO:0002407', 'GO:0002688', 'GO:0071675']"
GO:BP,GO:0050803,regulation of synapse structure or activity,0.00017091407704769094,True,"""Any process that modulates the physical form or the activity of a synapse, the junction between a neuron and a target (neuron, muscle, or secretory cell)."" [GOC:ai]",305,492,25,20972,0.0508130081300813,0.08196721311475409,query_1,['GO:0065008']
WP,WP:WP2572,Primary focal segmental glomerulosclerosis FSGS ,0.00017400362556289315,True,Primary focal segmental glomerulosclerosis FSGS ,72,410,15,8899,0.036585365853658534,0.20833333333333334,query_1,['WP:000000']
GO:BP,GO:0034205,amyloid-beta formation,0.00017604636777461484,True,"""The generation of amyloid-beta by cleavage of the amyloid precursor protein (APP)."" [GOC:mah]",45,492,10,20972,0.02032520325203252,0.2222222222222222,query_1,"['GO:0042987', 'GO:0050435']"
GO:BP,GO:0006953,acute-phase response,0.00017604636777461484,True,"""An acute inflammatory response that involves non-antibody proteins whose concentrations in the plasma increase in response to infection or injury of homeothermic animals."" [ISBN:0198506732]",45,492,10,20972,0.02032520325203252,0.2222222222222222,query_1,['GO:0002526']
GO:BP,GO:0031638,zymogen activation,0.00017604636777461484,True,"""The proteolytic processing of an inactive enzyme to an active form."" [GOC:hjd]",45,492,10,20972,0.02032520325203252,0.2222222222222222,query_1,['GO:0016485']
HP,HP:0002239,Gastrointestinal hemorrhage,0.0001806309953192694,True,Hemorrhage affecting the gastrointestinal tract.,168,204,23,5200,0.11274509803921569,0.13690476190476192,query_1,"['HP:0011029', 'HP:0012719']"
REAC,REAC:R-HSA-8957275,Post-translational protein phosphorylation,0.00018235777141854565,True,Post-translational protein phosphorylation,107,456,18,11056,0.039473684210526314,0.16822429906542055,query_1,['REAC:R-HSA-597592']
TF,TF:M11390,Factor: Erg; motif: NACAGGAARTN,0.00018721321196290378,True,Factor: Erg; motif: NACAGGAARTN,2928,497,117,20093,0.23541247484909456,0.039959016393442626,query_1,['TF:M00000']
GO:BP,GO:0022411,cellular component disassembly,0.00018791348117833557,True,"""A cellular process that results in the breakdown of a cellular component."" [GOC:isa_complete]",444,492,31,20972,0.06300813008130081,0.06981981981981981,query_1,['GO:0016043']
GO:BP,GO:0008625,extrinsic apoptotic signaling pathway via death domain receptors,0.0001910306592397992,True,"""The series of molecular signals in which a signal is conveyed from the cell surface to trigger the apoptotic death of a cell. The pathway starts with a ligand binding to a death domain receptor on the cell surface, and ends when the execution phase of apoptosis is triggered."" [GOC:mah, GOC:mtg_apoptosis]",84,492,13,20972,0.026422764227642278,0.15476190476190477,query_1,['GO:0097191']
GO:CC,GO:0045178,basal part of cell,0.00019111253553519741,True,"""The region of a cell situated near the base. For example, in a polarized epithelial cell, the basal surface rests on the basal lamina that separates the epithelium from other tissue."" [GOC:mah, ISBN:0815316194]",309,497,23,22155,0.04627766599597585,0.0744336569579288,query_1,['GO:0110165']
GO:MF,GO:0140678,molecular function inhibitor activity,0.00019414247652186557,True,"""A molecular function regulator that inhibits or decreases the activity of its target via non-covalent binding that does not result in covalent modification to the target."" [GOC:curators]",559,490,35,20208,0.07142857142857142,0.0626118067978533,query_1,['GO:0098772']
KEGG,KEGG:05135,Yersinia infection,0.0001960822221173171,True,Yersinia infection,136,416,21,8716,0.05048076923076923,0.15441176470588236,query_1,['KEGG:00000']
GO:CC,GO:0030136,clathrin-coated vesicle,0.0001997284706185687,True,"""A vesicle with a coat formed of clathrin connected to the membrane via one of the clathrin adaptor complexes."" [GOC:mah, PMID:11252894]",220,497,19,22155,0.03822937625754527,0.08636363636363636,query_1,['GO:0030135']
HP,HP:0001977,Abnormal thrombosis,0.00020252116497480847,True,Venous or arterial thrombosis (formation of blood clots) of spontaneous nature and which cannot be fully explained by acquired risk (e.g. atherosclerosis).,210,204,26,5200,0.12745098039215685,0.12380952380952381,query_1,['HP:0001871']
GO:BP,GO:0032743,positive regulation of interleukin-2 production,0.00020531329675033022,True,"""Any process that activates or increases the frequency, rate, or extent of interleukin-2 production."" [GOC:mah]",35,492,9,20972,0.018292682926829267,0.2571428571428571,query_1,"['GO:0001819', 'GO:0032623', 'GO:0032663']"
GO:BP,GO:0043372,"positive regulation of CD4-positive, alpha-beta T cell differentiation",0.00020531329675033022,True,"""Any process that activates or increases the frequency, rate or extent of CD4-positive, alpha-beta T cell differentiation."" [GOC:add, GOC:pr, ISBN:0781735149]",35,492,9,20972,0.018292682926829267,0.2571428571428571,query_1,"['GO:0043367', 'GO:0043370', 'GO:0046638', 'GO:2000516']"
GO:BP,GO:1901654,response to ketone,0.0002141435481091037,True,"""A response that results in a state of tolerance to ketone."" [GOC:mengo_curators, PMID:23356676]",205,492,20,20972,0.04065040650406504,0.0975609756097561,query_1,['GO:1901700']
GO:BP,GO:0001763,morphogenesis of a branching structure,0.0002141435481091037,True,"""The process in which the anatomical structures of branches are generated and organized. A branch is a division or offshoot from a main stem. Examples in animals would include blood vessels, nerves, lymphatics and other endothelial or epithelial tubes."" [ISBN:0721662544]",205,492,20,20972,0.04065040650406504,0.0975609756097561,query_1,"['GO:0009653', 'GO:0032501']"
GO:BP,GO:0043270,positive regulation of monoatomic ion transport,0.00021732558180306776,True,"""Any process that activates or increases the frequency, rate or extent of the directed movement of charged atoms or small charged molecules into, out of or within a cell, or between cells, by means of some agent such as a transporter or pore."" [GOC:jl]",186,492,19,20972,0.03861788617886179,0.10215053763440861,query_1,"['GO:0006811', 'GO:0043269', 'GO:0051050']"
REAC,REAC:R-HSA-3000480,Scavenging by Class A Receptors,0.00021905126395856985,True,Scavenging by Class A Receptors,19,456,8,11056,0.017543859649122806,0.42105263157894735,query_1,['REAC:R-HSA-2173782']
GO:BP,GO:0034446,substrate adhesion-dependent cell spreading,0.00022234688844449847,True,"""The morphogenetic process that results in flattening of a cell as a consequence of its adhesion to a substrate."" [GOC:mah, GOC:pf, PMID:17050732]",100,492,14,20972,0.028455284552845527,0.14,query_1,['GO:0031589']
WP,WP:WP247,Small ligand GPCRs,0.0002223603995811035,True,Small ligand GPCRs,19,410,8,8899,0.01951219512195122,0.42105263157894735,query_1,['WP:000000']
GO:BP,GO:1901699,cellular response to nitrogen compound,0.00022711742295008483,True,"""Any process that results in a change in state or activity of a cell (in terms of movement, secretion, enzyme production, gene expression, etc.) as a result of a nitrogen compound stimulus."" [GOC:pr, GOC:TermGenie]",676,492,40,20972,0.08130081300813008,0.05917159763313609,query_1,"['GO:0070887', 'GO:1901698']"
HP,HP:0031404,Impaired antigen-specific response,0.00022726699562124826,True,"An impaired immune response mediated by cells expressing specific receptors for antigen produced through a somatic diversification process, and allowing for an enhanced secondary response to subsequent exposures to the same antigen (immunological memory).",65,204,14,5200,0.06862745098039216,0.2153846153846154,query_1,['HP:0010978']
GO:BP,GO:0120036,plasma membrane bounded cell projection organization,0.00022873487188487113,True,"""A process that is carried out at the cellular level which results in the assembly, arrangement of constituent parts, or disassembly of a plasma membrane bounded prolongation or process extending from a cell, e.g. a cilium or axon."" [GOC:krc]",1582,492,71,20972,0.1443089430894309,0.04487989886219975,query_1,['GO:0030030']
GO:BP,GO:0010818,T cell chemotaxis,0.00023348212267842983,True,"""The directed movement of a T cell in response to an external stimulus. A T cell is a type of lymphocyte whose defining characteristic is the expression of a T cell receptor complex."" [GOC:dph, GOC:tb]",26,492,8,20972,0.016260162601626018,0.3076923076923077,query_1,"['GO:0048247', 'GO:0072678']"
GO:BP,GO:0002837,regulation of immune response to tumor cell,0.00023348212267842983,True,"""Any process that modulates the frequency, rate, or extent of an immune response to tumor cell."" [GOC:add]",26,492,8,20972,0.016260162601626018,0.3076923076923077,query_1,"['GO:0002418', 'GO:0002834', 'GO:0050776']"
HP,HP:0012575,Abnormal nephron morphology,0.0002346341262983733,True,A structural anomaly of the nephron.,270,204,30,5200,0.14705882352941177,0.1111111111111111,query_1,['HP:0012210']
GO:BP,GO:0072567,chemokine (C-X-C motif) ligand 2 production,0.00023836188014833714,True,"""The appearance of chemokine (C-X-C motif) ligand 2 due to biosynthesis or secretion following a cellular stimulus, resulting in an increase in its intracellular or extracellular levels."" [GOC:BHF, GOC:mah]",18,492,7,20972,0.014227642276422764,0.3888888888888889,query_1,['GO:0032602']
GO:BP,GO:2000341,regulation of chemokine (C-X-C motif) ligand 2 production,0.00023836188014833714,True,"""Any process that modulates the frequency, rate or extent of chemokine (C-X-C motif) ligand 2 production."" [GOC:BHF, GOC:mah]",18,492,7,20972,0.014227642276422764,0.3888888888888889,query_1,"['GO:0032642', 'GO:0072567']"
GO:BP,GO:0033631,cell-cell adhesion mediated by integrin,0.00023836188014833714,True,"""The attachment of one cell to another cell via an integrin, a heterodimeric adhesion receptor formed by the non-covalent association of particular alpha and beta subunits."" [GOC:add, PMID:12213832, PMID:14754902]",18,492,7,20972,0.014227642276422764,0.3888888888888889,query_1,"['GO:0033627', 'GO:0098609']"
GO:CC,GO:0031902,late endosome membrane,0.00024244421370022158,True,"""The lipid bilayer surrounding a late endosome."" [GOC:pz]",181,497,17,22155,0.03420523138832998,0.09392265193370165,query_1,"['GO:0005770', 'GO:0010008']"
GO:CC,GO:0030133,transport vesicle,0.00024714095879494065,True,"""Any of the vesicles of the constitutive secretory pathway, which carry cargo from the endoplasmic reticulum to the Golgi, between Golgi cisternae, from the Golgi to the ER (retrograde transport) or to destinations within or outside the cell."" [GOC:mah, PMID:22160157]",437,497,28,22155,0.056338028169014086,0.06407322654462243,query_1,"['GO:0012505', 'GO:0031410']"
GO:MF,GO:0042609,CD4 receptor binding,0.0002488929818260933,True,"""Binding to a CD4, a receptor found on the surface of T cells, monocytes and macrophages."" [GOC:jl, MSH:D015704]",8,490,5,20208,0.01020408163265306,0.625,query_1,['GO:0005102']
GO:BP,GO:0010975,regulation of neuron projection development,0.0002537152762301252,True,"""Any process that modulates the rate, frequency or extent of neuron projection development. Neuron projection development is the process whose specific outcome is the progression of a neuron projection over time, from its formation to the mature structure. A neuron projection is any process extending from a neural cell, such as axons or dendrites (collectively called neurites)."" [GOC:dph, GOC:tb]",426,492,30,20972,0.06097560975609756,0.07042253521126761,query_1,"['GO:0031175', 'GO:0120035']"
HP,HP:0002638,Superficial thrombophlebitis,0.00025459918361276935,True,Inflammation of a superficial vein associated with venous thrombosis (blood clot formation within the vein).,18,204,8,5200,0.0392156862745098,0.4444444444444444,query_1,['HP:0004418']
HP,HP:0002354,Memory impairment,0.0002568521994370058,True,"An impairment of memory as manifested by a reduced ability to remember things such as dates and names, and increased forgetfulness.",158,204,22,5200,0.10784313725490197,0.13924050632911392,query_1,['HP:0100543']
GO:BP,GO:0002474,antigen processing and presentation of peptide antigen via MHC class I,0.00026810096138681256,True,"""The process in which an antigen-presenting cell expresses a peptide antigen on its cell surface in association with an MHC class I protein complex. Class I here refers to classical class I molecules."" [GOC:add, ISBN:0781735149, PMID:15224092, PMID:15771591]",36,492,9,20972,0.018292682926829267,0.25,query_1,['GO:0048002']
GO:BP,GO:0034694,response to prostaglandin,0.00026810096138681256,True,"""Any process that results in a change in state or activity of a cell or an organism (in terms of movement, secretion, enzyme production, gene expression, etc.) as a result of a prostagladin stimulus."" [GOC:BHF, GOC:vk]",36,492,9,20972,0.018292682926829267,0.25,query_1,"['GO:0009725', 'GO:0033993']"
GO:BP,GO:0010934,macrophage cytokine production,0.00026810096138681256,True,"""The appearance of a macrophage cytokine due to biosynthesis or secretion following a cellular stimulus, resulting in an increase in its intracellular or extracellular levels."" [GOC:BHF, GOC:dph, GOC:rl, GOC:tb]",36,492,9,20972,0.018292682926829267,0.25,query_1,['GO:0061082']
GO:BP,GO:0010935,regulation of macrophage cytokine production,0.00026810096138681256,True,"""Any process that modulates the rate, frequency or extent of macrophage cytokine production. Macrophage cytokine production is the appearance of a chemokine due to biosynthesis or secretion following a cellular stimulus, resulting in an increase in its intracellular or extracellular levels."" [GOC:BHF, GOC:rl]",36,492,9,20972,0.018292682926829267,0.25,query_1,"['GO:0002718', 'GO:0010934']"
GO:BP,GO:0002381,immunoglobulin production involved in immunoglobulin-mediated immune response,0.00026837036586433924,True,"""The appearance of immunoglobulin due to biosynthesis or secretion following a cellular stimulus during an immune response, resulting in an increase in its intracellular or extracellular levels."" [GOC:add, ISBN:0781735149, PMID:9185563]",59,492,11,20972,0.022357723577235773,0.1864406779661017,query_1,"['GO:0002377', 'GO:0016064']"
GO:BP,GO:0003018,vascular process in circulatory system,0.0002864893750734817,True,"""A circulatory process that occurs at the level of the vasculature."" [GOC:mtg_cardio]",270,492,23,20972,0.046747967479674794,0.08518518518518518,query_1,['GO:0003013']
HPA,HPA:0640691,Endometrium; smooth muscle cells[≥Low],0.0002928923861245314,True,Endometrium; smooth muscle cells[≥Low],65,355,12,11007,0.03380281690140845,0.18461538461538463,query_1,['HPA:0640000']
GO:BP,GO:0019725,cellular homeostasis,0.0003122993581078938,True,"""Any process involved in the maintenance of an internal steady state at the level of the cell."" [GOC:isa_complete, GOC:jl, ISBN:0395825172]",738,492,42,20972,0.08536585365853659,0.056910569105691054,query_1,['GO:0042592']
GO:BP,GO:0032731,positive regulation of interleukin-1 beta production,0.00032174328732293225,True,"""Any process that activates or increases the frequency, rate, or extent of interleukin-1 beta production."" [GOC:mah]",60,492,11,20972,0.022357723577235773,0.18333333333333332,query_1,"['GO:0032611', 'GO:0032651', 'GO:0032732']"
KEGG,KEGG:04668,TNF signaling pathway,0.0003246160595949615,True,TNF signaling pathway,118,416,19,8716,0.04567307692307692,0.16101694915254236,query_1,['KEGG:00000']
GO:BP,GO:0045639,positive regulation of myeloid cell differentiation,0.00032473005794863533,True,"""Any process that activates or increases the frequency, rate or extent of myeloid cell differentiation."" [GOC:go_curators]",103,492,14,20972,0.028455284552845527,0.13592233009708737,query_1,"['GO:0030099', 'GO:0045597', 'GO:0045637']"
GO:BP,GO:0042730,fibrinolysis,0.0003250092365471627,True,"""A process that solubilizes fibrin in the bloodstream of a multicellular organism, chiefly by the proteolytic action of plasmin."" [GOC:jl, PMID:15842654]",27,492,8,20972,0.016260162601626018,0.2962962962962963,query_1,['GO:0030195']
GO:BP,GO:0002834,regulation of response to tumor cell,0.0003250092365471627,True,"""Any process that modulates the frequency, rate, or extent of a response to tumor cell."" [GOC:add]",27,492,8,20972,0.016260162601626018,0.2962962962962963,query_1,"['GO:0002347', 'GO:0002831']"
GO:BP,GO:0090322,regulation of superoxide metabolic process,0.0003250092365471627,True,"""Any process that modulates the rate, frequency, or extent of superoxide metabolism, the chemical reactions and pathways involving superoxide, the superoxide anion O2- (superoxide free radical), or any compound containing this species."" [GOC:tb]",27,492,8,20972,0.016260162601626018,0.2962962962962963,query_1,"['GO:0006801', 'GO:2000377']"
GO:BP,GO:0051961,negative regulation of nervous system development,0.0003253347269603275,True,"""Any process that stops, prevents, or reduces the frequency, rate or extent of nervous system development, the origin and formation of nervous tissue."" [GOC:ai]",136,492,16,20972,0.032520325203252036,0.11764705882352941,query_1,"['GO:0007399', 'GO:0051093', 'GO:0051241', 'GO:0051960']"
GO:BP,GO:0061138,morphogenesis of a branching epithelium,0.0003313459947813137,True,"""The process in which the anatomical structures of a branched epithelium are generated and organized."" [GOC:dph]",191,492,19,20972,0.03861788617886179,0.09947643979057591,query_1,"['GO:0001763', 'GO:0002009']"
GO:BP,GO:2001198,regulation of dendritic cell differentiation,0.00033139002897540794,True,"""Any process that modulates the frequency, rate or extent of dendritic cell differentiation."" [GOC:obol]",12,492,6,20972,0.012195121951219513,0.5,query_1,"['GO:0097028', 'GO:1902105']"
GO:BP,GO:0001938,positive regulation of endothelial cell proliferation,0.000336531360167083,True,"""Any process that activates or increases the rate or extent of endothelial cell proliferation."" [GOC:add]",88,492,13,20972,0.026422764227642278,0.14772727272727273,query_1,"['GO:0001935', 'GO:0001936', 'GO:0050679']"
GO:BP,GO:0061082,myeloid leukocyte cytokine production,0.0003388888535682615,True,"""Any process that contributes to cytokine production by a myeloid cell."" [GOC:dph]",48,492,10,20972,0.02032520325203252,0.20833333333333334,query_1,['GO:0002367']
GO:BP,GO:0061383,trabecula morphogenesis,0.0003388888535682615,True,"""The process of shaping a trabecula in an organ. A trabecula is a small, often microscopic, tissue element in the form of a small beam, strut or rod, which generally has a mechanical function. Trabecula are usually but not necessarily, composed of dense collagenous tissue."" [GOC:dph]",48,492,10,20972,0.02032520325203252,0.20833333333333334,query_1,['GO:0009653']
GO:BP,GO:0010573,vascular endothelial growth factor production,0.0003469655619605993,True,"""The appearance of vascular endothelial growth factor production due to biosynthesis or secretion following a cellular stimulus, resulting in an increase in its intracellular or extracellular levels."" [GOC:rl]",37,492,9,20972,0.018292682926829267,0.24324324324324326,query_1,['GO:0001816']
GO:BP,GO:2000515,"negative regulation of CD4-positive, alpha-beta T cell activation",0.0003469655619605993,True,"""Any process that stops, prevents or reduces the frequency, rate or extent of CD4-positive, alpha-beta T cell activation."" [GOC:obol]",37,492,9,20972,0.018292682926829267,0.24324324324324326,query_1,"['GO:0035710', 'GO:0046636', 'GO:2000514']"
GO:BP,GO:0010757,negative regulation of plasminogen activation,0.0003516947728684692,True,"""Any process that decreases the rate, frequency or extent of plasminogen activation. Plasminogen activation is the process in which plasminogen is processed to plasmin."" [GOC:BHF, GOC:dph, GOC:tb]",7,492,5,20972,0.01016260162601626,0.7142857142857143,query_1,"['GO:0010755', 'GO:0010955', 'GO:0031639']"
GO:BP,GO:0070339,response to bacterial lipopeptide,0.0003516947728684692,True,"""Any process that results in a change in state or activity of an organism (in terms of movement, secretion, enzyme production, gene expression, etc.) as a result of a bacterial lipopeptide stimulus."" [GOC:add, PMID:12077222]",7,492,5,20972,0.01016260162601626,0.7142857142857143,query_1,['GO:0032493']
GO:BP,GO:0071220,cellular response to bacterial lipoprotein,0.0003516947728684692,True,"""Any process that results in a change in state or activity of a cell (in terms of movement, secretion, enzyme production, gene expression, etc.) as a result of a bacterial lipoprotein stimulus."" [GOC:mah]",7,492,5,20972,0.01016260162601626,0.7142857142857143,query_1,"['GO:0032493', 'GO:0071219']"
GO:BP,GO:0071221,cellular response to bacterial lipopeptide,0.0003516947728684692,True,"""Any process that results in a change in state or activity of a cell (in terms of movement, secretion, enzyme production, gene expression, etc.) as a result of a bacterial lipopeptide stimulus."" [GOC:mah]",7,492,5,20972,0.01016260162601626,0.7142857142857143,query_1,"['GO:0070339', 'GO:0071220']"
REAC,REAC:R-HSA-202430,Translocation of ZAP-70 to Immunological synapse,0.00035198414305483676,True,Translocation of ZAP-70 to Immunological synapse,20,456,8,11056,0.017543859649122806,0.4,query_1,['REAC:R-HSA-202403']
GO:BP,GO:0001952,regulation of cell-matrix adhesion,0.00035910668788500475,True,"""Any process that modulates the frequency, rate or extent of attachment of a cell to the extracellular matrix."" [GOC:hjd]",120,492,15,20972,0.03048780487804878,0.125,query_1,"['GO:0007160', 'GO:0010810']"
HP,HP:0100653,Optic neuritis,0.0003642421566256303,True,Inflammation of the optic nerve.,25,204,9,5200,0.04411764705882353,0.36,query_1,"['HP:0000587', 'HP:0033429']"
GO:BP,GO:0002693,positive regulation of cellular extravasation,0.0003697913536199994,True,"""Any process that activates or increases the frequency, rate, or extent of cellular extravasation."" [GOC:add]",19,492,7,20972,0.014227642276422764,0.3684210526315789,query_1,"['GO:0002687', 'GO:0002691', 'GO:0045123']"
GO:BP,GO:0032928,regulation of superoxide anion generation,0.0003697913536199994,True,"""Any process that modulates the frequency, rate or extent of enzymatic generation of superoxide by a cell."" [GOC:mah]",19,492,7,20972,0.014227642276422764,0.3684210526315789,query_1,"['GO:0042554', 'GO:0090322']"
GO:BP,GO:0051132,NK T cell activation,0.0003697913536199994,True,"""The change in morphology and behavior of a mature or immature natural killer T cell resulting from exposure to a mitogen, cytokine, chemokine, cellular ligand, or an antigen for which it is specific."" [ISBN:0781735149, PMID:12154375, PMID:9133426]",19,492,7,20972,0.014227642276422764,0.3684210526315789,query_1,['GO:0046631']
GO:BP,GO:0030307,positive regulation of cell growth,0.00037138397896989476,True,"""Any process that activates or increases the frequency, rate, extent or direction of cell growth."" [GOC:go_curators]",155,492,17,20972,0.034552845528455285,0.10967741935483871,query_1,"['GO:0001558', 'GO:0016049', 'GO:0045927', 'GO:0048522']"
GO:BP,GO:0048667,cell morphogenesis involved in neuron differentiation,0.000380013797134483,True,"""The process in which the structures of a neuron are generated and organized. This process occurs while the initially relatively unspecialized cell is acquiring the specialized features of a neuron."" [GOC:dph, GOC:tb]",584,492,36,20972,0.07317073170731707,0.06164383561643835,query_1,"['GO:0000902', 'GO:0048666']"
REAC,REAC:R-HSA-1236974,ER-Phagosome pathway,0.00038102305426390844,True,ER-Phagosome pathway,90,456,16,11056,0.03508771929824561,0.17777777777777778,query_1,['REAC:R-HSA-1236975']
GO:BP,GO:0090303,positive regulation of wound healing,0.00038431762693581355,True,"""Any process that increases the rate, frequency, or extent of the series of events that restore integrity to a damaged tissue, following an injury."" [GOC:BHF]",61,492,11,20972,0.022357723577235773,0.18032786885245902,query_1,"['GO:0042060', 'GO:0061041', 'GO:1903036']"
GO:BP,GO:0002763,positive regulation of myeloid leukocyte differentiation,0.00038431762693581355,True,"""Any process that activates or increases the frequency, rate, or extent of myeloid leukocyte differentiation."" [GOC:add]",61,492,11,20972,0.022357723577235773,0.18032786885245902,query_1,"['GO:0002573', 'GO:0002761', 'GO:0045639', 'GO:1902107']"
GO:BP,GO:0050830,defense response to Gram-positive bacterium,0.0004012252023321021,True,"""Reactions triggered in response to the presence of a Gram-positive bacterium that act to protect the cell or organism."" [GOC:ai]",121,492,15,20972,0.03048780487804878,0.12396694214876033,query_1,['GO:0042742']
TF,TF:M00339,Factor: c-Ets-1; motif: RCAGGAAGTGNNTNS,0.000402501911753949,True,Factor: c-Ets-1; motif: RCAGGAAGTGNNTNS,7040,497,230,20093,0.46277665995975853,0.032670454545454544,query_1,['TF:M00000']
GO:CC,GO:0098637,protein complex involved in cell-matrix adhesion,0.00040534850915210555,True,"""Any protein complex that is capable of carrying out some part of the process of cell-matrix adhesion."" [GOC:dos]",17,497,6,22155,0.012072434607645875,0.35294117647058826,query_1,['GO:0098636']
HP,HP:0005764,Polyarticular arthritis,0.00041173639339759917,True,Polyarticular arthritis,49,204,12,5200,0.058823529411764705,0.24489795918367346,query_1,['HP:0005195']
HP,HP:0020100,Unusual fungal infection,0.0004145454941249132,True,An unusual fungal infection that is regarded as a sign of a pathological susceptibility to infection by a fungal agent.,124,204,19,5200,0.09313725490196079,0.1532258064516129,query_1,['HP:0032101']
GO:BP,GO:0031346,positive regulation of cell projection organization,0.00041697949239425085,True,"""Any process that activates or increases the frequency, rate or extent of the process involved in the formation, arrangement of constituent parts, or disassembly of cell projections."" [GOC:mah]",342,492,26,20972,0.052845528455284556,0.07602339181286549,query_1,"['GO:0030030', 'GO:0031344', 'GO:0051130']"
GO:BP,GO:0007254,JNK cascade,0.00042380667729617464,True,"""A MAPK cascade containing at least the JNK (MAPK8) MAP kinase. It starts with the activation of JUN3K (a MAPK3K), which activates JNKK a MAP2K), which in turn activates JNK. The cascade can also contain an additional tier: the upstream MAP4K. The kinases in each tier phosphorylate and activate the kinases in the downstream tier. The JNK cascade is activated by stress signals, as well as by G protein-coupled receptors, growth factors, and cytokines, and results in cellular responses such as cell proliferation, cell differentiation, apoptosis and inflammation."" [PMID:11790549, PMID:20811974, PMID:23125017]",194,492,19,20972,0.03861788617886179,0.0979381443298969,query_1,['GO:0000165']
HP,HP:0012122,Anterior uveitis,0.00042504603786951275,True,Inflammation of the uveal tract in which the primary site of inflammation is the anterior chamber.,19,204,8,5200,0.0392156862745098,0.42105263157894735,query_1,['HP:0000554']
WP,WP:WP3929,Chemokine signaling,0.0004359143344218438,True,Chemokine signaling,165,410,23,8899,0.05609756097560976,0.1393939393939394,query_1,['WP:000000']
GO:BP,GO:0008015,blood circulation,0.0004412240975359585,True,"""The flow of blood through the body of an animal, enabling the transport of nutrients to the tissues and the removal of waste products."" [GOC:mtg_heart, ISBN:0192800825]",511,492,33,20972,0.06707317073170732,0.06457925636007827,query_1,['GO:0003013']
GO:BP,GO:0018108,peptidyl-tyrosine phosphorylation,0.00044145605482664085,True,"""The phosphorylation of peptidyl-tyrosine to form peptidyl-O4'-phospho-L-tyrosine."" [RESID:AA0039]",139,492,16,20972,0.032520325203252036,0.11510791366906475,query_1,"['GO:0006468', 'GO:0018212']"
GO:BP,GO:0046328,regulation of JNK cascade,0.00044145605482664085,True,"""Any process that modulates the frequency, rate or extent of signal transduction mediated by the JNK cascade."" [GOC:bf]",139,492,16,20972,0.032520325203252036,0.11510791366906475,query_1,"['GO:0007254', 'GO:0043408']"
GO:BP,GO:0010742,macrophage derived foam cell differentiation,0.00044526446085882876,True,"""The process in which a monocyte acquires the specialized features of a foam cell. A foam cell is a type of cell containing lipids in small vacuoles and typically seen in atherosclerotic lesions, as well as other conditions."" [GOC:add, GOC:dph, GOC:tb]",38,492,9,20972,0.018292682926829267,0.23684210526315788,query_1,['GO:0090077']
GO:BP,GO:0090077,foam cell differentiation,0.00044526446085882876,True,"""The process in which a relatively unspecialized cell acquires the specialized features of a foam cell. A foam cell is a type of cell containing lipids in small vacuoles and typically seen in atherosclerotic lesions, as well as other conditions."" [GOC:add, GOC:BHF, GOC:dph, GOC:tb]",38,492,9,20972,0.018292682926829267,0.23684210526315788,query_1,['GO:0030154']
GO:BP,GO:0034695,response to prostaglandin E,0.000445715561387078,True,"""Any process that results in a change in state or activity of a cell or an organism (in terms of movement, secretion, enzyme production, gene expression, etc.) as a result of a prostagladin E stimulus."" [GOC:BHF, GOC:vk]",28,492,8,20972,0.016260162601626018,0.2857142857142857,query_1,"['GO:0034694', 'GO:0097305', 'GO:1901654']"
GO:BP,GO:1900746,regulation of vascular endothelial growth factor signaling pathway,0.000445715561387078,True,"""Any process that modulates the frequency, rate or extent of vascular endothelial growth factor signaling pathway."" [GOC:TermGenie]",28,492,8,20972,0.016260162601626018,0.2857142857142857,query_1,"['GO:0009966', 'GO:0038084', 'GO:1902547']"
GO:CC,GO:0000139,Golgi membrane,0.0004812744783556469,True,"""The lipid bilayer surrounding any of the compartments of the Golgi apparatus."" [GOC:mah]",700,497,37,22155,0.0744466800804829,0.05285714285714286,query_1,"['GO:0005794', 'GO:0098588']"
GO:BP,GO:0048858,cell projection morphogenesis,0.00048607194765731235,True,"""The process in which the anatomical structures of a cell projection are generated and organized."" [GO_REF:0000021]",669,492,39,20972,0.07926829268292683,0.05829596412556054,query_1,"['GO:0000902', 'GO:0009653', 'GO:0030030']"
HP,HP:0003453,Antineutrophil antibody positivity,0.00048792165535082655,True,The presence of autoantibodies in the serum that react against neutrophils.,59,204,13,5200,0.06372549019607843,0.22033898305084745,query_1,['HP:0030057']
GO:BP,GO:0007507,heart development,0.0005080455962509804,True,"""The process whose specific outcome is the progression of the heart over time, from its formation to the mature structure. The heart is a hollow, muscular organ, which, by contracting rhythmically, keeps up the circulation of the blood."" [GOC:jid, UBERON:0000948]",591,492,36,20972,0.07317073170731707,0.06091370558375635,query_1,"['GO:0048513', 'GO:0072359']"
WP,WP:WP4541,Hippo Merlin signaling dysregulation,0.0005111175694825341,True,Hippo Merlin signaling dysregulation,120,410,19,8899,0.046341463414634146,0.15833333333333333,query_1,['WP:000000']
GO:BP,GO:0022612,gland morphogenesis,0.0005268939580284147,True,"""The process in which the anatomical structures of a gland are generated and organized."" [GOC:isa_complete]",107,492,14,20972,0.028455284552845527,0.1308411214953271,query_1,"['GO:0009887', 'GO:0048732']"
GO:BP,GO:0070555,response to interleukin-1,0.0005268939580284147,True,"""Any process that results in a change in state or activity of a cell or an organism (in terms of movement, secretion, enzyme production, gene expression, etc.) as a result of an interleukin-1 stimulus."" [GOC:BHF, GOC:mah]",107,492,14,20972,0.028455284552845527,0.1308411214953271,query_1,['GO:0034097']
HP,HP:0004418,Thrombophlebitis,0.0005383011755926374,True,Inflammation of a vein associated with venous thrombosis (blood clot formation within the vein).,26,204,9,5200,0.04411764705882353,0.34615384615384615,query_1,['HP:0004936']
GO:BP,GO:0018212,peptidyl-tyrosine modification,0.0005385601947730011,True,"""The modification of peptidyl-tyrosine."" [GOC:go_curators]",141,492,16,20972,0.032520325203252036,0.11347517730496454,query_1,['GO:0018193']
KEGG,KEGG:05143,African trypanosomiasis,0.000544705583248048,True,African trypanosomiasis,36,416,10,8716,0.02403846153846154,0.2777777777777778,query_1,['KEGG:00000']
GO:MF,GO:0038036,sphingosine-1-phosphate receptor activity,0.0005488243346119876,True,"""Combining with the sphingolipid sphingosine-1-phosphate (S1P), and transmitting the signal across the membrane by activating an associated G-protein."" [GOC:bf, PMID:12728273, Wikipedia:S1PR1]",9,490,5,20208,0.01020408163265306,0.5555555555555556,query_1,['GO:0045125']
GO:BP,GO:0002761,regulation of myeloid leukocyte differentiation,0.000555776569205692,True,"""Any process that modulates the frequency, rate, or extent of myeloid leukocyte differentiation."" [GOC:add]",124,492,15,20972,0.03048780487804878,0.12096774193548387,query_1,"['GO:0002573', 'GO:0045637', 'GO:1902105']"
GO:BP,GO:2001185,"regulation of CD8-positive, alpha-beta T cell activation",0.0005574342863277912,True,"""Any process that modulates the frequency, rate or extent of CD8-positive, alpha-beta T cell activation."" [GOC:obol]",20,492,7,20972,0.014227642276422764,0.35,query_1,"['GO:0036037', 'GO:0046634']"
GO:BP,GO:2001044,regulation of integrin-mediated signaling pathway,0.0005574342863277912,True,"""Any process that modulates the frequency, rate or extent of integrin-mediated signaling pathway."" [GOC:obol]",20,492,7,20972,0.014227642276422764,0.35,query_1,"['GO:0007229', 'GO:0009966']"
GO:BP,GO:0090026,positive regulation of monocyte chemotaxis,0.0005574342863277912,True,"""Any process that increases the frequency, rate, or extent of monocyte chemotaxis."" [GOC:dph, GOC:tb]",20,492,7,20972,0.014227642276422764,0.35,query_1,"['GO:0002548', 'GO:0002690', 'GO:0071677', 'GO:0090025']"
GO:BP,GO:0002643,regulation of tolerance induction,0.0005574342863277912,True,"""Any process that modulates the frequency, rate, or extent of tolerance induction."" [GOC:add]",20,492,7,20972,0.014227642276422764,0.35,query_1,"['GO:0002507', 'GO:0002682']"
TF,TF:M12556,Factor: ETV4; motif: NCAGGAAGNN,0.0005664298433412496,True,Factor: ETV4; motif: NCAGGAAGNN,11126,497,331,20093,0.6659959758551308,0.02975013481934208,query_1,['TF:M00000']
GO:BP,GO:0002335,mature B cell differentiation,0.0005669035960646703,True,"""The process in which transitional stage B cells acquire the specialized features of mature B cells in the spleen."" [GOC:jal, ISBN:0781735149]",39,492,9,20972,0.018292682926829267,0.23076923076923078,query_1,['GO:0030183']
GO:MF,GO:0005509,calcium ion binding,0.000570200158858649,True,"""Binding to a calcium ion (Ca2+)."" [GOC:ai]",718,490,40,20208,0.08163265306122448,0.055710306406685235,query_1,['GO:0046872']
WP,WP:WP5130,Th17 cell differentiation pathway,0.0005723187752452947,True,Th17 cell differentiation pathway,69,410,14,8899,0.03414634146341464,0.2028985507246377,query_1,['WP:000000']
GO:MF,GO:0001786,phosphatidylserine binding,0.0005728398744949628,True,"""Binding to phosphatidylserine, a class of glycophospholipids in which a phosphatidyl group is esterified to the hydroxyl group of L-serine."" [ISBN:0198506732, PMID:12000961]",57,490,10,20208,0.02040816326530612,0.17543859649122806,query_1,"['GO:0005543', 'GO:0043168', 'GO:0072341']"
HP,HP:0001939,Abnormality of metabolism/homeostasis,0.0005878663319194198,True,Abnormality of metabolism/homeostasis,2763,204,143,5200,0.7009803921568627,0.05175533840028954,query_1,['HP:0000118']
HP,HP:0012614,Abnormal urine cytology,0.0005960515903302247,True,An anomalous finding in the examination of the urine for cells.,193,204,24,5200,0.11764705882352941,0.12435233160621761,query_1,['HP:0003110']
HP,HP:0000790,Hematuria,0.0005960515903302247,True,The presence of blood in the urine. Hematuria may be gross hematuria (visible to the naked eye) or microscopic hematuria (detected by dipstick or microscopic examination of the urine).,193,204,24,5200,0.11764705882352941,0.12435233160621761,query_1,"['HP:0012211', 'HP:0012614']"
GO:BP,GO:1903054,negative regulation of extracellular matrix organization,0.0006032387761991616,True,"""Any process that stops, prevents or reduces the frequency, rate or extent of extracellular matrix organization."" [GO_REF:0000058, GOC:BHF, GOC:rl, GOC:TermGenie, PMID:22357537]",13,492,6,20972,0.012195121951219513,0.46153846153846156,query_1,"['GO:0030198', 'GO:0051129', 'GO:1903053']"
HPA,HPA:0310442,Lymph node; non-germinal center cells[≥Medium],0.0006074116938609726,True,Lymph node; non-germinal center cells[≥Medium],3988,355,171,11007,0.48169014084507045,0.04287863590772317,query_1,['HPA:0310441']
KEGG,KEGG:03267,Virion - Adenovirus,0.0006093160968180433,True,Virion - Adenovirus,4,416,4,8716,0.009615384615384616,1.0,query_1,['KEGG:00000']
HPA,HPA:0641471,Endometrium; lymphocytes[≥Low],0.0006163796694204174,True,Endometrium; lymphocytes[≥Low],28,355,8,11007,0.022535211267605635,0.2857142857142857,query_1,['HPA:0640000']
HPA,HPA:0640202,Endometrium; endothelial cells[≥Medium],0.0006182461881283399,True,Endometrium; endothelial cells[≥Medium],47,355,10,11007,0.028169014084507043,0.2127659574468085,query_1,['HPA:0640201']
GO:BP,GO:0032147,activation of protein kinase activity,0.0006216118268203667,True,"""Any process that initiates the activity of an inactive protein kinase."" [GOC:mah]",51,492,10,20972,0.02032520325203252,0.19607843137254902,query_1,['GO:0045860']
GO:BP,GO:1904951,positive regulation of establishment of protein localization,0.0006263950406360373,True,"""Any process that activates or increases the frequency, rate or extent of establishment of protein localization."" [GO_REF:0000058, GOC:TermGenie, PMID:22761445]",282,492,23,20972,0.046747967479674794,0.08156028368794327,query_1,"['GO:0045184', 'GO:0048518', 'GO:0070201']"
TF,TF:M00772,Factor: IRF; motif: RRAANTGAAASYGNV,0.0006277334304737834,True,Factor: IRF; motif: RRAANTGAAASYGNV,1061,497,55,20093,0.11066398390342053,0.051837888784165884,query_1,['TF:M00000']
HP,HP:0004315,Decreased circulating IgG concentration,0.0006288552297576509,True,An abnormally decreased level of immunoglobulin G (IgG) in blood.,115,204,18,5200,0.08823529411764706,0.1565217391304348,query_1,"['HP:0004313', 'HP:0410242']"
HP,HP:0011355,Localized skin lesion,0.0006343454892013708,True,A lesion of the skin that is located in a specific region rather than being generalized.,920,204,65,5200,0.31862745098039214,0.07065217391304347,query_1,['HP:0011121']
REAC,REAC:R-HSA-975634,Retinoid metabolism and transport,0.0006390474433237944,True,Retinoid metabolism and transport,44,456,11,11056,0.02412280701754386,0.25,query_1,"['REAC:R-HSA-2187338', 'REAC:R-HSA-6806667']"
GO:BP,GO:0048524,positive regulation of viral process,0.0006415394806808281,True,"""Any process that activates or increases the frequency, rate or extent of a multi-organism process in which a virus is a participant."" [GOC:bf, GOC:jl]",64,492,11,20972,0.022357723577235773,0.171875,query_1,"['GO:0016032', 'GO:0048518', 'GO:0050792']"
GO:BP,GO:0098586,cellular response to virus,0.0006482416202179589,True,"""Any process that results in a change in state or activity of a cell (in terms of movement, secretion, enzyme production, gene expression, etc.) as a result of a stimulus from a virus."" [GOC:dos]",78,492,12,20972,0.024390243902439025,0.15384615384615385,query_1,['GO:0009615']
HP,HP:0001058,Poor wound healing,0.0006609689801571517,True,A reduced ability to heal cutaneous wounds.,51,204,12,5200,0.058823529411764705,0.23529411764705882,query_1,['HP:0011354']
HP,HP:0005195,Polyarticular arthropathy,0.0006609689801571517,True,Polyarticular arthropathy,51,204,12,5200,0.058823529411764705,0.23529411764705882,query_1,['HP:0003040']
HP,HP:0002923,Rheumatoid factor positive,0.0006847107390360758,True,The presence in the serum of an autoantibody directed against the Fc portion of IgG.,20,204,8,5200,0.0392156862745098,0.4,query_1,['HP:0030057']
GO:BP,GO:0030030,cell projection organization,0.0006854432168007942,True,"""A process that is carried out at the cellular level which results in the assembly, arrangement of constituent parts, or disassembly of a prolongation or process extending from a cell, e.g. a flagellum or axon."" [GOC:jl, GOC:mah, PMID:16318917]",1628,492,71,20972,0.1443089430894309,0.04361179361179361,query_1,['GO:0016043']
GO:BP,GO:0007259,cell surface receptor signaling pathway via JAK-STAT,0.0006868173997470532,True,"""A cell surface receptor signaling pathway in which ligand binding causes the receptor to dimerize, bringing the receptor-associated JAKs into close proximity. The JAKs then phosphorylate and activate each other on tyrosine residues.This leads to the activation of associated STAT protein, causing the STATs to dissociate from the receptor, translocate to the nucleus. The pathway ends with regulation of target gene expression by STAT proteins."" [PMID:12039028]",126,492,15,20972,0.03048780487804878,0.11904761904761904,query_1,['GO:0097696']
GO:BP,GO:0002221,pattern recognition receptor signaling pathway,0.0007104238956942633,True,"""The series of molecular signals initiated by a ligand binding to a pattern recognition receptor (PRR), and ending with the regulation of a downstream cellular process, e.g. transcription. PRRs bind pathogen-associated molecular pattern (PAMPs), structures conserved among microbial species, or damage-associated molecular pattern (DAMPs), endogenous molecules released from damaged cells."" [GOC:add, GOC:ar, ISBN:0781735149, PMID:15199967]",284,492,23,20972,0.046747967479674794,0.08098591549295775,query_1,['GO:0002758']
GO:BP,GO:0002262,myeloid cell homeostasis,0.0007112221736741308,True,"""The process of regulating the proliferation and elimination of myeloid cells such that the total number of myeloid cells within a whole or part of an organism is stable over time in the absence of an outside stimulus."" [CL:0000763, GOC:add]",181,492,18,20972,0.036585365853658534,0.09944751381215469,query_1,"['GO:0002376', 'GO:0048872']"
GO:BP,GO:0001558,regulation of cell growth,0.0007303905748012682,True,"""Any process that modulates the frequency, rate, extent or direction of cell growth."" [GOC:go_curators]",399,492,28,20972,0.056910569105691054,0.07017543859649122,query_1,"['GO:0016049', 'GO:0040008', 'GO:0051128']"
GO:MF,GO:0005024,transforming growth factor beta receptor activity,0.0007379712062654205,True,"""Combining with a transforming growth factor beta (TGFbeta) and transmitting the signal from one side of the membrane to the other to initiate a change in cell activity by catalysis of the reaction: ATP protein serine = ADP + protein serine phosphate, and ATP + protein threonine = ADP + protein threonine phosphate."" [GOC:mah, GOC:signaling]",16,490,6,20208,0.012244897959183673,0.375,query_1,['GO:0004675']
GO:BP,GO:0071902,positive regulation of protein serine/threonine kinase activity,0.000746420689585553,True,"""Any process that increases the rate, frequency, or extent of protein serine/threonine kinase activity."" [GOC:mah]",110,492,14,20972,0.028455284552845527,0.12727272727272726,query_1,"['GO:0045860', 'GO:0071900']"
WP,WP:WP185,Integrin mediated cell adhesion,0.0007464665309635525,True,Integrin mediated cell adhesion,101,410,17,8899,0.041463414634146344,0.16831683168316833,query_1,['WP:000000']
KEGG,KEGG:05322,Systemic lupus erythematosus,0.0007478890516473492,True,Systemic lupus erythematosus,136,416,20,8716,0.04807692307692308,0.14705882352941177,query_1,['KEGG:00000']
GO:BP,GO:0071726,cellular response to diacyl bacterial lipopeptide,0.0007482666740749541,True,"""Any process that results in a change in state or activity of a cell (in terms of movement, secretion, enzyme production, gene expression, etc.) as a result of a diacylated bacterial lipopeptide stimulus."" [GOC:add, PMID:12077222, PMID:12524386, PMID:2757794]",4,492,4,20972,0.008130081300813009,1.0,query_1,"['GO:0071221', 'GO:0071724']"
GO:BP,GO:0002265,astrocyte activation involved in immune response,0.0007482666740749541,True,"""A change in the morphology or behavior of an astrocyte resulting from exposure to an activating factor such as a cellular or soluble ligand, leading to the initiation or perpetuation of an immune response."" [GOC:add, PMID:11138785]",4,492,4,20972,0.008130081300813009,1.0,query_1,"['GO:0002263', 'GO:0048143']"
GO:BP,GO:0150062,complement-mediated synapse pruning,0.0007482666740749541,True,"""Synaptic pruning mediated by complement system signaling."" [GOC:aruk, GOC:bc, PMID:18083105, PMID:22632727, PMID:29844190]",4,492,4,20972,0.008130081300813009,1.0,query_1,['GO:0098883']
GO:BP,GO:0071724,response to diacyl bacterial lipopeptide,0.0007482666740749541,True,"""Any process that results in a change in state or activity of a cell or an organism (in terms of movement, secretion, enzyme production, gene expression, etc.) as a result of a diacylated bacterial lipopeptide stimulus."" [GOC:add, PMID:12077222, PMID:12524386, PMID:2757794]",4,492,4,20972,0.008130081300813009,1.0,query_1,['GO:0070339']
GO:BP,GO:0032370,positive regulation of lipid transport,0.0007482906342854296,True,"""Any process that activates or increases the frequency, rate or extent of the directed movement of lipids into, out of or within a cell, or between cells, by means of some agent such as a transporter or pore."" [GOC:mah]",79,492,12,20972,0.024390243902439025,0.1518987341772152,query_1,"['GO:0006869', 'GO:0032368', 'GO:0051050', 'GO:1905954']"
GO:BP,GO:0030182,neuron differentiation,0.0007751972041828165,True,"""The process in which a relatively unspecialized cell acquires specialized features of a neuron."" [GOC:mah]",1444,492,65,20972,0.13211382113821138,0.045013850415512466,query_1,"['GO:0030154', 'GO:0048699']"
GO:BP,GO:0010758,regulation of macrophage chemotaxis,0.0008053963875437406,True,"""Any process that modulates the rate, frequency or extent of macrophage chemotaxis. Macrophage chemotaxis is the movement of a macrophage in response to an external stimulus."" [GOC:BHF, GOC:dph, GOC:tb]",30,492,8,20972,0.016260162601626018,0.26666666666666666,query_1,"['GO:0002688', 'GO:0048246', 'GO:1905521']"
GO:BP,GO:0050820,positive regulation of coagulation,0.0008053963875437406,True,"""Any process that activates or increases the frequency, rate or extent of coagulation."" [GOC:ai]",30,492,8,20972,0.016260162601626018,0.26666666666666666,query_1,"['GO:0050817', 'GO:0050818', 'GO:0051240']"
GO:BP,GO:0071634,regulation of transforming growth factor beta production,0.0008053963875437406,True,"""Any process that modulates the frequency, rate, or extent of production of transforming growth factor-beta."" [GOC:mah]",30,492,8,20972,0.016260162601626018,0.26666666666666666,query_1,"['GO:0001817', 'GO:0071604']"
GO:BP,GO:1902547,regulation of cellular response to vascular endothelial growth factor stimulus,0.0008053963875437406,True,"""Any process that modulates the frequency, rate or extent of cellular response to vascular endothelial growth factor stimulus."" [GOC:BHF, GOC:rl, GOC:TermGenie, PMID:17895370]",30,492,8,20972,0.016260162601626018,0.26666666666666666,query_1,"['GO:0035924', 'GO:0090287']"
CORUM,CORUM:2383,ITGA5-ITGB1-FN1-TGM2 complex,0.0008087218738335592,True,ITGA5-ITGB1-FN1-TGM2 complex,4,139,4,3383,0.02877697841726619,1.0,query_1,['CORUM:0000000']
GO:CC,GO:0043202,lysosomal lumen,0.0008164758050925691,True,"""The volume enclosed within the lysosomal membrane."" [GOC:jl, PMID:15213228]",100,497,12,22155,0.02414486921529175,0.12,query_1,"['GO:0005764', 'GO:0005775']"
GO:BP,GO:0048245,eosinophil chemotaxis,0.0008192904953313883,True,"""The movement of an eosinophil in response to an external stimulus."" [GOC:jid, PMID:11292027, PMID:12391252]",21,492,7,20972,0.014227642276422764,0.3333333333333333,query_1,"['GO:0071621', 'GO:0072677']"
GO:BP,GO:0010759,positive regulation of macrophage chemotaxis,0.0008192904953313883,True,"""Any process that increases the rate, frequency or extent of macrophage chemotaxis. Macrophage chemotaxis is the movement of a macrophage in response to an external stimulus."" [GOC:BHF, GOC:dph, GOC:tb]",21,492,7,20972,0.014227642276422764,0.3333333333333333,query_1,"['GO:0002690', 'GO:0010758', 'GO:0048246', 'GO:0071622', 'GO:1905523']"
REAC,REAC:R-HSA-168898,Toll-like Receptor Cascades,0.0008200182386456144,True,Toll-like Receptor Cascades,168,456,22,11056,0.04824561403508772,0.13095238095238096,query_1,['REAC:R-HSA-168249']
HP,HP:0005421,Decreased circulating complement C3 concentration,0.000823282893973495,True,Concentration of the complement component C3 in the blood circulation below the lower limit of normal.,43,204,11,5200,0.05392156862745098,0.2558139534883721,query_1,['HP:0004431']
GO:BP,GO:0032368,regulation of lipid transport,0.0008451567531056427,True,"""Any process that modulates the frequency, rate or extent of the directed movement of lipids into, out of or within a cell, or between cells, by means of some agent such as a transporter or pore."" [GOC:mah]",128,492,15,20972,0.03048780487804878,0.1171875,query_1,"['GO:0006869', 'GO:0051049', 'GO:1905952']"
GO:BP,GO:0014812,muscle cell migration,0.0008618536777819756,True,"""The orderly movement of a muscle cell from one site to another, often during the development of a multicellular organism."" [CL:0000187, GOC:mtg_muscle]",80,492,12,20972,0.024390243902439025,0.15,query_1,['GO:0016477']
REAC,REAC:R-HSA-166016,Toll Like Receptor 4 (TLR4) Cascade,0.0008710786079119018,True,Toll Like Receptor 4 (TLR4) Cascade,143,456,20,11056,0.043859649122807015,0.13986013986013987,query_1,['REAC:R-HSA-168898']
GO:BP,GO:0014909,smooth muscle cell migration,0.0008883359255509463,True,"""The orderly movement of a smooth muscle cell from one site to another, often during the development of a multicellular organism."" [CL:0000192, GOC:mtg_muscle]",66,492,11,20972,0.022357723577235773,0.16666666666666666,query_1,['GO:0014812']
GO:BP,GO:0051149,positive regulation of muscle cell differentiation,0.0008883359255509463,True,"""Any process that activates or increases the frequency, rate or extent of muscle cell differentiation."" [CL:0000187, GOC:ai]",66,492,11,20972,0.022357723577235773,0.16666666666666666,query_1,"['GO:0042692', 'GO:0045597', 'GO:0051147']"
GO:MF,GO:0001848,complement binding,0.0008931793393740522,True,"""Binding to a component or product of the complement cascade."" [GOC:add, ISBN:0781735149]",25,490,7,20208,0.014285714285714285,0.28,query_1,['GO:0005515']
WP,WP:WP5362,TAR syndrome,0.0008934693469545772,True,TAR syndrome,62,410,13,8899,0.03170731707317073,0.20967741935483872,query_1,['WP:000000']
KEGG,KEGG:04670,Leukocyte transendothelial migration,0.0008964039722021624,True,Leukocyte transendothelial migration,115,416,18,8716,0.04326923076923077,0.1565217391304348,query_1,['KEGG:00000']
TF,TF:M03563_1,Factor: RelA-p65; motif: GGGANTTTCCNN; match class: 1,0.0008977482816695509,True,Factor: RelA-p65; motif: GGGANTTTCCNN; match class: 1,906,497,49,20093,0.09859154929577464,0.05408388520971302,query_1,['TF:M03563']
GO:CC,GO:0030670,phagocytic vesicle membrane,0.0008992959271965235,True,"""The lipid bilayer surrounding a phagocytic vesicle."" [GOC:mah]",84,497,11,22155,0.022132796780684104,0.13095238095238096,query_1,"['GO:0030666', 'GO:0045335']"
GO:CC,GO:0009925,basal plasma membrane,0.0009129542177304506,True,"""The region of the plasma membrane located at the basal end of the cell. Often used in reference to animal polarized epithelial membranes, where the basal membrane is the part attached to the extracellular matrix, or in plant cells, where the basal membrane is defined with respect to the zygotic axis."" [GOC:go_curators]",290,497,21,22155,0.04225352112676056,0.07241379310344828,query_1,"['GO:0045178', 'GO:0098590']"
GO:BP,GO:2000669,negative regulation of dendritic cell apoptotic process,0.0009197188637138499,True,"""Any process that stops, prevents or reduces the frequency, rate or extent of dendritic cell apoptotic process."" [GOC:mtg_apoptosis, GOC:obol]",8,492,5,20972,0.01016260162601626,0.625,query_1,"['GO:0097048', 'GO:2000107', 'GO:2000668']"
GO:BP,GO:0032493,response to bacterial lipoprotein,0.0009197188637138499,True,"""Any process that results in a change in state or activity of an organism (in terms of movement, secretion, enzyme production, gene expression, etc.) as a result of a bacterial lipoprotein stimulus."" [GOC:add, PMID:12077222]",8,492,5,20972,0.01016260162601626,0.625,query_1,['GO:0002237']
HP,HP:0010876,Abnormal circulating protein concentration,0.0009216614318328205,True,An abnormal level of a circulating protein in the blood.,730,204,55,5200,0.2696078431372549,0.07534246575342465,query_1,['HP:0032180']
GO:CC,GO:0072562,blood microparticle,0.0009253365302816715,True,"""A phospholipid microvesicle that is derived from any of several cell types, such as platelets, blood cells, endothelial cells, or others, and contains membrane receptors as well as other proteins characteristic of the parental cell. Microparticles are heterogeneous in size, and are characterized as microvesicles free of nucleic acids."" [GOC:BHF, GOC:mah, PMID:16373184]",138,497,14,22155,0.028169014084507043,0.10144927536231885,query_1,"['GO:0005615', 'GO:0110165']"
HPA,HPA:0640201,Endometrium; endothelial cells[≥Low],0.0009263878884873234,True,Endometrium; endothelial cells[≥Low],49,355,10,11007,0.028169014084507043,0.20408163265306123,query_1,['HPA:0640000']
HPA,HPA:0641531,Endometrium; stromal fibroblasts[≥Low],0.0009263878884873234,True,Endometrium; stromal fibroblasts[≥Low],49,355,10,11007,0.028169014084507043,0.20408163265306123,query_1,['HPA:0640000']
HP,HP:0002841,Recurrent fungal infections,0.0009350815728392445,True,"Increased susceptibility to fungal infections, as manifested by multiple episodes of fungal infection.",118,204,18,5200,0.08823529411764706,0.15254237288135594,query_1,"['HP:0002719', 'HP:0020100']"
GO:BP,GO:0030316,osteoclast differentiation,0.0009353140408759396,True,"""The process in which a relatively unspecialized monocyte acquires the specialized features of an osteoclast. An osteoclast is a specialized phagocytic cell associated with the absorption and removal of the mineralized matrix of bone tissue."" [CL:0000092, GOC:add, ISBN:0781735149, PMID:12161749]",112,492,14,20972,0.028455284552845527,0.125,query_1,['GO:0002573']
GO:BP,GO:0050768,negative regulation of neurogenesis,0.0009360789518801269,True,"""Any process that stops, prevents, or reduces the frequency, rate or extent of neurogenesis, the generation of cells within the nervous system."" [GOC:ai]",129,492,15,20972,0.03048780487804878,0.11627906976744186,query_1,"['GO:0010721', 'GO:0022008', 'GO:0050767', 'GO:0051961']"
GO:MF,GO:0001847,opsonin receptor activity,0.0009626561742058964,True,"""Combining with an opsonin and transmitting the signal from one side of the membrane to the other to initiate a change in cell activity."" [GOC:add, GOC:signaling, ISBN:0781735149]",5,490,4,20208,0.00816326530612245,0.8,query_1,['GO:0004888']
GO:MF,GO:0045569,TRAIL binding,0.0009626561742058964,True,"""Binding to TRAIL (TNF-related apoptosis inducing ligand), a member of the tumor necrosis factor ligand family that rapidly induces apoptosis in a variety of transformed cell lines."" [GOC:go_curators, PMID:9082980]",5,490,4,20208,0.00816326530612245,0.8,query_1,['GO:0005515']
GO:MF,GO:0030882,lipid antigen binding,0.0009626561742058964,True,"""Binding to a lipid antigen."" [PMID:14500461]",5,490,4,20208,0.00816326530612245,0.8,query_1,"['GO:0003823', 'GO:0008289']"
GO:MF,GO:0030884,exogenous lipid antigen binding,0.0009626561742058964,True,"""Binding to an exogenous lipid antigen (examples include microbial lipids and glycolipids)."" [PMID:14500461]",5,490,4,20208,0.00816326530612245,0.8,query_1,['GO:0030882']
GO:MF,GO:0030883,endogenous lipid antigen binding,0.0009626561742058964,True,"""Binding to an endogenous cellular lipid antigen."" [PMID:14500461]",5,490,4,20208,0.00816326530612245,0.8,query_1,['GO:0030882']
GO:BP,GO:0009892,negative regulation of metabolic process,0.0009686126289066798,True,"""Any process that stops, prevents, or reduces the frequency, rate or extent of the chemical reactions and pathways within a cell or an organism."" [GOC:go_curators]",3276,492,119,20972,0.241869918699187,0.03632478632478633,query_1,"['GO:0008152', 'GO:0019222', 'GO:0048523']"
GO:BP,GO:0002224,toll-like receptor signaling pathway,0.0009904958787410223,True,"""The series of molecular signals initiated by a ligand binding to a toll-like receptor of a target cell. Toll-like receptors directly bind pattern motifs from a variety of microbial sources to initiate an innate immune response."" [GO_REF:0000022, GOC:add, ISBN:0781735149, PMID:12467241, PMID:12524386, PMID:12855817, PMID:15585605, PMID:15728447]",81,492,12,20972,0.024390243902439025,0.14814814814814814,query_1,['GO:0002221']
REAC,REAC:R-HSA-1236977,Endosomal/Vacuolar pathway,0.0010138443787908835,True,Endosomal/Vacuolar pathway,11,456,6,11056,0.013157894736842105,0.5454545454545454,query_1,['REAC:R-HSA-1236975']
HPA,HPA:0530000,Spleen,0.0010203509824638299,True,Spleen,5896,355,232,11007,0.6535211267605634,0.03934871099050204,query_1,['HPA:0000000']
GO:BP,GO:0010820,positive regulation of T cell chemotaxis,0.0010347495366413034,True,"""Any process that increases the rate, frequency or extent of T cell chemotaxis. T cell chemotaxis is the directed movement of a T cell in response to an external stimulus."" [GOC:BHF, GOC:dph, GOC:tb]",14,492,6,20972,0.012195121951219513,0.42857142857142855,query_1,"['GO:0010818', 'GO:0010819', 'GO:0140131', 'GO:2000406']"
GO:BP,GO:0071679,commissural neuron axon guidance,0.0010347495366413034,True,"""The process in which the migration of an axon growth cone of a commissural neuron is directed to its target in the brain in response to a combination of attractive and repulsive cues."" [GOC:BHF, GOC:mah]",14,492,6,20972,0.012195121951219513,0.42857142857142855,query_1,['GO:0007411']
GO:BP,GO:0034116,positive regulation of heterotypic cell-cell adhesion,0.0010347495366413034,True,"""Any process that activates or increases the frequency, rate, or extent of heterotypic cell-cell adhesion."" [GOC:add]",14,492,6,20972,0.012195121951219513,0.42857142857142855,query_1,"['GO:0022409', 'GO:0034113', 'GO:0034114']"
HP,HP:0025532,Positive pathergy test,0.0010598040144882775,True,"With the pathergy test, a small, sterile needle is inserted into the skin of the forearm. The site of injectionis circuled and observed after one and two days. If a small red bump or pustule at the site of needle insertion occurs, the pathergy test is considered to have a positive (abnormal) result.",15,204,7,5200,0.03431372549019608,0.4666666666666667,query_1,['HP:0011122']
HP,HP:0410243,Abnormal circulating IgM concentration,0.0010640253102359304,True,An abnormal deviation from normal levels of IgM immunoglobulin in blood.,119,204,18,5200,0.08823529411764706,0.15126050420168066,query_1,['HP:0010701']
GO:MF,GO:0008035,high-density lipoprotein particle binding,0.001075737748141273,True,"""Binding to high-density lipoprotein particle, a lipoprotein particle with a high density (typically 1.063-1.21 g/ml) and a diameter of 5-10 nm that contains APOAs and may contain APOCs and APOE."" [GOC:mah]",10,490,5,20208,0.01020408163265306,0.5,query_1,['GO:0071813']
HP,HP:0012378,Fatigue,0.0010831691325918307,True,A subjective feeling of tiredness characterized by a lack of energy and motivation.,509,204,43,5200,0.2107843137254902,0.08447937131630648,query_1,['HP:0025142']
HP,HP:0000969,Edema,0.001086987129242384,True,"An abnormal accumulation of fluid beneath the skin, or in one or more cavities of the body.",695,204,53,5200,0.25980392156862747,0.07625899280575539,query_1,['HP:0011032']
GO:BP,GO:1990845,adaptive thermogenesis,0.0010903609590018656,True,"""The regulated production of heat in response to short term environmental changes, such as stress, diet or reduced temperature."" [PMID:17260010, PMID:20363363]",167,492,17,20972,0.034552845528455285,0.10179640718562874,query_1,['GO:0001659']
GO:BP,GO:0120039,plasma membrane bounded cell projection morphogenesis,0.0011092904053343232,True,"""The process in which the anatomical structures of a plasma membrane bounded cell projection are generated and organized."" [GOC:krc]",664,492,38,20972,0.07723577235772358,0.0572289156626506,query_1,['GO:0048858']
GO:BP,GO:0001937,negative regulation of endothelial cell proliferation,0.0011205490513898691,True,"""Any process that stops, prevents, or reduces the rate or extent of endothelial cell proliferation."" [GOC:add]",42,492,9,20972,0.018292682926829267,0.21428571428571427,query_1,"['GO:0001935', 'GO:0001936', 'GO:0050680']"
GO:BP,GO:1902991,regulation of amyloid precursor protein catabolic process,0.0011205490513898691,True,"""Any process that modulates the frequency, rate or extent of amyloid precursor protein catabolic process."" [GO_REF:0000058, GOC:PARL, GOC:rl, GOC:TermGenie, PMID:24499793]",42,492,9,20972,0.018292682926829267,0.21428571428571427,query_1,"['GO:0042987', 'GO:0051246']"
GO:BP,GO:0060391,positive regulation of SMAD protein signal transduction,0.0011205490513898691,True,"""Any process that increases the rate, frequency or extent of SMAD protein signal transduction."" [GOC:BHF, GOC:dph, GOC:tb]",42,492,9,20972,0.018292682926829267,0.21428571428571427,query_1,"['GO:0060390', 'GO:0060395', 'GO:0090100', 'GO:1902533']"
GO:BP,GO:0051222,positive regulation of protein transport,0.0011250587363821458,True,"""Any process that activates or increases the frequency, rate or extent of the directed movement of a protein into, out of or within a cell, or between cells, by means of some agent such as a transporter or pore."" [GOC:ai]",248,492,21,20972,0.042682926829268296,0.0846774193548387,query_1,"['GO:0015031', 'GO:0051050', 'GO:0051223', 'GO:1903829', 'GO:1904951']"
GO:BP,GO:0030001,metal ion transport,0.0011753061041378605,True,"""The directed movement of metal ions, any metal ion with an electric charge, into, out of or within a cell, or between cells, by means of some agent such as a transporter or pore."" [GOC:ai]",860,492,45,20972,0.09146341463414634,0.05232558139534884,query_1,['GO:0006812']
GO:BP,GO:0061450,trophoblast cell migration,0.001177402702044885,True,"""Trophoblast cell migration that is accomplished by extension and retraction of a pseudopodium. Trophoblast cells line the outside of the blastocyst."" [GOC:dph]",22,492,7,20972,0.014227642276422764,0.3181818181818182,query_1,"['GO:0001667', 'GO:0007566']"
GO:BP,GO:0045861,negative regulation of proteolysis,0.0012155029704908704,True,"""Any process that stops, prevents, or reduces the frequency, rate or extent of the hydrolysis of a peptide bond or bonds within a protein."" [GOC:go_curators]",68,492,11,20972,0.022357723577235773,0.16176470588235295,query_1,"['GO:0006508', 'GO:0030162', 'GO:0051248']"
REAC,REAC:R-HSA-6806834,Signaling by MET,0.0012199950821080298,True,Signaling by MET,76,456,14,11056,0.03070175438596491,0.18421052631578946,query_1,['REAC:R-HSA-9006934']
REAC,REAC:R-HSA-9820960,Respiratory syncytial virus (RSV) attachment and entry,0.0012278834638928932,True,Respiratory syncytial virus (RSV) attachment and entry,23,456,8,11056,0.017543859649122806,0.34782608695652173,query_1,['REAC:R-HSA-9820952']
GO:BP,GO:0051402,neuron apoptotic process,0.0012331115863953449,True,"""Any apoptotic process in a neuron, the basic cellular unit of nervous tissue. Each neuron consists of a body, an axon, and dendrites. Their purpose is to receive, conduct, and transmit impulses in the nervous system."" [CL:0000540, GOC:mtg_apoptosis]",293,492,23,20972,0.046747967479674794,0.07849829351535836,query_1,['GO:0006915']
HP,HP:0011793,Neoplasm by anatomical site,0.0012356641733826243,True,Neoplasm categorized according to the anatomical site of origin of the neoplasm.,957,204,66,5200,0.3235294117647059,0.06896551724137931,query_1,['HP:0002664']
WP,WP:WP129,Matrix metalloproteinases,0.0012541738018039086,True,Matrix metalloproteinases,30,410,9,8899,0.02195121951219512,0.3,query_1,['WP:000000']
GO:BP,GO:0010605,negative regulation of macromolecule metabolic process,0.0012855329227966542,True,"""Any process that decreases the frequency, rate or extent of the chemical reactions and pathways involving macromolecules, any molecule of high relative molecular mass, the structure of which essentially comprises the multiple repetition of units derived, actually or conceptually, from molecules of low relative molecular mass."" [GOC:dph, GOC:tb]",3080,492,113,20972,0.22967479674796748,0.03668831168831169,query_1,"['GO:0009892', 'GO:0043170', 'GO:0060255']"
KEGG,KEGG:05418,Fluid shear stress and atherosclerosis,0.0013038629766782325,True,Fluid shear stress and atherosclerosis,141,416,20,8716,0.04807692307692308,0.14184397163120568,query_1,['KEGG:00000']
GO:BP,GO:0002208,somatic diversification of immunoglobulins involved in immune response,0.00130829247578168,True,"""The somatic process that results in the generation of sequence diversity of immunoglobulins after induction, and contributes to an immune response."" [GOC:add, ISBN:0781735149, PMID:14991701]",55,492,10,20972,0.02032520325203252,0.18181818181818182,query_1,"['GO:0002381', 'GO:0016445']"
GO:BP,GO:0002204,somatic recombination of immunoglobulin genes involved in immune response,0.00130829247578168,True,"""The process in which immunoglobulin genes are formed through recombination of the germline genetic elements, also known as immunoglobulin gene segments, within a single locus following the induction of and contributing to an immune response."" [GOC:add, ISBN:0781735149]",55,492,10,20972,0.02032520325203252,0.18181818181818182,query_1,"['GO:0002208', 'GO:0016447']"
GO:BP,GO:0045190,isotype switching,0.00130829247578168,True,"""The switching of activated B cells from IgM biosynthesis to biosynthesis of other isotypes of immunoglobulin, accomplished through a recombination process involving an intrachromosomal deletion involving switch regions that reside 5' of each constant region gene segment in the immunoglobulin heavy chain locus."" [ISBN:0781735149]",55,492,10,20972,0.02032520325203252,0.18181818181818182,query_1,"['GO:0002204', 'GO:0002312']"
WP,WP:WP4522,Metabolic pathway of LDL HDL and TG including diseases,0.0013227092272834488,True,Metabolic pathway of LDL HDL and TG including diseases,17,410,7,8899,0.01707317073170732,0.4117647058823529,query_1,['WP:000000']
MIRNA,MIRNA:hsa-mir-335-5p,hsa-mir-335-5p,0.0013339971394941985,True,hsa-mir-335-5p,2422,478,108,16638,0.22594142259414227,0.04459124690338563,query_1,['MIRNA:000000']
GO:BP,GO:0031100,animal organ regeneration,0.0013879549330516427,True,"""The regrowth of a lost or destroyed animal organ."" [GOC:mah]",43,492,9,20972,0.018292682926829267,0.20930232558139536,query_1,"['GO:0031099', 'GO:0048513']"
KEGG,KEGG:04926,Relaxin signaling pathway,0.001396371804336158,True,Relaxin signaling pathway,130,416,19,8716,0.04567307692307692,0.14615384615384616,query_1,['KEGG:00000']
HP,HP:0025408,Abnormal spleen morphology,0.0014485101809258822,True,Any anomaly of the structure of the spleen.,625,204,49,5200,0.24019607843137256,0.0784,query_1,['HP:0001743']
GO:BP,GO:0003008,system process,0.001473528830009015,True,"""A multicellular organismal process carried out by any of the organs or tissues in an organ system. An organ system is a regularly interacting or interdependent group of organs or tissues that work together to carry out a biological objective."" [GOC:mtg_cardio]",2290,492,90,20972,0.18292682926829268,0.039301310043668124,query_1,['GO:0032501']
HP,HP:0001697,Abnormal pericardium morphology,0.001482336888306683,True,"An abnormality of the pericardium, i.e., of the fluid filled sac that surrounds the heart and the proximal ends of the aorta, vena cava, and the pulmonary artery.",86,204,15,5200,0.07352941176470588,0.1744186046511628,query_1,['HP:0001627']
HPA,HPA:0470203,Skin 2; endothelial cells[High],0.0015263102380812458,True,Skin 2; endothelial cells[High],320,355,27,11007,0.07605633802816901,0.084375,query_1,['HPA:0470202']
GO:BP,GO:0001837,epithelial to mesenchymal transition,0.0015268348049459143,True,"""A transition where an epithelial cell loses apical/basolateral polarity, severs intercellular adhesive junctions, degrades basement membrane components and becomes a migratory mesenchymal cell."" [GOC:dph, PMID:14701881]",171,492,17,20972,0.034552845528455285,0.09941520467836257,query_1,['GO:0048762']
HP,HP:0001878,Hemolytic anemia,0.0015297890977292899,True,A type of anemia caused by premature destruction of red blood cells (hemolysis).,161,204,21,5200,0.10294117647058823,0.13043478260869565,query_1,['HP:0011895']
REAC,REAC:R-HSA-140877,Formation of Fibrin Clot (Clotting Cascade),0.0015352807845727303,True,Formation of Fibrin Clot (Clotting Cascade),39,456,10,11056,0.021929824561403508,0.2564102564102564,query_1,['REAC:R-HSA-109582']
GO:BP,GO:0150115,cell-substrate junction organization,0.0015433190901891862,True,"""A process that is carried out at the cellular level which results in the assembly, arrangement of constituent parts, or disassembly of a cell-substrate junction. A cell-substrate junction is a specialized region of connection between a cell and the extracellular matrix."" [GOC:aruk, GOC:bc, PMID:10419689, PMID:1643657, PMID:16805308, PMID:26923917, PMID:8314002]",100,492,13,20972,0.026422764227642278,0.13,query_1,['GO:0034330']
TF,TF:M11686,Factor: IRF-4; motif: NYGAAASYGAAACYN,0.0015496473328479483,True,Factor: IRF-4; motif: NYGAAASYGAAACYN,3558,497,132,20093,0.2655935613682093,0.03709949409780776,query_1,['TF:M00000']
REAC,REAC:R-HSA-1251985,Nuclear signaling by ERBB4,0.0015717775455191963,True,Nuclear signaling by ERBB4,31,456,9,11056,0.019736842105263157,0.2903225806451613,query_1,['REAC:R-HSA-1236394']
GO:MF,GO:0046625,sphingolipid binding,0.0015820969532954036,True,"""Binding to a sphingolipid, a class of lipids containing the long-chain amine diol sphingosine or a closely related base (a sphingoid)."" [ISBN:0198506732]",27,490,7,20208,0.014285714285714285,0.25925925925925924,query_1,['GO:0008289']
REAC,REAC:R-HSA-6806667,Metabolism of fat-soluble vitamins,0.0016214491261190415,True,Metabolism of fat-soluble vitamins,48,456,11,11056,0.02412280701754386,0.22916666666666666,query_1,['REAC:R-HSA-196854']
HP,HP:0003271,Visceromegaly,0.001626318712229999,True,Abnormal increased size of the viscera of the abdomen.,782,204,57,5200,0.27941176470588236,0.07289002557544758,query_1,['HP:0001438']
GO:MF,GO:0004675,transmembrane receptor protein serine/threonine kinase activity,0.0016415014317720618,True,"""Combining with a signal and transmitting the signal from one side of the membrane to the other to initiate a change in cell activity by catalysis of the reaction: ATP protein serine = ADP + protein serine phosphate, and ATP + protein threonine = ADP + protein threonine phosphate."" [RHEA:18673]",18,490,6,20208,0.012244897959183673,0.3333333333333333,query_1,"['GO:0004674', 'GO:0019199']"
GO:MF,GO:0043395,heparan sulfate proteoglycan binding,0.0016415014317720618,True,"""Binding to a heparan sulfate proteoglycan, any proteoglycan containing heparan sulfate as the glycosaminoglycan carbohydrate unit."" [ISBN:0198506732]",18,490,6,20208,0.012244897959183673,0.3333333333333333,query_1,['GO:0043394']
GO:BP,GO:0060907,positive regulation of macrophage cytokine production,0.001658407650817618,True,"""Any process that increases the rate, frequency or extent of macrophage cytokine production. Macrophage cytokine production is the appearance of a chemokine due to biosynthesis or secretion following a cellular stimulus, resulting in an increase in its intracellular or extracellular levels."" [GOC:dph, GOC:tb]",23,492,7,20972,0.014227642276422764,0.30434782608695654,query_1,"['GO:0010934', 'GO:0010935', 'GO:0061081']"
GO:BP,GO:2000353,positive regulation of endothelial cell apoptotic process,0.001658407650817618,True,"""Any process that activates or increases the frequency, rate or extent of endothelial cell apoptotic process."" [GOC:BHF, GOC:mah, GOC:mtg_apoptosis]",23,492,7,20972,0.014227642276422764,0.30434782608695654,query_1,"['GO:0043065', 'GO:0072577', 'GO:2000351']"
GO:BP,GO:0048812,neuron projection morphogenesis,0.001668587180746424,True,"""The process in which the anatomical structures of a neuron projection are generated and organized. A neuron projection is any process extending from a neural cell, such as axons or dendrites."" [GOC:mah]",648,492,37,20972,0.07520325203252033,0.05709876543209876,query_1,"['GO:0031175', 'GO:0120039']"
HPA,HPA:0471463,Skin 2; langerhans cells[High],0.001671852421255755,True,Skin 2; langerhans cells[High],266,355,24,11007,0.0676056338028169,0.09022556390977443,query_1,['HPA:0471462']
GO:BP,GO:0150079,negative regulation of neuroinflammatory response,0.0016904229789163378,True,"""Any process that stops, prevents or reduces the frequency, rate or extent of neuroinflammatory response."" [GOC:aruk, GOC:bc, PMID:11099416, PMID:18164423]",15,492,6,20972,0.012195121951219513,0.4,query_1,"['GO:0050728', 'GO:0150076', 'GO:0150077']"
GO:BP,GO:0072683,T cell extravasation,0.0016904229789163378,True,"""The migration of a T cell from the blood vessels into the surrounding tissue."" [CL:0000084, GOC:BHF, GOC:mah]",15,492,6,20972,0.012195121951219513,0.4,query_1,"['GO:0045123', 'GO:0072678']"
GO:BP,GO:0050930,induction of positive chemotaxis,0.0016904229789163378,True,"""Any process that initiates the directed movement of a motile cell or organism towards a higher concentration in a concentration gradient of a specific chemical."" [GOC:ai]",15,492,6,20972,0.012195121951219513,0.4,query_1,['GO:0050927']
GO:BP,GO:0002428,antigen processing and presentation of peptide antigen via MHC class Ib,0.0016904229789163378,True,"""The process in which an antigen-presenting cell expresses peptide antigen in association with an MHC class Ib protein complex on its cell surface. The peptide antigen may originate from an endogenous or exogenous protein. Class Ib here refers to non-classical class I molecules, such as those of the HLA-E family."" [GOC:add, PMID:15928678]",15,492,6,20972,0.012195121951219513,0.4,query_1,"['GO:0002475', 'GO:0048002']"
GO:BP,GO:0010819,regulation of T cell chemotaxis,0.0016904229789163378,True,"""Any process that modulates the rate, frequency or extent of T cell chemotaxis. T cell chemotaxis is the directed movement of a T cell in response to an external stimulus."" [GOC:dph, GOC:tb]",15,492,6,20972,0.012195121951219513,0.4,query_1,"['GO:0010818', 'GO:1901623', 'GO:2000404']"
GO:BP,GO:0042092,type 2 immune response,0.0017089003993255452,True,"""An immune response which is associated with resistance to extracellular organisms such as helminths and pathological conditions such as allergy, which is orchestrated by the production of particular cytokines, most notably IL-4, IL-5, IL-10, and IL-13, by any of a variety of cell types including T-helper 2 cells, eosinophils, basophils, mast cells, and nuocytes, resulting in enhanced production of certain antibody isotypes and other effects."" [GOC:add, ISBN:0781735149, PMID:18000958, PMID:18007680, PMID:20065995, PMID:20200518]",44,492,9,20972,0.018292682926829267,0.20454545454545456,query_1,['GO:0006955']
HP,HP:0100614,Myositis,0.0017212926491552503,True,A general term for inflammation of the muscles without respect to the underlying cause.,46,204,11,5200,0.05392156862745098,0.2391304347826087,query_1,"['HP:0011805', 'HP:0012649']"
GO:CC,GO:0035577,azurophil granule membrane,0.001754425762554052,True,"""The lipid bilayer surrounding an azurophil granule, a primary lysosomal granule found in neutrophil granulocytes that contains a wide range of hydrolytic enzymes and is released into the extracellular fluid."" [GOC:bf, PMID:17152095]",58,497,9,22155,0.018108651911468814,0.15517241379310345,query_1,"['GO:0005765', 'GO:0030667', 'GO:0042582']"
GO:BP,GO:0060317,cardiac epithelial to mesenchymal transition,0.0017959095663027092,True,"""A transition where a cardiac epithelial cell loses apical/basolateral polarity, severs intercellular adhesive junctions, degrades basement membrane components and becomes a migratory mesenchymal cell."" [GOC:BHF, GOC:dph, PMID:16314491, PMID:1996351]",33,492,8,20972,0.016260162601626018,0.24242424242424243,query_1,"['GO:0001837', 'GO:0003007']"
GO:BP,GO:0032673,regulation of interleukin-4 production,0.0017959095663027092,True,"""Any process that modulates the frequency, rate, or extent of interleukin-4 production."" [GOC:mah, PMID:29778524]",33,492,8,20972,0.016260162601626018,0.24242424242424243,query_1,"['GO:0001817', 'GO:0032633']"
GO:BP,GO:0032633,interleukin-4 production,0.0017959095663027092,True,"""The appearance of interleukin-4 due to biosynthesis or secretion following a cellular stimulus, resulting in an increase in its intracellular or extracellular levels."" [GOC:mah]",33,492,8,20972,0.016260162601626018,0.24242424242424243,query_1,['GO:0001816']
GO:BP,GO:0010743,regulation of macrophage derived foam cell differentiation,0.0017959095663027092,True,"""Any process that modulates the rate, frequency or extent of macrophage derived foam cell differentiation. Macrophage derived foam cell differentiation is the process in which a macrophage acquires the specialized features of a foam cell. A foam cell is a type of cell containing lipids in small vacuoles and typically seen in atherosclerotic lesions, as well as other conditions."" [GOC:add, GOC:BHF, GOC:dph, GOC:tb]",33,492,8,20972,0.016260162601626018,0.24242424242424243,query_1,"['GO:0010742', 'GO:0045595']"
GO:BP,GO:0061081,positive regulation of myeloid leukocyte cytokine production involved in immune response,0.0017959095663027092,True,"""Any process that modulates the rate, frequency, or extent of the production of a cytokine that contributes to the immune response."" [GOC:BHF, GOC:dph]",33,492,8,20972,0.016260162601626018,0.24242424242424243,query_1,"['GO:0002720', 'GO:0061082']"
HP,HP:0012121,Panuveitis,0.0018217497596115877,True,"Inflammation of the uveal tract in which inflammation affects the anterior chamber, vitreous, retina or choroid.",16,204,7,5200,0.03431372549019608,0.4375,query_1,['HP:0000554']
HP,HP:0007813,Nongranulomatous uveitis,0.0018217497596115877,True,A form of uveitis that is not associated with the formation of granulomas.,16,204,7,5200,0.03431372549019608,0.4375,query_1,['HP:0000554']
GO:BP,GO:0007411,axon guidance,0.0018228322858651934,True,"""The chemotaxis process that directs the migration of an axon growth cone to a specific target site in response to a combination of attractive and repulsive cues."" [ISBN:0878932437]",234,492,20,20972,0.04065040650406504,0.08547008547008547,query_1,"['GO:0007409', 'GO:0097485']"
HP,HP:0001438,Abnormal abdomen morphology,0.0018257986465550263,True,"A structural abnormality of the abdomen ('belly'), that is, the part of the body between the pelvis and the thorax.",885,204,62,5200,0.30392156862745096,0.07005649717514124,query_1,['HP:0025031']
GO:BP,GO:0071900,regulation of protein serine/threonine kinase activity,0.0018443032819575641,True,"""Any process that modulates the rate, frequency, or extent of protein serine/threonine kinase activity."" [GOC:mah]",193,492,18,20972,0.036585365853658534,0.09326424870466321,query_1,['GO:0045859']
HP,HP:0002088,Abnormal lung morphology,0.0019228650563651,True,Any structural anomaly of the lung.,1311,204,82,5200,0.4019607843137255,0.06254767353165523,query_1,['HP:0012252']
GO:MF,GO:0042608,T cell receptor binding,0.0019328394513546923,True,"""Binding to a T cell receptor, the antigen-recognizing receptor on the surface of T cells."" [GOC:jl]",11,490,5,20208,0.01020408163265306,0.45454545454545453,query_1,"['GO:0005102', 'GO:0044877']"
GO:BP,GO:0097485,neuron projection guidance,0.0019498095205145133,True,"""The process in which the migration of a neuron projection is directed to a specific target site in response to a combination of attractive and repulsive cues."" [GOC:BHF, GOC:rl, PMID:22790009]",235,492,20,20972,0.04065040650406504,0.0851063829787234,query_1,"['GO:0031175', 'GO:0048812']"
GO:BP,GO:0060560,developmental growth involved in morphogenesis,0.0019498095205145133,True,"""The increase in size or mass of an anatomical structure that contributes to the structure attaining its shape."" [GOC:dph]",235,492,20,20972,0.04065040650406504,0.0851063829787234,query_1,"['GO:0009653', 'GO:0048589']"
GO:MF,GO:0004930,G protein-coupled receptor activity,0.0020036287480362557,True,"""Combining with an extracellular signal and transmitting the signal across the membrane by activating an associated G-protein; promotes the exchange of GDP for GTP on the alpha subunit of a heterotrimeric G-protein complex."" [GOC:bf, Wikipedia:GPCR]",840,490,43,20208,0.08775510204081632,0.05119047619047619,query_1,['GO:0004888']
GO:BP,GO:0002578,negative regulation of antigen processing and presentation,0.002029376305828032,True,"""Any process that stops, prevents, or reduces the frequency, rate, or extent of antigen processing and presentation."" [GOC:add]",9,492,5,20972,0.01016260162601626,0.5555555555555556,query_1,"['GO:0002577', 'GO:0002683', 'GO:0019882']"
GO:BP,GO:0062043,positive regulation of cardiac epithelial to mesenchymal transition,0.002029376305828032,True,"""Any process that starts or increases the rate, frequency or extent of cardiac epithelial to mesenchymal transition, a transition where a cardiac epithelial cell loses apical/basolateral polarity, severs intercellular adhesive junctions, degrades basement membrane components and becomes a migratory mesenchymal cell."" [GOC:BHF, GOC:rph, PMID:20951801]",9,492,5,20972,0.01016260162601626,0.5555555555555556,query_1,"['GO:0010718', 'GO:0060317', 'GO:0062042']"
GO:MF,GO:0001530,lipopolysaccharide binding,0.002060347997612024,True,"""Binding to a lipopolysaccharide."" [PMID:11079463]",39,490,8,20208,0.0163265306122449,0.20512820512820512,query_1,"['GO:0008289', 'GO:0097367']"
HP,HP:0003040,Arthropathy,0.002061600969640547,True,Arthropathy,77,204,14,5200,0.06862745098039216,0.18181818181818182,query_1,['HP:0001367']
WP,WP:WP5033,Genes associated with the development of rheumatoid arthritis,0.0020790963870938274,True,Genes associated with the development of rheumatoid arthritis,18,410,7,8899,0.01707317073170732,0.3888888888888889,query_1,['WP:000000']
WP,WP:WP5174,Ulcerative colitis signaling,0.0020790963870938274,True,Ulcerative colitis signaling,18,410,7,8899,0.01707317073170732,0.3888888888888889,query_1,['WP:000000']
HP,HP:0011895,Anemia due to reduced life span of red cells,0.002084671197112692,True,"A type of anemia related to a reduction in the average life span of red blood cells in the peripheral circulation, which is normally around 120 days.",164,204,21,5200,0.10294117647058823,0.12804878048780488,query_1,['HP:0001903']
GO:BP,GO:0030574,collagen catabolic process,0.002092113907213261,True,"""The proteolytic chemical reactions and pathways resulting in the breakdown of collagen in the extracellular matrix, usually carried out by proteases secreted by nearby cells."" [GOC:mah, ISBN:0815316194]",45,492,9,20972,0.018292682926829267,0.2,query_1,"['GO:0009056', 'GO:0032963']"
WP,WP:WP254,Apoptosis,0.002101385145551686,True,Apoptosis,87,410,15,8899,0.036585365853658534,0.1724137931034483,query_1,['WP:000000']
REAC,REAC:R-HSA-1980145,Signaling by NOTCH2,0.002107752545474282,True,Signaling by NOTCH2,32,456,9,11056,0.019736842105263157,0.28125,query_1,['REAC:R-HSA-157118']
HP,HP:0001743,Abnormality of the spleen,0.0021226868733550666,True,An abnormality of the spleen.,652,204,50,5200,0.24509803921568626,0.07668711656441718,query_1,"['HP:0002012', 'HP:0100763']"
TF,TF:M00339_1,Factor: c-Ets-1; motif: RCAGGAAGTGNNTNS; match class: 1,0.002130834011946676,True,Factor: c-Ets-1; motif: RCAGGAAGTGNNTNS; match class: 1,1516,497,69,20093,0.13883299798792756,0.04551451187335093,query_1,['TF:M00339']
GO:BP,GO:0016444,somatic cell DNA recombination,0.0022022363103610843,True,"""Recombination occurring within or between DNA molecules in somatic cells."" [GOC:ma]",72,492,11,20972,0.022357723577235773,0.1527777777777778,query_1,['GO:0006310']
GO:BP,GO:0002562,somatic diversification of immune receptors via germline recombination within a single locus,0.0022022363103610843,True,"""The process in which immune receptor genes are diversified through recombination of the germline genetic elements within a single genetic locus."" [GOC:add, ISBN:0781735149, PMID:16102575, PMID:16166509]",72,492,11,20972,0.022357723577235773,0.1527777777777778,query_1,"['GO:0002200', 'GO:0016444']"
GO:BP,GO:0070588,calcium ion transmembrane transport,0.0022205441373481963,True,"""A process in which a calcium ion is transported from one side of a membrane to the other by means of some agent such as a transporter or pore."" [GOC:mah]",326,492,24,20972,0.04878048780487805,0.0736196319018405,query_1,"['GO:0006816', 'GO:0098655']"
GO:BP,GO:0045216,cell-cell junction organization,0.0022325423293323176,True,"""A process that is carried out at the cellular level which results in the assembly, arrangement of constituent parts, or disassembly of a cell-cell junction. A cell-cell junction is a specialized region of connection between two cells."" [GOC:ai, GOC:dph, GOC:jl, GOC:mah]",216,492,19,20972,0.03861788617886179,0.08796296296296297,query_1,['GO:0034330']
HP,HP:0000509,Conjunctivitis,0.0022408602731800705,True,Inflammation of the conjunctiva.,125,204,18,5200,0.08823529411764706,0.144,query_1,"['HP:0000502', 'HP:0025337', 'HP:0100533']"
GO:CC,GO:0016323,basolateral plasma membrane,0.0022464838364653007,True,"""The region of the plasma membrane that includes the basal end and sides of the cell. Often used in reference to animal polarized epithelial membranes, where the basal membrane is the part attached to the extracellular matrix, or in plant cells, where the basal membrane is defined with respect to the zygotic axis."" [GOC:go_curators]",259,497,19,22155,0.03822937625754527,0.07335907335907337,query_1,"['GO:0009925', 'GO:0098590']"
GO:BP,GO:0150063,visual system development,0.002247603846629094,True,"""The process whose specific outcome is the progression of the visual system over time, from its formation to the mature structure, including the eye, parts of the central nervous system (CNS) involved in processing of visual inputs, and connecting nerve pathways."" [GOC:aruk, GOC:bc, GOC:krc, PMID:15004427, PMID:20647017, PMID:22632727]",422,492,28,20972,0.056910569105691054,0.06635071090047394,query_1,['GO:0048880']
GO:BP,GO:0071711,basement membrane organization,0.0023005791781752767,True,"""A process that is carried out at the cellular level which results in the assembly, arrangement of constituent parts, or disassembly of the basement membrane."" [GOC:mah]",34,492,8,20972,0.016260162601626018,0.23529411764705882,query_1,['GO:0030198']
GO:BP,GO:0002828,regulation of type 2 immune response,0.0023005791781752767,True,"""Any process that modulates the frequency, rate, or extent of a type 2 immune response."" [GOC:add]",34,492,8,20972,0.016260162601626018,0.23529411764705882,query_1,"['GO:0042092', 'GO:0050776']"
HP,HP:0011893,Abnormal leukocyte count,0.002300854071529222,True,Number of leukocytes per volume of blood beyond normal limits.,505,204,42,5200,0.20588235294117646,0.08316831683168317,query_1,['HP:0001881']
HP,HP:0002014,Diarrhea,0.0023704561323932287,True,Abnormally increased frequency (usually defined as three or more) loose or watery bowel movements a day.,452,204,39,5200,0.19117647058823528,0.08628318584070796,query_1,['HP:0011458']
HPA,HPA:0461463,Skin 1; langerhans cells[High],0.0023941318693735335,True,Skin 1; langerhans cells[High],218,355,21,11007,0.059154929577464786,0.0963302752293578,query_1,['HPA:0461462']
GO:CC,GO:0048770,pigment granule,0.002453589695160981,True,"""A small, subcellular membrane-bounded vesicle containing pigment and/or pigment precursor molecules. Pigment granule biogenesis is poorly understood, as pigment granules are derived from multiple sources including the endoplasmic reticulum, coated vesicles, lysosomes, and endosomes."" [GOC:jid, GOC:mh]",111,497,12,22155,0.02414486921529175,0.10810810810810811,query_1,['GO:0031410']
GO:CC,GO:0042470,melanosome,0.002453589695160981,True,"""A tissue-specific, membrane-bounded cytoplasmic organelle within which melanin pigments are synthesized and stored. Melanosomes are synthesized in melanocyte cells."" [GOC:jl, PMID:11584301]",111,497,12,22155,0.02414486921529175,0.10810810810810811,query_1,['GO:0048770']
HPA,HPA:0641501,Endometrium; ciliated epithelial cells[≥Low],0.0024806809376348524,True,Endometrium; ciliated epithelial cells[≥Low],79,355,12,11007,0.03380281690140845,0.1518987341772152,query_1,['HPA:0640000']
HP,HP:0011276,Vascular skin abnormality,0.0025344888430542554,True,Vascular skin abnormality,599,204,47,5200,0.23039215686274508,0.07846410684474124,query_1,"['HP:0002597', 'HP:0011354']"
GO:BP,GO:0043300,regulation of leukocyte degranulation,0.0025474273752489314,True,"""Any process that modulates the frequency, rate, or extent of leukocyte degranulation."" [GOC:add, ISBN:0781735149]",46,492,9,20972,0.018292682926829267,0.1956521739130435,query_1,"['GO:0002697', 'GO:0043299', 'GO:1903305']"
HPA,HPA:0471462,Skin 2; langerhans cells[≥Medium],0.002548540571978209,True,Skin 2; langerhans cells[≥Medium],661,355,43,11007,0.12112676056338029,0.06505295007564296,query_1,['HPA:0471461']
GO:BP,GO:0030856,regulation of epithelial cell differentiation,0.0025492334211463397,True,"""Any process that modulates the frequency, rate or extent of epithelial cell differentiation."" [GOC:mah]",158,492,16,20972,0.032520325203252036,0.10126582278481013,query_1,"['GO:0030855', 'GO:0045595', 'GO:2000026']"
WP,WP:WP2877,Vitamin D receptor pathway,0.0025791640054773743,True,Vitamin D receptor pathway,183,410,23,8899,0.05609756097560976,0.12568306010928962,query_1,['WP:000000']
GO:BP,GO:0014910,regulation of smooth muscle cell migration,0.002584112910394502,True,"""Any process that modulates the frequency, rate or extent of smooth muscle cell migration."" [CL:0000192, GOC:mtg_muscle]",59,492,10,20972,0.02032520325203252,0.1694915254237288,query_1,"['GO:0014909', 'GO:0030334']"
HPA,HPA:0400202,Rectum; endothelial cells[≥Medium],0.0026053731064308015,True,Rectum; endothelial cells[≥Medium],185,355,19,11007,0.05352112676056338,0.10270270270270271,query_1,['HPA:0400201']
GO:BP,GO:0048638,regulation of developmental growth,0.002624909836632604,True,"""Any process that modulates the frequency, rate or extent of developmental growth."" [GOC:go_curators]",306,492,23,20972,0.046747967479674794,0.07516339869281045,query_1,"['GO:0040008', 'GO:0048589', 'GO:0050793']"
GO:CC,GO:0005911,cell-cell junction,0.002629355570976466,True,"""A cell junction that forms a connection between two or more cells of an organism; excludes direct cytoplasmic intercellular bridges, such as ring canals in insects."" [GOC:aruk, GOC:bc, GOC:dgh, GOC:hb, GOC:mah, PMID:21422226, PMID:28096264]",522,497,29,22155,0.05835010060362173,0.05555555555555555,query_1,['GO:0070161']
GO:MF,GO:0019904,protein domain specific binding,0.002644395399394983,True,"""Binding to a specific domain of a protein."" [GOC:go_curators]",627,490,35,20208,0.07142857142857142,0.05582137161084529,query_1,['GO:0005515']
GO:BP,GO:0051044,positive regulation of membrane protein ectodomain proteolysis,0.0026511252051518693,True,"""Any process that activates or increases the frequency, rate or extent of membrane protein ectodomain peptidolysis."" [GOC:ai]",16,492,6,20972,0.012195121951219513,0.375,query_1,"['GO:0006509', 'GO:0045732', 'GO:0045862', 'GO:0051043']"
GO:BP,GO:0034349,glial cell apoptotic process,0.0026511252051518693,True,"""Any apoptotic process in a glial cell, a non-neuronal cell of the nervous system."" [CL:0000125, GOC:mtg_apoptosis, GOC:sart]",16,492,6,20972,0.012195121951219513,0.375,query_1,['GO:0006915']
GO:BP,GO:0001771,immunological synapse formation,0.0026511252051518693,True,"""The formation of an area of close contact between a lymphocyte (T-, B-, or natural killer cell) and a target cell through the clustering of particular signaling and adhesion molecules and their associated membrane rafts on both the lymphocyte and target cell, which facilitates activation of the lymphocyte, transfer of membrane from the target cell to the lymphocyte, and in some situations killing of the target cell through release of secretory granules and/or death-pathway ligand-receptor interaction."" [GOC:mgi_curators, PMID:11244041, PMID:11376330]",16,492,6,20972,0.012195121951219513,0.375,query_1,"['GO:0009988', 'GO:0046649']"
GO:BP,GO:0002517,T cell tolerance induction,0.0026511252051518693,True,"""A process involving any mechanism for tolerance induction in T cells."" [GOC:jal, ISBN:0781735149, PMID:16551263]",16,492,6,20972,0.012195121951219513,0.375,query_1,['GO:0002507']
GO:BP,GO:0023035,CD40 signaling pathway,0.0026511252051518693,True,"""The series of molecular signals initiated by the binding of the cell surface receptor CD40 to one of its physiological ligands, and ending with the regulation of a downstream cellular process, e.g. transcription."" [GOC:mtg_signal, GOC:signaling, PMID:11348017]",16,492,6,20972,0.012195121951219513,0.375,query_1,['GO:0007166']
GO:BP,GO:0010811,positive regulation of cell-substrate adhesion,0.002688483014222073,True,"""Any process that increases the frequency, rate or extent of cell-substrate adhesion. Cell-substrate adhesion is the attachment of a cell to the underlying substrate via adhesion molecules."" [GOC:dph, GOC:pf, GOC:tb]",122,492,14,20972,0.028455284552845527,0.11475409836065574,query_1,"['GO:0010810', 'GO:0031589', 'GO:0045785']"
KEGG,KEGG:05162,Measles,0.0026923817610162654,True,Measles,136,416,19,8716,0.04567307692307692,0.13970588235294118,query_1,['KEGG:00000']
GO:BP,GO:0007200,phospholipase C-activating G protein-coupled receptor signaling pathway,0.0027038127449160016,True,"""A G protein-coupled receptor signaling pathway in which the signal is transmitted via the activation of phospholipase C (PLC) and a subsequent increase in the intracellular concentration of inositol trisphosphate (IP3) and diacylglycerol (DAG). IP3 regulates the opening of calcium channels in intracellular calcium store, leading to the release of calcium into the cytosol. Calcium and DAG activate protein kinase C (PKC), which in turn activates downstream effectors."" [GOC:dph, GOC:mah, GOC:signaling, GOC:tb, ISBN:0815316194]",140,492,15,20972,0.03048780487804878,0.10714285714285714,query_1,['GO:0007186']
GO:CC,GO:0048179,activin receptor complex,0.0027124234121242096,True,"""A protein complex that acts as an activin receptor. Heterodimeric activin receptors, comprising one Type I activin receptor and one Type II receptor polypeptide, and heterotrimeric receptors have been observed."" [PMID:8307945, PMID:8622651]",7,497,4,22155,0.008048289738430584,0.5714285714285714,query_1,"['GO:0098802', 'GO:1902554']"
GO:BP,GO:0048010,vascular endothelial growth factor receptor signaling pathway,0.002724303902320562,True,"""The series of molecular signals initiated by a ligand binding to a vascular endothelial growth factor receptor (VEGFR) on the surface of the target cell, and ending with the regulation of a downstream cellular process, e.g. transcription."" [GOC:ceb, GOC:signaling]",105,492,13,20972,0.026422764227642278,0.12380952380952381,query_1,['GO:0007169']
GO:BP,GO:0048754,branching morphogenesis of an epithelial tube,0.0027742582785646674,True,"""The process in which the anatomical structures of branches in an epithelial tube are generated and organized. A tube is a long hollow cylinder."" [GOC:dgh, GOC:dph, GOC:jid]",159,492,16,20972,0.032520325203252036,0.10062893081761007,query_1,"['GO:0035239', 'GO:0060562', 'GO:0061138']"
TF,TF:M11665,Factor: IRF-2; motif: NGAAASYGAAAS,0.0027904047437842298,True,Factor: IRF-2; motif: NGAAASYGAAAS,2512,497,100,20093,0.2012072434607646,0.03980891719745223,query_1,['TF:M00000']
GO:MF,GO:0042289,MHC class II protein binding,0.002832436436641123,True,"""Binding to a major histocompatibility complex class II molecule; a set of molecules displayed on cell surfaces that are responsible for lymphocyte recognition and antigen presentation."" [GOC:jl]",6,490,4,20208,0.00816326530612245,0.6666666666666666,query_1,['GO:0042287']
GO:MF,GO:0032394,MHC class Ib receptor activity,0.002832436436641123,True,"""Combining with an MHC class Ib protein complex and transmitting the signal from one side of the membrane to the other to initiate a change in cell activity. Class Ib here refers to non-classical class I molecules, such as those of the CD1 or HLA-E gene families."" [GOC:add, GOC:signaling, ISBN:0781735149]",6,490,4,20208,0.00816326530612245,0.6666666666666666,query_1,"['GO:0004888', 'GO:0140375']"
GO:MF,GO:0019958,C-X-C chemokine binding,0.002832436436641123,True,"""Binding to a C-X-C chemokine; C-X-C chemokines have a single amino acid between the first two cysteines of the characteristic four cysteine motif."" [GOC:ai]",6,490,4,20208,0.00816326530612245,0.6666666666666666,query_1,['GO:0019956']
GO:MF,GO:0001875,lipopolysaccharide immune receptor activity,0.002832436436641123,True,"""Combining with a lipopolysaccharide and transmitting the signal across the cell membrane to initiate an innate immune response. Lipopolysaccharides (LPS) are major components of the outer membrane of Gram-negative bacteria, making them prime targets for recognition by the immune system."" [PMID:14609719, PMID:15379975]",6,490,4,20208,0.00816326530612245,0.6666666666666666,query_1,['GO:0038187']
GO:MF,GO:0031726,CCR1 chemokine receptor binding,0.002832436436641123,True,"""Binding to a CCR1 chemokine receptor."" [GOC:mah, GOC:nln]",6,490,4,20208,0.00816326530612245,0.6666666666666666,query_1,['GO:0048020']
HP,HP:0003791,Deposits immunoreactive to beta-amyloid protein,0.0029068490086754544,True,Deposits immunoreactive to beta-amyloid protein,7,204,5,5200,0.024509803921568627,0.7142857142857143,query_1,['HP:0004303']
WP,WP:WP5110,Familial hyperlipidemia type 3,0.0029146338664947516,True,Familial hyperlipidemia type 3,13,410,6,8899,0.014634146341463415,0.46153846153846156,query_1,['WP:000000']
GO:BP,GO:0045862,positive regulation of proteolysis,0.0029198422339379343,True,"""Any process that activates or increases the frequency, rate or extent of the hydrolysis of a peptide bond or bonds within a protein."" [GOC:go_curators]",74,492,11,20972,0.022357723577235773,0.14864864864864866,query_1,"['GO:0006508', 'GO:0030162', 'GO:0051247']"
GO:BP,GO:1904707,positive regulation of vascular associated smooth muscle cell proliferation,0.0029213986985974815,True,"""Any process that activates or increases the frequency, rate or extent of vascular smooth muscle cell proliferation."" [GO_REF:0000058, GOC:TermGenie, PMID:23246467]",35,492,8,20972,0.016260162601626018,0.22857142857142856,query_1,"['GO:0048661', 'GO:1904705', 'GO:1990874']"
GO:BP,GO:0003007,heart morphogenesis,0.002937847175160747,True,"""The developmental process in which the heart is generated and organized. The heart is a hollow, muscular organ, which, by contracting rhythmically, keeps up the circulation of the blood."" [GOC:dph, GOC:isa_complete]",263,492,21,20972,0.042682926829268296,0.07984790874524715,query_1,"['GO:0007507', 'GO:0009887']"
HPA,HPA:0600442,Tonsil; non-germinal center cells[≥Medium],0.002942775340860715,True,Tonsil; non-germinal center cells[≥Medium],4199,355,175,11007,0.49295774647887325,0.04167658966420576,query_1,['HPA:0600441']
GO:BP,GO:0043113,receptor clustering,0.0030365868350088125,True,"""The receptor metabolic process that results in grouping of a set of receptors at a cellular location, often to amplify the sensitivity of a signaling response."" [GOC:bf, GOC:jl, GOC:pr, PMID:19747931, PMID:21453460]",60,492,10,20972,0.02032520325203252,0.16666666666666666,query_1,['GO:0072657']
GO:BP,GO:0090100,positive regulation of transmembrane receptor protein serine/threonine kinase signaling pathway,0.0030397216088007303,True,"""Any process that increases the rate, frequency, or extent of the series of molecular signals generated as a consequence of a transmembrane receptor serine/threonine kinase binding to its physiological ligand."" [GOC:dph, GOC:tb]",106,492,13,20972,0.026422764227642278,0.12264150943396226,query_1,"['GO:0007178', 'GO:0009967', 'GO:0090092']"
GO:CC,GO:0002116,semaphorin receptor complex,0.003081188785277273,True,"""A stable binary complex of a semaphorin and a plexin, together forming a functional semaphorin receptor."" [GOC:hjd, PMID:10934324, PMID:12367632, PMID:12613544]",14,497,5,22155,0.01006036217303823,0.35714285714285715,query_1,['GO:0043235']
GO:BP,GO:0032715,negative regulation of interleukin-6 production,0.0030858745958363323,True,"""Any process that stops, prevents, or reduces the frequency, rate, or extent of interleukin-6 production."" [GOC:mah]",47,492,9,20972,0.018292682926829267,0.19148936170212766,query_1,"['GO:0001818', 'GO:0032635', 'GO:0032675']"
WP,WP:WP176,Folate metabolism,0.0030971165914354753,True,Folate metabolism,69,410,13,8899,0.03170731707317073,0.18840579710144928,query_1,['WP:000000']
HP,HP:0011354,Generalized abnormality of skin,0.0031044273169938403,True,An abnormality of the skin that is not localized to any one particular region.,1129,204,73,5200,0.35784313725490197,0.06465899025686449,query_1,['HP:0011121']
GO:BP,GO:0048880,sensory system development,0.0031075985444678515,True,"""The process whose specific outcome is the progression of a sensory system over time from its formation to the mature structure."" [GOC:dgh]",429,492,28,20972,0.056910569105691054,0.06526806526806526,query_1,['GO:0048731']
GO:BP,GO:0050927,positive regulation of positive chemotaxis,0.003122095256286332,True,"""Any process that activates or increases the frequency, rate or extent of the directed movement of a motile cell or organism towards a higher concentration in a concentration gradient of a specific chemical."" [GOC:ai]",25,492,7,20972,0.014227642276422764,0.28,query_1,"['GO:0050918', 'GO:0050921', 'GO:0050926']"
KEGG,KEGG:04979,Cholesterol metabolism,0.0031318108909052823,True,Cholesterol metabolism,52,416,11,8716,0.026442307692307692,0.21153846153846154,query_1,['KEGG:00000']
GO:BP,GO:0002220,innate immune response activating cell surface receptor signaling pathway,0.0031693404982984343,True,"""The series of molecular signals initiated by a ligand binding to a cell surface receptor that leads to the activation of an innate immune response."" [GOC:add, ISBN:0781735149, PMID:15199967]",90,492,12,20972,0.024390243902439025,0.13333333333333333,query_1,"['GO:0002429', 'GO:0002758']"
HP,HP:0001733,Pancreatitis,0.003194418704253984,True,The presence of inflammation in the pancreas.,103,204,16,5200,0.0784313725490196,0.1553398058252427,query_1,"['HP:0012091', 'HP:0012649']"
GO:MF,GO:0005026,"transforming growth factor beta receptor activity, type II",0.003247370439062718,True,"""Combining with transforming growth factor beta to initiate a change in cell activity; upon ligand binding, binds to and catalyzes the phosphorylation of a type I TGF-beta receptor."" [GOC:mah]",12,490,5,20208,0.01020408163265306,0.4166666666666667,query_1,['GO:0005024']
GO:MF,GO:0017002,activin receptor activity,0.003247370439062718,True,"""Combining with activin and transmitting the signal from one side of the membrane to the other to initiate a change in cell activity. Activin is one of two gonadal glycoproteins related to transforming growth factor beta."" [GOC:mah, GOC:signaling, ISBN:0198506732]",12,490,5,20208,0.01020408163265306,0.4166666666666667,query_1,['GO:0004675']
GO:MF,GO:0005025,"transforming growth factor beta receptor activity, type I",0.003247370439062718,True,"""Combining with a complex of transforming growth factor beta and a type II TGF-beta receptor to initiate a change in cell activity; upon binding, acts as a downstream transducer of TGF-beta signals."" [GOC:mah]",12,490,5,20208,0.01020408163265306,0.4166666666666667,query_1,['GO:0005024']
GO:MF,GO:0016362,"activin receptor activity, type II",0.003247370439062718,True,"""Combining with activin to initiate a change in cell activity; upon ligand binding, binds to and catalyses the phosphorylation of a type I activin receptor."" [GOC:mah, PMID:8622651]",12,490,5,20208,0.01020408163265306,0.4166666666666667,query_1,['GO:0017002']
GO:MF,GO:0016361,"activin receptor activity, type I",0.003247370439062718,True,"""Combining with activin-bound type II activin receptor to initiate a change in cell activity; upon binding, acts as a downstream transducer of activin signals."" [GOC:mah, PMID:8622651]",12,490,5,20208,0.01020408163265306,0.4166666666666667,query_1,['GO:0017002']
GO:BP,GO:0051146,striated muscle cell differentiation,0.0032484850458876255,True,"""The process in which a relatively unspecialized cell acquires specialized features of a striated muscle cell; striated muscle fibers are divided by transverse bands into striations, and cardiac and voluntary muscle are types of striated muscle."" [CL:0000737, GOC:ai]",287,492,22,20972,0.044715447154471545,0.07665505226480836,query_1,['GO:0042692']
HPA,HPA:0471472,Skin 2; lymphocytes[≥Medium],0.0033268452600420575,True,Skin 2; lymphocytes[≥Medium],646,355,42,11007,0.11830985915492957,0.06501547987616099,query_1,['HPA:0471471']
GO:BP,GO:0034103,regulation of tissue remodeling,0.003350265015548014,True,"""Any process that modulates the frequency, rate, or extent of tissue remodeling."" [GOC:add]",75,492,11,20972,0.022357723577235773,0.14666666666666667,query_1,"['GO:0048771', 'GO:0051239']"
WP,WP:WP4630,Measles virus infection,0.0033589345814811424,True,Measles virus infection,136,410,19,8899,0.046341463414634146,0.13970588235294118,query_1,['WP:000000']
TF,TF:M01207,Factor: c-Ets-2; motif: CTTCCTG,0.003359741427335888,True,Factor: c-Ets-2; motif: CTTCCTG,10654,497,316,20093,0.635814889336016,0.029660221513046744,query_1,['TF:M00000']
TF,TF:M07252,Factor: Elk-1; motif: CTTCCKG,0.003359741427335888,True,Factor: Elk-1; motif: CTTCCKG,10654,497,316,20093,0.635814889336016,0.029660221513046744,query_1,['TF:M00000']
GO:BP,GO:0062207,regulation of pattern recognition receptor signaling pathway,0.003391017988468424,True,"""Any process that modulates the rate, frequency or extent of a pattern recognition receptor signaling pathway."" [PMID:30610168]",181,492,17,20972,0.034552845528455285,0.09392265193370165,query_1,"['GO:0002221', 'GO:0009966', 'GO:0045088']"
GO:MF,GO:0042803,protein homodimerization activity,0.0034403245642494053,True,"""Binding to an identical protein to form a homodimer."" [GOC:jl]",717,490,38,20208,0.07755102040816327,0.05299860529986053,query_1,"['GO:0042802', 'GO:0046983']"
REAC,REAC:R-HSA-75205,Dissolution of Fibrin Clot,0.0035083611054271876,True,Dissolution of Fibrin Clot,13,456,6,11056,0.013157894736842105,0.46153846153846156,query_1,['REAC:R-HSA-109582']
HPA,HPA:0471473,Skin 2; lymphocytes[High],0.0035243166310510504,True,Skin 2; lymphocytes[High],455,355,33,11007,0.09295774647887324,0.07252747252747253,query_1,['HPA:0471472']
GO:BP,GO:0036006,cellular response to macrophage colony-stimulating factor stimulus,0.0035566396209054684,True,"""Any process that results in a change in state or activity of a cell (in terms of movement, secretion, enzyme production, gene expression, etc.) as a result of a macrophage colony-stimulating factor stimulus."" [GOC:yaf, PMID:14687666]",61,492,10,20972,0.02032520325203252,0.16393442622950818,query_1,"['GO:0036005', 'GO:0071345']"
KEGG,KEGG:05414,Dilated cardiomyopathy,0.0035817487287179684,True,Dilated cardiomyopathy,104,416,16,8716,0.038461538461538464,0.15384615384615385,query_1,['KEGG:00000']
GO:BP,GO:0019538,protein metabolic process,0.0036098431324996095,True,"""The chemical reactions and pathways involving a protein. Includes protein modification."" [GOC:ma]",4467,492,149,20972,0.30284552845528456,0.03335571972240878,query_1,"['GO:0043170', 'GO:0044238']"
TF,TF:M09907_1,Factor: Erg; motif: NRRSAGGAAGNGG; match class: 1,0.003650816488691838,True,Factor: Erg; motif: NRRSAGGAAGNGG; match class: 1,5223,497,177,20093,0.3561368209255533,0.03388856978747846,query_1,['TF:M09907']
GO:CC,GO:0140158,von-Willerbrand-factor-A-domain-rich collagen trimer,0.003667459988387715,True,"""A family of collagens containing multiple von Willebrand factor A (vWA) domains."" [PMID:21421911]",3,497,3,22155,0.006036217303822937,1.0,query_1,['GO:0005581']
GO:CC,GO:0140086,basement membrane/interstitial matrix interface,0.003667459988387715,True,"""The structure located at the interface of the basement membrane and interstitial extracellular matrix and anchoring the two types of ECM to one another."" [PMID:19945621, PMID:26377767, PMID:7767545, PMID:9334230]",3,497,3,22155,0.006036217303822937,1.0,query_1,['GO:0031012']
GO:CC,GO:0043259,laminin-511 trimer,0.003667459988387715,True,"""A laminin complex composed of alpha5, beta1 and gamma1 polypeptide chains."" [PMID:15979864, PMID:21421915, PMID:23263632]",3,497,3,22155,0.006036217303822937,1.0,query_1,['GO:0043256']
GO:CC,GO:0043260,laminin-521 trimer,0.003667459988387715,True,"""A laminin complex composed of alpha5, beta2 and gamma1 polypeptide chains."" [PMID:15979864, PMID:21421915, PMID:23263632]",3,497,3,22155,0.006036217303822937,1.0,query_1,['GO:0043256']
GO:BP,GO:0045590,negative regulation of regulatory T cell differentiation,0.0036716740539023238,True,"""Any process that stops, prevents, or reduces the rate of differentiation of regulatory T cells."" [ISBN:0781735149]",5,492,4,20972,0.008130081300813009,0.8,query_1,"['GO:0045066', 'GO:0045581', 'GO:0045589']"
GO:BP,GO:0048006,"antigen processing and presentation, endogenous lipid antigen via MHC class Ib",0.0036716740539023238,True,"""The process in which an antigen-presenting cell expresses lipid antigen of endogenous origin in association with an MHC class Ib protein complex on its cell surface. Class Ib here refers to non-classical class I molecules, such as those of the CD1 family."" [GOC:add, PMID:10375559, PMID:15928678, PMID:15928680]",5,492,4,20972,0.008130081300813009,0.8,query_1,"['GO:0019883', 'GO:0048003']"
GO:BP,GO:0045917,positive regulation of complement activation,0.0036716740539023238,True,"""Any process that activates or increases the frequency, rate or extent of complement activation."" [GOC:go_curators]",5,492,4,20972,0.008130081300813009,0.8,query_1,"['GO:0002699', 'GO:0002922', 'GO:0006956', 'GO:0030449']"
GO:BP,GO:1902003,regulation of amyloid-beta formation,0.0036794837663719406,True,"""Any process that modulates the frequency, rate or extent of amyloid-beta formation."" [GOC:dph, GOC:TermGenie, PMID:17098871]",36,492,8,20972,0.016260162601626018,0.2222222222222222,query_1,"['GO:0034205', 'GO:1902991']"
GO:CC,GO:0042383,sarcolemma,0.003699472105919538,True,"""The outer membrane of a muscle cell, consisting of the plasma membrane, a covering basement membrane (about 100 nm thick and sometimes common to more than one fiber), and the associated loose network of collagen fibers."" [ISBN:0198506732]",135,497,13,22155,0.026156941649899398,0.0962962962962963,query_1,['GO:0005886']
GO:CC,GO:0110165,cellular anatomical structure,0.0038106785552113635,True,"""A part of a cellular organism consisting of a material entity with granularity above the level of a protein complex but below that of an anatomical system. Note that cellular organisms exclude viruses."" [GOC:kmv]",21660,497,497,22155,1.0,0.022945521698984304,query_1,['GO:0005575']
HP,HP:0010176,Curved toe phalanx,0.003837162829038618,True,A deviation from the normal straight form of one or more toe phalanges.,4,204,4,5200,0.0196078431372549,1.0,query_1,['HP:0010161']
HP,HP:0030009,Cervical insufficiency,0.003837162829038618,True,A cervix that shows a painless dilation and shortening during the second trimester of pregnancy with resultant recurrent pregnancy loss or delivery is considered incompetent,4,204,4,5200,0.0196078431372549,1.0,query_1,['HP:0012888']
HP,HP:0030095,Reduced muscle collagen VI,0.003837162829038618,True,A decreased amount of collagen VI in muscle tissue. Collagen VI is a primarily associated with the extracellular matrix of skeletal muscle.,4,204,4,5200,0.0196078431372549,1.0,query_1,['HP:0030089']
HP,HP:0001061,Acne,0.0039046208504052585,True,"A skin condition in which there is an increase in sebum secretion by the pilosebaceous apparatus associated with open comedones (blackheads), closed comedones (whiteheads), and pustular nodules (papules, pustules, and cysts).",70,204,13,5200,0.06372549019607843,0.18571428571428572,query_1,['HP:0011123']
HP,HP:0004420,Arterial thrombosis,0.003934467892610693,True,The formation of a blood clot inside an artery.,32,204,9,5200,0.04411764705882353,0.28125,query_1,['HP:0001977']
GO:BP,GO:0034351,negative regulation of glial cell apoptotic process,0.00398035767359572,True,"""Any process that stops, prevents, or reduces the frequency, rate, or extent of glial cell apoptotic process."" [GOC:mah, GOC:mtg_apoptosis]",10,492,5,20972,0.01016260162601626,0.5,query_1,"['GO:0034349', 'GO:0034350', 'GO:0043066']"
GO:BP,GO:0002246,wound healing involved in inflammatory response,0.00398035767359572,True,"""The series of events that restore integrity to damaged tissue that contribute to an inflammatory response."" [GOC:jal, ISBN:0721601871]",10,492,5,20972,0.01016260162601626,0.5,query_1,"['GO:0042060', 'GO:0090594']"
GO:BP,GO:0062042,regulation of cardiac epithelial to mesenchymal transition,0.00398035767359572,True,"""Any process that modulates the rate, frequency or extent of cardiac epithelial to mesenchymal transition, a transition where a cardiac epithelial cell loses apical/basolateral polarity, severs intercellular adhesive junctions, degrades basement membrane components and becomes a migratory mesenchymal cell."" [GOC:BHF, GOC:rph, PMID:20951801]",10,492,5,20972,0.01016260162601626,0.5,query_1,"['GO:0010717', 'GO:0060317']"
GO:BP,GO:0070391,response to lipoteichoic acid,0.00398035767359572,True,"""Any process that results in a change in state or activity of an organism (in terms of movement, secretion, enzyme production, gene expression, etc.) as a result of a lipoteichoic acid stimulus; lipoteichoic acid is a major component of the cell wall of gram-positive bacteria and typically consists of a chain of glycerol-phosphate repeating units linked to a glycolipid anchor."" [GOC:add, PMID:14665680, PMID:16020688]",10,492,5,20972,0.01016260162601626,0.5,query_1,"['GO:0002237', 'GO:1901700']"
GO:BP,GO:0002765,immune response-inhibiting signal transduction,0.00398035767359572,True,"""The cascade of processes by which a signal interacts with a receptor, causing a change in the level or activity of a second messenger or other downstream target, and ultimately leading to inhibition of an immune response."" [GOC:add, ISBN:0781735149]",10,492,5,20972,0.01016260162601626,0.5,query_1,['GO:0002764']
GO:BP,GO:0071223,cellular response to lipoteichoic acid,0.00398035767359572,True,"""Any process that results in a change in state or activity of a cell (in terms of movement, secretion, enzyme production, gene expression, etc.) as a result of a lipoteichoic acid stimulus; lipoteichoic acid is a major component of the cell wall of gram-positive bacteria and typically consists of a chain of glycerol-phosphate repeating units linked to a glycolipid anchor."" [GOC:mah]",10,492,5,20972,0.01016260162601626,0.5,query_1,"['GO:0070391', 'GO:0071219', 'GO:1901701']"
GO:BP,GO:0002921,negative regulation of humoral immune response,0.004016102877576628,True,"""Any process that stops, prevents, or reduces the frequency, rate, or extent of a humoral immune response."" [GOC:add]",17,492,6,20972,0.012195121951219513,0.35294117647058826,query_1,"['GO:0002920', 'GO:0006959', 'GO:0050777']"
GO:BP,GO:0051917,regulation of fibrinolysis,0.004016102877576628,True,"""Any process that modulates the frequency, rate or extent of fibrinolysis, an ongoing process that solubilizes fibrin, resulting in the removal of small blood clots."" [GOC:ai]",17,492,6,20972,0.012195121951219513,0.35294117647058826,query_1,"['GO:0030193', 'GO:0042730']"
HP,HP:0025337,Red eye,0.004017055731590105,True,A reddish appearance over the white part (sclera) of the eye ranging from a few enlarged blood vessels appearing as wiggly lines over the sclera to a bright red color completely covering to sclera.,130,204,18,5200,0.08823529411764706,0.13846153846153847,query_1,['HP:0008047']
HP,HP:0002664,Neoplasm,0.004029068387294478,True,An organ or organ-system abnormality that consists of uncontrolled autonomous cell-proliferation which can occur in any part of the body as a benign or malignant neoplasm (tumor).,988,204,66,5200,0.3235294117647059,0.06680161943319839,query_1,['HP:0000118']
GO:BP,GO:0014015,positive regulation of gliogenesis,0.004152639573219934,True,"""Any process that activates or increases the frequency, rate or extent of gliogenesis, the formation of mature glia."" [GOC:ef]",62,492,10,20972,0.02032520325203252,0.16129032258064516,query_1,"['GO:0014013', 'GO:0042063', 'GO:0050769']"
GO:BP,GO:0050926,regulation of positive chemotaxis,0.00418632114761554,True,"""Any process that modulates the frequency, rate or extent of the directed movement of a motile cell or organism towards a higher concentration in a concentration gradient of a specific chemical."" [GOC:ai]",26,492,7,20972,0.014227642276422764,0.2692307692307692,query_1,"['GO:0050918', 'GO:0050920']"
GO:BP,GO:1900048,positive regulation of hemostasis,0.00418632114761554,True,"""Any process that activates or increases the frequency, rate or extent of hemostasis."" [GOC:TermGenie]",26,492,7,20972,0.014227642276422764,0.2692307692307692,query_1,"['GO:0007599', 'GO:0048518', 'GO:1900046']"
GO:BP,GO:0050857,positive regulation of antigen receptor-mediated signaling pathway,0.00418632114761554,True,"""Any process that activates or increases the frequency, rate or extent of signaling pathways initiated by the cross-linking of an antigen receptor on a B- or T cell."" [GOC:ai]",26,492,7,20972,0.014227642276422764,0.2692307692307692,query_1,"['GO:0009967', 'GO:0050778', 'GO:0050851', 'GO:0050854']"
GO:BP,GO:0030194,positive regulation of blood coagulation,0.00418632114761554,True,"""Any process that activates or increases the frequency, rate or extent of blood coagulation."" [GOC:mah]",26,492,7,20972,0.014227642276422764,0.2692307692307692,query_1,"['GO:0007596', 'GO:0030193', 'GO:0050820', 'GO:0090303', 'GO:1900048']"
GO:BP,GO:0031639,plasminogen activation,0.00418632114761554,True,"""The process in which inactive plasminogen is processed to active plasmin. This process includes cleavage at an internal Arg-Val site to form an N-terminal A-chain and C-terminal B-chain held together by a disulfide bond, and can include further proteolytic cleavage events to remove the preactivation peptide."" [PMID:9548733]",26,492,7,20972,0.014227642276422764,0.2692307692307692,query_1,['GO:0031638']
GO:BP,GO:0032753,positive regulation of interleukin-4 production,0.00418632114761554,True,"""Any process that activates or increases the frequency, rate, or extent of interleukin-4 production."" [GOC:mah]",26,492,7,20972,0.014227642276422764,0.2692307692307692,query_1,"['GO:0001819', 'GO:0032633', 'GO:0032673']"
HPA,HPA:0640411,Endometrium; macrophages[≥Low],0.004273678533442621,True,Endometrium; macrophages[≥Low],26,355,7,11007,0.01971830985915493,0.2692307692307692,query_1,['HPA:0640000']
HPA,HPA:0640412,Endometrium; macrophages[≥Medium],0.004273678533442621,True,Endometrium; macrophages[≥Medium],26,355,7,11007,0.01971830985915493,0.2692307692307692,query_1,['HPA:0640411']
HP,HP:0002719,Recurrent infections,0.004276306021950327,True,Increased susceptibility to infections as manifested by repeated bouts of infection.,1074,204,70,5200,0.3431372549019608,0.06517690875232775,query_1,['HP:0032101']
HP,HP:0012190,T-cell lymphoma,0.004284146552770496,True,A type of lymphoma that originates in T-cells.,12,204,6,5200,0.029411764705882353,0.5,query_1,['HP:0012539']
HP,HP:0004947,Arteriovenous fistula,0.004284146552770496,True,An abnormal connection between an artery and vein.,12,204,6,5200,0.029411764705882353,0.5,query_1,['HP:0100026']
HP,HP:0000488,Retinopathy,0.004373923495664841,True,"Any noninflammatory disease of the retina. This nonspecific term is retained here because of its wide use in the literature, but if possible new annotations should indicate the precise type of retinal abnormality.",144,204,19,5200,0.09313725490196079,0.13194444444444445,query_1,['HP:0000479']
HP,HP:0030972,Abnormal systemic blood pressure,0.0044519011328470505,True,A chronic deviation from normal pressure in the systemic arterial system.,592,204,46,5200,0.22549019607843138,0.0777027027027027,query_1,['HP:0011025']
GO:BP,GO:0071526,semaphorin-plexin signaling pathway,0.004462938390894547,True,"""The series of molecular signals generated as a consequence of a semaphorin receptor (composed of a plexin and a neurophilin) binding to a semaphorin ligand."" [GOC:BHF, GOC:mah, GOC:vk, PMID:15239959]",49,492,9,20972,0.018292682926829267,0.1836734693877551,query_1,['GO:0007166']
GO:BP,GO:0007044,cell-substrate junction assembly,0.004523390870470665,True,"""The aggregation, arrangement and bonding together of a set of components to form a junction between a cell and its substrate."" [GOC:mah]",93,492,12,20972,0.024390243902439025,0.12903225806451613,query_1,"['GO:0034329', 'GO:0150115']"
HPA,HPA:0641511,Endometrium; nonciliated glandular epithelial cells[≥Low],0.004543170496847396,True,Endometrium; nonciliated glandular epithelial cells[≥Low],58,355,10,11007,0.028169014084507043,0.1724137931034483,query_1,['HPA:0640000']
TF,TF:M09659,Factor: PU.1; motif: NRAAAGAGGAAGTGARA,0.004603727035315439,True,Factor: PU.1; motif: NRAAAGAGGAAGTGARA,2606,497,102,20093,0.2052313883299799,0.039140445126630855,query_1,['TF:M00000']
HP,HP:0100654,Retrobulbar optic neuritis,0.004738130141777453,True,Optic neuritis that occurs in the section of the optic nerve located behind the eyeball.,18,204,7,5200,0.03431372549019608,0.3888888888888889,query_1,['HP:0100653']
REAC,REAC:R-HSA-202433,Generation of second messenger molecules,0.00475127475189386,True,Generation of second messenger molecules,35,456,9,11056,0.019736842105263157,0.2571428571428571,query_1,['REAC:R-HSA-202403']
GO:BP,GO:0060249,anatomical structure homeostasis,0.004753187855328138,True,"""A homeostatic process involved in the maintenance of an internal steady state within a defined anatomical structure of an organism, including control of cellular proliferation and death and control of metabolic function. An anatomical structure is any biological entity that occupies space and is distinguished from its surroundings. Anatomical structures can be macroscopic such as a carpel, or microscopic such as an acrosome."" [GOC:dph]",271,492,21,20972,0.042682926829268296,0.07749077490774908,query_1,['GO:0048871']
GO:BP,GO:0001894,tissue homeostasis,0.004753187855328138,True,"""A homeostatic process involved in the maintenance of an internal steady state within a defined tissue of an organism, including control of cellular proliferation and death and control of metabolic function."" [GOC:add, GOC:isa_complete]",271,492,21,20972,0.042682926829268296,0.07749077490774908,query_1,"['GO:0048871', 'GO:0060249']"
MIRNA,MIRNA:hsa-mir-126-3p,hsa-mir-126-3p,0.004770748870195837,True,hsa-mir-126-3p,57,478,10,16638,0.02092050209205021,0.17543859649122806,query_1,['MIRNA:000000']
GO:BP,GO:0016447,somatic recombination of immunoglobulin gene segments,0.004833775615020391,True,"""The process in which immunoglobulin genes are formed through recombination of the germline genetic elements, as known as immunoglobulin gene segments, within a single locus."" [GOC:add, ISBN:0781735149]",63,492,10,20972,0.02032520325203252,0.15873015873015872,query_1,"['GO:0002562', 'GO:0016445']"
WP,WP:WP4582,Cancer immunotherapy by CTLA4 blockade,0.004903061963140848,True,Cancer immunotherapy by CTLA4 blockade,14,410,6,8899,0.014634146341463415,0.42857142857142855,query_1,['WP:000000']
GO:BP,GO:0002200,somatic diversification of immune receptors,0.004994237669959598,True,"""The somatic process allowing for the production of immune receptors whose specificity is not encoded in the germline genomic sequences."" [GOC:add, ISBN:0781735149, PMID:16102575, PMID:16166509]",78,492,11,20972,0.022357723577235773,0.14102564102564102,query_1,"['GO:0002376', 'GO:0002520']"
GO:BP,GO:0097006,regulation of plasma lipoprotein particle levels,0.004994237669959598,True,"""Any process involved in the maintenance of internal levels of plasma lipoprotein particles within an organism."" [GOC:BHF]",78,492,11,20972,0.022357723577235773,0.14102564102564102,query_1,['GO:0050789']
GO:BP,GO:0072593,reactive oxygen species metabolic process,0.0050312223957631064,True,"""The chemical reactions and pathways involving a reactive oxygen species, any molecules or ions formed by the incomplete one-electron reduction of oxygen. They contribute to the microbicidal activity of phagocytes, regulation of signal transduction and gene expression, and the oxidative damage to biopolymers."" [GOC:mah]",228,492,19,20972,0.03861788617886179,0.08333333333333333,query_1,['GO:0008152']
HP,HP:0000988,Skin rash,0.005033345934314344,True,A red eruption of the skin.,173,204,21,5200,0.10294117647058823,0.12138728323699421,query_1,['HP:0011123']
GO:BP,GO:0046330,positive regulation of JNK cascade,0.005076628419726079,True,"""Any process that activates or increases the frequency, rate or extent of signal transduction mediated by the JNK cascade."" [GOC:bf]",94,492,12,20972,0.024390243902439025,0.1276595744680851,query_1,"['GO:0007254', 'GO:0043410', 'GO:0046328']"
REAC,REAC:R-HSA-2173782,Binding and Uptake of Ligands by Scavenger Receptors,0.005115498119187119,True,Binding and Uptake of Ligands by Scavenger Receptors,97,456,15,11056,0.03289473684210526,0.15463917525773196,query_1,['REAC:R-HSA-5653656']
REAC,REAC:R-HSA-3560801,Defective B3GAT3 causes JDSSDHD,0.005174644152893015,True,Defective B3GAT3 causes JDSSDHD,20,456,7,11056,0.015350877192982455,0.35,query_1,['REAC:R-HSA-3560782']
REAC,REAC:R-HSA-4420332,Defective B3GALT6 causes EDSP2 and SEMDJL1,0.005174644152893015,True,Defective B3GALT6 causes EDSP2 and SEMDJL1,20,456,7,11056,0.015350877192982455,0.35,query_1,['REAC:R-HSA-3560782']
REAC,REAC:R-HSA-3560783,"Defective B4GALT7 causes EDS, progeroid type",0.005174644152893015,True,"Defective B4GALT7 causes EDS, progeroid type",20,456,7,11056,0.015350877192982455,0.35,query_1,['REAC:R-HSA-3560782']
WP,WP:WP4146,Macrophage markers,0.005314298340261576,True,Macrophage markers,9,410,5,8899,0.012195121951219513,0.5555555555555556,query_1,['WP:000000']
HPA,HPA:0641521,Endometrium; nonciliated luminal epithelial cells[≥Low],0.005315751013602923,True,Endometrium; nonciliated luminal epithelial cells[≥Low],59,355,10,11007,0.028169014084507043,0.1694915254237288,query_1,['HPA:0640000']
GO:CC,GO:0140143,collagenous component of basement membrane,0.005328465977518071,True,"""Collagenous component of basement membrane ECMs, including collagen IV and other types of collagen specifically expressed in basement membrane."" [PMID:21123617, PMID:21421915, PMID:28040522, PMID:28324731, PMID:31387942, PMID:39223427]",8,497,4,22155,0.008048289738430584,0.5,query_1,"['GO:0030312', 'GO:0140139']"
GO:BP,GO:0140894,endolysosomal toll-like receptor signaling pathway,0.005330583534626042,True,"""The series of molecular signals initiated by a ligand binding to an endolysosomal pattern recognition receptor (PRR) of the toll-like family. PRRs bind pathogen-associated molecular pattern (PAMPs), structures conserved among microbial species."" [PMID:29679565]",50,492,9,20972,0.018292682926829267,0.18,query_1,['GO:0002753']
REAC,REAC:R-HSA-373755,Semaphorin interactions,0.005365894771625965,True,Semaphorin interactions,64,456,12,11056,0.02631578947368421,0.1875,query_1,['REAC:R-HSA-422475']
HP,HP:0006824,Cranial nerve paralysis,0.005463389216434757,True,Cranial nerve paralysis,296,204,29,5200,0.14215686274509803,0.09797297297297297,query_1,['HP:0031910']
HP,HP:0002720,Decreased circulating IgA concentration,0.005490325714799565,True,Decreased levels of immunoglobulin A (IgA).,95,204,15,5200,0.07352941176470588,0.15789473684210525,query_1,"['HP:0004313', 'HP:0410240']"
GO:BP,GO:0043032,positive regulation of macrophage activation,0.005537780316489482,True,"""Any process that stimulates, induces or increases the rate of macrophage activation."" [GOC:jl]",27,492,7,20972,0.014227642276422764,0.25925925925925924,query_1,"['GO:0002696', 'GO:0042116', 'GO:0043030']"
GO:BP,GO:0090025,regulation of monocyte chemotaxis,0.005537780316489482,True,"""Any process that modulates the frequency, rate, or extent of monocyte chemotaxis."" [GOC:dph, GOC:tb]",27,492,7,20972,0.014227642276422764,0.25925925925925924,query_1,"['GO:0002548', 'GO:0002688', 'GO:0071675']"
WP,WP:WP5144,NRP1 triggered signaling in pancreatic cancer ,0.005572736961590269,True,NRP1 triggered signaling in pancreatic cancer ,53,410,11,8899,0.026829268292682926,0.20754716981132076,query_1,['WP:000000']
GO:BP,GO:0002260,lymphocyte homeostasis,0.005681082043377506,True,"""The process of regulating the proliferation and elimination of lymphocytes such that the total number of lymphocytes within a whole or part of an organism is stable over time in the absence of an outside stimulus."" [GOC:add, PMID:15826826, PMID:16319493, PMID:16551252, PMID:16551262]",79,492,11,20972,0.022357723577235773,0.13924050632911392,query_1,['GO:0001776']
GO:BP,GO:0014013,regulation of gliogenesis,0.005688781591735612,True,"""Any process that modulates the frequency, rate or extent of gliogenesis, the formation of mature glia."" [GOC:ef]",95,492,12,20972,0.024390243902439025,0.12631578947368421,query_1,"['GO:0042063', 'GO:0050767']"
HPA,HPA:0030431,Appendix; germinal center cells[≥Low],0.005700525497031653,True,Appendix; germinal center cells[≥Low],286,355,24,11007,0.0676056338028169,0.08391608391608392,query_1,['HPA:0030000']
GO:BP,GO:0006958,"complement activation, classical pathway",0.005706408379038754,True,"""Any process involved in the activation of any of the steps of the classical pathway of the complement cascade which allows for the direct killing of microbes, the disposal of immune complexes, and the regulation of other immune processes."" [GOC:add, ISBN:0781735149]",38,492,8,20972,0.016260162601626018,0.21052631578947367,query_1,"['GO:0002455', 'GO:0006956']"
GO:BP,GO:0045191,regulation of isotype switching,0.005706408379038754,True,"""Any process that modulates the frequency, rate or extent of isotype switching."" [GOC:ai]",38,492,8,20972,0.016260162601626018,0.21052631578947367,query_1,"['GO:0000018', 'GO:0002637', 'GO:0002889', 'GO:0045190', 'GO:0050864']"
GO:BP,GO:0045730,respiratory burst,0.005706408379038754,True,"""A phase of elevated metabolic activity, during which oxygen consumption increases; this leads to the production, by an NADH dependent system, of hydrogen peroxide (H2O2), superoxide anions and hydroxyl radicals."" [ISBN:0198506732]",38,492,8,20972,0.016260162601626018,0.21052631578947367,query_1,['GO:0008152']
GO:BP,GO:0002830,positive regulation of type 2 immune response,0.005904973376290786,True,"""Any process that activates or increases the frequency, rate, or extent of a type 2 immune response."" [GOC:add]",18,492,6,20972,0.012195121951219513,0.3333333333333333,query_1,"['GO:0002828', 'GO:0042092', 'GO:0050778']"
HP,HP:0003212,Increased circulating IgE concentration,0.0063339441631086405,True,An abnormally increased overall level of immunoglobulin E in blood.,52,204,11,5200,0.05392156862745098,0.21153846153846154,query_1,"['HP:0010702', 'HP:0410241']"
HP,HP:0002205,Recurrent respiratory infections,0.006388613434810798,True,An increased susceptibility to respiratory infections as manifested by a history of recurrent respiratory infections.,696,204,51,5200,0.25,0.07327586206896551,query_1,"['HP:0002719', 'HP:0011947']"
GO:MF,GO:0046977,TAP binding,0.0064820342640020704,True,"""Binding to TAP protein, transporter associated with antigen processing protein. TAP protein is a heterodimeric peptide transporter consisting of the subunits TAP1 and TAP2."" [PMID:11133832]",7,490,4,20208,0.00816326530612245,0.5714285714285714,query_1,['GO:0005515']
GO:MF,GO:0023024,MHC class I protein complex binding,0.0064820342640020704,True,"""Binding to a class I major histocompatibility complex."" [GOC:mtg_signal, GOC:vw]",7,490,4,20208,0.00816326530612245,0.5714285714285714,query_1,['GO:0023023']
GO:MF,GO:1990405,protein antigen binding,0.0064820342640020704,True,"""Binding to a protein antigen."" [PMID:9360996]",7,490,4,20208,0.00816326530612245,0.5714285714285714,query_1,"['GO:0003823', 'GO:0005515']"
GO:BP,GO:0120161,regulation of cold-induced thermogenesis,0.0064822086176978795,True,"""Any process that modulates the frequency, rate or extent of cold-induced thermogenesis."" [PMID:27876809]",150,492,15,20972,0.03048780487804878,0.1,query_1,"['GO:0051239', 'GO:0106106']"
GO:CC,GO:0098978,glutamatergic synapse,0.00652184044908901,True,"""A synapse that uses glutamate as a neurotransmitter."" [GOC:dos]",548,497,29,22155,0.05835010060362173,0.05291970802919708,query_1,['GO:0045202']
GO:BP,GO:0032880,regulation of protein localization,0.006739655069949848,True,"""Any process that modulates the frequency, rate or extent of any process in which a protein is transported to, or maintained in, a specific location."" [GOC:dph, GOC:mah, GOC:tb]",859,492,43,20972,0.08739837398373984,0.050058207217694994,query_1,"['GO:0008104', 'GO:0032879']"
HP,HP:0002027,Abdominal pain,0.006784619438617133,True,"An unpleasant sensation characterized by physical discomfort (such as pricking, throbbing, or aching) and perceived to originate in the abdomen.",349,204,32,5200,0.1568627450980392,0.09169054441260745,query_1,"['HP:0011458', 'HP:0012531']"
TF,TF:M12732_1,Factor: ZNF532; motif: NGGRGCTGGG; match class: 1,0.0068029953077476555,True,Factor: ZNF532; motif: NGGRGCTGGG; match class: 1,3480,497,127,20093,0.25553319919517103,0.03649425287356322,query_1,['TF:M12732']
GO:BP,GO:0030855,epithelial cell differentiation,0.006981831293232533,True,"""The process in which a relatively unspecialized cell acquires specialized features of an epithelial cell, any of the cells making up an epithelium."" [GOC:ecd, PMID:11839751]",745,492,39,20972,0.07926829268292683,0.052348993288590606,query_1,"['GO:0030154', 'GO:0060429']"
HP,HP:0001824,Weight loss,0.006994541891483897,True,Reduction of total body weight.,401,204,35,5200,0.1715686274509804,0.08728179551122195,query_1,['HP:0004325']
GO:BP,GO:0002446,neutrophil mediated immunity,0.0070327321939997614,True,"""Any process involved in the carrying out of an immune response by a neutrophil."" [GO_REF:0000022, GOC:add, ISBN:0781735149]",39,492,8,20972,0.016260162601626018,0.20512820512820512,query_1,['GO:0002444']
GO:BP,GO:0106106,cold-induced thermogenesis,0.007044765080145257,True,"""The process by which heat is generated by increasing metabolism in response to cold ambient temperatures in order to maintain a stable core body temperature."" [PMID:27876809]",151,492,15,20972,0.03048780487804878,0.09933774834437085,query_1,['GO:1990845']
GO:BP,GO:0002604,regulation of dendritic cell antigen processing and presentation,0.007156449610198725,True,"""Any process that modulates the frequency, rate, or extent of dendritic cell antigen processing and presentation."" [GOC:add]",11,492,5,20972,0.01016260162601626,0.45454545454545453,query_1,"['GO:0002468', 'GO:0002577']"
GO:BP,GO:0034384,high-density lipoprotein particle clearance,0.007156449610198725,True,"""The process in which a high-density lipoprotein particle is removed from the blood via receptor-mediated endocytosis and its constituent parts degraded."" [GOC:BHF, GOC:mah]",11,492,5,20972,0.01016260162601626,0.45454545454545453,query_1,['GO:0034381']
GO:BP,GO:0034350,regulation of glial cell apoptotic process,0.007156449610198725,True,"""Any process that modulates the frequency, rate, or extent of glial cell apoptotic process."" [GOC:mah, GOC:mtg_apoptosis]",11,492,5,20972,0.01016260162601626,0.45454545454545453,query_1,"['GO:0034349', 'GO:0042981']"
HP,HP:0031910,Abnormal cranial nerve physiology,0.007162683555476166,True,"A functional abnormality affecting one or more of the cranial nerves, which emerge directly from the brain stem.",300,204,29,5200,0.14215686274509803,0.09666666666666666,query_1,['HP:0012638']
HP,HP:0001933,Subcutaneous hemorrhage,0.007175148561772726,True,"This term refers to an abnormally increased susceptibility to bruising (purpura, petechiae, or ecchymoses).",252,204,26,5200,0.12745098039215685,0.10317460317460317,query_1,"['HP:0001892', 'HP:0011276']"
HP,HP:0000031,Epididymitis,0.007254095869057116,True,The presence of inflammation of the epididymis.,19,204,7,5200,0.03431372549019608,0.3684210526315789,query_1,"['HP:0009714', 'HP:0012649']"
REAC,REAC:R-HSA-164938,Nef-mediates down modulation of cell surface receptors by recruiting them to clathrin adapters,0.007487869122273098,True,Nef-mediates down modulation of cell surface receptors by recruiting them to clathrin adapters,21,456,7,11056,0.015350877192982455,0.3333333333333333,query_1,['REAC:R-HSA-164952']
HP,HP:0025019,Arterial rupture,0.007504539869719153,True,Sudden breakage of an artery leading to leakage of blood from the circulation.,8,204,5,5200,0.024509803921568627,0.625,query_1,['HP:0025323']
HP,HP:0004937,Pulmonary artery aneurysm,0.007504539869719153,True,An aneurysm (severe localized balloon-like outward bulging) in the pulmonary artery.,8,204,5,5200,0.024509803921568627,0.625,query_1,['HP:0004927']
HP,HP:0002511,Alzheimer disease,0.007504539869719153,True,"A degenerative disease of the brain characterized by the insidious onset of dementia. Impairment of memory, judgment, attention span, and problem solving skills are followed by severe apraxia and a global loss of cognitive abilities. The condition primarily occurs after age 60, and is marked pathologically by severe cortical atrophy and the triad of senile plaques, neurofibrillary tangles, and neuropil threads.",8,204,5,5200,0.024509803921568627,0.625,query_1,['HP:0002011']
GO:BP,GO:0048146,positive regulation of fibroblast proliferation,0.0075088170507820965,True,"""Any process that activates or increases the frequency, rate or extent of multiplication or reproduction of fibroblast cells."" [GOC:jid]",52,492,9,20972,0.018292682926829267,0.17307692307692307,query_1,"['GO:0008284', 'GO:0048144', 'GO:0048145']"
GO:BP,GO:0048260,positive regulation of receptor-mediated endocytosis,0.0075088170507820965,True,"""Any process that activates or increases the frequency, rate or extent of receptor mediated endocytosis, the uptake of external materials by cells, utilizing receptors to ensure specificity of transport."" [GOC:go_curators, GOC:tb]",52,492,9,20972,0.018292682926829267,0.17307692307692307,query_1,"['GO:0006898', 'GO:0045807', 'GO:0048259']"
TF,TF:M04788,Factor: IRF-1; motif: STTTCACTTTCNNT,0.007634453913433933,True,Factor: IRF-1; motif: STTTCACTTTCNNT,568,497,34,20093,0.06841046277665996,0.05985915492957746,query_1,['TF:M00000']
HP,HP:0005294,Arterial dissection,0.00769715631206244,True,A separation (dissection) of the layers of an artery.,13,204,6,5200,0.029411764705882353,0.46153846153846156,query_1,['HP:0011004']
HP,HP:0012888,Abnormal uterine cervix morphology,0.00769715631206244,True,"An anomaly of the neck of the uterus (lower part of the uterus), called the uterine cervix.",13,204,6,5200,0.029411764705882353,0.46153846153846156,query_1,['HP:0000130']
HP,HP:0040313,Oligoarthritis,0.00769715631206244,True,A type of arthritis that affects up to four joints in the first six months of disease.,13,204,6,5200,0.029411764705882353,0.46153846153846156,query_1,['HP:0001369']
HP,HP:0003179,Protrusio acetabuli,0.00769715631206244,True,Intrapelvic bulging of the medial acetabular wall.,13,204,6,5200,0.029411764705882353,0.46153846153846156,query_1,['HP:0003170']
HP,HP:0011025,Abnormal cardiovascular system physiology,0.007862259604386261,True,Abnormal functionality of the cardiovascular system.,1536,204,90,5200,0.4411764705882353,0.05859375,query_1,['HP:0001626']
HPA,HPA:0400201,Rectum; endothelial cells[≥Low],0.007870447173213321,True,Rectum; endothelial cells[≥Low],254,355,22,11007,0.061971830985915494,0.08661417322834646,query_1,['HPA:0400000']
GO:MF,GO:0098821,BMP receptor activity,0.007884809902720662,True,"""Combining with a member of the bone morphogenetic protein (BMP) family, and transmitting a signal across the plasma membrane to initiate a change in cell activity."" [GOC:BHF, GOC:dos]",14,490,5,20208,0.01020408163265306,0.35714285714285715,query_1,['GO:0004675']
GO:MF,GO:0032393,MHC class I receptor activity,0.007884809902720662,True,"""Combining with an MHC class I protein complex to initiate a change in cellular activity. Class I here refers to classical class I molecules."" [GOC:add, ISBN:0781735149]",14,490,5,20208,0.01020408163265306,0.35714285714285715,query_1,"['GO:0004888', 'GO:0140375']"
GO:BP,GO:0010558,negative regulation of macromolecule biosynthetic process,0.007997325469412385,True,"""Any process that decreases the rate, frequency or extent of the chemical reactions and pathways resulting in the formation of a macromolecule, any molecule of high relative molecular mass, the structure of which essentially comprises the multiple repetition of units derived, actually or conceptually, from molecules of low relative molecular mass."" [GOC:dph, GOC:tb]",2733,492,100,20972,0.2032520325203252,0.03658982802780827,query_1,"['GO:0009059', 'GO:0009890', 'GO:0010556', 'GO:0010605']"
TF,TF:M09729_1,Factor: LUMAN; motif: CYCAGCYYCY; match class: 1,0.008137794226476862,True,Factor: LUMAN; motif: CYCAGCYYCY; match class: 1,4664,497,160,20093,0.32193158953722334,0.03430531732418525,query_1,['TF:M09729']
GO:MF,GO:0004911,interleukin-2 receptor activity,0.008144604305353716,True,"""Combining with interleukin-2 and transmitting the signal from one side of the membrane to the other to initiate a change in cell activity."" [GOC:jl, GOC:signaling]",3,490,3,20208,0.006122448979591836,1.0,query_1,['GO:0004896']
GO:MF,GO:0019976,interleukin-2 binding,0.008144604305353716,True,"""Binding to interleukin-2."" [GOC:jl]",3,490,3,20208,0.006122448979591836,1.0,query_1,"['GO:0019838', 'GO:0019955']"
GO:CC,GO:0005737,cytoplasm,0.008160953385188104,True,"""The contents of a cell excluding the plasma membrane and nucleus, but including other subcellular structures."" [ISBN:0198547684]",12601,497,327,22155,0.6579476861167002,0.025950321403063248,query_1,"['GO:0005622', 'GO:0110165']"
WP,WP:WP4331,Neovascularization processes,0.008180169099874969,True,Neovascularization processes,37,410,9,8899,0.02195121951219512,0.24324324324324326,query_1,['WP:000000']
GO:BP,GO:0043299,leukocyte degranulation,0.008263296866338846,True,"""The regulated exocytosis of secretory granules by a leukocyte."" [GO_REF:0000022, GOC:add, ISBN:0781735149]",82,492,11,20972,0.022357723577235773,0.13414634146341464,query_1,"['GO:0002252', 'GO:0045055', 'GO:0051649']"
KEGG,KEGG:05170,Human immunodeficiency virus 1 infection,0.008290021538554569,True,Human immunodeficiency virus 1 infection,212,416,24,8716,0.057692307692307696,0.11320754716981132,query_1,['KEGG:00000']
GO:BP,GO:0051604,protein maturation,0.008389406316975113,True,"""Any process leading to the attainment of the full functional capacity of a protein."" [GOC:ai]",530,492,31,20972,0.06300813008130081,0.05849056603773585,query_1,"['GO:0010467', 'GO:0019538']"
GO:BP,GO:0050862,positive regulation of T cell receptor signaling pathway,0.008459672771369562,True,"""Any process that activates or increases the frequency, rate or extent of signaling pathways initiated by the cross-linking of an antigen receptor on a T cell."" [GOC:ai]",19,492,6,20972,0.012195121951219513,0.3157894736842105,query_1,"['GO:0050852', 'GO:0050856', 'GO:0050857']"
GO:BP,GO:0002281,macrophage activation involved in immune response,0.008459672771369562,True,"""A change in morphology and behavior of a macrophage resulting from exposure to a cytokine, chemokine, cellular ligand, or soluble factor, leading to the initiation or perpetuation of an immune response."" [GOC:add, ISBN:0781735149]",19,492,6,20972,0.012195121951219513,0.3157894736842105,query_1,"['GO:0002275', 'GO:0002366', 'GO:0042116']"
WP,WP:WP5491,Transcriptional regulation of memory B cell differentiation,0.008593866340653084,True,Transcriptional regulation of memory B cell differentiation,46,410,10,8899,0.024390243902439025,0.21739130434782608,query_1,['WP:000000']
GO:BP,GO:0034381,plasma lipoprotein particle clearance,0.008611814611703583,True,"""The process in which a lipoprotein particle is removed from the blood via receptor-mediated endocytosis and its constituent parts degraded."" [GOC:ascb_2009, GOC:BHF, GOC:dph, GOC:mah, GOC:tb]",40,492,8,20972,0.016260162601626018,0.2,query_1,"['GO:0032501', 'GO:0097006']"
GO:BP,GO:0060390,regulation of SMAD protein signal transduction,0.00862551438833954,True,"""Any process that modulates the rate, frequency or extent of SMAD protein signal transduction."" [GOC:BHF, GOC:dph, GOC:tb]",67,492,10,20972,0.02032520325203252,0.14925373134328357,query_1,"['GO:0060395', 'GO:1902531']"
REAC,REAC:R-HSA-983170,"Antigen Presentation: Folding, assembly and peptide loading of class I MHC",0.008637754029413547,True,"Antigen Presentation: Folding, assembly and peptide loading of class I MHC",29,456,8,11056,0.017543859649122806,0.27586206896551724,query_1,['REAC:R-HSA-983169']
GO:CC,GO:0031092,platelet alpha granule membrane,0.009007147635711374,True,"""The lipid bilayer surrounding the platelet alpha granule."" [GOC:mah, PMID:8467233]",17,497,5,22155,0.01006036217303823,0.29411764705882354,query_1,"['GO:0030667', 'GO:0031091']"
HP,HP:0002783,Recurrent lower respiratory tract infections,0.00900764856659427,True,An increased susceptibility to lower respiratory tract infections as manifested by a history of recurrent lower respiratory tract infections.,271,204,27,5200,0.1323529411764706,0.0996309963099631,query_1,['HP:0002205']
GO:BP,GO:0071347,cellular response to interleukin-1,0.009327127276778823,True,"""Any process that results in a change in state or activity of a cell (in terms of movement, secretion, enzyme production, gene expression, etc.) as a result of an interleukin-1 stimulus."" [GOC:mah]",83,492,11,20972,0.022357723577235773,0.13253012048192772,query_1,"['GO:0070555', 'GO:0071345']"
TF,TF:M09915_1,Factor: PEA3; motif: NNCAGGAARNN; match class: 1,0.009340631741988858,True,Factor: PEA3; motif: NNCAGGAARNN; match class: 1,5891,497,193,20093,0.38832997987927564,0.03276184009506026,query_1,['TF:M09915']
GO:BP,GO:0036037,"CD8-positive, alpha-beta T cell activation",0.009345379782431065,True,"""The change in morphology and behavior of a CD8-positive, alpha-beta T cell resulting from exposure to a mitogen, cytokine, chemokine, cellular ligand, or an antigen for which it is specific."" [CL:0000625, GOC:yaf]",29,492,7,20972,0.014227642276422764,0.2413793103448276,query_1,['GO:0046631']
GO:BP,GO:0045830,positive regulation of isotype switching,0.009345379782431065,True,"""Any process that activates or increases the frequency, rate or extent of isotype switching."" [GOC:go_curators]",29,492,7,20972,0.014227642276422764,0.2413793103448276,query_1,"['GO:0002639', 'GO:0002891', 'GO:0045190', 'GO:0045191', 'GO:0045911', 'GO:0050871', 'GO:0051094']"
HP,HP:0011840,Abnormal T cell physiology,0.009375061843179593,True,A functional anomaly of T cells.,87,204,14,5200,0.06862745098039216,0.16091954022988506,query_1,['HP:0031409']
GO:CC,GO:0140144,non-collagenous component of basement membrane,0.009420959639759592,True,"""The non-collagenous compartment of the solid phase in basement membrane ECM, including glycoproteins like laminins or nidogens."" [PMID:21421915, PMID:28324731]",9,497,4,22155,0.008048289738430584,0.4444444444444444,query_1,"['GO:0030312', 'GO:0140139']"
GO:CC,GO:0140349,laminin network,0.009420959639759592,True,"""A supramolecular network that forms mainly through linkages of the short laminin arms between the N-terminal regions of one alpha, one beta, and one gamma chain. The laminin network associates with the collagen network to create the stable, sheet-like structure of the basement membrane ECM."" [PMID:1577869, PMID:21421915, PMID:23263632, PMID:28187500]",9,497,4,22155,0.008048289738430584,0.4444444444444444,query_1,['GO:0099080']
GO:CC,GO:0043256,laminin trimer,0.009420959639759592,True,"""A large, extracellular glycoprotein complex composed of three different polypeptide chains, alpha, beta and gamma. Provides an integral part of the structural scaffolding of basement membranes."" [PMID:15979864, PMID:21421915, PMID:23263632]",9,497,4,22155,0.008048289738430584,0.4444444444444444,query_1,"['GO:0032991', 'GO:0140144', 'GO:0140349']"
WP,WP:WP5548,Blood based neuroinflammation markers ,0.009488287367536107,True,Blood based neuroinflammation markers ,22,410,7,8899,0.01707317073170732,0.3181818181818182,query_1,['WP:000000']
REAC,REAC:R-HSA-2214320,Anchoring fibril formation,0.009534396292718869,True,Anchoring fibril formation,15,456,6,11056,0.013157894736842105,0.4,query_1,['REAC:R-HSA-2022090']
GO:BP,GO:0070201,regulation of establishment of protein localization,0.00969983190912142,True,"""Any process that modulates the frequency, rate or extent of the directed movement of a protein to a specific location."" [GOC:BHF, GOC:mah]",481,492,29,20972,0.05894308943089431,0.060291060291060294,query_1,"['GO:0032880', 'GO:0045184']"
HP,HP:0008065,Aplasia/Hypoplasia of the skin,0.009890969555100817,True,Aplasia/Hypoplasia of the skin,210,204,23,5200,0.11274509803921569,0.10952380952380952,query_1,['HP:0011355']
GO:BP,GO:0016445,somatic diversification of immunoglobulins,0.00990310256383073,True,"""The somatic process that results in the generation of sequence diversity of immunoglobulins."" [GOC:add, GOC:ma, ISBN:0781735149]",68,492,10,20972,0.02032520325203252,0.14705882352941177,query_1,"['GO:0002200', 'GO:0002377']"
GO:BP,GO:0072001,renal system development,0.009929633538558674,True,"""The process whose specific outcome is the progression of the renal system over time, from its formation to the mature structure. The renal system maintains fluid balance and contributes to electrolyte balance, acid/base balance, and disposal of nitrogenous waste products. In humans, the renal system comprises a pair of kidneys, a pair of ureters, urinary bladder, urethra, sphincter muscle and associated blood vessels."" [GOC:mtg_kidney_jan10, GOC:yaf, PMID:6996269]",331,492,23,20972,0.046747967479674794,0.06948640483383686,query_1,['GO:0048731']
GO:BP,GO:0010596,negative regulation of endothelial cell migration,0.010411766799315308,True,"""Any process that decreases the rate, frequency, or extent of the orderly movement of an endothelial cell into the extracellular matrix to form an endothelium."" [GOC:BHF, GOC:dph, GOC:tb]",54,492,9,20972,0.018292682926829267,0.16666666666666666,query_1,"['GO:0010594', 'GO:0030336', 'GO:0043542']"
GO:BP,GO:0032620,interleukin-17 production,0.010481596547855148,True,"""The appearance of any member of the interleukin-17 family of cytokines due to biosynthesis or secretion following a cellular stimulus, resulting in an increase in its intracellular or extracellular levels."" [GOC:mah, GOC:rv, Wikipedia:Interleukin_17]",41,492,8,20972,0.016260162601626018,0.1951219512195122,query_1,['GO:0001816']
GO:BP,GO:0085029,extracellular matrix assembly,0.010481596547855148,True,"""The aggregation, arrangement and bonding together of the extracellular matrix."" [GOC:jl]",41,492,8,20972,0.016260162601626018,0.1951219512195122,query_1,"['GO:0022607', 'GO:0030198']"
GO:BP,GO:0032660,regulation of interleukin-17 production,0.010481596547855148,True,"""Any process that modulates the frequency, rate, or extent of production of any member of the interleukin-17 family of cytokines."" [GOC:add, GOC:mah, PMID:16482511]",41,492,8,20972,0.016260162601626018,0.1951219512195122,query_1,"['GO:0001817', 'GO:0032620']"
GO:BP,GO:0016043,cellular component organization,0.010708389940008962,True,"""A process that results in the assembly, arrangement of constituent parts, or disassembly of a cellular component."" [GOC:ai, GOC:jl, GOC:mah]",8325,492,244,20972,0.4959349593495935,0.02930930930930931,query_1,['GO:0071840']
HP,HP:0011032,Abnormality of fluid regulation,0.01071180026814735,True,An abnormality of the regulation of body fluids.,788,204,55,5200,0.2696078431372549,0.06979695431472081,query_1,['HP:0012337']
HP,HP:0100584,Endocarditis,0.010791457092914578,True,"An inflammation of the endocardium, the inner layer of the heart, which usually involves the heart valves.",20,204,7,5200,0.03431372549019608,0.35,query_1,"['HP:0004306', 'HP:0012649']"
HP,HP:0003249,Genital ulcers,0.010791457092914578,True,Genital ulcers,20,204,7,5200,0.03431372549019608,0.35,query_1,['HP:0012243']
GO:BP,GO:0051147,regulation of muscle cell differentiation,0.010805893149070954,True,"""Any process that modulates the frequency, rate or extent of muscle cell differentiation."" [CL:0000187, GOC:ai]",137,492,14,20972,0.028455284552845527,0.10218978102189781,query_1,"['GO:0042692', 'GO:0045595']"
GO:BP,GO:0090716,adaptive immune memory response,0.010810089150421195,True,"""An immune response directed against a previously encountered antigen, being quicker and quantitatively better compared with the primary response."" [GOC:add, PMID:26831526]",6,492,4,20972,0.008130081300813009,0.6666666666666666,query_1,"['GO:0002250', 'GO:0090713']"
GO:BP,GO:1903969,regulation of response to macrophage colony-stimulating factor,0.010810089150421195,True,"""Any process that modulates the frequency, rate or extent of response to macrophage colony-stimulating factor."" [GO_REF:0000058, GOC:BHF, GOC:nc, GOC:TermGenie, PMID:19100238]",6,492,4,20972,0.008130081300813009,0.6666666666666666,query_1,"['GO:0036005', 'GO:0060759']"
GO:BP,GO:1903972,regulation of cellular response to macrophage colony-stimulating factor stimulus,0.010810089150421195,True,"""Any process that modulates the frequency, rate or extent of cellular response to macrophage colony-stimulating factor stimulus."" [GO_REF:0000058, GOC:BHF, GOC:nc, GOC:TermGenie, PMID:19100238]",6,492,4,20972,0.008130081300813009,0.6666666666666666,query_1,"['GO:0036006', 'GO:1903969']"
GO:BP,GO:2000523,regulation of T cell costimulation,0.010810089150421195,True,"""Any process that modulates the frequency, rate or extent of T cell costimulation."" [GOC:obol]",6,492,4,20972,0.008130081300813009,0.6666666666666666,query_1,"['GO:0031295', 'GO:0050863', 'GO:1903037']"
GO:BP,GO:0002860,positive regulation of natural killer cell mediated cytotoxicity directed against tumor cell target,0.010810089150421195,True,"""Any process that activates or increases the frequency, rate, or extent of natural killer cell mediated cytotoxicity directed against tumor cell target."" [GOC:add]",6,492,4,20972,0.008130081300813009,0.6666666666666666,query_1,"['GO:0002420', 'GO:0002857', 'GO:0002858', 'GO:0045954']"
GO:BP,GO:0110011,regulation of basement membrane organization,0.010810089150421195,True,"""Any process that modulates the frequency, rate or extent of the assembly, disassembly or arrangement of constituent parts of the basement membrane."" [GOC:ha, PMID:27404358]",6,492,4,20972,0.008130081300813009,0.6666666666666666,query_1,"['GO:0071711', 'GO:1903053']"
TF,TF:M09956,Factor: IRF-1; motif: NAAANNGAAASTGAAASNRN,0.010853619209951794,True,Factor: IRF-1; motif: NAAANNGAAASTGAAASNRN,332,497,24,20093,0.0482897384305835,0.07228915662650602,query_1,['TF:M00000']
HP,HP:0032140,Decreased specific antibody response to vaccination,0.011068821973476549,True,"A reduced ability to synthesize postvaccination antibodies against toxoids and polysaccharides in vaccines, as measured by antibody titer determination following vaccination.",45,204,10,5200,0.049019607843137254,0.2222222222222222,query_1,['HP:0012475']
GO:BP,GO:0072659,protein localization to plasma membrane,0.011119431954095512,True,"""A process in which a protein is transported to, or maintained in, a specific location in the plasma membrane."" [GOC:mah]",286,492,21,20972,0.042682926829268296,0.07342657342657342,query_1,"['GO:0072657', 'GO:1990778']"
GO:MF,GO:1990782,protein tyrosine kinase binding,0.011165634184707568,True,"""Binding to protein tyrosine kinase."" [PMID:25499537]",113,490,12,20208,0.024489795918367346,0.10619469026548672,query_1,['GO:0019901']
REAC,REAC:R-HSA-5218859,Regulated Necrosis,0.011253901367613084,True,Regulated Necrosis,58,456,11,11056,0.02412280701754386,0.1896551724137931,query_1,['REAC:R-HSA-5357801']
GO:BP,GO:0051223,regulation of protein transport,0.011299597395618076,True,"""Any process that modulates the frequency, rate or extent of the directed movement of a protein into, out of or within a cell, or between cells, by means of some agent such as a transporter or pore."" [GOC:ai]",433,492,27,20972,0.054878048780487805,0.06235565819861432,query_1,"['GO:0015031', 'GO:0051049', 'GO:0070201']"
GO:BP,GO:0030199,collagen fibril organization,0.011341625066175488,True,"""Any process that determines the size and arrangement of collagen fibrils within an extracellular matrix."" [GOC:mah, ISBN:0815316194]",69,492,10,20972,0.02032520325203252,0.14492753623188406,query_1,['GO:0030198']
GO:BP,GO:0050770,regulation of axonogenesis,0.011772121862368028,True,"""Any process that modulates the frequency, rate or extent of axonogenesis, the generation of an axon, the long process of a neuron."" [GOC:ai]",138,492,14,20972,0.028455284552845527,0.10144927536231885,query_1,"['GO:0007409', 'GO:0010975', 'GO:0022603']"
GO:BP,GO:0048864,stem cell development,0.011819345849486875,True,"""The process whose specific outcome is the progression of the stem cell over time, from its formation to the mature structure. Cell development does not include the steps involved in committing a cell to its specific fate."" [CL:0000034, GOC:isa_complete]",85,492,11,20972,0.022357723577235773,0.12941176470588237,query_1,"['GO:0048468', 'GO:0048863']"
GO:BP,GO:0043011,myeloid dendritic cell differentiation,0.011846346407816125,True,"""The process in which a monocyte acquires the specialized features of a dendritic cell, an immunocompetent cell of the lymphoid and hemopoietic systems and skin."" [CL:0000782, GOC:jl]",20,492,6,20972,0.012195121951219513,0.3,query_1,"['GO:0001773', 'GO:0002573', 'GO:0097028']"
GO:BP,GO:0010744,positive regulation of macrophage derived foam cell differentiation,0.011846346407816125,True,"""Any process that increases the rate, frequency or extent of macrophage derived foam cell differentiation. Macrophage derived foam cell differentiation is the process in which a macrophage acquires the specialized features of a foam cell. A foam cell is a type of cell containing lipids in small vacuoles and typically seen in atherosclerotic lesions, as well as other conditions."" [GOC:add, GOC:dph, GOC:tb]",20,492,6,20972,0.012195121951219513,0.3,query_1,"['GO:0010742', 'GO:0010743', 'GO:0045597']"
GO:BP,GO:0032693,negative regulation of interleukin-10 production,0.011846346407816125,True,"""Any process that stops, prevents, or reduces the frequency, rate, or extent of interleukin-10 production."" [GOC:mah]",20,492,6,20972,0.012195121951219513,0.3,query_1,"['GO:0001818', 'GO:0032613', 'GO:0032653']"
GO:BP,GO:2001046,positive regulation of integrin-mediated signaling pathway,0.012031492168215398,True,"""Any process that activates or increases the frequency, rate or extent of integrin-mediated signaling pathway."" [GOC:obol]",12,492,5,20972,0.01016260162601626,0.4166666666666667,query_1,"['GO:0007229', 'GO:0009967', 'GO:2001044']"
GO:BP,GO:0007250,activation of NF-kappaB-inducing kinase activity,0.012031492168215398,True,"""The stimulation of the activity of NF-kappaB-inducing kinase through phosphorylation at specific residues."" [GOC:jl, PMID:12773372]",12,492,5,20972,0.01016260162601626,0.4166666666666667,query_1,"['GO:0032147', 'GO:0038061']"
GO:BP,GO:1900748,positive regulation of vascular endothelial growth factor signaling pathway,0.012031492168215398,True,"""Any process that activates or increases the frequency, rate or extent of vascular endothelial growth factor signaling pathway."" [GOC:TermGenie]",12,492,5,20972,0.01016260162601626,0.4166666666666667,query_1,"['GO:0009967', 'GO:0038084', 'GO:1900746']"
GO:BP,GO:0045060,negative thymic T cell selection,0.012031492168215398,True,"""The process of elimination of immature T cells in the thymus which react strongly with self-antigens."" [ISBN:0781735149, PMID:12414722]",12,492,5,20972,0.01016260162601626,0.4166666666666667,query_1,"['GO:0043383', 'GO:0045061']"
GO:BP,GO:0051918,negative regulation of fibrinolysis,0.012031492168215398,True,"""Any process that stops, prevents, or reduces the frequency, rate or extent of fibrinolysis, an ongoing process that solubilizes fibrin, resulting in the removal of small blood clots."" [GOC:ai]",12,492,5,20972,0.01016260162601626,0.4166666666666667,query_1,"['GO:0030194', 'GO:0032103', 'GO:0042730', 'GO:0048519', 'GO:0051917']"
GO:BP,GO:0140052,cellular response to oxidised low-density lipoprotein particle stimulus,0.012031492168215398,True,"""Any process that results in a change in state or activity of a cell (in terms of movement, secretion, enzyme production, gene expression, etc.) as a result of an oxidized lipoprotein particle stimulus."" [GOC:aruk, GOC:BHF, PMID:20037584, PMID:27607416]",12,492,5,20972,0.01016260162601626,0.4166666666666667,query_1,['GO:0071404']
TF,TF:M01882,Factor: IRF-2; motif: NNRAAAGTGAAASNNA,0.012170735033702104,True,Factor: IRF-2; motif: NNRAAAGTGAAASNNA,267,497,21,20093,0.04225352112676056,0.07865168539325842,query_1,['TF:M00000']
REAC,REAC:R-HSA-9006936,Signaling by TGFB family members,0.012176139892637248,True,Signaling by TGFB family members,156,456,19,11056,0.041666666666666664,0.12179487179487179,query_1,['REAC:R-HSA-162582']
GO:BP,GO:0010718,positive regulation of epithelial to mesenchymal transition,0.012192881340876215,True,"""Any process that increases the rate, frequency, or extent of epithelial to mesenchymal transition. Epithelial to mesenchymal transition is where an epithelial cell loses apical/basolateral polarity, severs intercellular adhesive junctions, degrades basement membrane components and becomes a migratory mesenchymal cell."" [GOC:BHF, GOC:dph, GOC:tb]",55,492,9,20972,0.018292682926829267,0.16363636363636364,query_1,"['GO:0001837', 'GO:0010717', 'GO:0045597', 'GO:0051240']"
GO:BP,GO:0031214,biomineral tissue development,0.012239868678264727,True,"""Formation of hard tissues that consist mainly of inorganic compounds, and also contain a small amounts of organic matrices that are believed to play important roles in their formation."" [PMID:15132736]",178,492,16,20972,0.032520325203252036,0.0898876404494382,query_1,"['GO:0009888', 'GO:0048513']"
GO:BP,GO:0050708,regulation of protein secretion,0.012420676463989833,True,"""Any process that modulates the frequency, rate or extent of the controlled release of a protein from a cell."" [GOC:ai]",265,492,20,20972,0.04065040650406504,0.07547169811320754,query_1,"['GO:0009306', 'GO:0051223', 'GO:1903530']"
HP,HP:0002665,Lymphoma,0.012506003188824617,True,A cancer originating in lymphocytes and presenting as a solid tumor of lymhpoid cells.,114,204,16,5200,0.0784313725490196,0.14035087719298245,query_1,['HP:0004377']
HP,HP:0040088,Abnormal lymphocyte count,0.012577023670934854,True,Any abnormality in the total number of lymphocytes in the blood.,213,204,23,5200,0.11274509803921569,0.107981220657277,query_1,"['HP:0004332', 'HP:0011893']"
WP,WP:WP2848,Pluripotent stem cell differentiation pathway,0.012695906060640048,True,Pluripotent stem cell differentiation pathway,48,410,10,8899,0.024390243902439025,0.20833333333333334,query_1,['WP:000000']
GO:MF,GO:0032395,MHC class II receptor activity,0.01271517554617803,True,"""Combining with an MHC class II protein complex and transmitting the signal from one side of the membrane to the other to initiate a change in cell activity."" [GOC:add, GOC:signaling, ISBN:0781735149]",8,490,4,20208,0.00816326530612245,0.5,query_1,"['GO:0004888', 'GO:0140375']"
GO:MF,GO:0016494,C-X-C chemokine receptor activity,0.01271517554617803,True,"""Combining with a C-X-C chemokine and transmitting the signal from one side of the membrane to the other to initiate a change in cell activity. A C-X-C chemokine has a single amino acid between the first two cysteines of the characteristic four cysteine motif."" [GOC:signaling, PMID:8662823]",8,490,4,20208,0.00816326530612245,0.5,query_1,['GO:0004950']
HP,HP:0012219,Erythema nodosum,0.012872937380580629,True,"An erythematous eruption commonly associated with drug reactions or infection and characterized by inflammatory nodules that are usually tender, multiple, and bilateral.",28,204,8,5200,0.0392156862745098,0.2857142857142857,query_1,['HP:0011123']
WP,WP:WP4585,Cancer immunotherapy by PD 1 blockade,0.013103324868828798,True,Cancer immunotherapy by PD 1 blockade,23,410,7,8899,0.01707317073170732,0.30434782608695654,query_1,['WP:000000']
HP,HP:0010974,Abnormal myeloid leukocyte morphology,0.013140033107442526,True,An abnormality of myeloid leukocytes.,360,204,32,5200,0.1568627450980392,0.08888888888888889,query_1,['HP:0001881']
HP,HP:0001574,Abnormality of the integument,0.013403959752599786,True,"An abnormality of the integument, which consists of the skin and the superficial fascia.",2666,204,135,5200,0.6617647058823529,0.050637659414853715,query_1,['HP:0000118']
HPA,HPA:0030432,Appendix; germinal center cells[≥Medium],0.013590659275061414,True,Appendix; germinal center cells[≥Medium],226,355,20,11007,0.056338028169014086,0.08849557522123894,query_1,['HPA:0030431']
HP,HP:0004944,Dilatation of the cerebral artery,0.01359906427143091,True,The presence of a localized dilatation or ballooning of a cerebral artery.,56,204,11,5200,0.05392156862745098,0.19642857142857142,query_1,"['HP:0002617', 'HP:0009145']"
REAC,REAC:R-HSA-8877330,RUNX1 and FOXP3 control the development of regulatory T lymphocytes (Tregs),0.013614734569793398,True,RUNX1 and FOXP3 control the development of regulatory T lymphocytes (Tregs),10,456,5,11056,0.010964912280701754,0.5,query_1,['REAC:R-HSA-8878171']
GO:BP,GO:0044057,regulation of system process,0.013704453118261038,True,"""Any process that modulates the frequency, rate or extent of a system process, a multicellular organismal process carried out by any of the organs or tissues in an organ system."" [GOC:jl]",543,492,31,20972,0.06300813008130081,0.0570902394106814,query_1,"['GO:0003008', 'GO:0051239']"
HP,HP:0011839,Abnormal total T cell count,0.013738979572666033,True,"Abnormal increase or decrease of absolute number of T cells or of a subset of T cells, commonly characterized as CD3+ lymphocytes, in the blood, per microlitre, compared to a reference range for a given sex and age-group. These may include both TCR alpha/beta and gamma/delta T cells.",78,204,13,5200,0.06372549019607843,0.16666666666666666,query_1,"['HP:0002843', 'HP:0040088']"
HP,HP:0002039,Anorexia,0.013790361291204116,True,Lack of desire to eat (loss of appetite).,128,204,17,5200,0.08333333333333333,0.1328125,query_1,['HP:0011458']
REAC,REAC:R-HSA-2219530,Constitutive Signaling by Aberrant PI3K in Cancer,0.013885305779728824,True,Constitutive Signaling by Aberrant PI3K in Cancer,70,456,12,11056,0.02631578947368421,0.17142857142857143,query_1,['REAC:R-HSA-2219528']
HPA,HPA:0381221,Placenta; syncytiotrophoblasts - microvilli[≥Low],0.014108614256205394,True,Placenta; syncytiotrophoblasts - microvilli[≥Low],362,355,27,11007,0.07605633802816901,0.07458563535911603,query_1,['HPA:0380000']
WP,WP:WP430,Statin inhibition of cholesterol production,0.014239747882910943,True,Statin inhibition of cholesterol production,31,410,8,8899,0.01951219512195122,0.25806451612903225,query_1,['WP:000000']
HP,HP:0002758,Osteoarthritis,0.014339491174472791,True,"Degeneration (wear and tear) of articular cartilage, i.e., of the joint surface. Joint degeneration may be accompanied by osteophytes (bone overgrowth), narrowing of the joint space, regions of sclerosis at the joint surface, or joint deformity.",67,204,12,5200,0.058823529411764705,0.1791044776119403,query_1,['HP:0001369']
GO:CC,GO:0002947,tumor necrosis factor receptor superfamily complex,0.01442448171489114,True,"""A receptor complex that contains one or more members of the tumor necrosis factor (TNF) receptor superfamily."" [GOC:krc]",4,497,3,22155,0.006036217303822937,0.75,query_1,['GO:0043235']
GO:CC,GO:0035867,alphav-beta3 integrin-IGF-1-IGF1R complex,0.01442448171489114,True,"""A protein complex that consists of an alphav-beta3 integrin complex bound to insulin-like growth factor-1 (IGF-1) and type I insulin-like growth factor receptor (IGF1R). IGF1R is a heterotetramer that consists of two alpha-subunits and two beta-subunits."" [GOC:BHF, GOC:ebc, PMID:19578119]",4,497,3,22155,0.006036217303822937,0.75,query_1,['GO:0098797']
GO:BP,GO:0045685,regulation of glial cell differentiation,0.014769616016175336,True,"""Any process that modulates the frequency, rate or extent of glia cell differentiation."" [GOC:go_curators]",71,492,10,20972,0.02032520325203252,0.14084507042253522,query_1,"['GO:0010001', 'GO:0045595']"
GO:BP,GO:0050853,B cell receptor signaling pathway,0.014769616016175336,True,"""The series of molecular signals initiated by the cross-linking of an antigen receptor on a B cell."" [GOC:add]",71,492,10,20972,0.02032520325203252,0.14084507042253522,query_1,['GO:0050851']
HPA,HPA:0641533,Endometrium; stromal fibroblasts[High],0.014864485531905744,True,Endometrium; stromal fibroblasts[High],31,355,7,11007,0.01971830985915493,0.22580645161290322,query_1,['HPA:0641532']
GO:MF,GO:0019901,protein kinase binding,0.014865925908970382,True,"""Binding to a protein kinase, any enzyme that catalyzes the transfer of a phosphate group, usually from ATP, to a protein substrate."" [GOC:jl]",680,490,35,20208,0.07142857142857142,0.051470588235294115,query_1,['GO:0019900']
KEGG,KEGG:04144,Endocytosis,0.015168273859209014,True,Endocytosis,248,416,26,8716,0.0625,0.10483870967741936,query_1,['KEGG:00000']
GO:BP,GO:0050922,negative regulation of chemotaxis,0.015266193907527965,True,"""Any process that stops, prevents, or reduces the frequency, rate or extent of the directed movement of a motile cell or organism in response to a specific chemical concentration gradient."" [GOC:ai]",43,492,8,20972,0.016260162601626018,0.18604651162790697,query_1,"['GO:0006935', 'GO:0032102', 'GO:0040013', 'GO:0050920']"
GO:BP,GO:1990000,amyloid fibril formation,0.015266193907527965,True,"""The generation of amyloid fibrils, insoluble fibrous protein aggregates exhibiting beta sheet structure, from proteins."" [GOC:cvs, GOC:jj, GOC:ppm, GOC:sj, PMID:21148556, PMID:22817896, PMID:28937655, PMID:29654159]",43,492,8,20972,0.016260162601626018,0.18604651162790697,query_1,"['GO:0019538', 'GO:0097435']"
HPA,HPA:0381222,Placenta; syncytiotrophoblasts - microvilli[≥Medium],0.015404702923618509,True,Placenta; syncytiotrophoblasts - microvilli[≥Medium],304,355,24,11007,0.0676056338028169,0.07894736842105263,query_1,['HPA:0381221']
GO:CC,GO:0097197,tetraspanin-enriched microdomain,0.01542304344282888,True,"""A pre-organized unit composed either of adhesion molecules (mainly integrins and members of the Ig superfamily), signaling receptors and/or enzyme-enriched plasma membrane domains that compartmentalizes cellular processes. Tetraspanin-enriched microdomains might be specially suited for the regulation of avidity of adhesion receptors and the compartmentalization of enzymatic activities."" [GOC:ans, PMID:19709882, PMID:21930792]",10,497,4,22155,0.008048289738430584,0.4,query_1,"['GO:0005886', 'GO:0110165']"
HPA,HPA:0461462,Skin 1; langerhans cells[≥Medium],0.015586642485998739,True,Skin 1; langerhans cells[≥Medium],577,355,37,11007,0.10422535211267606,0.06412478336221837,query_1,['HPA:0461461']
HP,HP:0002846,Abnormal B cell morphology,0.015717527182775554,True,A structural abnormality of B cells.,116,204,16,5200,0.0784313725490196,0.13793103448275862,query_1,['HP:0004332']
GO:CC,GO:0031901,early endosome membrane,0.01597805183406728,True,"""The lipid bilayer surrounding an early endosome."" [GOC:pz]",200,497,15,22155,0.030181086519114688,0.075,query_1,"['GO:0005769', 'GO:0010008']"
HP,HP:0009145,Abnormal cerebral artery morphology,0.01611124819840821,True,"Any structural anomaly of a cerebral artery. The cerebral arteries comprise three main pairs of arteries and their branches, which supply the cerebrum of the brain. These are the anterior cerebral artery, the middle cerebral artery, and the posterior cerebral artery.",91,204,14,5200,0.06862745098039216,0.15384615384615385,query_1,"['HP:0011004', 'HP:0100659']"
GO:BP,GO:0034162,toll-like receptor 9 signaling pathway,0.016257168772810016,True,"""The series of molecular signals initiated by a ligand binding to the endolysosomal toll-like receptor 9."" [GOC:add, PMID:16551253, PMID:17328678]",21,492,6,20972,0.012195121951219513,0.2857142857142857,query_1,['GO:0140894']
HP,HP:0030784,Anomic aphasia,0.01634747918758942,True,"An inability to name people and objects that are correctly perceived. The individual is able to describe the object in question, but cannot provide the name.",9,204,5,5200,0.024509803921568627,0.5555555555555556,query_1,['HP:0002381']
GO:BP,GO:0001755,neural crest cell migration,0.016549692636248416,True,"""The characteristic movement of cells from the dorsal ridge of the neural tube to a variety of locations in a vertebrate embryo."" [GOC:ascb_2009, GOC:dph, GOC:tb, ISBN:0878932437]",57,492,9,20972,0.018292682926829267,0.15789473684210525,query_1,"['GO:0014032', 'GO:0090497']"
GO:BP,GO:0033077,T cell differentiation in thymus,0.016645282966144294,True,"""The process in which a precursor cell type acquires the specialized features of a T cell via a differentiation pathway dependent upon transit through the thymus."" [GOC:add, ISBN:0781735149]",88,492,11,20972,0.022357723577235773,0.125,query_1,['GO:0030217']
GO:BP,GO:0048145,regulation of fibroblast proliferation,0.016645282966144294,True,"""Any process that modulates the frequency, rate or extent of multiplication or reproduction of fibroblast cells."" [GOC:jid]",88,492,11,20972,0.022357723577235773,0.125,query_1,"['GO:0042127', 'GO:0048144']"
TF,TF:M00054,Factor: NF-kappaB; motif: GGGAMTTYCC,0.01666035964389304,True,Factor: NF-kappaB; motif: GGGAMTTYCC,2514,497,97,20093,0.19517102615694165,0.038583929992044554,query_1,['TF:M00000']
GO:BP,GO:0045670,regulation of osteoclast differentiation,0.016796612742919596,True,"""Any process that modulates the frequency, rate or extent of osteoclast differentiation."" [GOC:go_curators]",72,492,10,20972,0.02032520325203252,0.1388888888888889,query_1,"['GO:0002761', 'GO:0030316']"
GO:BP,GO:0032835,glomerulus development,0.016796612742919596,True,"""The progression of the glomerulus over time from its initial formation until its mature state. The glomerulus is a capillary tuft which forms a close network with the visceral epithelium (podocytes) and the mesangium to form the filtration barrier and is surrounded by Bowman's capsule in nephrons of the vertebrate kidney. The glomerulus is part of the nephron and is restricted to one body segment."" [GOC:mah, GOC:mtg_kidney_jan10]",72,492,10,20972,0.02032520325203252,0.1388888888888889,query_1,"['GO:0048856', 'GO:0072006']"
GO:CC,GO:0030658,transport vesicle membrane,0.01687618608056964,True,"""The lipid bilayer surrounding a transport vesicle."" [GOC:mah]",249,497,17,22155,0.03420523138832998,0.06827309236947791,query_1,"['GO:0030133', 'GO:0030659', 'GO:0098588']"
GO:BP,GO:0031334,positive regulation of protein-containing complex assembly,0.01729272593285736,True,"""Any process that activates or increases the frequency, rate or extent of protein complex assembly."" [GOC:mah]",204,492,17,20972,0.034552845528455285,0.08333333333333333,query_1,"['GO:0043254', 'GO:0044089', 'GO:0051130', 'GO:0065003']"
KEGG,KEGG:05167,Kaposi sarcoma-associated herpesvirus infection,0.01741007563881452,True,Kaposi sarcoma-associated herpesvirus infection,195,416,22,8716,0.052884615384615384,0.11282051282051282,query_1,['KEGG:00000']
GO:BP,GO:1901655,cellular response to ketone,0.01814664986441239,True,"""Any process that results in a change in state or activity of a cell (in terms of movement, secretion, enzyme production, gene expression, etc.) as a result of a ketone stimulus."" [GOC:pr, GOC:TermGenie]",106,492,12,20972,0.024390243902439025,0.11320754716981132,query_1,"['GO:1901654', 'GO:1901701']"
GO:BP,GO:0044089,positive regulation of cellular component biogenesis,0.018211529977596296,True,"""Any process that activates or increases the frequency, rate or extent of cellular component biogenesis, a process that results in the biosynthesis of constituent macromolecules, assembly, and arrangement of constituent parts of a cellular component."" [GOC:jl]",497,492,29,20972,0.05894308943089431,0.05835010060362173,query_1,"['GO:0044085', 'GO:0044087', 'GO:0048522']"
GO:BP,GO:0002673,regulation of acute inflammatory response,0.018278925798239507,True,"""Any process that modulates the frequency, rate, or extent of an acute inflammatory response."" [GOC:add]",44,492,8,20972,0.016260162601626018,0.18181818181818182,query_1,"['GO:0002526', 'GO:0050727']"
GO:BP,GO:0071695,anatomical structure maturation,0.018341075829551728,True,"""A developmental process, independent of morphogenetic (shape) change, that is required for an anatomical structure to attain its fully functional state."" [GOC:mah]",272,492,20,20972,0.04065040650406504,0.07352941176470588,query_1,"['GO:0021700', 'GO:0048856']"
WP,WP:WP3611,Photodynamic therapy induced AP 1 survival signaling,0.018359142161948623,True,Photodynamic therapy induced AP 1 survival signaling,50,410,10,8899,0.024390243902439025,0.2,query_1,['WP:000000']
HPA,HPA:0640203,Endometrium; endothelial cells[High],0.01850490748273113,True,Endometrium; endothelial cells[High],32,355,7,11007,0.01971830985915493,0.21875,query_1,['HPA:0640202']
HP,HP:0012497,Reduced maximal expiratory pressure,0.018595026950575907,True,A decrease in the maximum amount of pressure of expired air achieved by a person after a full inspiration.,5,204,4,5200,0.0196078431372549,0.8,query_1,['HP:0004347']
HP,HP:0030219,Semantic dementia,0.018595026950575907,True,"A progressive loss of the ability to remember the meaning of words, faces and objects.",5,204,4,5200,0.0196078431372549,0.8,query_1,['HP:0002145']
HP,HP:0006149,Increased laxity of fingers,0.018595026950575907,True,Increased laxity of fingers,5,204,4,5200,0.0196078431372549,0.8,query_1,['HP:0006094']
HP,HP:0010525,Finger agnosia,0.018595026950575907,True,"The examiner identified the inability to name, move, or touch specific fingers.",5,204,4,5200,0.0196078431372549,0.8,query_1,['HP:0010524']
WP,WP:WP3945,TYROBP causal network in microglia,0.018730991589596173,True,TYROBP causal network in microglia,60,410,11,8899,0.026829268292682926,0.18333333333333332,query_1,['WP:000000']
HPA,HPA:0641532,Endometrium; stromal fibroblasts[≥Medium],0.018836329220944754,True,Endometrium; stromal fibroblasts[≥Medium],43,355,8,11007,0.022535211267605635,0.18604651162790697,query_1,['HPA:0641531']
HPA,HPA:0471461,Skin 2; langerhans cells[≥Low],0.018887234981577912,True,Skin 2; langerhans cells[≥Low],788,355,46,11007,0.1295774647887324,0.0583756345177665,query_1,['HPA:0470000']
GO:BP,GO:0090066,regulation of anatomical structure size,0.018922425247516104,True,"""Any process that modulates the size of an anatomical structure."" [GOC:dph, GOC:tb]",498,492,29,20972,0.05894308943089431,0.05823293172690763,query_1,['GO:0065008']
GO:BP,GO:0002313,mature B cell differentiation involved in immune response,0.018962370177235944,True,"""The process in which a naive B cell acquires the specialized features of a mature or memory B cell during an immune response."" [GOC:jal]",32,492,7,20972,0.014227642276422764,0.21875,query_1,"['GO:0002312', 'GO:0002335']"
GO:BP,GO:0051281,positive regulation of release of sequestered calcium ion into cytosol,0.018962370177235944,True,"""Any process that activates or increases the frequency, rate or extent of the release into the cytosolic compartment of calcium ions sequestered in the endoplasmic reticulum or mitochondria."" [GOC:ai]",32,492,7,20972,0.014227642276422764,0.21875,query_1,"['GO:0051209', 'GO:0051279', 'GO:1904427']"
GO:BP,GO:0032647,regulation of interferon-alpha production,0.018962370177235944,True,"""Any process that modulates the frequency, rate, or extent of interferon-alpha production."" [GOC:mah, PMID:15546383]",32,492,7,20972,0.014227642276422764,0.21875,query_1,"['GO:0032479', 'GO:0032607']"
GO:BP,GO:0032607,interferon-alpha production,0.018962370177235944,True,"""The appearance of interferon-alpha due to biosynthesis or secretion following a cellular stimulus, resulting in an increase in its intracellular or extracellular levels."" [GOC:mah, PMID:15546383]",32,492,7,20972,0.014227642276422764,0.21875,query_1,['GO:0032606']
HP,HP:0012091,Abnormality of pancreas physiology,0.01901144758286781,True,An anomaly of the function of the pancreas.,188,204,21,5200,0.10294117647058823,0.11170212765957446,query_1,['HP:0001732']
GO:BP,GO:0001822,kidney development,0.019028303177095966,True,"""The process whose specific outcome is the progression of the kidney over time, from its formation to the mature structure. The kidney is an organ that filters the blood and/or excretes the end products of body metabolism in the form of urine."" [GOC:dph, GOC:mtg_kidney_jan10, ISBN:0124020607, ISBN:0721662544]",320,492,22,20972,0.044715447154471545,0.06875,query_1,"['GO:0048513', 'GO:0072001']"
HP,HP:0001367,Abnormal joint morphology,0.019121289391330218,True,"An abnormal structure or form of the joints, i.e., one or more of the articulations where two bones join.",1294,204,78,5200,0.38235294117647056,0.06027820710973725,query_1,['HP:0011842']
GO:BP,GO:0002486,"antigen processing and presentation of endogenous peptide antigen via MHC class I via ER pathway, TAP-independent",0.01917415053822546,True,"""The process in which an antigen-presenting cell expresses a peptide antigen of endogenous origin on its cell surface in association with an MHC class I protein complex following intracellular transport via a TAP-independent ER pathway. The peptide is typically a fragment of a larger endogenous protein which has been degraded within the cell and becomes associated with the MHC class I molecule in the ER following transport from the cytosol via a TAP-independent pathway. Class I here refers to classical class I molecules."" [GOC:add, PMID:14647477, PMID:15771591]",13,492,5,20972,0.01016260162601626,0.38461538461538464,query_1,['GO:0002484']
GO:BP,GO:0070486,leukocyte aggregation,0.01917415053822546,True,"""The adhesion of one leukocyte to one or more other leukocytes via adhesion molecules."" [GOC:sl, PMID:12972508]",13,492,5,20972,0.01016260162601626,0.38461538461538464,query_1,['GO:0007159']
GO:BP,GO:0045916,negative regulation of complement activation,0.01917415053822546,True,"""Any process that stops, prevents, or reduces the frequency, rate or extent of complement activation."" [GOC:go_curators]",13,492,5,20972,0.01016260162601626,0.38461538461538464,query_1,"['GO:0002698', 'GO:0002921', 'GO:0006956', 'GO:0030449']"
GO:BP,GO:0043383,negative T cell selection,0.01917415053822546,True,"""The process of elimination of immature T cells which react strongly with self-antigens."" [ISBN:0781735149, PMID:12414722]",13,492,5,20972,0.01016260162601626,0.38461538461538464,query_1,['GO:0045058']
HPA,HPA:0381223,Placenta; syncytiotrophoblasts - microvilli[High],0.01982101180476666,True,Placenta; syncytiotrophoblasts - microvilli[High],178,355,17,11007,0.04788732394366197,0.09550561797752809,query_1,['HPA:0381222']
GO:BP,GO:0048144,fibroblast proliferation,0.020010996332364115,True,"""The multiplication or reproduction of fibroblast cells, resulting in the expansion of the fibroblast population."" [GOC:jid]",107,492,12,20972,0.024390243902439025,0.11214953271028037,query_1,['GO:0008283']
GO:BP,GO:0048008,platelet-derived growth factor receptor signaling pathway,0.020010996332364115,True,"""The series of molecular signals initiated by a ligand binding to a platelet-derived growth factor receptor on the surface of a target cell, and ending with the regulation of a downstream cellular process, e.g. transcription."" [GOC:ceb]",107,492,12,20972,0.024390243902439025,0.11214953271028037,query_1,['GO:0007169']
CORUM,CORUM:2447,ITGA9-ITGB1-ADAM12 complex,0.020099117158510517,True,ITGA9-ITGB1-ADAM12 complex,3,139,3,3383,0.02158273381294964,1.0,query_1,['CORUM:0000000']
CORUM,CORUM:2440,ITGA9-ITGB1-ADAM9 complex,0.020099117158510517,True,ITGA9-ITGB1-ADAM9 complex,3,139,3,3383,0.02158273381294964,1.0,query_1,['CORUM:0000000']
CORUM,CORUM:2445,ITGA9-ITGB1-ADAM15 complex,0.020099117158510517,True,ITGA9-ITGB1-ADAM15 complex,3,139,3,3383,0.02158273381294964,1.0,query_1,['CORUM:0000000']
CORUM,CORUM:2346,ITGAV-ITGB5-ADAM9 complex,0.020099117158510517,True,ITGAV-ITGB5-ADAM9 complex,3,139,3,3383,0.02158273381294964,1.0,query_1,['CORUM:0000000']
CORUM,CORUM:2343,ITGAV-ITGB5-PLAUR complex,0.020099117158510517,True,ITGAV-ITGB5-PLAUR complex,3,139,3,3383,0.02158273381294964,1.0,query_1,['CORUM:0000000']
CORUM,CORUM:2384,ITGA5-ITGB1-ADAM15 complex,0.020099117158510517,True,ITGA5-ITGB1-ADAM15 complex,3,139,3,3383,0.02158273381294964,1.0,query_1,['CORUM:0000000']
CORUM,CORUM:2853,ITGA5-ITGB1-CAL4A3 complex,0.020099117158510517,True,ITGA5-ITGB1-CAL4A3 complex,3,139,3,3383,0.02158273381294964,1.0,query_1,['CORUM:0000000']
CORUM,CORUM:1707,IL2-IL2RA-IL2RB complex,0.020099117158510517,True,IL2-IL2RA-IL2RB complex,3,139,3,3383,0.02158273381294964,1.0,query_1,['CORUM:0000000']
CORUM,CORUM:2345,ITGAV-ITGB5-ICAM4 complex,0.020099117158510517,True,ITGAV-ITGB5-ICAM4 complex,3,139,3,3383,0.02158273381294964,1.0,query_1,['CORUM:0000000']
CORUM,CORUM:120,Lymphotoxin beta receptor complex,0.020099117158510517,True,Lymphotoxin beta receptor complex,3,139,3,3383,0.02158273381294964,1.0,query_1,['CORUM:0000000']
GO:MF,GO:0005198,structural molecule activity,0.02022258791419836,True,"""The action of a molecule that contributes to the structural integrity of a complex."" [GOC:mah, GOC:vw]",1106,490,49,20208,0.1,0.04430379746835443,query_1,['GO:0003674']
GO:CC,GO:0035580,specific granule lumen,0.020550415570509302,True,"""The volume enclosed by the membrane of a specific granule, a granule with a membranous, tubular internal structure, found primarily in mature neutrophil cells. Most are released into the extracellular fluid. Specific granules contain lactoferrin, lysozyme, vitamin B12 binding protein and elastase."" [GOC:bf, PMID:7334549]",61,497,8,22155,0.01609657947686117,0.13114754098360656,query_1,"['GO:0034774', 'GO:0042581']"
GO:BP,GO:0021700,developmental maturation,0.020592418225385434,True,"""A developmental process, independent of morphogenetic (shape) change, that is required for an anatomical structure, cell or cellular component to attain its fully functional state."" [GO_REF:0000021, GOC:cls, GOC:dgh, GOC:dph, GOC:jid]",346,492,23,20972,0.046747967479674794,0.06647398843930635,query_1,['GO:0032502']
KEGG,KEGG:04660,T cell receptor signaling pathway,0.020779820671732566,True,T cell receptor signaling pathway,120,416,16,8716,0.038461538461538464,0.13333333333333333,query_1,['KEGG:00000']
GO:BP,GO:0043254,regulation of protein-containing complex assembly,0.020984451768116807,True,"""Any process that modulates the frequency, rate or extent of protein complex assembly."" [GOC:jl]",422,492,26,20972,0.052845528455284556,0.061611374407582936,query_1,"['GO:0044087', 'GO:0051128', 'GO:0065003']"
HP,HP:0011017,Abnormal cellular physiology,0.02134193989379133,True,An abnormality in a cellular process.,666,204,48,5200,0.23529411764705882,0.07207207207207207,query_1,"['HP:0001939', 'HP:0025354']"
TF,TF:M09920_1,Factor: Fli-1; motif: NNRGGMAGGAAGGRRRGR; match class: 1,0.021383089245097207,True,Factor: Fli-1; motif: NNRGGMAGGAAGGRRRGR; match class: 1,3453,497,124,20093,0.24949698189134809,0.03591080220098465,query_1,['TF:M09920']
TF,TF:M03844,Factor: SAP-1a; motif: CWTCCKGT,0.02154793013209691,True,Factor: SAP-1a; motif: CWTCCKGT,2867,497,107,20093,0.2152917505030181,0.03732124171607953,query_1,['TF:M00000']
TF,TF:M07282,Factor: ER71; motif: CWTCCTGT,0.02154793013209691,True,Factor: ER71; motif: CWTCCTGT,2867,497,107,20093,0.2152917505030181,0.03732124171607953,query_1,['TF:M00000']
HP,HP:0008069,Neoplasm of the skin,0.021602864146990586,True,A tumor (abnormal growth of tissue) of the skin.,220,204,23,5200,0.11274509803921569,0.10454545454545454,query_1,"['HP:0000951', 'HP:0011793']"
KEGG,KEGG:05130,Pathogenic Escherichia coli infection,0.02175279897264589,True,Pathogenic Escherichia coli infection,198,416,22,8716,0.052884615384615384,0.1111111111111111,query_1,['KEGG:00000']
GO:BP,GO:0050919,negative chemotaxis,0.021778777017920987,True,"""The directed movement of a motile cell or organism towards a lower concentration of a chemical."" [GOC:ai, GOC:bf, GOC:isa_complete]",45,492,8,20972,0.016260162601626018,0.17777777777777778,query_1,['GO:0006935']
GO:BP,GO:0032682,negative regulation of chemokine production,0.021912081049346825,True,"""Any process that stops, prevents, or reduces the frequency, rate, or extent of chemokine production."" [GOC:mah]",22,492,6,20972,0.012195121951219513,0.2727272727272727,query_1,"['GO:0001818', 'GO:0032602', 'GO:0032642']"
GO:BP,GO:0071379,cellular response to prostaglandin stimulus,0.021912081049346825,True,"""Any process that results in a change in state or activity of a cell (in terms of movement, secretion, enzyme production, gene expression, etc.) as a result of a prostagladin stimulus."" [GOC:mah]",22,492,6,20972,0.012195121951219513,0.2727272727272727,query_1,"['GO:0032870', 'GO:0034694', 'GO:0071396']"
GO:BP,GO:0001780,neutrophil homeostasis,0.021912081049346825,True,"""The process of regulating the proliferation and elimination of neutrophils such that the total number of neutrophils within a whole or part of an organism is stable over time in the absence of an outside stimulus."" [GOC:add, GOC:pr, PMID:12752675, PMID:12960266]",22,492,6,20972,0.012195121951219513,0.2727272727272727,query_1,"['GO:0001776', 'GO:0002262']"
HP,HP:0001269,Hemiparesis,0.021991097478574247,True,"Loss of strength in the arm, leg, and sometimes face on one side of the body. Hemiplegia refers to a complete loss of strength, whereas hemiparesis refers to an incomplete loss of strength.",106,204,15,5200,0.07352941176470588,0.14150943396226415,query_1,['HP:0004374']
GO:BP,GO:0038063,collagen-activated tyrosine kinase receptor signaling pathway,0.022175390727080087,True,"""The series of molecular signals initiated by collagen binding to its receptor on the surface of a target cell where the receptor possesses tyrosine kinase activity, and ending with the regulation of a downstream cellular process, e.g. transcription."" [GOC:bf, GOC:uh, PMID:15888913, PMID:16626936]",59,492,9,20972,0.018292682926829267,0.15254237288135594,query_1,"['GO:0007169', 'GO:0038065']"
GO:BP,GO:0090497,mesenchymal cell migration,0.022175390727080087,True,"""The orderly movement of a mesenchymal cell from one site to another, often during the development of a multicellular organism."" [GOC:dph, GOC:tb]",59,492,9,20972,0.018292682926829267,0.15254237288135594,query_1,['GO:0001667']
GO:BP,GO:0002042,cell migration involved in sprouting angiogenesis,0.022175390727080087,True,"""The orderly movement of endothelial cells into the extracellular matrix in order to form new blood vessels involved in sprouting angiogenesis."" [PMID:16391003]",59,492,9,20972,0.018292682926829267,0.15254237288135594,query_1,"['GO:0002040', 'GO:0043534']"
HP,HP:0002185,Neurofibrillary tangles,0.022199435031434345,True,"Pathological protein aggregates formed by hyperphosphorylation of a microtubule-associated protein known as tau, causing it to aggregate in an insoluble form.",22,204,7,5200,0.03431372549019608,0.3181818181818182,query_1,['HP:0100314']
HP,HP:0001370,Rheumatoid arthritis,0.022199435031434345,True,"Inflammatory changes in the synovial membranes and articular structures with widespread fibrinoid degeneration of the collagen fibers in mesenchymal tissues, as well as atrophy and rarefaction of bony structures.",22,204,7,5200,0.03431372549019608,0.3181818181818182,query_1,['HP:0001369']
GO:MF,GO:0035374,chondroitin sulfate binding,0.02244825651543092,True,"""Binding to chondroitin sulfate, a glycosaminoglycan made up of two alternating monosaccharides: D-glucuronic acid (GlcA) and N-acetyl-D-galactosamine (GalNAc)."" [GOC:kmv, ISBN:0198506732]",9,490,4,20208,0.00816326530612245,0.4444444444444444,query_1,"['GO:0005539', 'GO:1901681']"
REAC,REAC:R-HSA-6811558,"PI5P, PP2A and IER3 Regulate PI3K/AKT Signaling",0.022475405719735865,True,"PI5P, PP2A and IER3 Regulate PI3K/AKT Signaling",97,456,14,11056,0.03070175438596491,0.14432989690721648,query_1,['REAC:R-HSA-199418']
GO:BP,GO:0051048,negative regulation of secretion,0.0226247791881473,True,"""Any process that stops, prevents, or reduces the frequency, rate or extent of the controlled release of a substance from a cell or a tissue."" [GOC:ai]",166,492,15,20972,0.03048780487804878,0.09036144578313253,query_1,"['GO:0046903', 'GO:0051046', 'GO:0051051']"
TF,TF:M09957,Factor: IRF-2; motif: NAAANNGAAAGTGAAASTRN,0.022846203233909585,True,Factor: IRF-2; motif: NAAANNGAAAGTGAAASTRN,278,497,21,20093,0.04225352112676056,0.07553956834532374,query_1,['TF:M00000']
GO:MF,GO:0045125,bioactive lipid receptor activity,0.02294539730347393,True,"""Combining with a bioactive lipid and transmitting the signal across the membrane by activating an associated G-protein; promotes the exchange of GDP for GTP on the alpha subunit of a heterotrimeric G-protein complex. A bioactive lipid is a lipid for which changes in lipid levels result in functional consequences in a variety of cellular processes."" [GOC:bf, GOC:mah, PMID:12215548, PMID:18216770]",17,490,5,20208,0.01020408163265306,0.29411764705882354,query_1,['GO:0004930']
HP,HP:0012252,Abnormal respiratory system morphology,0.02299347428977039,True,A structural anomaly of the respiratory system.,1527,204,88,5200,0.43137254901960786,0.05762933857236411,query_1,['HP:0002086']
GO:BP,GO:0002753,cytoplasmic pattern recognition receptor signaling pathway,0.02299786789426947,True,"""The series of molecular signals initiated by the binding of a ligand from another organism to a cytoplasmic pattern recognition receptor (PRR). PRRs bind pathogen-associated molecular pattern (PAMPs), structures conserved among microbial species."" [GOC:add, GOC:ar, ISBN:0781735149, PMID:15199967, PMID:17328678, PMID:18272355, PMID:19531363, PMID:21187438]",187,492,16,20972,0.032520325203252036,0.0855614973262032,query_1,"['GO:0002221', 'GO:0030522']"
GO:BP,GO:0009890,negative regulation of biosynthetic process,0.023442828460819614,True,"""Any process that stops, prevents, or reduces the rate of the chemical reactions and pathways resulting in the formation of substances."" [GOC:go_curators]",2802,492,100,20972,0.2032520325203252,0.03568879371877231,query_1,"['GO:0009058', 'GO:0009889', 'GO:0009892']"
GO:BP,GO:0010876,lipid localization,0.02375371857742404,True,"""Any process in which a lipid is transported to, or maintained in, a specific location."" [GOC:BHF, GOC:dph, GOC:tb]",451,492,27,20972,0.054878048780487805,0.0598669623059867,query_1,['GO:0033036']
GO:BP,GO:0051336,regulation of hydrolase activity,0.024018330829626944,True,"""Any process that modulates the frequency, rate or extent of hydrolase activity, the catalysis of the hydrolysis of various bonds, e.g. C-O, C-N, C-C, phosphoric anhydride bonds, etc. Hydrolase is the systematic name for any enzyme of EC class 3."" [GOC:ai]",277,492,20,20972,0.04065040650406504,0.07220216606498195,query_1,['GO:0050790']
REAC,REAC:R-HSA-9839383,TGFBR3 PTM regulation,0.02411547639562885,True,TGFBR3 PTM regulation,11,456,5,11056,0.010964912280701754,0.45454545454545453,query_1,['REAC:R-HSA-9839373']
GO:BP,GO:0043588,skin development,0.02430161593081304,True,"""The process whose specific outcome is the progression of the skin over time, from its formation to the mature structure. The skin is the external membranous integument of an animal. In vertebrates the skin generally consists of two layers, an outer nonsensitive and nonvascular epidermis (cuticle or skarfskin) composed of cells which are constantly growing and multiplying in the deeper, and being thrown off in the superficial layers, as well as an inner vascular dermis (cutis, corium or true skin) composed mostly of connective tissue."" [GOC:jl, UBERON:0002097]",325,492,22,20972,0.044715447154471545,0.06769230769230769,query_1,['GO:0048513']
GO:BP,GO:0033036,macromolecule localization,0.02434239235673899,True,"""Any process in which a macromolecule is transported to, or maintained in, a specific location."" [GOC:mah]",2876,492,102,20972,0.2073170731707317,0.03546592489568846,query_1,['GO:0051179']
GO:BP,GO:0048007,"antigen processing and presentation, exogenous lipid antigen via MHC class Ib",0.02475461498715824,True,"""The process in which an antigen-presenting cell expresses lipid antigen of exogenous origin in association with an MHC class Ib protein complex on its cell surface. Class Ib here refers to non-classical class I molecules, such as those of the CD1 family."" [GOC:add, PMID:10375559, PMID:15928678, PMID:15928680]",7,492,4,20972,0.008130081300813009,0.5714285714285714,query_1,"['GO:0019884', 'GO:0048003']"
GO:BP,GO:1905651,regulation of artery morphogenesis,0.02475461498715824,True,"""Any process that modulates the frequency, rate or extent of artery morphogenesis."" [GO_REF:0000058, GOC:BHF, GOC:BHF_miRNA, GOC:rph, GOC:TermGenie, PMID:27389411]",7,492,4,20972,0.008130081300813009,0.5714285714285714,query_1,"['GO:0022603', 'GO:0048844']"
GO:BP,GO:1905653,positive regulation of artery morphogenesis,0.02475461498715824,True,"""Any process that activates or increases the frequency, rate or extent of artery morphogenesis."" [GO_REF:0000058, GOC:BHF, GOC:BHF_miRNA, GOC:rph, GOC:TermGenie, PMID:27389411]",7,492,4,20972,0.008130081300813009,0.5714285714285714,query_1,"['GO:0048844', 'GO:0051094', 'GO:1905651']"
GO:BP,GO:0048003,antigen processing and presentation of lipid antigen via MHC class Ib,0.02475461498715824,True,"""The process in which an antigen-presenting cell expresses lipid antigen in association with an MHC class Ib protein complex on its cell surface, including lipid extraction, degradation, and transport steps for the lipid antigen both prior to and following assembly with the MHC protein complex. The lipid antigen may originate from an endogenous or exogenous source of lipid. Class Ib here refers to non-classical class I molecules, such as those of the CD1 family."" [GOC:add, PMID:10375559, PMID:15928678, PMID:15928680]",7,492,4,20972,0.008130081300813009,0.5714285714285714,query_1,['GO:0002475']
GO:BP,GO:0001955,blood vessel maturation,0.02475461498715824,True,"""A developmental process, independent of morphogenetic (shape) change, that is required for a blood vessel to attain its fully functional state."" [GOC:dph]",7,492,4,20972,0.008130081300813009,0.5714285714285714,query_1,"['GO:0001568', 'GO:0071695']"
GO:BP,GO:0072679,thymocyte migration,0.02475461498715824,True,"""The movement of a thymocyte through distinct intrathymic niches (e.g. medulla, cortex), where it receives a unique set of developmental cues required for T-cell development."" [CL:0000893, GOC:BHF, GOC:mah]",7,492,4,20972,0.008130081300813009,0.5714285714285714,query_1,['GO:0072678']
GO:BP,GO:0002857,positive regulation of natural killer cell mediated immune response to tumor cell,0.02475461498715824,True,"""Any process that activates or increases the frequency, rate, or extent of natural killer cell mediated immune response to a tumor cell."" [GOC:add]",7,492,4,20972,0.008130081300813009,0.5714285714285714,query_1,"['GO:0002423', 'GO:0002717', 'GO:0002839', 'GO:0002855']"
GO:MF,GO:0016799,"hydrolase activity, hydrolyzing N-glycosyl compounds",0.025289810257265594,True,"""Catalysis of the hydrolysis of any N-glycosyl bond."" [GOC:jl]",40,490,7,20208,0.014285714285714285,0.175,query_1,['GO:0016798']
HP,HP:0100326,Immunologic hypersensitivity,0.025681540037942367,True,Immunological states where the immune system produces harmful responses upon reexposure to sensitizing antigens.,254,204,25,5200,0.12254901960784313,0.0984251968503937,query_1,['HP:0010978']
GO:BP,GO:0010883,regulation of lipid storage,0.025827482205851817,True,"""Any process that modulates the rate, frequency or extent of lipid storage. Lipid storage is the accumulation and maintenance in cells or tissues of lipids, compounds soluble in organic solvents but insoluble or sparingly soluble in aqueous solvents. Lipid reserves can be accumulated during early developmental stages for mobilization and utilization at later stages of development."" [GOC:BHF, GOC:dph, GOC:tb]",46,492,8,20972,0.016260162601626018,0.17391304347826086,query_1,"['GO:0019915', 'GO:0050794']"
HPA,HPA:0530713,Spleen; cells in red pulp[High],0.02586088114700251,True,Spleen; cells in red pulp[High],822,355,47,11007,0.1323943661971831,0.057177615571776155,query_1,['HPA:0530712']
WP,WP:WP3877,MYD88 distinct input output pathway,0.025888441712115056,True,MYD88 distinct input output pathway,18,410,6,8899,0.014634146341463415,0.3333333333333333,query_1,['WP:000000']
WP,WP:WP5537,Psoriasis mechanism and therapies,0.025888441712115056,True,Psoriasis mechanism and therapies,18,410,6,8899,0.014634146341463415,0.3333333333333333,query_1,['WP:000000']
REAC,REAC:R-HSA-166058,MyD88:MAL(TIRAP) cascade initiated on plasma membrane,0.02646943299646451,True,MyD88:MAL(TIRAP) cascade initiated on plasma membrane,111,456,15,11056,0.03289473684210526,0.13513513513513514,query_1,"['REAC:R-HSA-166016', 'REAC:R-HSA-168179', 'REAC:R-HSA-168188']"
REAC,REAC:R-HSA-168188,Toll Like Receptor TLR6:TLR2 Cascade,0.02646943299646451,True,Toll Like Receptor TLR6:TLR2 Cascade,111,456,15,11056,0.03289473684210526,0.13513513513513514,query_1,['REAC:R-HSA-181438']
GO:BP,GO:0043086,negative regulation of catalytic activity,0.0267157707331918,True,"""Any process that stops or reduces the activity of an enzyme."" [GOC:ebc, GOC:jl, GOC:tb, GOC:vw]",233,492,18,20972,0.036585365853658534,0.07725321888412018,query_1,"['GO:0044092', 'GO:0050790']"
HP,HP:0001626,Abnormality of the cardiovascular system,0.02679299947243363,True,Any abnormality of the cardiovascular system.,2908,204,143,5200,0.7009803921568627,0.049174690508940855,query_1,['HP:0000118']
REAC,REAC:R-HSA-2424491,DAP12 signaling,0.02681410991207789,True,DAP12 signaling,25,456,7,11056,0.015350877192982455,0.28,query_1,['REAC:R-HSA-2172127']
TF,TF:M08887,Factor: IRF; motif: NNGAAANTGAAANN,0.02691316106866464,True,Factor: IRF; motif: NNGAAANTGAAANN,1351,497,60,20093,0.12072434607645875,0.04441154700222058,query_1,['TF:M00000']
GO:MF,GO:0045499,chemorepellent activity,0.027108901141568647,True,"""Providing the environmental signal that initiates the directed movement of a motile cell or organism towards a lower concentration of that signal."" [GOC:ai]",28,490,6,20208,0.012244897959183673,0.21428571428571427,query_1,['GO:0048018']
HP,HP:0005214,Intestinal obstruction,0.027708046022219858,True,Blockage or impairment of the normal flow of the contents of the intestine towards the anal canal.,83,204,13,5200,0.06372549019607843,0.1566265060240964,query_1,"['HP:0002242', 'HP:0004796']"
GO:MF,GO:0072341,modified amino acid binding,0.02774019494206382,True,"""Binding to a modified amino acid."" [GOC:mah]",87,490,10,20208,0.02040816326530612,0.11494252873563218,query_1,['GO:0005488']
HPA,HPA:0471471,Skin 2; lymphocytes[≥Low],0.027964156843045894,True,Skin 2; lymphocytes[≥Low],801,355,46,11007,0.1295774647887324,0.05742821473158552,query_1,['HPA:0470000']
HP,HP:0003401,Paresthesia,0.028371735366272816,True,"Abnormal sensations such as tingling, pricking, or numbness of the skin with no apparent physical cause.",135,204,17,5200,0.08333333333333333,0.1259259259259259,query_1,['HP:0033747']
WP,WP:WP5353,Macrophage stimulating protein MSP signaling,0.02881942404954994,True,Macrophage stimulating protein MSP signaling,108,410,15,8899,0.036585365853658534,0.1388888888888889,query_1,['WP:000000']
GO:BP,GO:0034114,regulation of heterotypic cell-cell adhesion,0.029060436366474818,True,"""Any process that modulates the frequency, rate, or extent of heterotypic cell-cell adhesion."" [GOC:add]",23,492,6,20972,0.012195121951219513,0.2608695652173913,query_1,"['GO:0022407', 'GO:0034113']"
GO:BP,GO:1903672,positive regulation of sprouting angiogenesis,0.029060436366474818,True,"""Any process that activates or increases the frequency, rate or extent of sprouting angiogenesis."" [GO_REF:0000058, GOC:TermGenie, PMID:16756958]",23,492,6,20972,0.012195121951219513,0.2608695652173913,query_1,"['GO:0002040', 'GO:0045766', 'GO:1903670']"
HP,HP:0002721,Immunodeficiency,0.029082972236850732,True,"Failure of the immune system to protect the body adequately from infection, due to the absence or insufficiency of some component process or substance.",224,204,23,5200,0.11274509803921569,0.10267857142857142,query_1,['HP:0010978']
GO:BP,GO:0032376,positive regulation of cholesterol transport,0.02910206189693845,True,"""Any process that activates or increases the frequency, rate or extent of the directed movement of cholesterol into, out of or within a cell, or between cells, by means of some agent such as a transporter or pore."" [GOC:mah]",34,492,7,20972,0.014227642276422764,0.20588235294117646,query_1,"['GO:0030301', 'GO:0032373', 'GO:0032374']"
GO:BP,GO:0010574,regulation of vascular endothelial growth factor production,0.02910206189693845,True,"""Any process that modulates the frequency, rate, or extent of production of vascular endothelial growth factor."" [GOC:rl]",34,492,7,20972,0.014227642276422764,0.20588235294117646,query_1,"['GO:0001817', 'GO:0010573']"
GO:BP,GO:0035909,aorta morphogenesis,0.02910206189693845,True,"""The process in which the anatomical structures of an aorta are generated and organized. An aorta is an artery that carries blood from the heart to other parts of the body."" [GOC:bf, GOC:dgh, MA:0000062, UBERON:0000947, Wikipedia:Aorta]",34,492,7,20972,0.014227642276422764,0.20588235294117646,query_1,"['GO:0035904', 'GO:0048844']"
GO:BP,GO:0032692,negative regulation of interleukin-1 production,0.02910206189693845,True,"""Any process that stops, prevents, or reduces the frequency, rate, or extent of interleukin-1 production."" [GOC:mah]",34,492,7,20972,0.014227642276422764,0.20588235294117646,query_1,"['GO:0001818', 'GO:0032612', 'GO:0032652']"
GO:BP,GO:0032373,positive regulation of sterol transport,0.02910206189693845,True,"""Any process that activates or increases the frequency, rate or extent of the directed movement of sterols into, out of or within a cell, or between cells, by means of some agent such as a transporter or pore."" [GOC:mah]",34,492,7,20972,0.014227642276422764,0.20588235294117646,query_1,"['GO:0015918', 'GO:0032370', 'GO:0032371']"
HP,HP:0011117,Abnormal circulating interleukin concentration,0.02917471872881867,True,The concentration of an interleukin (a class of cytokines) is outside the limits of normal.,40,204,9,5200,0.04411764705882353,0.225,query_1,['HP:0011112']
HPA,HPA:0530723,Spleen; cells in white pulp[High],0.029248081137586278,True,Spleen; cells in white pulp[High],850,355,48,11007,0.1352112676056338,0.05647058823529412,query_1,['HPA:0530722']
GO:BP,GO:0044406,adhesion of symbiont to host,0.029251595539105564,True,"""The attachment of a symbiont to its host via either adhesion molecules, general stickiness, or other mechanisms. The host is defined as the larger of the organisms involved in a symbiotic interaction."" [GOC:bf, GOC:cc, GOC:dos, GOC:jl]",14,492,5,20972,0.01016260162601626,0.35714285714285715,query_1,['GO:0051701']
GO:BP,GO:0002476,antigen processing and presentation of endogenous peptide antigen via MHC class Ib,0.029251595539105564,True,"""The process in which an antigen-presenting cell expresses a peptide antigen of endogenous origin on its cell surface in association with an MHC class Ib protein complex. The peptide is typically a fragment of a larger endogenous protein which has been degraded within the cell. Class Ib here refers to non-classical class I molecules, such as those of the HLA-E gene family."" [GOC:add, PMID:15928678]",14,492,5,20972,0.01016260162601626,0.35714285714285715,query_1,"['GO:0002428', 'GO:0002483']"
GO:BP,GO:0002484,antigen processing and presentation of endogenous peptide antigen via MHC class I via ER pathway,0.029251595539105564,True,"""The process in which an antigen-presenting cell expresses a peptide antigen of endogenous origin on its cell surface in association with an MHC class I protein complex following intracellular transport via an ER pathway. The peptide is typically a fragment of a larger endogenous protein which has been degraded within the cell and becomes associated with the MHC class I molecule in the ER. Class I here refers to classical class I molecules."" [GOC:add, ISBN:0781735149, PMID:14647477, PMID:15771591]",14,492,5,20972,0.01016260162601626,0.35714285714285715,query_1,['GO:0019885']
GO:BP,GO:0002664,regulation of T cell tolerance induction,0.029251595539105564,True,"""Any process that modulates the frequency, rate, or extent of T cell tolerance induction."" [GOC:add]",14,492,5,20972,0.01016260162601626,0.35714285714285715,query_1,"['GO:0002517', 'GO:0002643']"
GO:BP,GO:0050731,positive regulation of peptidyl-tyrosine phosphorylation,0.02935985908849828,True,"""Any process that activates or increases the frequency, rate or extent of the phosphorylation of peptidyl-tyrosine."" [GOC:ai]",61,492,9,20972,0.018292682926829267,0.14754098360655737,query_1,"['GO:0001934', 'GO:0018108', 'GO:0050730']"
HP,HP:0003237,Increased circulating IgG concentration,0.029511724515521226,True,An abnormally increased level of immunoglobulin G in blood.,31,204,8,5200,0.0392156862745098,0.25806451612903225,query_1,"['HP:0010702', 'HP:0410242']"
WP,WP:WP4329,miRNA role in immune response in sepsis,0.02971804751372812,True,miRNA role in immune response in sepsis,63,410,11,8899,0.026829268292682926,0.1746031746031746,query_1,['WP:000000']
WP,WP:WP5382,TGFB Smad signaling,0.029762378697335685,True,TGFB Smad signaling,12,410,5,8899,0.012195121951219513,0.4166666666666667,query_1,['WP:000000']
HP,HP:0004311,Abnormal macrophage morphology,0.030012453931480228,True,An abnormality of macrophages.,50,204,10,5200,0.049019607843137254,0.2,query_1,['HP:0010974']
GO:BP,GO:0008038,neuron recognition,0.030492427356624323,True,"""The process in which a neuronal cell in a multicellular organism interprets its surroundings."" [GOC:go_curators]",47,492,8,20972,0.016260162601626018,0.1702127659574468,query_1,"['GO:0008037', 'GO:0048666']"
WP,WP:WP4341,Non genomic actions of 1 25 dihydroxyvitamin D3,0.030914815162558555,True,Non genomic actions of 1 25 dihydroxyvitamin D3,74,410,12,8899,0.02926829268292683,0.16216216216216217,query_1,['WP:000000']
WP,WP:WP5356,Affected pathways in Duchenne muscular dystrophy,0.030914815162558555,True,Affected pathways in Duchenne muscular dystrophy,74,410,12,8899,0.02926829268292683,0.16216216216216217,query_1,['WP:000000']
GO:BP,GO:0001649,osteoblast differentiation,0.03181068631836309,True,"""The process whereby a relatively unspecialized cell acquires the specialized features of an osteoblast, a mesodermal or neural crest cell that gives rise to bone."" [CL:0000062, GO_REF:0000034, GOC:jid]",236,492,18,20972,0.036585365853658534,0.07627118644067797,query_1,"['GO:0001503', 'GO:0030154']"
GO:MF,GO:1902945,metalloendopeptidase activity involved in amyloid precursor protein catabolic process,0.0319894903770633,True,"""Any metalloendopeptidase activity that is involved in amyloid precursor protein catabolic process."" [GO_REF:0000061, GOC:sjp, GOC:TermGenie, PMID:14598310, PMID:17855360]",4,490,3,20208,0.006122448979591836,0.75,query_1,['GO:0004222']
GO:MF,GO:0004982,N-formyl peptide receptor activity,0.0319894903770633,True,"""Combining with an N-formyl peptide to initiate a change in cell activity."" [GOC:ai]",4,490,3,20208,0.006122448979591836,0.75,query_1,['GO:0008528']
GO:MF,GO:0070053,thrombospondin receptor activity,0.0319894903770633,True,"""Combining with thrombospondin and transmitting the signal to initiate a change in cell activity."" [GOC:BHF, GOC:signaling, GOC:vk]",4,490,3,20208,0.006122448979591836,0.75,query_1,['GO:0038023']
GO:MF,GO:0005534,galactose binding,0.0319894903770633,True,"""Binding to aldohexose galactose (galacto-hexose), a common constituent of many oligo- and polysaccharides."" [GOC:jl, ISBN:0198506732]",4,490,3,20208,0.006122448979591836,0.75,query_1,['GO:0048029']
GO:BP,GO:0150102,negative regulation of monocyte activation,0.03208671551876833,True,"""Any process that stops, prevents or reduces the frequency, rate or extent of monocyte activation."" [GOC:aruk, PMID:15597323]",3,492,3,20972,0.006097560975609756,1.0,query_1,"['GO:0002695', 'GO:0042117']"
GO:BP,GO:0150064,vertebrate eye-specific patterning,0.03208671551876833,True,"""Early postnatal vertebrate developmental process, during which axons of retinal ganglion cells (RGCs), transmitting overlapping inputs from both eyes, segregate into distinct eye-specific non-overlapping regions in the dorsal lateral geniculate nucleus (dLGN) of the thalamus."" [GOC:aruk, GOC:bc, PMID:16025107, PMID:22632727, PMID:29322522]",3,492,3,20972,0.006097560975609756,1.0,query_1,"['GO:0003002', 'GO:0007417', 'GO:0150063']"
GO:BP,GO:0070340,detection of bacterial lipopeptide,0.03208671551876833,True,"""The series of events in which a bacterial lipopeptide stimulus is received by a cell and converted into a molecular signal."" [GOC:add, PMID:12077222]",3,492,3,20972,0.006097560975609756,1.0,query_1,"['GO:0042494', 'GO:0070339']"
GO:BP,GO:0071727,cellular response to triacyl bacterial lipopeptide,0.03208671551876833,True,"""Any process that results in a change in state or activity of a cell (in terms of movement, secretion, enzyme production, gene expression, etc.) as a result of a triacylated bacterial lipopeptide stimulus."" [GOC:add, PMID:12077222, PMID:12524386, PMID:2757794]",3,492,3,20972,0.006097560975609756,1.0,query_1,"['GO:0071221', 'GO:0071725']"
GO:BP,GO:0002519,natural killer cell tolerance induction,0.03208671551876833,True,"""Tolerance induction of natural killer cells."" [GOC:jal, PMID:16546094]",3,492,3,20972,0.006097560975609756,1.0,query_1,['GO:0002507']
GO:BP,GO:0002439,chronic inflammatory response to antigenic stimulus,0.03208671551876833,True,"""A chronic inflammatory response to an antigenic stimulus. A chronic inflammatory response persists indefinitely during days, weeks, or months in the life of an individual."" [GOC:add, ISBN:0781735149]",3,492,3,20972,0.006097560975609756,1.0,query_1,"['GO:0002437', 'GO:0002544']"
GO:BP,GO:0071725,response to triacyl bacterial lipopeptide,0.03208671551876833,True,"""Any process that results in a change in state or activity of a cell or an organism (in terms of movement, secretion, enzyme production, gene expression, etc.) as a result of a triacylated bacterial lipopeptide stimulus."" [GOC:add, PMID:12077222, PMID:12524386, PMID:2757794]",3,492,3,20972,0.006097560975609756,1.0,query_1,['GO:0070339']
GO:BP,GO:1904466,positive regulation of matrix metallopeptidase secretion,0.03208671551876833,True,"""Any process that activates or increases the frequency, rate or extent of matrix metallopeptidase secretion."" [GO_REF:0000058, GOC:TermGenie, PMID:8679543]",3,492,3,20972,0.006097560975609756,1.0,query_1,"['GO:0050714', 'GO:1904464', 'GO:1990773']"
GO:BP,GO:2001190,positive regulation of T cell activation via T cell receptor contact with antigen bound to MHC molecule on antigen presenting cell,0.03208671551876833,True,"""Any process that activates or increases the frequency, rate or extent of T cell activation via T cell receptor contact with antigen bound to MHC molecule on antigen presenting cell."" [GOC:obol]",3,492,3,20972,0.006097560975609756,1.0,query_1,"['GO:0002291', 'GO:0002699', 'GO:0050778', 'GO:0050870', 'GO:2001188']"
GO:BP,GO:0002874,regulation of chronic inflammatory response to antigenic stimulus,0.03208671551876833,True,"""Any process that modulates the frequency, rate, or extent of a chronic inflammatory response to an antigenic stimulus."" [GOC:add]",3,492,3,20972,0.006097560975609756,1.0,query_1,"['GO:0002439', 'GO:0002676', 'GO:0002861']"
GO:BP,GO:0042271,susceptibility to natural killer cell mediated cytotoxicity,0.03208671551876833,True,"""The process of causing a cell to become susceptible to natural killer cell mediated cytotoxicity."" [GOC:add, ISBN:0781735149]",3,492,3,20972,0.006097560975609756,1.0,query_1,['GO:0045954']
GO:BP,GO:0043315,positive regulation of neutrophil degranulation,0.03208671551876833,True,"""Any process that activates or increases the frequency, rate or extent of neutrophil degranulation."" [ISBN:0781735149]",3,492,3,20972,0.006097560975609756,1.0,query_1,"['GO:0002888', 'GO:0043302', 'GO:0043312', 'GO:0043313', 'GO:0050778']"
TF,TF:M08302_1,Factor: FOXO1A:Net; motif: RWMAACAGGAAGTN; match class: 1,0.03213950764148741,True,Factor: FOXO1A:Net; motif: RWMAACAGGAAGTN; match class: 1,2927,497,108,20093,0.21730382293762576,0.036897847625555175,query_1,['TF:M08302']
GO:CC,GO:0005912,adherens junction,0.03233138854956586,True,"""A cell-cell junction composed of the epithelial cadherin-catenin complex. The epithelial cadherins, or E-cadherins, of each interacting cell extend through the plasma membrane into the extracellular space and bind to each other. The E-cadherins bind to catenins on the cytoplasmic side of the membrane, where the E-cadherin-catenin complex binds to cytoskeletal components and regulatory and signaling molecules."" [GOC:aruk, GOC:bc, GOC:mah, ISBN:0198506732, PMID:17854762, PMID:20571587, PMID:21422226, PMID:28096264]",189,497,14,22155,0.028169014084507043,0.07407407407407407,query_1,['GO:0005911']
REAC,REAC:R-HSA-1643685,Disease,0.033218550747356294,True,Disease,1848,456,108,11056,0.23684210526315788,0.05844155844155844,query_1,['REAC:0000000']
GO:MF,GO:0051861,glycolipid binding,0.033485246340237265,True,"""Binding to a glycolipid, any compound containing one or more monosaccharide residues bound by a glycosidic linkage to a hydrophobic group such as an acylglycerol, a sphingoid, a ceramide (N-acylsphingoid) or a prenyl phosphate."" [PMID:19635802]",29,490,6,20208,0.012244897959183673,0.20689655172413793,query_1,"['GO:0008289', 'GO:0097367']"
WP,WP:WP455,GPCRs class A rhodopsin like,0.03354245565618172,True,GPCRs class A rhodopsin like,258,410,26,8899,0.06341463414634146,0.10077519379844961,query_1,['WP:000000']
GO:BP,GO:1902532,negative regulation of intracellular signal transduction,0.03382553195876618,True,"""Any process that stops, prevents or reduces the frequency, rate or extent of intracellular signal transduction."" [GOC:dph, GOC:signaling, GOC:tb, GOC:TermGenie]",681,492,35,20972,0.07113821138211382,0.0513950073421439,query_1,"['GO:0009968', 'GO:0035556', 'GO:1902531']"
GO:BP,GO:0016485,protein processing,0.03456787053551291,True,"""Any protein maturation process achieved by the cleavage of a peptide bond or bonds within a protein. Protein maturation is the process leading to the attainment of the full functional capacity of a protein."" [GOC:curators, GOC:jl, GOC:jsg]",215,492,17,20972,0.034552845528455285,0.07906976744186046,query_1,"['GO:0006508', 'GO:0051604']"
REAC,REAC:R-HSA-1971475,Glycosaminoglycan-protein linkage region biosynthesis,0.03540095697240336,True,Glycosaminoglycan-protein linkage region biosynthesis,26,456,7,11056,0.015350877192982455,0.2692307692307692,query_1,['REAC:R-HSA-1630316']
GO:BP,GO:0097746,blood vessel diameter maintenance,0.03604998454491838,True,"""Any process that modulates the diameter of blood vessels."" [GOC:pr]",152,492,14,20972,0.028455284552845527,0.09210526315789473,query_1,"['GO:0003018', 'GO:0008015', 'GO:0035296']"
GO:BP,GO:0035296,regulation of tube diameter,0.03604998454491838,True,"""Any process that modulates the diameter of a tube."" [GOC:bf]",152,492,14,20972,0.028455284552845527,0.09210526315789473,query_1,['GO:0035150']
HP,HP:0002647,Aortic dissection,0.03612467997689729,True,Aortic dissection refers to a tear in the intimal layer of the aorta causing a separation between the intima and the medial layers of the aorta.,41,204,9,5200,0.04411764705882353,0.21951219512195122,query_1,['HP:0001679']
REAC,REAC:R-HSA-168179,Toll Like Receptor TLR1:TLR2 Cascade,0.036233731771511124,True,Toll Like Receptor TLR1:TLR2 Cascade,114,456,15,11056,0.03289473684210526,0.13157894736842105,query_1,['REAC:R-HSA-181438']
REAC,REAC:R-HSA-181438,Toll Like Receptor 2 (TLR2) Cascade,0.036233731771511124,True,Toll Like Receptor 2 (TLR2) Cascade,114,456,15,11056,0.03289473684210526,0.13157894736842105,query_1,['REAC:R-HSA-168898']
HPA,HPA:0640692,Endometrium; smooth muscle cells[≥Medium],0.036502768578680185,True,Endometrium; smooth muscle cells[≥Medium],47,355,8,11007,0.022535211267605635,0.1702127659574468,query_1,['HPA:0640691']
GO:CC,GO:1904813,ficolin-1-rich granule lumen,0.03665904073291243,True,"""Any membrane-enclosed lumen that is part of a ficolin-1-rich granule."" [GO_REF:0000064, GOC:TermGenie, PMID:23650620]",124,497,11,22155,0.022132796780684104,0.08870967741935484,query_1,"['GO:0070013', 'GO:0101002']"
GO:MF,GO:0032396,inhibitory MHC class I receptor activity,0.03669660236029068,True,"""Combining with a MHC class I protein complex to mediate signaling that inhibits activation of a lymphocyte."" [GOC:add, PMID:11858820, PMID:9368779, PMID:9597134]",10,490,4,20208,0.00816326530612245,0.4,query_1,['GO:0032393']
GO:BP,GO:0045061,thymic T cell selection,0.037982544241289794,True,"""The process of T cell selection that occurs in the thymus."" [ISBN:0781735149, PMID:12414722]",24,492,6,20972,0.012195121951219513,0.25,query_1,"['GO:0033077', 'GO:0045058']"
HP,HP:0033040,Anti-Sm antibody positivity,0.038037476723158006,True,The presence of autoantibodies in the serum that react to seven proteins that consist of a core of small nuclear ribonucleoprotein (snRNP) particles.,32,204,8,5200,0.0392156862745098,0.25,query_1,['HP:0033476']
HP,HP:0001891,Iron deficiency anemia,0.038037476723158006,True,Iron deficiency anemia,32,204,8,5200,0.0392156862745098,0.25,query_1,['HP:0001931']
KEGG,KEGG:05171,Coronavirus disease - COVID-19,0.03819154295205557,True,Coronavirus disease - COVID-19,234,416,24,8716,0.057692307692307696,0.10256410256410256,query_1,['KEGG:00000']
REAC,REAC:R-HSA-3642278,Loss of Function of TGFBR2 in Cancer,0.03830755792940588,True,Loss of Function of TGFBR2 in Cancer,3,456,3,11056,0.006578947368421052,1.0,query_1,['REAC:R-HSA-3304351']
REAC,REAC:R-HSA-3645790,TGFBR2 Kinase Domain Mutants in Cancer,0.03830755792940588,True,TGFBR2 Kinase Domain Mutants in Cancer,3,456,3,11056,0.006578947368421052,1.0,query_1,['REAC:R-HSA-3642278']
HPA,HPA:0380201,Placenta; endothelial cells[≥Low],0.038355791660529145,True,Placenta; endothelial cells[≥Low],405,355,28,11007,0.07887323943661972,0.0691358024691358,query_1,['HPA:0380000']
GO:BP,GO:1903078,positive regulation of protein localization to plasma membrane,0.03844142277892885,True,"""Any process that activates or increases the frequency, rate or extent of protein localization to plasma membrane."" [GO_REF:0000058, GOC:BHF, GOC:rl, GOC:TermGenie, PMID:11602640]",63,492,9,20972,0.018292682926829267,0.14285714285714285,query_1,"['GO:0072659', 'GO:1903076', 'GO:1904377', 'GO:1905477']"
GO:BP,GO:0038065,collagen-activated signaling pathway,0.03844142277892885,True,"""The series of molecular signals initiated by collagen binding to a cell surface receptor, and ending with the regulation of a downstream cellular process, e.g. transcription."" [GOC:bf, GOC:uh, PMID:21568710]",63,492,9,20972,0.018292682926829267,0.14285714285714285,query_1,['GO:0007166']
GO:BP,GO:0006873,intracellular monoatomic ion homeostasis,0.03863981915666616,True,"""A homeostatic process involved in the maintenance of a steady state level of monoatomic ions within a cell. Monatomic ions (also called simple ions) are ions consisting of exactly one atom."" [GOC:mah]",437,492,26,20972,0.052845528455284556,0.059496567505720827,query_1,"['GO:0050801', 'GO:0055082']"
HP,HP:0011121,Abnormal skin morphology,0.03882033532038599,True,Any morphological abnormality of the skin.,2047,204,109,5200,0.5343137254901961,0.05324865657059111,query_1,['HP:0000951']
GO:BP,GO:0035150,regulation of tube size,0.038844683454446575,True,"""Ensuring that a tube is of the correct length and diameter. Tube size must be maintained not only during tube formation, but also throughout development and in some physiological processes."" [PMID:10887083]",153,492,14,20972,0.028455284552845527,0.0915032679738562,query_1,['GO:0090066']
GO:MF,GO:0004222,metalloendopeptidase activity,0.039561043698760685,True,"""Catalysis of the hydrolysis of internal, alpha-peptide bonds in a polypeptide chain by a mechanism in which water acts as a nucleophile, one or two metal ions hold the water molecule in place, and charged amino acid side chains are ligands for the metal ions."" [GOC:mah, https://www.ebi.ac.uk/merops/about/glossary.shtml#CATTYPE, https://www.ebi.ac.uk/merops/about/glossary.shtml#ENDOPEPTIDASE]",109,490,11,20208,0.022448979591836733,0.10091743119266056,query_1,"['GO:0004175', 'GO:0008237']"
HPA,HPA:0380203,Placenta; endothelial cells[High],0.039577550939033285,True,Placenta; endothelial cells[High],244,355,20,11007,0.056338028169014086,0.08196721311475409,query_1,['HPA:0380202']
REAC,REAC:R-HSA-9020558,Interleukin-2 signaling,0.03994285074642635,True,Interleukin-2 signaling,12,456,5,11056,0.010964912280701754,0.4166666666666667,query_1,['REAC:R-HSA-451927']
HP,HP:0002240,Hepatomegaly,0.040589165193521425,True,Abnormally increased size of the liver.,682,204,48,5200,0.23529411764705882,0.07038123167155426,query_1,"['HP:0003271', 'HP:0410042']"
HP,HP:0011873,Abnormal platelet count,0.04111091850361686,True,"Abnormal number of platelets per volume of blood. In a healthy adult, a normal platelet count is between 150,000 and 450,000 per microliter of blood.",471,204,37,5200,0.18137254901960784,0.07855626326963906,query_1,['HP:0011875']
GO:MF,GO:0005520,insulin-like growth factor binding,0.041421029938807974,True,"""Binding to an insulin-like growth factor, any member of a group of polypeptides that are structurally homologous to insulin and share many of its biological activities, but are immunologically distinct from it."" [ISBN:0198506732]",19,490,5,20208,0.01020408163265306,0.2631578947368421,query_1,['GO:0019838']
HPA,HPA:0461423,Skin 1; eccrine glands[High],0.04164459543849426,True,Skin 1; eccrine glands[High],89,355,11,11007,0.030985915492957747,0.12359550561797752,query_1,['HPA:0461422']
HP,HP:0012819,Myocarditis,0.04212857497970147,True,Inflammation of the myocardium.,24,204,7,5200,0.03431372549019608,0.2916666666666667,query_1,['HP:0001637']
WP,WP:WP560,TGF beta receptor signaling,0.04253784891335647,True,TGF beta receptor signaling,55,410,10,8899,0.024390243902439025,0.18181818181818182,query_1,['WP:000000']
HP,HP:0002170,Intracranial hemorrhage,0.042638960883399045,True,Hemorrhage occurring within the skull.,168,204,19,5200,0.09313725490196079,0.1130952380952381,query_1,"['HP:0011029', 'HP:0100659']"
GO:BP,GO:0060041,retina development in camera-type eye,0.042658190689199925,True,"""The process whose specific outcome is the progression of the retina over time, from its formation to the mature structure. The retina is the innermost layer or coating at the back of the eyeball, which is sensitive to light and in which the optic nerve terminates."" [GOC:bf, GOC:dph, ISBN:0815340729]",175,492,15,20972,0.03048780487804878,0.08571428571428572,query_1,"['GO:0043010', 'GO:0048856']"
GO:BP,GO:0032700,negative regulation of interleukin-17 production,0.04303218181920017,True,"""Any process that stops, prevents, or reduces the frequency, rate, or extent of production of any member of the interleukin-17 family of cytokines."" [GOC:add, GOC:mah, PMID:16482511]",15,492,5,20972,0.01016260162601626,0.3333333333333333,query_1,"['GO:0001818', 'GO:0032620', 'GO:0032660']"
GO:BP,GO:0150078,positive regulation of neuroinflammatory response,0.04303218181920017,True,"""Any process that activates or increases the frequency, rate or extent of neuroinflammatory response."" [GOC:aruk, GOC:bc]",15,492,5,20972,0.01016260162601626,0.3333333333333333,query_1,"['GO:0050729', 'GO:0150076', 'GO:0150077']"
GO:BP,GO:1901163,regulation of trophoblast cell migration,0.04303218181920017,True,"""Any process that modulates the frequency, rate or extent of trophoblast cell migration."" [GOC:BHF, GOC:TermGenie]",15,492,5,20972,0.01016260162601626,0.3333333333333333,query_1,"['GO:0030334', 'GO:0061450']"
GO:BP,GO:0072672,neutrophil extravasation,0.04303218181920017,True,"""The migration of a neutrophil from the blood vessels into the surrounding tissue."" [CL:0000775, GOC:BHF]",15,492,5,20972,0.01016260162601626,0.3333333333333333,query_1,"['GO:0045123', 'GO:1990266']"
HP,HP:0001954,Recurrent fever,0.04320802852303289,True,Periodic (episodic or recurrent) bouts of fever.,112,204,15,5200,0.07352941176470588,0.13392857142857142,query_1,['HP:0001945']
GO:BP,GO:0045577,regulation of B cell differentiation,0.043363579679663804,True,"""Any process that modulates the frequency, rate or extent of B cell differentiation."" [GOC:go_curators]",36,492,7,20972,0.014227642276422764,0.19444444444444445,query_1,"['GO:0030183', 'GO:0045619', 'GO:0050864']"
GO:BP,GO:0043537,negative regulation of blood vessel endothelial cell migration,0.043363579679663804,True,"""Any process that stops, prevents, or reduces the frequency, rate or extent of the migration of the endothelial cells of blood vessels."" [GOC:go_curators]",36,492,7,20972,0.014227642276422764,0.19444444444444445,query_1,"['GO:0010596', 'GO:0043534', 'GO:0043535']"
GO:BP,GO:0001569,branching involved in blood vessel morphogenesis,0.043363579679663804,True,"""The process of coordinated growth and sprouting of blood vessels giving rise to the organized vascular system."" [GOC:dph]",36,492,7,20972,0.014227642276422764,0.19444444444444445,query_1,"['GO:0001525', 'GO:0048754']"
HP,HP:0001903,Anemia,0.04360337387925369,True,A reduction in erythrocytes volume or hemoglobin concentration.,664,204,47,5200,0.23039215686274508,0.07078313253012049,query_1,['HP:0001877']
GO:BP,GO:0014032,neural crest cell development,0.04363115470703588,True,"""The process aimed at the progression of a neural crest cell over time, from initial commitment of the cell to its specific fate, to the fully functional differentiated cell."" [GOC:dh, GOC:ef]",80,492,10,20972,0.02032520325203252,0.125,query_1,"['GO:0014033', 'GO:0048864']"
HP,HP:0030875,Abnormality of pulmonary circulation,0.04400918326981346,True,A functional anomaly of that portion of the cardiosvascular system that carries deoxygenated blood from the heart to the lungs and returns oxygenated blood back to the heart.,214,204,22,5200,0.10784313725490197,0.102803738317757,query_1,"['HP:0002795', 'HP:0030163']"
HPA,HPA:0310443,Lymph node; non-germinal center cells[High],0.04591251479898235,True,Lymph node; non-germinal center cells[High],1212,355,62,11007,0.17464788732394365,0.05115511551155116,query_1,['HPA:0310442']
REAC,REAC:R-HSA-164952,The role of Nef in HIV-1 replication and disease pathogenesis,0.0461094481209884,True,The role of Nef in HIV-1 replication and disease pathogenesis,27,456,7,11056,0.015350877192982455,0.25925925925925924,query_1,['REAC:R-HSA-162909']
KEGG,KEGG:04657,IL-17 signaling pathway,0.04700464148708442,True,IL-17 signaling pathway,92,416,13,8716,0.03125,0.14130434782608695,query_1,['KEGG:00000']
REAC,REAC:R-HSA-913531,Interferon Signaling,0.047646851538002834,True,Interferon Signaling,263,456,25,11056,0.05482456140350877,0.09505703422053231,query_1,['REAC:R-HSA-1280215']
GO:BP,GO:0048639,positive regulation of developmental growth,0.048409232831896874,True,"""Any process that activates, maintains or increases the rate of developmental growth."" [GOC:go_curators]",156,492,14,20972,0.028455284552845527,0.08974358974358974,query_1,"['GO:0045927', 'GO:0048589', 'GO:0048638', 'GO:0051094']"
GO:BP,GO:0050890,cognition,0.04849271505864694,True,"""The operation of the mind by which an organism becomes aware of objects of thought or perception; it includes the mental activities associated with thinking, learning, and memory."" [ISBN:0721619908]",315,492,21,20972,0.042682926829268296,0.06666666666666667,query_1,['GO:0050877']
GO:BP,GO:0035744,T-helper 1 cell cytokine production,0.04858951111060249,True,"""Any process that contributes to cytokine production by a T-helper 1 cell."" [CL:0000545, GOC:BHF]",8,492,4,20972,0.008130081300813009,0.5,query_1,"['GO:0035743', 'GO:0042088']"
GO:BP,GO:0097527,necroptotic signaling pathway,0.04858951111060249,True,"""The series of molecular signals which triggers the necroptotic death of a cell. The pathway starts with reception of a signal, is characterized by activation of receptor-interacting serine/threonine-protein kinase 1 and/or 3 (RIPK1/3, also called RIP1/3), and ends when the execution phase of necroptosis is triggered."" [GOC:mtg_apoptosis, PMID:20823910]",8,492,4,20972,0.008130081300813009,0.5,query_1,"['GO:0007165', 'GO:0070266']"
GO:BP,GO:0150094,amyloid-beta clearance by cellular catabolic process,0.04858951111060249,True,"""The process in which amyloid-beta is removed from extracellular brain regions by cell surface receptor-mediated endocytosis, followed by intracellular degradation."" [GOC:aruk, GOC:bc, PMID:18289866]",8,492,4,20972,0.008130081300813009,0.5,query_1,"['GO:0009056', 'GO:0050435', 'GO:0097242']"
GO:BP,GO:2000427,positive regulation of apoptotic cell clearance,0.04858951111060249,True,"""Any process that activates or increases the frequency, rate or extent of apoptotic cell clearance."" [GOC:obol]",8,492,4,20972,0.008130081300813009,0.5,query_1,"['GO:0043277', 'GO:0050766', 'GO:2000425']"
GO:BP,GO:2000556,positive regulation of T-helper 1 cell cytokine production,0.04858951111060249,True,"""Any process that activates or increases the frequency, rate or extent of T-helper 1 cell cytokine production."" [GOC:obol]",8,492,4,20972,0.008130081300813009,0.5,query_1,"['GO:0002726', 'GO:0002827', 'GO:0035744', 'GO:2000554']"
GO:BP,GO:2000554,regulation of T-helper 1 cell cytokine production,0.04858951111060249,True,"""Any process that modulates the frequency, rate or extent of T-helper 1 cell cytokine production."" [GOC:obol]",8,492,4,20972,0.008130081300813009,0.5,query_1,"['GO:0002724', 'GO:0002825', 'GO:0035744']"
GO:BP,GO:1900451,positive regulation of glutamate receptor signaling pathway,0.04858951111060249,True,"""Any process that activates or increases the frequency, rate or extent of glutamate receptor signaling pathway."" [GOC:BHF, GOC:TermGenie]",8,492,4,20972,0.008130081300813009,0.5,query_1,"['GO:0007215', 'GO:0009967', 'GO:1900449']"
GO:BP,GO:1900223,positive regulation of amyloid-beta clearance,0.04858951111060249,True,"""Any process that activates or increases the frequency, rate or extent of amyloid-beta clearance."" [GOC:BHF, GOC:TermGenie]",8,492,4,20972,0.008130081300813009,0.5,query_1,"['GO:0051240', 'GO:0097242', 'GO:1900221']"
GO:BP,GO:0002248,connective tissue replacement involved in inflammatory response wound healing,0.04858951111060249,True,"""The series of events leading to growth of connective tissue when loss of tissues that are incapable of regeneration occurs, or when fibrinous exudate cannot be adequately cleared, as part of an inflammatory response."" [GOC:jal, PMID:9639571]",8,492,4,20972,0.008130081300813009,0.5,query_1,"['GO:0002246', 'GO:0097709']"
GO:BP,GO:0002767,immune response-inhibiting cell surface receptor signaling pathway,0.04858951111060249,True,"""The series of molecular signals initiated by an extracellular ligand binding to a receptor on the surface of the target cell capable of inhibiting an immune response."" [GOC:add, ISBN:0781735149, PMID:15771571]",8,492,4,20972,0.008130081300813009,0.5,query_1,"['GO:0002765', 'GO:0002768']"
HP,HP:0002729,Follicular hyperplasia,0.04863622576050849,True,Lymphadenopathy (enlargement of lymph nodes) owing to hyperplasia of follicular (germinal) centers.,17,204,6,5200,0.029411764705882353,0.35294117647058826,query_1,['HP:0002716']
GO:BP,GO:0001570,vasculogenesis,0.0487472064841557,True,"""The differentiation of endothelial cells from progenitor cells during blood vessel development, and the de novo formation of blood vessels and tubes."" [PMID:8999798]",81,492,10,20972,0.02032520325203252,0.12345679012345678,query_1,"['GO:0030154', 'GO:0048514']"
GO:BP,GO:0043371,"negative regulation of CD4-positive, alpha-beta T cell differentiation",0.04899110707865933,True,"""Any process that stops, prevents, or reduces the frequency, rate, or extent of CD4-positive, alpha-beta T cell differentiation."" [GOC:add, GOC:pr, ISBN:0781735149]",25,492,6,20972,0.012195121951219513,0.24,query_1,"['GO:0043367', 'GO:0043370', 'GO:0046639', 'GO:2000515']"
GO:BP,GO:0043302,positive regulation of leukocyte degranulation,0.04899110707865933,True,"""Any process that activates or increases the frequency, rate or extent of leukocyte degranulation."" [GOC:add, ISBN:0781735149]",25,492,6,20972,0.012195121951219513,0.24,query_1,"['GO:0002699', 'GO:0043299', 'GO:0043300', 'GO:1903307']"
GO:BP,GO:0045624,positive regulation of T-helper cell differentiation,0.04899110707865933,True,"""Any process that activates or increases the frequency, rate or extent of T-helper cell differentiation."" [GOC:go_curators]",25,492,6,20972,0.012195121951219513,0.24,query_1,"['GO:0042093', 'GO:0043372', 'GO:0045622', 'GO:0050778']"
REAC,REAC:R-HSA-199418,Negative regulation of the PI3K/AKT network,0.049100511290384063,True,Negative regulation of the PI3K/AKT network,104,456,14,11056,0.03070175438596491,0.1346153846153846,query_1,['REAC:R-HSA-1257604']
GO:BP,GO:0061448,connective tissue development,0.04928404133615033,True,"""The progression of a connective tissue over time, from its formation to the mature structure."" [GOC:BHF]",291,492,20,20972,0.04065040650406504,0.06872852233676977,query_1,['GO:0009888']
REAC,REAC:R-HSA-9839373,Signaling by TGFBR3,0.04951020284572683,True,Signaling by TGFBR3,46,456,9,11056,0.019736842105263157,0.1956521739130435,query_1,['REAC:R-HSA-9006936']
HP,HP:0011875,Abnormal platelet morphology,0.049632619633429395,True,"An anomaly in platelet form, ultrastructure, or intracellular organelles.",475,204,37,5200,0.18137254901960784,0.07789473684210527,query_1,['HP:0001872']
REAC,REAC:R-HSA-420597,Nectin/Necl  trans heterodimerization,0.04973804945373612,True,Nectin/Necl  trans heterodimerization,7,456,4,11056,0.008771929824561403,0.5714285714285714,query_1,['REAC:R-HSA-418990']
REAC,REAC:R-HSA-2660825,Signaling by NOTCH1 t(7;9)(NOTCH1:M1580_K2555) Translocation Mutant,0.04973804945373612,True,Signaling by NOTCH1 t(7;9)(NOTCH1:M1580_K2555) Translocation Mutant,7,456,4,11056,0.008771929824561403,0.5714285714285714,query_1,['REAC:R-HSA-2644603']
REAC,REAC:R-HSA-2660826,Constitutive Signaling by NOTCH1 t(7;9)(NOTCH1:M1580_K2555) Translocation Mutant,0.04973804945373612,True,Constitutive Signaling by NOTCH1 t(7;9)(NOTCH1:M1580_K2555) Translocation Mutant,7,456,4,11056,0.008771929824561403,0.5714285714285714,query_1,['REAC:R-HSA-2660825']
HP,HP:0011947,Respiratory tract infection,0.04979666206321155,True,An infection of the upper or lower respiratory tract.,850,204,56,5200,0.27450980392156865,0.06588235294117648,query_1,['HP:0002088']
