group,names,scores,logfoldchanges,pvals,pvals_adj
0,GPR20,8.118793,9.308297,4.708430854274679e-16,1.0226526522351896e-14
0,PPP1R17,6.870753,8.939566,6.386401684432229e-12,1.1126522934653151e-10
0,AC106712.1,4.2939963,7.9838333,1.754855072006012e-05,0.0001712576751199552
0,LYPD2,9.054968,7.272303,1.366078393914646e-19,3.455105148995087e-18
0,CDKN1C,31.95875,6.6069126,4.0837171759060316e-224,4.854440259835682e-221
0,PTGDR2,4.6877284,5.718337,2.7625438790301974e-06,2.969806736319524e-05
0,KNDC1,4.452034,5.5894427,8.506073189449543e-06,8.653627520286934e-05
0,NEURL1,14.813682,5.337545,1.195119296697291e-49,7.035724210099652e-48
0,HES4,24.793858,5.3107696,1.0442229538867598e-135,2.541244002817172e-133
0,AC100803.3,3.6560357,5.285254,0.0002561458170072068,0.002150108301532249
0,CASP5,10.070518,5.2505403,7.458450538552978e-24,2.2250804130796996e-22
0,C10orf105,2.8425398,5.15839,0.004475563311563666,0.02986962540930646
0,TCF7L2,36.37978,5.157421,8.889824053760728e-290,4.57929653382638e-286
0,AC064805.1,13.661952,5.134341,1.7132940838731418e-42,8.638300203958759e-41
0,FCGR3A,37.822704,5.0299625,0.0,0.0
0,SMIM25,37.619324,5.0274014,1.03875980546359e-309,8.026237326865786e-306
0,ICAM4,11.797888,5.0051985,4.002312575352343e-32,1.5520636733552681e-30
0,TMEM63C,2.6952677,4.895414,0.007033209391997435,0.04479196428569229
0,LST1,39.744114,4.848908,0.0,0.0
0,LINC02185,3.6890702,4.7091136,0.00022507519298785406,0.0019032555375309453
0,HCAR3,6.147521,4.570976,7.87032849286433e-10,1.1722806878503993e-08
0,AL158212.2,7.9217134,4.5435634,2.3425973482397487e-15,4.932061051910485e-14
0,GPBAR1,28.708082,4.422096,3.024531298684019e-181,1.5579864808071163e-178
0,SFTPD,3.617202,4.4003305,0.0002978049342200547,0.002475593626126743
0,TNFRSF8,16.052832,4.392725,5.461437118636623e-58,3.8189284394955227e-56
0,ADGRE1,20.409197,4.3793263,1.385399474200309e-92,1.861675719526476e-90
0,AIF1,37.6349,4.3124905,5.77878688249877e-310,5.95349887257965e-306
0,LKAAEAR1,4.2453246,4.2815356,2.1827741729317668e-05,0.00021029613891147792
0,TMTC1,8.490246,4.2705317,2.0620079947123955e-17,4.784570652595796e-16
0,LINC02432,17.427258,4.2450805,5.1244642732684805e-68,4.327372057210626e-66
0,CEACAM3,10.952522,4.236301,6.4622730722870595e-28,2.2045195788650788e-26
0,FCN1,31.352493,4.2311897,8.996814086741063e-216,8.96982364448084e-213
0,CDH23,23.868832,4.1730404,6.456345936345237e-126,1.330308559030815e-123
0,SERPINA1,36.463398,4.1598716,4.2192510317881e-291,2.6080878327894964e-287
0,MS4A7,35.406967,4.128904,1.3340006960825801e-274,5.153744939228039e-271
0,PTP4A3,17.480665,4.04379,2.0114019974998305e-68,1.7078681740859138e-66
0,TRNP1,3.6365726,4.027989,0.0002762897296554985,0.0023097881185995383
0,LILRA1,29.191221,4.0152793,2.506496555296642e-187,1.4345979450843207e-184
0,ZNF703,16.924105,3.9787166,2.988556440719432e-64,2.3503133311276207e-62
0,LILRB2,36.20791,3.952878,4.570901419603852e-287,2.018183573938518e-283
0,LILRA5,32.913532,3.9164765,1.4073545793155793e-237,2.0712908563288862e-234
0,LINC02345,4.9607096,3.8794951,7.023605478733832e-07,8.099946810866662e-06
0,APOBEC3A,24.936787,3.8610995,2.9706386387917776e-137,7.286787968979164e-135
0,CFD,33.77375,3.7858853,4.791572777287318e-250,1.1391779986739934e-246
0,AC026369.3,4.024129,3.7636275,5.7186571022504554e-05,0.0005265014449188407
0,AATBC,15.5961075,3.7614844,7.73694684481892e-55,5.044848441620641e-53
0,SIGLEC10,29.231905,3.7445927,7.626745907049297e-188,4.533073764407166e-185
0,PLAGL2,24.145359,3.693993,8.353742703143527e-129,1.805518361720678e-126
0,SEZ6L,3.3698804,3.6761792,0.0007520082703440998,0.005806225233955807
0,SLC2A6,25.926954,3.6676307,3.3086569057801255e-148,1.0124817721479836e-145
0,IFITM3,33.95671,3.6620064,9.71084259097735e-253,2.5011084329944746e-249
0,AC109597.2,3.4221566,3.6580868,0.0006212654623410656,0.004863589575626979
0,ADGRE2,30.556622,3.6015375,4.617965296604442e-205,3.5681863355538373e-202
0,CDC42EP2,12.92596,3.5977497,3.212620503683785e-38,1.4559012009876061e-36
0,CST3,28.745144,3.5968385,1.0416152981278322e-181,5.456475257497781e-179
0,LYNX1,5.120392,3.5799062,3.0490179764791254e-07,3.6511429135621976e-06
0,BATF3,19.340778,3.556597,2.4376399572014617e-83,2.759712020411193e-81
0,MTSS1,31.77317,3.555037,1.520001970121055e-221,1.739951884834498e-218
0,LRRC25,33.665405,3.5407817,1.8555824259783967e-248,4.096463288551022e-245
0,CTSS,32.49393,3.5218012,1.2989888714095277e-231,1.7455586542893162e-228
0,CKB,14.724239,3.5074916,4.505110498120646e-49,2.622211867521936e-47
0,PILRA,33.605564,3.5049074,1.3911821776941444e-247,2.866484504399528e-244
0,CABP4,3.503947,3.493203,0.0004584163859615106,0.0036819842102163223
0,TPPP3,14.1388,3.4926162,2.189873840251596e-45,1.1549902863593187e-43
0,P2RY2,3.740914,3.4851828,0.0001833521539670181,0.0015681956790471452
0,C19orf38,29.916105,3.4821756,1.2149584103241538e-196,8.16319991041057e-194
0,WARS,32.34519,3.4680834,1.6211832008014312e-229,2.0042363674867934e-226
0,CALHM6,30.75215,3.4628737,1.1445139116498413e-207,9.825969852044903e-205
0,TBC1D8,17.38121,3.4508412,1.1451003187424013e-67,9.643491975850518e-66
0,SLC24A4,23.983736,3.4238365,4.110860442993264e-127,8.702353678876219e-125
0,P2RX1,17.2947,3.421362,5.156956657157119e-67,4.296120199535177e-65
0,RIN1,11.996591,3.413239,3.702366738682258e-33,1.4880240415143373e-31
0,HES1,8.500326,3.38594,1.8905866832926957e-17,4.4000273057626013e-16
0,HCK,33.09126,3.382441,3.969950551128852e-240,6.134963084186972e-237
0,CFP,31.128433,3.3784046,9.934279399665958e-213,9.304205254711387e-210
0,UTF1,4.545963,3.375782,5.4684685379969535e-06,5.681141415256196e-05
0,CALML4,4.0128946,3.3403401,5.9978750650144806e-05,0.0005512230884163026
0,KCNJ2,14.08317,3.2861176,4.819856220749812e-45,2.524869427368041e-43
0,SYT17,5.450592,3.27559,5.0202420409068073e-08,6.508415300264542e-07
0,RRAS,28.451496,3.2632084,4.669786078298508e-178,2.2909377511424123e-175
0,SCGB3A1,4.7344346,3.2599494,2.1966658189269005e-06,2.393103647006476e-05
0,LILRB1,30.58249,3.2338815,2.092282989435847e-205,1.6581074449870185e-202
0,CLEC4F,4.8105264,3.2203176,1.5053342166037018e-06,1.6705696456937382e-05
0,LINC00877,13.371799,3.215794,8.837651158712845e-41,4.241386403141893e-39
0,CLEC12A,30.91773,3.2132938,6.901200805009576e-210,6.09415466515517e-207
0,SECTM1,25.798569,3.2099266,9.20115631511442e-147,2.734424406069629e-144
0,LYN,35.251743,3.204526,3.226365757698707e-272,1.1079698497021548e-268
0,CEBPB,34.371014,3.1928947,6.837428170647837e-259,1.9211308406382974e-255
0,SPI1,33.251347,3.1892273,1.9518801356067494e-242,3.1750925974314635e-239
0,SIDT2,26.332182,3.179295,8.211878318667311e-153,2.8517362156747254e-150
0,FGL2,30.425089,3.1730294,2.558997543095782e-203,1.8831175491538413e-200
0,SAT1,33.358078,3.1720555,5.56286094563709e-244,1.0745708952925347e-240
0,SLC7A7,31.380468,3.1603255,3.737727809402386e-216,3.850731780173318e-213
0,AP000763.3,6.551621,3.1569874,5.6915870962026927e-11,9.268170831524584e-10
0,LINC01506,6.4128723,3.105598,1.4280321726758887e-10,2.254146596572712e-09
0,LINC02158,2.7968428,3.104878,0.005160464809375111,0.033898934296143796
0,POU2F2,32.56743,3.1016815,1.1865233822838094e-232,1.6669035534657135e-229
0,NAAA,31.455633,3.0867767,3.5154303032783784e-217,3.88040729940803e-214
0,MTMR11,15.546303,3.0777593,1.6855879141545697e-54,1.0944635643440186e-52
0,CD300LF,23.068718,3.0723944,9.545273493689563e-118,1.7456554311802564e-115
0,MAFB,28.919184,3.0580435,6.852386304586683e-184,3.7155562020326424e-181
0,LIPN,4.992743,3.0580153,5.95277067073774e-07,6.914027926361943e-06
0,HK3,19.981022,3.0540009,8.055866651775451e-89,1.0080270065037403e-86
0,L1TD1,7.3355837,3.0509872,2.2075722888433815e-13,4.173054234329198e-12
0,LILRA2,26.789629,3.023203,4.268057949929757e-158,1.533870547191616e-155
0,SCIMP,29.902822,3.0206766,1.808330601804318e-196,1.1891505087226819e-193
0,LMO2,28.38538,3.0167499,3.064168324255023e-177,1.4569884676576922e-174
0,ZDHHC1,7.815862,3.0022619,5.458805458637057e-15,1.1270227141622946e-13
0,CPPED1,30.28474,2.9986572,1.820863568059833e-201,1.3087774487912851e-198
0,GUCY1B1,3.7772079,2.997786,0.00015859636572852838,0.0013726153667339676
0,PPM1N,11.450648,2.9955142,2.3339278578026428e-30,8.587465273941225e-29
0,FAM110A,21.900055,2.9825242,2.594722066936752e-106,4.1986950221368684e-104
0,FCER1G,33.285934,2.9791093,6.169453234545121e-243,1.1216428889416828e-239
0,RARA-AS1,8.950888,2.9692066,3.526360627685281e-19,8.747129046538442e-18
0,OAS1,28.03865,2.9541395,5.4936691456271954e-173,2.534221377371638e-170
0,IFI30,25.420065,2.9408872,1.5133872090342765e-142,4.0322636611743434e-140
0,PECAM1,31.073183,2.9381464,5.548471816976286e-212,5.043724071979003e-209
0,ADGRE3,9.22043,2.9350195,2.959098512168814e-20,7.653293532686321e-19
0,RHOB,25.566044,2.924185,3.641423026791986e-144,1.0231405589914536e-141
0,KLF4,22.100096,2.9192398,3.154019901917994e-108,5.2409297370204e-106
0,FFAR2,5.2414083,2.9120433,1.5935553152729218e-07,1.971657891478791e-06
0,CDC42EP4,6.274369,2.9097831,3.510561120344741e-10,5.371332304281926e-09
0,PTGIR,13.616594,2.9071684,3.191045847163954e-42,1.5924010781366013e-40
0,STXBP2,31.346153,2.9013567,1.0977002806803846e-215,1.0602069554683952e-212
0,DUSP6,29.061697,2.87504,1.0949851010140758e-185,6.0433400923289355e-183
0,SNED1,4.728393,2.8749387,2.2630370378823718e-06,2.4628058355574108e-05
0,AIFM3,3.1533406,2.872131,0.0016141337122587036,0.011743886686624235
0,PSAP,27.840126,2.8653185,1.4185328674771227e-170,6.175013427481047e-168
0,E2F2,3.9385521,2.8649342,8.197475693097496e-05,0.0007412503839864374
0,LYST,31.451035,2.861692,4.062989507175992e-217,4.330166093044427e-214
0,ABCC3,15.635231,2.8592162,4.1895072417258896e-55,2.7608763394460994e-53
0,AC136475.5,3.0232022,2.8415036,0.0025011504111189893,0.017548934337447128
0,FGD2,27.994337,2.8351095,1.9042900712239904e-172,8.52983959874201e-170
0,TNFRSF1B,33.26163,2.8202915,1.3859774228461977e-242,2.379800233772635e-239
0,KDM1B,21.241518,2.8154564,3.949133281186872e-100,6.102793116082133e-98
0,TYMP,30.488352,2.8142023,3.718584292084956e-204,2.8031776759870668e-201
0,SLC31A2,25.318,2.8133385,2.0239836580605844e-141,5.2567447831662586e-139
0,GCH1,23.136452,2.8087795,1.9903082074959526e-118,3.705690106570928e-116
0,CSF1R,29.303959,2.8067853,9.233913415040428e-189,5.595932586640285e-186
0,BCL2A1,25.960978,2.8036754,1.3669126038133534e-148,4.267390691521143e-146
0,PPARGC1B,12.264374,2.8007097,1.4069632600887083e-34,5.90828987494045e-33
0,COTL1,35.051964,2.7948146,3.639420143378766e-269,1.1248355837140753e-265
0,SPATA6,10.880693,2.7919092,1.424747674887222e-27,4.781180932436414e-26
0,CX3CR1,26.12803,2.7805822,1.7515381619280282e-150,5.698398944285218e-148
0,FRY-AS1,3.762469,2.7685442,0.0001682441322908361,0.0014472366815232037
0,ARHGAP29,3.6239126,2.7593112,0.0002901796123800815,0.002415897338249311
0,MYOF,21.544428,2.758008,5.971604513716484e-103,9.4165500359916e-101
0,CD300E,24.780233,2.7548504,1.4645195189203382e-135,3.5362425602555384e-133
0,FPR2,13.13059,2.7530103,2.199345429581523e-39,1.023722427591508e-37
0,RNF144B,21.708157,2.7459798,1.7180928517100853e-104,2.75135211232143e-102
0,LINC01504,9.533376,2.745791,1.5224998130520054e-21,4.190196057168151e-20
0,RARA,23.77623,2.7451303,5.884622365129585e-125,1.2044769764176164e-122
0,UPK3A,4.6454325,2.7307782,3.3936446654614383e-06,3.601901637205243e-05
0,SVIL,17.579176,2.7142892,3.557106909874479e-69,3.062381706503914e-67
0,SASH1,9.985078,2.711997,1.771619285925599e-23,5.214803549533571e-22
0,HLA-DPA1,25.440485,2.7060604,8.996770293870812e-143,2.4179406910666537e-140
0,KCTD15,5.46996,2.7013683,4.5013695550625044e-08,5.857845424771235e-07
0,SLC11A1,27.047073,2.6751323,4.134638563053618e-161,1.5973659258537273e-158
0,NCF2,28.415178,2.674549,1.3131490297790306e-177,6.341483916153204e-175
0,CCDC151,3.0481982,2.6729443,0.00230218086510985,0.016270942594214067
0,FTL,29.143387,2.669318,1.0132104970317958e-186,5.693690333047583e-184
0,RGS18,25.67431,2.6687803,2.2635178241809335e-145,6.5381818123327205e-143
0,LYL1,25.574978,2.6677656,2.896687492211101e-144,8.213570671721881e-142
0,LFNG,27.367065,2.6646862,6.766127940504346e-165,2.7515883718048397e-162
0,P2RY13,24.764832,2.664322,2.146229237275471e-135,5.063626491333816e-133
0,C5AR1,26.962397,2.6592884,4.0819966109859414e-160,1.5385642592163717e-157
0,MRVI1,7.7279906,2.6585693,1.0925741551827188e-14,2.2201307964649763e-13
0,FZD1,10.249845,2.6559777,1.1853448401233425e-24,3.6236847649547127e-23
0,BID,29.674019,2.6358128,1.6620290957083152e-193,1.048333331858304e-190
0,HLA-DRA,19.63709,2.6280987,7.454747113846912e-86,8.794040803346052e-84
0,MS4A14,7.9395585,2.6280932,2.0290200694189325e-15,4.280609097988461e-14
0,SAMD4A,10.446273,2.6170042,1.523970765794824e-25,4.77217471716521e-24
0,MEFV,15.360313,2.6124325,3.0211104918068276e-53,1.9173195476442223e-51
0,PLXNB2,25.389277,2.6100564,3.312692385535422e-142,8.750887483738744e-140
0,NOTCH4,5.112769,2.6053796,3.1746994638054656e-07,3.795761560071007e-06
0,S100Z,14.641505,2.5844846,1.5265065311267697e-48,8.785798390602434e-47
0,PRAM1,23.299671,2.5767725,4.467355961961485e-120,8.470709859898381e-118
0,CHST7,10.343162,2.5684924,4.494585555989818e-25,1.389013841954897e-23
0,OLIG1,8.582243,2.5683002,9.304059195490565e-18,2.1934443749429969e-16
0,CD68,26.81546,2.565277,2.1337013781530775e-158,7.758389234656136e-156
0,SH2B2,9.748174,2.561886,1.878158791551621e-22,5.364903305959885e-21
0,KLF2,26.245789,2.561163,7.984259510227004e-152,2.6822772682889786e-149
0,AP000547.3,2.9326484,2.5551515,0.0033608424960290726,0.023052276747618852
0,CHST15,20.137724,2.5475445,3.4482607192501197e-90,4.47795773318754e-88
0,AC100786.1,4.5355215,2.546133,5.746137517041952e-06,5.959593028161598e-05
0,IFIT3,15.607264,2.5454574,6.4964287670856346e-55,4.244928623769888e-53
0,MYD88,26.960136,2.538444,4.3388918099465705e-160,1.615688303253237e-157
0,CLEC7A,27.192724,2.52847,7.918112369359783e-163,3.178248038958478e-160
0,CEBPA,19.729204,2.5255396,1.2105921343076126e-86,1.4502236858544723e-84
0,ALDH3B1,17.124184,2.5245197,9.79756149421348e-66,7.968769292148844e-64
0,BTK,24.765684,2.5231779,2.1012596395556448e-135,4.995663975365101e-133
0,LYZ,21.034075,2.5203912,3.1995772139707144e-98,4.7194898166530115e-96
0,HRH2,21.597265,2.5173032,1.9056641833750541e-103,3.020428867465272e-101
0,NFKBIZ,24.671888,2.5126085,2.143172131051151e-134,5.018107655636206e-132
0,RAB24,12.801973,2.5059595,1.5983651979773923e-37,7.138825603162899e-36
0,FRY,15.571718,2.5040243,1.1332217275070085e-54,7.373575564644024e-53
0,LILRB3,25.980576,2.5018618,8.21063689167571e-149,2.5894505552145016e-146
0,PPM1L,12.394623,2.4938297,2.7945874152224545e-35,1.188064831393128e-33
0,RXRA,26.584305,2.4863005,1.0310123943537119e-155,3.6627011577345025e-153
0,UNC119,20.220146,2.4822493,6.508978512163295e-91,8.48831218883675e-89
0,AC147067.1,10.613266,2.4805527,2.5854984327653573e-26,8.306652813043545e-25
0,PPM1F,21.253422,2.4778895,3.064892290614154e-100,4.760131961106113e-98
0,INSIG1,19.254568,2.4762685,1.292495851269847e-82,1.4266846169713271e-80
0,RAP1GAP2,13.210529,2.469918,7.62864301324525e-40,3.6162341964780817e-38
0,C1orf162,28.755867,2.465593,7.649813405282891e-182,4.0764272916737636e-179
0,AL391807.1,2.9551966,2.464799,0.003124698378232577,0.021556931423221935
0,CD300C,15.73697,2.4522376,8.438935105342563e-56,5.645501456727762e-54
0,CDA,17.851385,2.4501145,2.819559947421673e-71,2.533259863225629e-69
0,P2RY1,6.358997,2.4458706,2.0307565196175102e-10,3.1749024351605976e-09
0,CAMK1,23.500044,2.4354424,4.0744524405660406e-122,7.970196302568014e-120
0,VSIR,29.799286,2.4338412,3.990811347984155e-195,2.5696667985863807e-192
0,IL3RA,8.68585,2.4313955,3.75921756641187e-18,8.971902496146074e-17
0,GRK3,24.33347,2.420037,8.675038256351879e-131,1.9015560807735282e-128
0,CBFA2T3,11.96418,2.4178157,5.473545064440882e-33,2.1800368209622985e-31
0,NLRC4,14.317762,2.4164495,1.694922621281628e-46,9.19034622034233e-45
0,AC011899.2,8.462238,2.4083383,2.622940481410012e-17,6.049792646189496e-16
0,FCGR3B,2.8063278,2.4074602,0.005010968341687747,0.033085665143461486
0,BRI3,28.631632,2.3905032,2.7145908693380827e-180,1.3754075409611822e-177
0,ARRB1,20.471571,2.3868246,3.85981300876583e-93,5.232247397452873e-91
0,STX11,19.385141,2.378161,1.0302326764208458e-83,1.174959458676719e-81
0,MAPKAPK3,26.287138,2.3737173,2.6906668361160184e-152,9.138509879542613e-150
0,VSTM1,9.734328,2.368535,2.1523461886588745e-22,6.119831062822431e-21
0,VNN1,6.2476916,2.3659132,4.165629766359525e-10,6.326639763581024e-09
0,FRMD3,3.3047915,2.365047,0.0009504710425651432,0.007194760840695783
0,RELT,19.289536,2.3644788,6.576099842840753e-83,7.284857270346923e-81
0,C20orf27,22.99636,2.3585896,5.068898159533544e-117,9.215555024511955e-115
0,FGR,26.973768,2.3509636,3.00265129351449e-160,1.1457153522055844e-157
0,SMAD1,4.5947375,2.3356297,4.33294622580434e-06,4.567475068244705e-05
0,OPRL1,4.003172,2.3332415,6.249878788281704e-05,0.0005728499516886792
0,IER5,26.161152,2.3317633,7.358593207630273e-151,2.419489790087541e-148
0,MXD3,9.691746,2.3302634,3.2689317864560797e-22,9.269071075596152e-21
0,FTH1,30.675095,2.3287685,1.2232187196450377e-206,1.0217843504883562e-203
0,RPH3A,3.0742848,2.327335,0.0021100788232536823,0.015023314026791421
0,C15orf39,17.018587,2.3273237,5.97961225847128e-65,4.76319268228278e-63
0,TYROBP,25.903532,2.3270476,6.076658718240735e-148,1.8412871667124156e-145
0,MPEG1,25.077589,2.3255463,8.734029973078202e-139,2.1946558079506342e-136
0,HAL,5.1420546,2.323121,2.717501631918399e-07,3.273180940674277e-06
0,MMP17,3.059799,2.3169131,0.0022148562349636382,0.015700587535325956
0,CYBB,23.7425,2.316784,1.3133459028951504e-124,2.6704988039987117e-122
0,CSTA,24.766533,2.3165357,2.0574997235702624e-135,4.929546043130706e-133
0,C5AR2,12.792349,2.3152893,1.8092167918873718e-37,8.057271381392362e-36
0,SH3BP2,25.302332,2.3143632,3.010983126843381e-141,7.755037958445698e-139
0,SNN,18.837479,2.31355,3.722859958890241e-79,3.887244349642591e-77
0,IFIT2,14.890408,2.3100016,3.804419642890466e-50,2.274336516495467e-48
0,TTYH2,8.595006,2.309843,8.326041824224215e-18,1.9688827441568308e-16
0,PAG1,23.422298,2.3038144,2.5331714667169905e-121,4.8932956576138765e-119
0,HMOX1,25.749872,2.300015,3.2339888291828596e-146,9.429518183354211e-144
0,C11orf21,14.59505,2.2986195,3.0199394791543966e-48,1.7094738000407497e-46
0,ZG16B,4.8845654,2.2966626,1.0365720759160015e-06,1.1726695882260562e-05
0,FAM117B,13.020593,2.2917774,9.344326743500757e-39,4.284942235332016e-37
0,ASAH1,27.97592,2.2903626,3.1904616475031897e-172,1.4086799734197296e-169
0,KIAA0513,16.374418,2.284851,2.9127508470435226e-60,2.15369355094675e-58
0,KCNQ1OT1,15.665215,2.2764356,2.6154452787924197e-55,1.7383992953040284e-53
0,KCNC3,6.6607103,2.2736442,2.725074599796742e-11,4.5281656266622534e-10
0,SNAPC3,19.120192,2.2725825,1.714738261173452e-81,1.8727001921585822e-79
0,ULK2,12.239117,2.269737,1.9211187313631905e-34,8.045530708704895e-33
0,SIRPB1,15.699437,2.2685096,1.5258877024381448e-55,1.0185877153186984e-53
0,S100A4,30.196232,2.2681327,2.65437438472753e-200,1.8230833135283058e-197
0,LTA4H,25.334585,2.2665887,1.328909639883617e-141,3.480729681346013e-139
0,C9orf72,21.683228,2.259596,2.954216224574369e-104,4.706492827470104e-102
0,AC079630.1,5.6971126,2.257569,1.2185341777356375e-08,1.6590852789108084e-07
0,PIK3AP1,23.875347,2.257261,5.524800351153209e-126,1.1460067412959209e-123
0,DGKG,4.6620107,2.2552395,3.131351784576648e-06,3.336114774419526e-05
0,SMCO4,22.264332,2.2514486,8.193380623244109e-110,1.3913890929813497e-107
0,IRAK3,23.072245,2.2488058,8.797808239596512e-118,1.6282267021629303e-115
0,DUSP5,10.789629,2.239505,3.8534367384339716e-27,1.27377721149496e-25
0,PAXBP1-AS1,4.3601837,2.2394505,1.2995324985311054e-05,0.00012906378834222644
0,IGSF6,23.515268,2.2383084,2.8468693024739196e-122,5.6402685597154765e-120
0,AL159163.1,2.7068713,2.2352836,0.006792060705370442,0.04341721204154793
0,TNFAIP2,22.300613,2.2304904,3.644738480675958e-110,6.2236426642128085e-108
0,S100A9,22.713505,2.2286742,3.294862178455509e-114,5.955222535059908e-112
0,ZEB2,25.47939,2.2264936,3.3361903675961385e-143,9.124923512503881e-141
0,CD79B,19.776752,2.2214248,4.721421580843298e-87,5.700194406215775e-85
0,CASP1,28.031406,2.2201226,6.732751623962779e-173,3.060134624144377e-170
0,ZEB2-AS1,5.814533,2.21898,6.080337531246672e-09,8.480369678620979e-08
0,HLA-DRB1,20.755388,2.2168314,1.0959303281619047e-95,1.5326660023755652e-93
0,TAGLN,15.917498,2.2161798,4.791605836859262e-57,3.298310948770807e-55
0,AMPD2,16.634384,2.212712,3.9276855175971945e-62,2.9899747855265145e-60
0,JUP,6.816013,2.2090104,9.360176925170474e-12,1.6045201787367932e-10
0,DOCK5,20.971733,2.2066681,1.1885428676499273e-97,1.7327497363422782e-95
0,MNDA,23.451633,2.1987894,1.272131213973617e-121,2.472815058508338e-119
0,RASGRP4,11.090251,2.1965075,1.3989429758308455e-28,4.858104556629657e-27
0,TKT,27.062006,2.1924324,2.7588748309541306e-161,1.0793486632949281e-158
0,TNFSF10,23.503933,2.1886427,3.7179584791990496e-122,7.31916832589841e-120
0,LILRA6,12.314866,2.186367,7.534033016842583e-35,3.181070470649641e-33
0,SPN,26.952087,2.1775558,5.3918635813192074e-160,1.9838848536646755e-157
0,CARD9,12.816035,2.1764994,1.3334645609169295e-37,5.964311025218457e-36
0,LINC01503,7.104408,2.1693618,1.2083950926778091e-12,2.1930632489367616e-11
0,AL139384.1,4.2459016,2.1692593,2.1771637519236317e-05,0.00020982101677799713
0,ENHO,3.9446568,2.1681402,7.991430411202691e-05,0.0007234655527798522
0,ZFAND5,25.530914,2.1659162,8.946316944268472e-144,2.491025385554105e-141
0,TLR8,14.658202,2.1616066,1.1939322459155072e-48,6.884489538154959e-47
0,LRRK2,21.180058,2.1599321,1.458530723768837e-99,2.220630989139086e-97
0,FMNL2,9.967723,2.1562476,2.110113765103149e-23,6.199361800194203e-22
0,CNIH4,22.10979,2.1355896,2.5444483003348516e-108,4.250879114510771e-106
0,KCNE3,17.936327,2.134981,6.138079533685817e-72,5.6293657017100156e-70
0,TBXAS1,23.639637,2.132802,1.5087218309976003e-123,3.0477167078851524e-121
0,SCRN1,12.499576,2.1327949,7.505123985714028e-36,3.2351585359339395e-34
0,NAP1L1,32.461006,2.1319964,3.788490246115486e-231,4.878786168195472e-228
0,SH3RF1,5.2389975,2.1318233,1.6145108919170594e-07,1.996786239955204e-06
0,GFRA2,3.5991066,2.1295748,0.0003193124348060148,0.0026394729667155656
0,ATG3,25.636366,2.12778,6.0008717643279235e-145,1.717305033519288e-142
0,RNF149,26.23041,2.1178567,1.1960069661016559e-151,3.974729817344503e-149
0,THEMIS2,23.977526,2.1070974,4.772225863294717e-127,1.0033686037880941e-124
0,MTPN,29.520966,2.1061842,1.5496158491458804e-191,9.578795409910345e-189
0,AP2A1,23.156399,2.1055434,1.2532154913771344e-118,2.34746249648443e-116
0,S100A11,30.595205,2.1054142,1.417613462438126e-205,1.15300471798882e-202
0,ABI3,24.548985,2.1044052,4.434361434382853e-133,1.0077412415622858e-130
0,HHEX,16.949295,2.0985975,1.9477270615975724e-64,1.5356734768570452e-62
0,ADA,16.567633,2.092784,1.1943464190749925e-61,8.981426952396787e-60
0,PWWP2B,10.7997465,2.0913038,3.451568861388904e-27,1.145839299666454e-25
0,TESC,20.091022,2.089197,8.842251767518462e-90,1.129287088341707e-87
0,FGFRL1,4.5751796,2.0854511,4.758116063631096e-06,4.985054006055806e-05
0,S100A6,29.23125,2.0812836,7.773993743817623e-188,4.533411785663608e-185
0,OSCAR,18.296919,2.0790374,8.756253157979739e-75,8.378622797327548e-73
0,ADAMTSL4,10.931027,2.0753646,8.191524006593684e-28,2.7882756880153196e-26
0,AC097634.1,5.9065466,2.0720737,3.4935369581358484e-09,4.980783092053716e-08
0,PYCARD,28.451681,2.0693135,4.645315969888155e-178,2.2909377511424123e-175
0,SETBP1,7.8227496,2.069021,5.168189450721611e-15,1.0698809869621756e-13
0,LGALS9,24.520224,2.068102,8.99070084628637e-133,2.0282889858114806e-130
0,NBPF26,7.1110344,2.0674133,1.1517654157385208e-12,2.091516668873705e-11
0,AC004241.1,3.1904616,2.0613213,0.0014204571593804218,0.010450385485591691
0,VAMP5,22.138214,2.0602756,1.3549817756619766e-108,2.2760011815426474e-106
0,RBBP8,11.114414,2.0553203,1.0674848607938455e-28,3.727994869215297e-27
0,FAM45A,21.083736,2.0405924,1.1216872323928095e-98,1.674781994761573e-96
0,LPCAT2,18.729858,2.0402353,2.826632774409938e-78,2.883258718108513e-76
0,NUDT16,21.033968,2.0394692,3.2066938282496925e-98,4.7194898166530115e-96
0,CPVL,21.741682,2.0384004,8.2808381768533e-105,1.332999299645859e-102
0,AP1S2,24.066109,2.0332677,5.662117248761331e-128,1.2152712347740726e-125
0,DAPK1,14.327045,2.0328264,1.4829765711045644e-46,8.055247255382912e-45
0,NAMPT,22.325888,2.0321364,2.0713175198878258e-110,3.556567254842946e-108
0,MCTP1,14.728779,2.031834,4.212487419127213e-49,2.4565160125087694e-47
0,IFNGR2,23.21112,2.0281754,3.515927777062624e-119,6.626023158882593e-117
0,HLA-DPB1,20.796516,2.0260513,4.654035035839807e-96,6.538284584213677e-94
0,KYNU,17.792496,2.0247352,8.079962994731854e-71,7.196755512339406e-69
0,SIGLEC5,3.9947805,2.0241854,6.475422491428958e-05,0.0005929952087187994
0,PTPN6,27.568205,2.0204701,2.677717532599141e-167,1.1034695437338887e-164
0,CARD16,27.723234,2.0179787,3.664374381999295e-169,1.5514358770472905e-166
0,SNX21,4.016475,2.0155709,5.907512145570395e-05,0.0005432415289590724
0,POFUT1,7.8991046,2.014584,2.8091404847213432e-15,5.902250507225192e-14
0,VMO1,5.778405,2.014443,7.541196445455572e-09,1.04331136320365e-07
0,DUSP7,11.442217,2.014343,2.57226190825038e-30,9.430711601221174e-29
0,KLF11,10.887673,2.0138247,1.3196917065057588e-27,4.4382711178425995e-26
0,TNFSF13B,22.517479,2.0123847,2.7983890305394083e-112,4.914193736754631e-110
0,VASP,27.76229,2.0105612,1.2383274127885976e-169,5.3156924093134986e-167
0,TIMP1,24.660675,2.0031166,2.8273381682083547e-134,6.570266222918467e-132
0,SNX18,20.554264,2.0018861,7.049023366522216e-94,9.682851786182316e-92
0,ZBTB18,9.68319,2.001447,3.554467179015927e-22,1.0060248818850297e-20
0,LINC02207,2.7722974,1.9960773,0.005566216347089732,0.03627900646130374
0,ARHGAP27,17.302317,1.99182,4.5185491144239403e-67,3.774453985932452e-65
0,AC092803.2,2.7790818,1.9908333,0.005451278759397638,0.03560496040082477
0,RGS19,25.502438,1.9900415,1.8522344236092942e-143,5.111340118793969e-141
0,NPC2,22.502905,1.9879985,3.8875731747577803e-112,6.788317746454165e-110
0,TRIQK,9.269344,1.9860322,1.8729312342601112e-20,4.880833529281388e-19
0,RGS2,20.848825,1.9856681,1.5621249090836396e-96,2.224912191937698e-94
0,RHOC,22.677826,1.9768364,7.416503155166817e-114,1.3249818671487908e-111
0,CAMKK2,16.705177,1.9746397,1.2016875507808282e-62,9.26198432219029e-61
0,ICAM2,19.86519,1.9702804,8.144366103205648e-88,9.949325025761934e-86
0,VDR,8.688303,1.9695114,3.678946739784503e-18,8.787110269437375e-17
0,SRC,7.590143,1.9685367,3.195527138008782e-14,6.314843814222343e-13
0,DMXL2,19.967905,1.9663869,1.0475456352630673e-88,1.3055037479465975e-86
0,EVI5,16.000696,1.965043,1.2635614198982614e-57,8.79569657765666e-56
0,FAM49A,19.916052,1.9599417,2.953881233685792e-88,3.651824291581071e-86
0,PLAC8,20.707462,1.9586672,2.9667948468712847e-95,4.1303931681194054e-93
0,BEST1,7.2830863,1.9547268,3.262684855134566e-13,6.111503079857214e-12
0,GUCY1A1,3.3669322,1.9544028,0.0007600940929409823,0.0058627971376408634
0,GABBR1,9.475612,1.9516822,2.6520266924921026e-21,7.177424604628145e-20
0,RAB39A,3.3514607,1.9481561,0.0008038641858832516,0.006178818799575642
0,DUSP1,20.897156,1.9453015,5.683093485906984e-97,8.20782104527697e-95
0,APH1B,15.916963,1.9414318,4.832733995576104e-57,3.3192291022504585e-55
0,PPCDC,10.66291,1.9412767,1.5177262907678194e-26,4.942925866044362e-25
0,MBD2,25.927963,1.9410707,3.2230878722178676e-148,9.961597686663764e-146
0,NEAT1,25.033531,1.9372888,2.638738447812498e-138,6.577055581172651e-136
0,MYO1G,24.344627,1.9370537,6.608874652288061e-131,1.459003491987622e-128
0,SCLT1,18.70432,1.9349086,4.565154254838044e-78,4.6260728706321124e-76
0,FPR1,19.790369,1.9345199,3.603999619790897e-87,4.36818887250499e-85
0,MGLL,12.123641,1.9337043,7.916268864641914e-34,3.2406373748276507e-32
0,FBP1,18.293146,1.9336729,9.383939281508135e-75,8.951525042394195e-73
0,RNASET2,27.642094,1.9322969,3.473501312410644e-168,1.4507500684145375e-165
0,MARCKS,21.115517,1.9318088,5.727993377309819e-99,8.635858112805589e-97
0,EPB41L3,17.689869,1.9307587,5.019155867107963e-70,4.419574085034353e-68
0,RRP12,9.610224,1.9278096,7.239154461153059e-22,2.015680602980699e-20
0,NFAM1,15.433422,1.9276534,9.755673840557446e-54,6.2555728504171986e-52
0,MARCKSL1,16.849823,1.9267247,1.0522852827511943e-63,8.192186708813895e-62
0,SH2D3C,16.857525,1.9254285,9.237755757429014e-64,7.209881747344912e-62
0,BLVRA,19.569818,1.9232452,2.796772265775967e-85,3.2866859474653157e-83
0,EHBP1L1,22.557508,1.9223863,1.1332655550639766e-112,2.0014764863064185e-110
0,AGPAT3,19.331686,1.91733,2.9075575565745637e-83,3.2797037007682497e-81
0,NADK,17.895061,1.9126785,1.2885480346399476e-71,1.1713280619593193e-69
0,KMO,6.267323,1.9080243,3.673072773028061e-10,5.60887649189616e-09
0,LIMD1,14.335195,1.9079025,1.3187701219899918e-46,7.214022683246846e-45
0,VCL,17.74042,1.9071761,2.044021337894614e-70,1.8049876425802524e-68
0,ARAP3,3.2306204,1.9059604,0.0012352182431661825,0.009177137077292596
0,RIPOR2,22.480566,1.9058744,6.431334094479767e-112,1.1167036115622817e-109
0,RNF122,3.6366491,1.9055648,0.0002762078230372369,0.002309728134905812
0,RAB10,23.634718,1.9053696,1.6951028808393315e-123,3.401983424552027e-121
0,PAQR7,5.4708824,1.904663,4.478007718260785e-08,5.832355016784075e-07
0,MAP3K1,21.166729,1.9035094,1.9353361181869024e-99,2.932129088470715e-97
0,RTN2,3.629306,1.9024098,0.00028418419369561374,0.0023700164259445045
0,RP2,15.124306,1.8992366,1.1197600083111979e-51,6.880402102758288e-50
0,HSBP1,24.958052,1.8950733,1.7461584468422463e-137,4.3174815293242644e-135
0,CD86,18.860107,1.8924878,2.427233437257543e-79,2.5430001303497924e-77
0,NAPRT,18.301533,1.8917999,8.045354652230897e-75,7.722291187468955e-73
0,ARL11,12.279961,1.8913993,1.1605466972365044e-34,4.8801383362569576e-33
0,FAM214B,12.2619915,1.8896167,1.4489425863190468e-34,6.0763186588009196e-33
0,GBP1,17.098162,1.8853503,1.531588777609802e-65,1.235948155341675e-63
0,SH2B3,18.897356,1.877494,1.1991398241392443e-79,1.2649083462345264e-77
0,IFITM2,25.876125,1.8764216,1.2367414569415925e-147,3.7110648747275534e-145
0,CHST2,14.55142,1.8763788,5.72027447160472e-48,3.2203373969742635e-46
0,SOWAHD,5.1866503,1.876035,2.1411013312723587e-07,2.6125155485840818e-06
0,ANXA5,24.603544,1.8722999,1.1575185933031099e-133,2.650031641719942e-131
0,CUX1,20.488224,1.8705785,2.7421206710269407e-93,3.7335120519572533e-91
0,PRKACA,19.067587,1.869238,4.694744700885733e-81,5.0912447182552755e-79
0,ARAP1,18.985878,1.8681343,2.2317455451176507e-80,2.386732164808001e-78
0,JDP2,12.9553,1.8669579,2.1927577600108452e-38,9.981084549139203e-37
0,DOK3,13.208268,1.8666883,7.861210579867691e-40,3.715083109968971e-38
0,SEMA4A,11.474538,1.865664,1.7712149649035385e-30,6.551191109683195e-29
0,PLXNC1,19.305574,1.864688,4.8216973145336554e-83,5.39942749638738e-81
0,GNS,20.818996,1.86357,2.9121942353515205e-96,4.1099172252059105e-94
0,PHETA1,4.427275,1.86155,9.543097605886908e-06,9.667273605543974e-05
0,OAZ2,19.9025,1.8575139,3.8712540759373366e-88,4.766886443226903e-86
0,PRKCD,17.67632,1.8539326,6.383002488587972e-70,5.572866042790634e-68
0,FGD6,8.376957,1.8486109,5.431389208127321e-17,1.235231392609206e-15
0,MLC1,4.5048842,1.8471122,6.640908146179056e-06,6.854467343385623e-05
0,INSR,9.314865,1.8468957,1.2210740685508857e-20,3.209161244617536e-19
0,TMEM176B,16.445051,1.8460864,9.100690502505608e-61,6.794083124660406e-59
0,ZMYND15,3.6073902,1.8441576,0.00030929242368895525,0.0025635025312294286
0,PAPSS2,7.878332,1.8421414,3.3177961352160302e-15,6.9332741819555e-14
0,SORT1,13.565169,1.8419843,6.443069918255472e-42,3.18617539141635e-40
0,YPEL2,17.181473,1.8412212,3.655121309065995e-66,2.996520803695032e-64
0,DPEP2,13.837181,1.8390214,1.5205318693791299e-43,7.767781568082772e-42
0,SLC8A1,17.45371,1.8363558,3.2257560007461003e-68,2.731464129179719e-66
0,NACC2,10.965743,1.8330667,5.583977016183856e-28,1.9070052777811539e-26
0,IL10RB-DT,7.4168687,1.8302399,1.1992194854386846e-13,2.2978472806232748e-12
0,CALHM2,14.332618,1.8297274,1.3686338814507536e-46,7.461514674789173e-45
0,KCNE1,8.963218,1.8280116,3.153383027617822e-19,7.834534504387782e-18
0,TLR1,14.259158,1.8249807,3.931699767814153e-46,2.1096709153443062e-44
0,C3AR1,18.834448,1.8228246,3.942142931431552e-79,4.1023505583082486e-77
0,NR4A1,11.130107,1.8207871,8.952782261718603e-29,3.130131689625983e-27
0,KLF3,19.449512,1.8204373,2.942131631876659e-84,3.393002326358653e-82
0,FLNA,24.392591,1.8149768,2.0496297812411493e-131,4.5574034279726764e-129
0,WSB1,25.166067,1.8146827,9.427031267872398e-140,2.3882070114437064e-137
0,MROH6,2.6975863,1.8145993,0.006984417607070655,0.04451789993983108
0,TNNI2,7.2714224,1.8134725,3.5572223619201026e-13,6.651123505133975e-12
0,GIMAP8,17.033735,1.8113377,4.616207902645249e-65,3.696195275830485e-63
0,NSMF,6.900125,1.8105261,5.195682297793123e-12,9.108505546108455e-11
0,SRGAP2B,13.122383,1.8099684,2.4510350260571973e-39,1.1391599932383427e-37
0,IFIT1,7.0415955,1.808333,1.9005108709187697e-12,3.403191743191565e-11
0,UNC93B1,20.273916,1.8077322,2.1855250018494728e-91,2.8743838822196448e-89
0,NOTCH2,20.392494,1.8059311,1.9495253811006798e-92,2.6083974438821952e-90
0,PRELID1,28.34634,1.8058033,9.286182870877013e-177,4.3486068786393304e-174
0,LINC01637,5.561215,1.8052286,2.679033011615037e-08,3.541525803677757e-07
0,RNF141,15.319941,1.8002993,5.626855969628321e-53,3.513317928349546e-51
0,AC007336.1,3.9606156,1.8001451,7.475678192065168e-05,0.0006791616281074607
0,ATP11A,15.154536,1.7978864,7.071251891974163e-52,4.362299046412085e-50
0,RYBP,16.591217,1.7976949,8.066891187362293e-62,6.095926795300889e-60
0,NID1,6.41195,1.7954873,1.436699148788056e-10,2.2666697596524987e-09
0,VAV2,5.4298406,1.7931287,5.6404376344457026e-08,7.275834973614914e-07
0,CDYL2,3.926925,1.7930939,8.603877807134091e-05,0.0007757294381128744
0,PDLIM5,16.03904,1.7854913,6.820177332457892e-58,4.758266835536706e-56
0,HLA-DRB5,18.139767,1.7848867,1.5468648852098457e-73,1.4487561517327487e-71
0,ARL4A,11.965461,1.7797949,5.389755876758418e-33,2.1502535591213955e-31
0,SIGLEC14,8.209278,1.7752905,2.2252203495823025e-16,4.905483976072769e-15
0,ASPHD2,5.22741,1.7745135,1.7190101487441262e-07,2.1209359946999883e-06
0,IRF5,10.782625,1.7688974,4.1584444996977045e-27,1.3716653591478863e-25
0,RBP7,12.223621,1.7641284,2.324913764763801e-34,9.710285098318216e-33
0,CD302,19.392723,1.7636427,8.890275010174479e-84,1.0176730731091208e-81
0,DENND5A,12.350038,1.763034,4.868891813029297e-35,2.0642364782619543e-33
0,TLR4,17.920906,1.7616056,8.099867501526007e-72,7.406585942889476e-70
0,LOXL3,4.05451,1.7596714,5.023943379256802e-05,0.0004651707838036551
0,EAF2,11.409199,1.7587065,3.761790701194081e-30,1.3694424640966485e-28
0,PLAUR,18.740936,1.7533965,2.2955573042761244e-78,2.349297668982191e-76
0,HOTAIRM1,13.707796,1.751745,9.118532593643351e-43,4.612544793318087e-41
0,NAGK,21.46618,1.748791,3.2244959594640494e-102,5.058857696403827e-100
0,AC119396.1,3.8215613,1.7476109,0.0001326094478034585,0.001159095080107888
0,ZNF385A,15.807033,1.7465361,2.782666706734345e-56,1.8819229738520437e-54
0,C3orf14,4.6611333,1.7449914,3.1447319100614697e-06,3.348061630873918e-05
0,MARCH1,20.415304,1.7436333,1.2226563681163033e-92,1.6501589680947854e-90
0,ASCL2,9.784571,1.7418761,1.3115085391434129e-22,3.770678550633066e-21
0,TMEM154,17.756828,1.7407885,1.5261663176994928e-70,1.3554374247453512e-68
0,CD33,15.611706,1.7346588,6.0595162338490324e-55,3.9678277169400854e-53
0,ARID3A,14.192014,1.7327958,1.0266740104820741e-45,5.442781070663716e-44
0,CYSLTR2,4.746341,1.7314852,2.071293518218873e-06,2.2677105479132376e-05
0,FGD4,16.068043,1.730921,4.2737257277908294e-58,3.015708700201625e-56
0,NHSL2,10.074686,1.7260585,7.148891098920272e-24,2.1347901178196023e-22
0,BACH1,18.6495,1.7256966,1.2746585490694512e-77,1.2790867459769328e-75
0,SULF2,15.189125,1.7240239,4.174514777515189e-52,2.596010628343299e-50
0,XYLT1,9.308281,1.7196943,1.2991785952992092e-20,3.411530403136165e-19
0,CD74,15.865746,1.7193793,1.0940998870743594e-56,7.497859248294284e-55
0,CMTM6,24.036024,1.7155645,1.1688287200342042e-127,2.491378568972217e-125
0,FTCDNL1,3.3203864,1.7123528,0.0008989289411468856,0.006841466826896526
0,CXCL16,17.354267,1.7114657,1.8312011720219514e-67,1.537960179991371e-65
0,SULT1A1,12.747737,1.703639,3.209253626402464e-37,1.4190043180432182e-35
0,RNH1,23.944986,1.7035491,1.0421241019588813e-126,2.1762790283272395e-124
0,PNPLA6,15.693401,1.6940604,1.6781715850222233e-55,1.1178286460836607e-53
0,RFK,13.6283455,1.6930826,2.7166990161385783e-42,1.3608592624277965e-40
0,MT2A,18.640495,1.6916325,1.5083531755394182e-77,1.5086948736697994e-75
0,NUP214,19.486092,1.6900499,1.4407541359944247e-84,1.6677673438644075e-82
0,AL844908.1,3.2365277,1.6891246,0.0012099351798718215,0.008995782199734998
0,LONRF1,5.75757,1.684544,8.533354529386394e-09,1.1774124483917199e-07
0,SLITRK4,2.843607,1.6790979,0.004460603727144582,0.029782648389470204
0,PFKFB4,5.041436,1.6788645,4.6205140800753553e-07,5.431960010379955e-06
0,STAC3,7.530142,1.6787331,5.0685272081427424e-14,9.871012628989775e-13
0,RHOG,22.679062,1.6785187,7.211158839706366e-114,1.2957865480163062e-111
0,PRR11,6.3431644,1.6776692,2.2509276670920158e-10,3.5065232563917807e-09
0,RASGRP2,16.779417,1.6755832,3.452056666236475e-63,2.6807214920444907e-61
0,DEDD2,14.928896,1.6755522,2.1377525421491545e-50,1.2829420935961926e-48
0,CTBP2,18.016373,1.6748185,1.4493912760311632e-72,1.3412076697094358e-70
0,ACAA1,19.69897,1.6741632,2.2004612090803426e-86,2.6258553895384615e-84
0,PAK1,17.864624,1.6728748,2.2242295791288373e-71,2.0042059359223025e-69
0,PID1,8.283612,1.6720666,1.19493967488261e-16,2.678172627381931e-15
0,RALB,15.99457,1.6705409,1.3941885184775945e-57,9.683187537210564e-56
0,SRD5A1,7.066299,1.6688286,1.5912060917141159e-12,2.8609311621063513e-11
0,LINC01410,5.4765363,1.6664301,4.3373153081548236e-08,5.658649397599879e-07
0,MRAS,4.3956738,1.6653688,1.1042961070463554e-05,0.00011092128625440918
0,ACPP,6.038247,1.6649234,1.5579720822231526e-09,2.2724041125658792e-08
0,ABHD6,5.7250886,1.6645675,1.033798615948073e-08,1.4156674268102392e-07
0,TUBA1A,20.957136,1.6616987,1.6151522133546793e-97,2.3436389416973273e-95
0,GAPT,16.570827,1.6611307,1.1325785098809484e-61,8.537708293875725e-60
0,AC096667.1,8.927372,1.6599784,4.362477029189089e-19,1.0769255394660318e-17
0,MDM1,9.563262,1.6599416,1.1410258598287504e-21,3.1571787152844396e-20
0,IL15,8.466812,1.6595668,2.522003487522949e-17,5.830034539182631e-16
0,DENND6B,8.988509,1.658782,2.506069680025148e-19,6.266593495189098e-18
0,SULT1B1,4.325429,1.6526101,1.5223546045254031e-05,0.000149845266758174
0,MX2,16.278421,1.6522695,1.4044423668815133e-59,1.0237523639907295e-57
0,KIAA0930,17.984667,1.6512437,2.569290840968466e-72,2.3704200603526083e-70
0,LGALS3,20.120161,1.6473762,4.9148838371444875e-90,6.355829069231158e-88
0,FCGRT,19.643011,1.6456293,6.634453784093893e-86,7.856362571072411e-84
0,NLN,7.7807965,1.645285,7.20694541904549e-15,1.4790508769351858e-13
0,ATP6V1B2,19.362068,1.6443307,1.6127929015598173e-83,1.8325952282540175e-81
0,NUP50-DT,7.168833,1.642341,7.563984996538398e-13,1.3898934856600015e-11
0,PCGF5,17.525682,1.6423146,9.124056945319845e-69,7.768518677933896e-67
0,CD101,7.0955157,1.6419142,1.2887014711985552e-12,2.3346949806760695e-11
0,HGF,6.7004924,1.6413015,2.077184611037372e-11,3.4796501232158293e-10
0,SPRED1,11.683252,1.6380453,1.5523969997306346e-31,5.930770589700213e-30
0,CUEDC1,5.362823,1.6362339,8.193122241882795e-08,1.0365322518619385e-06
0,UBE2J1,17.267971,1.6297203,8.197307818490037e-67,6.792337607133286e-65
0,ALOX5,16.301338,1.6294018,9.65535345760368e-60,7.054799274566358e-58
0,FKBP1A,24.642202,1.6282809,4.461344359483543e-134,1.029005747153417e-131
0,ATP1B3,20.66501,1.6267195,7.154053404512427e-95,9.915261370998457e-93
0,TCIRG1,20.868702,1.6218987,1.0309674939093556e-96,1.4820517364770445e-94
0,BCL6,11.829178,1.619887,2.7582903468772504e-32,1.0750375756738357e-30
0,UBE2R2,19.537743,1.618408,5.245102488364539e-85,6.117372928599352e-83
0,TENT5A,14.875274,1.6151893,4.77029694786804e-50,2.8358575383597776e-48
0,TLR2,16.616474,1.6148772,5.295719628622097e-62,4.0214940187180134e-60
0,NRROS,10.192175,1.6115437,2.149022285340639e-24,6.511748213041483e-23
0,FNIP2,12.417466,1.6113148,2.1011215973283416e-35,8.957153821879593e-34
0,ZNF710,8.902284,1.6104424,5.470903222993036e-19,1.347324349904747e-17
0,MTF1,10.57629,1.6094912,3.8385801441659706e-26,1.2256094681377858e-24
0,SNX10,19.299019,1.6093209,5.473922642872323e-83,6.085702414505572e-81
0,PGLS,22.611055,1.6056582,3.373756834376055e-113,5.992684050578203e-111
0,SIGLEC9,8.433348,1.6011803,3.3591346273914e-17,7.707555599761396e-16
0,IL1B,7.8693004,1.598973,3.566302262494989e-15,7.437496897903685e-14
0,NBPF14,11.8573885,1.5970033,1.970247853281798e-32,7.708158278655763e-31
0,AC005280.2,5.048052,1.5964477,4.463380122466275e-07,5.257229018485715e-06
0,RGS12,8.623006,1.5960529,6.5219289314979795e-18,1.545807189308344e-16
0,NAGA,14.621083,1.5911698,2.0609451137135547e-48,1.1712295829163831e-46
0,CEACAM4,5.8180556,1.5894808,5.953606247291946e-09,8.314871589925538e-08
0,CD55,18.686512,1.5882783,6.374673933858439e-78,6.4386289958746e-76
0,EMP3,24.494495,1.5872902,1.6907737071226843e-132,3.786720504785565e-130
0,DNASE1L1,9.95174,1.5825136,2.4781101799510475e-23,7.266693674738807e-22
0,PDK4,16.691214,1.5812385,1.5185167090160993e-62,1.1645855068377315e-60
0,TATDN3,11.543463,1.5793691,7.965261962875877e-31,2.976811988955317e-29
0,TOR4A,9.28881,1.5766276,1.5602259667982294e-20,4.079687305908027e-19
0,TSPO,22.086977,1.5761658,4.216906266865736e-108,6.969621496792476e-106
0,ALDH16A1,11.566351,1.5743235,6.102312547248762e-31,2.2888856055560373e-29
0,SH3TC1,11.000356,1.5720396,3.806257673905976e-28,1.3042129260245233e-26
0,MCOLN1,14.745584,1.5697653,3.2846924782674717e-49,1.9190924466127173e-47
0,SNX27,17.114271,1.5685629,1.1616115273366948e-65,9.398410333873095e-64
0,VPS53,13.483102,1.5650774,1.966612753657987e-41,9.571984311386993e-40
0,MAPK7,5.47451,1.5640804,4.387231295578324e-08,5.721356862972121e-07
0,CCSAP,9.400134,1.5631871,5.4493741021743525e-21,1.4494303388631903e-19
0,WASF2,23.349237,1.5600044,1.4029871093621103e-120,2.693299539692841e-118
0,STS,2.97951,1.5583118,0.002887096898316249,0.020025023302571884
0,SLC43A2,15.800599,1.5578897,3.0817463619327624e-56,2.0796404979968534e-54
0,UTRN,21.005829,1.5571827,5.801145709065623e-98,8.497441252610958e-96
0,ZNF106,20.05124,1.555623,1.968754674733332e-89,2.4836041115095136e-87
0,SLC25A25,6.143037,1.5549068,8.095859544792147e-10,1.2041324877328724e-08
0,JAK2,13.958411,1.5545189,2.7959644138998815e-44,1.447485295484148e-42
0,SEC14L1,18.337187,1.5510365,4.178746301722802e-75,4.036015998354583e-73
0,MIS18BP1,20.11472,1.5493695,5.484859611458137e-90,7.06335650047236e-88
0,TMPO-AS1,3.3293157,1.5487645,0.0008705965960894213,0.00664055503339974
0,MYO15B,7.0285034,1.5483228,2.0876073872244264e-12,3.731734037995682e-11
0,ADA2,18.145592,1.5477906,1.3912769584324982e-73,1.3109816144595495e-71
0,CD300A,18.935444,1.5460584,5.8223248314303604e-80,6.183869194674164e-78
0,SIRPB2,7.1691675,1.5442789,7.545522254682479e-13,1.3873257366179142e-11
0,SLC15A2,3.355463,1.5441098,0.000792322573391385,0.00609465250766738
0,FAM126A,12.800996,1.5425123,1.6186139134984418e-37,7.218831201226024e-36
0,RNPEP,14.277449,1.5405849,3.024750198363457e-46,1.6258426848838148e-44
0,FRAT2,13.39949,1.5404785,6.0879390962374e-41,2.9354123813948412e-39
0,ITPK1,12.406466,1.5373143,2.410608412989303e-35,1.0262351820972504e-33
0,ARRB2,20.857105,1.5369121,1.3138578343612307e-96,1.879972411416785e-94
0,VENTX,4.1573815,1.5366186,3.219160194146129e-05,0.0003053854638443045
0,NOTCH2NL,7.5982924,1.5346698,3.0006406980354164e-14,5.944923208601321e-13
0,CDKN2B,3.0184677,1.5343531,0.002540565854595337,0.017813355006347113
0,LACTB,16.161083,1.5328405,9.487978492262888e-59,6.788077575471507e-57
0,PTPN13,3.461193,1.532663,0.0005377871471696634,0.004245565097719741
0,CBL,17.15564,1.529027,5.703911380328187e-66,4.663777487613844e-64
0,TPMT,14.229261,1.5289372,6.031544269215718e-46,3.214085150493969e-44
0,TTYH3,15.167289,1.5245897,5.823308306262406e-52,3.6068334633597627e-50
0,PITPNM1,11.582942,1.5234818,5.028992424730418e-31,1.890888915707336e-29
0,SYNGR2,18.240507,1.5233587,2.4616699249480142e-74,2.333829213814978e-72
0,EMILIN2,16.593967,1.520292,7.705717915313212e-62,5.837270186484937e-60
0,PLEKHO2,14.332607,1.520114,1.3688416283060348e-46,7.461514674789173e-45
0,VIPR1,2.689587,1.519758,0.007154045299401069,0.045514631138038046
0,KLHL18,10.520731,1.5150723,6.933355543969414e-26,2.188858220607382e-24
0,ITGA4,19.548962,1.5141822,4.2100359702569084e-85,4.9287720353306916e-83
0,AC009093.2,6.2683506,1.5123749,3.648921143366902e-10,5.574750656353971e-09
0,SESTD1,10.236636,1.5112581,1.358787237792828e-24,4.141621021544668e-23
0,VPS37C,4.6736326,1.5081401,2.9591876443437955e-06,3.1657879032098886e-05
0,ACVR1B,8.573422,1.5075331,1.0045444904773995e-17,2.362928298897898e-16
0,GCA,18.068396,1.5047135,5.653305093888789e-73,5.2787522820791784e-71
0,ACOT9,13.114648,1.5024439,2.7144068033230272e-39,1.2577836742174633e-37
0,TMEM170B,10.246556,1.5019016,1.2263552888310437e-24,3.745352066393386e-23
0,PRKCB,18.78008,1.500436,1.099141810325722e-78,1.1361597301584311e-76
1,NOG,4.413943,6.421526,1.0150473893927705e-05,4.405570799601511e-05
1,MAL,34.6759,5.8668666,1.818780973802147e-263,2.41257783507738e-261
1,AC005842.1,8.600255,5.5625443,7.953937855892795e-18,6.080444158102365e-17
1,CD40LG,50.20184,4.962524,0.0,0.0
1,IL7R,86.746,4.946964,0.0,0.0
1,LTK,7.5011673,4.5028377,6.325196607049653e-14,4.180770990891438e-13
1,AC139720.1,3.791201,4.2588596,0.0001499205434710606,0.0006001287705038299
1,ADTRP,10.029233,4.059228,1.133939905375666e-23,1.0591320838756636e-22
1,B3GALT2,8.810274,3.8538845,1.2484007459854954e-18,9.812899759962793e-18
1,FAM153A,2.504714,3.8258793,0.012255043810781845,0.0414360178382928
1,IL2,6.782227,3.6822028,1.1833732673962483e-11,7.086711407753506e-11
1,LRRN3,8.480212,3.67042,2.247838287811313e-17,1.6903634540482784e-16
1,CCR7,40.017986,3.6687198,0.0,0.0
1,TSPAN18,6.571719,3.6548944,4.973767383618824e-11,2.890096418979263e-10
1,RAB6B,2.478998,3.6364474,0.013175208506830096,0.04440634343736072
1,TSHZ2,13.2954855,3.5674891,2.458727012962891e-40,3.6015107009309985e-39
1,ANKRD55,4.605574,3.5469022,4.113295952940094e-06,1.8292034247125105e-05
1,VSIG1,5.0895157,3.5181317,3.589794952474647e-07,1.7048216440708962e-06
1,ELOVL4,2.7192492,3.5039473,0.006543027069787128,0.022716843141531204
1,TRABD2A,22.832905,3.4586847,2.1611001582670126e-115,9.822518028170375e-114
1,FBLN7,8.947944,3.4563737,3.6216648854693467e-19,2.8916248156858976e-18
1,MDS2,4.998298,3.4390063,5.783846467600485e-07,2.706454848964848e-06
1,SLC4A10,9.009173,3.3748605,2.0761608220655256e-19,1.6671317881937959e-18
1,TTC39C-AS1,6.312855,3.2459173,2.739342952904395e-10,1.537125501913873e-09
1,GCNT4,5.017973,3.206588,5.221950076884485e-07,2.452063370195515e-06
1,KIF5C,9.634099,3.1523736,5.739314818781416e-22,5.071040683364129e-21
1,AC009041.2,3.4827697,3.1367059,0.0004962550969031828,0.0019046015497313636
1,AP003716.1,2.8599887,3.1307652,0.004236560137652952,0.014976479946750517
1,AQP3,35.033543,3.1114235,6.94472211644606e-269,9.455529799691558e-267
1,TNFRSF25,34.266575,3.096854,2.470807505762808e-257,3.168682472224527e-255
1,LEF1,27.706991,3.0949974,5.751197083108713e-169,4.08625858040554e-167
1,DPP4,20.70529,2.9940507,3.1036581684518926e-95,1.161316743490831e-93
1,LINC00402,6.1059985,2.8977551,1.0215982838438273e-09,5.569683922871965e-09
1,CMTM8,13.268777,2.8121336,3.5126609287915145e-40,5.121028836139592e-39
1,EPHX2,10.105083,2.8043447,5.245112516618255e-24,4.966626610022071e-23
1,TCF7,47.79556,2.793823,0.0,0.0
1,CHRM3-AS2,17.162567,2.788828,5.062537714112791e-66,1.2467558018333388e-64
1,LTB,65.664795,2.7687201,0.0,0.0
1,ATG9B,2.8189595,2.758107,0.004817959838892493,0.01693298666598252
1,LINC02273,12.852698,2.7067847,8.306161656632503e-38,1.1470890899085825e-36
1,AC013264.1,15.155922,2.7038407,6.923720238662388e-52,1.2977041929432288e-50
1,SCGB3A1,3.5088463,2.6943326,0.00045005508841487035,0.0017322356933547195
1,CD3D,61.557312,2.6841645,0.0,0.0
1,AC133644.2,5.9741135,2.674515,2.3134455777597586e-09,1.2385529615766648e-08
1,TRAT1,37.603107,2.6643183,1.91241251949712e-309,3.4165857653235528e-307
1,MCAM,5.270965,2.6295984,1.3570841714510788e-07,6.612549343692021e-07
1,AL109741.1,2.5707126,2.6092656,0.010148950218302099,0.034595081548148554
1,CD3G,61.07643,2.5855193,0.0,0.0
1,TRAC,63.468105,2.567967,0.0,0.0
1,NELL2,10.403036,2.5342822,2.4015639873693125e-25,2.360850450306086e-24
1,RORC,5.884318,2.5062284,3.996989746398176e-09,2.1066671570929135e-08
1,TCEA3,5.1860795,2.502767,2.1476730946498158e-07,1.0355402860583753e-06
1,CAMK4,35.109917,2.4871929,4.757558914198216e-270,6.593805980319474e-268
1,SPOCK2,56.67988,2.479438,0.0,0.0
1,CPA5,3.0476146,2.474205,0.0023066549346540508,0.008373477104222779
1,CD28,23.120592,2.4501352,2.8741392370872594e-118,1.345924566676605e-116
1,RASGRF2,6.1625233,2.3794835,7.159477422483881e-10,3.942943134296317e-09
1,INPP4B,30.453428,2.3734539,1.0790441485416119e-203,1.0357148291607328e-201
1,FBXL16,5.1377583,2.3529024,2.780350138809071e-07,1.330427028025576e-06
1,AC136475.3,5.3511124,2.344193,8.741517890543423e-08,4.3014503015925103e-07
1,PASK,12.186683,2.3253112,3.660195195582523e-34,4.6117265760240125e-33
1,PCSK1N,3.6033368,2.322699,0.0003141579506989654,0.00122349795643308
1,LINC01550,14.866087,2.3194182,5.47194628926021e-50,9.844088705597515e-49
1,NSG1,7.126492,2.3040113,1.0295910668993048e-12,6.4572993313021126e-12
1,IL23A,5.128887,2.2942138,2.91460154378543e-07,1.3922965983582117e-06
1,IL23R,3.944704,2.2899637,7.989862912151352e-05,0.00032703309896154394
1,PKIA,5.5643125,2.2824807,2.631881862541455e-08,1.3304477056848012e-07
1,PLEKHB1,5.8771954,2.255226,4.172756318935239e-09,2.1978081041126695e-08
1,AL445686.2,11.71679,2.2346773,1.0455914285219028e-31,1.234852666462608e-30
1,BCL11B,41.582115,2.2279775,0.0,0.0
1,GOLGA7B,3.179643,2.2050366,0.0014745662184939689,0.005435231737029588
1,ANK3,14.8167925,2.1948416,1.1410511992360987e-49,2.0420653974979793e-48
1,CCL20,9.39426,2.1525586,5.762130219417723e-21,4.899316607745352e-20
1,AP002884.1,6.1528482,2.1524346,7.610367344254659e-10,4.187531128874466e-09
1,CTLA4,10.011825,2.1363847,1.3523495461896859e-23,1.260086446309455e-22
1,PTPN13,4.0383286,2.1079674,5.383338372262295e-05,0.00022309310682691168
1,CD6,31.027424,2.0864162,2.3007311681411273e-211,2.3314327283192728e-209
1,ADAM12,4.2420034,2.0786781,2.2153319580152292e-05,9.401244655550829e-05
1,LINC00243,9.197831,2.0760663,3.652475253614831e-20,3.0119277658344073e-19
1,CD5,17.049465,2.068295,3.527406546018349e-65,8.570876896052602e-64
1,RCAN3,41.057285,2.056435,0.0,0.0
1,SLAMF1,18.389648,2.0480783,1.5900977249609694e-75,4.550476887534137e-74
1,FBLN5,11.930316,2.0398803,8.226032771736345e-33,9.993789106763177e-32
1,FXYD7,3.6605983,2.0373614,0.00025162702763902094,0.0009884388082408771
1,FLT3LG,23.406446,1.9879484,3.6740942225051697e-121,1.7798625413004277e-119
1,AC020571.1,5.4582186,1.9714133,4.809357957031474e-08,2.3963054389484403e-07
1,NR3C2,3.5697606,1.9682693,0.0003573078211716608,0.0013843942370505855
1,AC020656.2,4.1992793,1.9640629,2.6776566583857697e-05,0.00011302695211790356
1,ACSL6,7.423835,1.9474329,1.1377706341577067e-13,7.447072636576079e-13
1,CDC14A,24.374147,1.9395399,3.2159687716129497e-131,1.701985390826052e-129
1,RORA,40.574467,1.9325844,0.0,0.0
1,AC008549.2,4.845527,1.9231001,1.262759420620097e-06,5.788802345462079e-06
1,CD2,49.032646,1.9221419,0.0,0.0
1,PIK3IP1,46.288715,1.9191335,0.0,0.0
1,AL031280.1,4.114427,1.9073541,3.8814241328113124e-05,0.0001623098033727496
1,AC022916.1,3.629974,1.9066744,0.00028344981218011615,0.001108934600639348
1,TESPA1,21.177681,1.904062,1.5339846296194371e-99,6.047303947404074e-98
1,NOSIP,35.802917,1.8867135,9.947518454637438e-281,1.5295918053605936e-278
1,STMN3,20.446333,1.8853966,6.476440401835906e-93,2.3275272499946783e-91
1,LINC00649,20.90442,1.8833286,4.880806316544396e-97,1.8739264698812133e-95
1,THEM4,21.688301,1.8822995,2.6458376128436477e-104,1.0903320413354483e-102
1,IL32,39.89899,1.8643781,0.0,0.0
1,FHL1,4.9435253,1.8610674,7.672230191528758e-07,3.5583076009840832e-06
1,DGKA,28.507238,1.8538115,9.528124717075391e-179,7.38059525390098e-177
1,PCAT1,5.2537107,1.8461722,1.490649587550983e-07,7.247366179398809e-07
1,CD3E,49.919342,1.8408633,0.0,0.0
1,ZNF208,3.299209,1.8279444,0.0009695767249670218,0.003635853899363716
1,DOCK9,9.292005,1.8138257,1.5140970997358062e-20,1.2651040568135865e-19
1,LINC00861,33.82732,1.8072997,7.823363793175507e-251,9.789340273509125e-249
1,TMEM204,16.391817,1.8013629,2.188038955617248e-60,4.844249283758044e-59
1,BTBD11,2.999582,1.7983606,0.0027035032998021387,0.009747687410987483
1,PDE3B,22.888288,1.7892525,6.078093335356123e-116,2.7830463809755807e-114
1,MAGI3,2.4546611,1.7636354,0.01410174152413716,0.04735874446229568
1,DUSP16,9.548422,1.7539512,1.3168693880254753e-21,1.148109511303339e-20
1,PBXIP1,32.871975,1.7359254,5.528577409563317e-237,6.399690711512114e-235
1,RETREG1,14.844326,1.7352276,7.571185909064135e-50,1.3589003652232591e-48
1,ZNF831,12.391931,1.7336872,2.890023611138088e-35,3.735757413193011e-34
1,GPR171,28.75916,1.7154125,6.958063582255063e-182,5.585788860694993e-180
1,LDLRAP1,15.953573,1.7061365,2.690527901740651e-57,5.641529569816709e-56
1,LOXL1-AS1,2.8056104,1.7043631,0.005022137283110646,0.017622524637727153
1,RNF157,13.487675,1.6975365,1.8483784129587328e-41,2.777240233802409e-40
1,FHIT,6.112986,1.6882457,9.778389922742872e-10,5.3462002006406155e-09
1,ACP6,6.925384,1.6787953,4.347944299969714e-12,2.664193387770895e-11
1,CCR4,4.057418,1.6636841,4.9618264564678425e-05,0.00020612254071243497
1,KCNA3,4.0867796,1.6632121,4.374018846394653e-05,0.00018234124694566973
1,TRBC2,43.57501,1.6508274,0.0,0.0
1,AC245014.1,2.4558976,1.6472303,0.01405332252927275,0.04721665826853276
1,ICOS,10.977581,1.64387,4.898638073062322e-28,5.242458688508905e-27
1,OXNAD1,35.07248,1.6344035,1.7717650998106725e-269,2.433775286215487e-267
1,ITK,28.380907,1.6263769,3.4794826427616946e-177,2.642269534148297e-175
1,CCR6,13.440962,1.6144968,3.478855189621373e-41,5.179237829750856e-40
1,AC058791.1,22.828318,1.6119618,2.4002209258310824e-115,1.0893337467644826e-113
1,NR1D1,3.1782665,1.6083329,0.001481585053148253,0.005459800791421612
1,FXYD1,4.533644,1.6065601,5.7974663549591374e-06,2.55027458913638e-05
1,HOOK1,4.1543913,1.6057642,3.261548666673162e-05,0.00013696288674030897
1,RIC3,9.987005,1.6001002,1.7375142426130377e-23,1.6136223766959482e-22
1,GPRASP1,3.5464969,1.5863539,0.0003903893231481402,0.001508597500692619
1,BACH2,8.441234,1.5819869,3.1400490960792505e-17,2.3498667654363533e-16
1,AL365361.1,10.095453,1.5797358,5.786337233366297e-24,5.469061922680493e-23
1,ETS1,45.518658,1.5729682,0.0,0.0
1,MORN3,3.121713,1.5726888,0.0017980222656962216,0.006581178844845229
1,LDHB,49.182762,1.5717869,0.0,0.0
1,PBX4,9.6363535,1.5630708,5.614705891707144e-22,4.9623595937944725e-21
1,CD27,31.940958,1.5629627,7.2138803648037395e-224,7.85068311390807e-222
1,ATP8B2,14.282496,1.5586329,2.8133964638436958e-46,4.702739021526074e-45
1,AK5,3.9784124,1.5577371,6.937693329475949e-05,0.0002852891002316567
1,FAM241B,3.893644,1.5564283,9.874950371519447e-05,0.00040174422947551866
1,AC119396.1,3.510754,1.5472648,0.0004468373488927514,0.0017200650071276956
1,TNFSF8,11.082101,1.5469829,1.5323464122086247e-28,1.6640980520777217e-27
1,LINC01215,4.2697177,1.5360329,1.957204667488858e-05,8.321822074298821e-05
1,CFH,3.855538,1.5357227,0.00011547544239687265,0.00046677995006018093
1,LINC00239,3.2842212,1.5297414,0.001022646035122614,0.003829285317123168
1,CDR2,8.303689,1.5238104,1.0092772139296625e-16,7.402404093717153e-16
1,PDE4D,14.099551,1.5199143,3.821911431236519e-45,6.240032572912155e-44
1,GCSAM,4.4105544,1.5017821,1.0310633104328297e-05,4.4725717523575396e-05
2,FGFBP2,69.62189,8.980474,0.0,0.0
2,SLC1A7,2.9757016,8.3823185,0.002923191538930203,0.014464790408856192
2,HBA1,4.800229,6.246078,1.5848435243366134e-06,1.2257947649317245e-05
2,S1PR5,41.526566,6.0346837,0.0,0.0
2,AKR1C3,37.010334,5.4220386,7.810499771240313e-300,4.09151044796143e-297
2,MYOM2,9.320324,5.413147,1.1598533274495292e-20,2.271710189574309e-19
2,ADGRG1,48.75859,5.334606,0.0,0.0
2,KLRF1,60.561356,5.324531,0.0,0.0
2,SPON2,61.208504,5.309768,0.0,0.0
2,CXCR1,5.727802,5.096434,1.0174030083738928e-08,9.720208587267977e-08
2,MLC1,13.874251,5.052908,9.073536575006995e-44,3.5678854315997603e-42
2,LGALS9B,6.3664155,4.930434,1.9349667681345202e-10,2.1290145212792317e-09
2,HBA2,2.9559295,4.9274936,0.0031172842919665604,0.015358824424009323
2,TKTL1,6.6676636,4.8806376,2.5990807320863036e-11,3.063683759976788e-10
2,GNLY,57.137127,4.874226,0.0,0.0
2,LINC02384,17.982796,4.794668,2.657530352539679e-72,1.7855715349118232e-70
2,AC015468.3,2.5487018,4.787684,0.010812474332156211,0.04872155477240881
2,PRSS23,32.35081,4.629204,1.3514423906032702e-229,5.221128745796909e-227
2,NKG7,69.05311,4.446123,0.0,0.0
2,PDZD4,8.800858,4.4235873,1.3577486107725741e-18,2.431282521039858e-17
2,KIF19,2.5692372,4.3879614,0.010192263901556375,0.04611510765706381
2,FEZ1,14.428947,4.203461,3.4023248483828532e-47,1.432638339086769e-45
2,GZMB,62.53164,4.1214585,0.0,0.0
2,TBX21,34.677696,4.100489,1.7089591277453476e-263,7.2354520220856785e-261
2,CACNA2D2,4.429525,4.093935,9.444088803716742e-06,6.703914852009034e-05
2,KLRD1,64.19754,4.0587497,0.0,0.0
2,GZMH,56.152172,4.039022,0.0,0.0
2,BOK,5.270536,3.9972866,1.360258525091834e-07,1.1717254803515416e-06
2,GNAL,4.2514443,3.9883893,2.1239610285187536e-05,0.00014462494714348782
2,TGFBR3,26.27301,3.9785585,3.902609662557455e-152,7.012671909340886e-150
2,PRF1,67.114555,3.9510868,0.0,0.0
2,SBK1,13.557094,3.7399187,7.193024972313289e-42,2.681722832560758e-40
2,MIR181A2HG,3.9629595,3.718789,7.40263267529119e-05,0.000467879689356288
2,LGR6,4.4091015,3.6886876,1.0380031438505827e-05,7.336282453004792e-05
2,FCGR3A,57.12342,3.657163,0.0,0.0
2,PLEKHG3,19.026077,3.6530485,1.0373217232868447e-80,8.178699617761865e-79
2,CX3CR1,48.787502,3.615051,0.0,0.0
2,CLIC3,50.549377,3.6117659,0.0,0.0
2,C1orf21,38.69661,3.607021,0.0,0.0
2,OSBPL5,14.73977,3.5511365,3.580027763269328e-49,1.5761811692217253e-47
2,B3GAT1,6.821856,3.5438137,8.98717191666442e-12,1.092708585477369e-10
2,SLCO4C1,9.176316,3.5122833,4.4609120267081057e-20,8.510704198115273e-19
2,LAIR2,18.847607,3.4885309,3.0744120587440523e-79,2.3578375558214e-77
2,TTC38,34.68176,3.4148593,1.4841953627553519e-263,6.371114732872176e-261
2,FCRL6,31.018986,3.4094985,2.9900509812043795e-211,9.527165533616883e-209
2,CXCR2,9.820142,3.3096461,9.221379128770534e-23,1.9750877666868393e-21
2,ERBB2,6.869819,3.2880898,6.428337818814435e-12,7.86542505804029e-11
2,KLF2,61.881893,3.270772,0.0,0.0
2,CST7,64.09217,3.2672184,0.0,0.0
2,FCRL3,16.466057,3.2554092,6.432904454137008e-61,3.5314703013146093e-59
2,PDGFD,17.816591,3.2365055,5.254134544438289e-71,3.4847539992479443e-69
2,CEP78,35.60997,3.2236512,9.820852515345309e-278,4.463721892526139e-275
2,PTGDS,10.149452,3.2009506,3.332283576594828e-24,7.561739243892538e-23
2,PLAC8,58.887802,3.1820257,0.0,0.0
2,AGAP1,4.877673,3.1642075,1.073445313960699e-06,8.457041631043416e-06
2,AK5,6.502059,3.094606,7.922794625132862e-11,8.963023919435627e-10
2,MIR646HG,2.8537402,3.0756264,0.004320786225327503,0.02080425920956491
2,ENPP5,6.578818,3.0691323,4.742028198560842e-11,5.466686517453186e-10
2,MMP23B,13.091721,2.9947658,3.671935907836414e-39,1.2925799897892945e-37
2,KIR3DL1,7.070962,2.976055,1.53863556196792e-12,1.9585918168757207e-11
2,IL18RAP,19.441792,2.9062822,3.4201071281755133e-84,2.864640948794596e-82
2,TTC16,9.250908,2.8933043,2.225944050524203e-20,4.2998282980969716e-19
2,SGSM1,2.5427885,2.8752775,0.010997176353912166,0.049460088703487094
2,CD160,28.969875,2.8571649,1.5770766534465075e-184,3.778504506052032e-182
2,OR4D1,2.8699567,2.8402774,0.004105279657885571,0.01984389715143406
2,PTCH1,9.190574,2.8243027,3.9075042393719235e-20,7.477971116177587e-19
2,MGAM,2.702362,2.7994363,0.006884874494412445,0.031974577911165356
2,NME8,4.927129,2.788797,8.344673389200801e-07,6.6505626725123554e-06
2,GZMM,53.923645,2.7640953,0.0,0.0
2,CD247,55.867516,2.743555,0.0,0.0
2,ADRB2,24.686497,2.7391486,1.4935412795036322e-134,2.34319189470146e-132
2,RAP1GAP2,13.500221,2.7284603,1.5590622220294847e-41,5.743258175955337e-40
2,ST8SIA6,4.540878,2.7277033,5.602047873893872e-06,4.078739543897242e-05
2,KIR3DL2,4.835758,2.7183113,1.3263913887181196e-06,1.0344380179437529e-05
2,ARL4C,62.129063,2.7006783,0.0,0.0
2,CCDC65,5.3701406,2.6703713,7.867526279918372e-08,6.937564471710046e-07
2,ASCL2,14.4175825,2.6579118,4.0115004566074945e-47,1.6845576713636935e-45
2,GZMA,44.33386,2.6485868,0.0,0.0
2,TSPAN2,8.172139,2.637133,3.0296938954447363e-16,4.826739650851055e-15
2,PCSK5,8.984456,2.6335955,2.6001741142028175e-19,4.8035613477385816e-18
2,PYHIN1,45.660557,2.621302,0.0,0.0
2,CHST2,22.881872,2.621249,7.041448807453414e-116,9.221612639489943e-114
2,S1PR1,16.695635,2.6108925,1.4101109207550748e-62,7.996751968399467e-61
2,MYBL1,39.77919,2.59354,0.0,0.0
2,LINC00861,41.577995,2.555162,0.0,0.0
2,PHLDB2,6.3700705,2.548416,1.889416607090384e-10,2.079636719207354e-09
2,SLC14A1,7.06151,2.5464318,1.6470266098991654e-12,2.09139899063901e-11
2,COLQ,4.994493,2.541798,5.899054872783607e-07,4.780337937942395e-06
2,LIM2,5.986071,2.5349357,2.149702934266614e-09,2.166314593719538e-08
2,CTSW,49.84949,2.5327675,0.0,0.0
2,AP005482.1,7.321173,2.5261006,2.4581274735343236e-13,3.323418452516419e-12
2,PTGDR,37.491554,2.4923038,1.264572956725016e-307,6.979313638125013e-305
2,NEIL1,11.130089,2.4921937,8.954592723269218e-29,2.355400828068781e-27
2,HOPX,44.695984,2.462584,0.0,0.0
2,KLRG1,30.627264,2.4375768,5.30756560248575e-206,1.6082444125100692e-203
2,NCR1,21.58771,2.4257956,2.343463596050834e-103,2.5324975301798293e-101
2,GK5,23.38617,2.4227943,5.909478451701193e-121,8.1175222447435e-119
2,PRR5L,17.256226,2.420701,1.0046671419187708e-66,6.112450266788081e-65
2,CCL4,43.728134,2.4124727,0.0,0.0
2,TFDP2,26.875658,2.3731835,4.2297277836789835e-159,8.06964176605965e-157
2,CCL5,33.85223,2.3621058,3.3649541702941235e-251,1.3866751805504064e-248
2,SYNE1,40.96596,2.3549623,0.0,0.0
2,SAMD3,43.90356,2.32408,0.0,0.0
2,KLRB1,37.125195,2.3199332,1.1021614437009551e-301,5.873190300080244e-299
2,A2M-AS1,13.867626,2.3117456,9.95157473339411e-44,3.8954123837400935e-42
2,CCDC28B,13.55225,2.2749293,7.683806252397865e-42,2.857802645521791e-40
2,RGS9,8.974541,2.2706363,2.8453606887823386e-19,5.243981085760032e-18
2,GPR141,3.5054111,2.2608032,0.0004559026018264908,0.0025740923848467942
2,ADAMTS1,7.803647,2.2526774,6.014315765092281e-15,8.992958749477849e-14
2,ADGRG5,8.292458,2.2425091,1.1093246525144666e-16,1.820812375744271e-15
2,SYNE2,43.894276,2.2356677,0.0,0.0
2,ABHD17A,54.525837,2.2142267,0.0,0.0
2,MATK,39.625835,2.2004945,0.0,0.0
2,TSPOAP1,8.455905,2.1858635,2.7693163573686377e-17,4.692503325503974e-16
2,SH2D1B,19.045279,2.1836689,7.190124286656419e-81,5.712729340043443e-79
2,FAM169A,4.373237,2.1823437,1.2241771990898794e-05,8.565914578281842e-05
2,AJM1,4.277172,2.1516724,1.892824188399253e-05,0.0001297726645759887
2,ZNF600,15.263463,2.1435032,1.3394637725361125e-52,6.3204285217975e-51
2,RHOBTB3,11.280322,2.132968,1.6414395833871745e-29,4.423014228748684e-28
2,CARNS1,2.6141744,2.1217833,0.008944335957921021,0.04087573435627163
2,PATL2,11.843552,2.1150777,2.3239795279362014e-32,6.795386496681568e-31
2,PLEK,45.440117,2.0989132,0.0,0.0
2,LINC00987,7.5954504,2.0958211,3.0672404340277915e-14,4.378715939699629e-13
2,CD226,22.693972,2.095057,5.138281473740842e-114,6.508560061840499e-112
2,C12orf75,33.954857,2.0880024,1.0341463996847896e-252,4.319238212845647e-250
2,CHI3L2,6.8832293,2.0862722,5.851084000083556e-12,7.181868673176428e-11
2,EFHD2,52.78063,2.0802298,0.0,0.0
2,HES6,6.909069,2.0798845,4.878449574330624e-12,6.031129639753464e-11
2,IFNG,5.8239417,2.0733366,5.74755488556475e-09,5.570388173350572e-08
2,KIR2DL1,9.580274,2.0686302,9.678819009026564e-22,1.9823940299004905e-20
2,CCDC102A,6.0734267,2.0650542,1.2520913731107362e-09,1.2898878698830404e-08
2,PPP2R2B,13.587502,2.0571465,4.75017782417471e-42,1.7882307675002163e-40
2,ZNF595,8.4706,2.0356615,2.4413261886321405e-17,4.1458279402227235e-16
2,RASA3,18.557976,2.0346246,7.030333006341834e-77,5.100622118004861e-75
2,CEP126,8.64233,2.030097,5.507813404791367e-18,9.590421909965453e-17
2,SH3BP5,31.932785,2.026435,9.367674543554909e-224,3.366589733926181e-221
2,PZP,2.5535834,2.0200849,0.010662076449881881,0.04810697764036486
2,SYTL2,16.375612,2.0184045,2.8561910186279924e-60,1.54059853076327e-58
2,BNC2,2.9682353,2.0110946,0.002995150666505411,0.014790081746234661
2,F2R,20.06691,1.9925072,1.4366456925539304e-89,1.2759312764300094e-87
2,RNF165,9.418135,1.9880253,4.591706073252139e-21,9.126421839614397e-20
2,GSAP,19.676813,1.9874676,3.40763400671988e-86,2.9093852001572192e-84
2,LLGL2,17.46945,1.9859619,2.4484470011784176e-68,1.5318654142797844e-66
2,GSEC,2.5398576,1.9836414,0.01108975780062501,0.049825722393359084
2,AL359962.2,3.6693234,1.9788201,0.00024319318304385072,0.0014346958786669774
2,ENPP4,11.271057,1.968765,1.8236788370911456e-29,4.896997551518335e-28
2,TXK,31.158815,1.9667875,3.8529521155219803e-213,1.2804644197251382e-210
2,SSX2IP,5.150751,1.9652777,2.594450405121543e-07,2.177210933236262e-06
2,USP28,20.505016,1.9619193,1.942056992573402e-93,1.8133883827633275e-91
2,TTC22,3.8936315,1.959333,9.875465382911613e-05,0.0006136329083024712
2,YPEL1,18.857956,1.9587436,2.5280477343611324e-79,1.948488062990013e-77
2,PTPN4,36.82258,1.9448514,8.036148460269418e-297,4.1395540076924486e-294
2,PPM1L,5.732945,1.9394804,9.870164783249261e-09,9.435730991521341e-08
2,MCM3AP-AS1,4.3127728,1.9386439,1.6121987640959264e-05,0.00011137288154204917
2,HSH2D,20.124533,1.9324939,4.499925971796702e-90,4.043000349137229e-88
2,SMKR1,4.7122884,1.928785,2.4495050801111987e-06,1.8564701694702506e-05
2,PLEKHF1,22.382015,1.9091115,5.8920218167246e-111,7.058322414321985e-109
2,PDGFRB,5.5109935,1.9016635,3.5681423930044776e-08,3.263704555803178e-07
2,TRGC1,21.01101,1.885076,5.2017124169141436e-98,5.2711254317890305e-96
2,NCALD,12.316996,1.872238,7.337703461519869e-35,2.263337334183579e-33
2,RAB27B,7.874008,1.8584999,3.4345638027685977e-15,5.224018870677611e-14
2,TPST2,27.968815,1.8493985,3.892923146646952e-172,8.140465840269389e-170
2,LYAR,27.172123,1.8436189,1.3872304839231224e-162,2.713615985228604e-160
2,TRDC,28.967468,1.8421254,1.6910813010586137e-184,4.020480751678351e-182
2,ZAP70,28.389853,1.8397739,2.698280683358829e-177,5.831871404235756e-175
2,PRR5,14.774506,1.8369417,2.1392239403858866e-49,9.485938927619311e-48
2,NCR3,21.242205,1.8195015,3.891828370862865e-100,4.049991227550794e-98
2,SYTL3,28.752373,1.814445,8.459663247863506e-182,1.9512150149381894e-179
2,SSBP3,16.554127,1.8034099,1.494938515035842e-61,8.325056699858156e-60
2,GPR65,32.30451,1.8008001,6.046148468180116e-229,2.3070161815560842e-226
2,CMC1,31.333946,1.7999225,1.6099513246256557e-215,5.408561477196211e-213
2,RIPOR2,38.103477,1.7966193,0.0,0.0
2,RRAS2,10.891589,1.7935184,1.2641465074684699e-27,3.205166210527317e-26
2,BIN2,44.040318,1.7911178,0.0,0.0
2,XBP1,37.9417,1.783978,0.0,0.0
2,TRGV9,6.3028684,1.7730284,2.921866224994101e-10,3.1686357689786908e-09
2,ADCY9,3.9637864,1.7709689,7.377027490996332e-05,0.0004664521044685426
2,PTPN12,26.207127,1.7553027,2.204170978665136e-151,3.8928178535773346e-149
2,SLC25A4,5.356752,1.7469858,8.47313795678865e-08,7.450334988064489e-07
2,PXN,17.60093,1.7457904,2.423174846914671e-69,1.5410095677693775e-67
2,GNG2,31.149391,1.7395777,5.169272873233049e-213,1.6996459222661046e-210
2,CD320,15.915999,1.7231588,4.9077034003305017e-57,2.5280398165669135e-55
2,HOXB4,6.1187534,1.721682,9.431015455681874e-10,9.794502509702947e-09
2,MCTP2,22.112064,1.7184589,2.4194177707307243e-108,2.8006346456919286e-106
2,PLEKHA1,21.592253,1.7056369,2.1240533334295408e-103,2.3034426798704148e-101
2,EVA1C,3.329979,1.7000515,0.0008685254970146591,0.004692795766961985
2,CCND3,37.361588,1.6962065,1.6440184384825649e-305,8.914329452312391e-303
2,COPZ2,2.8320699,1.6954714,0.004624772902843439,0.02215060531662516
2,FUT11,11.972636,1.6939498,4.943252636383666e-33,1.4732990282807132e-31
2,TNIK,13.574964,1.6863481,5.637158646658227e-42,2.1144133773333228e-40
2,B4GALT4,11.415861,1.670395,3.4843537277289484e-30,9.547067434655904e-29
2,ICAM2,18.173702,1.6667436,8.337928116877454e-74,5.739428603749031e-72
2,PRDM1,32.12136,1.6643687,2.219059844964162e-226,8.2631906781093205e-224
2,IFITM2,45.27229,1.6621456,0.0,0.0
2,RAP1B,51.440426,1.6585164,0.0,0.0
2,RORA,29.16093,1.6535704,6.0718055238242e-187,1.4893753438478934e-184
2,APMAP,30.455603,1.6340322,1.009818990422979e-203,2.9724262416193343e-201
2,SYTL1,24.239775,1.6322765,8.475918581104465e-130,1.2474534075533128e-127
2,GFOD1,13.791294,1.6310408,2.875546614009823e-43,1.1137157794386165e-41
2,RAB37,13.857056,1.623203,1.1530712408303477e-43,4.4997440454979237e-42
2,TSPAN32,12.875506,1.6211433,6.18320273822709e-38,2.1093183998938704e-36
2,SLC9A3R1,26.361559,1.6203591,3.782905721312107e-153,6.959420662416268e-151
2,LPCAT1,17.765322,1.6169769,1.3118548238790195e-70,8.590147678311198e-69
2,ADAMTS10,3.6009293,1.6083707,0.00031708195332227906,0.0018383139994994709
2,MBP,41.711254,1.6010045,0.0,0.0
2,SH2D2A,19.69762,1.5987152,2.259960752839497e-86,1.940239083000287e-84
2,SLAMF6,14.376419,1.5874889,7.276359580672584e-47,3.043172470363296e-45
2,SLAMF7,17.87441,1.581817,1.866360585048328e-71,1.2485629134651228e-69
2,YES1,7.834118,1.5810612,4.721459569092211e-15,7.121822884428159e-14
2,IFITM1,20.912363,1.580193,4.13254721574089e-97,4.120149574093667e-95
2,PPP2R5C,37.582798,1.5732654,4.10574890815807e-309,2.3072069364443913e-306
2,AC004865.2,3.3259652,1.5709652,0.0008811296728002314,0.004756038211183505
2,CD244,9.308492,1.5698565,1.2966097403273795e-20,2.5299442704733786e-19
2,DTHD1,13.5430155,1.5618895,8.713739917614596e-42,3.2369658609821434e-40
2,GIMAP7,41.09762,1.5617049,0.0,0.0
2,CD7,30.651659,1.5610185,2.511527227103996e-206,7.685521981000317e-204
2,KLRK1,5.827195,1.5585264,5.636672193033292e-09,5.469784221980533e-08
2,AC006033.2,3.8656082,1.5554968,0.00011081266234559094,0.0006852514916196837
2,MYO6,4.697435,1.5537499,2.6344934465676693e-06,1.9878976795182362e-05
2,SPN,31.54256,1.5423676,2.2679264089429873e-218,7.87582039564055e-216
2,NMUR1,12.379668,1.5359358,3.367302808883882e-35,1.04596208958969e-33
2,ERICH6-AS1,2.8619196,1.5265833,0.0042108351597336495,0.020312911599338384
2,RAB29,18.673315,1.525794,8.162476573029015e-78,6.035350800062386e-76
2,LRRC8A,4.7122116,1.5229881,2.4504263380614106e-06,1.856713087287669e-05
2,ZNF578,3.533408,1.520086,0.00041023900089537656,0.0023371901936725167
2,VAV3,17.605045,1.5004809,2.2533092600381754e-69,1.4359387484536059e-67
3,CD8B,67.88839,5.1484895,0.0,0.0
3,CD8A,80.78364,4.8482084,0.0,0.0
3,CCL5,78.678604,3.94798,0.0,0.0
3,GZMK,62.612804,3.866317,0.0,0.0
3,RCAN2,2.8371663,3.7760675,0.0045515882264313195,0.016462953459837656
3,CD3D,85.317635,3.758265,0.0,0.0
3,TNIP3,14.91432,3.7367632,2.6597209575751133e-50,6.372402762463102e-49
3,CD8B2,3.9522285,3.6538296,7.74267377098876e-05,0.0003291195409709113
3,CD3G,81.55981,3.585344,0.0,0.0
3,LAG3,33.109592,3.5407574,2.1626698335468484e-240,4.257429079326907e-238
3,ZNF80,9.037161,3.4565024,1.6079383030054002e-19,1.5419345060809154e-18
3,TRGV4,4.1997466,3.4483833,2.6721403213258982e-05,0.00011808384459711114
3,IL32,76.34407,3.391005,0.0,0.0
3,AC103702.2,6.8231516,3.3807304,8.906465640338926e-12,5.950543310548102e-11
3,TRGV2,7.5158434,3.3718028,5.654514993665102e-14,4.2408176391460164e-13
3,CD2,82.34515,3.3282585,0.0,0.0
3,TRGC2,46.634396,3.1863863,0.0,0.0
3,PDCD1,18.459242,3.1083043,4.394665588469184e-76,1.6131345527650481e-74
3,IFNG-AS1,10.213463,3.039871,1.7259363250441616e-24,2.0099289373828147e-23
3,TRAC,72.522484,2.9709558,0.0,0.0
3,CXCR6,44.618557,2.9627962,0.0,0.0
3,DKK3,6.115209,2.9357069,9.64304327707278e-10,5.780402221964476e-09
3,TPRG1,11.115157,2.920484,1.0586409350408839e-28,1.431921898438013e-27
3,TRGV3,4.078613,2.9107733,4.530525757718447e-05,0.00019658143983406436
3,THEMIS,35.043938,2.8917842,4.823218867825043e-269,1.1555908957199117e-266
3,CD27,54.24824,2.8655643,0.0,0.0
3,DRAIC,4.7415485,2.8266654,2.1209078505302263e-06,1.0172392758587477e-05
3,ST8SIA1,11.700302,2.8236876,1.270003354938063e-31,1.8753938696163743e-30
3,TRGV10,6.912073,2.735234,4.776217890271002e-12,3.2422263635977566e-11
3,JAKMIP1,9.140552,2.7347717,6.213456031047508e-20,6.067591960555619e-19
3,GZMA,59.338066,2.7030463,0.0,0.0
3,NPM2,4.2774987,2.613927,1.8900488162120192e-05,8.4476845643767e-05
3,TRAV4,3.2167568,2.5841136,0.0012964843233528474,0.004941477491906087
3,CCL4,56.563236,2.5833201,0.0,0.0
3,AC020659.1,5.4476748,2.5649366,5.103252633384393e-08,2.73830258923631e-07
3,SIT1,35.717693,2.532483,2.1004600193863355e-279,5.235396598320441e-277
3,MSC,2.6427867,2.4654396,0.008222680588922919,0.02893855488064685
3,TRAV17,2.9669404,2.4621303,0.0030077935564909067,0.011103902944393746
3,EDARADD,2.59832,2.4268026,0.00936811316371338,0.03275342460982912
3,LINC02195,2.6258464,2.4250958,0.008643379986576908,0.030353476337363086
3,TRGV8,2.6748898,2.4085147,0.0074753837501459214,0.026404764064658286
3,AC004585.1,8.159338,2.3937643,3.368665955542602e-16,2.7965446867567875e-15
3,LINC02446,5.247851,2.393274,1.5388366118595406e-07,7.988045542953111e-07
3,GZMH,39.336784,2.3629029,0.0,0.0
3,TRBC2,61.507637,2.3528795,0.0,0.0
3,CRTAM,21.819286,2.3479092,1.5221513608677396e-105,8.014502914878914e-104
3,CD3E,65.45033,2.310955,0.0,0.0
3,CD70,5.5087676,2.283187,3.613543347476637e-08,1.9621184863046453e-07
3,ITM2C,43.66063,2.2681293,0.0,0.0
3,ACSL6,7.945126,2.2604668,1.939931339718744e-15,1.5565279832992528e-14
3,CD69,52.531277,2.212492,0.0,0.0
3,MIAT,20.743103,2.2117386,1.414962164407096e-95,6.636151079716254e-94
3,ZNF683,17.394863,2.1943464,9.02410382039208e-68,2.979786076675834e-66
3,GPR174,36.24054,2.1879797,1.4006020814796336e-287,3.668509197651783e-285
3,PLXDC1,7.183501,2.1850367,6.794853889950231e-13,4.827782739694064e-12
3,GZMM,54.060783,2.176951,0.0,0.0
3,KLRG1,28.028782,2.172732,7.247072163456631e-173,7.422677567888309e-171
3,F2R,23.71403,2.1669433,2.5839261919382674e-124,1.6568756600463906e-122
3,GRAP2,30.04679,2.1556556,2.4046918249550923e-198,3.288575674065798e-196
3,BICDL1,15.391207,2.152,1.8750360688505014e-53,4.8252905728528265e-52
3,TIGIT,30.46077,2.148927,8.626274653635698e-204,1.2517008015019649e-201
3,IFNG,5.0178976,2.146978,5.223995281995794e-07,2.616823698227618e-06
3,PGLYRP2,5.8277893,2.1432102,5.6166443363012545e-09,3.205199898487128e-08
3,CXCR3,29.052774,2.1230478,1.4195014273475182e-185,1.680939870307653e-183
3,LINC00649,20.79967,2.12241,4.357997482879585e-96,2.0595203089198673e-94
3,SH2D1A,29.635777,2.1122837,5.172675585222586e-193,6.66132851301977e-191
3,DTHD1,20.595512,2.0925984,3.010851574070727e-94,1.3806585994036195e-92
3,TTC16,5.867128,2.0737255,4.434087249490973e-09,2.5435102936157663e-08
3,AC006369.1,6.8154216,2.0658734,9.398782916577229e-12,6.272688050154447e-11
3,CD5,15.443093,2.0653217,8.397492294647882e-54,2.177359851935252e-52
3,ITM2A,47.88778,2.0649536,0.0,0.0
3,LCK,53.533356,2.0517168,0.0,0.0
3,SIRPG,13.519194,2.0420306,1.2048856636056335e-41,2.356924126902488e-40
3,LINC01934,18.947706,2.0379527,4.6124994359465304e-80,1.8137216293485932e-78
3,LINC01871,37.22175,2.0373197,3.036250401869332e-303,9.200136389272102e-301
3,CD6,27.028471,2.0312133,6.84153746861913e-161,6.076189613293432e-159
3,NELL2,6.5184054,2.0131595,7.105879547244296e-11,4.536695293672371e-10
3,NUGGC,2.8342977,2.010319,0.004592654612620646,0.01660760221273737
3,SLF1,23.930166,1.9961681,1.4868049116703924e-126,9.735737162075597e-125
3,TC2N,35.67452,1.9757104,9.822089895911671e-279,2.428570659303536e-276
3,CCR5,17.995943,1.9523088,2.0962464444016677e-72,7.370726832437127e-71
3,LINC00944,4.9700933,1.9514955,6.692063381951232e-07,3.326336489964084e-06
3,IKZF3,49.41865,1.9438156,0.0,0.0
3,PPP2R2B,13.635867,1.9405869,2.4505915192323072e-42,4.902293338829315e-41
3,BCL11B,33.611248,1.9357362,1.1490576253281584e-247,2.367594935067826e-245
3,EPHA1,7.508165,1.9301169,5.996203773898961e-14,4.4905420411896095e-13
3,LINC00239,4.248712,1.9242942,2.150031950577415e-05,9.564052604561912e-05
3,Z82206.1,6.9666944,1.9214503,3.2447427679953115e-12,2.2246065823076993e-11
3,CST7,49.035416,1.8895679,0.0,0.0
3,INPP4B,21.861046,1.8817801,6.102962712578445e-106,3.218844173338942e-104
3,ABCD2,6.134535,1.8762752,8.540879939480326e-10,5.1336634828766716e-09
3,AC243829.1,5.9973183,1.8629901,2.006025646862456e-09,1.1775923013784982e-08
3,CCL4L2,22.121487,1.8610519,1.963486607770792e-108,1.0798128218215635e-106
3,KIAA1671,5.419088,1.8586016,5.99038867161626e-08,3.1993250850811084e-07
3,UBASH3A,12.770968,1.8536578,2.3817202371694716e-37,4.1682801455377603e-36
3,AC246785.3,11.697729,1.8502167,1.309103595514125e-31,1.931287103892843e-30
3,NKG7,40.12731,1.8467673,0.0,0.0
3,RGL4,22.937904,1.8400058,1.9458044104838385e-116,1.158747146721079e-114
3,LINC01550,9.639715,1.8369848,5.43386571606649e-22,5.751523550906405e-21
3,PBX4,10.985105,1.8364828,4.507164886028241e-28,5.986766719295871e-27
3,LRFN3,2.6035378,1.8111743,0.009226710395666152,0.03228460751713503
3,DUSP2,26.01975,1.8059205,2.9604388904643013e-149,2.3582032161747466e-147
3,CISH,22.68419,1.7911284,6.4176854645512255e-114,3.7566553911531197e-112
3,LAT,37.74991,1.7838522,0.0,0.0
3,TRAT1,19.89452,1.7645017,4.5393110256661025e-88,1.9621886135701013e-86
3,TRBV28,2.649466,1.7589176,0.008061909291560906,0.02839214112058716
3,AFAP1,4.1396003,1.7304293,3.4791183047653884e-05,0.00015237226788349703
3,KIF21A,15.999874,1.7205046,1.2803296833653484e-57,3.5458019286534786e-56
3,SLC4A4,5.471448,1.7104313,4.463732078344509e-08,2.408950014761546e-07
3,CLIC5,4.524089,1.7088218,6.065617005448627e-06,2.8237690132158568e-05
3,GPR171,29.212263,1.6995038,1.354875182163548e-187,1.6421618531423052e-185
3,RARRES3,52.482788,1.6950817,0.0,0.0
3,MT1F,13.564163,1.6903585,6.532103217612562e-42,1.2900173427907443e-40
3,GFI1,10.633603,1.6894704,2.0792159762173422e-26,2.6122897632906257e-25
3,KCNA3,3.589289,1.6670363,0.0003315812382577672,0.0013408584758383894
3,CLEC2D,40.626816,1.6607428,0.0,0.0
3,FAM241B,3.5189533,1.6559507,0.00043325298568865024,0.0017349766816117016
3,ZNF831,10.193838,1.6469988,2.1125465544091627e-24,2.4454110995177524e-23
3,TMEM200A,4.6190042,1.643795,3.855856240485437e-06,1.8194343332012735e-05
3,APOBEC3G,44.31511,1.6415141,0.0,0.0
3,PCAT1,3.769139,1.6376755,0.00016381155650147035,0.0006775489478030988
3,SMPD3,7.8044844,1.6352794,5.974520692195672e-15,4.689042941434526e-14
3,AL365361.1,8.357409,1.6350355,6.411096603051903e-17,5.480847724250519e-16
3,ANO9,5.734184,1.6310874,9.798305293523776e-09,5.517147416777908e-08
3,PLCG1,6.8793793,1.6293713,6.011395812534954e-12,4.057528071151295e-11
3,STK17A,50.639908,1.6238791,0.0,0.0
3,AC022706.1,8.664989,1.6158389,4.515559992572618e-18,4.0736255893298866e-17
3,ZCCHC18,3.0500188,1.6110169,0.002288270478612024,0.008525021176767338
3,TRBC1,30.604086,1.607422,1.0799816021778565e-205,1.5819427193607115e-203
3,OLFM2,5.534026,1.5973116,3.129625096536386e-08,1.7062501827244676e-07
3,CAMK4,19.122871,1.5959674,1.6288588388246982e-81,6.495889049232896e-80
3,LY9,13.593504,1.5876341,4.376203794205878e-42,8.709293668224151e-41
3,ETS1,45.953144,1.5870012,0.0,0.0
3,LINC00987,4.7601633,1.5834072,1.93436558363219e-06,9.305126395847486e-06
3,CXCR4,43.482407,1.5492429,0.0,0.0
3,CXCR5,2.5393376,1.5468036,0.01110625494167925,0.03846061865349922
3,A2M-AS1,8.073774,1.5446131,6.815773213734389e-16,5.5802676216394374e-15
3,RASGEF1A,2.6269681,1.542755,0.0086149388864068,0.03026391408981302
3,TUBA4A,30.330929,1.5416802,4.484056859002655e-202,6.445988155404422e-200
3,ICOS,8.847502,1.5367069,8.95004804143949e-19,8.2820100244542e-18
3,SYNE2,38.08349,1.5366238,0.0,0.0
3,AC093010.2,5.837478,1.5315259,5.299684150130939e-09,3.027117686714044e-08
3,ANKRD35,3.3494656,1.5273423,0.0008096762088250088,0.003150133759586423
3,AKTIP,11.2446785,1.521612,2.4599015059323016e-29,3.394114993029002e-28
3,XCL2,30.198961,1.5094514,2.4441248001258503e-200,3.433662054431348e-198
3,APOBEC3H,9.968879,1.5005907,2.085707876957745e-23,2.320481402200613e-22
4,B3GALT5,5.836712,8.310731,5.324106428717112e-09,2.3507451056051397e-07
4,SORCS1,4.0236945,7.2034006,5.7292219905244926e-05,0.0013048862495294068
4,LINGO4,3.21325,6.8964105,0.001312420817158422,0.02165669524608401
4,KIT,21.978102,6.226918,4.6656613333102084e-107,1.602239942540207e-103
4,LIF,13.069297,6.198008,4.931946685844705e-39,1.8818725459185467e-36
4,PCDH9,14.619895,6.134043,2.097249673835726e-48,1.270974424887074e-45
4,IL23R,14.397814,6.036476,5.340656878367421e-47,3.0011578570854883e-44
4,PTGER3,6.230067,6.0152507,4.662358790948784e-10,2.316712590865821e-08
4,TNFSF11,6.066874,5.8539395,1.304237170612101e-09,6.230302663386121e-08
4,ENPP1,14.272178,5.7391224,3.26228052005045e-46,1.7089373564949026e-43
4,RORC,15.980668,5.71299,1.7426710088871018e-57,1.5388780820478187e-54
4,LINC00299,12.33734,5.6194267,5.700794582055831e-35,1.8353589390374957e-32
4,KRT1,3.2583053,5.567259,0.0011207975141057183,0.01888794371235847
4,NCR2,4.571662,5.4939656,4.838712334942891e-06,0.00013533944084713115
4,BCAS1,4.5549,5.38382,5.241045336391975e-06,0.00014477423561201912
4,AC004264.1,2.9586089,5.175399,0.003090311575864335,0.04559057750608067
4,ESPN,3.927368,5.145733,8.588053229650043e-05,0.0018783205835272224
4,HOXA7,3.089812,4.8215933,0.0020028322537327015,0.03135842779438531
4,FAM189A2,3.3529627,4.7790003,0.0007995145893244174,0.013897973797665787
4,DLL1,9.5938015,4.7687893,8.489807950367886e-22,1.231899034375682e-19
4,MATN2,5.9867196,4.756553,2.1411545492140188e-09,9.877113977993683e-08
4,TTC39C-AS1,6.8328757,4.740102,8.322917225650387e-12,5.063708714432608e-10
4,C1QTNF1,3.4184113,4.664308,0.0006298783610817865,0.011298694431778743
4,SLC4A10,11.888973,4.6062565,1.350563735722178e-32,3.693971095572156e-30
4,KIAA1211L,7.877842,4.5509863,3.330832739301097e-15,2.9163186253138526e-13
4,FAM167A,4.1354423,4.5232773,3.542715654899618e-05,0.0008461724323491692
4,IL4I1,21.653198,4.433757,5.670555811468229e-104,1.5932715315004413e-100
4,TOX2,11.919223,4.4328327,9.398083675673453e-33,2.6406052014912673e-30
4,AL356272.1,3.842203,4.39877,0.00012193491321062199,0.0025812618921922563
4,ZG16B,8.410308,4.373513,4.089367087600917e-17,4.269934749205457e-15
4,ALDOC,11.45256,4.342148,2.283005423715127e-30,5.2267295282046985e-28
4,COL4A4,4.977332,4.3326654,6.446664954792798e-07,2.0995476686805163e-05
4,BICC1,3.377606,4.288394,0.0007311979939832332,0.012869667653781202
4,SYDE2,3.9943922,4.220581,6.486042766145935e-05,0.0014579209001692537
4,PDZD2,3.2898889,4.19846,0.0010022693079674383,0.01709555049743356
4,IL17RE,4.6877694,4.1514816,2.761991314590503e-06,8.122251718368095e-05
4,NEO1,7.704899,4.1380973,1.309468395624672e-14,1.0763760559460568e-12
4,C20orf204,7.418468,4.1034603,1.1848272349760406e-13,9.019570283597164e-12
4,CCL20,14.009095,4.0899425,1.3714143799749757e-44,6.32631406595322e-42
4,KIAA1324,7.090745,4.06307,1.3339177058956253e-12,8.828135874971326e-11
4,PLAT,14.180701,4.0118756,1.2063559043561323e-45,6.112269169825406e-43
4,KLRB1,26.767746,3.9897685,7.674848194637461e-158,2.3720653315166002e-153
4,SOST,3.5829833,3.9880376,0.0003396923638070117,0.006480785116162537
4,PPP1R9A,6.41402,3.90013,1.4173141727753476e-10,7.46250922282243e-09
4,IL7R,23.40745,3.8983693,3.5886737978904776e-121,2.21830282142802e-117
4,TNFSF4,3.6598318,3.8084786,0.0002523808099794533,0.004993811583889222
4,AREG,12.8424015,3.7663875,9.488464091257736e-38,3.491189996053606e-35
4,LZTS1,5.3260927,3.748979,1.0034802305859759e-07,3.7054436662748816e-06
4,KRT86,20.279522,3.738469,1.9501416002596307e-91,4.6363866491711083e-88
4,LTB,25.882113,3.6964712,1.0589845568161308e-147,1.0910011899172053e-143
4,TNFRSF25,19.330322,3.6787357,2.9854851998513275e-83,5.767024441987811e-80
4,CPNE7,11.919816,3.6334953,9.331445391676123e-33,2.6406052014912673e-30
4,APOL4,8.390059,3.5901647,4.8589589439641966e-17,5.0564257266364115e-15
4,IL2,4.569893,3.4881637,4.879734582788706e-06,0.00013636343286641098
4,TMIGD2,24.373257,3.4685578,3.286602379022595e-131,2.5394754932112836e-127
4,AQP3,18.177626,3.4084368,7.762246859657086e-74,1.1424179223401027e-70
4,CFH,6.9782176,3.3846595,2.9894839725231868e-12,1.9050717760571985e-10
4,KRT81,17.59136,3.378148,2.8690985046232763e-69,3.69480114509965e-66
4,LAYN,7.990869,3.3200464,1.3399076410169696e-15,1.207362258335612e-13
4,PRR5,16.794968,3.3153477,2.656527654453031e-63,2.9323321505778506e-60
4,B4GALNT1,6.238931,3.3063345,4.405709229442128e-10,2.2033536432745604e-08
4,CA2,9.985987,3.298245,1.75545395499211e-23,2.782349507022623e-21
4,MCAM,4.650682,3.2066727,3.3083880497728232e-06,9.547371564363086e-05
4,COL9A2,5.881168,3.205209,4.073814244004157e-09,1.8300781517359952e-07
4,TLE1,12.911288,3.1980405,3.8874273446713143e-38,1.4475749029127265e-35
4,IL1R1,11.645732,3.1808355,2.412402812981814e-31,5.964810699266313e-29
4,TNFRSF4,14.469116,3.164723,1.898952018545518e-47,1.1073756610789872e-44
4,NCKAP1,4.9796166,3.1514592,6.371034520936091e-07,2.0771051048372552e-05
4,VWA5A,7.0240755,3.1424253,2.1548840416407245e-12,1.3933263823219638e-10
4,AFF3,11.974016,3.1087127,4.86171802877923e-33,1.4310582772902825e-30
4,NR1D1,4.5447407,3.0888412,5.500291442373393e-06,0.00015124333417209472
4,MCF2L2,5.508013,3.0502112,3.6290744132121716e-08,1.4252071523398803e-06
4,MPV17L,4.361664,3.0345442,1.2907704250700264e-05,0.0003341192757758736
4,ZNF667-AS1,6.1057496,3.0254354,1.023193885832508e-09,4.9335184757293794e-08
4,GRAMD2B,8.155399,3.0168955,3.4802851591913904e-16,3.330191127403353e-14
4,BEX5,6.1342945,3.0149114,8.553786836252825e-10,4.1699036237865314e-08
4,ADAM12,4.0803337,3.000468,4.497109431509005e-05,0.001051844412116957
4,SAMD12,4.6755543,2.983344,2.931610135590081e-06,8.572116789090126e-05
4,FSD1,6.512966,2.9504833,7.368101682128999e-11,3.99519155595721e-09
4,RTKN2,6.7226033,2.9365258,1.785059004052634e-11,1.038998467763743e-09
4,AC022182.2,3.8501554,2.9291823,0.00011804294899584356,0.0025109108221710507
4,LTA,5.875152,2.9168952,4.224549871549237e-09,1.8922922156517722e-07
4,MICU3,5.1443014,2.910701,2.685181990177452e-07,9.314356876589731e-06
4,TRBC1,21.930986,2.8512254,1.315422800697835e-106,4.065577250116799e-103
4,SCN1B,3.756416,2.8340166,0.0001723639769312845,0.0035491361992106662
4,SPRY1,15.235543,2.8262203,2.0541213131170705e-52,1.3801462483588979e-49
4,AC109446.3,4.318996,2.8241491,1.567405963637621e-05,0.000398714535951835
4,CCR6,13.075318,2.820725,4.556496422042173e-39,1.7826282900766763e-36
4,TEX30,9.8693,2.7979012,5.655818768435979e-23,8.784140234977426e-21
4,NCR3,15.152093,2.7919471,7.339201214171192e-52,4.826227487795511e-49
4,TRDC,18.152561,2.7910595,1.2255259064258427e-73,1.6468403995610226e-70
4,AC245014.3,6.8637085,2.7645621,6.709552571466656e-12,4.106379036164751e-10
4,LAPTM4B,7.7480116,2.7630277,9.334268223229685e-15,7.816549523674213e-13
4,MFGE8,8.373814,2.7505784,5.578304956008313e-17,5.746955709178299e-15
4,IKZF2,12.223437,2.748949,2.3302024470177534e-34,7.201956702997771e-32
4,RANBP17,2.9895642,2.7199087,0.0027937583442787916,0.04173353752857642
4,RNF207,3.3283906,2.7162623,0.0008734931500231452,0.015073731316451898
4,GGT1,3.845973,2.7014656,0.0001200750139851772,0.002543631567676403
4,FAM84B,3.3246946,2.694854,0.0008851539074429437,0.015257920701248779
4,JMY,11.364983,2.689446,6.2477233928258354e-30,1.3891970280724324e-27
4,TNFRSF18,17.322126,2.6835082,3.203050835704312e-67,3.6665441547819696e-64
4,IL18R1,12.067729,2.6827652,1.563901767682978e-33,4.692768148910465e-31
4,TNFSF13B,20.13761,2.6328182,3.4562274181678787e-90,7.630115772379617e-87
4,LZTFL1,7.100911,2.6242688,1.2393709043554487e-12,8.273269231298888e-11
4,LPAR1,3.1798232,2.6154885,0.0014736498108956068,0.02398425208285967
4,SPINK2,11.354523,2.6128428,7.042317755738238e-30,1.5546922491185838e-27
4,SPRED2,3.2564976,2.5914154,0.0011279585258097016,0.018987916207625518
4,FAM169A,2.9805355,2.4622452,0.0028774480214161058,0.042880080037563925
4,CHRM3-AS2,7.026028,2.4530768,2.1249577047197938e-12,1.3768567668715864e-10
4,NUDT7,3.5352373,2.436611,0.0004074091519154626,0.00762676841808068
4,RUNX2,9.3506155,2.4355898,8.713942134867438e-21,1.1812360068524032e-18
4,PLEKHN1,3.1391723,2.4307196,0.001694257929021471,0.027103742138854355
4,CENPV,7.362412,2.4270842,1.8061632892485242e-13,1.345134669416967e-11
4,MDFIC,20.433565,2.4263494,8.413016400166306e-93,2.1668424823328336e-89
4,RETREG1,9.89342,2.4091408,4.4457211127994074e-23,6.939591031984407e-21
4,CD69,18.600697,2.407928,3.171653805971428e-77,5.445905787842163e-74
4,CXXC5,16.079082,2.3853123,3.576337568513536e-58,3.349511067577208e-55
4,CITED4,6.81343,2.349247,9.529889069430858e-12,5.763997680408992e-10
4,IGFBP4,7.7137856,2.3390813,1.2213949554044253e-14,1.0066574369782552e-12
4,DPP4,6.682555,2.3321466,2.3481145790698372e-11,1.341463535957698e-09
4,TBC1D31,10.569349,2.320227,4.13350765287512e-26,7.427576803919264e-24
4,BEX2,8.297049,2.320184,1.0672969318721332e-16,1.0850969168872377e-14
4,ABHD15,10.778275,2.2733576,4.359862153243395e-27,8.068877818580456e-25
4,MMP25,4.59828,2.2581162,4.259928647817126e-06,0.0001207904722184256
4,TCF7,14.17097,2.2573884,1.385731291449574e-45,6.907870487876126e-43
4,SVIL,7.324848,2.2516403,2.39169368291984e-13,1.7475195427423993e-11
4,BIVM,6.3429327,2.245352,2.2543170291940368e-10,1.1593041001880214e-08
4,ELOVL6,6.095532,2.2451513,1.0907408361586643e-09,5.2347091650863106e-08
4,MVB12B,4.5606613,2.2421577,5.099274221700406e-06,0.00014122156663986957
4,ABCB1,11.597313,2.2307987,4.252204877336447e-31,1.0267413761237313e-28
4,SPOCK2,17.4927,2.1825697,1.628544934004984e-68,2.0133375310116814e-65
4,GOLGA8A,13.240661,2.1774168,5.109723685514887e-40,2.0509899993273845e-37
4,AL096865.1,3.4400032,2.1771014,0.0005817076410390341,0.010501657746257843
4,PCAT1,3.1022463,2.1713095,0.0019205807485011726,0.0302499825230062
4,MAST4,5.1391973,2.1655133,2.759143467324496e-07,9.560184657466166e-06
4,CLNK,8.494574,2.1625745,1.9866082504619073e-17,2.1773085530860343e-15
4,DYNC2H1,3.2778187,2.1563003,0.0010461255285556222,0.017747893290570717
4,AC007952.4,9.004487,2.1560845,2.1667591426329434e-19,2.6894789084882084e-17
4,TNF,7.747351,2.1370687,9.382935710773385e-15,7.816668302233774e-13
4,FKBP11,16.068134,2.1324337,4.2673955681694474e-58,3.879188083100386e-55
4,PERP,6.7763944,2.1246786,1.2321217941833161e-11,7.337415856035405e-10
4,ALAS1,6.1813803,2.1172361,6.35436212217356e-10,3.127297294745513e-08
4,PLEKHA5,7.1698847,2.115548,7.506095576501317e-13,5.178368213904603e-11
4,RORA,16.253662,2.1084538,2.1040864420274184e-59,2.097774182701336e-56
4,TRAF3IP2,3.7295465,2.1064184,0.00019182466621112855,0.003910768442339941
4,AF117829.1,2.9903986,2.102111,0.002786135913298501,0.04168010777943697
4,CEP83,5.0656743,2.0740879,4.0695752314219836e-07,1.3791487026048162e-05
4,AC012645.3,3.1723766,2.0739415,0.0015119675380653296,0.024530383569021073
4,FARS2,5.7480607,2.0707195,9.027295747584937e-09,3.864357751670466e-07
4,PHACTR2,15.433877,2.0639546,9.687162580549839e-54,7.12859842564414e-51
4,RASSF8,3.20822,2.053257,0.0013355927946539618,0.02201555546899733
4,TRGC1,11.418305,2.0375824,3.387738702918557e-30,7.69888530081646e-28
4,HYI,5.1276975,2.0360875,2.933071298323777e-07,1.0128763644390277e-05
4,PAWR,5.062265,2.0345485,4.143043604342e-07,1.3979153785960501e-05
4,ERN1,13.0189085,2.015471,9.552673582856227e-39,3.6005424686016755e-36
4,RNF144A,2.9530377,2.0042162,0.0031466357804720863,0.0462669229624409
4,GOLGA8B,12.106728,1.9943871,9.72995823915903e-34,2.9482727382126288e-31
4,TOX,8.144453,1.9890349,3.809988268348174e-16,3.601079737303884e-14
4,IL2RA,6.1145363,1.9767315,9.683811275778962e-10,4.683842802824732e-08
4,ZNRF1,8.528265,1.9723216,1.4855948490806935e-17,1.639831428590607e-15
4,NRIP1,11.8367195,1.9665275,2.5212260721379944e-32,6.775959496658173e-30
4,SCML4,10.869153,1.9624516,1.6169566834593538e-27,3.0659681113913037e-25
4,IFI44,10.970732,1.9624192,5.284327714214037e-28,1.0336880801469192e-25
4,MPG,14.05059,1.956054,7.639491017810694e-45,3.577481043749623e-42
4,MARCH3,3.433794,1.9486517,0.0005951964816677376,0.010726377643676248
4,SH2D1B,9.107848,1.9484779,8.403235416321221e-20,1.0688016337952263e-17
4,LST1,15.254596,1.9295228,1.53441627267171e-52,1.053871194210323e-49
4,PLPP1,4.4955606,1.9107956,6.93868059950385e-06,0.00018729589632215325
4,STN1,11.01339,1.9029703,3.293743389077047e-28,6.567724317819632e-26
4,CIDEB,5.5977693,1.8941991,2.1712760323655465e-08,8.795233071077581e-07
4,PTPN22,15.689047,1.8926646,1.7973464398838678e-55,1.4243740107048897e-52
4,BX890604.1,3.4804316,1.8879259,0.0005006067873847132,0.009226150255038361
4,ACP6,3.9003277,1.887081,9.606261272309304e-05,0.002080593673043193
4,RNF165,4.6893644,1.8833729,2.7405515498729513e-06,8.06687873827841e-05
4,TMED8,6.029774,1.881153,1.6418900047583325e-09,7.723880422688856e-08
4,KIFC3,3.2037122,1.8774837,0.0013566801325782456,0.022291819701007885
4,TESPA1,8.073939,1.8522729,6.806551587897137e-16,6.317420117932037e-14
4,AHR,9.681251,1.8441709,3.6225615941956487e-22,5.4088169657876766e-20
4,ZBTB16,7.767496,1.8440828,8.005291417133946e-15,6.741676889083348e-13
4,TMEM156,9.132436,1.8405288,6.697491277695504e-20,8.66106121003075e-18
4,NCOA7,11.643261,1.8399711,2.4833555171847845e-31,6.091513410288106e-29
4,FURIN,7.9768367,1.8365564,1.5013137966832095e-15,1.3449595801184916e-13
4,TP53I13,10.98487,1.8311597,4.518881628471251e-28,8.8958646172714e-26
4,SOCS1,14.370779,1.8299313,7.893775637593446e-47,4.356659350555369e-44
4,SCRN1,5.1550245,1.8282069,2.5359747752023546e-07,8.816577320267625e-06
4,UNG,4.6046214,1.8262334,4.132169249051206e-06,0.00011749121893323424
4,NECTIN2,4.4023438,1.8221481,1.0708772871049198e-05,0.0002816817388302277
4,STAP1,3.2253458,1.8169199,0.0012582058835217597,0.020884731064450605
4,AC013264.1,3.608403,1.8161569,0.00030808776347191966,0.005955014700204266
4,PIGV,3.112583,1.8128018,0.0018545784321120692,0.029336340875591633
4,LTC4S,5.366753,1.812547,8.016672036621142e-08,2.9996523321531433e-06
4,MPZL3,3.5295277,1.8104486,0.00041630227403842765,0.0077885317092649415
4,MGAT5,9.124232,1.8084705,7.22463543146141e-20,9.30382530334074e-18
4,CD7,14.4203005,1.8012629,3.856574827147862e-47,2.2073177441233144e-44
4,CFAP36,7.184591,1.8009189,6.740884473573439e-13,4.681809357859197e-11
4,CRACR2A,5.7604303,1.797734,8.389974612175603e-09,3.6165822222944405e-07
4,RAB37,7.5712404,1.7871015,3.696770347320861e-14,2.92964310576015e-12
4,GPR171,11.289903,1.7843106,1.4719978647863072e-29,3.1375888280655445e-27
4,CD300LF,3.7209594,1.7650981,0.00019846727767178741,0.004030241886335041
4,INPP1,4.3681307,1.7580739,1.2531444416293524e-05,0.0003257437784477577
4,TIAM1,7.5200596,1.7565233,5.475126259801492e-14,4.2840437294097395e-12
4,CHD7,4.8220625,1.743346,1.4208135725285605e-06,4.3836765537727155e-05
4,TRIB2,5.855223,1.7276514,4.763699723895352e-09,2.124555084652722e-07
4,TGM2,4.997651,1.7195795,5.803286636201627e-07,1.90810829856472e-05
4,RAPGEF6,5.7630115,1.7075555,8.26262599875674e-09,3.5679562571383053e-07
4,CD200R1,4.1938696,1.6934737,2.7423541612166715e-05,0.0006713036422674188
4,B3GNTL1,3.4688897,1.6863306,0.0005226139094073045,0.009580325087812314
4,MAP2K6,6.315493,1.6842377,2.693017179664573e-10,1.3689651640113975e-08
4,HIC1,6.06496,1.6838936,1.3198638774655667e-09,6.29522112049819e-08
4,DDIT4,14.312587,1.6709038,1.8259188586874517e-46,9.900644590430363e-44
4,PIM2,5.4786005,1.6650554,4.287025811444264e-08,1.6645616426420585e-06
4,FYCO1,3.7498913,1.6642832,0.00017691125153795713,0.0036306746688470394
4,S100A13,3.6513705,1.663002,0.00026084467026055684,0.005138257631448712
4,LINC01871,9.383282,1.6535703,6.395079229647156e-21,8.745695298703746e-19
4,SLC37A1,3.422858,1.650052,0.0006196645761226172,0.01112839805591036
4,TNFAIP3,9.952928,1.6457103,2.448716683745126e-23,3.861351354311766e-21
4,OXNAD1,12.429024,1.6409242,1.8184107387879242e-35,6.176002275133887e-33
4,NBL1,5.602113,1.6395285,2.1175488560858653e-08,8.588855970478457e-07
4,CAMK4,8.2366495,1.638485,1.7710078467486594e-16,1.7600173478926306e-14
4,TNFSF14,8.631148,1.6330088,6.07391229030639e-18,7.004716684944015e-16
4,ATP10A,5.9798145,1.631595,2.2339187464088405e-09,1.0273108819833336e-07
4,FLT3LG,7.148992,1.631217,8.741729626119092e-13,5.951115364635744e-11
4,LINC002481,4.2779326,1.630971,1.8863694527554428e-05,0.00047246370078049007
4,CD52,16.373295,1.6290647,2.967043009218106e-60,3.056746609530133e-57
4,ATP10D,7.157141,1.6284884,8.237692862260774e-13,5.6452854388889965e-11
4,HOXB2,6.244676,1.6284059,4.246788550327935e-10,2.1273175644244003e-08
4,EPS8L2,5.063016,1.6222924,4.12675482721793e-07,1.3939411086866072e-05
4,ID2,15.923095,1.6215913,4.3815720499959056e-57,3.6600337121411743e-54
4,GOLGA8N,3.697705,1.5950397,0.00021755738556307718,0.0043606005937730395
4,PNP,7.600743,1.588125,2.944362801956046e-14,2.3698286750014454e-12
4,NFKBIA,13.880434,1.5856836,8.323835276405497e-44,3.7284750273603577e-41
4,ANKRD28,7.1770186,1.5850391,7.124801410900231e-13,4.937359578625414e-11
4,SRI,16.234276,1.5839896,2.8863711516119284e-59,2.7877835369646835e-56
4,LTBP3,7.0943284,1.5811806,1.299813162633142e-12,8.620885282725863e-11
4,AC090152.1,4.279779,1.5801849,1.870789024152524e-05,0.0004689414141888246
4,TANC2,4.2448444,1.5796801,2.1874514388928524e-05,0.0005417272565854278
4,ANP32E,13.606273,1.5790901,3.675122841283391e-42,1.5998172064161378e-39
4,TXK,12.050913,1.5769185,1.9181379796111676e-33,5.700374089984842e-31
4,CASP3,7.1730876,1.5766577,7.332493729256892e-13,5.0699190982134845e-11
4,DCAF11,7.9046793,1.5699356,2.686238701210749e-15,2.365344146390901e-13
4,GOLGA8R,3.6050422,1.5698802,0.0003121022105086202,0.006021312746685346
4,GPR82,7.667474,1.5691612,1.7541716486244936e-14,1.4305061515577103e-12
4,PDE4D,6.609576,1.5590369,3.854211373761343e-11,2.15021860882386e-09
4,PPFIBP1,3.9521205,1.5552696,7.746167097271585e-05,0.0017052050318758752
4,CD96,13.39934,1.5551727,6.100367944078747e-41,2.547892865508673e-38
4,ELK3,7.3844967,1.55509,1.5303100988336565e-13,1.1535925420646787e-11
4,GPR68,3.6064663,1.5529813,0.00031039503513002133,0.00599211702108905
4,DYNLT3,8.878265,1.5527332,6.791098969852678e-19,8.296146081471807e-17
4,CITED2,8.198283,1.5487884,2.4384492817956254e-16,2.4078323307494376e-14
4,NMT2,7.201894,1.5350366,5.938199775867528e-13,4.190226951432367e-11
4,ODF2L,11.293408,1.5327927,1.414434056721091e-29,3.035827318824914e-27
4,NFATC1,3.7884252,1.5250736,0.00015160526932817488,0.0031601179027346323
4,SLAMF1,5.2345314,1.5170827,1.654037991173411e-07,5.937439279116912e-06
4,ARHGAP10,4.050316,1.5138018,5.114850785213908e-05,0.0011727351128976724
4,KDM5B,6.3436255,1.5053372,2.2441981790041593e-10,1.1564835928667152e-08
4,IL12RB1,5.521984,1.5031784,3.351932217491278e-08,1.3197218986751967e-06
5,PBK,18.421442,7.1872935,8.841655140568487e-76,1.2769581094838795e-73
5,ASPM,29.033308,6.9208655,2.500166157304595e-185,3.863631771190656e-182
5,MKI67,33.861187,6.9142723,2.4840149253803323e-251,1.5354689859745987e-247
5,TOP2A,32.60346,6.8566346,3.6636052646841045e-233,1.617586398794166e-229
5,C2orf48,9.566961,6.7210827,1.1009387737103217e-21,3.084924268274244e-20
5,HJURP,19.187521,6.6807604,4.705654677112173e-82,7.904221147038366e-80
5,AC007240.1,12.102131,6.6212416,1.0290498747928636e-33,4.961754209083157e-32
5,SPC25,21.651001,6.5541425,5.947437079440154e-104,1.6267029895066977e-101
5,RRM2,25.274935,6.5303397,6.026404743872339e-141,3.8803769045596333e-138
5,UBE2C,25.947292,6.522992,1.9508831412193036e-148,1.4356177439444053e-145
5,KIFC1,26.824451,6.418029,1.6759372195946114e-158,1.4388386568336295e-155
5,DLGAP5,23.20153,6.4044456,4.3940270365148626e-119,1.810749248234198e-116
5,CDCA5,22.310732,6.379227,2.906979826790223e-110,9.45747636911636e-108
5,GTSE1,25.571411,6.3187513,3.1737662784583737e-144,2.2293544174616582e-141
5,CKAP2L,23.13892,6.30963,1.8795846084225964e-118,7.643726512173314e-116
5,TYMS,31.605612,6.2811675,3.091581006206751e-219,7.962624513236004e-216
5,HIST1H3B,11.81759,6.264523,3.166377223675583e-32,1.447680781836409e-30
5,KIF15,21.95562,6.2550435,7.653099917539797e-107,2.3419243480336883e-104
5,CENPF,31.770267,6.2293005,1.6670628528342014e-221,4.683991962958788e-218
5,CDC25C,9.188074,6.196332,3.999376235021347e-20,1.0361166914987828e-18
5,HIST1H3G,10.327463,6.195725,5.294216513416755e-25,1.7533550844899605e-23
5,E2F8,14.522489,6.142711,8.728311929989469e-48,6.917075303081654e-46
5,KIF18B,12.5244465,6.142138,5.4872784696380204e-36,2.914008860156397e-34
5,PKMYT1,16.442608,6.132752,9.475322854857814e-61,1.0311753643489101e-58
5,BIRC5,28.336731,6.1317163,1.2197553971320801e-176,1.639086089528748e-173
5,TPX2,29.212332,6.1222153,1.3521469619233776e-187,2.321711452898102e-184
5,SPC24,20.847101,6.1078,1.619389439315569e-96,3.76319318803957e-94
5,AURKB,23.294914,6.0926085,4.992033253340639e-120,2.1428996077916545e-117
5,CDCA8,21.823788,6.070028,1.3794578175863015e-105,4.060466930299031e-103
5,KIF23,20.967455,6.0658336,1.3003444646325477e-97,3.0915189514152425e-95
5,PIMREG,10.5535,6.062999,4.8939329717257274e-26,1.7129873879629338e-24
5,CDCA2,18.205622,5.985896,4.657332975583328e-74,6.454896424948607e-72
5,KIF2C,20.195156,5.9757895,1.079831619479006e-90,2.1813304485776237e-88
5,NCAPG,23.718191,5.968786,2.3407337733990796e-124,1.0484791120934108e-121
5,CENPA,16.152777,5.9585276,1.0856420008767701e-58,1.122205261575195e-56
5,E2F7,10.229689,5.915365,1.4598842094389014e-24,4.6951759897115634e-23
5,NUSAP1,30.000313,5.9061112,9.721404983477303e-198,2.1603954453239513e-194
5,HIST1H2BO,2.9285188,5.89356,0.0034058128225789913,0.019525775720172302
5,DIAPH3,18.99733,5.865867,1.7944767975589422e-80,2.9344917662515465e-78
5,KIF20A,9.688845,5.8477535,3.3631247765976784e-22,9.687241143551206e-21
5,KNL1,27.843323,5.8477397,1.2975798624408129e-170,1.485344474387341e-167
5,KIF14,18.35907,5.8389354,2.793559223395527e-75,3.942490178880619e-73
5,CDCA3,17.904573,5.8193645,1.0862471004548222e-71,1.459679962337269e-69
5,CDK1,26.950336,5.81277,5.652815931878352e-160,4.991759485901835e-157
5,ESPL1,9.531432,5.804143,1.55128023017916e-21,4.3350287589644935e-20
5,HIST1H1B,20.838734,5.8035517,1.9287551046238733e-96,4.4486592551201536e-94
5,KIF4A,17.838001,5.7888627,3.5829032654371357e-71,4.773137552795929e-69
5,FAM111B,18.69076,5.78032,5.886813543067803e-78,8.918811087039047e-76
5,PCLAF,29.3771,5.6993847,1.0772322212004774e-189,2.0808760162901973e-186
5,FBXO43,7.3169036,5.696459,2.537582836838893e-13,4.3116587541605096e-12
5,TTK,15.885475,5.6964025,7.988988118864743e-57,7.863555916871103e-55
5,FOXM1,20.855988,5.6847534,1.3449304446525963e-96,3.1490731252180145e-94
5,KIF11,25.397854,5.654555,2.6634303918477923e-142,1.75146049193276e-139
5,ESCO2,21.860464,5.6480947,6.18118371777222e-106,1.8369408188960195e-103
5,MELK,16.944735,5.6368165,2.1048323333599125e-64,2.482979119357054e-62
5,MCM10,14.793231,5.6295958,1.6198667722372042e-49,1.3386423082763442e-47
5,HIST1H3F,7.0424104,5.6035814,1.8894261117969875e-12,3.036739097103978e-11
5,POLQ,16.534063,5.599153,2.0859776391802532e-61,2.302546817648003e-59
5,HMMR,21.769812,5.5880427,4.484666034096326e-105,1.2487168749172536e-102
5,DEPDC1B,13.57025,5.578887,6.011713322034205e-42,3.970171445386991e-40
5,HIST1H2AJ,8.124867,5.564927,4.47853283868362e-16,9.148579936893236e-15
5,HIST1H3C,4.59652,5.5325384,4.296059708812298e-06,3.763460634336467e-05
5,MND1,17.999731,5.522578,1.9576773071934992e-72,2.6537689707644508e-70
5,ANLN,16.470585,5.4977446,5.96907758003355e-61,6.542066693833224e-59
5,DSCC1,13.835814,5.484493,1.5497116914319416e-43,1.0787598929524103e-41
5,EXO1,8.032976,5.4829316,9.51359886509993e-16,1.9019197938139945e-14
5,CEP55,25.537767,5.4681187,7.508148300282376e-144,5.156763100373942e-141
5,DEPDC1,11.607282,5.46316,3.7845718054070834e-31,1.6709965827102388e-29
5,CDC6,13.656974,5.45283,1.834509360045706e-42,1.2272549954747324e-40
5,RAD54L,7.1655083,5.448975,7.74983460763032e-13,1.2733872313558229e-11
5,ZWINT,27.413435,5.4350305,1.8968339025929139e-165,1.832045169607475e-162
5,BUB1B,18.874361,5.4210777,1.8535361627567605e-79,2.8932950597132927e-77
5,STMN1,35.500805,5.395858,4.776688682073545e-276,1.4763311709684707e-271
5,STIL,14.946811,5.3596277,1.6338829944918607e-50,1.383518403034519e-48
5,CLSPN,25.529924,5.3476186,9.17566312482618e-144,6.165048265195712e-141
5,CDC20,15.899562,5.3386145,6.380971532554451e-57,6.321047665277577e-55
5,TROAP,16.368383,5.3325706,3.2164283575763847e-60,3.463768336153774e-58
5,CDKN3,24.267048,5.329058,4.369601677189722e-130,2.2890047294390293e-127
5,TK1,23.010744,5.324046,3.638841599842878e-117,1.405820966579298e-114
5,SGO1,20.167067,5.307536,1.9061476235139828e-90,3.825539259736796e-88
5,CDC25A,5.549002,5.3006973,2.8730480317155474e-08,3.2114754255418593e-07
5,DTL,13.246746,5.2998796,4.711960964471183e-40,2.889535268430771e-38
5,HIST1H2AH,17.624733,5.291975,1.5911924645605864e-69,2.057698138166278e-67
5,MYBL2,16.892717,5.2681766,5.090417649456735e-64,5.892492070852409e-62
5,NEIL3,12.571414,5.267482,3.032528842924338e-36,1.6328635705272215e-34
5,TICRR,5.2504573,5.2517447,1.5172214130864104e-07,1.5662245228544317e-06
5,CDC45,13.395696,5.249005,6.407258630623007e-41,4.057974231489042e-39
5,NUF2,21.408583,5.248054,1.1114033922655596e-101,2.8625120537293043e-99
5,ERCC6L,8.554534,5.241972,1.1834592408364278e-17,2.654366818325942e-16
5,NEK2,12.119306,5.224513,8.346287381509111e-34,4.062341796855151e-32
5,CDT1,21.303463,5.206896,1.0543165885233911e-100,2.6278840968945522e-98
5,ASF1B,23.128565,5.2004013,2.3894361037801313e-118,9.590948267471754e-116
5,RAD51,2.823859,5.1812468,0.004744924597349753,0.026528832223279453
5,CCNA2,20.915384,5.1746135,3.8788952799487215e-97,9.151527970791995e-95
5,PLK1,13.794545,5.1520114,2.74880843813411e-43,1.900613476452146e-41
5,SKA1,13.15401,5.116531,1.613832302643472e-39,9.685187374330445e-38
5,CCNB2,16.36478,5.1011567,3.412574659266427e-60,3.6622376734009534e-58
5,CENPM,27.647823,5.025607,2.964144835633384e-168,3.0537608144973665e-165
5,SKA3,13.26077,4.9905005,3.908632356005923e-40,2.406456179822212e-38
5,CIT,13.037522,4.9235735,7.485000259554221e-39,4.423305985125091e-37
5,CENPE,22.667238,4.9218054,9.432916299331676e-114,3.4299193419228716e-111
5,HIST1H2AL,9.711715,4.9144487,2.68777354508743e-22,7.814771115523725e-21
5,UBE2T,24.014334,4.904942,1.9700122759048323e-127,9.664630065300104e-125
5,NCAPH,15.630305,4.8923883,4.5262823083624305e-55,4.226399012222285e-53
5,TEDC2,7.6836944,4.8878436,1.5456525217570847e-14,2.8554382839178847e-13
5,PRC1,19.723766,4.8839664,1.3480788299490051e-86,2.408385687701382e-84
5,EME1,4.7997403,4.871952,1.5887158279684937e-06,1.466620074522767e-05
5,SPAG5,16.016106,4.8509827,9.863743657745922e-58,9.93025163615483e-56
5,RIBC2,4.1347322,4.84012,3.553685175698512e-05,0.00027708660653398386
5,BUB1,21.107246,4.820675,6.823463342654929e-99,1.6737522343764755e-96
5,E2F1,15.243024,4.8126855,1.8319132911671398e-52,1.5948998335240222e-50
5,OIP5,9.48667,4.8101125,2.385331436266829e-21,6.617902935430779e-20
5,FANCI,24.82289,4.8069572,5.07567678831544e-136,2.905073009193802e-133
5,CENPU,25.069489,4.802394,1.070469485497791e-138,6.362500074669275e-136
5,AL133215.2,2.726624,4.795923,0.0063985911989125396,0.034884681281494065
5,SHCBP1,18.992815,4.7679286,1.9555767636655188e-80,3.181105843926852e-78
5,TMSB15A,3.0287752,4.7559123,0.0024554737978673058,0.014428009252981905
5,FAM83D,7.107423,4.730393,1.182297025495087e-12,1.92120158606607e-11
5,NDC80,22.981495,4.7170877,7.138825240980479e-117,2.6907277039388252e-114
5,TRIP13,10.9639225,4.7156796,5.697489992387685e-28,2.1579941567981147e-26
5,AUNIP,3.8813937,4.7112255,0.00010385951829585575,0.0007613819098600602
5,FAM72C,2.8948834,4.711178,0.0037929953278743977,0.021557577528248252
5,RECQL4,8.626768,4.697532,6.3110124744678795e-18,1.4405794870633585e-16
5,CENPI,5.7737474,4.689553,7.752770028387056e-09,9.08320179178767e-08
5,CENPN,18.782034,4.6894846,1.0594139042272624e-78,1.6209557197005942e-76
5,SAPCD2,9.576458,4.6186714,1.0043053340881369e-21,2.8218240873329135e-20
5,TRAIP,7.890945,4.608599,2.999071204512382e-15,5.800519006124166e-14
5,MAD2L1,28.381298,4.5886436,3.4410532353481963e-177,4.834210561132123e-174
5,ZNF367,11.542899,4.5694,8.017671054366435e-31,3.451283555394198e-29
5,ARHGAP11A,21.897364,4.568578,2.7524799171337354e-106,8.259310368820617e-104
5,KIF24,3.1237605,4.565794,0.0017855572963359964,0.010782770488053272
5,PLK4,12.866561,4.5589266,6.942485769767458e-38,3.9515913017716906e-36
5,CCNB1,15.870075,4.552873,1.0211861608649263e-56,9.925094551525873e-55
5,C17orf53,3.2112732,4.5502915,0.0013214823259622744,0.008173514958678409
5,KIF18A,13.383721,4.549962,7.528206178474572e-41,4.758164997098438e-39
5,XRCC2,12.073393,4.5296364,1.4598802394190403e-33,6.995429234065779e-32
5,E2F2,10.530282,4.527329,6.26463658921034e-26,2.180418052508153e-24
5,HIST1H2AM,7.561297,4.5178065,3.990701513176327e-14,7.175137386139659e-13
5,UHRF1,15.089942,4.507446,1.8860837076835964e-51,1.6147697826420198e-49
5,CCNF,15.5850115,4.486849,9.20466555122535e-55,8.466922565229819e-53
5,CCNE1,6.8739333,4.46594,6.245543874618293e-12,9.537105955179228e-11
5,CHEK1,18.931202,4.4502687,6.3105196938189316e-80,1.0105659698282991e-77
5,NCAPG2,20.570866,4.4417257,5.006542068838742e-94,1.0974269200113403e-91
5,GINS2,16.229317,4.423483,3.1292202382721514e-59,3.2673922264958576e-57
5,CRNDE,5.8247304,4.4082026,5.720487238617347e-09,6.774065099001776e-08
5,CCNE2,11.940092,4.4053373,7.314219860806842e-33,3.4045270065957387e-31
5,C21orf58,21.801033,4.3788834,2.2683574710869465e-105,6.431938014576537e-103
5,RDM1,5.9313855,4.3718033,3.0038910983412336e-09,3.668165238104801e-08
5,TCF19,19.806595,4.3609433,2.6115779098715346e-87,4.692792933744158e-85
5,MTFR2,9.284413,4.350852,1.6260067623533384e-20,4.328595263053801e-19
5,HIST1H2AB,3.8917437,4.3491964,9.952640160893934e-05,0.0007316989758628658
5,WDR62,7.6598434,4.3299494,1.861599660735531e-14,3.4166544367193023e-13
5,MXD3,18.882967,4.3160853,1.5748690612134293e-79,2.4707856890824094e-77
5,CCDC150,6.076981,4.313959,1.2246635701806304e-09,1.5576410273075202e-08
5,GGH,20.971682,4.306328,1.189848946821176e-97,2.850748945690084e-95
5,RAD51AP1,21.80326,4.2982693,2.160627390705654e-105,6.183195441161079e-103
5,AURKA,15.353339,4.296391,3.3641498495155976e-53,2.9964201555901606e-51
5,FBXO5,21.328094,4.272361,6.229519164028006e-101,1.5653312910781594e-98
5,BRIP1,10.745977,4.2705913,6.1902548410158e-27,2.2535006639726186e-25
5,RACGAP1,18.567896,4.2415442,5.8448223448619e-77,8.6849002025310935e-75
5,SGO2,22.465109,4.2360153,9.108827419069672e-112,3.1632194274290597e-109
5,DNA2,10.001032,4.2356057,1.5081769586180153e-23,4.638131866667362e-22
5,CIP2A,18.418486,4.2351017,9.337964046950846e-76,1.3361502536995824e-73
5,ORC1,5.729516,4.2194643,1.0071753570323913e-08,1.1689361156515254e-07
5,BRCA1,23.806892,4.200595,2.83355265543976e-125,1.3071136107712935e-122
5,ECT2,18.017366,4.1890974,1.4235982502311353e-72,1.9468650938006062e-70
5,ORC6,19.881546,4.1751947,5.879490461226322e-88,1.0752509567166979e-85
5,FAM72D,3.5839455,4.161564,0.0003384427002349836,0.0022939141526672454
5,DNMT3B,2.6067166,4.1510673,0.009141500679997154,0.048083111217949635
5,NEURL1B,3.8993292,4.12761,9.645951522939943e-05,0.0007103345811758514
5,CCDC34,20.082895,4.1238785,1.0414585357896384e-89,2.0502139468567107e-87
5,H2AFX,27.714918,4.119409,4.615659411071022e-169,5.0948637649275746e-166
5,CENPW,23.09156,4.1026797,5.628406844131704e-118,2.2302201324561354e-115
5,HIST1H2AI,3.8519893,4.081046,0.00011716217828748294,0.0008514299187235445
5,ARHGEF39,9.768715,4.074084,1.5338541009009823e-22,4.536538631248484e-21
5,ARHGAP11B,13.638744,4.0561476,2.355827104686592e-42,1.572603635519406e-40
5,EZH2,25.233503,4.0491204,1.7186912257676884e-140,1.084073259485754e-137
5,HIST1H4D,4.5171866,4.046753,6.26667316439438e-06,5.381607876964076e-05
5,AC091057.6,10.131922,4.044581,3.987339356439342e-24,1.2639661280971357e-22
5,SMC4,32.23932,4.0383263,4.966176655688051e-228,1.5348962189735059e-224
5,HIST1H2BB,3.2680786,4.033531,0.0010828034239133547,0.006774535510706489
5,FEN1,21.798607,4.0306473,2.39190902318443e-105,6.720612016323743e-103
5,HIST1H4I,3.4823184,4.017445,0.000497092231983189,0.0032807238124929372
5,POC1A,13.629036,3.9901624,2.6911204997812962e-42,1.7925530449728561e-40
5,HMGB2,35.18906,3.9865644,2.939625264833108e-271,4.5427499030098435e-267
5,APOBEC3B,3.6669617,3.9812453,0.0002454496054213274,0.0017020666266001718
5,GINS1,7.955432,3.9802148,1.785076347225483e-15,3.509628159268321e-14
5,HIST1H2BH,11.040603,3.9597154,2.4339556477537337e-28,9.379833816100331e-27
5,RMI2,12.362953,3.9581687,4.146381926537057e-35,2.1358704367246803e-33
5,REXO5,6.2471733,3.9423,4.179470719687304e-10,5.546367605554981e-09
5,CKS1B,27.495176,3.9301748,2.0050053373135202e-166,1.9989903213015796e-163
5,C7orf57,3.4735682,3.9221404,0.0005135866844142749,0.003383803806265614
5,WDR34,16.457214,3.9161732,7.444973032378888e-61,8.13080500041464e-59
5,HELLS,22.369295,3.900778,7.836451412755672e-111,2.604314019505802e-108
5,CTNNAL1,13.379314,3.8845925,7.988025282696034e-41,5.0384877022915575e-39
5,HIST1H2BI,2.982967,3.872832,0.0028546886462430475,0.016578328070167958
5,PTTG1,24.589336,3.8662307,1.6427241626645033e-133,8.907311525521369e-131
5,MCM4,18.829554,3.852869,4.323962465244361e-79,6.648791438473008e-77
5,TUBA1B,34.76265,3.8371072,8.926590343455833e-265,9.196470924839648e-261
5,PCNA,25.796783,3.827626,9.635295335507927e-147,6.925536579873105e-144
5,ATAD2,26.952396,3.8203988,5.347067371447498e-160,4.860641507333172e-157
5,PARPBP,12.7336645,3.8101027,3.843682313843057e-37,2.1213694513204885e-35
5,MCM2,13.188044,3.801091,1.0281840717850447e-39,6.218803347683048e-38
5,CENPH,19.873693,3.7992785,6.875263487307536e-88,1.2426536175568071e-85
5,WDR76,20.376451,3.7961392,2.7057654257488742e-92,5.688917824055814e-90
5,UBE2S,29.33103,3.7957594,4.1717436723969354e-189,7.584475393104242e-186
5,FAM72B,4.0359087,3.7925003,5.439131441377076e-05,0.00041293843148769655
5,SMC2,29.175774,3.7821734,3.9361946195068774e-187,6.402945637110477e-184
5,ATP2A1-AS1,5.1502233,3.7533984,2.6017629219636695e-07,2.6184528371582917e-06
5,TUBB,34.19205,3.7333903,3.173820020780046e-256,2.4523313845562227e-252
5,CENPO,8.3911495,3.727194,4.8140996984917337e-17,1.047075153985109e-15
5,PRR11,16.603605,3.7026398,6.56271690275168e-62,7.429812868620739e-60
5,SPDL1,16.539068,3.682397,1.9196947326859685e-61,2.141949642712102e-59
5,ATAD5,22.412918,3.6802728,2.944875842817128e-111,1.0001898645488898e-108
5,HMGB3,17.669762,3.674426,7.17003134439501e-70,9.311099107614142e-68
5,HIST1H2AG,13.705563,3.6699579,9.40352516871399e-43,6.401646528401835e-41
5,CKS2,23.27905,3.6446855,7.227864735239528e-120,3.06015911468559e-117
5,INCENP,11.5046625,3.635204,1.2497749105694513e-30,5.342571668183959e-29
5,PSRC1,7.389903,3.6311958,1.4693568974947702e-13,2.5455949344658558e-12
5,ARHGAP33,10.800384,3.6239583,3.427690361733509e-27,1.264196014440305e-25
5,CDCA7,10.274083,3.6082876,9.221678822147641e-25,3.009656043887193e-23
5,TMEM106C,23.847868,3.6055286,1.0655419017822547e-125,4.9898035694521436e-123
5,HIST1H3H,4.982326,3.6036959,6.282450754179398e-07,6.102190617832265e-06
5,SAC3D1,19.282417,3.5889118,7.546525588564917e-83,1.2886213611368835e-80
5,HIST2H2AB,4.106365,3.5773456,4.0193406049254034e-05,0.000310953091555518
5,DHFR,21.811872,3.5469446,1.789983127765446e-105,5.17037462895763e-103
5,CENPK,23.353724,3.543657,1.263201477015253e-120,5.498840570438088e-118
5,SLC25A10,5.546871,3.5214605,2.9082707369533806e-08,3.2464658074019384e-07
5,POLE2,8.174069,3.5203419,2.981577596880374e-16,6.155752757968051e-15
5,WDHD1,10.23022,3.505907,1.4518963890117324e-24,4.674350176581835e-23
5,CDH24,3.67955,3.4848297,0.00023364601360688808,0.00162385818361774
5,CHAF1B,5.5764623,3.4834645,2.454593333579152e-08,2.7586951331247583e-07
5,ZGRF1,11.432352,3.4814727,2.8819468959761377e-30,1.2135195192634127e-28
5,AC011447.3,6.2716208,3.469516,3.5730931454069367e-10,4.764175575715798e-09
5,PSMC3IP,11.118271,3.4621603,1.0223366356941082e-28,4.0251411973755166e-27
5,FANCD2,15.694259,3.434716,1.6556637425709273e-55,1.564880712282558e-53
5,BRCA2,18.641846,3.40955,1.470767792495219e-77,2.2066514642062977e-75
5,CENPS,9.357537,3.3989,8.161677196136293e-21,2.201160184127264e-19
5,MCM7,22.285915,3.3971899,5.0612418641107815e-110,1.6294562738965825e-107
5,GMNN,19.189734,3.3750186,4.5095001467236204e-82,7.616126832502018e-80
5,RRM1,21.899971,3.3662734,2.5995015876992854e-106,7.876744663825668e-104
5,HIST1H2AE,4.492626,3.3426313,7.035023318141151e-06,5.999764505899242e-05
5,LIG1,18.389343,3.3327143,1.5990324230653523e-75,2.2774790368516518e-73
5,KIF20B,24.13656,3.3268704,1.0334224589451875e-128,5.15161095784176e-126
5,TMPO-AS1,10.330052,3.3081603,5.153257710341561e-25,1.7107597857521656e-23
5,DMC1,3.4050763,3.3047738,0.0006614555044857032,0.004281383304113011
5,IQGAP3,3.045569,3.301097,0.0023224060624407366,0.013732275525512884
5,CDKN2B-AS1,3.2826028,3.2999806,0.001028535204305383,0.006462479682753908
5,C1orf112,9.750519,3.2936199,1.8352711916358546e-22,5.381662876649845e-21
5,TUBB4B,28.197895,3.2882698,6.205628448888615e-175,7.991556602908351e-172
5,GINS4,10.747558,3.284311,6.085159967593587e-27,2.2204727168644036e-25
5,KNTC1,14.891981,3.279897,3.715926403127396e-50,3.112415646109984e-48
5,PHGDH,5.081508,3.2798853,3.744496711021533e-07,3.701028456908939e-06
5,CDKN2C,21.087893,3.278045,1.0273928383359569e-98,2.4807523792538613e-96
5,CDKN2A,19.892881,3.2659543,4.690118739691717e-88,8.628422612360232e-86
5,DTYMK,26.575298,3.2658606,1.3103233768545787e-155,1.094544989417418e-152
5,IFI27L1,16.552055,3.2649088,1.5473043429766745e-61,1.7390012846683668e-59
5,PIF1,9.075925,3.2637644,1.127162786016306e-19,2.83690718464218e-18
5,DONSON,9.440025,3.2619195,3.726907053342771e-21,1.0211659246246898e-19
5,CDK2,11.726457,3.2470891,9.328213170236846e-32,4.2273766048755164e-30
5,GEN1,12.892633,3.2406678,4.952327682671594e-38,2.845010997924367e-36
5,FANCG,10.904464,3.2371395,1.0973835296942354e-27,4.1211218411008183e-26
5,HIST1H4C,23.718328,3.22173,2.333044252852779e-124,1.0484791120934108e-121
5,TIMELESS,11.444562,3.2193987,2.5036672878198677e-30,1.0585614892564795e-28
5,ACOT7,15.60754,3.1963809,6.468351821980884e-55,5.967682082446662e-53
5,SUV39H2,8.538158,3.1902304,1.3637777802454683e-17,3.054368105365702e-16
5,PAQR4,10.63425,3.168752,2.0648440117791008e-26,7.3523195705134405e-25
5,DDIAS,6.075723,3.1650507,1.2343017048865553e-09,1.5686086674724e-08
5,CENPP,8.257269,3.1644948,1.4904279816500712e-16,3.1209117634728147e-15
5,NSD2,22.405567,3.1643815,3.4733751394637045e-111,1.1668652764717905e-108
5,LMNB1,23.882414,3.161359,4.665486511349624e-126,2.2184029477889664e-123
5,RAD54B,5.2704816,3.146523,1.3606644469635832e-07,1.4150086158244773e-06
5,HIST1H4H,6.9518566,3.14585,3.6051023084524293e-12,5.635958373664098e-11
5,RFC3,13.81364,3.1439762,2.1090107135883016e-43,1.4615065947281085e-41
5,SUV39H1,6.8714743,3.1383564,6.3541696990830356e-12,9.683842351556182e-11
5,PHF19,25.975817,3.1297832,9.292462464447112e-149,7.180053434716673e-146
5,CNIH2,3.43941,3.1206353,0.0005829837175304498,0.0038053384915973836
5,DSN1,15.112105,3.1190152,1.347638722298253e-51,1.156985277502003e-49
5,KPNA2,19.990942,3.1178164,6.603759654271016e-89,1.2598913557688536e-86
5,MASTL,11.116346,3.0841084,1.044625711235991e-28,4.1024455981157275e-27
5,DNAJC9,23.2576,3.0820217,1.1916627624685986e-119,4.9771244594076994e-117
5,CHTF18,7.919866,3.0694432,2.3776645031704837e-15,4.627611889136659e-14
5,CDCA4,16.930264,3.0594134,2.6917153253815867e-64,3.1632260669797984e-62
5,SMTN,6.6154933,3.0578763,3.703149400375987e-11,5.35190725489326e-10
5,MCM8,13.255332,3.0531516,4.2025315241129526e-40,2.582259280631392e-38
5,NCAPD2,20.131544,3.0398078,3.9063792998483425e-90,7.73938878335979e-88
5,NCAPD3,20.029676,3.036686,3.0362777120334294e-89,5.902027373950767e-87
5,FANCB,7.245715,3.034565,4.3016286696802637e-13,7.18262762257201e-12
5,C9orf40,13.291234,3.0335417,2.6025007764229634e-40,1.621683296308559e-38
5,HIST1H2AK,4.797205,3.0237365,1.6089488232632737e-06,1.4839684058668457e-05
5,KNSTRN,12.645586,3.0035892,1.1833855027634898e-36,6.416648374370384e-35
5,BARD1,20.483397,3.000889,3.0278658304968936e-93,6.544213232389335e-91
5,KHDC1,5.0900745,2.9953194,3.5792244662961727e-07,3.5467486559735753e-06
5,WDR90,5.8321466,2.9941835,5.471883247207388e-09,6.492111152454463e-08
5,TMEM237,6.7362657,2.98038,1.6250921284010108e-11,2.4124266288419805e-10
5,RFC5,12.340394,2.9789555,5.488662333497494e-35,2.808577595056408e-33
5,WEE1,17.472198,2.9712796,2.3332725716013266e-68,2.9923010527171034e-66
5,HIST1H1C,20.066458,2.9476655,1.4497867945819188e-89,2.83598483924958e-87
5,CENPL,12.115553,2.9423888,8.737312988697362e-34,4.23931134288335e-32
5,RPL39L,14.282572,2.9372919,2.8103522689673645e-46,2.139397969876215e-44
5,RNASEH2A,6.683465,2.9364154,2.333574760061844e-11,3.4181893416697357e-10
5,KLHL23,8.974241,2.9094644,2.8531189681917106e-19,7.032005418652408e-18
5,SLC27A2,7.242047,2.9069502,4.419632940090175e-13,7.371699691277227e-12
5,HIST1H2BJ,2.7879994,2.8932924,0.005303465750115356,0.029370044067159172
5,TMPO,30.000093,2.890692,9.785982539403798e-198,2.1603954453239513e-194
5,DUT,25.211683,2.8886132,2.9824728893932125e-140,1.8435857918495203e-137
5,ZWILCH,11.668725,2.8844898,1.841632964004384e-31,8.213470421137589e-30
5,CDC7,7.330543,2.882019,2.292219904909732e-13,3.909803565179089e-12
5,H2AFZ,32.339943,2.8811066,1.9213348567853638e-229,6.5980773798516935e-226
5,HIST1H2BF,6.013517,2.8808358,1.815409629072634e-09,2.2633668981745824e-08
5,RFC4,15.797324,2.8746955,3.246061597167664e-56,3.106068909710867e-54
5,HIST1H1D,21.564005,2.8702395,3.912356790995473e-103,1.0424069943042852e-100
5,RBBP8,15.224512,2.870117,2.4316613533870035e-52,2.1111055463239356e-50
5,CEP152,16.039185,2.8599036,6.804126605852794e-58,6.940433696603707e-56
5,GPSM2,15.331241,2.854387,4.728685240447488e-53,4.1638026987609835e-51
5,GINS3,4.329649,2.853238,1.4934712783695636e-05,0.00012204843151921761
5,POLA1,9.395782,2.8518178,5.6794098541693196e-21,1.5465508402009794e-19
5,MCM6,14.79577,2.843068,1.5599059848169238e-49,1.292547299537176e-47
5,HIST1H1E,18.908916,2.8363426,9.631374715969665e-80,1.518759685441196e-77
5,TUBG1,13.471344,2.8258183,2.3062938381768454e-41,1.4943526972019238e-39
5,LRR1,16.261356,2.825585,1.8558597593778622e-59,1.9443748333251384e-57
5,CHAF1A,13.286763,2.8202622,2.7627397566361853e-40,1.71461842687459e-38
5,NRM,14.8161745,2.8128254,1.1515784688027252e-49,9.619415063590764e-48
5,MCM3,20.279377,2.803972,1.9559265222929112e-91,4.003431855927616e-89
5,TACC3,21.491987,2.8020875,1.850234582947675e-102,4.846203411454558e-100
5,CKAP2,18.483402,2.8019242,2.8089666334769275e-76,4.0759028986324605e-74
5,ILDR2,2.9631462,2.7986922,0.0030451184953355598,0.01759496678544329
5,CCDC15,7.3050613,2.791771,2.771402210028914e-13,4.683200005760724e-12
5,MELTF-AS1,3.8643005,2.790574,0.00011140801437259815,0.0008120961085410121
5,LMNB2,14.224653,2.789888,6.4423054053249714e-46,4.868272204459141e-44
5,CENPJ,14.38317,2.7777944,6.600066562102889e-47,5.112487649997844e-45
5,TEDC1,12.99562,2.7724288,1.2955336693543091e-38,7.583533924002582e-37
5,FDXR,10.833773,2.7705085,2.381362491509118e-27,8.835626713694155e-26
5,KIF22,20.691708,2.7691603,4.11383293455699e-95,9.280747044405321e-93
5,AL441992.1,11.216883,2.7664883,3.369386378633959e-29,1.3612761412345069e-27
5,KCNQ5,4.933728,2.7652352,8.067470931480042e-07,7.74351938134328e-06
5,TUBA1C,23.046108,2.761364,1.6091911529757406e-117,6.295603919622938e-115
5,GPC1,4.0712714,2.7554307,4.675726474562879e-05,0.0003579704685392987
5,STYK1,8.100558,2.7409668,5.470757788595709e-16,1.1116680537286494e-14
5,CBR3,5.5504913,2.73655,2.8486756268670917e-08,3.1853841389139366e-07
5,NUCB2,24.815407,2.7181804,6.113541354468373e-136,3.4354767753191637e-133
5,HMGN2,32.56018,2.7179942,1.502597857530257e-232,5.805098997835957e-229
5,C4orf46,8.082218,2.7079327,6.359900534988184e-16,1.2872655260961348e-14
5,HIRIP3,18.316301,2.702197,6.134237073189714e-75,8.578772181949073e-73
5,NUDT8,10.403592,2.698849,2.387601887263817e-25,8.038519774473072e-24
5,LIN9,5.6261764,2.6958356,1.8424808779069736e-08,2.0943566198407807e-07
5,RCCD1,10.908013,2.6956859,1.0553722624129428e-27,3.9681740285154285e-26
5,CEP57L1,12.363225,2.6755037,4.1324071444224593e-35,2.1322255027156086e-33
5,TEX30,16.273806,2.6717067,1.5144637788109518e-59,1.5920929255683704e-57
5,CARHSP1,26.112976,2.6703062,2.5968883835383266e-150,2.058000750513309e-147
5,AC084033.3,12.106856,2.6699202,9.71465584198481e-34,4.69876162923669e-32
5,PXMP2,12.758577,2.6656032,2.792529771143384e-37,1.546751212127752e-35
5,SKA2,22.988487,2.6534543,6.077111769677579e-117,2.3188307835237647e-114
5,MTBP,5.277007,2.6364539,1.313107125379106e-07,1.3673922481163083e-06
5,B4GALNT1,6.2679806,2.6357505,3.6576083043614e-10,4.8726594768490426e-09
5,FANCA,13.468139,2.6196496,2.408604789084738e-41,1.5573796697958578e-39
5,MESP1,3.7148755,2.6073685,0.00020330381914820494,0.0014267736463246072
5,ANKRD35,7.4438624,2.5811768,9.778331636645613e-14,1.7084165963471225e-12
5,TMEM44,4.8178086,2.580312,1.4514352294927705e-06,1.3483471186634523e-05
5,ATP8B3,4.160013,2.5790064,3.182289470224899e-05,0.000250012762217186
5,TTF2,18.919775,2.578186,7.838698872783402e-80,1.2488178662944156e-77
5,NCAPH2,13.789391,2.5693264,2.9524541407763165e-43,2.0368638421645897e-41
5,RFWD3,14.021771,2.5668385,1.1471432848564983e-44,8.361971109683913e-43
5,BLM,12.771751,2.563829,2.3578954107169734e-37,1.3107099542990918e-35
5,POLA2,10.6721325,2.56027,1.3743488133175328e-26,4.922016080325027e-25
5,FOXC1,2.8842142,2.5574546,0.003923918686799242,0.022228107561016158
5,SPINK2,9.310997,2.5489228,1.2663783536434178e-20,3.3887407598317846e-19
5,ANP32E,26.317444,2.5452316,1.211149302751682e-152,9.850787236880589e-150
5,CBX5,25.083065,2.5445359,7.611586975277851e-139,4.612770953821814e-136
5,IL9R,3.0119815,2.5419023,0.002595484864986265,0.015167594971937587
5,POLE,9.893489,2.541703,4.442680902241239e-23,1.3356997922720814e-21
5,LRRC45,11.148394,2.5343833,7.291063714986924e-29,2.889037259475652e-27
5,HAUS8,10.2171,2.533244,1.662396527240353e-24,5.329843305748712e-23
5,CKAP5,17.236485,2.5330265,1.4137648714959651e-66,1.7548285495311567e-64
5,MIS18A,12.870719,2.5239718,6.578718181969632e-38,3.7583815683943704e-36
5,ARG2,3.93548,2.5200288,8.303052744394008e-05,0.0006169026727862395
5,H2AFV,29.948505,2.5155437,4.601562839316605e-197,9.481366844983887e-194
5,ITGB3BP,17.332722,2.5076075,2.6641490818521676e-67,3.3336378814900784e-65
5,TESMIN,4.1794696,2.5011778,2.9218997387298017e-05,0.0002305015876525568
5,VANGL1,6.571245,2.4983435,4.989624564299845e-11,7.146168971678189e-10
5,HIST2H2BF,4.410653,2.4979842,1.030594053562519e-05,8.620452074007246e-05
5,DBF4B,5.640062,2.4906757,1.699892074863185e-08,1.9394080604576025e-07
5,PIDD1,8.353314,2.488689,6.637355516500787e-17,1.4325471155620797e-15
5,SLC1A4,12.193846,2.4759696,3.3521865845323805e-34,1.6603530571817673e-32
5,DRAXIN,9.360392,2.4741836,7.944149790373322e-21,2.1443653936337836e-19
5,SASS6,13.351736,2.4676704,1.1572010169122311e-40,7.254687997912033e-39
5,AFAP1L2,9.923095,2.467557,3.303528167381167e-23,1.0010014222475463e-21
5,POLD1,9.226616,2.4618225,2.7931707130823906e-20,7.334624233580072e-19
5,ITGAD,7.3650093,2.4529128,1.7713433250552502e-13,3.048268827810836e-12
5,POLH,10.514907,2.4507773,7.37532913585875e-26,2.5526237133481118e-24
5,EBP,22.182934,2.4505262,5.019653094954258e-109,1.5830859000586861e-106
5,PRTFDC1,2.6449842,2.4495857,0.008169471831114886,0.043495928662233896
5,GZMA,18.665058,2.4445424,9.527144927660735e-78,1.4363681379473675e-75
5,DDX11,12.123101,2.4403975,7.968526007647947e-34,3.890730384176542e-32
5,DBF4,17.209969,2.4387205,2.2355298000842404e-66,2.7527298618009407e-64
5,EFNA5,3.568712,2.4381022,0.0003587406223731462,0.0024235183422266294
5,DDX39A,23.614243,2.436391,2.7519224569494875e-123,1.2150523910991115e-120
5,USP1,22.600744,2.4340127,4.2612599261016295e-113,1.5138248337473916e-110
5,CHAC2,5.7726307,2.4328904,7.804328132388323e-09,9.136680666201739e-08
5,FIGNL1,12.060556,2.4293907,1.706265381295547e-33,8.13820125612677e-32
5,NEMP1,8.826429,2.423599,1.0807010221432623e-18,2.5952778936582602e-17
5,LRTOMT,3.530645,2.4209325,0.00041454796226115295,0.0027726539427841276
5,PHF7,7.35709,2.417126,1.8796231378114895e-13,3.228373773064922e-12
5,EMC9,14.084052,2.4154055,4.760058982015203e-45,3.5280370013703567e-43
5,SPIN4,5.863809,2.4131749,4.523670931068063e-09,5.4065389584888105e-08
5,ZNF726,8.653044,2.4122446,5.014383450451621e-18,1.1539802628675224e-16
5,SAE1,18.067892,2.412036,5.705214055481401e-73,7.836935591678385e-71
5,MELTF,2.806048,2.4099686,0.005015323895386769,0.027874234064865833
5,NUDT1,22.77413,2.4022522,8.276614112485763e-115,3.045301337792827e-112
5,FAM184A,2.7315812,2.3940396,0.006303119708739789,0.0344005864096805
5,CYP26A1,4.223073,2.3932385,2.4099352819015754e-05,0.00019231569779946294
5,MAD2L2,18.837246,2.3843021,3.739225537700901e-79,5.778412184686088e-77
5,CCDC167,20.60736,2.3815405,2.357420308051162e-94,5.241783414455918e-92
5,SNRNP25,17.869816,2.376806,2.0266295742940378e-71,2.7115601840998193e-69
5,CDC25B,15.004356,2.3714745,6.875431051013562e-51,5.853965495693557e-49
5,BCL2L12,13.907893,2.367645,5.672609010167662e-44,4.039707987955113e-42
5,RPA3,21.341776,2.3626692,4.649484533393833e-101,1.1778821186360917e-98
5,CEP112,3.0355582,2.3588371,0.00240090895176785,0.014142346669008755
5,ERI2,6.01954,2.3526726,1.7491373772984742e-09,2.1878020607108028e-08
5,NCS1,6.9461303,2.3510783,3.754417861461223e-12,5.863455929468521e-11
5,XRCC3,3.8416846,2.3463142,0.00012219276806920267,0.000883831472669049
5,N4BP3,4.4962807,2.346053,6.9152502868070165e-06,5.9106648399984644e-05
5,RCC1,9.104832,2.3434815,8.640019519380338e-20,2.1942241847616114e-18
5,C18orf54,4.098415,2.3382003,4.159893594376773e-05,0.00032118369053560564
5,C19orf48,13.455975,2.3332117,2.83969809349538e-41,1.8284697703262855e-39
5,FANCC,3.7150252,2.329106,0.0002031834231077375,0.0014262525682468415
5,ACYP1,15.790643,2.3258624,3.6088408472491854e-56,3.4425445699361286e-54
5,SCD5,3.4986033,2.3139298,0.0004677017098312684,0.003105985549152345
5,AGBL5,3.9944673,2.3134582,6.483987282131154e-05,0.00048794885543907373
5,MCM5,16.990652,2.3100586,9.6311528537816e-65,1.1493051785784862e-62
5,BTG3,17.109144,2.3033772,1.2684966904614058e-65,1.5374677338074773e-63
5,SLBP,19.304237,2.2993612,4.9481047892542385e-83,8.496170817860041e-81
5,RBL1,13.6691065,2.2907386,1.552896756213959e-42,1.045650981357404e-40
5,SPAG1,7.495272,2.286551,6.61608417386638e-14,1.1698130066458136e-12
5,UNG,8.58761,2.2859666,8.879725841477699e-18,2.009119228276363e-16
5,CTPS1,9.761265,2.2845707,1.6508346528933078e-22,4.868544524520369e-21
5,HIST2H2AC,14.420381,2.2826672,3.8521062196405006e-47,3.006491084101741e-45
5,FANCL,9.7167,2.273617,2.5594174516650594e-22,7.4555999225836e-21
5,RFC2,15.342294,2.2703874,3.98846609053827e-53,3.522043470293323e-51
5,AL138724.1,4.2374816,2.268471,2.2604102064459852e-05,0.00018113170404621744
5,RAD18,9.8790045,2.2662618,5.134042595030352e-23,1.5375761093469293e-21
5,MSH2,12.862938,2.2648094,7.275778661358211e-38,4.133685497915409e-36
5,PKP4,8.247736,2.2576625,1.6142300069597297e-16,3.3732932268495178e-15
5,KATNAL1,9.383525,2.244451,6.380323476786573e-21,1.7358860712767836e-19
5,CCDC18,13.519882,2.235802,1.1936646477710984e-41,7.816227387428249e-40
5,CCDC74A,3.743924,2.2316594,0.00018116857052552873,0.0012810288284677456
5,KLRC1,14.704057,2.2201395,6.071098963166803e-49,4.964006763349111e-47
5,LRRCC1,8.766375,2.2185152,1.8451180032413863e-18,4.3598671350291684e-17
5,PRIM1,11.572844,2.2169566,5.657609954453872e-31,2.4662870361397155e-29
5,TIPIN,8.631332,2.212169,6.064146446387765e-18,1.3873025478793978e-16
5,CENPQ,9.382176,2.2113066,6.462451323108487e-21,1.756684107680862e-19
5,SERPINE2,9.198678,2.2112968,3.623797780263519e-20,9.443568127706961e-19
5,CEP85,6.0590425,2.1949804,1.3693418776926178e-09,1.734518418600235e-08
5,ALYREF,19.374945,2.1919177,1.2559723309924425e-83,2.180805440111428e-81
5,ERI1,13.2065,2.191396,8.048078998323821e-40,4.896495622070754e-38
5,PARP2,8.3424,2.1869571,7.2798005561299e-17,1.5657397062512653e-15
5,MMS22L,12.731386,2.1867633,3.957497951433678e-37,2.180292142334415e-35
5,GNLY,9.957355,2.186378,2.3421236123980667e-23,7.131824087525817e-22
5,HASPIN,2.8442535,2.1763992,0.00445156242131748,0.02497901956348209
5,FAM161A,3.9827242,2.1680224,6.812982471325213e-05,0.0005114618635930248
5,LMO7,8.537062,2.1628356,1.3767780972309369e-17,3.0812513143458776e-16
5,PSAT1,3.6681967,2.1609902,0.00024426722122151197,0.0016942475328306263
5,SYCP2,3.3032854,2.1559129,0.0009555909816329547,0.006045946871920109
5,HIST1H4E,5.24169,2.154655,1.5911242047415342e-07,1.6403227416926815e-06
5,PPP2R3B,7.382193,2.152458,1.5570305040442092e-13,2.6914508830254124e-12
5,FAM111A,21.471502,2.1489704,2.875744775887544e-102,7.468961662887086e-100
5,UBL7-AS1,11.819973,2.1447854,3.077847498234997e-32,1.4092893722659118e-30
5,DEK,28.848291,2.1446922,5.323250133977738e-183,7.83455675670714e-180
5,CCDC171,4.1434174,2.144258,3.421681841222974e-05,0.00026725782326681444
5,IFT22,6.978833,2.1438668,2.9764161296788196e-12,4.706519133931847e-11
5,RANBP1,22.361628,2.139639,9.305622042840602e-111,3.0596687284901542e-108
5,CNTROB,6.839091,2.1382952,7.969726972464931e-12,1.205089782475409e-10
5,TFDP1,15.9409895,2.1351314,3.29103145695472e-57,3.281158362583856e-55
5,NASP,22.014383,2.1286676,2.0970366561509692e-107,6.481311193165801e-105
5,EFCAB11,7.06324,2.1264777,1.626646181285385e-12,2.6198412467424385e-11
5,DPF3,8.776492,2.1246219,1.6865213892215626e-18,4.0034805358426136e-17
5,YEATS4,15.325938,2.1207337,5.130811007410874e-53,4.505056130853633e-51
5,TCTEX1D2,8.751158,2.1200364,2.1117501147666757e-18,4.9633354218322165e-17
5,NUCKS1,27.960604,2.117997,4.899263710516538e-172,5.823905519266718e-169
5,CHEK2,6.039287,2.115796,1.5479681421455663e-09,1.9503893750221366e-08
5,KIR3DX1,4.7679024,2.1116123,1.861540646774428e-06,1.7067527964953204e-05
5,SLC38A5,5.2262673,2.110705,1.729664007662076e-07,1.7751292633765713e-06
5,RHEBL1,2.748228,2.1101854,0.005991832758518266,0.03285250577745681
5,ARHGAP19,7.316652,2.1040065,2.5423418342793566e-13,4.317371377586378e-12
5,SPATA33,10.327384,2.1000042,5.298584944878581e-25,1.7533550844899605e-23
5,KDELC2,8.302795,2.0915031,1.0169026959084102e-16,2.164560029093749e-15
5,CENPX,18.83727,2.078732,3.737429286781995e-79,5.778412184686088e-77
5,SLFN13,13.607002,2.0751696,3.6386506481702846e-42,2.4132999052145703e-40
5,C5orf30,3.0125468,2.0737488,0.0025906559704808366,0.015147446855779649
5,RAD51C,14.917669,2.070923,2.5295582568903154e-50,2.130274033943024e-48
5,ZNF724,3.4104464,2.0706701,0.0006485665504766079,0.004202357730729669
5,HAUS5,6.672505,2.0682385,2.5147382257124925e-11,3.6748470138106856e-10
5,TMEM97,5.301183,2.0634117,1.1505458648417584e-07,1.2058298082286954e-06
5,IDH2,22.440117,2.058759,1.598266695012567e-111,5.48862541586149e-109
5,ACAT2,14.450981,2.054199,2.471406858038839e-47,1.93867441018798e-45
5,VRK1,14.099003,2.0532146,3.8517489542877e-45,2.868578432052288e-43
5,C11orf80,3.4358544,2.0478034,0.0005906881355528318,0.00385400004338851
5,RAD21,22.92506,2.047238,2.613737176316355e-116,9.732864446796335e-114
5,DNMT1,21.815796,2.046886,1.6428858330105554e-105,4.790252117062003e-103
5,C12orf75,19.248363,2.0448647,1.4569123752964588e-82,2.4741093836971237e-80
5,KIR2DL4,9.108215,2.043541,8.374856958557009e-20,2.1303843952108764e-18
5,TRIM59,10.781735,2.0413814,4.19886905081823e-27,1.541264201349632e-25
5,TOPBP1,16.488384,2.0383668,4.4468122420119965e-61,4.891018717575259e-59
5,BORA,4.5154595,2.0330925,6.317960065205323e-06,5.4241442148694696e-05
5,TONSL,4.80169,2.0297244,1.5733186501168627e-06,1.4537088047582026e-05
5,PRELID2,3.537883,2.017962,0.0004033488449447305,0.002704773866501798
5,TMEM14A,12.278261,2.0090082,1.1851807647126984e-34,6.004980638520552e-33
5,SAMD1,12.852992,2.0077682,8.274645842027956e-38,4.666870055466387e-36
5,ZNF93,6.0867767,2.00308,1.1520644070217003e-09,1.4683239021781315e-08
5,COX6A2,5.340172,1.999983,9.285864831696918e-08,9.842188763829103e-07
5,L2HGDH,4.6459823,1.9990568,3.3846170732462818e-06,3.0016746020896075e-05
5,AMOTL1,2.7062466,1.9955182,0.0068048505562284005,0.03689780984935986
5,OXCT1,14.301757,1.993365,2.1335535089087175e-46,1.6322212450455874e-44
5,SHMT1,8.752859,1.9906365,2.080142921546113e-18,4.892768438068928e-17
5,FAAP24,4.201715,1.9881005,2.649004552090855e-05,0.0002106865251967886
5,CCP110,11.0047455,1.9860964,3.625377716270742e-28,1.3816220601329203e-26
5,FKBPL,3.9786148,1.9803432,6.93179622621743e-05,0.0005197501842884574
5,FANCM,7.068624,1.9799197,1.56477631921361e-12,2.5215089519257062e-11
5,SMC1A,21.49634,1.9786859,1.6846508347092623e-102,4.45021396139822e-100
5,CEP70,6.0141416,1.977497,1.808424592436082e-09,2.2555681549e-08
5,CEP76,4.7871575,1.9766867,1.691599617317003e-06,1.556483160834076e-05
5,TSPAN5,15.325297,1.9758025,5.181722935260823e-53,4.536869993204143e-51
5,AC103702.2,3.2855675,1.9746523,0.0010177717527956212,0.0063974520161997695
5,NECTIN3,5.441875,1.9743773,5.2722663025755324e-08,5.739694773289961e-07
5,HNRNPAB,20.745096,1.9741079,1.3575344228697688e-95,3.1079493635285883e-93
5,DHCR24,4.2230844,1.9735768,2.4098143545655043e-05,0.00019231569779946294
5,TMEM143,3.2515814,1.9712194,0.0011476486342799283,0.007151285552356804
5,HMGB1,33.00338,1.9653958,7.2647421053775755e-239,3.742189737515079e-235
5,SIVA1,20.740515,1.9643191,1.4931990338764237e-95,3.393404598530782e-93
5,NDC1,6.298993,1.9638131,2.9958536417452723e-10,4.034546775835343e-09
5,NECTIN1,3.5420403,1.9633868,0.0003970446884336096,0.0026648122009592986
5,LAYN,4.704608,1.9629401,2.5435435859430317e-06,2.291264984282754e-05
5,ARNTL2,2.916801,1.9624264,0.003536412850701699,0.020207046030067923
5,CRACR2B,5.120683,1.9608605,3.044306156870146e-07,3.0440106887863344e-06
5,AL355488.1,5.5206575,1.9556096,3.3773377297579084e-08,3.739999183576771e-07
5,ZNF85,7.7421727,1.9550534,9.773210995088216e-15,1.8362348463537478e-13
5,ZDHHC12,17.384398,1.9546399,1.0831936119754021e-67,1.3609050798912095e-65
5,MZT1,16.045773,1.9487561,6.11921138749884e-58,6.283271307422813e-56
5,TMEM238,15.651133,1.9478024,3.2636096494528036e-55,3.0566176798678124e-53
5,SYCE1L,6.709419,1.9442334,1.9540118443909324e-11,2.8785817004094636e-10
5,PAFAH1B3,13.276187,1.9442129,3.1818859175817853e-40,1.9629251108722604e-38
5,NLRP2,3.5814075,1.9439355,0.0003417480923487665,0.0023147947162444286
5,LRP8,5.2109857,1.94116,1.8784014162191576e-07,1.9198330876681714e-06
5,NDFIP2,12.4052515,1.9399837,2.4474362518904756e-35,1.2734497009626083e-33
5,RAN,27.693575,1.938739,8.344001793315545e-169,8.892691842275984e-166
5,APOBEC3H,11.412172,1.9361886,3.635342025850424e-30,1.5286736869790348e-28
5,PSMC3,20.239134,1.9341763,4.428850575320168e-91,9.005426627067135e-89
5,DMTN,6.2643995,1.9299213,3.742648367241375e-10,4.983801511690184e-09
5,MYL6B,11.114993,1.9269274,1.0605914958944638e-28,4.1493292865329354e-27
5,ANP32B,25.953594,1.9239075,1.6561324848108262e-148,1.248441139220688e-145
5,RANGAP1,13.289524,1.9235435,2.6626589049444804e-40,1.655830961270001e-38
5,POLD3,12.063484,1.9220283,1.6466610913752613e-33,7.86605167714609e-32
5,CALM3,24.633167,1.920193,5.57553987704721e-134,3.077200196069609e-131
5,HES6,6.7067847,1.9164302,1.9895952522366673e-11,2.9282104981370797e-10
5,PRIM2,11.717566,1.9146011,1.0360671706493768e-31,4.681539187611153e-30
5,PAICS,12.691343,1.913986,6.60429902824436e-37,3.612726903822096e-35
5,SNRPD1,22.54171,1.9139658,1.6194420210023472e-112,5.687738016263585e-110
5,PPP1R9A,4.1037283,1.9133767,4.0654512358603116e-05,0.0003141272533668366
5,DARS2,4.930348,1.9124988,8.208329631654634e-07,7.866506788389141e-06
5,TMEM201,2.6312232,1.9116983,0.008507815702355528,0.04502586642340793
5,SUZ12,20.350964,1.90725,4.5523653317974194e-92,9.506753737152895e-90
5,SLC12A8,5.3897586,1.9038819,7.055241079633924e-08,7.57929565687333e-07
5,KIR2DL3,5.914733,1.9019518,3.324142753927993e-09,4.038493714451748e-08
5,BHLHE40-AS1,2.7246852,1.8997709,0.006436283266938715,0.03507161617265071
5,ZNF519,6.9043946,1.8993865,5.041789559415908e-12,7.764464088232423e-11
5,RPGRIP1L,2.923488,1.8975418,0.003461335756714176,0.019818359435488153
5,DCLRE1A,5.29048,1.895129,1.2199571925456727e-07,1.276412219025359e-06
5,B4GALT6,3.7395713,1.8906591,0.00018433428159074573,0.0013010321171786205
5,SPATA5,7.954621,1.8901079,1.7968098732431383e-15,3.5304515417880277e-14
5,HPRT1,17.18614,1.8864083,3.3725024775360273e-66,4.119918342814466e-64
5,MTHFD1,11.369951,1.8851719,5.902078461771954e-30,2.4518217609944326e-28
5,HADH,12.677789,1.8819382,7.851568566693891e-37,4.2648230174131473e-35
5,MSH6,11.593105,1.8727887,4.466425560335925e-31,1.9608496419503185e-29
5,NABP2,10.715627,1.872349,8.597331090976718e-27,3.111448618604419e-25
5,SPTBN1,14.02485,1.8711014,1.0984458875101772e-44,8.064053929994548e-43
5,UBR7,9.310316,1.8683295,1.2745261701622876e-20,3.407593455121611e-19
5,ANKRD9,5.8785114,1.8640716,4.139719662978806e-09,4.9630068124005415e-08
5,GAMT,8.411895,1.8638425,4.034397966732723e-17,8.799656877756405e-16
5,CDCA7L,5.4072957,1.8610868,6.398350794209036e-08,6.907224170332472e-07
5,COMMD4,17.42917,1.8584908,4.955882319893351e-68,6.277518641841959e-66
5,CEP131,3.5006497,1.8580917,0.0004641256273095544,0.0030828993688494302
5,MPHOSPH9,16.404486,1.8579497,1.776221094207687e-60,1.9262338722342802e-58
5,ATP23,6.348142,1.8554702,2.1793093650730078e-10,2.969837502041951e-09
5,SSRP1,15.674613,1.8537123,2.2559516237982022e-55,2.1192916971650773e-53
5,NBL1,9.9615,1.8489757,2.2464620135647265e-23,6.860810420281126e-22
5,RNF26,6.656946,1.8458803,2.795755237712076e-11,4.070108673196756e-10
5,PCNT,12.074566,1.8425244,1.4392137272716436e-33,6.915419209408708e-32
5,SMC3,20.47188,1.8417053,3.835347384119021e-93,8.23188066673379e-91
5,LSM5,20.48546,1.8357269,2.9022744869761125e-93,6.316943490772585e-91
5,CEP295,11.74944,1.8342924,7.108823042576e-32,3.2358231778629814e-30
5,NKG7,13.850802,1.8336859,1.2579929680472308e-43,8.81650536585845e-42
5,TAF5,5.2832108,1.82926,1.269391203026106e-07,1.3258896218968523e-06
5,PRADC1,10.052947,1.8282472,8.916006036822079e-24,2.769517573668945e-22
5,HAUS1,13.846348,1.8269726,1.3384608546191038e-43,9.359232948803765e-42
5,HIST1H2BC,6.936917,1.8232998,4.0074984356665065e-12,6.230619117423236e-11
5,CRIP1,17.424791,1.821286,5.350380804655039e-68,6.749559980794829e-66
5,HDGF,18.997713,1.820336,1.7813851641269092e-80,2.928578258918637e-78
5,RASSF8,4.4901247,1.8178577,7.118143577568495e-06,6.067304565689727e-05
5,CD38,15.455441,1.817154,6.933529910288943e-54,6.2114379402116044e-52
5,ACOT4,3.5561237,1.814882,0.0003763669230352931,0.0025359434249513416
5,TRDC,11.558333,1.8123789,6.699652699135872e-31,2.900086358153955e-29
5,PARD6A,5.3985906,1.8102921,6.716642939305528e-08,7.228108750874511e-07
5,NUDT15,6.101349,1.8057163,1.0517697015595087e-09,1.3443774262241412e-08
5,DDB2,13.901461,1.8056965,6.206209267015644e-44,4.3994337113681774e-42
5,PRPSAP1,14.559218,1.8042523,5.103774114991523e-48,4.076029627184574e-46
5,AC079922.2,5.381418,1.8019307,7.39012779944319e-08,7.911558015150352e-07
5,KIF21A,13.093539,1.801284,3.585056582101495e-39,2.130833534288671e-37
5,TOGARAM2,6.1987057,1.7998321,5.692939641932654e-10,7.446114494846067e-09
5,SLC7A1,6.901046,1.7976383,5.162112542093532e-12,7.945488662275139e-11
5,KMT5A,13.527541,1.7931873,1.0756089722058045e-41,7.058141508272781e-40
5,NEDD4,4.798316,1.7868097,1.6000538972469437e-06,1.47620494931974e-05
5,ENO2,6.912051,1.7861222,4.776953854593014e-12,7.374690948247067e-11
5,HYI,7.4738975,1.7834245,7.785394078053972e-14,1.3695115240205698e-12
5,GZMB,13.232448,1.7830081,5.700041098345962e-40,3.4816436803671666e-38
5,CACYBP,19.928661,1.7812681,2.2961876445097156e-88,4.301107365385563e-86
5,FN3KRP,10.694822,1.779203,1.0762589834959712e-26,3.876915664674823e-25
5,CSE1L,11.888085,1.7759571,1.3649911806644248e-32,6.296683943402296e-31
5,RNASEH2C,20.31346,1.7749381,9.777022264269882e-92,2.0145228474785952e-89
5,RBBP7,18.537285,1.7743526,1.0330666019179511e-76,1.5277028452381873e-74
5,CEP128,6.0432916,1.7720973,1.5100127813190642e-09,1.9064426382879858e-08
5,RMI1,7.721083,1.7716604,1.1534535689988318e-14,2.154065828220356e-13
5,AKAP5,8.649443,1.771252,5.175140641010317e-18,1.190089819878764e-16
5,SLC16A4,6.678974,1.7700864,2.406206153840165e-11,3.517909820091673e-10
5,MAST2,4.2632513,1.7700627,2.0147356177182524e-05,0.00016228677022887158
5,DLEU2,13.283298,1.767389,2.8936351984255732e-40,1.792256173902589e-38
5,JPT1,19.48498,1.7660629,1.4723803107694542e-84,2.5856169468722457e-82
5,WDR54,12.448323,1.7633209,1.428131497871785e-35,7.481230543173434e-34
5,AC145207.5,2.9471722,1.7628943,0.003206946070888614,0.018474759033169506
5,BAG2,6.195933,1.7612141,5.794075430114119e-10,7.571775420048963e-09
5,CEP97,8.295238,1.7607244,1.0836844905598307e-16,2.3019544020434837e-15
5,ST3GAL3,7.180279,1.758125,6.956950261843821e-13,1.1467651292949705e-11
5,PXYLP1,4.94873,1.7546133,7.469928442690387e-07,7.199035808488674e-06
5,CMC2,17.072426,1.7514827,2.3810031695526735e-65,2.8634110879908357e-63
5,MEX3D,3.7543387,1.7514185,0.00017379973581020363,0.0012314599804415323
5,CIB2,2.9081101,1.7496705,0.0036362012792941364,0.020736380660939403
5,MGME1,12.994911,1.7475749,1.307602672640189e-38,7.625297321375534e-37
5,ZNF257,4.0725713,1.7450365,4.6496953297341094e-05,0.00035615398650828284
5,GMPS,14.054288,1.7439969,7.25072991004784e-45,5.335674031663061e-43
5,HIST1H2BN,6.7289114,1.7422479,1.7093691745835174e-11,2.5326688916036804e-10
5,BUB3,20.467585,1.741487,4.188763233341222e-93,8.928421051922562e-91
5,RFX2,4.0957413,1.7414093,4.208199848776037e-05,0.0003245080656839346
5,SKP2,7.3807716,1.7399282,1.5737482708124226e-13,2.716253462651068e-12
5,CCDC28B,8.297267,1.7396178,1.0653395304321263e-16,2.264542563071921e-15
5,MAGI3,2.7589312,1.7387022,0.005799076185220796,0.03186347513895452
5,ZEB1-AS1,3.3962781,1.7383404,0.0006830889530713894,0.004414014274007408
5,LSM4,19.118645,1.7365448,1.7664101523596116e-81,2.9510507339988385e-79
5,STAM-AS1,3.0639594,1.7358284,0.002184285531890489,0.012995132422355985
5,ICMT,8.787591,1.733884,1.5280084148770405e-18,3.6411839690520195e-17
5,GPA33,3.140235,1.7328295,0.0016881244812141333,0.010250464310586486
5,COMTD1,12.703123,1.7313683,5.6815950918118585e-37,3.1134939628125726e-35
5,MAZ,20.153969,1.7247142,2.483756123761129e-90,4.952609710779691e-88
5,LDHA,22.612915,1.7243388,3.2345994170562683e-113,1.1624623742204428e-110
5,SCCPDH,10.883275,1.7236472,1.3849551223280966e-27,5.182180141137347e-26
5,SLC16A1,4.6865706,1.7231207,2.7782101671107314e-06,2.493209687424256e-05
5,SEPT8,4.6552157,1.7223761,3.23641349119041e-06,2.879327339442199e-05
5,CFAP20,11.137103,1.7217821,8.276824392471006e-29,3.271250786420734e-27
5,ITGA1,15.625139,1.7179338,4.908499715428994e-55,4.555765786929847e-53
5,CCHCR1,5.160836,1.7148378,2.4584933864733056e-07,2.4839704182978247e-06
5,IFT122,4.930766,1.7147604,8.190771384645989e-07,7.854550765909203e-06
5,HLTF,12.551884,1.7058336,3.881632206093385e-36,2.0791959548306457e-34
5,TDP1,9.714159,1.7012833,2.624055652050654e-22,7.636693788882256e-21
5,NUP37,11.382152,1.7007741,5.131759585771591e-30,2.1491503186645333e-28
5,DLG3,5.9124327,1.6975626,3.3709208635619844e-09,4.090500633298401e-08
5,FDPS,18.324865,1.6969163,5.241096667266828e-75,7.363026122509811e-73
5,SCMH1,5.1751227,1.696309,2.2776098427943516e-07,2.3125521488582466e-06
5,SFMBT1,8.146002,1.6936101,3.761543769905699e-16,7.735065422253855e-15
5,NUDT6,3.7144458,1.6906534,0.00020364947771703024,0.0014288750074461416
5,BOLA3,15.622039,1.6890068,5.153133078443203e-55,4.768499522618086e-53
5,CDK5RAP2,13.618115,1.6886047,3.125299322734381e-42,2.077282283177452e-40
5,LIN54,7.9452405,1.6876177,1.938145464483826e-15,3.7936834623686895e-14
5,PSIP1,18.968409,1.6861651,3.111910837480973e-80,5.0093660548971065e-78
5,C17orf58,5.444139,1.6830364,5.205660100969716e-08,5.669180293892566e-07
5,TOE1,8.620714,1.6801893,6.653795589891774e-18,1.5165845154630167e-16
5,TESC,12.17558,1.6801263,4.194024677963257e-34,2.073995531548966e-32
5,ALDH18A1,5.9090834,1.6787816,3.4401666611379223e-09,4.169616901795677e-08
5,UBASH3B,9.732066,1.6786191,2.20075846822092e-22,6.429002077249903e-21
5,GAPDH,27.387907,1.6786066,3.821218451439758e-165,3.5788605660196547e-162
5,CTSW,14.177166,1.6779786,1.268673684900431e-45,9.517208150295539e-44
5,VDAC3,18.528158,1.6763659,1.2240334669306848e-76,1.8014858267822227e-74
5,NET1,5.7924714,1.6756871,6.9358174833611e-09,8.160080356233022e-08
5,MAGOHB,12.53511,1.6750946,4.796949701825337e-36,2.556195248867512e-34
5,RASSF8-AS1,2.8885412,1.6729186,0.0038703340898101316,0.021960788638472874
5,HACD3,11.688246,1.6719114,1.4637890329091768e-31,6.585346090265491e-30
5,HMGN1,24.915634,1.6707562,5.037194890526973e-137,2.937444952481456e-134
5,CDKN2D,13.758329,1.6699762,4.538946110622022e-43,3.103655031880417e-41
5,THOP1,6.433767,1.6679754,1.2447986124560045e-10,1.7330175997827807e-09
5,CDK4,12.195855,1.6677165,3.27050661573641e-34,1.6224967571840326e-32
5,ACTL6A,12.22929,1.6677068,2.168244152219142e-34,1.0878883443609904e-32
5,CLIC5,4.0588613,1.6674498,4.9312636847932806e-05,0.00037650644246813757
5,FANCE,3.3882487,1.6658682,0.0007034043952537293,0.0045386471073292295
5,FSD1L,5.4642253,1.6636186,4.6493305394208365e-08,5.083015881920049e-07
5,SNTA1,5.1051784,1.6608177,3.3048272078140335e-07,3.290666704636222e-06
5,PSMG1,10.881938,1.6604215,1.4054207829817788e-27,5.252399049530573e-26
5,RPA1,13.1538515,1.659398,1.6172148626876338e-39,9.686678248272616e-38
5,UQCC2,16.039473,1.6583751,6.772617408127376e-58,6.931168418311019e-56
5,CENPV,7.3469553,1.6559557,2.0277277758404338e-13,3.4759280292789954e-12
5,CEP57,16.316767,1.654501,7.500342286131647e-60,7.966085190291093e-58
5,RTTN,5.5390396,1.6532896,3.041351471980015e-08,3.386132923072274e-07
5,INTS7,6.353359,1.6515855,2.106629279117576e-10,2.8796811645151227e-09
5,CEP89,8.019899,1.6476557,1.058319630753464e-15,2.1116516996576702e-14
5,CD59,14.43685,1.6471889,3.03396086648074e-47,2.3739399620334234e-45
5,LAPTM4B,6.362022,1.6463958,1.9911518878109432e-10,2.730280896032512e-09
5,CLN6,5.121938,1.6460202,3.024111411620414e-07,3.0247964854029815e-06
5,POLD2,11.021,1.6458913,3.0267937974633754e-28,1.1592207670161157e-26
5,EXO5,3.6428027,1.6454276,0.00026968559752165106,0.0018576270921777734
5,HAT1,14.3901005,1.6408085,5.97093124497641e-47,4.636773165539847e-45
5,ITM2A,16.535934,1.6384962,2.0222048755608614e-61,2.2401536232601986e-59
5,HSPB11,16.582104,1.6352726,9.38840635399345e-62,1.0590053838791078e-59
5,NCAM1,10.454331,1.6340367,1.3998197487804978e-25,4.775301211430336e-24
5,PERP,9.208791,1.6336166,3.298198831807245e-20,8.624148163677371e-19
5,ILF2,18.615334,1.6311866,2.4135638976685555e-77,3.6036724340696635e-75
5,COPZ2,3.7416346,1.6300038,0.00018282722438741196,0.0012912799415314767
5,SUPT16H,17.784813,1.6270192,9.267257455509445e-71,1.2188218135209804e-68
5,SPINDOC,4.483028,1.6266217,7.35912382569297e-06,6.264071607840612e-05
5,SRGAP3,11.298231,1.6235306,1.3388722822834866e-29,5.48086432166036e-28
5,RUVBL2,9.915808,1.6228768,3.553687391014161e-23,1.0746948746974037e-21
5,JPT2,7.9386806,1.6197389,2.0434319306513414e-15,3.9947090879595834e-14
5,SRSF10,19.895329,1.6180568,4.466672055733666e-88,8.266552887817989e-86
5,CRAT,5.306485,1.6176862,1.1175920156935332e-07,1.173680476691812e-06
5,NUDT21,14.602936,1.6167855,2.690082425239705e-48,2.1765020292377893e-46
5,ARL6IP1,14.0244255,1.6166915,1.1050293518085298e-44,8.093161653162614e-43
5,SLX4,4.860957,1.6151376,1.1681946806231925e-06,1.0994334042028322e-05
5,RALY,18.080181,1.6123028,4.565826209181328e-73,6.299821011034255e-71
5,MICB,7.412742,1.6118459,1.2371408474299364e-13,2.150523744179811e-12
5,HSD3B7,2.967329,1.6114529,0.0030039919747736664,0.017373893533833697
5,ING2,9.708944,1.6072633,2.7618142926057016e-22,8.01496660484173e-21
5,RHNO1,9.51207,1.6064119,1.8690666950839437e-21,5.2089489941352074e-20
5,BTBD6,12.155157,1.6040354,5.3858041756159716e-34,2.6548492768064244e-32
5,APOLD1,10.530107,1.6033419,6.276309370174616e-26,2.182023551225949e-24
5,PMM1,9.944288,1.5991758,2.6707567009933063e-23,8.116526780491653e-22
5,HILPDA,4.3811355,1.597048,1.1806252375278943e-05,9.80375717793515e-05
5,PRKAR1B,4.3633976,1.5938472,1.2805788493764013e-05,0.0001057692423775426
5,SEPHS1,9.511911,1.5929989,1.8719131405128796e-21,5.212181930975817e-20
5,CD96,16.967484,1.5900036,1.4292852111799645e-64,1.6990353085361216e-62
5,LSM2,16.174137,1.5894661,7.6766088224103095e-59,7.961776807860248e-57
5,GTSF1,3.0470724,1.5886385,0.002310820299621404,0.01367423377376962
5,PSMD14,16.321922,1.5872077,6.893003361555802e-60,7.346277755020867e-58
5,RAB33A,8.231867,1.5865958,1.84318080253287e-16,3.84134788023489e-15
5,MORC4,3.265221,1.5860522,0.001093786609586136,0.006837714956002974
5,CEP78,13.096218,1.5818923,3.460755006939129e-39,2.0609162812999546e-37
5,SHMT2,11.189341,1.5801115,4.598397085381572e-29,1.8385854944099385e-27
5,MZT2B,24.15795,1.5773089,6.160063876599241e-129,3.12113269236152e-126
5,MSANTD3,6.7070813,1.5772494,1.9855548943785344e-11,2.923656270631604e-10
5,RHEB,16.865622,1.5766289,8.055081922399598e-64,9.220682110207569e-62
5,TSPOAP1,5.25559,1.575232,1.475508917538573e-07,1.5267343191953355e-06
5,ZNRF1,9.966647,1.5748055,2.1330831267267232e-23,6.533914786694037e-22
5,NOP56,15.876479,1.5745577,9.221077109626298e-57,9.018855386937341e-55
5,CCDC138,3.6624932,1.5729887,0.0002497722911385552,0.00172932621017458
5,CBX3,22.051472,1.5722674,9.246551581851376e-108,2.8866986842452573e-105
5,AC090152.1,8.374181,1.5718412,5.560924657160483e-17,1.204425356544212e-15
5,AKIP1,9.102467,1.5708452,8.830346660401315e-20,2.2388804284907585e-18
5,C15orf41,3.324454,1.5706949,0.0008859180731763722,0.0056328059838844135
5,ODF2,7.722852,1.5691416,1.1375495947686567e-14,2.125649656923511e-13
5,PTGIS,3.03997,1.5690076,0.0023660171922573994,0.013952774921026416
5,GAS2L3,3.0782688,1.566973,0.0020820700758740415,0.012446912927473694
5,SEPT11,13.894782,1.5633337,6.813080190035696e-44,4.818578247904651e-42
5,FADS2,4.718448,1.5613555,2.3765054899077406e-06,2.1457976972415583e-05
5,MYEF2,3.171666,1.5572492,0.0015156730859766487,0.009281733320443885
5,CCDC14,13.669253,1.554191,1.5497637733190858e-42,1.045650981357404e-40
5,GGCT,12.388664,1.5506587,3.010166594916353e-35,1.558378876869007e-33
5,TMEM107,11.438977,1.5503645,2.6701549457064764e-30,1.1274109140293725e-28
5,UBALD2,15.774064,1.5502245,4.693052060439821e-56,4.46302030867734e-54
5,WWOX,4.6922994,1.5458758,2.701513125699995e-06,2.4271995981398184e-05
5,DERL3,3.9780467,1.5450144,6.94837437026363e-05,0.0005207405593155626
5,GMPPB,9.080128,1.5431206,1.084478689094828e-19,2.7339300851430546e-18
5,PGAP2,4.789546,1.5417881,1.6715920945348817e-06,1.539907507177037e-05
5,FAF1,11.315495,1.5408314,1.0998072918694834e-29,4.508188855412483e-28
5,FGFR1OP,8.218705,1.5395881,2.0571255228390746e-16,4.278571906755537e-15
5,PPP5C,10.122835,1.5386411,4.375526207410964e-24,1.3827647085117658e-22
5,COX8A,23.992044,1.5380454,3.366749960293737e-127,1.6258772034812272e-124
5,MZT2A,17.99634,1.53581,2.0812878116500142e-72,2.8090114582824014e-70
5,NUP155,8.27079,1.533937,1.330739649723032e-16,2.801714601770419e-15
5,TPI1,21.639778,1.531707,7.586768091065524e-104,2.0568793104435275e-101
5,MIR4435-2HG,12.273685,1.5309823,1.2541209173187764e-34,6.333515554178337e-33
5,SLC25A35,3.1100447,1.5305436,0.0018705909690506489,0.011254497776999883
5,ARPC5L,18.256979,1.5305037,1.820939211916692e-74,2.5351246947166305e-72
5,GADD45A,8.779389,1.5304972,1.6436461171708732e-18,3.904701809638753e-17
5,EXOSC8,14.204239,1.5278758,8.623446421484305e-46,6.48478974571327e-44
5,ANAPC11,18.419165,1.5269294,9.221687477668375e-76,1.3256497435920767e-73
5,FSD1,4.725494,1.5269246,2.2955658715532096e-06,2.075140520388858e-05
5,ATAD3A,5.735748,1.5252857,9.708290688541992e-09,1.1275991744110009e-07
5,NAA38,18.005367,1.5247549,1.7682540352907729e-72,2.4075518708692475e-70
5,HMGXB4,13.189717,1.5242682,1.0056174648239138e-39,6.094239016727981e-38
5,HRAS,10.118172,1.5224459,4.589056440001156e-24,1.4472853815419972e-22
5,AC068491.3,3.2601056,1.5219756,0.00111370760208187,0.006951001788680201
5,SH3GLB2,11.469419,1.5203844,1.879172742205868e-30,7.988939744615786e-29
5,TPGS2,13.199892,1.5176232,8.78611584896011e-40,5.335019303414737e-38
5,NEMP2,4.987433,1.5165281,6.118683621977105e-07,5.9468602108316475e-06
5,USP31,4.0381136,1.5165071,5.3882801746423046e-05,0.0004092788777529361
5,HINT2,13.680876,1.515477,1.3209285590903674e-42,8.953056792939909e-41
5,MED20,3.561974,1.5144994,0.0003680767284098823,0.00248333277558704
5,LIN52,4.152648,1.5128701,3.286498991473555e-05,0.00025728425615368077
5,AP002360.1,3.7460322,1.5101578,0.00017965349531664382,0.0012708973631841405
5,DCTN3,15.934068,1.5068718,3.6764375829862955e-57,3.653622391554901e-55
5,NUP188,7.7081556,1.5026952,1.2764897184111503e-14,2.375223824619712e-13
5,DHRS13,2.6181657,1.5017936,0.008840385175168152,0.04661828776811501
6,CD207,22.99233,9.062315,5.562071265144369e-117,2.4383962637137167e-115
6,IL22RA2,5.4583797,7.954529,4.804988772440139e-08,2.069218169009438e-07
6,CD1E,47.16778,7.61882,0.0,0.0
6,FCER1A,56.57721,7.1414413,0.0,0.0
6,SCN4B,10.132599,6.604895,3.959838152360646e-24,2.976330685189943e-23
6,CD1A,27.121328,6.594759,5.518476638645097e-162,4.060941844538191e-160
6,CD1C,53.59058,6.245169,0.0,0.0
6,AL138899.1,39.76641,6.083331,0.0,0.0
6,SYT2,9.663077,6.053676,4.326692407842209e-22,3.0600705320178293e-21
6,PKIB,54.72682,5.97574,0.0,0.0
6,AC098679.1,10.831609,5.595193,2.4383445301359174e-27,2.0123341626945473e-26
6,CD1B,15.870849,5.5499444,1.0086723254295879e-56,1.6680061830953595e-55
6,HLA-DQB2,17.470675,5.527781,2.396418499586972e-68,4.882406497477557e-67
6,CDH17,10.276855,5.5018272,8.960371042849788e-25,6.85999969832446e-24
6,LINC00472,6.195164,5.4837565,5.822437482153506e-10,2.727816814626624e-09
6,FCAMR,3.376551,5.312247,0.0007340076605906826,0.0025384328931270256
6,ELAVL4,13.10133,5.3044806,3.235374972720638e-39,3.6282922453511165e-38
6,TRPC6,9.739606,5.234825,2.0434484471294432e-22,1.4582512388693075e-21
6,CFAP73,7.944111,5.194212,1.9558855622746926e-15,1.1259183287991045e-14
6,CLEC4F,13.333225,5.092348,1.4834246102484822e-40,1.708841014869543e-39
6,ASCL4,6.4651723,5.0343976,1.0118345459762107e-10,4.890955632231271e-10
6,HLA-DRA,63.28543,4.8541265,0.0,0.0
6,CLEC10A,54.71034,4.7718005,0.0,0.0
6,TSGA10IP,2.4828556,4.738611,0.013033393576044832,0.04090820506294482
6,PARM1,29.077856,4.714785,6.841624732841041e-186,6.755721904725817e-184
6,RASAL1,6.7777123,4.5947847,1.2209349011698465e-11,6.109022986960733e-11
6,SLC4A3,7.6817985,4.5756927,1.5687056542681462e-14,8.735853271435242e-14
6,NPFFR1,6.7191076,4.5549397,1.8284078035216965e-11,9.092614639331468e-11
6,KIF17,7.8540006,4.528597,4.029721714710738e-15,2.292409516594235e-14
6,NDRG2,49.100216,4.507299,0.0,0.0
6,HLA-DQA1,61.40988,4.4844737,0.0,0.0
6,CCL17,3.565093,4.4687247,0.00036372698057703215,0.001282860868275058
6,HLA-DPA1,64.32013,4.465105,0.0,0.0
6,TGM5,3.1528487,4.4303355,0.0016168551139892262,0.005454878398435216
6,CST3,60.64647,4.3584304,0.0,0.0
6,HLA-DPB1,64.24945,4.327921,0.0,0.0
6,AXL,47.542774,4.277734,0.0,0.0
6,S100B,34.42818,4.2611837,9.552440370082227e-260,1.9423504902508644e-257
6,HLA-DQB1,62.651745,4.250643,0.0,0.0
6,PLD4,52.875298,4.2326813,0.0,0.0
6,AC091564.6,2.5520551,4.2313585,0.01070895949718426,0.03390512304645297
6,PLEK2,16.853338,4.230579,9.91553339678063e-64,1.8607127546709104e-62
6,HLA-DRB1,61.23451,4.2245264,0.0,0.0
6,MEIKIN,5.8238015,4.213413,5.752387597065445e-09,2.584518730375079e-08
6,SFTPD,3.8637094,4.021942,0.00011167805851706592,0.0004054544525533838
6,AC134312.5,2.7667615,3.9962,0.005661615707728337,0.018359412095137938
6,CCNB2,15.989685,3.9764788,1.5079067605263975e-57,2.537010029808893e-56
6,HPGDS,28.571909,3.9692986,1.5012329786628239e-179,1.3371356677674897e-177
6,ST18,12.609232,3.9357064,1.8781484149960843e-36,1.9683937966186494e-35
6,PALD1,33.156742,3.916182,4.5278890894434325e-241,7.996769604995895e-239
6,AL390729.1,10.183019,3.9139974,2.361203699087198e-24,1.787355442755034e-23
6,NCKAP5,13.271887,3.8842938,3.369880850326119e-40,3.8503847482820464e-39
6,KCNK17,8.517483,3.8457458,1.6305855938447272e-17,1.0017195179677795e-16
6,KCNE5,3.5947165,3.8447177,0.0003247449547169427,0.0011498330066945293
6,CDC20,12.454847,3.8438113,1.3160312717032503e-35,1.3499694163469086e-34
6,IQGAP3,7.8345532,3.8227491,4.70512663211856e-15,2.6677921265618846e-14
6,SNX7,21.286264,3.8203316,1.5218889035596216e-100,5.226335593590803e-99
6,EHF,12.0110655,3.8158376,3.108144015754445e-33,2.9935620783709143e-32
6,CD74,60.778046,3.8016975,0.0,0.0
6,HMMR,13.8606415,3.7979016,1.0968961551616182e-43,1.3725412739910985e-42
6,AC074327.1,13.640442,3.7716777,2.3016080109523607e-42,2.7820022993548926e-41
6,ZNF366,12.67169,3.7470613,8.486649693563136e-37,8.992008298901468e-36
6,FAM178B,5.212155,3.735897,1.8665962108634858e-07,7.834178311944291e-07
6,HLA-DRB5,55.192253,3.7304285,0.0,0.0
6,TRPM4,22.063238,3.7196062,7.12923862145251e-108,2.7371848207855e-106
6,TMEM97,28.98062,3.6805959,1.1547367371643026e-184,1.1223096960860723e-182
6,CACNA2D3,32.350723,3.6504743,1.3552896009285746e-229,2.137139576321401e-227
6,GNAI1,16.485497,3.6493573,4.6644597168695137e-61,8.376784222503548e-60
6,CKM,5.53874,3.640522,3.0465534496990547e-08,1.325261470370847e-07
6,LINC02381,9.802382,3.6264327,1.0996139203421308e-22,7.918398750236309e-22
6,FFAR4,13.99361,3.6057045,1.7053027762548866e-44,2.1716437126374035e-43
6,FCGBP,21.82092,3.5924165,1.4687442043057684e-105,5.3912680668026584e-104
6,ERC2,2.9816008,3.5853553,0.0028674571087230908,0.009502948408675162
6,BEND6,6.154095,3.5811963,7.550723581638787e-10,3.5151410413874073e-09
6,PIGR,22.874577,3.5765915,8.323120068932035e-116,3.5927747481910946e-114
6,CCDC26,7.0853844,3.57404,1.3865896648421032e-12,7.178446695355927e-12
6,UNC5B,21.853613,3.5512712,7.181994757364184e-106,2.65837020318389e-104
6,SLC18A2,3.6071174,3.5487463,0.0003096176364012716,0.0010974027853502411
6,DEPDC1,8.626128,3.5149431,6.3463640772608185e-18,3.9418624303838444e-17
6,ANLN,9.863047,3.4994073,6.019450230740249e-23,4.380578014633597e-22
6,MMP12,6.6873894,3.4988837,2.2718699217331165e-11,1.124546503379331e-10
6,CEP55,15.528226,3.492024,2.234775752352026e-54,3.51502362228723e-53
6,C1QB,39.984463,3.480174,0.0,0.0
6,C2orf91,2.7359564,3.4801333,0.006219926778002407,0.020104505012311272
6,BIRC5,17.156326,3.4761462,5.636871196678889e-66,1.1033488161859051e-64
6,ITGB1BP2,2.732725,3.460365,0.006281277487431665,0.02029431771942823
6,SEZ6L,5.778829,3.460149,7.522239231783758e-09,3.3630818448826937e-08
6,C1QC,38.251934,3.436747,0.0,0.0
6,ENHO,12.829297,3.4287136,1.1237948628772976e-37,1.2169981719323278e-36
6,AIF1,52.708603,3.4217649,0.0,0.0
6,C1QA,41.769897,3.4105556,0.0,0.0
6,FILIP1L,35.28635,3.410515,9.510909206920472e-273,2.1147746104913024e-270
6,RNF175,8.317515,3.4019475,8.98261025315083e-17,5.381382731035718e-16
6,CENPA,10.124616,3.3926613,4.296649411237779e-24,3.226349449784403e-23
6,TRIM36,10.070154,3.3798513,7.486092890182345e-24,5.59411685098805e-23
6,LINC02206,4.182825,3.3789635,2.8790901001834665e-05,0.00010833216182903627
6,KIF20A,6.4336667,3.3768969,1.2456167751055972e-10,5.996616459219423e-10
6,UBE2C,13.259212,3.375738,3.990691495739122e-40,4.547946241106528e-39
6,SHCBP1,16.369516,3.3736358,3.1571034871853146e-60,5.5853805082104475e-59
6,P2RY6,33.30736,3.3597152,3.020807094307298e-243,5.3967679111997496e-241
6,DCLK2,6.036518,3.3533642,1.5747515877025816e-09,7.227628054814922e-09
6,TIFAB,14.475193,3.3515563,1.7383748223564643e-47,2.3741913669717736e-46
6,CCNB1,16.067745,3.351475,4.294264802514263e-58,7.312553292083103e-57
6,TK1,17.988558,3.3282192,2.395136519511455e-72,5.2058005913179e-71
6,MND1,11.397692,3.3212075,4.293535466888102e-30,3.8023008789429966e-29
6,PCLAF,21.85755,3.320045,6.588795599130723e-106,2.4446567296798712e-104
6,TROAP,12.221865,3.3155928,2.3757132112089623e-34,2.351895202397034e-33
6,DLGAP5,11.83136,3.313758,2.6875166808373484e-32,2.515538402623862e-31
6,CDKN3,15.560866,3.2975533,1.3426931240693147e-54,2.1205220432095204e-53
6,CCL22,5.0617213,3.2820647,4.1548837673853375e-07,1.7190762061389374e-06
6,DLEU7-AS1,4.1729074,3.2801716,3.0073738051905922e-05,0.00011303526960601438
6,PALLD,43.344604,3.2760546,0.0,0.0
6,KIF4A,11.166813,3.2495363,5.926956107472443e-29,5.108322153197177e-28
6,CDK1,13.580406,3.2488627,5.2335443382082825e-42,6.26464581181268e-41
6,YWHAH,56.203243,3.2445724,0.0,0.0
6,CYP2S1,18.49784,3.2391915,2.1491607648058538e-76,5.070542882278972e-75
6,MKI67,17.7202,3.2371476,2.9286797017709493e-70,6.182834941436799e-69
6,AC008759.3,3.4727566,3.236727,0.0005151423096339576,0.0018016864732213111
6,ETV5,30.194162,3.2322698,2.8257256346725936e-200,3.270962628869882e-198
6,FAM149A,2.9242609,3.2304695,0.0034527538270581223,0.011370725895885496
6,GTSE1,12.312984,3.2194817,7.711749615958713e-35,7.753644937554845e-34
6,MS4A6A,50.41044,3.2164571,0.0,0.0
6,GSN,55.776924,3.214975,0.0,0.0
6,GEM,8.644149,3.2072499,5.420767623306159e-18,3.3750939752925754e-17
6,CDCA3,10.259673,3.2060463,1.0706820032660591e-24,8.17883555979834e-24
6,LAMP3,7.578116,3.2030382,3.5060933283700446e-14,1.9274782372809136e-13
6,IL18,50.459988,3.1976602,0.0,0.0
6,KCNMB1,34.88501,3.197477,1.2549084598820718e-266,2.6565380664092595e-264
6,PLK1,9.409766,3.1902502,4.9724253900377214e-21,3.415172256219908e-20
6,BUB1B,11.677902,3.1772768,1.6532580681734036e-31,1.5175897568469077e-30
6,MOCOS,5.9858685,3.1666527,2.152379739614668e-09,9.824782249633812e-09
6,WASF3,3.0937173,3.1639287,0.001976657278833311,0.006626808386690656
6,KIF2C,10.417197,3.1405034,2.069618546580376e-25,1.6112267108100673e-24
6,CHRNA6,2.9278352,3.1387115,0.0034133101136646564,0.01124521431966828
6,CDCA2,9.566304,3.1347814,1.1079598437340621e-21,7.74920002043192e-21
6,HTR7,7.116815,3.1337314,1.1044933826200296e-12,5.736275748048606e-12
6,FGD5,9.289897,3.1290445,1.5443810955497473e-20,1.0446965751839798e-19
6,AC009005.1,8.80757,3.1256785,1.2788768690513774e-18,8.13799616878133e-18
6,TLR10,29.729393,3.1208944,3.202782032843932e-194,3.4978227663995546e-192
6,IGSF6,53.32403,3.1186538,0.0,0.0
6,TOP2A,16.147043,3.1149576,1.191374281068598e-58,2.0502118543979487e-57
6,HIST1H3B,6.348113,3.1142697,2.1797214245423143e-10,1.039158569617913e-09
6,GPR84,17.897863,3.111742,1.2253380728873352e-71,2.6409709775961553e-70
6,CTTNBP2,18.97151,3.1106348,2.9335353644593387e-80,7.419539894381734e-79
6,KIF14,10.496907,3.1094708,8.925682982715816e-26,7.015922786032495e-25
6,CCSER1,12.785204,3.1086752,1.983420522890507e-37,2.13222880351224e-36
6,ANKRD65,7.2035294,3.1066172,5.867372264150585e-13,3.0767369285392287e-12
6,PAK1,51.665222,3.097056,0.0,0.0
6,HLA-DMA,56.657562,3.0924037,0.0,0.0
6,LYZ,40.973896,3.0920424,0.0,0.0
6,AURKA,14.507441,3.088774,1.0870094290775063e-47,1.4938283870386166e-46
6,TENM4,3.4860036,3.0869853,0.0004902944073222886,0.0017163358531102019
6,SPC25,9.81232,3.0776153,9.965048679434635e-23,7.184272440757786e-22
6,DOK5,2.9247932,3.07668,0.0034468513391894603,0.011352497265593418
6,NCAPG,12.065927,3.0741346,1.5985267383943e-33,1.5492526153512898e-32
6,ARHGAP22,30.842653,3.0719764,7.027921574015416e-209,8.938764283460679e-207
6,HIST1H3G,6.163606,3.0708992,7.11067041371866e-10,3.3157738454556823e-09
6,ZBTB46,15.39482,3.069186,1.7731550978262328e-53,2.7374078226031658e-52
6,AURKB,11.910636,3.0665505,1.0417919522866594e-32,9.892062632664758e-32
6,FAM3B,3.1225135,3.0649874,0.0017931388496472492,0.006030526923400167
6,TVP23A,4.5619607,3.0561824,5.067816548623783e-06,1.9864426895157294e-05
6,NEK2,7.8197465,3.0493467,5.292975233759574e-15,2.9961535814982993e-14
6,PPP1R14A,16.923382,3.0438032,3.0254987570070632e-64,5.726214946896345e-63
6,NCAPH,12.046906,3.0410628,2.013654927617039e-33,1.9479196509502291e-32
6,FLT3,14.596376,3.0323884,2.961732382268705e-48,4.1177806000350367e-47
6,GUCY1B1,9.85627,3.0284274,6.439723477948761e-23,4.684220605623968e-22
6,AC011944.1,3.9840324,3.0241406,6.775561196738324e-05,0.00024935969267395974
6,AL035446.1,14.6199045,3.0150106,2.096937511408138e-48,2.922003952438743e-47
6,TMEM52B,8.11701,3.0077128,4.778073917969257e-16,2.8080610492997877e-15
6,GPAT3,37.74846,3.004046,0.0,0.0
6,CTSV,4.038847,2.9987972,5.37145796086897e-05,0.00019877352873153408
6,WNT5A-AS1,2.8361988,2.9772148,0.004565401288260977,0.014909431278136308
6,NPC2,53.7978,2.9737625,0.0,0.0
6,GAPT,45.991753,2.9645426,0.0,0.0
6,KCNK13,12.122673,2.9638257,8.010332375205516e-34,7.814878242439296e-33
6,GRIP1,6.3724957,2.960854,1.8597649882837568e-10,8.901929145560797e-10
6,TPX2,14.585769,2.953396,3.4600189360432747e-48,4.808399516919491e-47
6,GUCY1A1,13.507093,2.953295,1.4201772015537894e-41,1.677241756531256e-40
6,PIMREG,5.717331,2.9439592,1.082102218515503e-08,4.8052490327095765e-08
6,NUSAP1,19.223293,2.943317,2.3628189280180474e-82,6.1626704310762685e-81
6,CA2,25.677801,2.9312475,2.069266975023961e-145,1.3052007019809297e-143
6,AC098613.1,5.9729953,2.9280274,2.32936803705014e-09,1.061855131579774e-08
6,BHLHE41,27.79429,2.9231231,5.0848681582571674e-170,4.0714512996698e-168
6,AC023043.1,3.2897058,2.9197156,0.0010029218025254816,0.0034334630206751286
6,DIAPH3,10.774422,2.917355,4.546307996297592e-27,3.729106720848452e-26
6,ESCO2,12.614259,2.916817,1.7620674918819727e-36,1.8473616001219854e-35
6,AKAP6,5.473255,2.915808,4.4184361471289754e-08,1.9066135563415663e-07
6,CKAP2L,11.055068,2.915375,2.0717912494033097e-28,1.7610795419501674e-27
6,CENPF,19.972105,2.913054,9.630649563130248e-89,2.7383117391689654e-87
6,DEPDC1B,8.434569,2.9088457,3.324244056996217e-17,2.0212947288920338e-16
6,E2F8,6.9761624,2.9081426,3.0335247329837107e-12,1.5515000649069593e-11
6,MELK,10.348367,2.9060314,4.256840683385681e-25,3.290799774922492e-24
6,PRC1,14.632333,2.9041479,1.7469205933454316e-48,2.44308030672069e-47
6,TYMS,17.190546,2.8958766,3.125727887606732e-66,6.145475306759622e-65
6,ENPP2,28.652765,2.895731,1.4807738965582263e-180,1.3500377233311238e-178
6,ASPM,13.044169,2.8950331,6.860036147341857e-39,7.632222361623282e-38
6,AL590226.2,4.0488787,2.893534,5.146363676353289e-05,0.0001906949552152633
6,CSF2RA,47.3723,2.8875153,0.0,0.0
6,OIP5,8.164685,2.8829045,3.22274738488855e-16,1.9034101552598972e-15
6,TNFAIP8L3,2.4726052,2.878907,0.01341322484122243,0.04205341247389548
6,AC109630.1,2.8728135,2.8778439,0.0040683437078070355,0.013327005720953052
6,AUNIP,3.971588,2.8757133,7.139515831926855e-05,0.0002622857670478584
6,DACT3,9.004202,2.8689384,2.1723969139927004e-19,1.420098803315829e-18
6,PRR15,8.995932,2.8625145,2.3423737117898443e-19,1.5283036586508069e-18
6,MMP2-AS1,5.119925,2.8619175,3.0565749474071106e-07,1.272488710930921e-06
6,ZWINT,17.82577,2.8588192,4.4591508731767585e-71,9.544250418093772e-70
6,TICRR,3.8150952,2.858505,0.0001361304028049657,0.0004918613934408551
6,CCND1,27.007809,2.8563583,1.1966029932100599e-160,8.701978520269017e-159
6,TTK,9.207359,2.8502798,3.342449717864412e-20,2.237493901451925e-19
6,FCGR2B,41.952274,2.847563,0.0,0.0
6,HAMP,19.053608,2.8419378,6.132537736641614e-81,1.567728236777356e-79
6,HMGB3,21.792097,2.8414338,2.7573569804525904e-105,1.0073478982842579e-103
6,NEXMIF,2.7992866,2.8390527,0.005121564377401274,0.01666584441064868
6,CD1D,42.915756,2.8382323,0.0,0.0
6,SPINT2,51.601154,2.8294373,0.0,0.0
6,HIST1H1B,11.761238,2.8242402,6.18207795239174e-32,5.741270531086884e-31
6,CDC25C,4.868185,2.820959,1.1262780274245e-06,4.566427258770697e-06
6,KIF11,13.967857,2.8160937,2.4488299304416703e-44,3.1044293133782074e-43
6,C1orf54,37.7138,2.8138516,0.0,0.0
6,POLQ,9.905157,2.8075817,3.953479963302222e-23,2.892075863332113e-22
6,TMEM26,4.372391,2.8011599,1.2289299303963662e-05,4.71247361771222e-05
6,CIT,10.226787,2.8003335,1.5042839244241711e-24,1.1440182886854788e-23
6,RAB32,49.47305,2.799311,0.0,0.0
6,CTSH,53.733753,2.7992535,0.0,0.0
6,EME1,4.614394,2.7977867,3.942435697671177e-06,1.554789589229591e-05
6,RAD51AP1,19.805204,2.7894418,2.684669399617019e-87,7.488725373101373e-86
6,HLA-DOA,40.00436,2.782753,0.0,0.0
6,CCDC189,13.771211,2.778218,3.797925493473512e-43,4.685927474123187e-42
6,MS4A4E,9.424507,2.7610571,4.321309400095266e-21,2.971933903621371e-20
6,TACSTD2,11.410481,2.7560856,3.706704544920343e-30,3.286377434591309e-29
6,NAV1,26.634834,2.7549987,2.6822208198751205e-156,1.888368994985885e-154
6,KIF15,10.255657,2.7532678,1.1161432870069086e-24,8.521897374387974e-24
6,SDSL,30.350883,2.7521625,2.4458922536282737e-202,2.8853126672858417e-200
6,GINS1,8.859881,2.7486215,8.009968848651938e-19,5.131925937091324e-18
6,U62317.5,15.643219,2.7485018,3.695622872253131e-55,5.908981692329412e-54
6,CPED1,29.826494,2.7478428,1.771656820224853e-195,1.9555927622389118e-193
6,SERPINF2,11.019751,2.7458665,3.0690779737326505e-28,2.597371109916622e-27
6,EBI3,14.264825,2.744337,3.624989115240863e-46,4.804354141713094e-45
6,RRM2,11.159588,2.7418602,6.428860768526245e-29,5.536271935715816e-28
6,MYBL2,10.143482,2.741152,3.5424256430300284e-24,2.665832708768665e-23
6,AC010997.5,4.3426175,2.7408075,1.4079503002844241e-05,5.3815879212083474e-05
6,FAM72C,2.9385319,2.7375948,0.0032977070223988952,0.010878666980604404
6,SYCE2,2.4882462,2.7364557,0.012837481472886637,0.04030147687988901
6,FOXM1,11.896283,2.7326326,1.2373602831794597e-32,1.170945936075553e-31
6,TNNI2,23.99024,2.7321835,3.5159865859438135e-127,1.7498968987401844e-125
6,SEMA4C,23.940048,2.7299333,1.1731562450604409e-126,5.792131000971733e-125
6,COL8A2,14.090876,2.7297873,4.32172199319341e-45,5.584091205837321e-44
6,NUF2,12.1805105,2.7272255,3.94803444682223e-34,3.887285780437549e-33
6,MTFR2,8.474433,2.7268765,2.362273094951435e-17,1.4446136633491095e-16
6,MRC2,20.283783,2.7209313,1.7883680164833998e-91,5.335240375043672e-90
6,NRARP,3.1115832,2.7202117,0.0018608699023129835,0.006251511529433411
6,SH3BP4,7.225951,2.7194836,4.976059769571366e-13,2.6151178251682063e-12
6,KIF23,9.708193,2.7161725,2.782266548194249e-22,1.978635807755169e-21
6,HJURP,7.8347898,2.7082608,4.696284879739009e-15,2.6632674638182304e-14
6,KCNQ3,5.8855696,2.6960828,3.966860250543424e-09,1.7916666632112465e-08
6,FAM111B,8.918336,2.6859877,4.733470155495046e-19,3.0567773108208396e-18
6,BCL7A,20.698622,2.6838613,3.5641613337640604e-95,1.1344751219633966e-93
6,ALDH2,46.118786,2.6830492,0.0,0.0
6,DNAAF4,8.89942,2.6829634,5.613952841336779e-19,3.617815689474475e-18
6,ST14,33.88237,2.681349,1.21145703223627e-251,2.2287203866265713e-249
6,TUBA1B,52.412125,2.6808772,0.0,0.0
6,CENPN,15.61782,2.6798477,5.505641629048681e-55,8.766762793869529e-54
6,CENPI,5.244461,2.6781666,1.56739679278162e-07,6.60623655727554e-07
6,AC025048.4,3.9114351,2.6758497,9.17493111872814e-05,0.0003348719840417225
6,SPAG5,10.416126,2.6722915,2.0930450381509166e-25,1.6286440834373207e-24
6,LST1,48.598225,2.6706753,0.0,0.0
6,CCNA2,11.491123,2.668511,1.461978150590437e-30,1.3104802407279187e-29
6,BATF3,22.819933,2.6597385,2.907413655486545e-115,1.2480476923628145e-113
6,AC015712.2,4.59716,2.6590948,4.2828882314633265e-06,1.6866873925820214e-05
6,SLC8A1,45.286976,2.6567066,0.0,0.0
6,GPC4,5.8155193,2.6532674,6.044595244857018e-09,2.7118639168645067e-08
6,OLFML3,14.581735,2.6514678,3.670683012281758e-48,5.092001789075058e-47
6,ABCB4,11.640112,2.646537,2.576783779217642e-31,2.356232433854428e-30
6,NET1,18.842669,2.641652,3.375180051628143e-79,8.33200398208235e-78
6,DNAJC12,3.5845346,2.636832,0.00033767963060782943,0.001194536378985485
6,PPM1J,5.056714,2.63479,4.265418351516292e-07,1.7629217035345552e-06
6,EPB41L2,39.046585,2.62964,0.0,0.0
6,CTNND1,41.466885,2.6287785,0.0,0.0
6,CENPW,22.525684,2.6286268,2.3254292674216237e-112,9.673222391413207e-111
6,MMP15,3.496,2.6265717,0.00047228847932704026,0.0016551785951424008
6,GGH,17.288008,2.6237676,5.791933775655588e-67,1.1526806001557455e-65
6,P2RY12,3.5692935,2.62373,0.0003579453913442434,0.0012630458054888152
6,TRIP13,8.8337145,2.62289,1.012562636689174e-18,6.464629913685664e-18
6,TSPAN33,32.086056,2.6205122,6.899958822454834e-226,1.0203685517971846e-223
6,APOC2,10.504219,2.6165752,8.26035287536343e-26,6.496252578087978e-25
6,SPINT1,28.422123,2.611138,1.0776817200022592e-177,9.277969058526414e-176
6,MNS1,4.868661,2.5981002,1.1235711720245394e-06,4.556647974512851e-06
6,CDCA5,9.849919,2.5955355,6.8598897380912e-23,4.986326720018455e-22
6,UHRF1,12.628316,2.5930645,1.4739914509161892e-36,1.5516571448728426e-35
6,LGALS2,34.94137,2.5929372,1.7512746576803472e-267,3.7587948503421176e-265
6,GPR160,28.030802,2.5924957,6.84785265331256e-173,5.643908852158168e-171
6,DEPDC7,3.4268122,2.5874958,0.0006107111277734098,0.0021238946458860693
6,SKA3,9.037781,2.5815177,1.5988484273334768e-19,1.0487183434549187e-18
6,PKMYT1,7.566039,2.5775833,3.8477693282730073e-14,2.1130598192774316e-13
6,BASP1,41.787163,2.57644,0.0,0.0
6,C15orf48,26.899286,2.5716736,2.2388555963037365e-159,1.612967597085305e-157
6,RGS12,31.248457,2.5715497,2.3428935683846967e-214,3.148339631220253e-212
6,LAMP5,9.65847,2.5681453,4.525736712818379e-22,3.200113122468031e-21
6,SPC24,9.952222,2.5665116,2.4661442792722982e-23,1.814788600939736e-22
6,SPI1,47.855503,2.5642605,0.0,0.0
6,AL391069.3,10.2859745,2.5619802,8.151297415541192e-25,6.2545220760211434e-24
6,CLDN1,3.5385787,2.554522,0.0004022873024672694,0.0014153094658344786
6,SAMMSON,3.2703385,2.5496118,0.0010741880656613585,0.0036697170935553894
6,RIBC2,3.3000772,2.5471063,0.0009665820777995059,0.0033130921901463155
6,NIPSNAP3B,8.508477,2.546636,1.7623302659593214e-17,1.0811500899167278e-16
6,AL161935.3,9.301129,2.5459428,1.389622356386111e-20,9.406276427688465e-20
6,RPS6KL1,4.382292,2.5407202,1.1743750140359525e-05,4.509430806163397e-05
6,LPCAT2,41.909966,2.5351632,0.0,0.0
6,RNASE6,46.654312,2.5254729,0.0,0.0
6,PRKAR2B,28.20935,2.5242841,4.4905390335993256e-175,3.771442660637347e-173
6,CDC25A,3.5571625,2.5182505,0.00037488233234429075,0.0013209996859839237
6,SLC8A1-AS1,3.130428,2.5171955,0.0017455169946519748,0.0058754839635927454
6,MOB3B,23.777477,2.5085084,5.712362904907142e-125,2.7457542815235622e-123
6,HLA-DMB,48.988113,2.5074015,0.0,0.0
6,ALCAM,40.4423,2.5071397,0.0,0.0
6,HIST1H2AJ,4.3528037,2.5069122,1.3440739350527038e-05,5.142522048857875e-05
6,RAD54L,4.4667006,2.506451,7.94352729942886e-06,3.078888866860394e-05
6,DNAJC5B,7.6267285,2.4988935,2.4078590767221433e-14,1.331538745468801e-13
6,MYCL,25.659904,2.4982529,3.2781335533980704e-145,2.0634882634393923e-143
6,HIST1H3F,3.900407,2.4947577,9.603106269256088e-05,0.00035016895406311696
6,CST6,8.075648,2.4935367,6.711888505351432e-16,3.922926210947366e-15
6,KIFC1,11.215133,2.4892766,3.436720608795876e-29,2.9819967393614303e-28
6,CDC45,7.356795,2.4799905,1.883788265685007e-13,1.0062606969845577e-12
6,E2F7,4.971497,2.4766128,6.643784694254848e-07,2.7229737905494576e-06
6,ADGRE3,13.51749,2.4752266,1.2331144468948487e-41,1.4591067461783723e-40
6,SNCA,24.426294,2.4749901,8.990639343161342e-132,4.774462030568516e-130
6,CLECL1,30.938004,2.471045,3.684102527563779e-210,4.804411680144039e-208
6,ABCC4,24.009027,2.463543,2.238196520710904e-127,1.1193517777607105e-125
6,GHRL,23.823446,2.46166,1.9090800160852907e-125,9.219365008929387e-124
6,CLSPN,14.39364,2.4606829,5.67305203163953e-47,7.653296339671886e-46
6,KHDRBS3,5.9432096,2.4604445,2.794942710885546e-09,1.269409175096834e-08
6,AC015917.2,4.74303,2.4571285,2.1054492608459095e-06,8.416866957470774e-06
6,PPA1,49.38245,2.4539146,0.0,0.0
6,PTGS1,27.267096,2.4521182,1.042157778567673e-163,7.76143866558821e-162
6,IL1A,2.6093016,2.4473474,0.009072722703798834,0.028929190199763803
6,ORC1,5.9956217,2.4420195,2.0270858201121023e-09,9.262439598197036e-09
6,CARD9,29.68949,2.4411643,1.0494983757298986e-193,1.1223822248679575e-191
6,EXO1,4.156379,2.438236,3.233310852336313e-05,0.00012129134423250204
6,LINC02285,4.3340917,2.4380789,1.463631343802165e-05,5.586816591687478e-05
6,KNL1,13.6264105,2.4356024,2.7896867791406066e-42,3.368001925113232e-41
6,SAPCD2,6.8857484,2.4353693,5.748446741285498e-12,2.9097157457076792e-11
6,ADAMDEC1,9.196764,2.4335275,3.6889287799193724e-20,2.4656946756264713e-19
6,SGO1,12.465538,2.4330885,1.1509201293948972e-35,1.1833495821426509e-34
6,SKA1,8.025933,2.4325924,1.0075719749387386e-15,5.854677012489489e-15
6,NT5DC2,18.118263,2.4325457,2.2870444909460018e-73,5.070709044595988e-72
6,PIPOX,4.5197043,2.4304788,6.1926037230408844e-06,2.4159909526385335e-05
6,CLEC11A,23.019377,2.4301953,2.982002860452975e-117,1.3128883533905997e-115
6,PXDC1,16.81663,2.4272177,1.8435341054517885e-63,3.4511271106722247e-62
6,LRMDA,29.995834,2.426793,1.1121382578018989e-197,1.2453933744160612e-195
6,GRASP,18.215843,2.426577,3.86424702205265e-74,8.711326237095641e-73
6,AC025569.1,4.013446,2.4229715,5.9838757543512646e-05,0.00022077551383518508
6,CDCA8,10.008697,2.4196057,1.3957905930253737e-23,1.0342771483729375e-22
6,KIF24,2.6683397,2.4183776,0.00762271224169362,0.02443172946738823
6,ALOX5AP,42.2337,2.41685,0.0,0.0
6,CIITA,41.340767,2.4161038,0.0,0.0
6,RTN1,26.860954,2.4143157,6.282369481730323e-159,4.5050856977224845e-157
6,SPINT1-AS1,10.16717,2.4101396,2.7786712209662168e-24,2.0966892438086637e-23
6,FAM72B,4.893038,2.4079065,9.929130948209241e-07,4.03789013442504e-06
6,ZNF503-AS2,2.7468224,2.4052022,0.006017570376033532,0.019478953457485168
6,DTL,7.28707,2.4049113,3.167686060492707e-13,1.677869290002538e-12
6,SSPN,15.919106,2.4048831,4.6700422947594774e-57,7.789368440589917e-56
6,AL136987.1,4.8429165,2.4035585,1.2794699431792632e-06,5.17396016405096e-06
6,PPFIA4,4.8069468,2.4023097,1.5325265804645792e-06,6.167421747710775e-06
6,PTMS,42.94985,2.4013991,0.0,0.0
6,EPHB3,6.907469,2.3979948,4.9337699471836304e-12,2.5047310735480363e-11
6,VASH1,31.913162,2.3966906,1.7537088282115207e-223,2.544689143358379e-221
6,ADAM28,40.830303,2.3963685,0.0,0.0
6,ESPL1,4.489458,2.3934155,7.140460857791211e-06,2.778424068132355e-05
6,HIST1H2AL,6.6776175,2.3915548,2.4285802132118914e-11,1.200385873176714e-10
6,ANKRD22,12.135293,2.3866076,6.866412649916305e-34,6.713705022808075e-33
6,PON2,32.2115,2.385452,1.2182150840398368e-227,1.845655568746041e-225
6,DEPTOR,10.560907,2.380247,4.5227037228033947e-26,3.5878645780463173e-25
6,HIST1H2BH,10.605291,2.3792458,2.8158371980011165e-26,2.247071527978841e-25
6,TIGAR,33.95614,2.379135,9.90102131993578e-253,1.8546113086985164e-250
6,CBR3,11.435489,2.375185,2.7796572383516613e-30,2.4708330821321485e-29
6,PROCR,16.557056,2.37372,1.4239122512020734e-61,2.585714215505434e-60
6,MCM10,6.90211,2.3732436,5.12356247537891e-12,2.5993753353009844e-11
6,AC011899.2,18.962587,2.3716857,3.4762089491569084e-80,8.777711600620308e-79
6,HERPUD1,43.88022,2.3695245,0.0,0.0
6,PLEKHA7,9.190779,2.3671198,3.900062342629027e-20,2.60456410595582e-19
6,HIST1H1A,2.9814665,2.362234,0.002868714353775319,0.009506095693377698
6,P3H2,8.889118,2.3604312,6.159585423842627e-19,3.963654105656966e-18
6,TMEM14C,48.463676,2.3563519,0.0,0.0
6,CENPE,12.333657,2.3555448,5.967511884387133e-35,6.013625360637532e-34
6,MACC1,14.244757,2.3532689,4.83230605352867e-46,6.374395356227511e-45
6,AFDN,27.88835,2.347782,3.694121318316669e-171,2.996698361816622e-169
6,AC010173.1,2.5794652,2.3436716,0.009895341130643815,0.031412829532129045
6,CXADR,9.032887,2.3355408,1.6720067637772717e-19,1.096239139755285e-18
6,RTN2,11.659981,2.3317356,2.040889077430427e-31,1.8711883333177754e-30
6,AC099518.5,12.551295,2.3316507,3.9106116318742324e-36,4.062698275843257e-35
6,C17orf53,2.522795,2.3286202,0.011642627034134387,0.036740726336940116
6,CNFN,10.973578,2.320355,5.120470571573677e-28,4.305179106518707e-27
6,CLEC4A,40.23958,2.3201966,0.0,0.0
6,PSTPIP2,36.44573,2.318759,8.039733605188074e-291,1.9878723722843824e-288
6,PTGER3,3.7038598,2.3137982,0.00021234359612858745,0.0007594195239002837
6,SMCO4,37.93655,2.3123446,0.0,0.0
6,FAM72D,3.4397907,2.3121293,0.0005821639359716189,0.0020285164339430466
6,DHCR24,14.109487,2.3115466,3.319858306563537e-45,4.298569781355645e-44
6,SLC41A2,15.181484,2.3084507,4.6904771954265e-52,7.051000908513951e-51
6,UTF1,5.739057,2.3076508,9.520504931968713e-09,4.239917088362493e-08
6,TNFSF15,6.098953,2.3074458,1.0676575479585247e-09,4.936877892692119e-09
6,VSIG10,16.128658,2.3010082,1.6046635252111176e-58,2.7522383781187576e-57
6,EML1,4.468867,2.2983038,7.863506264670633e-06,3.0486375830679287e-05
6,C3,20.33337,2.2980347,6.516792234736065e-92,1.9554805592134715e-90
6,DZIP1L,5.5293984,2.2971554,3.2133039625457456e-08,1.3966191192575075e-07
6,IL1B,21.899818,2.2964444,2.608172228810279e-106,9.782861538330012e-105
6,UPK3A,6.8546576,2.2957919,7.148360072251254e-12,3.6070916694378694e-11
6,RNASEH2B-AS1,3.3687239,2.292786,0.0007551704010102472,0.0026092846935744786
6,TCTEX1D1,3.5058186,2.2879348,0.0004552052379565984,0.0015963949040649708
6,UBE2E2,31.584608,2.2856698,6.006983154698967e-219,8.2882959090304e-217
6,P2RY13,38.810673,2.284922,0.0,0.0
6,PARPBP,12.785961,2.2837312,1.9641967582904983e-37,2.1122974672402378e-36
6,TMEM255B,11.543106,2.2796848,7.998353034688192e-31,7.221884231466783e-30
6,SIGLEC12,8.871443,2.2755346,7.220395133113539e-19,4.635661661386375e-18
6,CRIP3,2.991895,2.2712617,0.002772517310027873,0.009195213274067119
6,P2RY14,13.375756,2.270788,8.379731281917854e-41,9.689201448942578e-40
6,TST,28.813019,2.2677283,1.4734682631455097e-182,1.371701313525249e-180
6,HLA-DQA2,19.755058,2.2610402,7.257270874267801e-87,2.0170905657463573e-85
6,DOCK1,10.021697,2.2603402,1.2238303850887682e-23,9.08816091108567e-23
6,PRR11,18.145676,2.2595384,1.389166190762603e-73,3.0910697953851525e-72
6,FGL2,40.42856,2.2554605,0.0,0.0
6,GATM,24.410984,2.2486005,1.3074400159110793e-131,6.931226170113847e-130
6,JAML,41.954815,2.2484505,0.0,0.0
6,ST3GAL6,27.581676,2.2459247,1.845952321895291e-167,1.4227642995715153e-165
6,ORC6,15.813343,2.244651,2.5174752803293974e-56,4.12553597503397e-55
6,CTSZ,45.97711,2.2433805,0.0,0.0
6,STMN1,28.919065,2.2397335,6.875710196974962e-184,6.538694617166311e-182
6,MPZL2,16.34405,2.2372992,4.795881027077703e-60,8.460404960267726e-59
6,HIST1H3C,2.6045265,2.2368953,0.009200127928898065,0.029317285689086762
6,GAS2L3,16.611265,2.232672,5.776277595325451e-62,1.0557505123520031e-60
6,GRN,40.316856,2.2319963,0.0,0.0
6,IMPA2,32.05985,2.2285576,1.6004991436712265e-225,2.355553668259362e-223
6,DPCD,14.390307,2.2276688,5.953106413439438e-47,8.024102046235182e-46
6,C3orf14,15.523765,2.224892,2.3957426354193273e-54,3.76437303675166e-53
6,ADGRG5,20.985804,2.217512,8.841662784376159e-98,2.9164276593032437e-96
6,PYCR1,4.9201097,2.2132213,8.64957781056653e-07,3.5286761007283496e-06
6,KIF18B,5.0951934,2.2085674,3.48385807552247e-07,1.4458923263082178e-06
6,TEDC2,4.979813,2.2082536,6.36457467640948e-07,2.6106159193601566e-06
6,OGFRL1,42.420223,2.2042968,0.0,0.0
6,ANOS1,3.1476142,2.203967,0.0016460877765252686,0.005551684298239466
6,AFF3,24.678919,2.2028844,1.8013315803185731e-134,9.906362126851627e-133
6,AL356056.2,2.8559015,2.1988244,0.0042914816344337735,0.014034157536286599
6,PLA2G4A,13.389316,2.1842546,6.982151124267082e-41,8.088356251788707e-40
6,AC079015.1,3.0893946,2.182398,0.002005649013799875,0.006721087939879945
6,CALHM6,37.726032,2.1812072,0.0,0.0
6,LGALS12,5.1880198,2.1795087,2.1254185139528644e-07,8.901126017715607e-07
6,AC090204.1,13.048212,2.1752336,6.505610375381749e-39,7.243115989622613e-38
6,MTHFD1L,19.921215,2.1748157,2.6644329431827856e-88,7.520514061639302e-87
6,RASAL2,16.30242,2.1733031,9.486125220363946e-60,1.663004379953423e-58
6,MCOLN2,23.490726,2.1690104,5.073682281516174e-122,2.365193035819312e-120
6,RGS10,50.200207,2.1687338,0.0,0.0
6,AC093627.4,10.857779,2.1648977,1.831506087570659e-27,1.5171899932604225e-26
6,PHACTR1,32.62911,2.1597636,1.5856422045447884e-233,2.620718909939346e-231
6,TRPV4,3.7527556,2.1587138,0.000174901361821655,0.0006290058633723402
6,HAAO,9.564856,2.1579993,1.123587158614426e-21,7.856721337397298e-21
6,IL1R2,9.154979,2.1558762,5.436856034820378e-20,3.6152519248750734e-19
6,CENPS,12.705,2.15482,5.546965045611558e-37,5.9015507285616666e-36
6,TMEM51,24.02585,2.154486,1.4932149142742336e-127,7.504194041540445e-126
6,CCDC88A,42.73658,2.1534657,0.0,0.0
6,FZD2,17.282677,2.1520677,6.353108784588293e-67,1.2627365479438608e-65
6,ZNF804A,6.4423666,2.148256,1.1762485825618851e-10,5.670615339454092e-10
6,SMOX,14.001188,2.1463146,1.5328665318581764e-44,1.9568899587005643e-43
6,FTCDNL1,10.894494,2.140844,1.2244578372351122e-27,1.0184154568198497e-26
6,CDT1,11.536306,2.1401103,8.656294399240805e-31,7.809109486203607e-30
6,ARPIN,25.2646,2.137559,7.828138696157611e-141,4.6349479441023615e-139
6,DNASE1L3,5.813074,2.1369812,6.133589038873898e-09,2.7509916764544418e-08
6,MYB,5.2146425,2.1319392,1.8417225199392612e-07,7.733983413554721e-07
6,AC004817.3,7.564517,2.13035,3.893077504088928e-14,2.1364230543124377e-13
6,CENPU,13.664242,2.1265092,1.660246024250504e-42,2.014653469631344e-41
6,PBK,4.8142705,2.1259153,1.47738428667048e-06,5.953261557773732e-06
6,ETS2,37.600296,2.1247115,2.125797424648627e-309,5.6155573507363355e-307
6,CENPP,11.273952,2.1245542,1.764681543117453e-29,1.5428857836812198e-28
6,ADAP2,38.87713,2.124228,0.0,0.0
6,B3GALNT1,9.387131,2.1220584,6.165688346545744e-21,4.221597911534987e-20
6,CTTNBP2NL,26.516563,2.1155097,6.244201705580761e-155,4.2982080649083427e-153
6,GSN-AS1,4.1756763,2.1116483,2.971020646059236e-05,0.0001116824800629443
6,CKS1B,23.362783,2.1089146,1.0218625828578174e-120,4.685861550205721e-119
6,PPP1R3G,3.5448813,2.103419,0.0003927899819826183,0.0013828408671986312
6,SLAMF8,29.414705,2.1013982,3.561773350022762e-190,3.645156587058063e-188
6,ASB2,23.582197,2.0950801,5.870269125706868e-123,2.76573792482046e-121
6,AC244090.1,22.126791,2.0945249,1.7456449391605274e-108,6.769466516265298e-107
6,CCDC112,30.847862,2.091742,5.983883066635462e-209,7.674019665581005e-207
6,CLEC5A,18.288483,2.091237,1.0222229987511595e-74,2.343757138160392e-73
6,BRI3BP,33.786736,2.0897849,3.0886524366747984e-250,5.6153518153122346e-248
6,C19orf81,2.8868337,2.0891213,0.003891399729255432,0.012766319014127761
6,MGST2,39.040855,2.0880277,0.0,0.0
6,CPVL,36.42607,2.087271,1.6462200634702512e-290,4.006277441076776e-288
6,CXorf21,28.05215,2.086354,3.7604380077781164e-173,3.107589772898349e-171
6,KIF18A,8.271878,2.0860639,1.3186534663747002e-16,7.867880827266961e-16
6,GCAT,5.577664,2.0824502,2.4376976418363654e-08,1.0652045951680552e-07
6,NECTIN2,24.239494,2.08055,8.533970982428702e-130,4.410692995885015e-128
6,MBOAT2,10.795389,2.0730472,3.6192604506967766e-27,2.9742218226451813e-26
6,JAM2,4.1210527,2.0696225,3.771449100863151e-05,0.00014079499620772725
6,BUB1,12.062197,2.0694544,1.6726212899544226e-33,1.6195396681898915e-32
6,APOL4,13.567574,2.0668576,6.23522474807802e-42,7.449249759909059e-41
6,KPNA2,27.103088,2.0641866,9.054699654153258e-162,6.615924402149284e-160
6,PLB1,13.962855,2.063887,2.62696347116028e-44,3.3261597707149023e-43
6,TSPYL5,5.9155765,2.0614808,3.3071530598885057e-09,1.4980826560453472e-08
6,CEACAM3,5.70444,2.0613441,1.167262327621779e-08,5.1707864067373264e-08
6,MIR99AHG,5.822973,2.060956,5.78099367345525e-09,2.5966163561325596e-08
6,KCNK6,37.064926,2.0583715,1.0324194167153123e-300,2.6590822427016796e-298
6,ZNF618,16.49484,2.0566974,3.996100114204885e-61,7.184843876075066e-60
6,ARHGAP5-AS1,4.1026254,2.055689,4.084886656933751e-05,0.00015216535121833366
6,SRR,13.222561,2.0513844,6.5012446316197475e-40,7.376430537058426e-39
6,OTULINL,39.74903,2.0504422,0.0,0.0
6,LINC00900,6.438951,2.0461657,1.2030193798428435e-10,5.795155856110157e-10
6,LRRK1,25.971956,2.0435863,1.0274098467008042e-148,6.629260152814562e-147
6,LACC1,21.723434,2.041822,1.2321687290770992e-104,4.485587621859352e-103
6,A2M,32.74007,2.0407796,4.204265681017039e-235,7.023850778551007e-233
6,CDK2AP1,4.7771964,2.0390186,1.7775595450775055e-06,7.128458915234263e-06
6,LY86,39.293125,2.0372155,0.0,0.0
6,MB21D2,8.717545,2.0371614,2.8429982861276804e-18,1.7873992682943087e-17
6,NR4A3,6.1403613,2.0330732,8.233410319738873e-10,3.824316392428153e-09
6,CDC6,6.383747,2.0324392,1.7280649362653917e-10,8.277945285981783e-10
6,STIL,7.113035,2.0278811,1.1351828465045812e-12,5.892693355209454e-12
6,MIR503HG,7.326033,2.0243156,2.3706493572491844e-13,1.262616916844745e-12
6,POC1A,10.33007,2.0241961,5.152335610985684e-25,3.9721435951293225e-24
6,CSF1R,38.965775,2.023643,0.0,0.0
6,PEA15,36.392662,2.0228343,5.561172432128083e-290,1.3428059090608022e-287
6,ZNF503,15.966118,2.0213091,2.200630246619361e-57,3.6844463181075076e-56
6,CD86,38.28585,2.0164692,0.0,0.0
6,RACGAP1,11.804018,2.0149505,3.7210807320160353e-32,3.4713987982016184e-31
6,GINS2,10.509102,2.0135176,7.843667440708645e-26,6.173267878532775e-25
6,RMI2,10.30452,2.0108519,6.7226993500580525e-25,5.166048453810149e-24
6,IQCD,3.580371,2.0107822,0.000343106740433023,0.0012127630405493414
6,HIST1H2AH,7.273633,2.0092845,3.4994532269359625e-13,1.8507460794816873e-12
6,TRAIP,4.8428364,2.0089617,1.2799869328996833e-06,5.174696682162264e-06
6,ZNF114,2.6554823,2.0044324,0.007919508367195927,0.0253567020724049
6,CENPM,13.055375,2.0040705,5.92172882912262e-39,6.600175727432124e-38
6,CCNE1,4.6480618,2.000128,3.3506870266115414e-06,1.3273479099139055e-05
6,B3GNT5,20.583588,1.999522,3.850984724751271e-94,1.2046800089867157e-92
6,LINC01480,13.98433,1.9992744,1.9429740758654769e-44,2.471255134270547e-43
6,DAPK1,29.819807,1.9990932,2.1631964643983574e-195,2.3792851645964427e-193
6,DTNA,5.817436,1.9985653,5.975702866895823e-09,2.6821238528485216e-08
6,IL13RA1,37.832397,1.9966973,0.0,0.0
6,ITGA9,7.6973066,1.9966401,1.3896404186317471e-14,7.748442435260943e-14
6,PADI2,11.30955,1.9954909,1.1769057275774984e-29,1.0316116086851318e-28
6,ADORA3,20.2178,1.994102,6.826049307082197e-91,2.013098339064785e-89
6,LRRC20,4.684694,1.9896328,2.803788518181169e-06,1.1151292205819764e-05
6,DSE,38.13477,1.9896187,0.0,0.0
6,FTL,40.971046,1.9883204,0.0,0.0
6,HDAC2-AS2,3.7154553,1.9867412,0.00020283807402281473,0.0007270226549719512
6,SLC12A5,5.271094,1.9854083,1.3561313409897595e-07,5.725167512084483e-07
6,ZNF385A,36.658424,1.9838448,3.359543918780089e-294,8.510936385060344e-292
6,SMAD6,3.1906598,1.9837947,0.0014194837474937453,0.004812107511658351
6,ASAP2,7.08677,1.9825485,1.372779683125744e-12,7.108142346518239e-12
6,MYOF,30.751112,1.9801286,1.1816102318783901e-207,1.484553960840057e-205
6,TM6SF1,26.73103,1.9798079,2.0521722232989777e-157,1.4614397904493433e-155
6,QPRT,16.674578,1.9787678,2.0062116561951118e-62,3.7084918455754975e-61
6,RASGRF1,3.1414926,1.9771684,0.0016808905948881834,0.005663500012668602
6,LMNB1,28.341236,1.9747206,1.0733866842735999e-176,9.114055563418722e-175
6,PLBD1,38.38654,1.9740367,0.0,0.0
6,NCAPG2,13.011435,1.9693019,1.0534601247667546e-38,1.1678368750418252e-37
6,CIP2A,12.987436,1.9636202,1.4417571700611702e-38,1.593719200825486e-37
6,FADS1,21.471529,1.962929,2.874054406539408e-102,1.01286658543801e-100
6,RASGRP3,20.752716,1.9628758,1.1585848306550422e-95,3.7068717765067696e-94
6,NEFH,6.2323885,1.9609951,4.5937690928556463e-10,2.162016466467024e-09
6,DOCK4,21.916618,1.9606396,1.803698938310964e-106,6.790124614662237e-105
6,C12orf45,35.49967,1.9550592,4.973757092751681e-276,1.1303228710711485e-273
6,RECQL4,5.370741,1.9543246,7.841375804882445e-08,3.3386610001584476e-07
6,FCGRT,39.232254,1.9531559,0.0,0.0
6,TLR3,6.6291113,1.9484359,3.377140636483347e-11,1.6617940718323644e-10
6,MEF2C,38.755543,1.9477327,0.0,0.0
6,RPP25,13.621419,1.946185,2.987056155087497e-42,3.6048787421042276e-41
6,STAC3,22.279263,1.9451469,5.87174278810107e-110,2.341651023894707e-108
6,OLR1,22.568846,1.945088,8.770501718985898e-113,3.668063553838933e-111
6,MAP3K21,6.8723907,1.9417,6.313478193790598e-12,3.1904949400831596e-11
6,RAB34,30.504297,1.9415846,2.2854590604878504e-204,2.737855937306124e-202
6,AC005162.3,4.544111,1.9406428,5.5167667952786164e-06,2.1577665317853226e-05
6,STXBP1,6.3169355,1.9391891,2.668004645084018e-10,1.2678354791760722e-09
6,SUCNR1,6.282203,1.937821,3.338081230314527e-10,1.580181905120709e-09
6,SCD,17.998802,1.9353001,1.9908015746357526e-72,4.345318097970848e-71
6,PLK4,7.959533,1.9299297,1.7268960285409235e-15,9.953967839260411e-15
6,CYSLTR2,13.742356,1.929605,5.6602975663796664e-43,6.936669979543868e-42
6,COL9A2,12.265544,1.9284915,1.3867850093268704e-34,1.3830231698248923e-33
6,CADM1,15.517563,1.9265351,2.638859371684583e-54,4.14006226399266e-53
6,CD276,14.171248,1.9228072,1.3802439550305105e-45,1.7984485631588525e-44
6,GTF2IRD1,3.048978,1.9226112,0.002296212559007445,0.007660734192707589
6,SH3RF1,11.969243,1.9195027,5.149655106321647e-33,4.9260411752114865e-32
6,SLC25A5,48.84554,1.9188322,0.0,0.0
6,P2RY1,11.921921,1.9174892,9.098603981568439e-33,8.66329492477929e-32
6,MCM4,14.772293,1.9170898,2.2106107405188887e-49,3.151445855960207e-48
6,DOC2A,2.6465697,1.9162682,0.008131272772130988,0.02601047894517206
6,KCNC3,12.635488,1.916264,1.3455682789259752e-36,1.417916085808562e-35
6,BRCA2,17.890581,1.91546,1.396464502212133e-71,3.0056078251998884e-70
6,A4GALT,7.6606646,1.9136547,1.8497352378914004e-14,1.0265715029181094e-13
6,AIG1,28.967886,1.9096093,1.6707177559812946e-184,1.6036296175190642e-182
6,UBE2T,13.452373,1.9078851,2.981494991327889e-41,3.494465896737621e-40
6,SLC25A10,6.1491,1.9048243,7.79238245934659e-10,3.6254578454166048e-09
6,PPM1N,14.223835,1.9033145,6.518041881838182e-46,8.576122624179339e-45
6,RAC1,50.56767,1.9019642,0.0,0.0
6,SLC9A7,14.309284,1.8949462,1.914734321081927e-46,2.557419777946375e-45
6,PYCARD,45.16065,1.8927109,0.0,0.0
6,C2orf81,3.6577623,1.8908023,0.0002544267938523884,0.0009055238274522993
6,HIST1H2AM,4.4347544,1.8882697,9.217733247175634e-06,3.560710929514527e-05
6,CEACAM4,14.650651,1.8874742,1.3343028611567841e-48,1.870262971871779e-47
6,DPYSL2,38.837833,1.8860476,0.0,0.0
6,HIC1,24.161163,1.8848952,5.699220265994741e-129,2.9115008390264376e-127
6,SYT15,5.429216,1.8812844,5.660214208596835e-08,2.4280394246370907e-07
6,CCDC106,10.721836,1.8806049,8.039129018529887e-27,6.540283247583659e-26
6,CHEK1,11.631831,1.879202,2.839417955501504e-31,2.5933182845947102e-30
6,DMC1,4.9474745,1.8788328,7.518253223610068e-07,3.074853147837983e-06
6,ERCC6L,4.2034864,1.8744458,2.6283514167276286e-05,9.906641126439125e-05
6,HIST1H2AB,2.5229816,1.874047,0.011636446200517212,0.03672872168294378
6,PLXDC2,36.615265,1.8712969,1.6348675407478912e-293,4.108036673324803e-291
6,ALOX5,35.33954,1.8697666,1.4515212761209593e-273,3.250881745005108e-271
6,RNF207,9.103514,1.8695577,8.745560156069853e-20,5.779324946411182e-19
6,CCDC62,2.8228147,1.8688729,0.004760407670737602,0.01552658504426837
6,TCF19,11.595774,1.8649662,4.329364870052661e-31,3.927434107388248e-30
6,SAC3D1,20.530266,1.8639833,1.155420001837639e-93,3.585398192449389e-92
6,CD80,3.8404279,1.8637809,0.00012282000577993842,0.0004449130237506513
6,ANKRD55,4.466331,1.8635975,7.957237893629548e-06,3.083816320732394e-05
6,CAMK1,30.327793,1.8635811,4.931854189887495e-202,5.795772526496304e-200
6,PTGFRN,10.363333,1.8630823,3.6405191624490847e-25,2.8192815272817306e-24
6,FKBP1B,9.324347,1.8621563,1.1166990934600328e-20,7.585454699245985e-20
6,SNRNP25,29.4205,1.862067,3.0030693584250867e-190,3.093862155361472e-188
6,GNA15,27.754179,1.862045,1.5514540040926616e-169,1.232668095231154e-167
6,SPATS2L,33.34331,1.859322,9.106261419027757e-244,1.6363210562668075e-241
6,EGR3,5.793529,1.8580302,6.8922598742817586e-09,3.084997479137239e-08
6,DSCC1,5.8633223,1.8547957,4.536964680888823e-09,2.043187635031777e-08
6,STON2,6.4601974,1.8541001,1.0456650615300176e-10,5.052113499563585e-10
6,GLO1,30.943546,1.8532035,3.1029733778544055e-210,4.063711787684157e-208
6,TUSC1,7.082719,1.8513073,1.4135326543039613e-12,7.315481203377851e-12
6,AL590617.2,9.674697,1.84459,3.8623298004646927e-22,2.734150873636332e-21
6,CCNE2,6.2838182,1.8438203,3.303569388422737e-10,1.564803357670215e-09
6,APBA1,4.8107753,1.8414634,1.5034609218865992e-06,6.052815776051729e-06
6,NME1,31.873487,1.8405062,6.223629404833558e-223,8.94668437279957e-221
6,ACSF2,14.202405,1.8374639,8.852107867379295e-46,1.1587975343375344e-44
6,AHRR,3.3544147,1.8370627,0.000795330459980581,0.0027443651363871628
6,H1F0,20.058788,1.837021,1.6915368201853143e-89,4.8678145718312393e-88
6,DST,31.190395,1.8351831,1.4381016892192605e-213,1.9241302557878654e-211
6,NEDD4L,10.660162,1.8341173,1.563252848221154e-26,1.2598554310292363e-25
6,CYFIP1,32.20705,1.8312306,1.4062035228828393e-227,2.1200747454507275e-225
6,TUBA1C,30.773891,1.828897,5.859194032308603e-208,7.421725817891884e-206
6,FADS2,15.537303,1.8286855,1.9397595827371457e-54,3.0587831338600493e-53
6,SDS,9.955675,1.82808,2.3820037218883066e-23,1.753706265659883e-22
6,FABP5,32.326454,1.8273572,2.9729267455900927e-229,4.640618531613787e-227
6,ANXA5,41.652637,1.8250313,0.0,0.0
6,CKS2,21.635807,1.8197693,8.268826042783126e-104,2.975140937186241e-102
6,TUBB6,16.141464,1.8190496,1.304106130724026e-58,2.242960945035474e-57
6,PGBD5,2.496263,1.816645,0.01255095043490519,0.039446026549889636
6,HIST1H2BB,2.5229278,1.8150783,0.01163823254853039,0.03673060894286008
6,PANK1,5.191765,1.813381,2.0830984027423414e-07,8.725074174489436e-07
6,SIGLEC10,25.74443,1.8094672,3.7212315251089478e-146,2.3616448202575412e-144
6,TBC1D9,28.497038,1.8090695,1.274745997062381e-178,1.1098190008790706e-176
6,MYO1D,14.321378,1.8045518,1.6090226695965326e-46,2.1509543100873715e-45
6,ADGRG6,9.096048,1.803665,9.367819906911172e-20,6.17996179002996e-19
6,EMP2,10.838332,1.8030804,2.265629740185022e-27,1.8727953565097212e-26
6,YIF1B,31.023182,1.7986174,2.6247080224405087e-211,3.466745762802086e-209
6,CKB,12.437105,1.7963104,1.643526075104906e-35,1.6808888286984557e-34
6,MAD2L1,15.140403,1.7951936,8.767564205648491e-52,1.3059234067661587e-50
6,SNX8,24.271437,1.7949243,3.927423907104285e-130,2.0400821965860863e-128
6,CHEK2,12.484885,1.794683,9.027365302682436e-36,9.309602249249451e-35
6,ACTN1,32.32904,1.7937944,2.734348373134376e-229,4.289873358805287e-227
6,TMIGD3,10.176451,1.7897757,2.5260731208376945e-24,1.9088836661547828e-23
6,CD3EAP,13.374061,1.7895703,8.572978693032488e-41,9.90893988278067e-40
6,VSIG4,24.155445,1.7887454,6.545160313214754e-129,3.338139765685287e-127
6,CD109,12.660701,1.784167,9.762368112448991e-37,1.0333065453817157e-35
6,GLA,24.556637,1.7837652,3.6736144781681225e-133,1.995437656884748e-131
6,SGO2,12.894594,1.7827772,4.828007213731548e-38,5.267180337267948e-37
6,TYROBP,26.652401,1.7825426,1.678570928816776e-156,1.1844655638570797e-154
6,PTGS2,7.576749,1.7795801,3.5432182693264594e-14,1.9475412955730548e-13
6,CLIC2,14.275721,1.7789953,3.1006673144793727e-46,4.120048352906877e-45
6,CYBB,33.8875,1.7782661,1.0179677193476435e-251,1.8839717546034501e-249
6,GDI2,44.444878,1.7781955,0.0,0.0
6,NUDT12,5.95901,1.7774774,2.537706453762866e-09,1.1549535173972744e-08
6,AC009506.1,6.240452,1.7757691,4.363087906605205e-10,2.055639602583035e-09
6,TOMM34,14.475759,1.77431,1.7241219741862053e-47,2.3557664834736097e-46
6,MNDA,35.57235,1.7737375,3.75050801728876e-277,8.586440836321755e-275
6,AC127024.5,5.4692388,1.773735,4.5197300581873724e-08,1.9488183162443794e-07
6,C11orf74,13.331997,1.767312,1.5080574985769986e-40,1.7359230208014635e-39
6,TGFBI,34.646618,1.765483,5.0228377332355824e-263,1.0418848712826318e-260
6,ERI2,10.825313,1.765052,2.6118504960351955e-27,2.1549509685253547e-26
6,MARCKS,34.43687,1.7647105,7.080176203995143e-260,1.4491854697806482e-257
6,TRIP10,10.656995,1.7640076,1.6174002088754624e-26,1.3021356669891617e-25
6,HIST1H2AI,2.6854062,1.7637211,0.007244169495024952,0.023278805009641943
6,FZD1,13.613405,1.7635839,3.333419252436539e-42,4.01817429153885e-41
6,H2AFY2,12.406401,1.7619133,2.412558521935828e-35,2.4560258971498894e-34
6,GSTZ1,20.490011,1.7595805,2.643340783028612e-93,8.129127719508985e-92
6,SUSD3,29.141237,1.7570089,1.0788013354407327e-186,1.07210652329475e-184
6,MTFMT,21.290575,1.752793,1.3881527455693706e-100,4.777687851593824e-99
6,LINC01637,12.475005,1.7525486,1.0219951686516332e-35,1.0528934892505344e-34
6,PRTFDC1,4.8820257,1.7517738,1.0500146040151078e-06,4.266176070237273e-06
6,LGALS1,35.830017,1.7512037,3.765943738646142e-281,8.88503993361346e-279
6,XYLB,4.628706,1.75063,3.679573718330876e-06,1.454464572355191e-05
6,DENND5B,6.992654,1.74984,2.697344630245404e-12,1.3832226727558438e-11
6,INCENP,8.944729,1.7484262,3.728628243619755e-19,2.4174682845721787e-18
6,COPRS,27.241995,1.7481409,2.0674601982087643e-163,1.5360334698566894e-161
6,HAUS4,18.133623,1.7461951,1.729765427288193e-73,3.8406508664652426e-72
6,WDFY4,23.930202,1.7439727,1.4854891407625165e-126,7.31083007540559e-125
6,SHTN1,32.227905,1.7429595,7.176998420680332e-228,1.0927068482165863e-225
6,RGS18,32.093124,1.7418871,5.498735273187714e-226,8.170644763865994e-224
6,SCARF1,10.287028,1.7417771,8.062642567317398e-25,6.189570139793315e-24
6,DSC2,19.264233,1.7416799,1.072425829856045e-82,2.8232934517343087e-81
6,AP2S1,43.35486,1.7414986,0.0,0.0
6,TNFAIP8L2,32.319794,1.740099,3.687776471304812e-229,5.727543085357679e-227
6,OPHN1,5.034028,1.7398555,4.802796357567373e-07,1.981313761656898e-06
6,UCHL3,30.622507,1.7380581,6.140843933915775e-206,7.591802538621393e-204
6,ARHGAP31,19.71952,1.7373109,1.4661369082764066e-86,4.038671428172807e-85
6,SOGA1,15.484201,1.7368852,4.4353588761701e-54,6.930416419908456e-53
6,FEN1,15.075304,1.7366551,2.3543025368674058e-51,3.4749010748309888e-50
6,CD180,24.031235,1.7361252,1.3116913224654155e-127,6.602678127595863e-126
6,FPR3,27.105473,1.7358928,8.487402029799047e-162,6.216116932108985e-160
6,TBC1D12,16.969639,1.7351825,1.3777863947145118e-64,2.6237365435268894e-63
6,AL117335.1,7.5082498,1.7318197,5.992318575644222e-14,3.2640921786647157e-13
6,ITPRIPL2,31.820473,1.7312623,3.372902540547013e-222,4.826217537994747e-220
6,DCTPP1,28.335066,1.7278191,1.2787409898755923e-176,1.0827958294269845e-174
6,TYMP,34.93443,1.7274772,2.2320316285421077e-267,4.757613899541443e-265
6,SOCS6,15.565785,1.7218196,1.2433388369368725e-54,1.9666260713003026e-53
6,RAB31,34.751053,1.7213626,1.3360779894120172e-264,2.809126695153552e-262
6,ITGB5,18.216143,1.7212825,3.843086619069679e-74,8.669947309166902e-73
6,GNAO1,5.527499,1.7210927,3.248278447735168e-08,1.4116217939278804e-07
6,ASF1B,9.862848,1.720566,6.031360419254336e-23,4.388212252304467e-22
6,COTL1,38.837738,1.7180295,0.0,0.0
6,E2F1,6.4153547,1.7156762,1.4049551761894443e-10,6.75003103225356e-10
6,PHLDA2,7.4935627,1.7156692,6.702883406564579e-14,3.642799673759301e-13
6,GCLC,27.57889,1.7146616,1.9936150621432978e-167,1.532752754369724e-165
6,PPIF,27.722477,1.7130396,3.7423083354501493e-169,2.935622429536999e-167
6,ACPP,15.060287,1.7109677,2.9550059624064165e-51,4.351137173896861e-50
6,TBXAS1,35.78289,1.7103804,2.038464360146858e-280,4.7729407559893136e-278
6,NDC80,9.573123,1.710114,1.0372435134413223e-21,7.2628194993047e-21
6,FCER1G,29.496498,1.7088196,3.192665457109948e-191,3.311265479291851e-189
6,CKAP2,24.575397,1.707969,2.315324778986643e-133,1.264306412440639e-131
6,TFCP2L1,6.0037217,1.7063271,1.928453788346705e-09,8.819579940282866e-09
6,HMGN5,9.222147,1.7062484,2.9120889526326426e-20,1.9532103571835307e-19
6,CAVIN2,2.4372044,1.7056605,0.014801308660216188,0.04623183898547769
6,OPN3,21.653736,1.7047839,5.604700370781627e-104,2.0189332675961277e-102
6,RAB39A,8.654508,1.7041212,4.950443894753375e-18,3.08848141814983e-17
6,PCBD1,30.846142,1.7032702,6.310306647461791e-209,8.059200312111636e-207
6,NUDT1,32.62112,1.70231,2.058196183408217e-233,3.3657497058517334e-231
6,HS3ST1,9.065019,1.6986028,1.2458290759376038e-19,8.194262449458082e-19
6,GALM,27.562763,1.6969393,3.1118130097619372e-167,2.3865212082558856e-165
6,CCDC170,16.040447,1.693048,6.667269137149027e-58,1.1309840132923435e-56
6,HMBS,17.213942,1.6928006,2.0872874562355812e-66,4.116898111670269e-65
6,GPR35,15.496217,1.6919204,3.679268329846049e-54,5.757728925091232e-53
6,CRYBG3,24.136013,1.6911075,1.047207704910193e-128,5.3233632459966015e-127
6,WDR62,4.783413,1.6905521,1.7234344449690162e-06,6.916788519758133e-06
6,SPECC1,30.945633,1.6905005,2.9086526805788203e-210,3.825435251006366e-208
6,GPR34,29.833565,1.6879444,1.4344513954865747e-195,1.5890533792223498e-193
6,NEURL1B,3.05964,1.6878221,0.0022160330178414684,0.007404425133235271
6,SLC1A4,19.81627,1.6838624,2.154972362522834e-87,6.022037143625066e-86
6,ATPAF2,23.827877,1.6833373,1.717501769599714e-125,8.307171704697709e-124
6,MCUR1,27.919844,1.6816031,1.5323662255908144e-171,1.2496264626473694e-169
6,CHAF1A,17.492239,1.6808344,1.641810834572911e-68,3.351614759851054e-67
6,IFNGR1,36.92229,1.6801394,2.028406677253637e-298,5.181154146601501e-296
6,MTHFD2,29.041765,1.675722,1.955156897885007e-185,1.9122795646497442e-183
6,STK38L,29.55537,1.6738274,5.602462072889674e-192,5.869671026671225e-190
6,EAF2,23.07343,1.6718405,8.560424545786618e-118,3.790502026312708e-116
6,NAGA,31.04129,1.6688222,1.4954867556503097e-211,1.9837342985787175e-209
6,PMP22,21.345594,1.6679226,4.284750608802495e-101,1.4879638996208845e-99
6,CCDC50,33.995308,1.6659145,2.6134950245222118e-253,4.955539308153865e-251
6,AC007336.1,8.650851,1.663726,5.111658231453115e-18,3.18712973491066e-17
6,LAMTOR2,37.807556,1.6601726,0.0,0.0
6,SOWAHD,11.44341,1.6549315,2.5371451737428977e-30,2.2565624715071006e-29
6,ASRGL1,19.250465,1.654898,1.3990121138847257e-82,3.6705659935343984e-81
6,H2AFY,39.57445,1.6540774,0.0,0.0
6,CLDN7,12.103669,1.6537565,1.0099419414898403e-33,9.831267900984723e-33
6,S100A11,42.81098,1.6525632,0.0,0.0
6,LAP3,35.26366,1.6524446,2.11870366456203e-272,4.64416838018572e-270
6,THRIL,3.608836,1.6512338,0.0003075739962222364,0.0010902843790848331
6,ICAM4,3.909864,1.6502781,9.234815892353876e-05,0.0003369781048228823
6,AHCY,22.776129,1.646564,7.90786969982156e-115,3.385159678841897e-113
6,NME2,12.494307,1.6462572,8.019228428751927e-36,8.275468883052948e-35
6,PLEKHO1,38.079975,1.6461858,0.0,0.0
6,ARHGAP11A,10.957044,1.6460961,6.147503773429422e-28,5.15606239146223e-27
6,NPM3,18.22812,1.6451929,3.087502429606536e-74,6.985756778319854e-73
6,WNT5A,13.568956,1.6448177,6.118690406741946e-42,7.312852451708172e-41
6,ZNF710,21.431686,1.6441597,6.768450438484002e-102,2.377187473888921e-100
6,ZNF469,5.2211404,1.6440789,1.7782469609038038e-07,7.471489779860503e-07
6,ZNF205,4.368722,1.6427385,1.2497565287792556e-05,4.7893645424650286e-05
6,PIR,4.592554,1.641776,4.378538691603368e-06,1.7230391563710884e-05
6,BTK,31.581076,1.6412714,6.716938511736018e-219,9.226685270321116e-217
6,DTYMK,22.52231,1.6392815,2.509442821383509e-112,1.0396695614008057e-110
6,CXCL16,30.185722,1.6359935,3.646773940758173e-200,4.174475636556032e-198
6,SCML1,16.080738,1.6350251,3.482056897101265e-58,5.945852625343027e-57
6,APEX1,36.427082,1.6326859,1.5867355954796984e-290,3.892161670594527e-288
6,SCRN1,22.304314,1.6306992,3.355489814634331e-110,1.3451118508547764e-108
6,REPS2,9.199003,1.6259621,3.6128608667469e-20,2.4153729355082507e-19
6,NFE2L3,15.255933,1.6259221,1.503311432931175e-52,2.278707526120835e-51
6,FRMD4A,18.369879,1.624625,2.289192739447295e-75,5.323708051023141e-74
6,ENTPD1,32.87668,1.624524,4.736013547825595e-237,7.998686924734735e-235
6,SLC46A1,11.365471,1.6228234,6.212832306247355e-30,5.476896979155363e-29
6,RNFT2,2.5517573,1.6224581,0.010718110952048804,0.033930621242955275
6,SIPA1L2,14.489019,1.6223135,1.4215850414241824e-47,1.9466960068806916e-46
6,NANS,30.574953,1.6220351,2.6354394547414275e-205,3.232282826495766e-203
6,PTTG1,17.510141,1.6208655,1.1989476797893041e-68,2.454031519155498e-67
6,SRGAP1,16.2488,1.6207831,2.2777970038195536e-59,3.963956756590706e-58
6,AIMP2,21.348288,1.6192261,4.044981816538167e-101,1.4094504284525945e-99
6,DUSP23,33.10335,1.6155412,2.6595660224434415e-240,4.6704094917988324e-238
6,CD40,21.046434,1.6138612,2.465435677919126e-98,8.228857505123804e-97
6,NFKBIE,21.15812,1.6131623,2.3230520124870065e-99,7.804192233688685e-98
6,SGK1,22.569317,1.6122383,8.677538929210541e-113,3.6341015675489186e-111
6,ABHD8,15.522655,1.6111478,2.4375627505133083e-54,3.828137801326973e-53
6,SIGLEC5,7.866464,1.6108379,3.64805008527701e-15,2.0783462485835307e-14
6,AC007240.1,3.7916226,1.6067462,0.00014966617542776128,0.0005398847436911552
6,SCIMP,32.24278,1.6065761,4.4413661077428624e-228,6.829318521990479e-226
6,FAM83D,3.5576265,1.6046424,0.0003742210474133198,0.001318819830376679
6,TRPM2,18.8942,1.6037896,1.2730359774310859e-79,3.165383986682427e-78
6,RNASET2,39.487747,1.6032443,0.0,0.0
6,PTGR1,11.970634,1.6009622,5.063992235624176e-33,4.845597771716297e-32
6,LRR1,19.108337,1.5993211,2.1521838242009565e-81,5.54312878788158e-80
6,LTBR,28.491163,1.5976886,1.5073566669154452e-178,1.3086481040549344e-176
6,CD4,34.40998,1.5973606,1.788125700952218e-259,3.612130786884327e-257
6,HYAL3,3.6133673,1.597242,0.0003022459785979017,0.0010720124466978825
6,PTRHD1,32.419384,1.5970716,1.4634450997365422e-230,2.319522958849093e-228
6,LAMTOR1,39.434746,1.5954055,0.0,0.0
6,MCM5,26.104658,1.5935837,3.2279038316544605e-150,2.1408760455996653e-148
6,LGALS9,33.84282,1.5933212,4.628814431598238e-251,8.465252522923475e-249
6,RAP2A,25.894314,1.5926889,7.717839042216939e-148,4.959152833218273e-146
6,ADORA2B,2.8948839,1.5924779,0.003792987603528082,0.012454038867761865
6,HIST1H4D,3.0651984,1.5920413,0.0021752569428772107,0.007273684554095635
6,ANTXR1,8.057495,1.5910305,7.787358610272916e-16,4.542919829515006e-15
6,PQLC2,12.695233,1.5902534,6.284210353526219e-37,6.674436061733156e-36
6,TUBG1,14.989083,1.5901885,8.653965940823776e-51,1.2628334529416451e-49
6,ACAT2,22.465624,1.5861653,9.004029042447422e-112,3.685927491588377e-110
6,KNSTRN,12.115871,1.5854485,8.703412278491543e-34,8.485689693733063e-33
6,SRD5A3,20.399569,1.5831505,1.686991631575291e-92,5.111750035009561e-91
6,TP53I3,15.615227,1.5828773,5.734060186490441e-55,9.12577745539959e-54
6,ASB13,9.000217,1.5808185,2.2527034617693294e-19,1.470728895076144e-18
6,ATG4C,23.81845,1.5797089,2.150766475979493e-125,1.0370318170530139e-123
6,IFI30,26.79064,1.578516,4.153739530186715e-158,2.964887474814799e-156
6,ADD2,2.86756,1.5784494,0.004136506256041091,0.013540245589436771
6,SMC2,22.119617,1.5778362,2.0465350143227333e-108,7.926348081161995e-107
6,HDX,6.228617,1.5778023,4.705704555566769e-10,2.214023606316062e-09
6,MARCH1,33.98796,1.5739555,3.355481706771334e-253,6.323650799462294e-251
6,MAP3K13,27.636452,1.5738523,4.0606802075587143e-168,3.1375860793754296e-166
6,PXMP2,16.491354,1.5735636,4.233534701453844e-61,7.607317268478719e-60
6,TTC23,2.510149,1.572748,0.012068022346465082,0.03801328645150798
6,SAMHD1,38.133938,1.5717412,0.0,0.0
6,KRT8,9.2954,1.5705981,1.4665403658705918e-20,9.924756533383486e-20
6,HNMT,29.16808,1.5704477,4.928183406853127e-187,4.913398856632568e-185
6,COQ2,21.248981,1.5693419,3.3689880717774344e-100,1.1492860301812932e-98
6,PRCP,31.429876,1.5688499,7.907582439253207e-217,1.0672473818777244e-214
6,UNC13B,3.4112282,1.5683507,0.0006467097139148843,0.002245826643591835
6,ZMYND15,6.6760054,1.5660036,2.4554307734854057e-11,1.2134633661035088e-10
6,SETD9,11.6211,1.5650105,3.2196254113192633e-31,2.932772254277762e-30
6,DNTTIP1,28.3965,1.5642507,2.233759140021773e-177,1.9071489983605787e-175
6,ENTPD7,4.45116,1.56326,8.540770780319823e-06,3.305404489197906e-05
6,HPS5,27.949978,1.5629613,6.596448459102043e-172,5.407862931709995e-170
6,TCF4,30.46488,1.5617421,7.610066076373159e-204,9.08124757615696e-202
6,ENG,29.082829,1.5608339,5.91933829981789e-186,5.863749642066395e-184
6,SIGLEC11,5.0352154,1.5599786,4.773115572969881e-07,1.96959523382884e-06
6,CEP131,9.418396,1.5586793,4.580333036421235e-21,3.14797316336827e-20
6,H2AFX,18.827366,1.5565385,4.5061996940516655e-79,1.1070994749129955e-77
6,ACOT11,8.337556,1.554807,7.584201452755029e-17,4.555975010695815e-16
6,TLN2,4.3011727,1.554492,1.698966172500493e-05,6.461967449356724e-05
6,METTL1,10.413501,1.5532029,2.1516124925404826e-25,1.6737953009551648e-24
6,FSCN1,8.6842575,1.5525143,3.812230792239063e-18,2.389951665227844e-17
6,GMNN,15.716998,1.5523417,1.1567534423976604e-55,1.8659592194250777e-54
6,SERPINB8,22.046915,1.5522029,1.0226328725271672e-107,3.916544509442027e-106
6,ABHD12,26.478544,1.5499724,1.7124447782813307e-154,1.1735372674576737e-152
6,MPV17L2,11.854958,1.5495095,2.0282576514775462e-32,1.903176525861458e-31
6,CCR6,21.847765,1.5494943,8.16300520056668e-106,3.0142652536907334e-104
6,AKIP1,22.301271,1.5487683,3.591519399656988e-110,1.4378638612072348e-108
6,GGCT,27.703592,1.547879,6.320022115112126e-169,4.920224773596234e-167
6,PPT1,33.938683,1.5471677,1.7915875562418172e-252,3.335698590407581e-250
6,HCK,33.23246,1.5464151,3.658801289704532e-242,6.498998359821723e-240
6,EFCAB11,13.338803,1.5462863,1.3765201515143987e-40,1.586874611072567e-39
6,KCTD12,34.030178,1.5461841,7.974009700476032e-254,1.5403294863288296e-251
6,MAGEF1,20.661617,1.5461742,7.675155818600558e-95,2.4255218904446573e-93
6,CENPH,14.848833,1.5456501,7.079059780482454e-50,1.0171664371704844e-48
6,BRCA1,12.460858,1.5440589,1.22050298069181e-35,1.2536419283563234e-34
6,FBP1,28.648552,1.5436414,1.6710082537875246e-180,1.5189956499944418e-178
6,GINS3,5.3548098,1.5423032,8.564655780000782e-08,3.6405971144613416e-07
6,SQLE,20.1628,1.5422119,2.077853471088317e-90,6.0471014341738804e-89
6,PHETA1,8.745462,1.5395577,2.221039644005075e-18,1.4026496174349172e-17
6,HIST1H4I,2.5869963,1.5386621,0.009681665766431135,0.030769279572553942
6,ARHGEF39,5.8739023,1.538645,4.2565415904407385e-09,1.9196983939260456e-08
6,SPR,4.641399,1.5337247,3.460584864692084e-06,1.3700050776615632e-05
6,ZNF768,10.5853815,1.5331144,3.483573627659144e-26,2.7734881532730847e-25
6,FUOM,28.467672,1.5306557,2.945163217420978e-178,2.5497523686507046e-176
6,BLNK,15.835454,1.5303305,1.7717548977654696e-56,2.9142963611089606e-55
6,VMO1,12.863621,1.5293474,7.211764669565374e-38,7.851145144144312e-37
6,TMEM8B,7.2814765,1.5276682,3.301864525840834e-13,1.7474439537699087e-12
6,GIPR,7.0812335,1.5261188,1.4287673770590037e-12,7.393087782146764e-12
6,TAX1BP3,23.916067,1.5245206,2.084435351905351e-126,1.0225975146244235e-124
6,CAPG,31.5964,1.5239906,4.137395961802254e-219,5.760112477091093e-217
6,PTPRO,13.846507,1.5239109,1.3354938520079718e-43,1.66704800016197e-42
6,CALCRL,4.4612966,1.5235507,8.14652843161192e-06,3.155592859203279e-05
6,NEIL3,4.763528,1.5217808,1.9023721773115484e-06,7.622065968909518e-06
6,C20orf27,28.948631,1.521649,2.9197652182066124e-184,2.7938446934709528e-182
6,NEK3,11.110473,1.521223,1.1156790177611239e-28,9.546592303970945e-28
6,MT1G,3.842307,1.5191959,0.00012188321814737515,0.00044162305079495004
6,LIMS1,33.995808,1.5185567,2.5695008291967422e-253,4.902195193085414e-251
6,FAM72A,7.329736,1.5151242,2.3060650464078047e-13,1.2286425166234446e-12
6,SERPINF1,17.297176,1.514375,4.940188655874727e-67,9.850736179814205e-66
6,PHETA2,5.0681243,1.5137278,4.017548734104764e-07,1.6626992330607385e-06
6,LIMA1,24.997154,1.5091769,6.564929652557046e-138,3.7644207935358186e-136
6,PID1,16.04402,1.5087007,6.294473868358482e-58,1.0689192519195364e-56
6,FUCA2,27.705942,1.5078123,5.921104409597142e-169,4.621302373419669e-167
6,SLC25A33,16.671612,1.5074573,2.1083410466968894e-62,3.894948997624672e-61
6,NLRP3,23.139393,1.5068722,1.859155982894654e-118,8.277832968776094e-117
6,IFNGR2,32.625957,1.5052751,1.7576042826042166e-233,2.889482742683432e-231
6,LMNA,17.012253,1.5048532,6.662546678023136e-65,1.2782081326980824e-63
6,SPDL1,11.457683,1.5047616,2.1519664655824695e-30,1.917291079612493e-29
6,PKP2,4.8920693,1.5041716,9.978139228797323e-07,4.057286529988671e-06
6,PLSCR1,32.031075,1.5040708,4.0281099488236636e-225,5.900321999445164e-223
6,KYNU,27.450647,1.5039198,6.825077959485331e-166,5.1449435242393446e-164
6,VAMP8,44.881195,1.5039004,0.0,0.0
6,ECHDC3,9.983549,1.5032482,1.7991338895994716e-23,1.3296468466248413e-22
6,ACER3,27.890741,1.5022675,3.455504718183898e-171,2.8105074822344666e-169
6,PCGF2,4.639317,1.5014157,3.4956263844984713e-06,1.3837003671323546e-05
6,KRT18,11.478314,1.501411,1.6955394283665846e-30,1.5154435255212848e-29
6,SPRED1,20.025019,1.5011312,3.333928334735782e-89,9.57636831242368e-88
6,MRC1,16.520649,1.5009481,2.6057741333413736e-61,4.7125021146390776e-60
6,NINJ2,17.493685,1.500304,1.6006357930185422e-68,3.269719131184672e-67
7,HS3ST2,4.2109056,8.214342,2.5434923917829332e-05,9.584457370499283e-05
7,CCL18,22.143492,7.66184,1.2052657515541728e-108,2.353199531477247e-107
7,AC110995.1,6.126148,7.534538,9.003190561825187e-10,4.0345311105456144e-09
7,DNASE2B,2.525474,7.1321845,0.011554231567721401,0.03679614992927
7,GPNMB,67.64104,6.7875175,0.0,0.0
7,CCL7,6.105757,6.779609,1.0231438852561587e-09,4.569697696764754e-09
7,LILRB5,32.62297,6.769883,1.9377553339866034e-233,7.849305911864214e-232
7,CCL13,8.603064,6.7639723,7.761609131530639e-18,4.487243797759398e-17
7,RNASE1,62.33762,6.70016,0.0,0.0
7,DCSTAMP,7.499127,6.581375,6.424439561527639e-14,3.317629967053212e-13
7,LYVE1,26.845655,6.4874897,9.479478870423121e-159,2.6042866973170435e-157
7,LGI2,4.1451964,6.3226867,3.395225764482913e-05,0.00012707222414976192
7,APOC1,64.0634,6.2863703,0.0,0.0
7,CD209,31.107765,6.181676,1.8912724203550879e-212,6.9920522363534325e-211
7,SLCO2B1,70.49975,6.150482,0.0,0.0
7,AC004988.1,3.2127385,6.0974956,0.0013147589999581892,0.004506516181846263
7,ATP6V0D2,10.65386,6.0699387,1.672822260481136e-26,1.1737098207648236e-25
7,SELENOP,49.814198,6.0515556,0.0,0.0
7,LGMN,68.01664,6.0484567,0.0,0.0
7,FOLR2,55.47321,6.0438976,0.0,0.0
7,APOE,64.36713,5.943381,0.0,0.0
7,CD163L1,20.197226,5.93123,1.035555260779757e-90,1.7115457991935804e-89
7,IGSF21,9.248969,5.8560452,2.266689300760696e-20,1.3966620059531666e-19
7,MRO,6.64579,5.8268013,3.0159502993336155e-11,1.4257261532808818e-10
7,C1QA,71.95274,5.784817,0.0,0.0
7,GAPLINC,11.856416,5.767657,1.9932564627460424e-32,1.5631965870107063e-31
7,C1QB,68.29954,5.7591343,0.0,0.0
7,PLTP,54.168324,5.681728,0.0,0.0
7,MRC1,67.35758,5.6801195,0.0,0.0
7,OTOA,32.16212,5.672296,5.978775814642144e-227,2.347979975897646e-225
7,GSDMA,10.56116,5.650207,4.5105440238009844e-26,3.1320463748285112e-25
7,C2,42.657536,5.6023655,0.0,0.0
7,C1QC,69.16984,5.601985,0.0,0.0
7,CTSL,83.056114,5.5973825,0.0,0.0
7,METTL7B,5.5571885,5.5680504,2.7415456928379593e-08,1.1623175957276105e-07
7,TREM2,60.158566,5.567109,0.0,0.0
7,MAMDC2,8.665905,5.5451922,4.47940311748911e-18,2.6057766262419712e-17
7,TMEM37,33.618618,5.5196943,8.96716143599752e-248,3.903493781723597e-246
7,CXCL5,2.794282,5.47174,0.005201510681787569,0.01706614550339792
7,AP003481.1,2.7189984,5.4167094,0.0065479914801476686,0.021282865987687874
7,SDC3,43.053474,5.4017577,0.0,0.0
7,LINC00520,2.9749184,5.3830976,0.002930665262945689,0.009813442175716404
7,ACSM5,7.065954,5.3696427,1.5951594811912792e-12,7.876912299916738e-12
7,DAB2,79.99089,5.34041,0.0,0.0
7,MSR1,71.07587,5.329381,0.0,0.0
7,AC078850.1,2.8522065,5.297698,0.004341689928713809,0.014347119707768386
7,CHIT1,5.872117,5.2698817,4.302653007195841e-09,1.8819996673280762e-08
7,MS4A4A,74.57587,5.207199,0.0,0.0
7,SLAMF9,8.548519,5.1941915,1.2467735081682795e-17,7.163790447472953e-17
7,CRYBB1,10.191496,5.138996,2.1640820900506432e-24,1.4511886560467613e-23
7,VSIG4,70.285934,5.106536,0.0,0.0
7,SLC2A5,29.614508,5.092646,9.719892444890877e-193,3.3048703607727426e-191
7,PCOLCE2,3.9165652,5.091576,8.981953911360753e-05,0.000329160509874691
7,ZMIZ1-AS1,9.356665,5.0865393,8.229323653829365e-21,5.1124363049025963e-20
7,CXCL3,12.033525,5.0560994,2.368268852370644e-33,1.8933286451169037e-32
7,SYN1,5.1709714,5.053043,2.3288026087694962e-07,9.535811106152467e-07
7,SLC7A8,38.58806,5.0501094,0.0,0.0
7,CD163,80.024925,5.047366,0.0,0.0
7,PCDH12,8.233963,5.04077,1.811201593489759e-16,1.0075379346650104e-15
7,CCL8,3.596266,5.0242205,0.00032281771897176275,0.001148403227470105
7,NRP2,53.07496,4.9931226,0.0,0.0
7,HRH1,16.58048,4.9876876,9.64549345605632e-62,1.18111436706154e-60
7,A2M,72.14105,4.955695,0.0,0.0
7,L3MBTL4-AS1,11.294447,4.954989,1.397808007403631e-29,1.0425205618924717e-28
7,KCNJ5,22.403952,4.932435,3.601637150748803e-111,7.172409756326885e-110
7,KCNMA1,41.848816,4.890721,0.0,0.0
7,CCL2,23.555126,4.863987,1.1123172228836584e-122,2.4520961774368924e-121
7,MERTK,51.986588,4.863945,0.0,0.0
7,GDF15,9.001389,4.8600907,2.2287994818371773e-19,1.3360260974620177e-18
7,OLFML2B,41.64272,4.8550406,0.0,0.0
7,FPR3,67.79103,4.849937,0.0,0.0
7,CNRIP1,19.816204,4.8276587,2.1578798697978468e-87,3.4682055712866384e-86
7,PLA2G2D,2.805053,4.802532,0.005030831113520733,0.0165307141426308
7,NRP1,62.78333,4.798294,0.0,0.0
7,SLC1A3,56.77716,4.7867413,0.0,0.0
7,ITGB3,3.1146884,4.7801266,0.0018413935911479567,0.006238977386714526
7,RGL1,46.338467,4.772336,0.0,0.0
7,LINC01010,3.388983,4.7520614,0.0007015236060673782,0.0024510502026593326
7,CTSB,92.92846,4.714847,0.0,0.0
7,TM4SF19,6.313533,4.713323,2.727361776554055e-10,1.2454862356554861e-09
7,SPOCD1,3.0461423,4.710894,0.002317981139513875,0.007810929249777076
7,PMFBP1,9.089437,4.696718,9.955327980194121e-20,6.014255705313911e-19
7,LINC01094,35.98455,4.6757135,1.4594022041760623e-283,7.55540099237346e-282
7,AC244021.1,2.8016193,4.6700583,0.0050846840245720205,0.016695243721177887
7,SIGLEC1,47.51388,4.666903,0.0,0.0
7,RAB42,24.928564,4.6593537,3.647739777305842e-137,8.84934798251112e-136
7,LPL,13.347341,4.65831,1.2275298085147017e-40,1.1184924466911523e-39
7,MARCO,39.983242,4.6478333,0.0,0.0
7,TNS1,33.311474,4.633053,2.633689049839804e-243,1.1212042350330416e-241
7,PPARG,23.085855,4.623082,6.422542716313517e-118,1.3623989549286333e-116
7,GAL3ST4,18.05343,4.611955,7.414032517727748e-73,1.0448951346347994e-71
7,FABP3,13.090021,4.5779595,3.7550455323303394e-39,3.3455518093898473e-38
7,HMOX1,67.818634,4.520191,0.0,0.0
7,GSDME,28.129507,4.4961476,4.268915860099163e-174,1.3076251980979665e-172
7,ABCA1,63.080666,4.464926,0.0,0.0
7,STARD13,21.256886,4.46096,2.8468910706872e-100,5.1849653695774475e-99
7,LRRC39,6.346566,4.4574566,2.2017390308244978e-10,1.009481504609001e-09
7,PLPP3,26.13328,4.4526005,1.526781382367989e-150,3.995616611756769e-149
7,CPM,56.95166,4.4402046,0.0,0.0
7,NRIP3,12.876738,4.4283285,6.085373113485211e-38,5.293572384421261e-37
7,SPP1,30.729784,4.419101,2.2778592077434274e-207,8.214911847575975e-206
7,RASL10A,8.98877,4.4119077,2.500138562904459e-19,1.4972250060780488e-18
7,LHFPL2,58.177387,4.411358,0.0,0.0
7,AC025423.4,7.2424445,4.4091053,4.4066883093560953e-13,2.2174782738076985e-12
7,LINC01268,2.8731441,4.4030404,0.004064085302409277,0.013468655848334067
7,CRHBP,7.2448993,4.3892474,4.327606504475802e-13,2.178393065697616e-12
7,HTRA4,11.788422,4.3854685,4.478577997770618e-32,3.4892717463346735e-31
7,MMP9,19.65816,4.3822002,4.9226708961996336e-86,7.822364492999593e-85
7,PMP22,54.83125,4.3741665,0.0,0.0
7,ME1,22.80594,4.3713555,4.0031402728514833e-115,8.292564102749383e-114
7,CXCL2,13.885855,4.3687196,7.717460188992675e-44,7.419083734407359e-43
7,CD14,81.03491,4.3562655,0.0,0.0
7,OLR1,36.979733,4.354015,2.4249245795764133e-299,1.333579074394452e-297
7,HSD17B14,18.989416,4.336156,2.086374158566604e-80,3.1890982254608323e-79
7,TCN2,41.94875,4.3308635,0.0,0.0
7,EMP1,30.166319,4.3295455,6.55348758545027e-200,2.3069321276026365e-198
7,SULT1C2,5.1941,4.3269,2.0571279653173863e-07,8.441271113125924e-07
7,TMEM236,11.578681,4.3254066,5.285284084257718e-31,4.0353822922962765e-30
7,PAQR5,2.7289314,4.308158,0.0063539928318358955,0.020671879626689687
7,C6orf223,2.5601509,4.2998056,0.010462670048249549,0.03344396971571505
7,AC079015.1,5.4440813,4.2984967,5.20734080729036e-08,2.1861353209851011e-07
7,LINC00607,2.8196084,4.2807584,0.004808226801479497,0.015829555363584023
7,FAM20A,34.154007,4.2760262,1.1659701767458769e-255,5.253154555784959e-254
7,COLEC12,35.29253,4.2703905,7.645821379267758e-273,3.709723726358377e-271
7,ALOX15B,19.308325,4.267716,4.57165118435504e-83,7.118187564476636e-82
7,AC008972.2,2.590125,4.264465,0.009594105511943948,0.030769432298189438
7,SDS,21.408243,4.263783,1.1195520418228563e-101,2.0596425569416083e-100
7,MMP19,20.336933,4.2529955,6.060362308524244e-92,1.0190838839475452e-90
7,CXCL12,13.012362,4.2402296,1.0407519687411221e-38,9.172090418557702e-38
7,RAB3IL1,16.60915,4.2233734,5.983438610972519e-62,7.347244225241464e-61
7,ANKRD29,11.017423,4.220114,3.1494782910894494e-28,2.2860715251926166e-27
7,TMEM86A,27.436184,4.2164016,1.0155628741725525e-165,2.9389514749111497e-164
7,SLC16A10,27.008148,4.20993,1.1856385186984725e-160,3.3072680232322825e-159
7,SLC28A3,5.353076,4.177965,8.647145302853902e-08,3.6003949868692653e-07
7,ADORA3,34.824974,4.1773496,1.0188199879806223e-265,4.81478124900873e-264
7,ADAM9,67.74384,4.162003,0.0,0.0
7,AC025580.2,3.3449037,4.15184,0.0008231112816148422,0.002860665734945455
7,ACE,22.046467,4.145256,1.0327749115950607e-107,2.0012523004807862e-106
7,MLXIPL,16.406942,4.1420712,1.705841186621636e-60,2.0586658943738737e-59
7,STAB1,66.87653,4.134607,0.0,0.0
7,PSAP,87.558975,4.127786,0.0,0.0
7,SERPINE1,9.320805,4.123658,1.1546147635340418e-20,7.157175791525598e-20
7,CHI3L1,6.6785383,4.1197042,2.4133703672643422e-11,1.1452485481504534e-10
7,PLA2G7,47.336525,4.119144,0.0,0.0
7,CD68,86.016846,4.1175494,0.0,0.0
7,MAFB,77.27445,4.098239,0.0,0.0
7,PDCD1LG2,10.291932,4.096505,7.662354321225467e-25,5.17866575565527e-24
7,DOCK4,45.592075,4.081962,0.0,0.0
7,RAPH1,34.73821,4.057725,2.0883424800166805e-264,9.794294541711007e-263
7,CXCL8,15.931341,4.0522933,3.840290485467777e-57,4.443723625396952e-56
7,HLA-DRA,71.6249,4.0473194,0.0,0.0
7,HAMP,30.995699,4.0361195,6.1603071993976075e-211,2.261242453821637e-209
7,PDGFC,34.21289,4.0341125,1.555140167886587e-256,7.0372938753837105e-255
7,CREG1,76.6628,4.0311303,0.0,0.0
7,PKD2L1,6.2718782,4.0283566,3.5671855253265657e-10,1.623009024455589e-09
7,GLUL,83.3083,4.027886,0.0,0.0
7,ITGB5,43.8082,4.026017,0.0,0.0
7,C11orf45,6.824199,4.009485,8.841724495308224e-12,4.273868923623574e-11
7,SCIN,9.709642,4.0080533,2.7429841712776116e-22,1.759232450335695e-21
7,DHRS9,23.721228,3.989034,2.1777759124077103e-124,4.85281327503858e-123
7,HSD11B1,3.5337112,3.9691064,0.00040976840232139503,0.001449383384132222
7,SLC40A1,45.682713,3.9651957,0.0,0.0
7,TMIGD3,16.6416,3.9615963,3.4818787869881234e-62,4.2925579445329845e-61
7,NUPR1,29.724373,3.9508398,3.719020295563671e-194,1.2729098590806908e-192
7,GFRA2,12.297153,3.9367206,9.382278403094823e-35,7.712182941607758e-34
7,SUCNR1,13.962317,3.9343572,2.6468647791652855e-44,2.5636681206412248e-43
7,HBEGF,29.413443,3.9320347,3.6967466149728743e-190,1.2459688945361681e-188
7,CMKLR1,50.608162,3.9275048,0.0,0.0
7,CSF1R,80.08426,3.926115,0.0,0.0
7,MITF,39.184326,3.9218886,0.0,0.0
7,FN1,23.352654,3.9166737,1.2951892414700532e-120,2.8071818994470505e-119
7,BCAT1,55.1473,3.9129524,0.0,0.0
7,NPL,62.927326,3.9123144,0.0,0.0
7,FTL,86.865074,3.9105995,0.0,0.0
7,FLT1,12.831933,3.8954277,1.0861972001441476e-37,9.380021476628995e-37
7,GPR34,54.93043,3.8917048,0.0,0.0
7,TMEM51,40.889423,3.8833604,0.0,0.0
7,PAPSS2,36.09028,3.8726072,3.2221235709197947e-285,1.6765349024649511e-283
7,MYO7A,20.309174,3.8670995,1.0668457576398521e-91,1.7910375791078168e-90
7,F13A1,49.50646,3.8442142,0.0,0.0
7,ABCA6,8.860404,3.833954,7.97250075646929e-19,4.718615106859371e-18
7,TNFRSF11A,15.805521,3.828617,2.8502563817895253e-56,3.2542620610258165e-55
7,VMO1,27.855062,3.824776,9.35303812698652e-171,2.8092745324662037e-169
7,CST3,71.55515,3.8024693,0.0,0.0
7,SCN1B,21.28174,3.7981422,1.6760665660614229e-100,3.0579804815383943e-99
7,ANOS1,6.1985126,3.7921185,5.699930284712494e-10,2.5755518320118285e-09
7,PGA5,2.7482753,3.791917,0.005990969305188556,0.01953607177837758
7,RAB7B,14.211021,3.7828314,7.82759272817634e-46,7.754083604158531e-45
7,ADAMDEC1,15.791266,3.7729604,3.5733473951535998e-56,4.0738269251941094e-55
7,LIPA,68.40414,3.7663321,0.0,0.0
7,AGRP,3.2695715,3.7511058,0.0010771049955374092,0.003714582023775352
7,CXCL16,71.08633,3.7503443,0.0,0.0
7,PDE2A,3.5105872,3.7419982,0.00044711811133331695,0.001578782070944685
7,PDK4,38.34384,3.7395077,0.0,0.0
7,FMNL2,40.187107,3.7372482,0.0,0.0
7,SPRED1,47.658398,3.722487,0.0,0.0
7,AL391422.3,4.2165265,3.715352,2.480942126505459e-05,9.357881169624631e-05
7,FOSL1,5.5202756,3.713647,3.384684701439096e-08,1.4298858675147365e-07
7,FAM20C,47.911537,3.710408,0.0,0.0
7,AC004921.1,6.717462,3.6990652,1.849167056792197e-11,8.812984768585416e-11
7,FCHO2,55.933575,3.6951442,0.0,0.0
7,RHOBTB1,20.884312,3.6930504,7.436819666421277e-97,1.3149301225977255e-95
7,MARCKS,75.20357,3.688699,0.0,0.0
7,SLC12A5,10.05521,3.6849842,8.713497903229394e-24,5.769239068018656e-23
7,VEGFA,34.272358,3.6792226,2.0260610516834226e-257,9.23590987085244e-256
7,LINC01315,6.150705,3.6762738,7.713929554210928e-10,3.463312329052835e-09
7,CCL23,10.909146,3.6741562,1.0423078722969496e-27,7.49525579550531e-27
7,RAB20,50.052002,3.6665847,0.0,0.0
7,ITGA9,13.335298,3.6597252,1.4427789851677399e-40,1.3138470858744649e-39
7,TREML1,4.491959,3.6541193,7.057095751145497e-06,2.7206393710945973e-05
7,NECTIN4,2.4134302,3.6520991,0.015803152804588733,0.04967738443159316
7,LILRB4,66.02648,3.6313457,0.0,0.0
7,CLEC5A,28.120148,3.6310263,5.556187301191689e-174,1.6985665768341395e-172
7,ITSN1,39.979973,3.6299944,0.0,0.0
7,MMP14,45.52819,3.626951,0.0,0.0
7,EPHX1,30.584408,3.6248147,1.9730863403843346e-205,7.082715391667669e-204
7,THBD,25.606308,3.6159477,1.2976784389105932e-144,3.311919695409555e-143
7,TCHH,4.9865084,3.6145923,6.148030598449688e-07,2.473215953485416e-06
7,PIR,9.908676,3.6120446,3.8167010188683066e-23,2.490768124792288e-22
7,TNFRSF21,22.952944,3.611559,1.377001751633774e-116,2.881448418263037e-115
7,PROS1,12.169298,3.6077497,4.529622562910447e-34,3.6744631115977213e-33
7,NPC2,84.28089,3.6055107,0.0,0.0
7,IL10,19.19416,3.6012943,4.1412060964986406e-82,6.39641463390722e-81
7,C5AR1,66.0335,3.6009703,0.0,0.0
7,EPHB2,17.98898,3.5924335,2.3769177790086227e-72,3.321130099268513e-71
7,FHAD1,10.18594,3.5764337,2.29134897906851e-24,1.5355317193423775e-23
7,STEAP3,17.799755,3.5753882,7.097771411895763e-71,9.719575588279236e-70
7,MS4A7,71.81426,3.57459,0.0,0.0
7,GAS6,44.441757,3.5668707,0.0,0.0
7,DHDH,2.5273063,3.5657687,0.011494123667544218,0.036612272512912415
7,CYP27A1,50.169613,3.5653546,0.0,0.0
7,FCGRT,79.011635,3.546898,0.0,0.0
7,SH3PXD2B,23.922379,3.5468056,1.7919128063453047e-126,4.060311518014247e-125
7,GATM,34.30289,3.5381675,7.105907739034075e-258,3.24405155820275e-256
7,CLDN23,9.393989,3.5349534,5.777029597939019e-21,3.5998115682157516e-20
7,NR1H3,26.144726,3.5270875,1.1314718869759449e-150,2.9661070068503415e-149
7,KITLG,2.7476873,3.5217955,0.006001722538319304,0.019564944467021908
7,CST6,10.83327,3.5112371,2.394477893511346e-27,1.7131048207119252e-26
7,GRN,79.83826,3.5086825,0.0,0.0
7,PLD3,64.74598,3.505797,0.0,0.0
7,FMN1,40.643238,3.496964,0.0,0.0
7,SNAI1,7.0295024,3.4872036,2.0727114526609617e-12,1.0206747786431903e-11
7,CYFIP1,69.36366,3.4836383,0.0,0.0
7,ADAP2,67.6983,3.478739,0.0,0.0
7,RRAGD,36.488956,3.4781518,1.6598536270837827e-291,8.799501895759601e-290
7,AC138207.5,3.5565312,3.4723794,0.000375783999930618,0.0013323799570787668
7,SHB,7.656584,3.4665363,1.9094412766216635e-14,1.0039996858888355e-13
7,ADM,18.245073,3.442486,2.2643258615840474e-74,3.252022277136531e-73
7,SCARB1,30.60273,3.4401648,1.125779529009929e-205,4.04586836082673e-204
7,HLA-DRB1,70.28206,3.436241,0.0,0.0
7,SLC7A11,7.645865,3.428029,2.0754568050666738e-14,1.090179188888438e-13
7,TSPAN4,55.025078,3.4241707,0.0,0.0
7,SDC2,20.38462,3.4225876,2.2898556189372045e-92,3.8673534215569495e-91
7,SCD,33.39716,3.4195867,1.5075241398001476e-244,6.462281357670342e-243
7,OSBPL1A,45.46532,3.4087186,0.0,0.0
7,C3AR1,71.07441,3.4017696,0.0,0.0
7,MGLL,39.395046,3.3956456,0.0,0.0
7,CLIC2,28.899687,3.392791,1.2047968142830946e-183,3.919647909373432e-182
7,TGM2,27.728096,3.3889463,3.201809353100798e-169,9.478766444088732e-168
7,FCGR2B,55.972816,3.3842103,0.0,0.0
7,SGK1,56.4499,3.3834252,0.0,0.0
7,LINC02345,6.086524,3.3781998,1.1538847337871775e-09,5.143965883046343e-09
7,PDPN,7.532094,3.3755023,4.993304953986539e-14,2.588962862151685e-13
7,ANGPTL4,4.6094832,3.3634834,4.036710858226077e-06,1.573892759578941e-05
7,KCNAB1,3.7272985,3.3586364,0.00019354317785421084,0.000696859156330393
7,ABLIM3,4.0603514,3.3578598,4.89989119321436e-05,0.0001820203571017743
7,FABP5,55.78061,3.3567836,0.0,0.0
7,DDO,2.939243,3.3391407,0.0032901494255987603,0.010977938928746723
7,TMEM158,7.924243,3.3330033,2.2954065980771044e-15,1.239415299209802e-14
7,ADGRG6,11.49354,3.331647,1.4216507245767772e-30,1.0774634365986869e-29
7,ELL2,39.484604,3.3278606,0.0,0.0
7,CD276,25.079035,3.3265522,8.422798236078198e-139,2.074290239700947e-137
7,STARD8,16.716505,3.324556,9.937960686319687e-63,1.2360263618997286e-61
7,RAB13,51.44656,3.3225868,0.0,0.0
7,IGF1,34.39971,3.3131475,2.5467047417220128e-259,1.1678190423205081e-257
7,G0S2,14.429295,3.307951,3.3852466412252455e-47,3.428172278517322e-46
7,PXDC1,24.564436,3.3074915,3.032341211631946e-133,7.198200447612024e-132
7,FCGR2A,74.37117,3.3059154,0.0,0.0
7,SIGLEC11,9.937277,3.304805,2.865525782984815e-23,1.8740315346460438e-22
7,PLA2G15,39.25025,3.2993543,0.0,0.0
7,ZBED3-AS1,11.019872,3.297071,3.06494338423815e-28,2.2252338542787994e-27
7,CD74,70.601776,3.2930717,0.0,0.0
7,AIF1,66.06932,3.288542,0.0,0.0
7,MS4A6A,65.807274,3.287264,0.0,0.0
7,SLAMF8,46.801426,3.2798538,0.0,0.0
7,GAS2L3,22.884615,3.27545,6.612302000359584e-116,1.3771321962608736e-114
7,MIR34AHG,10.180977,3.2742286,2.4112762026257746e-24,1.6151996877883575e-23
7,PDGFB,16.109108,3.273957,2.201757377131628e-58,2.587441644677081e-57
7,TNS3,47.52843,3.2696936,0.0,0.0
7,NHSL1,15.172331,3.2666552,5.392702914233823e-52,5.844048701620785e-51
7,EDNRB,10.738462,3.2541497,6.715370546318039e-27,4.746214440316753e-26
7,EPB41L1,6.4843807,3.2532248,8.909710474127688e-11,4.1390714207705465e-10
7,STON2,11.256695,3.250447,2.1465895183979485e-29,1.5955902415855073e-28
7,LUCAT1,17.108412,3.2488945,1.284536474958843e-65,1.6555950305067957e-64
7,TTYH3,63.903362,3.2457917,0.0,0.0
7,SMPDL3A,27.203997,3.2430053,5.824810482334002e-163,1.65162768419722e-161
7,ETV5,27.197983,3.2347553,6.861571780933301e-163,1.943818506263112e-161
7,ARHGAP6,11.73935,3.231585,8.009962005442172e-32,6.215513324182808e-31
7,TFPI,14.395266,3.2307925,5.541175994638147e-47,5.5894623520326765e-46
7,TIMP2,75.13837,3.2221656,0.0,0.0
7,M1AP,3.891258,3.2083678,9.972578746592589e-05,0.0003644153361562274
7,MPP1,60.9073,3.2079618,0.0,0.0
7,PLXNA1,24.210009,3.2046614,1.7453343925312107e-129,4.046740440357249e-128
7,AVPI1,23.119373,3.190817,2.9565073896151665e-118,6.2801906454182784e-117
7,AC239798.2,2.6260905,3.1881442,0.008637181834786829,0.027789858314361496
7,DRAM1,44.07062,3.182967,0.0,0.0
7,MRAS,25.44938,3.1820374,7.1719058873294405e-143,1.80801056492407e-141
7,KLHDC8B,19.720457,3.1817455,1.4392148240960723e-86,2.299990308600688e-85
7,SDSL,35.357807,3.1786778,7.606033519368032e-274,3.707881356200438e-272
7,SLC46A1,20.683464,3.177569,4.880806059072583e-95,8.46052007110243e-94
7,FRMD4A,33.204967,3.175914,9.126684281709334e-242,3.869388629558167e-240
7,VAT1,41.610065,3.1746686,0.0,0.0
7,ZMYND15,15.48042,3.173699,4.7039059704679906e-54,5.242828050099322e-53
7,AL035446.1,13.890967,3.1696827,7.18580065670168e-44,6.914431534765842e-43
7,CTSZ,78.438484,3.1683993,0.0,0.0
7,TMEM52B,6.195318,3.1656265,5.81674514202137e-10,2.6267992709593e-09
7,CDCP1,23.17358,3.159397,8.411148304131892e-119,1.7928507630055473e-117
7,SHE,2.7513483,3.1552305,0.005935049281876922,0.019361892353279505
7,AL356417.3,7.5897455,3.1533046,3.205346158443798e-14,1.6723098196999064e-13
7,UNC13B,7.7915483,3.150084,6.6193077102267465e-15,3.5248611888349075e-14
7,CYTL1,4.3855352,3.1498964,1.1570088963940702e-05,4.4224182489304384e-05
7,P2RY12,3.2621844,3.1432676,0.0011055720675855803,0.0038089305420652693
7,B3GNT5,32.73875,3.1390102,4.3899428515754654e-235,1.7876148051863361e-233
7,LRP1,70.03362,3.137365,0.0,0.0
7,OSGIN1,6.9481173,3.1302948,3.701932668259879e-12,1.8095149925337352e-11
7,DSC2,40.892624,3.1293702,0.0,0.0
7,LY96,63.30121,3.125565,0.0,0.0
7,EPB41L3,57.796223,3.121215,0.0,0.0
7,ACVRL1,12.871518,3.1203256,6.510931971256478e-38,5.6542111389610556e-37
7,SLC29A1,26.360552,3.1179907,3.884861925167924e-153,1.0341897288644705e-151
7,SLC15A3,61.923042,3.1114087,0.0,0.0
7,HLA-DPA1,65.97498,3.107901,0.0,0.0
7,ALCAM,53.893375,3.1073775,0.0,0.0
7,PLAUR,54.40492,3.1037219,0.0,0.0
7,DNAJC5B,9.840707,3.0952795,7.518052037515908e-23,4.877423054649542e-22
7,PTPRO,27.190966,3.0930111,8.306529976561725e-163,2.3488556448819143e-161
7,RIN2,42.05681,3.0927625,0.0,0.0
7,GPR84,16.97941,3.0879564,1.1665071138357002e-64,1.4824521121430917e-63
7,LINC00900,9.140292,3.0872986,6.22835849486382e-20,3.79086010241741e-19
7,THRB,2.7355173,3.0871964,0.00622823308351214,0.02027374056224196
7,SIRPA,64.49539,3.0827248,0.0,0.0
7,MCOLN1,53.603878,3.0800228,0.0,0.0
7,SAT1,78.02291,3.0798242,0.0,0.0
7,SLC38A6,41.260155,3.07936,0.0,0.0
7,TNFSF15,6.4782453,3.0767288,9.279551541370029e-11,4.3082935179378624e-10
7,TFCP2L1,10.055165,3.0761924,8.717522212338267e-24,5.770667359536064e-23
7,SIGLEC12,7.1240435,3.073199,1.0480608214549329e-12,5.201929630433212e-12
7,CTTNBP2NL,39.696953,3.070518,0.0,0.0
7,DTNA,8.407343,3.069478,4.194033394964182e-17,2.371653149943229e-16
7,BMP2K,64.30899,3.0681643,0.0,0.0
7,CTSD,71.07047,3.067723,0.0,0.0
7,PLEKHG5,3.6465423,3.0670836,0.0002657927060411136,0.0009505733818112355
7,AC026369.3,5.6162014,3.0665374,1.952012826342134e-08,8.318056035262146e-08
7,ABCC3,32.572453,3.0661774,1.0072836037714805e-232,4.0642446921364425e-231
7,GM2A,55.230335,3.065236,0.0,0.0
7,MIR3945HG,5.7462473,3.064013,9.124582110661881e-09,3.936536282722317e-08
7,PRELID3A,5.2261324,3.0638094,1.7309243052534865e-07,7.12637238610224e-07
7,SPHK1,19.977776,3.0557606,8.597074023194335e-89,1.3962678236199017e-87
7,SRGAP1,32.2965,3.0551019,7.832626793216485e-229,3.111606636220333e-227
7,METTL27,5.1088066,3.052411,3.2420016793771765e-07,1.3182547810092146e-06
7,PGBD5,3.630461,3.051284,0.0002829153981249624,0.0010102907232638029
7,C15orf48,27.626493,3.0508797,5.348573557510382e-168,1.5743653613521273e-166
7,HNMT,64.35452,3.0451186,0.0,0.0
7,TRPV4,4.655856,3.037053,3.2263749070735465e-06,1.2635272333112279e-05
7,TIMP1,61.46174,3.0335739,0.0,0.0
7,NCEH1,40.983814,3.0335472,0.0,0.0
7,FZD5,11.301969,3.030005,1.2830897916963207e-29,9.578854152646903e-29
7,SH3RF3,6.775771,3.0276508,1.2374449040852996e-11,5.939697103675161e-11
7,RBM47,63.196236,3.0273192,0.0,0.0
7,TMEM26,3.1696382,3.023758,0.0015262884105147342,0.005208457094377707
7,SPTLC3,9.014816,3.0191896,1.9720098229880313e-19,1.1832441778119022e-18
7,AC015917.2,5.3204336,3.01897,1.0352008543744088e-07,4.2963546134214924e-07
7,AL161935.3,9.946739,3.014663,2.605822829005962e-23,1.706678664464659e-22
7,TMEM255A,4.7204614,3.014121,2.3531011810225365e-06,9.258726696608979e-06
7,ACP2,42.413975,3.0085137,0.0,0.0
7,KCTD12,69.42209,3.0082593,0.0,0.0
7,SLC22A23,9.359722,3.005006,7.994689722366504e-21,4.9676693857897375e-20
7,FOXRED2,11.61864,3.0016305,3.3136802305419053e-31,2.540707389862532e-30
7,CAMSAP2,24.564007,2.9930997,3.0645038089015355e-133,7.268965404583251e-132
7,PLAU,29.886917,2.9926426,2.9108685610832513e-196,1.0074604100492726e-194
7,APBA1,7.779994,2.9920776,7.252785568967104e-15,3.8575433415946703e-14
7,TBC1D16,13.923694,2.9865177,4.547834532776454e-44,4.395244587383424e-43
7,CH25H,4.3168473,2.9858754,1.582734972847063e-05,6.0169237153486064e-05
7,PTGR1,23.99189,2.984477,3.379305480404344e-127,7.685371190791542e-126
7,BHLHE41,30.544825,2.9784536,6.624263011619748e-205,2.36963075115893e-203
7,CYBB,66.91164,2.9756105,0.0,0.0
7,SLC48A1,27.984585,2.9701886,2.5028469553901404e-172,7.561631559163545e-171
7,CFD,56.550358,2.9686067,0.0,0.0
7,SLC37A2,36.05351,2.9640665,1.2151153683750395e-284,6.311860620229806e-283
7,GLMP,42.859455,2.9617074,0.0,0.0
7,EGFL7,12.293132,2.9600503,9.86104944727419e-35,8.097116239822088e-34
7,OSM,13.803172,2.9580834,2.4388128625636005e-43,2.327868719680457e-42
7,SERPING1,32.877388,2.9538436,4.626543628014854e-237,1.9142246842176052e-235
7,EPB41L2,46.85984,2.9522471,0.0,0.0
7,FABP4,3.0397816,2.9511619,0.002367497036324612,0.007972568195868902
7,DZIP1L,6.32978,2.944181,2.455110996470158e-10,1.1236504600607609e-09
7,PLXND1,52.256413,2.9395385,0.0,0.0
7,MFSD1,67.24371,2.9389992,0.0,0.0
7,TRIB1,32.803566,2.938654,5.237864691067781e-236,2.1498895618437174e-234
7,CXADR,9.289964,2.9365008,1.5434041642233236e-20,9.540398500730051e-20
7,TGFBI,63.00558,2.9348247,0.0,0.0
7,ENPP2,24.190178,2.9304934,2.8226577481622256e-129,6.529931363955831e-128
7,LYZ,55.7913,2.9284127,0.0,0.0
7,SIPA1L2,26.183989,2.9211154,4.0444745792552955e-151,1.0638517091152632e-149
7,APOC2,10.2364025,2.9190648,1.3620721331346426e-24,9.153634141942247e-24
7,EMP2,16.12926,2.915091,1.5891295047565448e-58,1.8746269314316996e-57
7,AC009974.1,5.2301445,2.914506,1.6937774654898945e-07,6.977153155523946e-07
7,HECTD2,18.868784,2.913898,2.059848074003079e-79,3.1238333868112444e-78
7,SOCS6,28.419983,2.9127755,1.1453897322598281e-177,3.5903205329568464e-176
7,HGF,28.350155,2.9104273,8.333175631806413e-177,2.5910810789963866e-175
7,EPS8,41.287144,2.9041052,0.0,0.0
7,C1orf54,39.877308,2.8975284,0.0,0.0
7,HSF4,8.660602,2.8973136,4.692823859946769e-18,2.7263365984844882e-17
7,BLVRB,63.189663,2.8959138,0.0,0.0
7,HOMER3,44.654694,2.8955283,0.0,0.0
7,TCTEX1D1,3.8191993,2.8936515,0.00013388556235915643,0.0004862515952801936
7,RNF150,2.66403,2.8933904,0.007721064170407103,0.024946156211036203
7,RARRES1,17.307518,2.8930988,4.128342867636257e-67,5.401976842084411e-66
7,FCGR1A,41.242043,2.892619,0.0,0.0
7,AL590617.2,13.755796,2.8858268,4.700754108168212e-43,4.467595548005994e-42
7,FBP1,41.951653,2.8820744,0.0,0.0
7,MMP12,4.1186147,2.88004,3.811566738418107e-05,0.00014241307203129646
7,LMNA,42.90221,2.874757,0.0,0.0
7,PLXDC2,66.52168,2.8707936,0.0,0.0
7,CDS1,3.9756668,2.8628364,7.018236580206282e-05,0.00025890742180047216
7,KCNQ3,4.192181,2.862775,2.762855367395947e-05,0.00010392061681891996
7,FSCN1,19.06427,2.8597407,5.002172775972614e-81,7.680186487182593e-80
7,SPR,8.65314,2.8435047,5.010129414494212e-18,2.909584175380921e-17
7,SNX24,34.460022,2.842164,3.1872959220966293e-260,1.4681036522241507e-258
7,SEMA6B,23.707584,2.839188,3.011481678436886e-124,6.700926150860246e-123
7,CD109,17.772429,2.8349261,1.1557797927360038e-70,1.5778129882549325e-69
7,NECTIN2,35.361633,2.8343754,6.642713214576073e-274,3.2433860556540707e-272
7,CA12,3.7347245,2.8317418,0.00018792068760059157,0.0006774833420822914
7,ABCG2,4.921791,2.8307838,8.575574619725902e-07,3.436790518307423e-06
7,TTC23,5.7778816,2.828911,7.564707527510765e-09,3.2754611313081426e-08
7,FXYD6,20.203592,2.8286371,9.102881116318616e-91,1.5061174874842584e-89
7,LINC01736,3.144891,2.8144155,0.00166148743434584,0.0056511051098631975
7,RASAL2,22.188074,2.8133001,4.477631149772218e-109,8.769971225982886e-108
7,PSD3,13.539964,2.803267,9.083426852203242e-42,8.430674886517886e-41
7,MS4A4E,8.046029,2.793677,8.552375402188003e-16,4.672587352933084e-15
7,HTR7,4.426878,2.7908778,9.560667908146564e-06,3.667058364818638e-05
7,NINJ1,58.164307,2.7873545,0.0,0.0
7,IL1RN,14.967582,2.7871714,1.1959094028768795e-50,1.273233617454899e-49
7,BTBD19,8.074675,2.782892,6.765689839161543e-16,3.70954720345868e-15
7,C3,26.233036,2.7819545,1.1162780164897046e-151,2.9437546634511347e-150
7,HLA-DPB1,62.602665,2.7795608,0.0,0.0
7,FTH1,80.36857,2.7790155,0.0,0.0
7,AC037459.2,6.582014,2.776154,4.6411832219902885e-11,2.1806787753428677e-10
7,DAGLA,4.898107,2.7739246,9.67642739407187e-07,3.873955200370198e-06
7,APLP2,71.94785,2.7721472,0.0,0.0
7,ALDH1A1,28.70894,2.7704327,2.950813728589017e-181,9.480332630925236e-180
7,GAA,56.500027,2.7695477,0.0,0.0
7,FLVCR2,22.78987,2.7681377,5.778700319989075e-115,1.1954637937744467e-113
7,CDK18,6.5168962,2.7619486,7.177711492678117e-11,3.3485513827049446e-10
7,WLS,19.977413,2.7592273,8.659571227002531e-89,1.4056794533244076e-87
7,FAM110B,5.7031717,2.757562,1.1759830326792176e-08,5.049473130177352e-08
7,MMP2-AS1,4.345887,2.7562623,1.3871393763679535e-05,5.287004156542649e-05
7,HLA-DMA,66.56646,2.7555468,0.0,0.0
7,GNS,61.415478,2.753637,0.0,0.0
7,AC074327.1,7.30024,2.7496445,2.8725468843801584e-13,1.4532952456300139e-12
7,RAB31,64.081184,2.7441816,0.0,0.0
7,ATP6V0A1,51.913383,2.740005,0.0,0.0
7,ARHGEF10L,29.465242,2.737669,8.031148878946981e-191,2.715740901549391e-189
7,ITGAV,43.790546,2.7375233,0.0,0.0
7,FCGBP,15.295133,2.7353828,8.239241501109803e-53,9.052621296651285e-52
7,LOXL3,15.827607,2.7321835,2.0070929389916726e-56,2.298377972042076e-55
7,TFEC,55.345627,2.727951,0.0,0.0
7,HPGDS,16.085331,2.7143145,3.233179437535352e-58,3.788016560875857e-57
7,AXL,33.185257,2.7106793,1.75690533164614e-241,7.438448367833871e-240
7,GRINA,62.758938,2.7099922,0.0,0.0
7,MAF,54.352604,2.7076783,0.0,0.0
7,LTBP2,9.166731,2.7054589,4.875794019708406e-20,2.9746578319606733e-19
7,IDH1,49.672684,2.697555,0.0,0.0
7,CXCL10,3.239932,2.6920183,0.0011955821338810425,0.004111243548271182
7,FAM129B,27.291431,2.6890006,5.36106428345833e-164,1.5356294143544636e-162
7,TCEAL9,25.116049,2.6881833,3.3217504766462823e-139,8.206662028913401e-138
7,ASAH1,69.93351,2.6860268,0.0,0.0
7,TMEM255B,13.116852,2.684428,2.6366316795746776e-39,2.355213159555334e-38
7,LGALS3BP,35.831944,2.6842184,3.5145558127648353e-281,1.7954442397540955e-279
7,TTC7B,11.062599,2.681231,1.9049657437192562e-28,1.3869676381891885e-27
7,SIGLEC15,5.0367975,2.6795394,4.733850820341199e-07,1.9127876494219564e-06
7,RAB39A,12.687792,2.6772888,6.910687810964423e-37,5.883984247203235e-36
7,TBC1D12,24.680086,2.6736372,1.7500694137944216e-134,4.202750223165827e-133
7,MTUS1,14.990998,2.670823,8.407973761568731e-51,8.960870518924303e-50
7,LAMB3,5.246767,2.6665637,1.5479142624896089e-07,6.38566285514767e-07
7,KCNK13,8.173654,2.6599326,2.9918756218528836e-16,1.6533148550796903e-15
7,TLR4,52.969296,2.6568348,0.0,0.0
7,ENG,53.070103,2.6499665,0.0,0.0
7,TREM1,24.372805,2.648918,3.3232103050386314e-131,7.786994761018118e-130
7,TLR5,30.609095,2.647095,9.263188883445713e-206,3.332914770904036e-204
7,ARMCX1,15.498617,2.6464994,3.544378452855636e-54,3.9561612438573183e-53
7,PRSS36,10.529519,2.6425185,6.31563174227841e-26,4.370739593788598e-25
7,SLC43A3,41.972996,2.6363566,0.0,0.0
7,TIMD4,3.1448011,2.636312,0.0016619979213439978,0.005652219383250324
7,AP1B1,55.22225,2.6343148,0.0,0.0
7,ACOT11,13.591508,2.6270556,4.497200457860995e-42,4.1967081688137006e-41
7,ACSL1,47.31592,2.6240623,0.0,0.0
7,COL8A2,11.954036,2.6195467,6.18475518785282e-33,4.8988269756782954e-32
7,IGSF6,58.75878,2.6190538,0.0,0.0
7,RTL5,8.509251,2.614943,1.7506157834332285e-17,1.0025251439423902e-16
7,PLBD2,34.33834,2.614541,2.102631655250865e-258,9.613319019058947e-257
7,CD86,55.85168,2.6138244,0.0,0.0
7,LTC4S,29.323162,2.6125083,5.255790741947207e-189,1.7656600484930688e-187
7,FCGR3A,55.593277,2.6063716,0.0,0.0
7,SMAD6,2.9806726,2.6054912,0.002876161182771803,0.0096382428359458
7,GAREM1,2.5800254,2.6032586,0.009879303397761338,0.03165125221463768
7,GPX3,24.21033,2.6027975,1.7318203832752812e-129,4.018421365306991e-128
7,FUCA1,44.815277,2.602292,0.0,0.0
7,SLC22A18AS,8.5531025,2.6016285,1.1982378426372446e-17,6.890034791142199e-17
7,OLFML3,12.499667,2.59701,7.496421654977017e-36,6.273812729227584e-35
7,SMIM25,43.575634,2.5957985,0.0,0.0
7,GNB4,54.992863,2.595315,0.0,0.0
7,SLC36A1,24.422606,2.59513,9.839707104636957e-132,2.3109105431840003e-130
7,ACP5,47.86108,2.5945687,0.0,0.0
7,LINC01857,17.959158,2.589155,4.069361801687754e-72,5.678183530689093e-71
7,TMEM176B,49.029404,2.5884588,0.0,0.0
7,SLC18B1,26.87415,2.5847945,4.405074630409223e-159,1.2134370909274318e-157
7,ZNF697,6.476466,2.5841455,9.389575175944763e-11,4.3587203358805164e-10
7,SLC43A2,49.163742,2.5835886,0.0,0.0
7,LACC1,31.544903,2.5800424,2.1062495339396202e-218,7.900225041926194e-217
7,MB21D2,9.6252575,2.5798147,6.255013726420763e-22,3.985234162904278e-21
7,PTAFR,55.32169,2.5796208,0.0,0.0
7,ARHGAP18,65.013504,2.577783,0.0,0.0
7,RNASE6,59.772446,2.5763938,0.0,0.0
7,IER3,45.483913,2.5721068,0.0,0.0
7,LINC01503,19.51834,2.5700464,7.669045463980289e-85,1.2087057019645017e-83
7,TP53INP2,8.773702,2.5682561,1.7288651436617488e-18,1.0152771232216164e-17
7,DEPTOR,10.145853,2.5626898,3.4574434159642594e-24,2.3054844370487027e-23
7,CTSS,62.148212,2.5575433,0.0,0.0
7,CD84,62.715034,2.5549183,0.0,0.0
7,ICAM1,36.870975,2.5536757,1.3490437629686444e-297,7.327749662930034e-296
7,ARRDC4,27.076431,2.5534103,1.866046131570732e-161,5.219356360946299e-160
7,GBGT1,28.136557,2.5527585,3.5001008208522803e-174,1.0731906356158873e-172
7,RPS6KA2,18.041088,2.5502956,9.269950854754661e-73,1.304673820892087e-71
7,NLN,30.114882,2.5493152,3.0939907115788653e-199,1.085425322619387e-197
7,GPC4,3.6575224,2.54576,0.00025466505969974775,0.0009118319045574726
7,CLEC10A,42.338425,2.5447266,0.0,0.0
7,AL137186.2,7.556148,2.5441418,4.1518112096063684e-14,2.158452969811674e-13
7,ATF5,36.54603,2.5428312,2.0618798567401096e-292,1.0949574008980511e-290
7,FNIP2,40.405445,2.5401635,0.0,0.0
7,HLA-DQB1,59.15332,2.5395138,0.0,0.0
7,HLA-DQA1,53.77785,2.5390737,0.0,0.0
7,C5AR2,22.492943,2.5327513,4.866306619510591e-112,9.75875734756821e-111
7,CCDC88A,63.721016,2.5284817,0.0,0.0
7,WDFY3,37.208088,2.5261455,5.0495019721687014e-303,2.83239487212011e-301
7,ATF3,17.94021,2.5256798,5.723718344780067e-72,7.961429472642554e-71
7,SCARB2,58.625374,2.5250053,0.0,0.0
7,CDKN1A,30.069893,2.5227592,1.1998417414154875e-198,4.1997178597880486e-197
7,CTDSPL,9.50521,2.521576,1.9964423942633357e-21,1.2582390921593987e-20
7,DST,41.019123,2.5088816,0.0,0.0
7,TBC1D2,25.34422,2.508278,1.0406664448348767e-141,2.602255486287341e-140
7,BRI3,68.095,2.4992275,0.0,0.0
7,DSE,51.390358,2.4989715,0.0,0.0
7,BATF2,3.7826881,2.4981847,0.0001551438116042065,0.0005613474344709916
7,ZBED3,16.148317,2.4980574,1.1670055437143195e-58,1.3792979097353143e-57
7,FFAR4,8.191963,2.4979534,2.5699844923587473e-16,1.4229758277558547e-15
7,KIFC3,22.429014,2.4951854,2.051331148253318e-111,4.0956390051075774e-110
7,CDC42BPB,29.393585,2.4940083,6.632600820507393e-190,2.2306179930296193e-188
7,FAXDC2,7.3757467,2.492964,1.634265394629165e-13,8.341905954055095e-13
7,FGD5,6.325139,2.4928987,2.530049373957548e-10,1.1572626313586788e-09
7,CXCL1,3.055262,2.4920282,0.0022486400829157265,0.007584712325949618
7,ADORA2B,5.100196,2.4914236,3.3930240897436553e-07,1.3791188261665855e-06
7,HS3ST1,11.644658,2.490195,2.44300494807635e-31,1.876390505223552e-30
7,SDCBP,71.16437,2.4895494,0.0,0.0
7,IL13RA1,55.19282,2.4881127,0.0,0.0
7,AC144831.1,4.840319,2.4853277,1.2963079883040164e-06,5.159689761044718e-06
7,SHTN1,50.747776,2.484093,0.0,0.0
7,CYBRD1,31.804821,2.4840543,5.552234447193487e-222,2.129068363019964e-220
7,AQP9,21.887953,2.4836614,3.383747758883812e-106,6.475634178564828e-105
7,KCNJ15,5.5531454,2.481273,2.8057479983372775e-08,1.1893739320341549e-07
7,TYROBP,61.683113,2.4768384,0.0,0.0
7,EREG,7.438897,2.4752123,1.0152952471885342e-13,5.211714035020101e-13
7,TRIP6,25.410511,2.4720745,1.9300321707722594e-142,4.845776141515696e-141
7,MT1G,4.759097,2.4698713,1.9446066417024493e-06,7.683707168895117e-06
7,SPI1,60.762936,2.4642239,0.0,0.0
7,CCDC170,22.49292,2.4636757,4.868801187417148e-112,9.75875734756821e-111
7,EHD4,44.313663,2.4625466,0.0,0.0
7,LRP12,15.934935,2.4579034,3.625813140415587e-57,4.197116356959721e-56
7,ZNF205,6.5615935,2.4561157,5.323573304735194e-11,2.49599029322589e-10
7,EBI3,10.852541,2.45483,1.93958004865486e-27,1.389260731489589e-26
7,HLA-DMB,60.49846,2.4545462,0.0,0.0
7,CHST13,10.341288,2.4535306,4.583373256310788e-25,3.1113181909246104e-24
7,HEXB,58.278385,2.4532192,0.0,0.0
7,CUEDC1,19.861666,2.4528646,8.73652926772197e-88,1.4063536983202237e-86
7,HLA-DOA,32.860382,2.4522755,8.095974979176661e-237,3.336297315752174e-235
7,TPP1,66.46683,2.4511,0.0,0.0
7,RENBP,37.636497,2.4459612,5.4409052932848e-310,3.1432160728888543e-308
7,SCAMP5,4.6157985,2.4451368,3.915870030272153e-06,1.527742931401432e-05
7,GPR137B,39.06603,2.444217,0.0,0.0
7,MYOF,35.29293,2.4416726,7.538672480975018e-273,3.663486641029794e-271
7,PTGS1,24.366547,2.4403555,3.87167162701613e-131,9.065284467892996e-130
7,TLR7,26.424694,2.4340706,7.130419103092093e-154,1.9097041873420043e-152
7,HAAO,11.145013,2.4317286,7.573335569820048e-29,5.544033217821607e-28
7,LYNX1,4.167312,2.4311712,3.082120299596498e-05,0.00011561972581578952
7,CHCHD6,17.684542,2.4287786,5.5168079533002927e-70,7.458791925312867e-69
7,CLIC4,32.50245,2.428445,9.846406860128922e-232,3.9573848742003198e-230
7,ABCC5,36.15112,2.4276981,3.572628282559281e-286,1.8683455554832437e-284
7,C17orf107,3.1930091,2.4238696,0.0014079845917274647,0.004817511322541874
7,CPVL,57.601154,2.4224334,0.0,0.0
7,PGM5,3.1703312,2.4172707,0.0015226524828788439,0.0051966232650548175
7,CTTNBP2,10.371898,2.4112096,3.3284922676783453e-25,2.2644444313699013e-24
7,SNX8,34.35692,2.4082782,1.1102284572990603e-258,5.083530508109935e-257
7,ASIP,4.783943,2.407826,1.7188934040274195e-06,6.8048979682689195e-06
7,DAPK1,39.795334,2.4070435,0.0,0.0
7,AP2A2,47.52656,2.4015126,0.0,0.0
7,H1F0,26.940311,2.4014874,7.408549419684158e-160,2.057286944422087e-158
7,PTCRA,8.269152,2.4012136,1.3491542726313169e-16,7.53629334975892e-16
7,SLC38A7,25.629543,2.4006536,7.149461793225863e-145,1.827695745601586e-143
7,DNAJB5,4.5034003,2.4005942,6.687469484311833e-06,2.5813615505386017e-05
7,IL4I1,28.415878,2.3988218,1.2872592713326908e-177,4.030934376806431e-176
7,TMEM176A,37.843864,2.3970776,0.0,0.0
7,CTSH,60.844276,2.3970351,0.0,0.0
7,RTN2,11.261666,2.3959727,2.028856668958765e-29,1.5095299245909618e-28
7,LAIR1,61.314186,2.395797,0.0,0.0
7,B3GALNT1,9.103783,2.3950076,8.723945130557402e-20,5.284809332617359e-19
7,PPP1R3G,3.8519194,2.3930368,0.00011719554048493921,0.00042678950981124266
7,ACRBP,9.982859,2.3918753,1.8117117472776643e-23,1.1898549718043089e-22
7,PER3,20.084906,2.390104,1.000123443323055e-89,1.6346279885132553e-88
7,COLGALT1,51.80634,2.3861587,0.0,0.0
7,AC007336.1,11.356486,2.3852777,6.88586843932282e-30,5.163064916403456e-29
7,FRMD4B,49.559406,2.381204,0.0,0.0
7,NR4A3,8.747024,2.3805954,2.190532374635186e-18,1.2846828103007531e-17
7,PLA2G4C,8.596316,2.3805299,8.2315807396847e-18,4.75272680593004e-17
7,NYNRIN,3.4895875,2.377011,0.0004837663606985555,0.001704682124057719
7,FAM72A,12.657653,2.375404,1.0148830805742476e-36,8.614938580419739e-36
7,SLC6A8,4.2585516,2.373697,2.0575579388324253e-05,7.786573186665087e-05
7,GK,35.115738,2.373089,3.877391186653141e-270,1.8550855945184e-268
7,GNA15,35.44138,2.3705316,3.938232679282145e-275,1.9443922910315216e-273
7,INAFM2,27.747692,2.3704472,1.8579141700721082e-169,5.516095413488822e-168
7,OCRL,9.295078,2.3688676,1.4709784465946768e-20,9.098165068821628e-20
7,IQCK,6.890025,2.368078,5.578259990491727e-12,2.7146477960341337e-11
7,RND3,5.8871284,2.367697,3.92963703870935e-09,1.7203015857703948e-08
7,CCR1,53.76648,2.3667648,0.0,0.0
7,GNPDA1,45.35885,2.3643067,0.0,0.0
7,CEP170,53.70845,2.362775,0.0,0.0
7,ZC3H12C,7.318341,2.362308,2.5105549169764077e-13,1.2724454053622473e-12
7,PLIN2,47.691742,2.3580441,0.0,0.0
7,CR1,35.81129,2.3574543,7.36923689418258e-281,3.75224060442341e-279
7,HSD3B7,16.0477,2.3549972,5.932054992084323e-58,6.934267157350611e-57
7,SLC31A1,39.357307,2.3542066,0.0,0.0
7,EMILIN2,54.53467,2.3531783,0.0,0.0
7,UNC5B,10.452904,2.3454552,1.421065212352981e-25,9.747195410162801e-25
7,TLN2,5.7656736,2.3394783,8.133238393623097e-09,3.51670395959302e-08
7,PEX11G,5.8994513,2.3379285,3.647130200270211e-09,1.597984875244562e-08
7,AK4,8.864028,2.336584,7.717419037394046e-19,4.569392149209536e-18
7,C20orf194,33.85456,2.3361053,3.109562116236827e-251,1.3808510966455692e-249
7,AFAP1L1,2.4938562,2.3357935,0.012636374449699518,0.04008543827536313
7,ETS2,48.909843,2.332346,0.0,0.0
7,PI4K2A,33.77053,2.3321817,5.3425646232482464e-250,2.352174427503327e-248
7,SLC2A9,10.0514965,2.3314874,9.04828659711225e-24,5.987056173345072e-23
7,JAG1,10.292353,2.331301,7.628900925585166e-25,5.157183746873594e-24
7,ADAMTSL4,26.93809,2.3297737,7.866203840331617e-160,2.1804552654092314e-158
7,DUSP3,40.068394,2.3252819,0.0,0.0
7,AL160272.1,7.3787937,2.3250086,1.5973003199310062e-13,8.159960493902084e-13
7,RFPL1S,4.2548113,2.3236537,2.0922530027860276e-05,7.91690298201613e-05
7,RHOBTB3,29.502201,2.3161168,2.6977970846629305e-191,9.132619331399474e-190
7,NAMPT,47.98275,2.3157127,0.0,0.0
7,FARP1,17.937405,2.3150737,6.020218026081231e-72,8.36631648075956e-71
7,SLC2A8,22.544273,2.314896,1.528345384603862e-112,3.0833270758454023e-111
7,GPRC5B,2.6772635,2.3126028,0.007422622046000059,0.024009521671975283
7,AC073611.1,7.564354,2.3114655,3.897972700443009e-14,2.0285341345780787e-13
7,AL161785.1,5.800607,2.3107367,6.607527363688931e-09,2.867839463973231e-08
7,BAIAP2,21.697643,2.310464,2.159467804000304e-104,4.0647181131691473e-103
7,EGR2,11.271332,2.309503,1.8179905548169216e-29,1.3539429898247372e-28
7,ABHD12,42.8258,2.3094108,0.0,0.0
7,SCN9A,3.623794,2.304509,0.0002903128673444589,0.0010357497161508937
7,PHLDA2,10.742817,2.300754,6.405921153353954e-27,4.5306133887119136e-26
7,ARPIN,28.500124,2.300551,1.1673082613072417e-178,3.6889566904113415e-177
7,MILR1,32.589306,2.297807,5.8137689405291935e-233,2.348838648953409e-231
7,CEBPA,37.048042,2.2968943,1.931011792064099e-300,1.0714862021063753e-298
7,IFNGR2,57.0839,2.2957048,0.0,0.0
7,TM6SF1,32.025497,2.2921727,4.8165341624897257e-225,1.867812062234253e-223
7,SIGLEC9,29.936724,2.2921555,6.55051007470055e-197,2.272240346563074e-195
7,LINC02381,3.950651,2.2897632,7.793894703171718e-05,0.0002868030760696848
7,CEBPB,59.115177,2.2821453,0.0,0.0
7,FILIP1L,23.30219,2.2820442,4.212261648026171e-120,9.104081871017125e-119
7,P3H2,6.1523767,2.275754,7.633022474056766e-10,3.4279835165020703e-09
7,IL17RC,9.742184,2.2745552,1.992263534950059e-22,1.2828101890562809e-21
7,SH3RF1,12.696833,2.2741044,6.157179230914738e-37,5.249653475582946e-36
7,HFE,13.573281,2.272523,5.76808935136286e-42,5.377808071872456e-41
7,FCER1G,54.390137,2.2687082,0.0,0.0
7,AP002954.1,3.797457,2.2676706,0.0001461881767283264,0.0005296879224082514
7,AC116667.1,7.5219345,2.2663522,5.3971573704266904e-14,2.7950727688970797e-13
7,CTSF,18.943666,2.2626867,4.9804813604323244e-80,7.582844207235559e-79
7,RCN3,16.818384,2.260992,1.789715522348369e-63,2.2449163006989057e-62
7,SLC11A1,41.845028,2.2603798,0.0,0.0
7,CADM1,16.151377,2.2588546,1.1105638197428012e-58,1.3135934166395239e-57
7,ARHGAP22,22.755976,2.2575123,1.2522507466076827e-114,2.5802209216935766e-113
7,HESX1,3.5158358,2.256971,0.0004383720948691076,0.0015487844462870953
7,PILRA,50.81617,2.255346,0.0,0.0
7,AC020909.2,5.811275,2.2550426,6.1998741957284316e-09,2.6931765533011755e-08
7,PC,7.653085,2.2524493,1.9621385790413843e-14,1.0315328637937075e-13
7,PRLR,8.88638,2.2517738,6.313201930671998e-19,3.747304245655453e-18
7,TPCN1,35.216488,2.2516174,1.1184543237828291e-271,5.409713268412504e-270
7,SEPT10,14.53807,2.2488782,6.952583565938911e-48,7.080181228088103e-47
7,ANKRD22,9.037144,2.2482615,1.6081955936293967e-19,9.677667681523317e-19
7,SOWAHC,7.4898825,2.2481863,6.89352982889895e-14,3.556306566879984e-13
7,NAV1,20.375677,2.247906,2.7489284124484814e-92,4.6350862216882277e-91
7,ACOX2,2.568554,2.2454524,0.010212385130096667,0.03267434650268092
7,DMXL2,49.720295,2.2445865,0.0,0.0
7,MARVELD1,22.304878,2.240181,3.313313177227976e-110,6.543423026746649e-109
7,IL6R-AS1,2.9326096,2.2400267,0.0033612629210155714,0.011207956964055268
7,SPIRE1,24.572641,2.2394698,2.477867221816334e-133,5.886505935793807e-132
7,ICOSLG,13.893784,2.2393196,6.908681299589277e-44,6.649847802130358e-43
7,HLA-DRB5,44.916176,2.2392786,0.0,0.0
7,ECM1,14.784795,2.2364275,1.836154810776426e-49,1.9120632323674864e-48
7,NUDT12,7.5211344,2.234088,5.43029906895014e-14,2.811294025528341e-13
7,DIP2C,4.9935455,2.2336397,5.928079170406301e-07,2.386909105259869e-06
7,SMOX,9.730438,2.2335143,2.2362766649558357e-22,1.4381315622927592e-21
7,CCRL2,23.807482,2.233217,2.7940204487546585e-125,6.271226580222239e-124
7,CLDN1,2.905608,2.2316148,0.0036654053242879655,0.012198415242572213
7,PRUNE2,4.5503016,2.230162,5.3569077254178366e-06,2.0773644550751455e-05
7,GRB10,6.763552,2.228379,1.3464874987452364e-11,6.457081322532045e-11
7,EEPD1,14.328608,2.2265487,1.4499815965330925e-46,1.4540746659327802e-45
7,LGALS3,53.76225,2.225994,0.0,0.0
7,LAMP2,60.39781,2.2244515,0.0,0.0
7,CELSR1,6.304867,2.2233636,2.8844149046398076e-10,1.3152642587445047e-09
7,OPLAH,6.398291,2.2233076,1.5712527819591163e-10,7.235207051848988e-10
7,IL18,44.8276,2.2224262,0.0,0.0
7,VPS37C,18.196602,2.2202365,5.490988236056906e-74,7.849674995920942e-73
7,ATP6AP1,56.970837,2.219285,0.0,0.0
7,TGFA,9.212347,2.2184184,3.1907056545594417e-20,1.9574263530263728e-19
7,CLEC4G,2.8194993,2.2174542,0.004809865620879506,0.015831577928064205
7,SEMA3C,12.876254,2.216773,6.123646824187182e-38,5.325367259289623e-37
7,ITPRIPL2,45.971085,2.2161062,0.0,0.0
7,CTNND1,42.209152,2.2154975,0.0,0.0
7,GTF2IRD1,4.2962637,2.215136,1.7370097095764017e-05,6.59044427864938e-05
7,ANXA5,66.30481,2.2125375,0.0,0.0
7,TUBB6,22.174566,2.212479,6.045486247055197e-109,1.182581287580601e-107
7,OMG,2.5968907,2.2117076,0.00940718499219133,0.030185617374756796
7,TNFSF13,4.5839877,2.2104435,4.561910351642869e-06,1.774414337254293e-05
7,VCAM1,4.2978077,2.2087686,1.724956390799208e-05,6.546319642734666e-05
7,BNC2,11.54858,2.2074752,7.504980310386173e-31,5.7202571258472366e-30
7,FCGR1B,17.958027,2.2056715,4.1531629684044514e-72,5.792500354895143e-71
7,CEP295NL,3.141636,2.199232,0.001680067968211374,0.0057099033091608685
7,ASPH,41.39798,2.1990173,0.0,0.0
7,FZD1,16.817165,2.196099,1.8269250476471157e-63,2.2906601398632617e-62
7,BLNK,25.178726,2.1950471,6.851044085160455e-140,1.7007648155827648e-138
7,NEDD4L,11.560035,2.194601,6.568222896908553e-31,5.007500371848857e-30
7,RGS12,26.02464,2.1942677,2.606300217230966e-149,6.786261231167436e-148
7,HTR2B,3.1986444,2.1932247,0.0013807540763529527,0.004726956827408143
7,PPARD,25.029219,2.1921618,2.940086069801572e-138,7.206125310020395e-137
7,IER5L,40.685593,2.188279,0.0,0.0
7,ST18,4.8824816,2.1871564,1.047589486169387e-06,4.186429822735615e-06
7,ST14,28.045242,2.1867442,4.565546654195559e-173,1.386123285277231e-171
7,ZNF219,10.593511,2.1864517,3.1938415915226104e-26,2.2237454847756098e-25
7,SDC4,17.105133,2.1860628,1.3589043782795496e-65,1.7507151988114233e-64
7,LPCAT2,39.264275,2.1853013,0.0,0.0
7,SLC29A3,21.379341,2.1818302,2.080434409517983e-101,3.818288972385528e-100
7,NCKAP5,4.142407,2.1816392,3.4367974703143126e-05,0.0001285969726573904
7,UACA,23.362444,2.1795363,1.0300370562379321e-120,2.2356288832265284e-119
7,GBA,33.60411,2.179051,1.4609963189554013e-247,6.350916066097692e-246
7,MAN1A1,42.83225,2.1782913,0.0,0.0
7,SOAT1,47.135155,2.1761882,0.0,0.0
7,DMD,2.9605198,2.1751382,0.003071203611452815,0.010268464952312002
7,HK2,20.384153,2.1741357,2.311796770876177e-92,3.9022775968033863e-91
7,RASGEF1B,32.6342,2.1729054,1.3427127517814598e-233,5.446092259751913e-232
7,AL390729.1,3.7606468,2.172504,0.00016947458996695493,0.0006123393911747341
7,GNA11,8.005593,2.1724658,1.1889186254149821e-15,6.468211222619407e-15
7,DOCK1,9.160376,2.1697743,5.171677413301543e-20,3.1545497101423086e-19
7,EYA2,3.0953617,2.1668253,0.001965729698837188,0.006650772611052104
7,CCND1,17.556963,2.1656156,5.261591409329212e-69,7.03373727024818e-68
7,RAP2B,54.777546,2.163601,0.0,0.0
7,NEURL2,3.7309792,2.161199,0.00019073705636831018,0.0006872359758889441
7,HLX,19.53632,2.16063,5.393331371201702e-85,8.509019534953088e-84
7,RNF130,60.236904,2.1602297,0.0,0.0
7,PTGFRN,9.185067,2.1574142,4.1127113107142036e-20,2.515566366123964e-19
7,SLC11A2,38.432537,2.1571474,0.0,0.0
7,IL1RAP,19.94726,2.1568947,1.5832880506362671e-88,2.5647108899903097e-87
7,HDAC2-AS2,3.0724683,2.1560233,0.0021229635506482157,0.0071686260744984595
7,ARHGEF11,24.127956,2.155302,1.2723839082033263e-128,2.934743988868672e-127
7,RASSF4,46.45161,2.1539042,0.0,0.0
7,BACE1,14.78454,2.1527352,1.843107283051581e-49,1.9186566789247293e-48
7,SOCS3,29.639751,2.1519363,4.59731654040175e-193,1.568314153578332e-191
7,GSN,50.9819,2.1514914,0.0,0.0
7,CCDC9B,4.6471457,2.1513436,3.365596967903213e-06,1.3163819980635864e-05
7,MOB3B,18.229174,2.1502116,3.0286659351089747e-74,4.343711278719865e-73
7,CD4,55.66561,2.1420825,0.0,0.0
7,MIR210HG,7.5121155,2.1398764,5.817946151272639e-14,3.008453433116672e-13
7,TBXAS1,53.017723,2.1380262,0.0,0.0
7,SLC41A2,13.368254,2.1351075,9.269132905943069e-41,8.465753271985296e-40
7,KCNE1,20.570782,2.1336856,5.015020729415618e-94,8.59674130249853e-93
7,TLR2,47.600548,2.133648,0.0,0.0
7,SORBS3,27.257072,2.1239545,1.3701339829495234e-163,3.9029245171447855e-162
7,AC011337.1,2.8422453,2.1190078,0.004479700377608949,0.014781050450598889
7,ATOX1,54.321186,2.116998,0.0,0.0
7,RNF13,56.877357,2.1158187,0.0,0.0
7,YBX3,51.651375,2.1149962,0.0,0.0
7,TFRC,31.785795,2.1146216,1.0172477483822705e-221,3.891098534560747e-220
7,CPED1,20.74067,2.1143498,1.4883909195048625e-95,2.588728089428069e-94
7,DISP1,9.35315,2.11394,8.50754172701412e-21,5.2820930525678064e-20
7,ZGLP1,11.844654,2.113561,2.293622684439191e-32,1.796477351950382e-31
7,ENHO,3.7572186,2.1066842,0.00017181246139475883,0.0006204238514228076
7,ZEB2,55.976765,2.106162,0.0,0.0
7,FAM198B,38.32467,2.1056356,0.0,0.0
7,BEST1,17.77034,2.1049802,1.1996065907457555e-70,1.63619774493288e-69
7,AC244090.1,23.295143,2.1048138,4.965505906883775e-120,1.0717101331288885e-118
7,RHOB,33.694794,2.1038954,6.8902430449294325e-249,3.020663004108283e-247
7,MYO5A,44.508423,2.1023333,0.0,0.0
7,TYMP,53.8901,2.1019526,0.0,0.0
7,SASH1,12.960743,2.101549,2.0426055920379536e-38,1.7894220814375576e-37
7,AC098613.1,3.355757,2.1012435,0.0007914805711061721,0.002754762388646223
7,SLC45A3,2.5796301,2.1005747,0.009890616246141584,0.03168421189049523
7,JDP2,34.63236,2.1005032,8.234586474917205e-263,3.8329271713895492e-261
7,IL3RA,14.794606,2.098689,1.587094623367347e-49,1.656054474153092e-48
7,REPS2,11.01589,2.0978227,3.203531038224549e-28,2.324760126752903e-27
7,P4HA1,41.41278,2.0974705,0.0,0.0
7,CD80,4.8205495,2.0970383,1.4316320128931398e-06,5.688064098533009e-06
7,QKI,59.68618,2.0944738,0.0,0.0
7,AC011899.2,15.583442,2.0941834,9.433577344944687e-55,1.062162386157397e-53
7,CSF2RA,43.038067,2.0919516,0.0,0.0
7,TRPM2,24.696646,2.0902236,1.162039671209638e-134,2.7949540947919285e-133
7,P2RY6,16.278187,2.0897355,1.4098534169703408e-59,1.6850092636621163e-58
7,AC092171.4,2.499267,2.0852432,0.012445046886770852,0.039510946495061816
7,ANPEP,25.067923,2.0840132,1.1133999583885703e-138,2.735441376304892e-137
7,PFKFB3,33.034664,2.0831704,2.5832577041754233e-239,1.0803889832604846e-237
7,ZFYVE16,48.733276,2.0819223,0.0,0.0
7,DIRC2,22.774313,2.0806527,8.242136838393089e-115,1.7028056367928822e-113
7,AC240274.1,9.764631,2.080402,1.5969223099957823e-22,1.0297533451917306e-21
7,HEXA,52.748688,2.0797331,0.0,0.0
7,AC025569.1,2.484707,2.0782952,0.012965802305837257,0.04107565107282821
7,CTSA,56.028843,2.0777156,0.0,0.0
7,IFI30,37.15048,2.0776527,4.306676377101829e-302,2.4069881878315777e-300
7,DIRC3,2.8287942,2.0766344,0.004672372267138522,0.015398700113078515
7,CD302,47.933315,2.07169,0.0,0.0
7,ZNF503,16.708132,2.0698204,1.1436199588344808e-62,1.4212248519379693e-61
7,CD180,27.682844,2.0692077,1.1235089932022848e-168,3.319722031826292e-167
7,RHOU,23.148706,2.0682778,1.4980319716956336e-118,3.190880368655889e-117
7,ZSWIM6,37.415844,2.0678668,2.159189564213902e-306,1.2267292621536594e-304
7,ST3GAL6,23.520916,2.0675921,2.4921220335136566e-122,5.466573150447593e-121
7,PDE6G,7.7093873,2.0671253,1.264229776589363e-14,6.683809391900008e-14
7,ALS2CL,3.6038015,2.0664666,0.00031359660875571996,0.001116370696476968
7,LBX2-AS1,4.3859076,2.0661597,1.1550304087992096e-05,4.415401959772068e-05
7,SLC22A16,2.7937655,2.0648494,0.005209825422430479,0.01709161175364174
7,THBS1,14.271867,2.0647037,3.2768719737568532e-46,3.260730266996235e-45
7,EDA,3.6314638,2.0621681,0.0002818182345477478,0.0010064890426585672
7,CREBL2,40.811287,2.0618162,0.0,0.0
7,ANKH,39.451572,2.0614595,0.0,0.0
7,FGD4,42.345985,2.060675,0.0,0.0
7,FRRS1,6.997471,2.0601466,2.6062394715802436e-12,1.2808243496284081e-11
7,CAMKK1,11.887564,2.060123,1.3735435711769084e-32,1.0807563939502216e-31
7,CPEB4,44.962467,2.0600865,0.0,0.0
7,ADA2,50.55358,2.0580187,0.0,0.0
7,LRP3,10.538796,2.0568798,5.722630440893911e-26,3.964791280804934e-25
7,NBPF1,15.21806,2.0565414,2.6837383610785458e-52,2.9227026612351877e-51
7,MTHFD1L,17.914648,2.0565286,9.063980433938148e-72,1.2584925573752306e-70
7,TMEM150B,10.221349,2.055271,1.591113463105862e-24,1.0681264944442413e-23
7,KMO,15.96731,2.055031,2.1589733280945486e-57,2.502902800128215e-56
7,GLA,33.737083,2.0544574,1.653786100456352e-249,7.270777668108745e-248
7,KLF4,26.385077,2.0521724,2.0327468469071716e-153,5.420716721083689e-152
7,VASH1,24.620739,2.051922,7.576041550938547e-134,1.8095264004239387e-132
7,HIF1A-AS2,4.0673876,2.0495987,4.754310355521893e-05,0.0001767398005269607
7,MT1M,2.4418235,2.0490623,0.014613291817794723,0.046087041858426686
7,AC005616.1,2.6385195,2.0489497,0.008326891572352519,0.026850207389327002
7,SLC25A19,23.720516,2.0480983,2.214848397204777e-124,4.9318673928247866e-123
7,MCEMP1,9.447986,2.0469844,3.4541470818352694e-21,2.167661398137719e-20
7,SPATA7,11.00502,2.0461738,3.614364667035987e-28,2.618592798032847e-27
7,SGPL1,35.186443,2.0447905,3.223317905172278e-271,1.551761471887221e-269
7,SNCA,22.285696,2.0432475,5.085970742647178e-110,1.002500623360946e-108
7,SNX9,41.653492,2.0430572,0.0,0.0
7,PRDX1,60.58248,2.042117,0.0,0.0
7,OPHN1,5.33033,2.042042,9.803449607018854e-08,4.071421889332595e-07
7,RASGRP3,20.801922,2.0417418,4.158112828907513e-96,7.289551514636671e-95
7,LGALS9,52.72117,2.0416038,0.0,0.0
7,AGAP3,29.064152,2.0391874,1.0194882920622249e-185,3.369981245215742e-184
7,CD83,24.064203,2.0391145,5.928135403703745e-128,1.3592053480880685e-126
7,AZU1,3.3016443,2.0383956,0.0009611990477246079,0.0033245052560457095
7,LRMDA,26.69626,2.0365787,5.201827005743767e-157,1.411526490487468e-155
7,SCARF1,11.765305,2.035706,5.891325756294006e-32,4.580709563516449e-31
7,MYO10,6.0651884,2.0352213,1.3179888134954628e-09,5.862006081264105e-09
7,DNM1,8.361893,2.0346215,6.171989178650723e-17,3.4778061904203807e-16
7,CORO1C,45.162,2.0328445,0.0,0.0
7,NAV2,3.949959,2.0322347,7.81646010941061e-05,0.0002875992054780401
7,TNFRSF10D,8.405129,2.0306456,4.2738924004898377e-17,2.415749678528519e-16
7,NLRP3,28.925043,2.0306091,5.782828624969058e-184,1.8833496766271726e-182
7,IL1B,12.785288,2.030516,1.9812866207774387e-37,1.7057277322665264e-36
7,AL391832.2,6.7616897,2.0275238,1.363914880691493e-11,6.53761123100682e-11
7,S100A9,47.352707,2.026609,0.0,0.0
7,UBTD1,9.089035,2.023724,9.992177428079979e-20,6.035337654283134e-19
7,ARHGAP21,39.543697,2.0236223,0.0,0.0
7,CABP4,2.9913137,2.0234752,0.0027777999871024927,0.009316707997979028
7,DLGAP3,4.7554927,2.0206387,1.979631716976049e-06,7.819102552917412e-06
7,LONRF3,6.9726415,2.016117,3.110446383809129e-12,1.5235272010204237e-11
7,WWC2,15.354697,2.0121276,3.2944610420128223e-53,3.641699121083344e-52
7,ATP6V1B2,52.901684,2.0113506,0.0,0.0
7,HIF1A,49.663944,2.0097346,0.0,0.0
7,CTNS,18.442453,2.0095873,5.995748480415548e-76,8.77002358183641e-75
7,IGF2BP3,4.3271246,2.0082684,1.5106847668959794e-05,5.750090405228329e-05
7,PRNP,49.06837,2.0071955,0.0,0.0
7,SLC8A1,41.12611,2.0055184,0.0,0.0
7,UHRF1BP1,23.665722,2.0050082,8.131778778003544e-124,1.8016407648154517e-122
7,PTGS2,7.7369576,2.0042264,1.0182386371325992e-14,5.395285711959067e-14
7,INTU,4.588266,2.0037053,4.469428519228137e-06,1.7386611358563125e-05
7,PFKFB2,14.549527,2.0031483,5.880821866485898e-48,5.994675508821887e-47
7,PLEKHO2,43.47724,2.001652,0.0,0.0
7,RTL8B,3.1746085,2.0012,0.0015003879981111338,0.005124032249460863
7,DOCK7,28.52347,1.9990553,5.994242576407118e-179,1.9001441570155363e-177
7,SRGAP2,43.274693,1.9977399,0.0,0.0
7,ACKR3,5.0343156,1.997525,4.795589412085786e-07,1.9372275775628727e-06
7,KYNU,38.023895,1.9933484,0.0,0.0
7,ATP6V0B,64.3545,1.9926276,0.0,0.0
7,CHST15,32.071686,1.99192,1.0946561295475635e-225,4.261024810570094e-224
7,TSPAN15,9.240516,1.9885544,2.4531111634605716e-20,1.5094227897486736e-19
7,SORT1,33.85449,1.9870262,3.117101380441503e-251,1.3822130898896058e-249
7,RASGRF1,2.781017,1.9836978,0.00541888773473111,0.017756739102770824
7,ATP13A3,40.921444,1.9822886,0.0,0.0
7,ZNF704,7.3030477,1.978373,2.8132098313472433e-13,1.4239743900663159e-12
7,MTSS1,35.882824,1.9772475,5.6612080832982675e-282,2.9064943227657734e-280
7,TRIP10,10.911017,1.9723551,1.0210731860224352e-27,7.344265524876752e-27
7,MEF2C,46.90221,1.9689323,0.0,0.0
7,NEK6,26.760088,1.9655318,9.423209738120151e-158,2.5682816876197483e-156
7,NUAK1,3.6083255,1.9653034,0.000308179573951807,0.0010978453310429345
7,CD274,6.933485,1.9636629,4.105980045617393e-12,2.0035289748957493e-11
7,IQSEC2,12.292468,1.962683,9.94237218707797e-35,8.16172369683981e-34
7,PROCR,11.425831,1.9619449,3.106710353636376e-30,2.3436440541820718e-29
7,CLEC7A,46.902065,1.9603853,0.0,0.0
7,PYGL,36.951946,1.9573655,6.777398704001351e-299,3.7205872423547026e-297
7,TRIM47,14.245333,1.9563162,4.792582435184071e-46,4.761309717911735e-45
7,TUSC1,7.381647,1.9548033,1.5634320549660507e-13,7.990903675018312e-13
7,CD36,36.806816,1.9518431,1.4363049034883046e-296,7.774409045904208e-295
7,CD63,65.98451,1.9515167,0.0,0.0
7,ALDH3B1,29.834387,1.9513037,1.3996556588664588e-195,4.828030965243933e-194
7,FAH,22.756763,1.9508405,1.2299444100261437e-114,2.535950092106606e-113
7,VENTX,11.052212,1.9434175,2.138784429158405e-28,1.5561066467043038e-27
7,PLB1,11.880057,1.9413562,1.5026345131433907e-32,1.1811272863103452e-31
7,TPRG1-AS1,2.7084842,1.9405164,0.006759135955504347,0.021946067336566115
7,LTBR,39.58409,1.9402405,0.0,0.0
7,CD59,42.013443,1.9392142,0.0,0.0
7,EML1,2.5595467,1.9386353,0.010480875907722474,0.03349523644710769
7,VDR,14.413263,1.9371514,4.270463305460426e-47,4.314717534549376e-46
7,RAB32,47.426044,1.9369662,0.0,0.0
7,NAB2,13.756103,1.935332,4.680876904944833e-43,4.450072669982465e-42
7,SAMD4A,14.760074,1.9321057,2.6499096585880553e-49,2.746504286317271e-48
7,SYT17,4.6931167,1.9313135,2.690741292036151e-06,1.0568400192268565e-05
7,RB1,46.543694,1.9274608,0.0,0.0
7,BCKDK,36.70467,1.9246583,6.152010483464298e-295,3.301044930771373e-293
7,SLC12A7,26.15662,1.9234669,8.286407665045987e-151,2.1777891301324517e-149
7,NAGA,41.055977,1.9229988,0.0,0.0
7,TMEM88,2.470288,1.9229258,0.01350042771042978,0.04269494722667075
7,CALCRL,6.5950947,1.9224986,4.249848318678632e-11,2.0001532204263816e-10
7,RAP2A,35.937912,1.9222223,7.818108175662559e-283,4.033961091572666e-281
7,TMEM163,4.236233,1.9213536,2.2730083691603954e-05,8.590348455079523e-05
7,SLC49A3,18.670753,1.920444,8.56357726993131e-78,1.2730855347848341e-76
7,CNTLN,26.655468,1.9196944,1.5466703205738536e-156,4.1858966373008835e-155
7,ATRN,25.527567,1.9188515,9.745849232666039e-144,2.4770967288981027e-142
7,SH3D21,5.5681276,1.9179366,2.5749151442028047e-08,1.0928714963179907e-07
7,AMDHD2,31.414371,1.9169054,1.2878196662036611e-216,4.807082418279777e-215
7,ATP6V1A,41.918636,1.9158804,0.0,0.0
7,TMEM106A,32.34287,1.9156463,1.7477426115549172e-229,6.961015579294824e-228
7,PLD1,14.367109,1.9137243,8.32333960981899e-47,8.376732573125221e-46
7,FNDC3B,42.17401,1.9137163,0.0,0.0
7,LAMB2,11.924607,1.9128736,8.809880243680836e-33,6.96030083567085e-32
7,ITGAM,44.86936,1.9103292,0.0,0.0
7,GMPR,6.3920336,1.9077842,1.6369392378097363e-10,7.533186572809041e-10
7,ABL2,29.856104,1.9070332,7.314725928612757e-196,2.5288169382062024e-194
7,LAMP1,54.928936,1.903287,0.0,0.0
7,MPEG1,48.632786,1.9019669,0.0,0.0
7,CPNE8,23.694906,1.901933,4.06920447021491e-124,9.047978601505917e-123
7,FLNB,18.096169,1.9010067,3.4162077264484644e-73,4.834465760134739e-72
7,SNN,32.151787,1.900623,8.338365552642119e-227,3.266335413631305e-225
7,ARHGAP31,21.367584,1.9003558,2.6762668315567184e-101,4.906012987124762e-100
7,LY86,45.156494,1.8988707,0.0,0.0
7,PEAK1,24.64354,1.8984294,4.3163965732180284e-134,1.0341617743290666e-132
7,RPP25,11.474664,1.8968097,1.7686443525841974e-30,1.3391350074796618e-29
7,INF2,20.751104,1.8958536,1.1980879594281553e-95,2.0849833649800673e-94
7,PEA15,37.443947,1.8958285,7.536190008605801e-307,4.289521631601832e-305
7,AC080013.1,2.491946,1.8953412,0.012704534571074533,0.04028925199961016
7,GNA12,29.255999,1.8944993,3.766885995297275e-188,1.2599907516953776e-186
7,GAB1,12.561513,1.8938152,3.4369741776492765e-36,2.896824677082252e-35
7,SGMS1,29.978352,1.8927088,1.8797257791327522e-197,6.535060141243642e-196
7,SLC7A7,46.726185,1.8875605,0.0,0.0
7,PPT1,52.552788,1.887433,0.0,0.0
7,KIF1B,33.510925,1.8861694,3.341312964103516e-246,1.4443351018398235e-244
7,SOD2,41.59103,1.8858759,0.0,0.0
7,SLC31A2,40.5014,1.8846685,0.0,0.0
7,MFSD12,39.140602,1.8819773,0.0,0.0
7,NFIC,45.53378,1.8786768,0.0,0.0
7,CCDC149,12.087979,1.8768703,1.2225620594900648e-33,9.832351176856475e-33
7,FAM13A,24.464523,1.8763819,3.525753302495563e-132,8.324710261285742e-131
7,INKA1,3.9676871,1.875908,7.25734935110571e-05,0.000267568765829207
7,NCOA4,49.865536,1.8739145,0.0,0.0
7,SRC,14.796709,1.8733246,1.5382581886646596e-49,1.6056381572799268e-48
7,CLN8,39.932663,1.8717481,0.0,0.0
7,TMEM144,17.748692,1.871661,1.7641789217944502e-70,2.3998889936576177e-69
7,ZNF358,18.45199,1.8710747,5.0259430453244985e-76,7.358447262048521e-75
7,ANTXR1,7.5948,1.8710383,3.082678725187569e-14,1.6102138137463613e-13
7,CLTC,54.558376,1.8695294,0.0,0.0
7,FAM114A1,14.162984,1.8669517,1.5525900190069044e-45,1.5301626185410202e-44
7,IFI27,12.770775,1.8667883,2.38764277114548e-37,2.050427205551357e-36
7,LPAR6,38.496372,1.8661566,0.0,0.0
7,BBS5,6.893621,1.8654397,5.43897844491057e-12,2.648117624399039e-11
7,PLA2G4A,10.360841,1.8614509,3.7366404643097437e-25,2.5398800710451122e-24
7,EVI5,34.051147,1.8602302,3.903128016816439e-254,1.7508559886174992e-252
7,STAC3,22.22927,1.859749,1.7901908406902001e-109,3.5174461737579156e-108
7,PLSCR1,46.812668,1.859305,0.0,0.0
7,ATP6V1C1,38.0567,1.8586475,0.0,0.0
7,FCER2,10.14866,1.8584046,3.359450369764365e-24,2.2415918086853892e-23
7,CD93,33.849556,1.8547245,3.684207709249405e-251,1.6313439494236586e-249
7,LILRB2,42.659466,1.8545538,0.0,0.0
7,ZNF438,17.58457,1.8527994,3.2342442634668497e-69,4.327306816059304e-68
7,ANKRD9,16.650017,1.850705,3.0252128873998533e-62,3.735527555368249e-61
7,NCF2,48.223816,1.850353,0.0,0.0
7,TUBA1C,40.14285,1.850183,0.0,0.0
7,TP53I3,18.08737,1.8497051,4.0076583423248877e-73,5.668864823168663e-72
7,LILRA6,22.590668,1.8493423,5.35320377062125e-113,1.0856395599645077e-111
7,TMEM53,12.727084,1.8491765,4.181682465018764e-37,3.5742051976309446e-36
7,PLEK2,6.139728,1.8480805,8.266279427790098e-10,3.7086064490449784e-09
7,CDC42BPA,6.637068,1.844404,3.1998470890489755e-11,1.5108107849257054e-10
7,LIPN,3.8807306,1.844137,0.00010414310704635124,0.00038015247543186226
7,PPP1R26,6.0222344,1.8421048,1.720254611279586e-09,7.625919287265944e-09
7,ARSB,21.745197,1.8419673,7.670061186970454e-105,1.449899578628109e-103
7,UNC93B1,45.247738,1.8397064,0.0,0.0
7,P2RY1,11.440304,1.839532,2.629630552146332e-30,1.9851976422859472e-29
7,RUBCNL,14.21083,1.8350501,7.849046706752874e-46,7.772844811458221e-45
7,RNF217,16.186865,1.8345128,6.242917926415249e-59,7.406904581639775e-58
7,LRG1,5.661455,1.8335733,1.5009453203222313e-08,6.424278772358288e-08
7,GPR161,2.523827,1.8325386,0.011608502634690324,0.036957559840376374
7,GAB2,21.252504,1.8324866,3.1254442703074077e-100,5.688934397078389e-99
7,UGGT2,13.3812275,1.8318402,7.785109117869305e-41,7.118768269407887e-40
7,CSTB,51.536255,1.8308837,0.0,0.0
7,LRRC25,43.14543,1.8287672,0.0,0.0
7,BNIP3L,49.486465,1.8285375,0.0,0.0
7,ME3,3.5408473,1.8274546,0.0003988444450529246,0.0014115521886236965
7,NAIP,44.668682,1.8263278,0.0,0.0
7,PPFIBP2,17.02181,1.825599,5.659404831259541e-65,7.224916361823158e-64
7,TTLL4,17.600912,1.8216999,2.423920921934398e-69,3.2558072113961947e-68
7,PDXK,44.77059,1.8192472,0.0,0.0
7,TRIM36,3.1979663,1.8190756,0.0013840037982538913,0.004737557358803082
7,ZNF629,8.191183,1.8178407,2.5867129083586645e-16,1.4319816560745342e-15
7,FKBP9,8.124457,1.8173048,4.49369454795084e-16,2.4739333344053544e-15
7,PLEKHM2,36.99324,1.8163246,1.470798698150939e-299,8.10302591154208e-298
7,KCP,3.1083212,1.8158426,0.0018815343895198296,0.006372885849522124
7,DLEU7,7.9958663,1.8155587,1.2866591924649502e-15,6.992575287764061e-15
7,HSD17B4,39.276783,1.815103,0.0,0.0
7,RCAN1,17.947004,1.8150109,5.064918140111317e-72,7.048240655399391e-71
7,TBC1D30,3.8414106,1.8130965,0.00012232931709951008,0.000444960833658298
7,LRRC3,3.2682006,1.8126879,0.0010823360231772589,0.0037322056753698023
7,PALD1,10.719608,1.8110361,8.235098359671433e-27,5.807031371260894e-26
7,NRIP1,41.01314,1.8109668,0.0,0.0
7,SMIM3,28.83748,1.8102946,7.273663558819346e-183,2.3589414439919155e-181
7,NEFH,4.886378,1.8085145,1.0270802847061402e-06,4.107656620006816e-06
7,SLC37A4,13.729942,1.8057909,6.718681909943879e-43,6.369763858608449e-42
7,AC005082.1,5.650069,1.8050226,1.6038316334244722e-08,6.857353731416062e-08
7,NPC1,31.251045,1.8050188,2.160699340325353e-214,8.016894899332014e-213
7,GAS2L1,13.266852,1.8049933,3.6040458741818973e-40,3.261793435822544e-39
7,PARVB,35.65908,1.8044538,1.7040595692723255e-278,8.56379985487801e-277
7,CHKA,19.016459,1.8028843,1.246223814952497e-80,1.909620200730631e-79
7,P2RX4,35.580498,1.8026593,2.8060461675214665e-277,1.4010738109787715e-275
7,C9orf106,4.4262047,1.8015501,9.590552968263213e-06,3.678064531456895e-05
7,GBE1,19.260155,1.8015424,1.1603005916182024e-82,1.7966638469510912e-81
7,AMPD3,24.043697,1.801127,9.716546779523662e-128,2.2228668491098284e-126
7,ARHGAP10,28.378052,1.800654,3.773424349141818e-177,1.1768438583140885e-175
7,TPD52L2,39.032383,1.7996346,0.0,0.0
7,MAFG,32.86047,1.7990533,8.072652895736212e-237,3.3311279445730184e-235
7,HEBP1,35.0899,1.7983698,9.611393355628379e-270,4.5913343808718133e-268
7,CTNNA1,44.348793,1.7982725,0.0,0.0
7,H2AFY,53.916695,1.7975897,0.0,0.0
7,FGL2,44.962666,1.7974756,0.0,0.0
7,SWAP70,41.388123,1.7950561,0.0,0.0
7,CRYL1,29.767605,1.7949933,1.0263593290011996e-194,3.5285525897041244e-193
7,SH3TC1,27.258663,1.7941469,1.311919572453849e-163,3.740544116774088e-162
7,AC009506.1,5.4888225,1.7940892,4.04622547677657e-08,1.7046986206479478e-07
7,CASS4,12.019171,1.7935221,2.8178606750993852e-33,2.2475256744592696e-32
7,P2RX7,27.772648,1.7933304,9.284561704719069e-170,2.7645274432346076e-168
7,POR,35.87065,1.792737,8.764545440618235e-282,4.492301922606763e-280
7,IL2RA,16.697575,1.7924125,1.3650214093098732e-62,1.694325971788765e-61
7,RAI14,4.4533896,1.7922939,8.452524885393602e-06,3.2492809282694034e-05
7,LAP3,47.65365,1.7921368,0.0,0.0
7,DCBLD2,6.003436,1.790749,1.9318455618030955e-09,8.542251723392754e-09
7,MMD,28.950354,1.7896498,2.7776277889612845e-184,9.055711189180002e-183
7,TNFAIP2,43.43972,1.7876024,0.0,0.0
7,ANKS1A,20.839771,1.787333,1.887380590905756e-96,3.323833158012775e-95
7,SERPINF1,21.259296,1.7872745,2.704446033644388e-100,4.928438299637211e-99
7,EPDR1,4.836552,1.7849243,1.3211078264632594e-06,5.256369669477337e-06
7,IL18BP,17.301003,1.7829678,4.6226888356831107e-67,6.038607094017663e-66
7,CEBPA-DT,2.8048246,1.7828337,0.005034398435034807,0.01654019717718897
7,TUBB2A,11.200795,1.782577,4.040887275814718e-29,2.9757375037790203e-28
7,SNX33,6.490189,1.7786732,8.57288330115486e-11,3.986190825767914e-10
7,KLF7,27.567238,1.7783839,2.7502066006131825e-167,8.026500038257945e-166
7,MAOA,4.3917856,1.7780426,1.1242360155210158e-05,4.299277719835194e-05
7,UAP1L1,16.153862,1.7772461,1.0667044154229276e-58,1.2621988272387604e-57
7,MRC2,11.074417,1.775819,1.6696331520860938e-28,1.2167732098921223e-27
7,AL117335.1,6.120825,1.7731497,9.30920807114238e-10,4.167434731384669e-09
7,SLC17A9,7.565718,1.7717688,3.857273043857722e-14,2.007691781180711e-13
7,AL390036.1,7.6107697,1.7715831,2.724679819716369e-14,1.4263495797421038e-13
7,ZNF618,10.751034,1.7699925,5.860105821369826e-27,4.147430515710492e-26
7,KCTD3,10.549246,1.76811,5.1206207296284923e-26,3.550886804815522e-25
7,TBC1D14,32.261196,1.7680898,2.4508707626542503e-228,9.698983695435969e-227
7,SLC17A5,24.547302,1.7679822,4.621592344695614e-133,1.0937178759380347e-131
7,IFITM10,2.4941971,1.7677897,0.012624237122215196,0.040051046677920865
7,GRAMD4,25.635891,1.7670939,6.0744015651103796e-145,1.5541517315634645e-143
7,PHACTR1,26.384253,1.7659067,2.077432225488116e-153,5.535103258031138e-152
7,GLB1,38.606373,1.7648338,0.0,0.0
7,HTRA1,14.337958,1.7640078,1.267293671199265e-46,1.2721093048312985e-45
7,IL1R1,20.3785,1.7639561,2.5949037155489755e-92,4.377766874261582e-91
7,UBE2E2,27.315561,1.7632314,2.7715780617973337e-164,7.968480293578623e-163
7,ZNF385A,38.41176,1.7629988,0.0,0.0
7,SCPEP1,45.295296,1.7629052,0.0,0.0
7,SHMT1,17.702032,1.7628043,4.0444324856022204e-70,5.482512054057361e-69
7,DNASE1L1,26.461477,1.7614485,2.6921106768568222e-154,7.222661865417865e-153
7,IFNGR1,50.081886,1.7588778,0.0,0.0
7,INSIG1,22.506674,1.7586955,3.5708200163585454e-112,7.166450275687894e-111
7,SLC35F6,34.055466,1.7586315,3.3688111258975486e-254,1.5155727142374896e-252
7,MGAT1,51.538876,1.7579167,0.0,0.0
7,ARMC9,6.829902,1.7573433,8.4972462352123e-12,4.109284765947528e-11
7,FAM174B,5.9085298,1.757289,3.451748696328318e-09,1.5132368362754513e-08
7,DPYSL2,44.655003,1.7570516,0.0,0.0
7,FGD6,17.667904,1.7569177,7.409849652236719e-70,9.996343221374082e-69
7,HAVCR2,47.24234,1.7566128,0.0,0.0
7,LIMS1,47.65744,1.755818,0.0,0.0
7,DENND5A,28.408184,1.7544887,1.6022467019799966e-177,5.0071424487457784e-176
7,ARSA,24.594728,1.7516096,1.4383591436295641e-133,3.43019799785177e-132
7,NEU1,34.445168,1.7489933,5.3192877719694675e-260,2.446476594765779e-258
7,PLOD1,21.143728,1.7477996,3.151700066319501e-99,5.683173509319534e-98
7,PLXNA2,3.2093027,1.7474942,0.001330573197133854,0.004558699235541073
7,TLR1,30.781698,1.747185,4.606471403560091e-208,1.6690763384505476e-206
7,FZD2,12.723176,1.7464135,4.3962266685733685e-37,3.756543479281092e-36
7,SOGA1,15.107771,1.7462233,1.4392653300292102e-51,1.5472477758334887e-50
7,CALU,37.0928,1.7451662,3.6700996755642847e-301,2.043815687795772e-299
7,GNAQ,43.975163,1.7451311,0.0,0.0
7,ALDH4A1,4.530869,1.7449784,5.87415794496555e-06,2.2731012846506854e-05
7,GSTO1,51.922367,1.7448274,0.0,0.0
7,WNT5B,3.2466087,1.7438067,0.0011678880332001646,0.0040182472940128566
7,GCLC,29.437746,1.7421592,1.8067360377337039e-190,6.096156191947117e-189
7,HES1,4.2071524,1.7404796,2.5860888925091806e-05,9.742595002533063e-05
7,CARD6,20.942198,1.7377585,2.210218827060758e-97,3.930450707017656e-96
7,RUSC2,4.8659706,1.736859,1.1389647391662932e-06,4.543363860791511e-06
7,AIG1,26.905716,1.7358016,1.882784659499003e-159,5.204939666470097e-158
7,PHETA1,10.394457,1.7342235,2.627785643689145e-25,1.793661017877659e-24
7,LACTB,42.888023,1.7311109,0.0,0.0
7,FOS,38.551342,1.7303375,0.0,0.0
7,RNASE2,16.449518,1.7302682,8.453817470442815e-61,1.0230310750155681e-59
7,METTL7A,35.66623,1.7293439,1.3203062348761625e-278,6.656884959431901e-277
7,S100A11,57.789562,1.7286174,0.0,0.0
7,CMBL,5.299257,1.7276183,1.1627505569272448e-07,4.816664182140512e-07
7,ALDH2,42.874115,1.727071,0.0,0.0
7,PLEKHB2,46.095932,1.726864,0.0,0.0
7,RNF19B,23.822048,1.7252636,1.9738322348812473e-125,4.433519831647871e-124
7,LINC00865,2.8486893,1.7234726,0.004389972439031979,0.014495820317645446
7,RAB1A,45.016674,1.7231169,0.0,0.0
7,FUOM,36.667484,1.7229718,2.409572625642322e-294,1.2862290352457212e-292
7,PFKFB4,12.077008,1.7213385,1.397110279272426e-33,1.1227375819415724e-32
7,FTCDNL1,8.273642,1.719939,1.299287267125388e-16,7.2616765940405725e-16
7,SPATS2L,35.146885,1.7183281,1.2969913934095446e-270,6.21490123970679e-269
7,MICALL2,5.4925947,1.7167467,3.960706663452331e-08,1.669579389625221e-07
7,ZNF331,25.567364,1.7164569,3.5204406209491023e-144,8.962624239841343e-143
7,METRNL,45.403313,1.7145711,0.0,0.0
7,ALPK1,23.431635,1.7142729,2.034669540862549e-121,4.44106860871743e-120
7,THNSL2,2.6546397,1.7135729,0.007939314647350872,0.025627195593281814
7,PLEKHA7,5.3152003,1.7124602,1.065399649415369e-07,4.419313778617744e-07
7,TMEM121B,4.6582427,1.7103186,3.1892037485261603e-06,1.2491283773374481e-05
7,TUBA1B,50.051544,1.7099763,0.0,0.0
7,CLDN12,3.6890147,1.709843,0.00022512426788693808,0.0008079326228032507
7,LINC01678,23.66929,1.7093873,7.471972315067976e-124,1.6566445361679046e-122
7,TNFRSF12A,10.872814,1.70741,1.5533362223097332e-27,1.1136386597756188e-26
7,PLXNB2,36.239777,1.7048312,1.4398722727336406e-287,7.542734293792988e-286
7,CLEC11A,22.022758,1.7047606,1.7432644289964615e-107,3.3695480742334984e-106
7,TMBIM1,35.545208,1.704536,9.85335690965025e-277,4.903988760170052e-275
7,SEPT7-AS1,2.437951,1.7040939,0.014770768235362603,0.04655993206020927
7,TMCC1-AS1,4.351274,1.7038372,1.3534866753873621e-05,5.162558642008787e-05
7,ARHGEF40,24.93904,1.7036576,2.808069162025377e-137,6.8230340873206225e-136
7,ACER3,33.866978,1.7020555,2.0414666023039783e-251,9.09158620711946e-250
7,CCDC106,9.64716,1.7012354,5.053587941888505e-22,3.2244269719229567e-21
7,RNF135,31.58776,1.7010394,5.437261899564141e-219,2.0468873755155776e-217
7,SERPINA1,41.324947,1.6999652,0.0,0.0
7,ERRFI1,5.373178,1.6996009,7.736089638889188e-08,3.226711504306992e-07
7,OGFRL1,44.595726,1.6970713,0.0,0.0
7,RBMS2,13.557946,1.6962172,7.109918980860014e-42,6.616870398718472e-41
7,DOK3,27.911795,1.6957564,1.918957758369503e-171,5.780626455938229e-170
7,MGST2,36.612186,1.6946168,1.830121781408044e-293,9.752340327237657e-292
7,LRRK1,21.149397,1.6942983,2.7949161335639745e-99,5.042759657913704e-98
7,PNPO,22.072184,1.6942805,5.849678218514331e-108,1.1356532958518996e-106
7,AC090204.1,8.87507,1.6922089,6.988945262491435e-19,4.14521840774943e-18
7,TCF4,36.408627,1.6920052,3.1089932126017256e-290,1.6369617243932116e-288
7,RAB34,28.398453,1.6907234,2.113033700080137e-177,6.596720461452201e-176
7,IDH1-AS1,3.1121848,1.6896175,0.001857082035120497,0.006290753447990925
7,PPIF,24.054306,1.6891584,7.52525286679531e-128,1.7241140871315245e-126
7,IRF5,26.148718,1.6886127,1.019188054771036e-150,2.6740276068597973e-149
7,IFITM3,43.67463,1.6884161,0.0,0.0
7,CDC42EP1,6.5620723,1.6871592,5.306509443621131e-11,2.488367279229226e-10
7,SLC19A2,7.84743,1.6868963,4.246480358666331e-15,2.276204794403404e-14
7,KIAA1211L,6.1284266,1.6863835,8.875236536957638e-10,3.978922768316648e-09
7,SLC26A11,15.294962,1.6861125,8.260921933701536e-53,9.073216567338785e-52
7,ARHGAP20,2.9776483,1.6844361,0.002904691684792819,0.009729631072059354
7,LILRB3,40.205986,1.68436,0.0,0.0
7,NOL3,7.872024,1.6817553,3.4894954973263745e-15,1.875975601597952e-14
7,SLC27A1,22.065779,1.6807171,6.739944395320865e-108,1.3068473113311291e-106
7,BASP1,37.52373,1.6794568,3.779279004849047e-308,2.1711185167819606e-306
7,TTC8,5.9305305,1.6785175,3.0195703312141855e-09,1.3281038882430173e-08
7,CLDN7,11.130575,1.6779473,8.905882346479713e-29,6.510267400251856e-28
7,AL139260.1,3.1215482,1.6769475,0.0017990283156384935,0.006100117186115075
7,NAGLU,27.652002,1.676465,2.6403288671500904e-168,7.79413985644774e-167
7,TLR3,5.1717563,1.6763984,2.3190375754302208e-07,9.498342743681664e-07
7,PVR,7.786214,1.6755246,6.904692228576894e-15,3.674299633412983e-14
7,SAV1,21.788101,1.6745714,3.0087504064261076e-105,5.71200545524642e-104
7,CHRNE,4.422289,1.6735715,9.766065086154886e-06,3.743052748236472e-05
7,AL591845.1,2.8131657,1.6730595,0.004905637684461192,0.016138216488945402
7,CARM1,22.045275,1.672976,1.0603366048173936e-107,2.0533723963089713e-106
7,MARCH1,44.13928,1.672673,0.0,0.0
7,BAG3,10.42992,1.6713344,1.8103995243947615e-25,1.2381946913137618e-24
7,RNASET2,52.88584,1.6710413,0.0,0.0
7,HPSE,18.253326,1.6704643,1.946843179016635e-74,2.8012608069770548e-73
7,TMEM70,35.56076,1.6694236,5.665232281182311e-277,2.824118292169382e-275
7,OTUD1,24.33579,1.6677172,8.197770302901218e-131,1.9151057199680117e-129
7,NEAT1,50.095905,1.6666542,0.0,0.0
7,TMCC3,15.53878,1.6658783,1.8955793791007914e-54,2.120400719141084e-53
7,CD9,32.01473,1.6649959,6.801957693021381e-225,2.6344374237871155e-223
7,LINC01023,3.1569645,1.6644379,0.0015942067272270923,0.005430634555098396
7,DPYSL3,3.1174312,1.6630192,0.0018243453726673835,0.0061832484299847385
7,PPARGC1B,14.596113,1.6619455,2.973201978810389e-48,3.041799190966325e-47
7,ZFHX3,39.4515,1.6606699,0.0,0.0
7,WDR91,15.852364,1.6601965,1.3539187396638076e-56,1.5544415485434362e-55
7,MAPK6,27.391481,1.6590722,3.4644324520635093e-165,9.997685695231268e-164
7,QSOX1,31.474232,1.6580795,1.956900344377154e-217,7.322266215940036e-216
7,PGD,37.09859,1.6568085,2.960151197551287e-301,1.6514330877746864e-299
7,ALOX5,34.712143,1.6555561,5.16709176135806e-264,2.4196864404286903e-262
7,SLC39A8,18.203377,1.6554508,4.852174952365778e-74,6.942878298739311e-73
7,ZFAND5,45.491283,1.6550545,0.0,0.0
7,TMEM150A,18.615154,1.6547996,2.4215765930883604e-77,3.5844668468669516e-76
7,DNASE2,31.860416,1.6529135,9.443245184281628e-223,3.6301290909277644e-221
7,CIPC,15.293594,1.6528025,8.436282665162978e-53,9.259239642478416e-52
7,FKBP15,40.84062,1.6482207,0.0,0.0
7,KCNN4,14.834616,1.6480458,8.750389376101315e-50,9.167738455836045e-49
7,RBPJ,48.918278,1.6475316,0.0,0.0
7,VAMP3,38.693905,1.6460563,0.0,0.0
7,YWHAG,39.632027,1.6439745,0.0,0.0
7,ZMIZ1,34.22552,1.6425592,1.0090775460562218e-256,4.57295597008206e-255
7,MCTP1,25.87218,1.6422884,1.3698605507084668e-147,3.5429523046649862e-146
7,CEBPD,41.170414,1.6406143,0.0,0.0
7,MPPED2,3.8127725,1.6393373,0.00013741651870123836,0.0004984897116783069
7,SCML1,16.046772,1.6383873,6.021610401920104e-58,7.033632376876214e-57
7,ACTN1,32.198563,1.6381891,1.84849326928014e-227,7.296472729711532e-226
7,PABPC4,44.144142,1.6379625,0.0,0.0
7,SLC45A4,10.961427,1.6370289,5.8568626315674105e-28,4.231371046139643e-27
7,DLG4,8.218799,1.6359305,2.0555198756671463e-16,1.141803608864926e-15
7,ADAM15,23.04189,1.6346993,1.773834914458341e-117,3.744802985052182e-116
7,AP2S1,53.197536,1.6342045,0.0,0.0
7,TBL2,20.799028,1.6335832,4.4166562809757175e-96,7.734028083632662e-95
7,SLC9A7,12.487827,1.6334834,8.699669679587519e-36,7.272942677495576e-35
7,CDK14,10.496349,1.6330436,8.978547994116513e-26,6.194196045851765e-25
7,CRYBG3,24.624968,1.6328897,6.825748500203092e-134,1.6315808885984298e-132
7,ZFP36L1,47.23537,1.6315473,0.0,0.0
7,RAC1,57.427383,1.6304436,0.0,0.0
7,AHR,35.397423,1.6298453,1.870627745659095e-274,9.177062180172325e-273
7,AKR1B1,35.21106,1.6269922,1.3542040206989586e-271,6.5397474480848e-270
7,CPNE2,19.70215,1.625388,2.0665665452437596e-86,3.2940367309875645e-85
7,CTSK,7.750335,1.6250535,9.16502970354694e-15,4.860390752359734e-14
7,RTN1,16.391989,1.6248025,2.1818738728123456e-60,2.631103230082371e-59
7,BLVRA,36.875942,1.6245092,1.1232105312924777e-297,6.111807727228277e-296
7,C11orf74,11.673853,1.6237621,1.7338798172295854e-31,1.33715363177049e-30
7,SLC16A3,39.306858,1.6191577,0.0,0.0
7,CD33,34.40404,1.618535,2.1939524676538836e-259,1.0075555559848229e-257
7,SIGLEC7,27.816587,1.6159458,2.73317220737542e-170,8.185479981913964e-169
7,NEK3,11.713066,1.6144451,1.0925565880488814e-31,8.458829275257208e-31
7,MIR4458HG,12.036765,1.6143143,2.277097081210915e-33,1.820911759094069e-32
7,AKR1A1,44.705204,1.6142427,0.0,0.0
7,DCLRE1B,9.920523,1.6117392,3.389775029897769e-23,2.2144953889040448e-22
7,CLCN7,30.252077,1.611601,4.899214031035747e-201,1.732494371364094e-199
7,MIR503HG,4.7814407,1.6115481,1.7404336528103378e-06,6.886644847959173e-06
7,PTTG1IP,42.73851,1.6105427,0.0,0.0
7,CLCN5,11.992528,1.6077069,3.888525435185854e-33,3.0927085853136687e-32
7,RIPOR1,23.5317,1.6046313,1.93284910524703e-122,4.2458114638144956e-121
7,ZNF804A,4.5346937,1.6021917,5.768719058351591e-06,2.2331387767594266e-05
7,RAB38,5.319008,1.6005683,1.0433469376975908e-07,4.3290003763484277e-07
7,DNAJC28,2.4183614,1.6004434,0.015590579422431278,0.049044075135784584
7,APPL2,24.306435,1.5994167,1.6761058870120426e-130,3.9126438557312084e-129
7,TEX2,14.109623,1.5983286,3.313466143086154e-45,3.2479954990283466e-44
7,FUCA2,35.31117,1.5983069,3.957467333786795e-273,1.9261959509503697e-271
7,RUNX1,35.006104,1.5975493,1.816730193722845e-268,8.638412322675687e-267
7,MCOLN3,3.2245264,1.5968823,0.0012618122328980912,0.004333203409131256
7,ADSSL1,4.430095,1.596486,9.41914420789434e-06,3.6132244015562916e-05
7,VWA5A,12.201578,1.5963694,3.048564489897625e-34,2.480178538806683e-33
7,NT5DC2,12.06685,1.5962603,1.580695040100172e-33,1.268949132581195e-32
7,SLFN11,29.064522,1.5955814,1.0085611024546105e-185,3.337430192030476e-184
7,ARRDC2,27.150581,1.5953771,2.492260548796271e-162,7.008944202151624e-161
7,MIR99AHG,3.3621643,1.5948678,0.0007733410763845775,0.0026931439603175363
7,SPINT2,41.41441,1.5948066,0.0,0.0
7,RNF144B,28.95955,1.5938832,2.1275319257539025e-184,6.943572252299458e-183
7,TBC1D9,27.403667,1.5935193,2.480003088429011e-165,7.163500509726676e-164
7,MAP3K8,36.455795,1.5933484,5.568333523768257e-291,2.936868331384053e-289
7,DCUN1D3,7.4992056,1.5931299,6.420566885262342e-14,3.3161841698329413e-13
7,ATP1B1,27.797382,1.5913618,4.665630362930152e-170,1.3959403448894696e-168
7,FGD2,34.470493,1.5906695,2.2210523416006093e-260,1.0245681301768661e-258
7,ZEB2-AS1,8.507875,1.5894618,1.7714990285080295e-17,1.0139207495203272e-16
7,OPN3,22.383987,1.5881524,5.63716871907517e-111,1.1204371292633844e-109
7,PLD2,10.757399,1.5875047,5.4692179665222756e-27,3.8769981580574306e-26
7,STAR,2.5213094,1.5875047,0.011691898522976588,0.0372000728484288
7,PICALM,44.449905,1.5825009,0.0,0.0
7,LAPTM4A,48.020905,1.5819098,0.0,0.0
7,GOLIM4,34.493946,1.58121,9.886092766355581e-261,4.567256638710792e-259
7,TNFRSF1A,43.835384,1.580718,0.0,0.0
7,DCHS1,3.8470218,1.5805004,0.00011956231925978883,0.0004352034626501347
7,TFE3,21.469452,1.5804076,3.005378109372252e-102,5.5421969705470284e-101
7,TSHZ3,8.8957205,1.5804068,5.804130240641716e-19,3.451101449548163e-18
7,AP006623.1,3.5615034,1.5802675,0.0003687371663873182,0.0013078448016448066
7,FADS1,18.020983,1.5800444,1.3335138792471537e-72,1.8691570732830738e-71
7,LINC02035,11.034057,1.5794406,2.6178544315058985e-28,1.902869870991364e-27
7,ATP1B3,42.077564,1.5784589,0.0,0.0
7,SRGAP2B,26.637068,1.5762211,2.52717949946882e-156,6.821618933631687e-155
7,TRIO,23.67791,1.5761604,6.090424518264305e-124,1.3513047421823035e-122
7,RILP,20.021185,1.576095,3.60053965786307e-89,5.863112708407476e-88
7,NANS,37.637333,1.5756958,5.27248263759885e-310,3.051622113862691e-308
7,ARAP1,38.2652,1.5741011,0.0,0.0
7,ATG4C,24.46355,1.5730838,3.6108705740670664e-132,8.5191738040222e-131
7,DAGLB,19.010489,1.5725766,1.3964814126807007e-80,2.1377439832452907e-79
7,TRMT5,12.041295,1.5685935,2.1554490759521757e-33,1.7258669583019145e-32
7,CRTAP,39.358597,1.5669522,0.0,0.0
7,FAM151B,3.3048365,1.5646249,0.0009503184013705266,0.0032879761369258775
7,KIF13A,20.150127,1.5629524,2.6842009990081254e-90,4.4174973523079944e-89
7,ARL8B,38.9481,1.5625889,0.0,0.0
7,IGF2BP2,10.518478,1.5623641,7.101106241165201e-26,4.909930438382391e-25
7,CNNM4,7.7694364,1.5614591,7.883603756011843e-15,4.189452222954918e-14
7,PALLD,27.19264,1.5614407,7.936397646286878e-163,2.2462476378552064e-161
7,ATP6V0C,2.6230066,1.5611389,0.00871575610654483,0.028032689011642187
7,ATP2A2,38.16756,1.5594225,0.0,0.0
7,SLC35E4,6.812133,1.5578821,9.61622057102289e-12,4.6417074681962274e-11
7,KIAA0930,39.577827,1.5577358,0.0,0.0
7,EFNB1,8.052256,1.5570672,8.128212621334926e-16,4.4432024670604625e-15
7,LRRC4,3.627086,1.5561658,0.0002866380312480696,0.0010231114022155085
7,PHC2,36.573795,1.5547898,7.465364998213729e-293,3.9712914974146596e-291
7,LDLRAD3,7.2923255,1.5545008,3.04649810019133e-13,1.540041164256026e-12
7,TWSG1,15.200478,1.5528316,3.510532993761628e-52,3.8150507467718224e-51
7,TXNDC16,14.185181,1.5517814,1.1317318990578903e-45,1.1178791244545291e-44
7,FAM135A,17.771677,1.5512267,1.1713686386750061e-70,1.598388102230835e-69
7,GZF1,12.461259,1.551225,1.214381012342284e-35,1.0122134290308246e-34
7,MFSD13A,13.069597,1.550865,4.9124820899438614e-39,4.361680090603129e-38
7,PPM1H,3.8259974,1.5508577,0.00013024367712271152,0.0004734142454229854
7,SELENON,21.912663,1.5507506,1.9674092177173925e-106,3.772128827046616e-105
7,LGR4,2.8195436,1.5505085,0.004809200296624115,0.015831073976755938
7,TRPM4,9.603766,1.5503644,7.707544931280158e-22,4.9036041826075716e-21
7,LINC01637,10.818348,1.5502831,2.8181221087745216e-27,2.01293505929961e-26
7,PQLC1,33.679302,1.5497154,1.161637820527855e-248,5.0853739545402845e-247
7,NCF4,37.03785,1.5479791,2.8176123619791592e-300,1.560644180496234e-298
7,EPHB3,3.2237294,1.5478762,0.001265328948582122,0.0043438322574505875
7,PLCB3,12.984408,1.5473375,1.4999330193386428e-38,1.3181242487546043e-37
7,CD40,23.27154,1.546645,8.611297237377566e-120,1.8534078253177468e-118
7,KREMEN1,4.442325,1.5466435,8.899202904229206e-06,3.4180149640985714e-05
7,HYAL2,15.608601,1.5445347,6.361720681249783e-55,7.17335647921879e-54
7,ACSL3,34.800823,1.5444016,2.3636427400212264e-265,1.1153145979516954e-263
7,PANX1,8.790587,1.5437685,1.4877955305224235e-18,8.750389431371368e-18
7,HLA-DQA2,16.911077,1.5434798,3.728299048486482e-64,4.709053481470033e-63
7,AC093627.4,7.563151,1.5433426,3.9342096010467554e-14,2.0467028469879157e-13
7,ACSS2,13.07486,1.5432794,4.584070112978456e-39,4.073601350828785e-38
7,OSCAR,30.004303,1.5431434,8.623845502695736e-198,3.001544965673616e-196
7,ADPRH,12.74567,1.5426128,3.295444255711642e-37,2.822174996156268e-36
7,MSRB2,32.565083,1.5423334,1.2808309599224176e-232,5.161231092349694e-231
7,DCTN4,30.132616,1.5418993,1.8124305886205159e-199,6.3655445684652594e-198
7,PDE1B,6.422495,1.5408746,1.3405864179444317e-10,6.193348941615628e-10
7,TSPYL5,3.3484814,1.5405225,0.0008125571606169124,0.002825892220455375
7,WFS1,3.966245,1.5400342,7.301384846288792e-05,0.000269160187791326
7,SREBF1,21.680004,1.5400338,3.168478637071764e-104,5.960326794642545e-103
7,EGR1,15.363309,1.5392622,2.8846894502749426e-53,3.1898782411322953e-52
7,ADAM28,25.266882,1.5372202,7.389108805819589e-141,1.843221839075594e-139
7,ATG7,32.928616,1.5362184,8.562461779142019e-238,3.5474531663263055e-236
7,SDCCAG8,37.001152,1.5357139,1.0973501191655909e-299,6.0672272152148335e-298
7,ZYG11B,26.595938,1.5320153,7.563774680116846e-156,2.0399091102824727e-154
7,WDR81,22.02212,1.5311104,1.768015936211165e-107,3.4152542837799047e-106
7,IRAK3,40.0383,1.5309309,0.0,0.0
7,MAT2A,39.38508,1.5304906,0.0,0.0
7,HCK,39.055035,1.5299855,0.0,0.0
7,PAXBP1-AS1,6.3654337,1.5295497,1.9473882884834575e-10,8.943228801212216e-10
7,SRGAP2C,29.188091,1.5292776,2.746526006688912e-187,9.147293026803255e-186
7,CCDC112,25.839714,1.5292144,3.1753629360152615e-147,8.19890912810557e-146
7,BCL2A1,21.67373,1.5270436,3.6310308668959394e-104,6.81799945341147e-103
7,CSF2RB,22.855074,1.5265814,1.30109600779894e-115,2.7043022402852617e-114
7,CCNYL1,17.997074,1.5264161,2.0538931738183313e-72,2.872383544036342e-71
7,COMT,44.311874,1.5258151,0.0,0.0
7,SIGLEC14,16.68779,1.5245279,1.6081471277326054e-62,1.995303222674895e-61
7,PAPSS1,30.259705,1.5244609,3.8885848119108414e-201,1.3766837432042196e-199
7,ANXA2,45.794376,1.5241866,0.0,0.0
7,BTK,33.838444,1.5235611,5.368231957751759e-251,2.373618671219365e-249
7,MS4A14,7.5825543,1.5234524,3.3881728173546125e-14,1.7659065306235922e-13
7,APH1B,27.591448,1.522776,1.4093514434807313e-167,4.132715850442027e-166
7,SNX2,42.832306,1.5205939,0.0,0.0
7,MSC-AS1,3.2920318,1.5200156,0.0009946635073710478,0.0034375561916937243
7,SNX7,5.855914,1.5187423,4.743928668556599e-09,2.0703276385071844e-08
7,HSPB1,37.48518,1.5175706,1.6060548823422133e-307,9.17529357644192e-306
7,IRAK1,34.75336,1.5172389,1.2330585134416803e-264,5.791814509869607e-263
7,KIF16B,17.834623,1.5171734,3.806062016138532e-71,5.2421550237430306e-70
7,MAP4K3,15.762104,1.5155104,5.671289726537636e-56,6.456079247812108e-55
7,DEFB1,6.3675084,1.515461,1.9212364607121012e-10,8.825751380979327e-10
7,BCAR3,6.5149775,1.5139499,7.270065891834875e-11,3.3906130454042625e-10
7,PLK3,23.06431,1.5138441,1.0568775843461534e-117,2.235791615289977e-116
7,SMS,39.8787,1.5135795,0.0,0.0
7,USP6NL,13.870568,1.510906,9.551752132077782e-44,9.171047006714135e-43
7,GRK3,36.907177,1.5106387,3.5453567405656634e-298,1.9394042616046542e-296
7,CYSTM1,31.08365,1.5105432,4.006265549851294e-212,1.4758241877145881e-210
7,ATP6V1F,49.077194,1.5104158,0.0,0.0
7,TCEAL4,35.2063,1.5102373,1.6015731633285452e-271,7.7222810856467e-270
7,PGBD1,2.4598787,1.5083795,0.013898396648255804,0.04392655130459578
7,TSPAN33,16.666876,1.5080097,2.282149341735183e-62,2.823634495797009e-61
7,GPX4,56.67647,1.5066417,0.0,0.0
7,MAPK7,13.20932,1.5043608,7.75218371502157e-40,6.977191091443555e-39
7,SSFA2,31.920883,1.5024693,1.370364051191059e-223,5.274451024926782e-222
7,CTSC,44.24052,1.5024236,0.0,0.0
7,GNG10,9.441178,1.5015029,3.6860955885824306e-21,2.3099382878409812e-20
7,SGSH,14.354839,1.5013499,9.935502207735427e-47,9.989478423372766e-46
7,CDK2AP1,3.3128235,1.5002253,0.0009235925080597199,0.0031969395953188222
8,S100A8,91.7703,7.60213,0.0,0.0
8,S100A9,92.4788,7.4532495,0.0,0.0
8,S100A12,83.5841,7.25566,0.0,0.0
8,FOLR3,37.163834,6.8731723,2.620950432993365e-302,1.7648303928654888e-300
8,LYZ,92.438225,6.7419186,0.0,0.0
8,FCN1,92.41797,6.530222,0.0,0.0
8,VCAN,90.94664,6.530081,0.0,0.0
8,MARC1,24.562725,6.3293867,3.1626203230670976e-133,9.56429611790947e-132
8,BPI,4.8759775,5.9456477,1.0827098279277122e-06,6.230369140153006e-06
8,NFE2,36.25918,5.819082,7.122999877541197e-288,4.474604821446459e-286
8,CLEC4D,33.982975,5.557276,3.975833241517156e-253,2.140785330933288e-251
8,RPH3A,11.203101,5.5082936,3.9370468556071264e-29,4.436103068401366e-28
8,AC097504.2,6.167543,5.4771876,6.935919455543224e-10,4.684625494153724e-09
8,VNN3,14.103901,5.4569535,3.593434827309562e-45,5.236317312949393e-44
8,RAB44,5.718954,5.454865,1.0718163757788811e-08,6.848589771800264e-08
8,OLIG1,26.53879,5.330058,3.4597627850086487e-155,1.1789513604880078e-153
8,LINC01127,13.127853,5.3205996,2.2802889630011665e-39,3.058892837650914e-38
8,VSTM1,31.987148,5.3033986,1.64560371191709e-224,7.836775643177428e-223
8,MNDA,92.05751,5.2262263,0.0,0.0
8,LINC00482,5.36531,5.1187367,8.081027871282716e-08,4.953596358939605e-07
8,PADI4,25.333311,5.0478783,1.3725740260995542e-141,4.405207209206534e-140
8,NLRP12,40.153736,5.025222,0.0,0.0
8,OR52K1,5.9165306,4.9918237,3.2880368759055833e-09,2.153037197534192e-08
8,C9orf47,6.420944,4.9399624,1.3543166194822052e-10,9.440203824613558e-10
8,AC020656.1,71.61191,4.916655,0.0,0.0
8,HAL,17.129494,4.853172,8.943043077679703e-66,1.6521376712602904e-64
8,AL391807.1,8.551572,4.8245926,1.2142342894232828e-17,1.070708678550796e-16
8,CLEC4E,67.25884,4.817518,0.0,0.0
8,SLC46A2,19.842154,4.7526364,1.2882003998568338e-87,2.91680657570514e-86
8,MEFV,42.326466,4.6905875,0.0,0.0
8,LINC00937,46.191463,4.6721883,0.0,0.0
8,CSF3R,87.25994,4.6598797,0.0,0.0
8,CRISPLD2,35.99031,4.652067,1.1859841833420943e-283,7.33104263091082e-282
8,CLEC12A,86.07717,4.639559,0.0,0.0
8,GLT1D1,31.753046,4.6257997,2.882208194926622e-221,1.3456255087703491e-219
8,CDA,56.75127,4.612908,0.0,0.0
8,CYP1B1,50.941315,4.596813,0.0,0.0
8,RBP7,55.971222,4.583477,0.0,0.0
8,SLC24A4,47.113575,4.5510745,0.0,0.0
8,LIN7A,16.063263,4.536815,4.616220526313096e-58,7.873815000373006e-57
8,LRRK2,76.301735,4.470659,0.0,0.0
8,BST1,59.14418,4.465517,0.0,0.0
8,NRG1,19.323214,4.461241,3.426392921852622e-83,7.431545686715719e-82
8,CREB5,58.321125,4.4373326,0.0,0.0
8,CSTA,82.91746,4.429959,0.0,0.0
8,CD36,80.31549,4.421573,0.0,0.0
8,CFP,78.557655,4.419766,0.0,0.0
8,WDR49,5.849454,4.4173703,4.931895679715694e-09,3.1982815730795833e-08
8,FPR1,78.99345,4.40928,0.0,0.0
8,AP003774.3,13.976624,4.37565,2.165179381045494e-44,3.114744664099964e-43
8,CD300E,68.440636,4.3486533,0.0,0.0
8,STEAP4,24.861423,4.347906,1.9457883174822524e-136,6.044068294313968e-135
8,AATBC,22.254438,4.329101,1.0216510030575044e-109,2.6624087311549988e-108
8,S1PR3,22.24419,4.328132,1.283882961774398e-109,3.3429629906959836e-108
8,RAB3D,51.820705,4.323569,0.0,0.0
8,SERPINA1,84.5607,4.321843,0.0,0.0
8,SIRPB2,37.387554,4.3216877,6.224809419800381e-306,4.247023945646145e-304
8,ASGR1,64.06415,4.309962,0.0,0.0
8,CTSS,91.20453,4.3020377,0.0,0.0
8,CLEC6A,3.2602963,4.299596,0.0011129590541439167,0.0050615399479732245
8,NRGN,45.8349,4.284971,0.0,0.0
8,C19orf38,60.529934,4.232061,0.0,0.0
8,SERPINB2,3.2291856,4.2198205,0.0012414327813773187,0.005619356030174105
8,MEGF9,74.35438,4.2195516,0.0,0.0
8,LGALS2,62.1935,4.196867,0.0,0.0
8,FGL2,85.4623,4.1445484,0.0,0.0
8,CMTM2,8.273785,4.1423807,1.2977276305449145e-16,1.1110489716690214e-15
8,KBTBD11,21.31072,4.1251082,9.029416383336425e-101,2.2397445598698147e-99
8,DLGAP2,3.2019677,4.123576,0.0013649227307363824,0.006146826000126675
8,MPEG1,84.290184,4.114691,0.0,0.0
8,AC096667.1,41.81363,4.1011477,0.0,0.0
8,FBN2,15.672725,4.1004405,2.3239913544826147e-55,3.8328495620594544e-54
8,MPO,5.3159046,4.095519,1.0612870585953948e-07,6.463290466996624e-07
8,SGMS2,35.33052,4.0921655,1.9969109141040263e-273,1.1800865319734826e-271
8,AC245128.3,27.622753,4.0913525,5.931602587290415e-168,2.1644396831804588e-166
8,CYP1B1-AS1,6.563691,4.0670977,5.249180523422591e-11,3.7218725037261306e-10
8,FAM198B-AS1,22.150614,4.0460277,1.029074236822454e-108,2.6615562709181243e-107
8,MTMR11,29.572618,4.0450964,3.3624146242913208e-192,1.3655998527328759e-190
8,VNN2,45.87119,4.031573,0.0,0.0
8,LILRA2,60.861893,4.0314665,0.0,0.0
8,SLC11A1,77.00285,4.029458,0.0,0.0
8,FCAR,14.718904,4.0217986,4.875013248427194e-49,7.462706016302095e-48
8,NCF2,82.800545,4.0131273,0.0,0.0
8,AC005280.2,21.71376,4.009364,1.5209358693884515e-104,3.8217532451373065e-103
8,TMEM170B,48.829063,3.9957175,0.0,0.0
8,DYSF,25.94615,3.9926605,2.0096418396956854e-148,6.593630609286045e-147
8,APOBEC3A,45.369373,3.983003,0.0,0.0
8,RETN,28.32198,3.9819524,1.85341984108996e-176,7.011462304598213e-175
8,TLR8,46.33318,3.9639096,0.0,0.0
8,NFAM1,56.31929,3.9540422,0.0,0.0
8,SIRPB1,46.014297,3.9485757,0.0,0.0
8,RGS2,72.39809,3.9333158,0.0,0.0
8,CD93,75.841354,3.9300766,0.0,0.0
8,LILRB3,74.74678,3.8799908,0.0,0.0
8,IRAK3,74.535904,3.86492,0.0,0.0
8,ABCC6,4.1437664,3.849394,3.416476961827335e-05,0.00017764645602153
8,LILRA5,57.692642,3.8471556,0.0,0.0
8,LINC01506,10.176632,3.8305547,2.5213885934563452e-24,2.5967529909348638e-23
8,ZNF467,41.987274,3.8057864,0.0,0.0
8,KCNE3,57.662556,3.7958117,0.0,0.0
8,F5,20.365444,3.7940786,3.3876113069653456e-92,8.029210327022848e-91
8,FPR2,29.596132,3.7914493,1.6757599682348511e-192,6.832811786046773e-191
8,RASGRP4,32.41734,3.790119,1.5639316756541784e-230,7.672450206260903e-229
8,CLTCL1,3.1797292,3.7877567,0.0014741269130175512,0.006612603846245784
8,NHSL2,41.254612,3.7812061,0.0,0.0
8,HP,9.039197,3.7800267,1.5782629127893606e-19,1.4574057916217737e-18
8,PRAM1,59.022884,3.7780285,0.0,0.0
8,ASGR2,32.408184,3.7430162,2.104704152039365e-230,1.0309047738047648e-228
8,AL034397.3,53.679325,3.7023253,0.0,0.0
8,AL355073.2,2.499548,3.6970468,0.012435185119923338,0.04959151825825427
8,TNFAIP2,72.102356,3.6969466,0.0,0.0
8,MCEMP1,27.979017,3.69114,2.9253872529055506e-172,1.0854134913031435e-170
8,PLBD1,68.14535,3.6829498,0.0,0.0
8,ANGPT1,3.350945,3.679549,0.0008053630266713045,0.00371956889798715
8,TNNT1,6.780338,3.6751688,1.1989527295922612e-11,8.737569444354638e-11
8,LILRA1,41.641212,3.6727455,0.0,0.0
8,GPBAR1,34.60603,3.6571898,2.0502710061806305e-262,1.1648479041916314e-260
8,DMXL2,68.79647,3.6514378,0.0,0.0
8,MMP17,7.448091,3.6483164,9.470052073967248e-14,7.443817381742261e-13
8,LINC00968,3.5781085,3.6408384,0.000346089738607572,0.0016594933508906479
8,PROK2,8.858892,3.640559,8.081325569438308e-19,7.350486444221007e-18
8,LINC02432,15.213725,3.6366706,2.867515301095148e-52,4.5660121283332164e-51
8,DGAT2,11.316426,3.633914,1.0881825157643961e-29,1.2419666549014103e-28
8,GPR27,8.94909,3.6260881,3.58423620156608e-19,3.2832835886722833e-18
8,CD300LB,26.555058,3.620147,2.2450651264367036e-155,7.667207498649635e-154
8,CYBB,78.44169,3.6179366,0.0,0.0
8,CD14,72.814026,3.608646,0.0,0.0
8,MGST1,46.283558,3.578232,0.0,0.0
8,DGKG,11.971766,3.561821,4.995341095979508e-33,6.087973472138749e-32
8,ANO5,3.141828,3.5605466,0.001678965862340579,0.007489074600571552
8,TLR2,68.491295,3.5565233,0.0,0.0
8,SIRPD,4.4654517,3.5517642,7.990006729540436e-06,4.346130552444672e-05
8,PLPPR2,22.941097,3.5497658,1.8080921337350643e-116,4.945371997995543e-115
8,SLITRK4,11.22527,3.5420039,3.064488560594413e-29,3.4605096069525584e-28
8,OSCAR,55.42427,3.5357037,0.0,0.0
8,TDRD9,5.2573256,3.534903,1.4616520524659412e-07,8.831921795809353e-07
8,CLMN,33.041153,3.5325384,2.0845077117444915e-239,1.0561619647030655e-237
8,AIF1,69.01998,3.5295558,0.0,0.0
8,TMEM38A,4.970869,3.517802,6.665349593241104e-07,3.890575257380601e-06
8,CPPED1,66.57148,3.5115929,0.0,0.0
8,SMARCD3,30.916842,3.508715,7.093592916149388e-210,3.1142283559578004e-208
8,CKAP4,36.93116,3.4955459,1.4614700233001247e-298,9.693058800458574e-297
8,PYGL,52.044373,3.4870288,0.0,0.0
8,SLC7A7,69.70205,3.4778013,0.0,0.0
8,CES1,23.299767,3.4750395,4.457434448103398e-120,1.256988380360691e-118
8,LST1,79.24479,3.4738257,0.0,0.0
8,CCR2,50.503933,3.472172,0.0,0.0
8,HK3,35.383324,3.4487245,3.082397106174387e-274,1.8250507157189997e-272
8,LILRB2,69.118454,3.4399574,0.0,0.0
8,AL390036.1,10.985265,3.432149,4.499151578885659e-28,4.9876355038959496e-27
8,TKT,85.74673,3.4199834,0.0,0.0
8,CPVL,72.29298,3.4128487,0.0,0.0
8,CFD,72.73664,3.4120367,0.0,0.0
8,CST3,61.45864,3.4095173,0.0,0.0
8,CLEC7A,74.69507,3.4009314,0.0,0.0
8,P2RX1,22.505148,3.382163,3.695800376818674e-112,9.796406710663358e-111
8,AC079630.1,12.546403,3.3676004,4.1597978712796844e-36,5.308293674964543e-35
8,GCA,73.35288,3.3640816,0.0,0.0
8,TMEM150B,12.275243,3.3493347,1.2302284314447827e-34,1.5387563792255727e-33
8,PTX3,3.4805152,3.3395212,0.0005004504481579482,0.0023646876626231012
8,TNFRSF10C,2.901985,3.3389955,0.003708062939438223,0.015904121741495584
8,SLC22A16,3.3149414,3.336834,0.000916623460642419,0.004208896344982209
8,LGALS12,5.2756085,3.310842,1.3231632557558683e-07,8.012344581827316e-07
8,HRH2,51.700005,3.308293,0.0,0.0
8,PRRG4,19.75404,3.2911458,7.404924934527591e-87,1.6608419082107713e-85
8,CEACAM4,22.5663,3.2907853,9.290531319468473e-113,2.47964120458387e-111
8,PID1,30.98945,3.287783,7.477760673862222e-211,3.3016449878151386e-209
8,SULT1A1,48.88552,3.2685816,0.0,0.0
8,LILRA6,32.01305,3.2665875,7.178012589243716e-225,3.4289155347102866e-223
8,FAM151B,4.7487946,3.2624698,2.04632769064559e-06,1.1564426757137183e-05
8,CD302,68.50694,3.2618313,0.0,0.0
8,CDC42EP2,13.387207,3.2609723,7.183192444273566e-41,9.814806758406857e-40
8,CLEC12B,7.240133,3.2607784,4.4824562078322275e-13,3.4479660033715942e-12
8,NLRC4,32.32276,3.2562234,3.350229026575842e-229,1.6357903400375915e-227
8,LINC00877,16.794825,3.250858,2.6628861524955824e-63,4.801739925039729e-62
8,P2RY13,59.167324,3.2503536,0.0,0.0
8,ADAMTS5,3.9005935,3.2430894,9.595719234426922e-05,0.000481374605386192
8,S100P,4.3411655,3.2419407,1.417290072979026e-05,7.561571601167401e-05
8,VNN1,16.736853,3.2415879,7.062432303361872e-63,1.2653831605797414e-61
8,CPAMD8,6.461247,3.2389834,1.0384361519349709e-10,7.284372707184327e-10
8,CD1D,51.476765,3.2373347,0.0,0.0
8,AL355922.1,2.7082384,3.2329648,0.006764141357633728,0.02801652599040279
8,SLC22A4,5.1436467,3.228766,2.6945623744651753e-07,1.605878120084751e-06
8,IL17RA,71.53361,3.2284374,0.0,0.0
8,CCDC149,16.468214,3.2257142,6.207533529083338e-61,1.0900922658146519e-59
8,NHS,7.6365147,3.2227383,2.2318073327026223e-14,1.7939783935459024e-13
8,TNFSF13B,71.78234,3.2129078,0.0,0.0
8,SLC22A15,15.919391,3.2126293,4.6488289301110537e-57,7.813015537952275e-56
8,ANPEP,50.768562,3.2054188,0.0,0.0
8,SECTM1,41.814384,3.2045178,0.0,0.0
8,FRY,31.652575,3.1876814,6.989389907401595e-220,3.238696759641096e-218
8,GPR162,9.988921,3.184914,1.7042655540321193e-23,1.7332588179819253e-22
8,ZDHHC1,11.04776,3.183973,2.2475285190143236e-28,2.500517060373495e-27
8,AQP9,30.694475,3.1824977,6.744755078638593e-207,2.9360583833166617e-205
8,PELI2,24.818342,3.173605,5.6832680867947516e-136,1.7600477631118776e-134
8,RNASE2,25.012732,3.1732106,4.444248341538299e-138,1.3916756179526261e-136
8,HCK,65.98008,3.160909,0.0,0.0
8,FAM198B,46.84979,3.15007,0.0,0.0
8,OLFM1,4.7246227,3.1476116,2.30542699898834e-06,1.2957598155616043e-05
8,KCTD12,70.49286,3.1452885,0.0,0.0
8,AC097634.1,14.847538,3.1371584,7.217130437250736e-50,1.1141850670534892e-48
8,TYMP,76.99538,3.136576,0.0,0.0
8,KIF13A,31.03428,3.1322925,1.8593997115902602e-211,8.268844156276284e-210
8,NACC2,34.113033,3.1292226,4.727284069605302e-255,2.5677709796008975e-253
8,CDH23,21.786018,3.1270094,3.1486077429848286e-105,7.956992601180057e-104
8,MS4A6A,66.55618,3.1260653,0.0,0.0
8,CLEC4A,53.409683,3.1181903,0.0,0.0
8,AC084871.2,2.758953,3.116211,0.005798684217049111,0.02424184134943012
8,S100Z,28.65568,3.1146386,1.3620182721484046e-180,5.242328609874314e-179
8,PADI2,11.722597,3.1132808,9.763187079708987e-32,1.1605800887406371e-30
8,KCNE1,27.795298,3.1112914,4.944275487418943e-170,1.8235408411653613e-168
8,RGS18,55.298042,3.10254,0.0,0.0
8,TLR4,59.06236,3.0884864,0.0,0.0
8,TMTC2,14.11271,3.086631,3.1715184611485056e-45,4.628051042432335e-44
8,TRIM7,7.1780367,3.078825,7.071952681832066e-13,5.406204341760664e-12
8,AP1S2,75.847984,3.078306,0.0,0.0
8,PILRA,61.64065,3.0717456,0.0,0.0
8,AP000919.4,4.5007825,3.0690196,6.77036935137082e-06,3.704883242613632e-05
8,LINC02470,4.2306066,3.0638897,2.3306187813477596e-05,0.0001226083994470046
8,PSAP,69.18476,3.0631948,0.0,0.0
8,JAML,74.42592,3.0618849,0.0,0.0
8,CD33,53.3122,3.061004,0.0,0.0
8,MAP3K7CL,15.467734,3.0607624,5.728815035816147e-54,9.275038570558913e-53
8,CC2D2B,3.504874,3.0467284,0.0004568235614945892,0.0021658300069202743
8,NUP214,67.36432,3.0425017,0.0,0.0
8,ZNF185,13.088587,3.041897,3.82663393468769e-39,5.128784692948501e-38
8,MYO7B,2.5136533,3.0402951,0.011948785957650313,0.0477626911010215
8,AC110285.2,3.942918,3.027674,8.04962028587123e-05,0.0004062534522786122
8,MARCH1,70.83316,3.024929,0.0,0.0
8,FRMD3,5.2785296,3.0245912,1.302245988349749e-07,7.8887723955166e-07
8,LRP1,66.48304,3.020578,0.0,0.0
8,ACPP,19.632477,3.015178,8.163721539291024e-86,1.8113147280320724e-84
8,CD300LF,34.669975,3.0059264,2.2339097097610754e-263,1.2762189907501953e-261
8,GAS7,59.87834,3.004517,0.0,0.0
8,CEBPE,3.647528,3.0014896,0.00026477547089194943,0.0012814618664042407
8,MS4A14,12.572167,2.998954,3.003735410560798e-36,3.845751877970281e-35
8,GRN,69.279976,2.9901757,0.0,0.0
8,APLP2,76.1819,2.9823585,0.0,0.0
8,MSRB1,48.21931,2.9717636,0.0,0.0
8,LTA4H,68.059845,2.9652665,0.0,0.0
8,POU2F2,67.41794,2.9565818,0.0,0.0
8,ADGRE2,46.040382,2.956378,0.0,0.0
8,LMO2,54.44292,2.9502735,0.0,0.0
8,LINC01410,16.582937,2.946782,9.25900353439729e-62,1.6435432177882323e-60
8,LINC01001,16.022655,2.9389021,8.877788369023423e-58,1.505959413399599e-56
8,MYCL,25.110298,2.931713,3.838740091885368e-139,1.2094183488267184e-137
8,SULT1B1,12.422322,2.9253476,1.9773778461058828e-35,2.498561614456031e-34
8,RASSF2,61.3874,2.9209309,0.0,0.0
8,P2RY2,3.3939364,2.9119406,0.0006889569384557189,0.0032063833905813734
8,TPPP3,15.050955,2.9083872,3.4028629822990586e-51,5.352279195619185e-50
8,C9orf139,27.196072,2.9027658,7.228186449242301e-163,2.564885862074992e-161
8,FAM157C,13.439891,2.9022653,3.529563016427057e-41,4.844058798788235e-40
8,TREM1,31.54517,2.9007566,2.0885868209844675e-218,9.620261233407888e-217
8,TMEM121B,5.336927,2.8940883,9.453518118245763e-08,5.77316507568903e-07
8,LRRC25,57.52651,2.8924224,0.0,0.0
8,ARHGEF40,31.252378,2.8780494,2.0723868069275446e-214,9.336918227654465e-213
8,SEMA4A,34.55755,2.8780243,1.097945421607177e-261,6.192372106863689e-260
8,IL6R,54.78111,2.8756423,0.0,0.0
8,SIGLEC14,24.356483,2.873827,4.949260582921097e-131,1.475089651266561e-129
8,AL844908.1,9.365405,2.8734434,7.575881782616431e-21,7.262648208912097e-20
8,QPCT,31.87499,2.8595517,5.932005096348102e-223,2.794824413305347e-221
8,MPP7,29.359127,2.85515,1.8273706819020967e-189,7.278163101230426e-188
8,IRS2,47.02196,2.8471231,0.0,0.0
8,KCNJ2,16.481033,2.846277,5.0218642957352165e-61,8.828825926523796e-60
8,LINC02158,2.8003118,2.840637,0.005105327705002239,0.02151491183235672
8,DUSP6,58.97099,2.8404064,0.0,0.0
8,FES,50.344616,2.8390293,0.0,0.0
8,NAIP,64.34694,2.8352683,0.0,0.0
8,KIAA0513,35.027725,2.8317838,8.51486660784573e-269,4.9282580945447185e-267
8,VSIR,76.32181,2.8283136,0.0,0.0
8,SULF2,51.039856,2.827683,0.0,0.0
8,SPI1,66.35101,2.816662,0.0,0.0
8,TMEM176B,50.791183,2.8158514,0.0,0.0
8,PFKFB4,14.55787,2.8143144,5.205431339208112e-48,7.871050215308469e-47
8,LYST,68.670815,2.8085732,0.0,0.0
8,OAF,17.52906,2.8035655,8.597925240318923e-69,1.638323522826985e-67
8,ADGRD1,4.542345,2.802694,5.563187533391329e-06,3.058367788945674e-05
8,ZNF385A,51.450367,2.8019967,0.0,0.0
8,FCGR1B,19.176548,2.7990067,5.811347228001017e-82,1.2499047235617777e-80
8,ANKRD50,15.22977,2.792375,2.243795612088224e-52,3.5783793076785725e-51
8,MCTP1,35.713474,2.7903247,2.4425288695401782e-279,1.4802203876642802e-277
8,ALDH2,61.811283,2.7876198,0.0,0.0
8,CHST15,39.08932,2.780481,0.0,0.0
8,TMEM154,54.380074,2.771505,0.0,0.0
8,PGD,52.328224,2.7694428,0.0,0.0
8,TMEM144,18.689838,2.7658963,5.989339672735016e-78,1.2457101027269255e-76
8,DOK3,34.88562,2.7473745,1.2283361110059204e-266,7.043447900345081e-265
8,AZU1,3.3164735,2.7453349,0.000911612586689857,0.004186509690464102
8,CHST13,8.108641,2.7416956,5.118930388099444e-16,4.312095434859349e-15
8,BACH1,58.163536,2.7413516,0.0,0.0
8,FGR,67.87286,2.7383676,0.0,0.0
8,CCDC151,4.7365313,2.7378254,2.1740699648866317e-06,1.2259438132594623e-05
8,ZEB2,70.450745,2.7351573,0.0,0.0
8,THBS1,19.790354,2.7350166,3.6049747999829144e-87,8.11500044741966e-86
8,STXBP2,65.845924,2.7306209,0.0,0.0
8,PTAFR,54.38886,2.7303581,0.0,0.0
8,DPYD,63.85453,2.7239442,0.0,0.0
8,F2RL1,4.4408855,2.7202108,8.95894051634279e-06,4.857789026993098e-05
8,LIPN,4.998746,2.717684,5.770437018144972e-07,3.384191592406198e-06
8,CAMKK2,40.559853,2.7152798,0.0,0.0
8,SELL,57.672165,2.700218,0.0,0.0
8,CLEC1A,2.867807,2.7001717,0.0041332758318075565,0.017625159510716908
8,VENTX,13.4545965,2.6942122,2.893138828892554e-41,3.974144079314763e-40
8,CR1,36.432987,2.6928148,1.279319499004146e-290,8.16940656109941e-289
8,AC110285.6,4.9554996,2.6884751,7.214461469600265e-07,4.202458397990853e-06
8,FCGR2A,62.266964,2.686536,0.0,0.0
8,SIGLEC5,8.121148,2.6835635,4.617937296011141e-16,3.898568369511509e-15
8,C9orf72,48.968872,2.6786935,0.0,0.0
8,CLEC4G,3.468518,2.678515,0.0005233373706494372,0.002468302779591356
8,NDST1,13.248133,2.6768587,4.625690060340805e-40,6.248522845059146e-39
8,PECAM1,62.784496,2.6650114,0.0,0.0
8,PLXDC2,60.84056,2.662736,0.0,0.0
8,CMTM4,6.721655,2.6617377,1.7967224892676535e-11,1.2998900275232998e-10
8,INSR,24.748411,2.6562178,3.224761161583699e-135,9.907325369887415e-134
8,UPK3A,6.4174337,2.6536095,1.3859069503352923e-10,9.656047365647628e-10
8,RNF144B,39.35294,2.6519532,0.0,0.0
8,SLC6A12,2.5109038,2.6464427,0.012042252809893553,0.04811171709323339
8,ALDH3B1,30.439348,2.6449015,1.6573685627423325e-203,7.1343022519049125e-202
8,ATP6V1B2,64.7793,2.642211,0.0,0.0
8,VIPR1,8.533665,2.636321,1.4178326672377695e-17,1.2477492666946967e-16
8,CSF2RB,31.84849,2.6351755,1.3812382533559394e-222,6.477986448630048e-221
8,TSPO,81.20166,2.633353,0.0,0.0
8,RXRA,56.227524,2.6324546,0.0,0.0
8,GRK3,51.385143,2.6206648,0.0,0.0
8,FGD6,19.753626,2.614402,7.465932223309647e-87,1.673310857330176e-85
8,NEAT1,76.71939,2.6143923,0.0,0.0
8,RUSC2,4.729803,2.609847,2.2473794026865358e-06,1.2661275100042428e-05
8,AC004069.1,3.5160458,2.6085014,0.0004380254583928507,0.0020808565697122403
8,PLXNB2,46.28672,2.60808,0.0,0.0
8,ZNF516,27.103977,2.6064959,8.839062741735737e-162,3.1044194563503004e-160
8,NR6A1,3.7457173,2.6030157,0.00017987905016714976,0.0008827440145309776
8,C9orf106,4.7764964,2.5996568,1.7837569773900103e-06,1.0111991361003861e-05
8,LINC02207,5.6952324,2.5980287,1.2320391432291587e-08,7.857745315679655e-08
8,OGFRL1,62.32806,2.5942461,0.0,0.0
8,ATP11A,41.426727,2.5928378,0.0,0.0
8,ABHD5,40.257553,2.5869622,0.0,0.0
8,AC012368.1,14.4581375,2.5855076,2.2274262933699714e-47,3.3500274671136597e-46
8,PTGIR,18.936937,2.5835643,5.659418736669176e-80,1.1931490784054177e-78
8,ALOX5,50.0803,2.5787017,0.0,0.0
8,SLC16A5,11.263294,2.574105,1.9917148437192403e-29,2.261496351022431e-28
8,CEBPD,63.93858,2.5591726,0.0,0.0
8,FBXL5,59.260597,2.556476,0.0,0.0
8,MS4A7,57.691986,2.5564384,0.0,0.0
8,HLA-DRA,45.620537,2.5441763,0.0,0.0
8,NCF1,64.081055,2.5428596,0.0,0.0
8,DLEU7,7.390849,2.5385056,1.4589399514064523e-13,1.1389607748956612e-12
8,YBX3,55.55215,2.5379927,0.0,0.0
8,EMILIN2,54.424793,2.5376117,0.0,0.0
8,MAK,2.5370982,2.5375328,0.011177564317293281,0.044859755921904096
8,KCTD15,6.6160192,2.535357,3.6900091336998975e-11,2.6266032311207446e-10
8,ADGRE3,9.4994545,2.524794,2.1099280525029436e-21,2.0397731097500306e-20
8,AL161785.1,4.0872545,2.5243134,4.365077874862479e-05,0.00022492741226804705
8,MAP3K3,47.896526,2.5240026,0.0,0.0
8,TNFRSF1B,69.00688,2.5210211,0.0,0.0
8,TMEM176A,38.477844,2.5196896,0.0,0.0
8,TNFRSF8,8.150586,2.5153177,3.621648265459971e-16,3.0675331033316343e-15
8,FMO5,11.383372,2.5130432,5.060451161084049e-30,5.81857753108723e-29
8,TLR5,24.64416,2.5102012,4.25086423576559e-134,1.2995198905519988e-132
8,VMP1,71.295204,2.5077946,0.0,0.0
8,GAB2,21.08674,2.5071435,1.0527053530787453e-98,2.580171637399269e-97
8,KLF4,31.896748,2.5027237,2.9621587491583475e-223,1.3977319154234664e-221
8,TYROBP,62.60002,2.5021503,0.0,0.0
8,ALDH1A1,31.991596,2.5019085,1.4272151771524086e-224,6.8072437469520816e-223
8,KCNJ15,4.71273,2.5013351,2.4442002851234884e-06,1.3717613621265962e-05
8,TMTC1,4.38162,2.500801,1.1780014513432088e-05,6.326410227048576e-05
8,CD68,59.881947,2.4991457,0.0,0.0
8,TFEC,45.704483,2.4978702,0.0,0.0
8,NADK,44.576916,2.496683,0.0,0.0
8,SLC31A2,43.74539,2.495365,0.0,0.0
8,AL117335.1,5.7983117,2.494391,6.698593358879136e-09,4.318594596221891e-08
8,ODF3B,34.22186,2.4884403,1.1439456450676217e-256,6.2799161726651835e-255
8,BRI3,68.34034,2.4853995,0.0,0.0
8,C5AR1,49.270737,2.4801235,0.0,0.0
8,JDP2,32.51319,2.4800417,6.94159612496666e-232,3.410872995776543e-230
8,ADGRE1,12.135046,2.479836,6.887091899252243e-34,8.504168970443032e-33
8,TNFSF10,60.666245,2.4790916,0.0,0.0
8,LRP3,9.321067,2.476968,1.1517607900705673e-20,1.0983483720676033e-19
8,TSHZ3,10.023576,2.4767227,1.200786803019144e-23,1.2236306535084958e-22
8,BAIAP2-DT,14.923755,2.4755464,2.309075526017513e-50,3.597106717874157e-49
8,HPSE,27.465912,2.4741092,4.48582373687585e-166,1.619665353219882e-164
8,PELI1,32.86411,2.473543,7.161407023789545e-237,3.5931429689003804e-235
8,ST6GALNAC3,3.3468618,2.471325,0.0008173196357174461,0.003771102263186652
8,PRKCD,45.719944,2.4680886,0.0,0.0
8,ACSL1,40.42936,2.4644945,0.0,0.0
8,LRG1,7.995713,2.4616337,1.2882585399436249e-15,1.0755323256087956e-14
8,ARHGEF11,19.827108,2.4586196,1.737426911752807e-87,3.9224728678994895e-86
8,TMEM91,26.873148,2.4581301,4.5253840709318353e-159,1.5804072935626015e-157
8,FCGR1A,34.554153,2.4556649,1.2346057564711398e-261,6.950448108425048e-260
8,RAB31,55.657135,2.454284,0.0,0.0
8,ADA2,60.165302,2.4521616,0.0,0.0
8,SLC36A4,33.99018,2.4516747,3.111411354840511e-253,1.6782616185699073e-251
8,AIFM3,3.081107,2.4498453,0.0020623264059279494,0.009088880967918883
8,IMPA2,33.97518,2.4462347,5.1823962235518214e-253,2.785605566631585e-251
8,LTBR,39.33105,2.4461818,0.0,0.0
8,HK2,23.480799,2.4454439,6.408665669543654e-122,1.8238732030256512e-120
8,GIMAP8,45.304214,2.4381683,0.0,0.0
8,IGSF6,57.271233,2.4362252,0.0,0.0
8,ITGAM,52.665466,2.4345343,0.0,0.0
8,JAK2,41.698486,2.4326925,0.0,0.0
8,RIN1,9.726057,2.4293425,2.334668301413205e-22,2.304618115355411e-21
8,SOWAHC,5.8438354,2.424865,5.101246940613341e-09,3.30463716607706e-08
8,ATOH8,3.9991903,2.4156065,6.355953354093994e-05,0.0003234701964679451
8,AC022762.2,2.7008097,2.414945,0.0069170902870661025,0.028605933952425933
8,NBPF14,33.398388,2.4149327,1.4469240060520485e-244,7.478274290142251e-243
8,PPFIA4,2.5870562,2.4143035,0.0096799796733508,0.03922631857404657
8,ARL11,27.157291,2.4126923,2.076656486708583e-162,7.343618081773703e-161
8,NAGK,62.405365,2.4122608,0.0,0.0
8,ARHGAP29,4.472887,2.4071915,7.717061422225864e-06,4.2035815540489036e-05
8,FRAT1,29.179964,2.3982658,3.48266110269458e-187,1.3782151946348449e-185
8,PPM1F,35.54428,2.3938227,1.018298875376978e-276,6.087536429647245e-275
8,UBE2D1,49.65749,2.391638,0.0,0.0
8,WDFY3,28.47603,2.3898203,2.3207770244032625e-178,8.84442114589786e-177
8,MAP3K1,53.840015,2.388067,0.0,0.0
8,NOTCH2,53.415245,2.3848333,0.0,0.0
8,SNX30,29.014784,2.3846438,4.2829527397524925e-185,1.679863202126019e-183
8,IL1RN,23.321022,2.3800993,2.7133445673347798e-120,7.658569912567675e-119
8,C1orf162,62.308456,2.3796117,0.0,0.0
8,LINC02035,12.634576,2.3795316,1.3612580147764297e-36,1.7500998944548716e-35
8,ARAP3,5.6654115,2.3785272,1.4667223827493841e-08,9.329489336002307e-08
8,SLC19A1,12.381534,2.3774343,3.2899409332013716e-35,4.1452182805729635e-34
8,NBPF10,12.082152,2.3774343,1.3123819905424486e-33,1.613436363631482e-32
8,FGD4,41.777767,2.3763287,0.0,0.0
8,DAPP1,46.143974,2.3759499,0.0,0.0
8,S100A6,78.70451,2.3709362,0.0,0.0
8,GAPT,44.690105,2.3697762,0.0,0.0
8,SLC43A2,46.71083,2.3689911,0.0,0.0
8,FRAT2,39.37398,2.3685427,0.0,0.0
8,METTL7A,48.863194,2.3684404,0.0,0.0
8,AL160272.1,5.283917,2.3632584,1.264507468341777e-07,7.664666076493293e-07
8,EVI5,35.92832,2.3595617,1.103729558398403e-282,6.795412243310646e-281
8,TET2,53.6415,2.3577566,0.0,0.0
8,BAHCC1,3.2965093,2.3572516,0.0009789440654541074,0.004481075863594505
8,LDLRAD3,7.386006,2.3524396,1.5130491685449895e-13,1.180308194149924e-12
8,NID1,14.278619,2.3487122,2.974399123826526e-46,4.406987234904432e-45
8,HOMER3,28.719723,2.3484862,2.1642333354011448e-181,8.361244962155398e-180
8,RTN1,20.174368,2.3455577,1.6445536315418228e-90,3.844797208022929e-89
8,SLC2A6,26.065247,2.343581,9.037470471357838e-150,2.987391442334296e-148
8,MRVI1,8.976845,2.3397443,2.786434842618689e-19,2.5585365918245936e-18
8,FCGRT,60.002556,2.3370335,0.0,0.0
8,KCNQ1,21.64764,2.333493,6.397311677980618e-104,1.6048840262284655e-102
8,ARHGEF10L,20.076498,2.3317847,1.184573489017536e-89,2.7403901815168396e-88
8,LY86,49.258167,2.3314047,0.0,0.0
8,RBM47,46.092064,2.32882,0.0,0.0
8,PIWIL4,3.0648336,2.328411,0.002177910586715765,0.009573699687615438
8,ZDHHC7,38.264034,2.3256948,0.0,0.0
8,IL15,21.453796,2.316895,4.208655842459777e-102,1.0490074687330995e-100
8,FFAR2,5.300161,2.3125646,1.1570057258739609e-07,7.029600151284944e-07
8,RRP12,18.676575,2.3118255,7.679152238879078e-78,1.5950239129505087e-76
8,UBXN11,35.61555,2.3092864,8.048645321047805e-278,4.830281183254845e-276
8,WARS,45.0686,2.3086715,0.0,0.0
8,IFNGR2,54.404457,2.3070807,0.0,0.0
8,NBPF9,20.002176,2.306368,5.2720728734394094e-89,1.2114792289917609e-87
8,LTB4R,35.130108,2.3056483,2.339891869971531e-270,1.3619404524521678e-268
8,SORT1,31.54179,2.3055708,2.323722423587117e-218,1.0687394188364141e-216
8,IL13RA1,45.108353,2.3003283,0.0,0.0
8,AL445524.1,12.054667,2.2974722,1.832698593220757e-33,2.2468550345368482e-32
8,AC020909.2,3.8355274,2.2968874,0.0001252950927287622,0.0006226878004450641
8,PTPRE,59.159863,2.296509,0.0,0.0
8,SNX27,47.482765,2.28982,0.0,0.0
8,THEMIS2,53.521942,2.2871552,0.0,0.0
8,TLR6,24.800549,2.2867162,8.843679046979633e-136,2.7305852977522433e-134
8,SCIMP,44.944782,2.2859123,0.0,0.0
8,TRIQK,17.294008,2.2823207,5.2193802261000864e-67,9.776689978671234e-66
8,TGFBI,54.776814,2.2798274,0.0,0.0
8,SIRPA,44.307503,2.2777038,0.0,0.0
8,SCPEP1,55.236595,2.2719183,0.0,0.0
8,FTL,60.695347,2.2663414,0.0,0.0
8,BLVRB,57.265957,2.2655141,0.0,0.0
8,DENND1A,26.300615,2.2650573,1.8868558651219612e-152,6.325060110989637e-151
8,CACNB4,3.8291035,2.2623916,0.00012861089639157843,0.0006387557407640229
8,NOD2,19.909824,2.261792,3.3448025040787823e-88,7.629358744912393e-87
8,CRTAP,49.505993,2.2605464,0.0,0.0
8,LYN,58.170197,2.258944,0.0,0.0
8,AC005162.3,4.062323,2.2553248,4.858673017579508e-05,0.0002496957215735448
8,TIMP2,57.892048,2.2549539,0.0,0.0
8,KLHL8,31.492832,2.252276,1.0888863830493684e-217,4.9784336451045606e-216
8,AL391832.2,4.8381395,2.251896,1.3106023059169722e-06,7.502645947207976e-06
8,BCL6,29.812338,2.2477953,2.7034826113692354e-195,1.109648566661208e-193
8,RNF130,61.78368,2.2473161,0.0,0.0
8,FAAH,4.7946095,2.2470083,1.629919463038532e-06,9.261982137181817e-06
8,ZBTB18,18.49228,2.246073,2.38266148677079e-76,4.906123822226836e-75
8,ATG16L2,42.421646,2.2446773,0.0,0.0
8,KDM1B,28.568901,2.2391055,1.636177623483463e-179,6.266337274969441e-178
8,RARA-AS1,8.372063,2.2376564,5.661848459726063e-17,4.901573318299318e-16
8,ARRDC4,17.252068,2.2374632,1.0796524825760708e-66,2.013809250390985e-65
8,PSRC1,5.3165097,2.235451,1.0577669647159934e-07,6.443122502656131e-07
8,SOD2,51.468636,2.235212,0.0,0.0
8,RASSF3,46.8096,2.2344053,0.0,0.0
8,IGF2BP2,10.615438,2.232439,2.5260495545717142e-26,2.704281731317907e-25
8,NUMB,53.72468,2.2318566,0.0,0.0
8,MXD1,34.13174,2.2305362,2.4953818270514784e-255,1.3578303895894374e-253
8,S100A4,70.02552,2.2230089,0.0,0.0
8,AGO4,38.865498,2.220573,0.0,0.0
8,RAB32,49.62614,2.220373,0.0,0.0
8,C5AR2,19.118223,2.2141948,1.7807059890647416e-81,3.808739100624496e-80
8,ZNF697,3.4017107,2.212078,0.0006696548272519991,0.003120310831581115
8,PELI3,6.1882606,2.21044,6.083169026104024e-10,4.116761661699082e-09
8,SLCO3A1,43.39433,2.20785,0.0,0.0
8,LILRB1,42.642635,2.206446,0.0,0.0
8,EVI2B,70.563446,2.2063494,0.0,0.0
8,ENTPD1,49.451946,2.205642,0.0,0.0
8,NATD1,9.746161,2.2038112,1.9157585572676958e-22,1.8965518811490288e-21
8,TALDO1,67.62171,2.2037146,0.0,0.0
8,SCRG1,10.7558775,2.1999764,5.56024094692287e-27,6.027722446388816e-26
8,AGTPBP1,41.678604,2.191404,0.0,0.0
8,IFI30,36.020683,2.1887133,3.9695301466973566e-284,2.4685365843858186e-282
8,ASAH1,61.121857,2.1874206,0.0,0.0
8,SMIM25,39.61429,2.1855965,0.0,0.0
8,ACSS2,12.27026,2.1844811,1.3083314745849787e-34,1.6357848254449003e-33
8,MAP3K20,32.08642,2.183206,6.82011901024847e-226,3.278218013215388e-224
8,HSPA6,27.855478,2.183038,9.245232213014932e-171,3.417971196263786e-169
8,KIAA0930,48.06825,2.181685,0.0,0.0
8,TBXAS1,50.730587,2.1814985,0.0,0.0
8,SPATA6,11.67406,2.178496,1.7296827228822267e-31,2.0427704973680164e-30
8,CYP27A1,34.266594,2.1778917,2.4689910207121683e-257,1.3578132647179892e-255
8,HHEX,30.995605,2.1765108,6.178143582582417e-211,2.735643033049782e-209
8,GNS,49.67035,2.1742163,0.0,0.0
8,RNF24,28.001587,2.1698818,1.5540900812218182e-172,5.773108430327252e-171
8,DPEP2,28.807259,2.165809,1.739811589878984e-182,6.763818466464121e-181
8,RTN3,55.738136,2.1656065,0.0,0.0
8,CBFA2T3,16.195591,2.1646721,5.41740744703284e-59,9.369659315357806e-58
8,CEBPA,30.620743,2.1593208,6.481986054655166e-206,2.809800041952696e-204
8,SASH1,10.598192,2.158169,3.037968951956692e-26,3.243333554339395e-25
8,ZEB2-AS1,8.24844,2.157472,1.6047592427398763e-16,1.3704972068350749e-15
8,ARID3A,34.45751,2.1569364,3.4753871193728596e-260,1.9388770703692595e-258
8,TMOD2,23.785505,2.1541865,4.71801836141857e-125,1.3666334910624531e-123
8,STX11,29.971203,2.1506724,2.3294850937282758e-197,9.612469398112124e-196
8,SIGLEC9,21.334448,2.150484,5.4382227533863415e-101,1.3522055562261596e-99
8,SLC8A1,39.97298,2.1482062,0.0,0.0
8,SLC25A37,43.929947,2.1479464,0.0,0.0
8,FGD2,41.50117,2.1449358,0.0,0.0
8,NUDT16,44.272846,2.1443021,0.0,0.0
8,KIAA0319L,36.932663,2.1421583,1.382600864859347e-298,9.189687081765126e-297
8,AC064805.1,4.016651,2.141181,5.9031031837702306e-05,0.0003008198023096233
8,ADGRA2,4.1025486,2.1393752,4.086240291445838e-05,0.00021119302456139885
8,AP5B1,19.814913,2.139333,2.213872337686846e-87,4.99082073967085e-86
8,GABBR1,16.582909,2.1328194,9.263442862093055e-62,1.6435432177882323e-60
8,NCOA4,57.346897,2.1313417,0.0,0.0
8,SLC22A18AS,4.0687585,2.1312618,4.7264345873000135e-05,0.0002431423332051956
8,IRF5,24.247267,2.1264327,7.066138651943713e-130,2.0898865771830078e-128
8,TBC1D8,12.989705,2.1254728,1.3996607865157672e-38,1.8582180381805334e-37
8,SEMA3C,9.353176,2.1246614,8.505475788791237e-21,8.143703228134162e-20
8,HLX,13.549518,2.1227279,7.975207895562332e-42,1.1018763988741394e-40
8,HCG27,11.39585,2.1215463,4.3852990117505524e-30,5.046032634258166e-29
8,CEBPB,58.900494,2.120967,0.0,0.0
8,ADAM15,24.568094,2.1171591,2.771281515490641e-133,8.397254686202867e-132
8,LINC01637,9.356026,2.1170106,8.279219866643407e-21,7.92952737583972e-20
8,HGF,16.437777,2.1148188,1.0261503042863996e-60,1.7999561551974888e-59
8,RASSF4,43.2463,2.1142795,0.0,0.0
8,APAF1,35.99737,2.1106365,9.195670202301634e-284,5.695602784419571e-282
8,SYK,51.397972,2.1035776,0.0,0.0
8,AL035587.1,5.7627487,2.1022804,8.275491628007383e-09,5.315266412028765e-08
8,P2RX7,26.46076,2.0934138,2.7436882642682008e-154,9.31859045975135e-153
8,TTYH2,11.548253,2.0905972,7.533586436821532e-31,8.789752963489735e-30
8,MBOAT7,37.477566,2.0876977,2.13689820777268e-307,1.4709379266732791e-305
8,CD55,48.987556,2.0857677,0.0,0.0
8,MX2,37.894604,2.084797,0.0,0.0
8,DENND5A,26.332611,2.0778477,8.119481763997308e-153,2.7306727190409666e-151
8,HNMT,43.23402,2.0777278,0.0,0.0
8,ATP6V1A,42.36827,2.0756054,0.0,0.0
8,SNX10,51.367016,2.0726063,0.0,0.0
8,KLF10,31.509089,2.0663939,6.521665873592877e-218,2.986150031927927e-216
8,CACNA2D3,14.074955,2.0612729,5.413930995692915e-45,7.866871898630979e-44
8,KIAA1958,6.3226686,2.0611482,2.570844837243753e-10,1.7684643085843018e-09
8,MTF1,24.248701,2.058196,6.824165060580095e-130,2.0202535395339942e-128
8,ZSWIM6,30.619757,2.0577235,6.681095609114693e-206,2.8920535292844233e-204
8,NLRP3,26.77363,2.0542252,6.554719159709654e-158,2.2660705265005177e-156
8,PPT1,54.896034,2.0528078,0.0,0.0
8,MYO1F,64.49262,2.052761,0.0,0.0
8,SERPINB8,21.800566,2.0514216,2.2916308746152647e-105,5.800772763450776e-104
8,CCNY,46.136635,2.051328,0.0,0.0
8,IPMK,19.815666,2.0512457,2.1809898346088975e-87,4.920281227610014e-86
8,EREG,7.4928317,2.051149,6.740339052487531e-14,5.329333821827375e-13
8,ZNF106,56.598267,2.050008,0.0,0.0
8,SHTN1,35.851746,2.0491529,1.727339854729178e-281,1.0550769345872472e-279
8,AATK,4.68033,2.048808,2.864136451152271e-06,1.601336202890073e-05
8,AC015912.3,4.5650487,2.0482492,4.993781260004071e-06,2.7551374045509787e-05
8,KYNU,32.032528,2.0469625,3.844908071899671e-225,1.8423964926853197e-223
8,ADAMTSL4,18.464949,2.0448425,3.953990857495176e-76,8.130804752668223e-75
8,COTL1,61.814125,2.0424378,0.0,0.0
8,TBC1D9,26.793716,2.0416222,3.824732033525901e-158,1.3237513209427213e-156
8,TBL1X,33.4279,2.040489,5.392931902749829e-245,2.801333551567882e-243
8,SESTD1,25.023197,2.0387366,3.419103626017594e-138,1.0717468130763264e-136
8,SAT1,57.420517,2.0367362,0.0,0.0
8,ARHGAP26,47.64341,2.036208,0.0,0.0
8,SAMHD1,64.98367,2.0351095,0.0,0.0
8,LYL1,36.9439,2.0291152,9.12596431895596e-299,6.078796965645945e-297
8,C15orf39,25.197659,2.027372,4.249584751665093e-140,1.3484796295658423e-138
8,SPTLC2,47.517906,2.0265546,0.0,0.0
8,DLG4,6.914564,2.0254443,4.693048491539651e-12,3.4733728383145594e-11
8,TET3,26.843771,2.0249085,9.972012860493048e-159,3.4668729075282186e-157
8,FXYD6,10.266692,2.0238738,9.956016317198444e-25,1.032932515326124e-23
8,FAM13A,22.681793,2.0238328,6.776994769699131e-114,1.8229467132035774e-112
8,MINDY1,7.785246,2.0228138,6.957768054293872e-15,5.688987758043934e-14
8,ECHDC3,7.698687,2.0190558,1.3747126844807495e-14,1.1128403598545449e-13
8,RARA,30.113415,2.0181956,3.2339854579830197e-199,1.3434514590037795e-197
8,NBPF26,10.027723,2.01807,1.1514130404833113e-23,1.1740918126762685e-22
8,CTSH,52.512253,2.0175836,0.0,0.0
8,MYD88,41.46018,2.0112274,0.0,0.0
8,ULK1,19.048164,2.0097501,6.804778077156512e-81,1.4464599451903462e-79
8,GCNT2,16.376444,2.0086083,2.817410563749872e-60,4.925209745125413e-59
8,RCBTB2,33.05812,2.0073867,1.1890690372847419e-239,6.0345741765779176e-238
8,ARAP1,39.601883,2.0069623,0.0,0.0
8,SPOPL,28.50637,2.0044446,9.76704373579386e-179,3.7313970425485888e-177
8,IL1B,16.174759,2.0033705,7.599449900511698e-59,1.3121575311458942e-57
8,RIPOR2,52.157753,1.9996954,0.0,0.0
8,SAP30,31.029219,1.9988519,2.1760577730027273e-211,9.663134711234957e-210
8,KLF7,23.87731,1.9985622,5.2713510253925005e-126,1.5341021293955368e-124
8,CCDC88A,50.175243,1.9982033,0.0,0.0
8,KLF11,17.018444,1.9954323,5.9941641727916045e-65,1.098823440619633e-63
8,CXorf21,24.67255,1.9952064,2.1083359430168707e-134,6.4581109009734814e-133
8,SRD5A1,13.815215,1.9940765,2.0633635320298914e-43,2.923997096948549e-42
8,SAMD4A,10.940109,1.9921206,7.411056867158049e-28,8.183406023338829e-27
8,USP3,49.028374,1.9918442,0.0,0.0
8,RP2,28.268513,1.9916397,8.42972783451796e-176,3.169557155492051e-174
8,CASP1,54.228764,1.9911757,0.0,0.0
8,AHNAK,60.10089,1.9898666,0.0,0.0
8,TNFSF13,2.7542164,1.9896199,0.005883286093682802,0.0245722599050614
8,ARHGAP24,25.62894,1.9880435,7.2608427217616e-145,2.3547834837511627e-143
8,KDM7A,33.254738,1.9843019,1.7436287618944592e-242,8.937037171454735e-241
8,BEST1,10.897989,1.9837774,1.178319428004858e-27,1.2969486667146065e-26
8,MANBA,36.73681,1.9826583,1.8884865405462004e-295,1.2392240660013039e-293
8,NBPF19,34.460705,1.9775288,3.1129205005513597e-260,1.742953512872117e-258
8,BAZ2B,45.968365,1.9769454,0.0,0.0
8,TTC7A,28.302656,1.9761524,3.2053407588073394e-176,1.2110937265581717e-174
8,AC009506.1,3.5711694,1.9758563,0.00035539083855282524,0.0017013730866096916
8,OAS1,36.421932,1.9755753,1.9143084194550404e-290,1.219907841651483e-288
8,CDC42EP3,43.23794,1.9690884,0.0,0.0
8,MTMR3,24.071012,1.9663262,5.030680377485926e-128,1.4779775515870487e-126
8,RILPL2,47.906803,1.9621625,0.0,0.0
8,ZBTB34,10.315662,1.9599782,5.986728524527948e-25,6.227930612843665e-24
8,SMCO4,36.52611,1.9592706,4.270819094215663e-292,2.755703668996315e-290
8,ITGB2,66.45745,1.955741,0.0,0.0
8,MEF2C,46.721996,1.9532496,0.0,0.0
8,WLS,12.439819,1.9520584,1.5886310592596967e-35,2.0098166249913813e-34
8,DOCK5,35.17964,1.9518545,4.095808950774656e-271,2.3975221068483386e-269
8,GNAQ,42.81093,1.9511546,0.0,0.0
8,RNF149,51.515617,1.9501879,0.0,0.0
8,DUSP3,25.790173,1.9493619,1.1429832844552264e-146,3.734268961168888e-145
8,IQSEC2,7.9962196,1.9480267,1.2829753897132294e-15,1.0717005505369401e-14
8,PAK1,41.172657,1.9479921,0.0,0.0
8,TBC1D2,14.403805,1.9462742,4.897137526791685e-47,7.336685872057712e-46
8,STS,6.4091134,1.9447334,1.463684580657829e-10,1.0193352711670012e-09
8,CHP1,41.239655,1.9428066,0.0,0.0
8,NOTCH2NL,17.82136,1.9418555,4.8248854937772744e-71,9.408374508275975e-70
8,STAC3,16.540749,1.9411765,1.866856624577284e-61,3.304635606861977e-60
8,FZD2,9.831271,1.9403322,8.256989404459104e-23,8.253517837115703e-22
8,BTK,34.28961,1.9393574,1.1209655358695829e-257,6.17570085866688e-256
8,PLXNC1,41.309048,1.9384478,0.0,0.0
8,FOS,42.464794,1.9359572,0.0,0.0
8,SDCBP,57.54303,1.9357274,0.0,0.0
8,ZNF703,8.839568,1.934506,9.608892251219015e-19,8.729630594016053e-18
8,NAMPT,37.95052,1.934483,0.0,0.0
8,CARD9,17.172392,1.9306251,4.274401787807127e-66,7.92020000334262e-65
8,SORL1,52.96404,1.9302888,0.0,0.0
8,CD86,38.510876,1.9300492,0.0,0.0
8,UBR5-AS1,7.7508965,1.9294815,9.12461669826963e-15,7.433171541734831e-14
8,ARSD,23.031885,1.9279342,2.234556958018048e-117,6.182941083389777e-116
8,SLC16A6,16.705912,1.9276861,1.187010927493849e-62,2.1243165452259637e-61
8,NUAK2,11.619907,1.9271168,3.264905739447311e-31,3.841204479980892e-30
8,ST3GAL6,16.27709,1.9256939,1.435358615071492e-59,2.4922825121356518e-58
8,GAS2L1,7.599162,1.9238602,2.9805478657291775e-14,2.384052610923698e-13
8,SLC15A3,34.396175,1.922266,2.876195630964851e-259,1.5988233519106232e-257
8,AC087741.1,15.505407,1.9220201,3.188881436697981e-54,5.184574358970253e-53
8,GAA,36.35648,1.9218937,2.0759394302961e-289,1.3147758191016713e-287
8,MICAL2,25.308872,1.9212601,2.551005076459904e-141,8.170353771828627e-140
8,LATS2,14.360485,1.9204757,9.158432489714023e-47,1.3654591073786364e-45
8,JUP,9.257644,1.9143046,2.089927529455616e-20,1.981392335978059e-19
8,DUSP1,45.007504,1.9130939,0.0,0.0
8,CD163,46.691685,1.9126753,0.0,0.0
8,SLC2A9,4.622274,1.9115541,3.7955631356898036e-06,2.1068511105381602e-05
8,PEAK3,5.052599,1.9105685,4.3583823707941344e-07,2.5736439421882753e-06
8,MAN2A2,19.960249,1.9087323,1.2210337490912684e-88,2.7995912524602247e-87
8,MARVELD1,11.855654,1.9023113,2.011480742285878e-32,2.426574367752913e-31
8,CD74,41.47389,1.898935,0.0,0.0
8,RNASE6,44.141872,1.8987707,0.0,0.0
8,PRKACA,36.26855,1.8913134,5.068551623166132e-288,3.1905035645050026e-286
8,FSTL3,4.5491447,1.889491,5.386442860228217e-06,2.965950284715366e-05
8,TNFRSF10B,18.69214,1.8889028,5.7365263134661065e-78,1.1939314395306193e-76
8,SMAD1,4.7370076,1.8842145,2.1689681099345824e-06,1.2232900980610974e-05
8,RNF217,10.866253,1.8831283,1.6691566389614444e-27,1.8319823948999063e-26
8,BNIP3L,48.66931,1.8808973,0.0,0.0
8,GPCPD1,40.525173,1.8799216,0.0,0.0
8,LGALS3,51.478928,1.8797591,0.0,0.0
8,TLR1,25.92932,1.8793666,3.1116223800441043e-148,1.0198400095442537e-146
8,FCER1G,40.391796,1.8770431,0.0,0.0
8,CPD,33.952347,1.8757714,1.1262542221972485e-252,6.0327797652426965e-251
8,HIPK3,44.270615,1.8741082,0.0,0.0
8,TRIM25,29.465643,1.8728871,7.936981261546231e-191,3.1899646274461555e-189
8,FAM214B,20.37248,1.8675808,2.9343226537294382e-92,6.960177303055698e-91
8,ARRB2,55.823654,1.8640504,0.0,0.0
8,CSF2RA,36.736206,1.8640324,1.930792429175261e-295,1.2643008815364362e-293
8,SYNE3,27.333319,1.8625851,1.7049806545261376e-164,6.084969640812856e-163
8,FKBP15,40.148212,1.8614593,0.0,0.0
8,RCOR1,31.080847,1.8602668,4.3715183835209543e-212,1.952464142767083e-210
8,NLRP1,37.496567,1.8598344,1.0477667467366492e-307,7.228421169953039e-306
8,CPNE8,15.817594,1.857845,2.3531750549913723e-56,3.927083230270969e-55
8,AL139384.1,5.121139,1.8574442,3.036957982522434e-07,1.8068000070417877e-06
8,PIP4P2,20.23073,1.8569775,5.251929627062246e-91,1.231573512773997e-89
8,AGO1,28.748209,1.856823,9.536917289289768e-182,3.6937030408531186e-180
8,DDIAS,3.3759727,1.8566641,0.0007355518941079359,0.003408749173846881
8,PRKCB,49.81609,1.8549596,0.0,0.0
8,FAM49A,36.52445,1.854358,4.538993952516274e-292,2.922639293550427e-290
8,CNPY3,54.220856,1.8513148,0.0,0.0
8,UBTD1,4.7816453,1.8509936,1.7386620786352546e-06,9.861778099537495e-06
8,TMEM164,14.539362,1.8505989,6.822579406958626e-48,1.0306229801117802e-46
8,RAB24,13.2502575,1.8462453,4.496576795210583e-40,6.079426903305927e-39
8,UTF1,2.9192286,1.8427057,0.0035089886999163716,0.015079576438864753
8,ZFAND5,47.67968,1.8426936,0.0,0.0
8,AHR,33.885765,1.8423156,1.0797435219779212e-251,5.76366719063413e-250
8,AGTRAP,46.07299,1.8358445,0.0,0.0
8,GLIPR1,56.952198,1.8352137,0.0,0.0
8,USP15,58.71048,1.8348688,0.0,0.0
8,PISD,25.195452,1.8344083,4.492823092368017e-140,1.424201880162239e-138
8,OPRL1,4.452651,1.8337076,8.481645838879993e-06,4.606259496437602e-05
8,CLCN5,9.9205,1.8297814,3.3905432105802084e-23,3.422322632573563e-22
8,LACTB,39.629734,1.8281287,0.0,0.0
8,LPAR1,5.381435,1.8276845,7.389448953782702e-08,4.5404711493948705e-07
8,DIAPH2,31.97139,1.8265458,2.72526150435182e-224,1.2958408817692568e-222
8,GRINA,42.199585,1.8259745,0.0,0.0
8,TCF7L2,18.402225,1.8244326,1.260783045463735e-75,2.566997469443192e-74
8,AOAH,49.347942,1.8239454,0.0,0.0
8,QKI,51.328552,1.823897,0.0,0.0
8,SP1,32.04078,1.8206867,2.950758970855609e-225,1.416135209817303e-223
8,FAM19A2,4.406764,1.8192859,1.0492634367244024e-05,5.6527078680218065e-05
8,NEXN,6.8338985,1.8173033,8.263758160228708e-12,6.066697706845336e-11
8,DPYSL2,43.401035,1.8167561,0.0,0.0
8,PDK4,37.442738,1.8163532,7.884948695830217e-307,5.415557985378322e-305
8,ARHGAP27,30.186096,1.8153603,3.6058421322875313e-200,1.5060238213866315e-198
8,DICER1,46.876915,1.8131087,0.0,0.0
8,ROGDI,21.749996,1.8127737,6.908614371084189e-105,1.7387992212304483e-103
8,NAAA,39.61308,1.8113452,0.0,0.0
8,VCL,30.943316,1.8083855,3.1251340104330726e-210,1.3739476082568274e-208
8,LPCAT2,29.908913,1.8033003,1.5069682712435783e-196,6.210115781243371e-195
8,FAM45A,36.12343,1.8021992,9.726065768353844e-286,6.085091390739114e-284
8,MAFB,39.210552,1.8018876,0.0,0.0
8,USP6,4.725784,1.8014544,2.2922933382360827e-06,1.289315927295043e-05
8,STAT2,37.164867,1.8007108,2.522323449244967e-302,1.7021277477252008e-300
8,USP32,21.808197,1.7999456,1.9396679013746617e-105,4.913878346539891e-104
8,MROH6,3.7768712,1.7990912,0.00015881085996351103,0.0007833334262515537
8,CD4,46.010086,1.7987428,0.0,0.0
8,SNX21,5.0232086,1.7976949,5.081524385100541e-07,2.9869660359509784e-06
8,PLAUR,36.047466,1.7974248,1.5110757098092847e-284,9.415890516749106e-283
8,FUT4,10.366812,1.7962683,3.510406018548239e-25,3.667887721949642e-24
8,CNTLN,17.217144,1.7953387,1.974992378837749e-66,3.672749064545025e-65
8,OSBPL11,34.186752,1.790692,3.8046314800558094e-256,2.0812344275059274e-254
8,IQSEC1,35.247173,1.789712,3.790625849364545e-272,2.2230905716567363e-270
8,AC100786.1,3.8843412,1.7849472,0.00010260767519128776,0.0005132376464051029
8,ARRB1,26.315826,1.7828844,1.263855373062375e-152,4.2458671755694375e-151
8,GOLM1,9.098979,1.7806467,9.118473137344536e-20,8.478479219491805e-19
8,HLA-DRB1,40.766216,1.7776945,0.0,0.0
8,TK2,25.276495,1.7767609,5.793212193340976e-141,1.851611264318403e-139
8,MAPK14,35.155956,1.7748897,9.427145440202546e-271,5.497448756987549e-269
8,IMPDH1,34.345806,1.7731142,1.6268118483333575e-258,9.01073007104643e-257
8,AC022098.1,6.332623,1.7699816,2.410281771828363e-10,1.6594916177745423e-09
8,UBE2R2,45.371567,1.7689927,0.0,0.0
8,WDFY2,36.047504,1.7658603,1.5090239433223364e-284,9.415890516749106e-283
8,LFNG,36.917694,1.7653617,2.403855106216681e-298,1.5909196952428044e-296
8,IL1R2,6.3050504,1.7653247,2.880999198091605e-10,1.9760994721575064e-09
8,GNB4,34.306313,1.7652483,6.318542188013002e-258,3.4872711322306763e-256
8,TENT5A,28.786348,1.7624817,3.179364999436936e-182,1.2344803271054946e-180
8,STAT6,40.01584,1.762052,0.0,0.0
8,CUX1,39.360188,1.7618059,0.0,0.0
8,RIN2,18.464079,1.7607832,4.018179557551608e-76,8.257305557529758e-75
8,CRYBG3,19.040321,1.7603048,7.904235082127585e-81,1.6790116404351705e-79
8,AP000763.3,3.9967246,1.7557017,6.422497157694993e-05,0.0003266416318131959
8,S100A11,60.326702,1.7535505,0.0,0.0
8,TTC21A,2.9819381,1.753278,0.0028642977964379907,0.012433546628442272
8,DHX57,19.403873,1.7528311,7.156966988457249e-84,1.557749145860903e-82
8,ITPRIPL2,30.008467,1.7506553,7.6098543078777e-198,3.148564485857779e-196
8,MYADM,37.591232,1.7504379,2.98978305277258e-309,2.071866027175832e-307
8,CX3CR1,34.559116,1.7469542,1.0399650296763962e-261,5.876087600038095e-260
8,CSGALNACT2,35.841774,1.7464439,2.4704704879870202e-281,1.5060124531008843e-279
8,FRY-AS1,2.8404906,1.7459036,0.004504421125899659,0.01912337139260725
8,PKP2,4.3202963,1.7452265,1.5581997802302865e-05,8.291887156952042e-05
8,CXCR2,6.512858,1.7436149,7.373419724402518e-11,5.199413265391482e-10
8,RHOQ,43.683056,1.7433625,0.0,0.0
8,AC025423.1,2.859789,1.742494,0.004239230023740033,0.018053829847085465
8,PLCB2,30.419918,1.7423204,2.995539249402292e-203,1.285876827517731e-201
8,MNT,20.756847,1.7397127,1.0631630319915948e-95,2.571140831749939e-94
8,SRGAP2,33.142372,1.7392331,7.294584549721503e-241,3.714229401618492e-239
8,ATG7,28.623518,1.7390299,3.4253054479214337e-180,1.3151045401106553e-178
8,PAQR7,7.1911526,1.7377483,6.424653721578743e-13,4.915019123089956e-12
8,PPARGC1B,9.706521,1.7370613,2.8282649671705873e-22,2.7865216876104986e-21
8,BICD2,29.350798,1.736676,2.3341211315655435e-189,9.284515033886262e-188
8,REPS2,5.0598216,1.7357268,4.1964872680207415e-07,2.482312574023293e-06
8,ASB13,5.3971553,1.7343272,6.770585673568355e-08,4.1645537085945834e-07
8,FTH1,61.57105,1.7315797,0.0,0.0
8,STX3,20.163944,1.7306533,2.0303008223518892e-90,4.743046675467108e-89
8,SMAP2,53.7922,1.7281504,0.0,0.0
8,BRSK1,2.8380225,1.7276598,0.00453939948469133,0.019256000531616104
8,AC116667.1,4.0005274,1.7250892,6.320144844067268e-05,0.0003217007850717837
8,SLC12A9,28.273394,1.7247235,7.341965125346066e-176,2.7639234607682203e-174
8,RHOU,14.050125,1.7244618,7.689763495758896e-45,1.114240601797563e-43
8,MYO15B,12.23973,1.7238665,1.9066698076232442e-34,2.377145774272352e-33
8,CDC42EP1,3.304011,1.7233732,0.0009531208647100995,0.004368046643771508
8,ENC1,12.700338,1.7229489,5.887428552561186e-37,7.610320128565812e-36
8,TOM1,21.074915,1.7225181,1.3514955449306546e-98,3.3098789863052097e-97
8,SH3TC1,21.324375,1.720856,6.744964059301104e-101,1.675776560939061e-99
8,BLVRA,33.487377,1.7204148,7.358786807894868e-246,3.841858511344707e-244
8,FLVCR2,8.058638,1.7199767,7.714926079184331e-16,6.4812508923443905e-15
8,TFE3,15.880238,1.7184185,8.684883525286372e-57,1.4548709762386228e-55
8,LUCAT1,6.2272344,1.717455,4.747412978569118e-10,3.225506549321515e-09
8,EVI2A,46.253338,1.7149352,0.0,0.0
8,TMEM205,32.884743,1.7133257,3.632090274728948e-237,1.825317302781262e-235
8,RAB11FIP1,43.335026,1.7123994,0.0,0.0
8,MILR1,17.667488,1.7117729,7.464643549330512e-70,1.4338703429406968e-68
8,FAM117B,15.931626,1.7117406,3.8228624759574085e-57,6.438867059641178e-56
8,PVR,4.478288,1.7064687,7.524392452873362e-06,4.1022472665541894e-05
8,F13A1,29.135992,1.7057164,1.2571871922646932e-186,4.9497942103598565e-185
8,NCKAP5L,15.780518,1.7053251,4.237012188814102e-56,7.044289172656129e-55
8,SNN,22.17777,1.7041216,5.630016117069971e-109,1.4573442891983384e-107
8,RPA4,3.284214,1.7040058,0.0010226720872639004,0.004670862450283046
8,TPCN1,20.20408,1.7039322,9.013226627391865e-91,2.1119923834177435e-89
8,WASHC4,43.249634,1.703851,0.0,0.0
8,SERPINB1,54.086117,1.7019701,0.0,0.0
8,ARPIN,13.39813,1.697978,6.200559182058365e-41,8.483429953071177e-40
8,APP,31.46181,1.6966149,2.8940657017654926e-217,1.315395421242148e-215
8,SH3BP2,38.082367,1.6957513,0.0,0.0
8,AC007336.1,4.6069455,1.6951263,4.086265565034101e-06,2.2617157918787422e-05
8,SOX4,27.900923,1.6949519,2.6001102956187045e-171,9.624144779243989e-170
8,ACTN1,32.994377,1.6940236,9.780306761566233e-239,4.947298544676393e-237
8,NAPRT,31.606518,1.6938931,3.00419899866484e-219,1.3899817133493146e-217
8,NLN,13.371181,1.693658,8.911521215125194e-41,1.2149465646046509e-39
8,TMEM127,28.925726,1.6932844,5.669817544928833e-184,2.215386230861131e-182
8,TIAM1,26.39821,1.6929592,1.4365117480072134e-153,4.846972554111239e-152
8,LINC01503,7.641742,1.692747,2.1430178577463982e-14,1.7239524448039544e-13
8,TTLL4,11.185464,1.6918874,4.803889766276719e-29,5.4010120409717915e-28
8,FAR1,36.01379,1.6903952,5.089242332984505e-284,3.1584982487058655e-282
8,NAGA,29.852423,1.6901104,8.165618002958875e-196,3.3560472821469407e-194
8,SLC35A1,19.055113,1.6896627,5.958815683160291e-81,1.2675094034372684e-79
8,GK,23.387487,1.6896138,5.730002812401649e-121,1.6247449258981446e-119
8,SFXN5,16.098602,1.6890562,2.6093324156131696e-58,4.466842965816373e-57
8,FLNA,51.173798,1.6865647,0.0,0.0
8,LGALS9,41.352703,1.6853247,0.0,0.0
8,TPCN2,8.635688,1.6833199,5.837458183553632e-18,5.1844344850313824e-17
8,SOWAHD,6.7699423,1.6794752,1.2883365392437337e-11,9.380121888906026e-11
8,RELT,22.776646,1.6780595,7.814907886895145e-115,2.116874303770975e-113
8,MFSD2A,3.403296,1.6775001,0.0006657812738831316,0.00310413362979423
8,CCDC170,10.475212,1.6773684,1.1228599953918127e-25,1.1844448422380463e-24
8,ACOX1,23.565193,1.6739376,8.770807351546429e-123,2.507671996431503e-121
8,PCSK5,10.605912,1.6737278,2.797217408921095e-26,2.990439241007412e-25
8,NUP50-DT,11.638312,1.6722051,2.631700480714367e-31,3.0997700745975203e-30
8,HLA-DMB,43.155552,1.6717597,0.0,0.0
8,C16orf70,11.613352,1.6696302,3.525221259709309e-31,4.144313939666627e-30
8,ZBTB7B,24.268253,1.6680597,4.243387838783403e-130,1.2586409590525782e-128
8,FAR2,9.731394,1.6680312,2.2153683182504676e-22,2.1875523518264283e-21
8,GLRX,50.32763,1.6653273,0.0,0.0
8,DGCR2,18.987799,1.6647025,2.1516386774656747e-80,4.5610903020872156e-79
8,ATP6V0D1,45.070675,1.6645974,0.0,0.0
8,RIC1,17.939842,1.6622363,5.761899750447612e-72,1.135733645325793e-70
8,SERINC2,4.4926515,1.6609056,7.034178633156421e-06,3.8431210715037214e-05
8,MFSD14B,28.078829,1.6586858,1.776885891523644e-173,6.632634329628171e-172
8,SH2B2,7.866676,1.6570086,3.6418849092631075e-15,3.0056004510172194e-14
8,CYSLTR2,7.091365,1.6564612,1.3279563257048787e-12,1.0052203320734922e-11
8,NTNG2,5.2251883,1.6559556,1.7397792024437078e-07,1.0467462684432096e-06
8,PER1,20.270975,1.6554762,2.320168123623167e-91,5.469827322411992e-90
8,ARMH1,15.523288,1.6544068,2.4136081246827333e-54,3.934461303247323e-53
8,AMPD2,20.599674,1.6536218,2.762969107359484e-94,6.614646491181997e-93
8,HDAC4,17.045145,1.6523547,3.7979857455301696e-65,6.987163418875057e-64
8,PIK3AP1,35.646404,1.6518073,2.6787099605366752e-278,1.6138574805128075e-276
8,AZI2,32.778942,1.6508614,1.1751754321459251e-235,5.858249529247437e-234
8,MOSPD2,20.73052,1.6504613,1.8379222845304056e-95,4.4309410333838725e-94
8,TSEN34,28.247055,1.6488123,1.546987097609009e-175,5.809566248578571e-174
8,MLKL,24.756826,1.6468849,2.617615462604557e-135,8.050014040071546e-134
8,METTL22,15.653657,1.6455319,3.1366644170879327e-55,5.159387287862519e-54
8,ATP6V0A1,25.480572,1.6450703,3.2370066395342666e-143,1.0432342461739894e-141
8,METTL9,46.371834,1.6449788,0.0,0.0
8,MLXIP,34.459713,1.644937,3.2213288833971838e-260,1.800390810111334e-258
8,CHN2,18.458189,1.6436168,4.4811620031785186e-76,9.190396418861213e-75
8,ZNF438,8.6388235,1.6435446,5.679504282959465e-18,5.047051146447044e-17
8,SETD7,14.474686,1.642886,1.7512424539364532e-47,2.6377022672423958e-46
8,CTSZ,45.993565,1.6416726,0.0,0.0
8,EHBP1L1,40.2566,1.6414279,0.0,0.0
8,H2AFY,51.024193,1.6398846,0.0,0.0
8,CIITA,30.250772,1.6397103,5.09672245897444e-201,2.149036849106726e-199
8,NFIX,6.415762,1.6379468,1.4012014833066257e-10,9.760408889916132e-10
8,ARHGEF2,33.400616,1.6347921,1.3429845641488265e-244,6.952700824815374e-243
8,GPR141,4.468734,1.6347034,7.868396672587452e-06,4.282242225033639e-05
8,TPP1,44.93789,1.6335719,0.0,0.0
8,FLT3,5.8047876,1.6304327,6.444767376727888e-09,4.157554274943202e-08
8,SIGLEC7,19.62324,1.629255,9.791203271431289e-86,2.169295480359332e-84
8,CARS2,31.213963,1.6292273,6.888316358564376e-214,3.085466575277524e-212
8,C2CD2L,14.156273,1.6290574,1.7081611265243036e-45,2.5044656516834277e-44
8,OCRL,3.3095953,1.6286943,0.0009343095989474178,0.0042869220271181474
8,GBGT1,11.364438,1.6268952,6.286779442558796e-30,7.212527551268178e-29
8,KIZ-AS1,3.3536124,1.6263095,0.0007976398536069029,0.0036844500008113208
8,ANXA5,47.93786,1.6263025,0.0,0.0
8,PICALM,41.933388,1.6254942,0.0,0.0
8,MICU1,27.776741,1.6237137,8.28544692119134e-170,3.048551285634057e-168
8,AC104794.2,9.095111,1.6218722,9.448993838815844e-20,8.777879548430456e-19
8,CD44,55.328926,1.621636,0.0,0.0
8,LRMDA,14.9747095,1.6213717,1.07436307371692e-50,1.6804321619113786e-49
8,LY96,35.910225,1.6198484,2.1155845258875216e-282,1.299927851721782e-280
8,GORASP1,8.428785,1.6197813,3.492707190466332e-17,3.0433916305537897e-16
8,ZNF784,3.190775,1.6191325,0.0014189180196427025,0.006374200469926891
8,EIF4E3,26.427963,1.6189985,6.539268179505694e-154,2.216109228333141e-152
8,SSH2,39.24625,1.6184015,0.0,0.0
8,PYCARD,50.046234,1.6180046,0.0,0.0
8,GPAT3,15.556426,1.6152611,1.4391474799110463e-54,2.3521803892972346e-53
8,SEMA4B,9.1637945,1.6151146,5.0103664113122943e-20,4.689938097328507e-19
8,EDEM3,28.242405,1.6146996,1.7643667534438128e-175,6.61787418066601e-174
8,PDP1,17.977741,1.614187,2.911154215751881e-72,5.760246052896503e-71
8,RHOT1,27.125443,1.6113228,4.935073449883372e-162,1.741190811821294e-160
8,NRROS,18.333487,1.6108354,4.472944112148908e-75,9.077168987142896e-74
8,PLA2G4A,4.9824452,1.6105363,6.278579855652374e-07,3.673141540765624e-06
8,PSEN1,30.88916,1.6089283,1.6701687546006596e-209,7.301259646172927e-208
8,CTSB,49.06951,1.6076663,0.0,0.0
8,UGGT2,7.0058475,1.6068922,2.4549539274470684e-12,1.8389544603879435e-11
8,CCR1,34.996506,1.6060789,2.542648007824303e-268,1.468890130426649e-266
8,PPP1R9B,28.344852,1.6001318,9.686831471041184e-177,3.678020887905035e-175
8,PUDP,11.793294,1.5986562,4.2267866695288465e-32,5.079210559686162e-31
8,IER3,30.220663,1.5984644,1.2678783116172254e-200,5.331471425463073e-199
8,PHC2,30.406666,1.5951829,4.4843938978292725e-203,1.9223184771180213e-201
8,FAM241A,12.5824585,1.5934231,2.6369240916964763e-36,3.37751400340087e-35
8,SLC12A6,29.475945,1.5922828,5.856788199335916e-191,2.356975948917645e-189
8,RNPEP,29.438232,1.5907933,1.7809380656460655e-190,7.139228637473793e-189
8,YPEL2,27.517616,1.5886586,1.0806701190545847e-166,3.91562384169051e-165
8,DEF8,19.545605,1.5885893,4.496284545254929e-85,9.890865938803849e-84
8,HDAC9,21.107147,1.5884134,6.837713091262081e-99,1.679914137612378e-97
8,ALPK1,14.206162,1.5873362,8.389869498990216e-46,1.2365555393671465e-44
8,SRC,8.69752,1.5872852,3.3921462620754063e-18,3.0318410792933654e-17
8,BTBD11,4.410559,1.5872778,1.0310394694634865e-05,5.557435800960582e-05
8,AC011445.2,3.6253715,1.5858817,0.00028854634319621687,0.0013925830464031036
8,LRRC8D,18.337242,1.5842357,4.174471411550031e-75,8.477029429485993e-74
8,SPG21,34.18213,1.5825047,4.4567381961178836e-256,2.4336467743359617e-254
8,RALB,28.724258,1.5800066,1.8996098033180248e-181,7.3480901365644795e-180
8,TRPS1,31.872627,1.5778618,6.3967197929857254e-223,3.0091844542132395e-221
8,SLC12A7,15.663163,1.5772629,2.7011973132150612e-55,4.4502081748154525e-54
8,MIS18BP1,44.32221,1.5771909,0.0,0.0
8,CCDC69,39.365044,1.5751826,0.0,0.0
8,CD101,11.02668,1.5749613,2.841615193385029e-28,3.155795931798458e-27
8,B3GNT8,6.3163595,1.5748992,2.6779629050142227e-10,1.8405114410779316e-09
8,ACAP2,45.958168,1.574768,0.0,0.0
8,NOL3,4.0557775,1.5740292,4.996781791760844e-05,0.0002564096543880997
8,ACSL4,30.28624,1.5735917,1.739936089358991e-201,7.356525952642727e-200
8,SMCR8,19.253431,1.5734485,1.3211663294315728e-82,2.855474667394519e-81
8,IFI44L,17.73026,1.5733067,2.4489619377293722e-70,4.736549850400607e-69
8,CARD6,12.493687,1.5729818,8.081989859184647e-36,1.0279426361227154e-34
8,PRKAG2,33.292282,1.5701367,4.99357821742025e-243,2.5679953738071156e-241
8,CD300C,14.964354,1.568838,1.2553690481256098e-50,1.9615617376348947e-49
8,SBF2,25.996477,1.5666025,5.4278860673053725e-149,1.7865780051353266e-147
8,NCF4,33.731445,1.5665995,2.0005372584332664e-249,1.0623815300068208e-247
8,MAP2K3,30.378696,1.5659071,1.0502077505979896e-202,4.4796366631859515e-201
8,SHKBP1,36.394302,1.5654078,5.238680325623006e-290,3.3315204284779886e-288
8,EPB41L3,24.565926,1.5633545,2.9231351739856998e-133,8.848710952240551e-132
8,TNRC18,27.53096,1.5631795,7.481431718163605e-167,2.7139508229258516e-165
8,ASRGL1,16.82277,1.5626127,1.6620383859601316e-63,3.007530468083711e-62
8,TRMT1,24.476711,1.5625912,2.6152175754611265e-132,7.870353418186664e-131
8,CYBRD1,14.709971,1.5589404,5.563085289982144e-49,8.507584218578829e-48
8,SHROOM1,10.59112,1.5582467,3.27648328376734e-26,3.493144837923324e-25
8,PTEN,44.53601,1.5582441,0.0,0.0
8,PRICKLE1,2.9093473,1.5565342,0.0036218434481307326,0.015545106992275593
8,INPPL1,21.770529,1.5555772,4.41502153928771e-105,1.1121032658090078e-103
8,AL133245.1,4.3659806,1.5545857,1.265537733018492e-05,6.778851770260405e-05
8,TRIOBP,30.994913,1.5542747,6.312081521858445e-211,2.790951410530457e-209
8,VPS37C,7.717309,1.5535794,1.1881159866192607e-14,9.645679222075516e-14
8,RPS6KA4,22.20447,1.5508634,3.109456365440259e-109,8.069182862020325e-108
8,CAT,40.05007,1.5505764,0.0,0.0
8,CORO1C,29.789804,1.5495465,5.29505626575517e-195,2.1704814854866717e-193
8,IFIT3,12.240986,1.5465086,1.8773860315020703e-34,2.3415807133024413e-33
8,FAM120A,41.75423,1.5455049,0.0,0.0
8,ZYG11B,18.331112,1.5421238,4.672505849965245e-75,9.469713987204972e-74
8,CAST,55.200157,1.5419312,0.0,0.0
8,PTGS2,5.911582,1.541734,3.3883748156344037e-09,2.217330095846126e-08
8,MAP3K11,27.74913,1.5399967,1.7850990421414273e-169,6.552500723926971e-168
8,HDX,3.2660134,1.5397619,0.0010907307629858044,0.004967759459416778
8,SH2B3,29.216938,1.5386963,1.1816946255116343e-187,4.688399973130691e-186
8,SLC30A1,16.949913,1.5382757,1.927361563567608e-64,3.518544822515302e-63
8,RNF141,22.983065,1.5373731,6.885330971153604e-117,1.8932822448882957e-115
8,ANG,5.9273047,1.5365173,3.0794748052935905e-09,2.0194637769405686e-08
8,ARHGAP32,4.1571074,1.5353985,3.2230261983399325e-05,0.00016787002142246764
8,ADAP1,20.078716,1.5311589,1.1328350482982347e-89,2.6226616357867823e-88
8,OAS3,14.323315,1.5307508,1.5647822303086375e-46,2.3273688350408593e-45
8,ERMAP,7.5040874,1.5300342,6.185793700016349e-14,4.89463199913992e-13
8,DUSP18,14.61917,1.5296339,2.119690566608429e-48,3.2256659941982626e-47
8,MTRNR2L1,13.26797,1.5285739,3.550712626190901e-40,4.809021697532085e-39
8,QSOX1,23.902922,1.5274159,2.855804979098842e-126,8.326826838585653e-125
8,EXTL3,10.774568,1.5265987,4.539101096702438e-27,4.934576067385939e-26
8,PLAGL2,13.469301,1.5250082,2.3709953758897784e-41,3.2583527826867667e-40
8,SPIDR,19.920355,1.522206,2.7105907346532145e-88,6.191886758013813e-87
8,TLR7,12.701754,1.5208638,5.781956483666011e-37,7.480239809153009e-36
8,NEK4,12.836141,1.520178,1.0287711727129385e-37,1.3455874157866607e-36
8,RIPOR1,15.812504,1.5201735,2.551213154195502e-56,4.2552803538435176e-55
8,PABPC1,71.256485,1.5176003,0.0,0.0
8,TM9SF4,22.234974,1.5170177,1.5765695710600083e-109,4.101602334406707e-108
8,DCAF12,19.33062,1.5165262,2.968339453337659e-83,6.442589008729426e-82
8,SGK3,30.295916,1.5152717,1.2975648975144922e-201,5.50121238511391e-200
8,ZDHHC20,31.241621,1.5128771,2.901477925324265e-214,1.3034299162499572e-212
8,SPTSSA,26.093054,1.5119615,4.3714667160935e-150,1.4465623318447731e-148
8,ITPKC,5.5342417,1.5109863,3.1257800815603575e-08,1.9556373477891896e-07
8,SPECC1,25.223736,1.5109093,2.199754472233715e-140,6.987442083589664e-139
8,CAHM,4.100808,1.5101455,4.117095750254005e-05,0.0002126810602592354
8,HSD17B11,37.781265,1.5055028,0.0,0.0
8,C20orf27,27.730696,1.504708,2.978845271908061e-169,1.0921372576377515e-167
8,PPFIBP2,8.0304165,1.5045701,9.714241609734663e-16,8.140945375056107e-15
8,PLCB1,23.163866,1.5036716,1.0538616252765124e-118,2.9370334763229186e-117
8,SIGLEC10,17.4673,1.5035651,2.5424211256065423e-68,4.823732948380688e-67
8,SNX33,2.985255,1.5034887,0.0028334210993204707,0.012311618995739885
8,RSPH3,8.8349905,1.503475,1.001070699671802e-18,9.089333758741593e-18
8,ACER3,22.611933,1.5020851,3.307406683742637e-113,8.850391201249668e-112
8,STRN4,15.404674,1.5018699,1.5225637924838508e-53,2.4519814163298724e-52
8,KLHL18,17.834627,1.5015862,3.805738388216641e-71,7.430445758977367e-70
8,TRIO,14.749184,1.5004191,3.114108600040328e-49,4.776563498831088e-48
9,FCGR3B,6.713832,12.063624,1.895787470277959e-11,2.6938006755123587e-08
9,CYP4F3,4.6046987,9.39796,4.1306391871766875e-06,0.0006415360068244717
9,CMTM2,4.5809298,8.769266,4.6291297226675826e-06,0.000711803543972572
9,MME,4.5790334,8.466174,4.671301228268024e-06,0.000714732213178613
9,CXCR2,4.5299253,7.411755,5.900453995321397e-06,0.0008482108448065043
9,S100A8,6.693546,7.3078136,2.178270998489337e-11,2.9271226847960846e-08
9,NAMPT,7.1201496,7.162995,1.0780989774028672e-12,1.916009334877965e-08
9,S100A9,6.605273,7.1147776,3.96785512807885e-11,3.3144459038792706e-08
9,IL1R2,3.6353445,6.6307144,0.0002776094939841501,0.02009385627767711
9,SLC25A37,6.5970488,6.29005,4.194226728921287e-11,3.3238709105325695e-08
9,CSF3R,6.5625815,6.108845,5.2884134980163335e-11,3.801139441469554e-08
9,AQP9,4.8463554,5.8935356,1.257502025454542e-06,0.00024316410374993448
9,STEAP4,3.6116648,5.7904844,0.00030423768356355294,0.021322163460087824
9,RGS2,5.895995,5.2422247,3.724303598405716e-09,1.2377102292034996e-06
9,FPR2,3.5403442,5.1752243,0.0003996053690964652,0.026503440220309975
9,MNDA,6.1430902,5.1720753,8.093132480015757e-10,3.1266805694980874e-07
9,MXD1,4.1332836,5.038561,3.5761665373205465e-05,0.003805344031977304
9,TMEM154,7.0828075,5.0146127,1.4126275825826326e-12,1.916009334877965e-08
9,DUSP1,6.0970054,4.940407,1.0807399218164646e-09,3.97647961471208e-07
9,VNN2,3.3895385,4.813413,0.0007001039666485351,0.04201575397515782
9,BASP1,5.01764,4.726892,5.231005470562036e-07,0.00011256212970099853
9,ACSL1,4.111753,4.704403,3.9266655171316105e-05,0.004086244146060158
9,ABHD5,4.5979414,4.696957,4.266861167419529e-06,0.0006593793905071769
9,FPR1,5.0437946,4.683551,4.563896944566839e-07,0.00010147939774512755
9,FOS,4.844903,4.656495,1.2667345732458124e-06,0.00024317369848017592
9,SOD2,5.379355,4.5590224,7.475323727305047e-08,1.90942008627948e-05
9,IFITM2,6.269594,4.369808,3.619907506695202e-10,1.6453011957268913e-07
9,AL034397.3,3.70259,4.352799,0.0002134097232245324,0.01628606003876697
9,R3HDM4,5.039171,4.3136816,4.67552393590033e-07,0.00010321887020490821
9,C5AR1,4.422537,4.146154,9.754860041111092e-06,0.0012921513325483492
9,NEAT1,6.9256597,4.13986,4.3394911651553875e-12,1.916009334877965e-08
9,SERPINA1,5.680359,4.112832,1.3441230359306415e-08,4.033282589466829e-06
9,BCL2A1,4.5132546,4.0819416,6.384026988039646e-06,0.0009092678438679324
9,RIPOR2,6.3944974,4.068373,1.6107623466582064e-10,9.261984805545098e-08
9,ABTB1,3.996822,4.0597773,6.419851489543835e-05,0.006012677272343374
9,XPO6,3.9992967,4.040975,6.353098438997529e-05,0.005968243570033333
9,SMIM25,4.0743513,3.9669704,4.6142757564506846e-05,0.0046153210616382305
9,TLR2,4.4808025,3.963716,7.436285014339389e-06,0.0010352849591810248
9,IL6R,3.9802997,3.8993616,6.882844611782184e-05,0.006350091893025432
9,MEGF9,3.4900064,3.8501866,0.00048300877755508786,0.03103607544260936
9,RNF149,4.7105308,3.845661,2.4707247656732924e-06,0.0004414028342928581
9,SLC11A1,3.8433342,3.6983411,0.00012137405345071055,0.010334181460058156
9,MCL1,6.7385488,3.6652792,1.5997634034525754e-11,2.6023098689741446e-08
9,DENND3,3.501061,3.5990467,0.0004634098204439217,0.029963613641130312
9,PHC2,3.384426,3.5902822,0.0007132721435345624,0.04272306616322233
9,SORL1,4.559414,3.5525143,5.129662191706456e-06,0.0007696236376653953
9,SELL,3.7796154,3.5469244,0.00015707077919723534,0.012741697041073367
9,CEBPB,5.4095545,3.5249968,6.318170470623728e-08,1.6690230319279278e-05
9,CD55,4.2155848,3.52432,2.4913189191600662e-05,0.00286242356262008
9,LITAF,5.5795355,3.523289,2.4116201322549667e-08,6.9014762432966905e-06
9,FCGR2A,4.2247424,3.4706047,2.392142629987779e-05,0.0027587295621280703
9,RGS18,3.547798,3.4616876,0.00038846618837007303,0.02582005265366419
9,NCF2,4.7898974,3.3574884,1.6686643876100527e-06,0.00031256612259311455
9,SMCHD1,4.375919,3.2349088,1.2092208041282212e-05,0.0015254443833955483
9,NCF1,4.4357996,3.217186,9.17312136362581e-06,0.0012380509257012356
9,PLAUR,3.3772244,3.1367705,0.0007322128451322487,0.0435201969317354
9,SRGN,6.792947,3.053387,1.0986592034458874e-11,2.4254471429215743e-08
9,KIAA1551,5.398367,3.0497837,6.72502947269794e-08,1.7466427387619766e-05
9,BAZ2B,3.703064,3.0304804,0.0002130110670923061,0.01628606003876697
9,LYN,4.650013,3.0221095,3.319143688456081e-06,0.0005515310428984521
9,SSH2,3.6214745,2.927193,0.00029292869635494286,0.020908885030582493
9,FTH1,5.952734,2.8981164,2.636993335834904e-09,9.055728114516598e-07
9,LBR,4.031319,2.8879623,5.5464681451165797e-05,0.0052908855234913
9,SMAP2,4.7952914,2.829115,1.6243846909071897e-06,0.00030612718074310067
9,S100A11,6.041733,2.8126616,1.5246767040768642e-09,5.479439871267865e-07
9,MYO1F,4.846148,2.7990057,1.2588169864428613e-06,0.00024316410374993448
9,CEBPD,4.6123447,2.760842,3.981519774884848e-06,0.0006246539679307918
9,PICALM,3.5869627,2.7153316,0.0003345522059471549,0.022825618166023656
9,JAML,4.423189,2.6722724,9.725455238837401e-06,0.0012921513325483492
9,SAT1,4.2504373,2.6443472,2.133535359662964e-05,0.0025264818912300088
9,VASP,4.392071,2.576386,1.1227619846481193e-05,0.0014519332493522772
9,H3F3A,6.53782,2.5406466,6.242195598902216e-11,4.384716803983427e-08
9,SH3GLB1,3.8689847,2.540254,0.000109289549259226,0.00946165854048991
9,ALOX5AP,3.6517928,2.5076609,0.00026041602888150127,0.019163519534858477
9,TALDO1,3.6928692,2.5072076,0.00022173820149930048,0.01683848303129946
9,PTEN,3.3803658,2.485677,0.0007238939129535367,0.043191870980028885
9,YPEL3,3.7435477,2.3607697,0.00018144016694840242,0.014415864369856745
9,TSC22D3,4.04184,2.357043,5.303339668833345e-05,0.005138254518640508
9,CAP1,5.776041,2.2989168,7.647883786133976e-09,2.387607516949927e-06
9,SDCBP,4.026444,2.2846963,5.6626749885412435e-05,0.005385116796025976
9,SPI1,3.4220202,2.283786,0.0006215770881726258,0.038117228301887594
9,ITM2B,6.474872,2.2622602,9.489239698060512e-11,6.110081903082422e-08
9,CTSS,3.5377512,2.098378,0.0004035503008161335,0.02665070330624837
9,FTL,4.2075086,2.080003,2.582014661012767e-05,0.0029231621658579337
9,RNASET2,4.130024,2.0614626,3.62725685153765e-05,0.003839302312002539
9,EVI2B,3.4366605,2.0324547,0.0005889330331448659,0.03634357014032835
9,H3F3B,5.4138517,1.949958,6.168320578696302e-08,1.6437573914582283e-05
9,SLA,3.4090097,1.9292289,0.0006519916794637264,0.039745772854409056
9,S100A6,3.6452281,1.7871437,0.00026715460878805027,0.019491894665296026
9,KLF6,3.6085382,1.7863985,0.00030792728529286425,0.021483315138931276
9,GMFG,4.5047636,1.7793832,6.644679565151154e-06,0.0009420509693583795
9,LRRFIP1,4.368806,1.7635813,1.2492772692258717e-05,0.0015632150833993527
9,TXNIP,3.7584994,1.762777,0.0001709354979354276,0.013651430063799125
9,CCNL1,3.4682531,1.7348456,0.0005238533715931912,0.03317773802424336
10,CCR9,11.435482,5.0964704,2.7798932187561004e-30,8.58323273847101e-29
10,MIR1-1HG-AS1,2.562268,4.6767464,0.01039910576298894,0.04910697659537038
10,WIPF3,10.893543,4.5811734,1.237312012391826e-27,3.4670537050765335e-26
10,FAM166B,3.3733046,4.399749,0.0007427175484754653,0.004291488366186429
10,KRT81,49.06058,4.20961,0.0,0.0
10,KRT86,47.34052,4.1744857,0.0,0.0
10,XCL1,56.710556,4.0804853,0.0,0.0
10,TRDC,61.831997,4.067507,0.0,0.0
10,CD160,39.085743,3.9798734,0.0,0.0
10,IGFBP2,39.093582,3.9507446,0.0,0.0
10,CCL5,61.69017,3.8643162,0.0,0.0
10,LDB2,12.047684,3.8080297,1.994764023943307e-33,6.903938598881947e-32
10,KLRC1,51.760338,3.658691,0.0,0.0
10,XCL2,57.796562,3.5851812,0.0,0.0
10,KLRB1,59.454464,3.5821342,0.0,0.0
10,NKG7,55.94943,3.5551283,0.0,0.0
10,KLRD1,56.92491,3.5402663,0.0,0.0
10,KIR2DL4,23.18834,3.3736112,5.970193920468674e-119,9.4143256887717e-117
10,BAALC,5.0445933,3.3560357,4.54487147303873e-07,3.937996709201234e-06
10,IL2RB,60.273148,3.3269036,0.0,0.0
10,RADIL,3.1703713,3.2453802,0.0015224422557439988,0.008332587709984022
10,TMIGD2,47.13965,3.239237,0.0,0.0
10,CD7,62.34728,3.239136,0.0,0.0
10,STOX2,3.8196075,3.2219293,0.00013366425250345895,0.0008622753187485714
10,AL161772.1,5.615417,3.1535392,1.9608895562528434e-08,1.9307172193407656e-07
10,MYO5B,4.352624,3.1466844,1.345176407325626e-05,9.901254398955256e-05
10,CCL3,38.018547,3.1353416,0.0,0.0
10,TNFRSF18,43.416225,3.0688553,0.0,0.0
10,MATK,54.842846,3.0261397,0.0,0.0
10,TXK,53.47719,3.0252938,0.0,0.0
10,AC243829.4,10.165948,3.0242555,2.813720643843315e-24,6.979427282445051e-23
10,RNF32,3.8682659,3.015943,0.00010961206558751205,0.0007168387877937442
10,CCL4,48.894806,2.960699,0.0,0.0
10,ADAMTS17,4.5927033,2.9462428,4.3754119055798e-06,3.4123354974957074e-05
10,BCO2,23.955772,2.9084468,8.044918928981297e-127,1.4540602885264617e-124
10,ADRB1,6.0918884,2.8731198,1.1158630905651278e-09,1.2221112877426081e-08
10,CLNK,24.503178,2.865962,1.3663052144465875e-132,2.6228816933478682e-130
10,CLIC3,41.62613,2.8539388,0.0,0.0
10,HOPX,49.74057,2.7566059,0.0,0.0
10,GZMA,46.638687,2.7458503,0.0,0.0
10,HOXA10-AS,3.048496,2.7240376,0.002299900442203034,0.012200999479431714
10,ADGRG3,19.407402,2.7169526,6.682134647992518e-84,6.256819515993707e-82
10,CCNJL,8.17381,2.6762896,2.988005348534972e-16,5.032712877774952e-15
10,ST8SIA6,3.8247457,2.6589098,0.0001309071264567697,0.0008462552933276263
10,SPRY2,17.72996,2.654094,2.4620899514800634e-70,1.8973604059098315e-68
10,NMUR1,24.699568,2.6426532,1.080982016293676e-134,2.128019820228576e-132
10,CAPN12,27.24226,2.5886261,2.0525402844371768e-163,5.3760900483982895e-161
10,SH2D1B,26.021074,2.5645082,2.8600875954515626e-149,6.547905726860847e-147
10,SERPINE2,13.405676,2.5393555,5.601102174308758e-41,2.4110482576791197e-39
10,NCR1,24.189177,2.5370464,2.892056057055332e-129,5.289040032864447e-127
10,NCAM1,33.052002,2.5203273,1.4559587567862857e-239,8.181694053817042e-237
10,CD247,51.01263,2.4708462,0.0,0.0
10,GPA33,4.626233,2.4544013,3.723762996557146e-06,2.93149115982149e-05
10,CRYBG2,3.1623406,2.4375992,0.0015650642538147551,0.008549211893363846
10,COL23A1,2.8834138,2.431215,0.003933903215356335,0.020047015115749092
10,CTSW,47.801716,2.3984246,0.0,0.0
10,IL12RB2,3.0035665,2.3886435,0.0026683524036292825,0.014018488481891932
10,FSD1,8.274625,2.3676152,1.2886096736267577e-16,2.210158667191021e-15
10,MAPK12,2.9698167,2.3522408,0.0029797747079064463,0.015540988339059151
10,PLXNA4,5.469583,2.323498,4.510958366100385e-08,4.300437699601005e-07
10,SMKR1,5.809493,2.3147802,6.266233333996177e-09,6.457835066816267e-08
10,ITM2C,32.548317,2.3079307,2.2118468850622788e-232,1.1786474427003423e-229
10,ZNF667-AS1,5.7446113,2.295282,9.213233930799085e-09,9.32394961032113e-08
10,PDGFD,10.8996,2.2834508,1.1576527276359859e-27,3.246785195376172e-26
10,SYNGR3,3.2633724,2.282991,0.001100946945287226,0.006196861635037752
10,FASLG,27.007925,2.2819984,1.1928133595597368e-160,3.0468002069349413e-158
10,ITGA1,36.0531,2.2788534,1.2332264192465564e-284,8.662574759012118e-282
10,ABCB1,22.979563,2.272117,7.46363111990691e-117,1.1476539652883725e-114
10,SLC4A4,8.136658,2.2579122,4.063399397800157e-16,6.784845228947026e-15
10,KIAA1671,6.6076584,2.2561188,3.904463891436757e-11,4.719408114690491e-10
10,APOBEC3G,48.020832,2.2466152,0.0,0.0
10,ERICH6-AS1,5.118785,2.2346742,3.0751076309922424e-07,2.6992999588491118e-06
10,TIE1,2.6385765,2.232433,0.00832549398115892,0.04004295712351054
10,GNLY,26.436384,2.21933,5.232884948169903e-154,1.2635373054147437e-151
10,ZNF683,12.339756,2.2126791,5.532301455397365e-35,1.997509825723906e-33
10,DLL1,4.1688676,2.2121665,3.061166898116692e-05,0.0002150749836783192
10,KLRF1,22.403091,2.2111742,3.6719545435893345e-111,5.303228928911942e-109
10,TRGV9,8.469972,2.192113,2.4545213896611884e-17,4.332489582539026e-16
10,HOXA10,7.972616,2.1785052,1.553498438084923e-15,2.4877707889062547e-14
10,AC068446.2,2.7983093,2.1606412,0.00513708765995742,0.02568294537468521
10,CRACR2B,6.0483813,2.1603775,1.4630828227497337e-09,1.5883210678864073e-08
10,AKAP5,12.674307,2.1553352,8.208099741368668e-37,3.116556986566111e-35
10,RGS17,3.6823754,2.151619,0.00023107069788719163,0.0014381196253724189
10,PLCH2,4.444306,2.1444802,8.817604978624321e-06,6.642108629645184e-05
10,KLRC2,21.486252,2.1247656,2.0934145931936287e-102,2.662599375795699e-100
10,RANBP17,3.131854,2.1144214,0.0017370616909132823,0.009407283280367412
10,RNF165,10.941444,2.1113095,7.302723845638305e-28,2.065007190275783e-26
10,CST7,43.214348,2.105048,0.0,0.0
10,KLRC3,6.987612,2.085634,2.7960448659196954e-12,3.649381700632602e-11
10,ZNF853,4.956055,2.0622947,7.193882719767292e-07,6.0932127492421955e-06
10,LINC01871,28.897871,2.0611012,1.2697537797971725e-183,4.045802069298063e-181
10,CDHR1,5.061922,2.0581467,4.1505031700363185e-07,3.608427608335091e-06
10,LINC00996,20.391504,2.054757,1.9893773804179318e-92,2.13491967696448e-90
10,LINC02132,2.8340082,2.054453,0.004596813385752605,0.023146580533309837
10,HOXA9,3.302919,2.0536172,0.0009568401529138352,0.0054432281623611085
10,NCR3,24.328255,2.0501542,9.850607924839782e-131,1.8678082155400192e-128
10,CD38,28.299583,2.0433152,3.496826418217095e-176,1.0195888123380731e-173
10,CCL4L2,23.623407,2.031283,2.215481412220506e-123,3.8253566484636415e-121
10,LINC01684,4.808791,2.0252879,1.5184571581740847e-06,1.2468372844762602e-05
10,LZTFL1,7.71779,2.0149653,1.1836410142320999e-14,1.814622660063071e-13
10,GPR68,10.115697,2.0034542,4.706571099391837e-24,1.1563274480834937e-22
10,LINC02084,12.322323,2.0025625,6.868650928788579e-35,2.4713549971602867e-33
10,KANK3,3.7381399,2.0025055,0.00018538685832518288,0.0011700534266400708
10,EOMES,24.221483,1.9560022,1.3212919476596446e-129,2.430783942042657e-127
10,CLDND1,33.67974,1.9530305,1.144676619313306e-248,7.07570405462327e-246
10,NAALADL1,11.365057,1.9524785,6.2423541446262836e-30,1.912115357264267e-28
10,NDFIP2,17.373589,1.9524122,1.3078388641991403e-67,9.601276906366468e-66
10,KLHL23,4.809343,1.9485623,1.5142726082160224e-06,1.243731690197518e-05
10,TNFSF14,24.247871,1.9451475,6.963007679123328e-130,1.2964197490281006e-127
10,GZMM,36.346684,1.9408602,2.9644429173713175e-289,2.130745052260356e-286
10,RGS16,6.0251293,1.9226605,1.6897431323828675e-09,1.8209515687781482e-08
10,IFNL1,2.8758423,1.9124302,0.004029510152914571,0.020476828394628516
10,N4BP3,3.2442882,1.9082316,0.001177445185049653,0.006581895159039541
10,PRF1,36.957207,1.9019846,5.579105472996932e-299,4.310835321347905e-296
10,GZMK,29.738901,1.8935326,2.4133061356374294e-194,8.775065027546592e-192
10,PPP1R9A,3.7633004,1.883266,0.0001676854809286082,0.0010663899504239698
10,CD9,24.581003,1.8719581,2.0168383531644864e-133,3.895901436328424e-131
10,LINC00539,3.2848835,1.8599203,0.001020245500851544,0.005776282779779936
10,EPS8L2,11.661784,1.8575548,1.998113948340053e-31,6.426192279016235e-30
10,MCTP2,24.864346,1.8520018,1.8092271533249074e-136,3.678801554461376e-134
10,B3GNT7,10.132024,1.8406216,3.9831930331247266e-24,9.817268506761238e-23
10,STK17A,44.256657,1.8238738,0.0,0.0
10,FBXO2,7.506032,1.8187188,6.094644749106034e-14,8.897835864932461e-13
10,SLA2,20.51608,1.7987268,1.546940874804409e-93,1.7136667246444396e-91
10,CRIM1,11.9431,1.7886866,7.0544297359254e-33,2.3933178907601137e-31
10,STARD3NL,19.644346,1.7806423,6.462312675274402e-86,6.222140120084297e-84
10,SRGAP3,19.72685,1.780273,1.26828349756718e-86,1.2365564056564302e-84
10,YPEL1,17.291857,1.778309,5.417823613802211e-67,3.885120056421925e-65
10,DBN1,3.9889808,1.775545,6.63577953588232e-05,0.00044653176162750896
10,SPRY1,16.667038,1.7662789,2.275981322906012e-62,1.4840454587986522e-60
10,IFITM1,23.780613,1.7574599,5.301342449489444e-125,9.47101682580175e-123
10,SOCS1,30.734955,1.7457136,1.9427762194580198e-207,8.114241164160677e-205
10,AC006033.2,5.068008,1.7350534,4.020009039411179e-07,3.4989135280507267e-06
10,DLG5,4.1936603,1.7339504,2.7448913554234247e-05,0.00019382306859052272
10,KLRC4,13.13767,1.728001,2.0030137138241487e-39,8.177958368977934e-38
10,MMP25-AS1,22.705715,1.7229027,3.933845717844028e-114,5.826692381279254e-112
10,CPNE7,6.288398,1.7174641,3.207588513434864e-10,3.6367182019343855e-09
10,AC044849.1,7.1877475,1.7139322,6.586888192595534e-13,9.02798019372728e-12
10,CXXC5,21.722448,1.7072703,1.2589027441538499e-104,1.6916916136331756e-102
10,AREG,11.58959,1.6913805,4.653555670448021e-31,1.47818545844334e-29
10,FCER1G,32.02268,1.6882123,5.272051683566697e-225,2.4319895728954614e-222
10,CABLES1,2.7277014,1.6867443,0.0063777314754338565,0.03133310232256147
10,PTGDR,23.928986,1.685952,1.5294678932880715e-126,2.7483293126659547e-124
10,CD96,33.53434,1.6722356,1.5231113056714513e-246,8.88203794799765e-244
10,FAM43A,9.402354,1.6684233,5.335553701414518e-21,1.1467730059083344e-19
10,KLRK1,6.3414426,1.6677428,2.2762333382254997e-10,2.6143271566159613e-09
10,ADAMTS10,3.8511815,1.6578978,0.00011754928601705994,0.0007659910990784885
10,CLEC2B,41.85586,1.6548395,0.0,0.0
10,SAMD3,30.690662,1.6533635,7.58311625645803e-207,3.124951655177978e-204
10,CMC1,24.594095,1.6487718,1.4609557498536056e-133,2.839859079290905e-131
10,HCST,49.774055,1.6439131,0.0,0.0
10,TYROBP,26.132343,1.6426709,1.564664647538087e-150,3.636021824169898e-148
10,APBA2,12.391106,1.6387596,2.919891308733983e-35,1.065467304357039e-33
10,STRBP,17.9531,1.6076765,4.538450213683075e-72,3.569208161687094e-70
10,MAFF,6.799265,1.5984634,1.0515433232430913e-11,1.325450631789324e-10
10,HEG1,9.7082205,1.5795072,2.7815027819716934e-22,6.3585729646744915e-21
10,CHST12,30.435026,1.5727134,1.8905875298568552e-203,7.39650490952985e-201
10,TBCD,15.399375,1.5682213,1.652596394219625e-53,9.088397999314226e-52
10,NBL1,9.683908,1.5665509,3.5295925551207723e-22,7.991876710704594e-21
10,PLEKHF1,17.013273,1.5639834,6.547589166120249e-65,4.497029741272856e-63
10,GABARAPL1,19.82163,1.5623815,1.937271400390922e-87,1.9503337841003984e-85
10,EPHA1,5.263847,1.5567768,1.41071850854866e-07,1.2827618989030137e-06
10,ITGAE,20.645054,1.5550886,1.0813989648639495e-94,1.2242783079505526e-92
10,EVL,42.06714,1.5471858,0.0,0.0
10,TOX,11.982896,1.5455058,4.3679376095486116e-33,1.491711024290817e-31
10,TRGC1,17.630407,1.5417904,1.4392591466098793e-69,1.0876083727205756e-67
10,HES6,4.6402183,1.5385618,3.4804178815421237e-06,2.7511323648292182e-05
10,ID2,36.93924,1.5375054,1.0841645644461275e-298,8.172749803252796e-296
10,ISYNA1,5.1830754,1.5332237,2.1825658306854804e-07,1.94719239301375e-06
10,ABCA2,10.230473,1.5242643,1.4481062819974663e-24,3.6506216034009536e-23
10,CEP126,5.4649897,1.5236428,4.629334484905506e-08,4.4105684625454526e-07
10,DHRS3,23.366596,1.5198107,9.346108793589174e-121,1.5203167604392663e-118
10,AC243829.1,4.247245,1.5166276,2.164153065461214e-05,0.00015447454686884468
10,PPFIBP1,7.4057016,1.5127088,1.3045898629979898e-13,1.8632605774343285e-12
10,IL18RAP,8.454362,1.5112623,2.806179318124282e-17,4.939099327179225e-16
10,TOX2,3.386017,1.5082307,0.0007091499417834708,0.00410828439563294
10,SKAP1,29.930037,1.5068868,8.003951671833763e-197,3.016806516114221e-194
10,IKZF3,28.890657,1.5012908,1.5644062371280704e-183,4.933786078665027e-181
10,GSTM2,4.344981,1.5001361,1.3928766167836256e-05,0.00010215860843600266
11,CD177,8.549975,10.653753,1.2311427886797855e-17,8.381262151922055e-16
11,FOXP3,28.964201,8.140501,1.8592377373470655e-184,1.149269214963715e-180
11,CCR8,4.517825,7.563039,6.247810448174987e-06,0.0001246617672832436
11,FANK1,16.208178,6.804732,4.414646026051878e-59,2.0991302265720825e-56
11,GNG8,5.754659,6.143366,8.681667041671774e-09,2.557905464794562e-07
11,CTLA4,28.524393,5.990022,5.838545914846107e-179,3.0075323098358106e-175
11,DNAH8,3.5498745,5.974268,0.0003854147837609314,0.005491938553111622
11,RTKN2,21.671661,5.912728,3.798075207353804e-104,4.6954844173473606e-101
11,AC017002.3,8.75245,5.6296268,2.087695913679288e-18,1.5182215906843707e-16
11,IL2RA,26.248713,5.3028574,7.3936536730373296e-152,1.7578127236351135e-148
11,GATA3-AS1,3.066295,5.2377195,0.0021672937207024043,0.02565474799913796
11,LINC02195,7.3708906,5.1054473,1.6949158429575547e-13,8.059194455121407e-12
11,ZBED2,4.309012,4.956537,1.6398567907664825e-05,0.00030550363973610414
11,TNFRSF4,27.561575,4.9125347,3.215547215437779e-167,1.4197559683933636e-163
11,C15orf53,18.318527,4.8591347,5.888433728931365e-75,4.549845531502043e-72
11,LINC02099,6.569764,4.785209,5.039502432970256e-11,1.9041063776994097e-09
11,HACD1,14.14596,4.780627,1.9779923935261385e-45,5.660538046917811e-43
11,AC133644.2,10.189081,4.7356696,2.2185197687632256e-24,2.4058873857250883e-22
11,LAYN,15.968351,4.676341,2.123248088571843e-57,9.242708263871825e-55
11,LINC01943,17.409752,4.629879,6.958506641002661e-68,3.910301177335805e-65
11,TNFRSF9,14.832039,4.5852404,9.092889200950307e-50,3.157684567795181e-47
11,BFSP2,2.9267054,4.5178633,0.0034257334256194007,0.038209723199429384
11,CPA5,5.3175435,4.384089,1.0517764532328124e-07,2.7976963456452855e-06
11,CARD17,2.994288,4.3763137,0.0027508610355416138,0.03178315010748098
11,ADAM12,9.891427,4.375506,4.535157765963869e-23,4.4925679830976055e-21
11,LAIR2,18.285362,4.365135,1.0824318393794966e-74,8.159688014561488e-72
11,CCR4,12.018201,4.3292704,2.8511124458667182e-33,5.006780247977424e-31
11,ICA1,13.6231575,4.3282075,2.916785618196481e-42,7.450338272859393e-40
11,ICOS,20.233479,4.2547283,4.967260432193632e-91,5.293900626820986e-88
11,TIGIT,29.2444,4.2136097,5.290250591572782e-188,5.450192501124666e-184
11,TBC1D4,25.394632,4.1750913,2.8908672589464057e-142,5.956535624817104e-139
11,IKZF4,11.3834915,4.163653,5.053529985663165e-30,7.473179486454136e-28
11,LMCD1,5.9512043,4.146394,2.661763630875359e-09,8.36898560930465e-08
11,PARD6G,3.161037,4.1083035,0.0015720850474220615,0.019265833687816675
11,FBLN7,9.299393,4.0282383,1.41249585564726e-20,1.1704023970640714e-18
11,ZBTB32,3.2517173,4.008046,0.001147100241974402,0.014536050503773202
11,AL121985.1,4.785735,3.9794676,1.7036268488526092e-06,3.705418368577593e-05
11,FAM184A,3.627321,3.953194,0.00028637708363564885,0.0041908411571624045
11,MAST4,15.5654335,3.9404383,1.2502077978131928e-54,4.830021550876544e-52
11,MIR3142HG,9.0020075,3.926572,2.216266022060975e-19,1.7297508571676403e-17
11,MCF2L2,9.268402,3.9046957,1.8895592438901558e-20,1.5573495346910147e-18
11,IKZF2,22.256258,3.8798728,9.810338073714678e-110,1.318296168888259e-106
11,DUSP4,18.566517,3.8666873,5.9969507531900246e-77,5.148548803579003e-74
11,ETV7,4.253935,3.850668,2.1004624563802007e-05,0.00038573376791053396
11,BATF,26.89181,3.8395178,2.7383405767992287e-159,8.463389220713376e-156
11,TNFRSF18,27.152998,3.779056,2.333807867618425e-162,9.016374970560333e-159
11,MYO5C,3.9619672,3.768574,7.433472209110518e-05,0.0012253137363572202
11,IL32,31.481485,3.7448683,1.5570607264165183e-217,4.812407587135534e-213
11,EPHX2,9.674369,3.6934571,3.874753732746298e-22,3.5641968338687454e-20
11,LTA,8.773727,3.6702235,1.7284765474980988e-18,1.2659247548228375e-16
11,TNFRSF13B,8.270985,3.5800228,1.32857260683113e-16,8.329045346720028e-15
11,IL1R2,9.392533,3.5516298,5.857425287251172e-21,5.028762315363111e-19
11,LAPTM4B,14.035561,3.548859,9.4447053205966e-45,2.5832522773776914e-42
11,SIRPG,18.106688,3.5481024,2.822276284471279e-73,2.0768593600989008e-70
11,CHN1,3.6251879,3.5226908,0.0002887514806806833,0.004223588269473676
11,SLAMF1,18.395239,3.4675817,1.4342882327212706e-75,1.1665670107556925e-72
11,CEACAM1,7.5154524,3.463564,5.6714397954955956e-14,2.773531483534531e-12
11,F5,9.690751,3.4464087,3.300917503553823e-22,3.0637074258960363e-20
11,TOX2,8.664653,3.4091637,4.528904818400587e-18,3.2178129016622284e-16
11,TRAC,30.078411,3.3186185,9.284251496114074e-199,1.4347418049519885e-194
11,CD27,26.926676,3.3166761,1.0701479574793188e-159,3.67500699131259e-156
11,BHLHE40-AS1,3.3177423,3.1947849,0.0009074813116007706,0.011759968510542985
11,WHRN,3.6399295,3.1909347,0.00027271263165977005,0.004007954972281747
11,SPOCK2,29.230185,3.1825113,8.020400653510298e-188,6.197163074951071e-184
11,GADD45A,16.388721,3.1353707,2.3023320502627008e-60,1.1477125270559564e-57
11,CD28,15.719477,3.115068,1.1123831133241863e-55,4.523740116251398e-53
11,DUSP16,12.303451,3.104375,8.678554374361874e-35,1.6061561679545054e-32
11,LTB,25.913107,3.080771,4.7399660707180645e-148,1.046415223912023e-144
11,PTP4A3,6.2849097,3.0611074,3.28043838433962e-10,1.1495295821404153e-08
11,ZC2HC1A,8.450367,3.0591908,2.903887291789467e-17,1.9055296077990884e-15
11,CD3D,26.845737,3.0534937,9.458585205752796e-159,2.6576044814018333e-155
11,GADD45G,5.721402,3.0510108,1.0564860205775207e-08,3.0804540979235314e-07
11,STAM,15.889029,3.0443664,7.54882021137398e-57,3.1960463873004877e-54
11,IL1R1,11.854346,3.0288982,2.043128512820615e-32,3.34110967966914e-30
11,PKIA,4.855537,3.0084329,1.2006104549015188e-06,2.6811609342226333e-05
11,B3GAT1,3.3380897,2.9032774,0.000843565016282603,0.011033459144412363
11,SDC4,6.4223967,2.893888,1.341451549870952e-10,4.877675653160178e-09
11,PIM2,14.30484,2.856894,2.0410682696901136e-46,6.007933048696414e-44
11,ARID5B,22.444101,2.8113258,1.4612873585306715e-111,2.2582004195053735e-108
11,ADTRP,3.9486783,2.7880118,7.858391196099445e-05,0.0012905382396272344
11,CD70,3.6986392,2.7489202,0.0002167585614839043,0.003256857977531857
11,CCL20,8.107285,2.7128637,5.176351071689471e-16,3.035777657926119e-14
11,PTTG1,15.21558,2.6966577,2.7873616063031443e-52,1.0255831567382296e-49
11,CUL9,8.179068,2.6766162,2.8604896255798046e-16,1.7034518855066478e-14
11,BEX3,8.52262,2.673009,1.559837419574839e-17,1.0526177975283745e-15
11,HAPLN3,5.0144806,2.65925,5.317692955412464e-07,1.2603829461114495e-05
11,MAGEH1,10.004831,2.6467965,1.451385232668741e-23,1.500266333983036e-21
11,SLC35F2,4.73814,2.6462843,2.156888898525812e-06,4.6422677706641555e-05
11,CORO1B,22.325727,2.6294475,2.0787835712645904e-110,3.0594744684321286e-107
11,CD2,24.840733,2.6227975,3.2565927996169778e-136,6.290719603610121e-133
11,JAKMIP1,6.0772614,2.6027472,1.2225227968977725e-09,4.002596619038078e-08
11,IZUMO4,4.0527306,2.5548096,5.062327683992702e-05,0.0008653836378825357
11,ASB2,10.564244,2.5411694,4.3646873742488435e-26,5.2084707596876066e-24
11,PHTF2,17.692822,2.522085,4.7629820858325713e-70,3.0042752515679035e-67
11,PBXIP1,21.911983,2.5172796,1.9969658725281053e-106,2.571676009259423e-103
11,ZNRF1,12.040068,2.491949,2.187770345591827e-33,3.8860585098394596e-31
11,RNF207,3.1667864,2.4902828,0.001541334177801987,0.018918989449295476
11,COL9A2,4.1724987,2.4520233,3.012772809767359e-05,0.00054011467071624
11,DNPH1,17.51789,2.4169402,1.0463325071709134e-68,6.101697886628569e-66
11,TNIP3,5.24765,2.3969162,1.540514035612566e-07,3.977666440992278e-06
11,EBI3,3.0990489,2.3966615,0.0019414302838520717,0.023311494088195796
11,IL18R1,11.591137,2.3909452,4.5702563963417385e-31,7.098136404107242e-29
11,SLC41A1,4.457234,2.3706062,8.302397329452301e-06,0.00016250930605534025
11,TRBC1,16.346033,2.360139,4.6423809146321403e-60,2.2774931258497708e-57
11,CD3G,21.313814,2.3478866,8.45206904563595e-101,9.329574928338225e-98
11,PPP1R3F,2.9178376,2.344272,0.003524679057155183,0.039059957763669856
11,GBP5,18.370121,2.3218102,2.2790331833757045e-75,1.8061045794511e-72
11,TNFRSF25,11.584092,2.2996345,4.96193565404702e-31,7.629778371125933e-29
11,LINC00426,8.483849,2.2894533,2.17865527382294e-17,1.4543347418584362e-15
11,PLEKHG1,3.1457973,2.2850718,0.0016563475592844957,0.02021829937393598
11,MT1E,7.2516704,2.2824469,4.1166212050475623e-13,1.876584241657891e-11
11,ADAT2,6.6109843,2.2822917,3.817725142010205e-11,1.4694200618195442e-09
11,MCAM,3.0377772,2.2748864,0.0023833009120231025,0.02791234607347405
11,RYR1,3.5458791,2.2685654,0.00039130550493204853,0.005560496202728654
11,MIR4435-2HG,13.719574,2.2596812,7.751994914042084e-43,2.0654388517956785e-40
11,UGP2,22.279457,2.2407796,5.846167181929614e-110,8.21306768599539e-107
11,IL21R,5.937788,2.2270513,2.888932055550823e-09,9.028131753378086e-08
11,FAS,9.890865,2.2242396,4.560677062563708e-23,4.503413609350049e-21
11,AQP3,11.33529,2.2200341,8.774078726200125e-30,1.2613044241426386e-27
11,PHLDA1,10.339569,2.2098982,4.66631207949767e-25,5.244425725128527e-23
11,HS3ST3B1,4.8944774,2.188777,9.85673606790395e-07,2.2252895664770442e-05
11,BIRC3,16.076462,2.1813295,3.730831914582122e-58,1.6711423475940527e-55
11,SIT1,14.829471,2.179002,9.447442870486287e-50,3.2443568533124407e-47
11,DGKH,7.7318416,2.1770575,1.0600197026567106e-14,5.543490516076304e-13
11,PBX4,7.9457207,2.1705074,1.9306501112673815e-15,1.075145999800738e-13
11,OLFM2,4.725675,2.1653552,2.2935187881818687e-06,4.915796476167616e-05
11,CCR6,9.934419,2.1508493,2.9489212542686864e-23,2.978506836787003e-21
11,AC147651.4,3.3463986,2.1484168,0.0008186863176618698,0.010739871825116896
11,BTG3,11.665653,2.1463017,1.9093172081239908e-31,3.0297627270269516e-29
11,CD5,9.086856,2.1387134,1.0194451802563087e-19,8.120616542830343e-18
11,CSF1,8.223312,2.1324139,1.9795905740247176e-16,1.2067693465755808e-14
11,CXCR6,14.454127,2.1214743,2.361029037311055e-47,7.297232445617278e-45
11,CHST7,4.1630087,2.1144662,3.1408170331488675e-05,0.0005594998965045074
11,BEX5,3.9005547,2.0823526,9.597258555696486e-05,0.001544908698858913
11,TRBC2,19.758299,2.0755522,6.806039274842245e-87,6.3743713899257355e-84
11,RAB33A,7.6603823,2.0744321,1.8538045229725122e-14,9.53336712005182e-13
11,ZC3H12D,4.382925,2.072368,1.1709642544375597e-05,0.0002229882452982234
11,GATA3,12.126248,2.0566828,7.668231642997821e-34,1.3941296199419626e-31
11,PHACTR2,17.438648,2.0513964,4.198858524785288e-68,2.4032244523247947e-65
11,ENTPD1,15.192984,2.0489352,3.935888460383825e-52,1.4311353487656807e-49
11,SLC16A1,3.746591,2.0419025,0.00017925389127852599,0.002744031707650026
11,PVT1,6.8638954,2.02479,6.700763084925928e-12,2.746690778061083e-10
11,GALM,12.562006,2.0233676,3.4156041415594916e-36,6.723953961985937e-34
11,CYTOR,18.496878,2.016679,2.187856847876784e-76,1.8275700431710206e-73
11,MAP1LC3A,3.8406138,1.9990177,0.00012272705552925632,0.001936255796448558
11,SERPINE2,5.395001,1.9977156,6.852319409806328e-08,1.8561317791313251e-06
11,CCDC141,5.9335685,1.9965829,2.9642004753804054e-09,9.244656316103148e-08
11,RORA,17.519094,1.9941033,1.02443181303706e-68,6.088868085680079e-66
11,PLCL1,3.2759328,1.9894677,0.0010531364096290356,0.013427923684985398
11,LIMA1,9.619696,1.983242,6.602597205836937e-22,5.98435401292675e-20
11,PDCD1,6.0611753,1.9707315,1.3513058081760522e-09,4.3824563077961435e-08
11,TRAF1,10.073128,1.9670291,7.263056763162284e-24,7.635350182961113e-22
11,MAF,17.155622,1.9561882,5.705470633725294e-66,3.148910372795494e-63
11,VDR,4.119536,1.9420843,3.7963623039241695e-05,0.0006623475559097851
11,GLCCI1,11.932382,1.93233,8.024396668686025e-33,1.3552460537654587e-30
11,THADA,8.326299,1.9284844,8.34088554259837e-17,5.2934650814186414e-15
11,CCDC71L,9.030778,1.9105273,1.7045638528683005e-19,1.3439529336887898e-17
11,CEP55,2.937886,1.9044285,0.0033045843684942925,0.03693844089586007
11,LINC00649,9.912856,1.9035504,3.660293317496842e-23,3.673009271554379e-21
11,CD3E,20.099821,1.8952407,7.406108231480873e-90,7.38388990678643e-87
11,GBP2,15.988549,1.8906113,1.5356616457123213e-57,6.780384926290102e-55
11,AC005224.3,3.609425,1.8901031,0.0003068762681633489,0.0044738796321342564
11,NDFIP2,10.191048,1.8870859,2.1740778292396534e-24,2.3659937840954216e-22
11,ANKRD35,3.012906,1.8569775,0.0025875896817335606,0.030076959117464896
11,PRKAR1B,3.4539068,1.8525238,0.0005525283235213584,0.007599907830473799
11,PRDM1,17.930883,1.843734,6.769627793222453e-72,4.755201959207417e-69
11,CD79B,11.593406,1.8426588,4.450764049300388e-31,6.947462852107428e-29
11,MIR155HG,5.193,1.8366857,2.069325480631419e-07,5.221036895579861e-06
11,AKIP1,6.153289,1.8298377,7.589246871280258e-10,2.53305456858163e-08
11,LINC01934,7.719316,1.82685,1.1695570124514631e-14,6.06501654091231e-13
11,THEM4,9.055051,1.8265146,1.365040533667558e-19,1.08455804046435e-17
11,PTGIR,3.3397498,1.8247962,0.0008385388790759896,0.010977010222618218
11,HNRNPLL,8.409213,1.8222065,4.127709704236404e-17,2.6689356449546976e-15
11,ITM2A,16.777327,1.806271,3.5757057841383926e-63,1.8419056445060883e-60
11,INPP1,5.287617,1.8012891,1.239199557560357e-07,3.2567976807413228e-06
11,LAX1,6.600703,1.7973621,4.0921286696663304e-11,1.573077373051956e-09
11,TOX,8.179391,1.7951028,2.852815932783908e-16,1.7022399799865998e-14
11,TLK1,17.136736,1.7799388,7.895948398564072e-66,4.2814048623582413e-63
11,AL445686.2,4.013865,1.7789106,5.973255065419723e-05,0.0010055304700813039
11,TULP4,9.129177,1.776512,6.902181231326203e-20,5.5409276705610114e-18
11,NMB,3.0124469,1.771268,0.0025915085062532487,0.03011118548976284
11,ARHGEF12,8.025723,1.7665364,1.0092908343415243e-15,5.776694780924721e-14
11,KCNN4,4.468697,1.760073,7.869752348689452e-06,0.0001550225849846685
11,MYL6B,6.0622544,1.7540603,1.3422683300626603e-09,4.357719251811622e-08
11,LRRC61,2.8483844,1.7526594,0.004394181190795416,0.047249274353568196
11,LCK,17.81229,1.7437316,5.6739551559028884e-71,3.812281130510665e-68
11,DLGAP1-AS1,8.051547,1.7378598,8.175422201576344e-16,4.696612899333086e-14
11,GRAMD2B,3.7428143,1.7336096,0.00018197062843648546,0.0027828630445751886
11,INPP5F,3.4493303,1.7293254,0.000561978557294506,0.007712731469938409
11,NINJ2,4.6106853,1.7262789,4.013432564640826e-06,8.231132068702986e-05
11,LAT,15.305995,1.7246163,6.972724167570773e-53,2.596457660808553e-50
11,FANCL,3.5766048,1.7182329,0.0003480855982590285,0.0050061803561618394
11,TNFRSF1B,17.637545,1.7168549,1.2685274428790236e-69,7.841275535412396e-67
11,FBXO2,3.8547025,1.7082838,0.00011587041933295272,0.0018308829500631749
11,HPGD,4.207961,1.6876731,2.576850018420844e-05,0.00046629217517173897
11,TTN,7.3103304,1.6803286,2.6648649673544826e-13,1.23668140459497e-11
11,ACTA2,5.103257,1.6785785,3.338565892873095e-07,8.176311889938888e-06
11,IL12RB1,7.4135914,1.6782742,1.2292421400917455e-13,5.899407891896829e-12
11,KAT2B,7.848992,1.6782727,4.193942087788136e-15,2.2780697382648137e-13
11,ISG20,16.160198,1.6775469,9.62518381354866e-59,4.507356910990127e-56
11,MSI2,11.359951,1.6693814,6.618173477808165e-30,9.64848526785929e-28
11,ZC3H12A,3.3770773,1.6548337,0.000732604742518011,0.009755542773375342
11,CTSC,19.820204,1.6534239,1.9929977995257073e-87,1.9249244684356576e-84
11,MARCH3,2.878615,1.6455582,0.003994257744661054,0.04346849440642226
11,TSPAN5,7.941277,1.6439229,2.001099896790469e-15,1.1103769211867689e-13
11,CRADD,2.8395002,1.638583,0.004518428102928146,0.04835562928573414
11,GOLGA8B,10.769715,1.6328031,4.784777938975275e-27,5.987171326312098e-25
11,ABI2,7.50179,1.6239161,6.295220884594061e-14,3.068870534387203e-12
11,PRDX2,15.651358,1.6225153,3.2520848246037054e-55,1.2886177650516247e-52
11,NCK2,12.113976,1.6157624,8.907056883492014e-34,1.6098854216262438e-31
11,AC093010.2,3.2897034,1.6157612,0.0010029308194826273,0.01286993728372313
11,PMAIP1,4.813946,1.6119198,1.4797902152769128e-06,3.2482866607644564e-05
11,SKAP1,16.12943,1.6058812,1.5847402178214354e-58,7.31038297197121e-56
11,UXS1,8.20466,1.6043749,2.312430259297e-16,1.3959039457830546e-14
11,P2RY10,7.344974,1.5942903,2.0579928964699066e-13,9.637331280484153e-12
11,CDKN2A,5.0220146,1.5905106,5.113228094348846e-07,1.2175234261328182e-05
11,SH2D2A,10.915951,1.5874889,9.671167760186998e-28,1.2402771035854752e-25
11,AC058791.1,10.081755,1.5861732,6.652699529803907e-24,7.041609053686622e-22
11,ZBTB38,13.853079,1.5838578,1.2187381478219171e-43,3.275438255194086e-41
11,CLN5,7.7203703,1.5804746,1.1599243104276363e-14,6.025173220569236e-13
11,CREM,10.263014,1.5793194,1.0342779393674226e-24,1.1335612862421606e-22
11,FOXO1,7.237632,1.5735006,4.565874608742863e-13,2.072209787553828e-11
11,RIC3,4.383866,1.5718657,1.1659164542231355e-05,0.00022216387084262915
11,SPATS2L,8.705254,1.5700214,3.1686565813832748e-18,2.2669830777965945e-16
11,PCED1B,7.078392,1.5616488,1.458368619076104e-12,6.375360524722086e-11
11,TMEM173,11.342891,1.5591996,8.04425958573098e-30,1.167248502423415e-27
11,MZB1,6.1083803,1.555312,1.0064738746960214e-09,3.3234068424390956e-08
11,BCL2,13.592543,1.5542082,4.434050178498193e-42,1.1233048267774069e-39
11,VAV3,8.538548,1.5491891,1.3591798790169109e-17,9.232565389181465e-16
11,S100A4,18.011019,1.5370965,1.5966306716207627e-72,1.1476061434368119e-69
11,CARD16,17.778048,1.5301048,1.04557040218633e-70,6.875626472419766e-68
11,GOLGA8A,9.408194,1.5299551,5.0473706096283164e-21,4.345378368573325e-19
11,ATP8B2,5.755121,1.5251114,8.657953731697762e-09,2.5533528242899116e-07
11,ACP5,11.187333,1.5247713,4.7036633004674914e-29,6.4042344329316634e-27
11,PGM2L1,4.701753,1.5194474,2.5793712333418485e-06,5.467807044505933e-05
11,TNIK,6.9494243,1.5115258,3.667805627139338e-12,1.5444260016075685e-10
11,SOD1,20.188526,1.5114986,1.234959354023945e-90,1.2722962918272688e-87
12,GNLY,72.42786,8.111245,0.0,0.0
12,ITGAD,43.89857,6.5460014,0.0,0.0
12,CYP26A1,23.494284,6.494085,4.6661710963369047e-122,4.028417599845942e-120
12,RPRML,4.818903,6.4242163,1.4434976977684688e-06,1.2969239344456415e-05
12,PRSS2,2.926677,6.278841,0.003426045733912109,0.020328046745636694
12,SLC12A8,33.98918,6.0797086,3.218971947942311e-253,7.537027726897955e-251
12,AFAP1L2,47.918873,5.8799376,0.0,0.0
12,AL109613.1,3.5360866,5.868224,0.00040610152629201395,0.0027707240337985152
12,GAPDHS,4.7935033,5.8263397,1.6389361896941765e-06,1.4635828030880644e-05
12,SPINK2,35.77387,5.657878,2.815646409213074e-280,7.312872568869619e-278
12,B4GALNT1,26.128363,5.621777,1.7363826251905483e-150,1.9444339781436332e-148
12,FOXB1,3.9540193,5.582534,7.684921347738277e-05,0.0005755218417604723
12,ACOXL,9.505788,5.559965,1.9854019483679754e-21,3.873915278927337e-20
12,KIR3DX1,22.417982,5.4810944,2.628357582004025e-111,2.0617930910405685e-109
12,COX6A2,30.98908,5.460303,7.564419780742837e-211,1.3208673568554739e-208
12,AL135999.3,2.7805774,5.339762,0.005426230505321384,0.031230634306884174
12,KCNJ11,2.7375877,5.190712,0.006189161846140376,0.03513102390792665
12,KLRC1,65.92673,5.0669856,0.0,0.0
12,AC026471.5,9.429054,5.0526643,4.138030235776983e-21,7.99338128107245e-20
12,CSPG4,5.318997,4.9615216,1.0434084013082982e-07,1.026045926160852e-06
12,AC010616.1,11.696904,4.904366,1.3218888355066043e-31,3.421743571105747e-30
12,NCAM1,62.985416,4.875353,0.0,0.0
12,SPTSSB,13.5836735,4.717701,5.005175883101071e-42,1.5980885435847605e-40
12,LINC00996,56.205177,4.682428,0.0,0.0
12,KIR2DL3,32.815937,4.6665945,3.48902269471818e-236,7.094422659582553e-234
12,NTM,3.6123466,4.549297,0.0003034384995582136,0.0021060798800461955
12,EFNA5,11.811947,4.5331516,3.386284972931411e-32,8.892090880067216e-31
12,DPF3,29.72595,4.4958014,3.5485000661261065e-194,5.456392614117392e-192
12,DAPK2,50.020515,4.4921994,0.0,0.0
12,STYK1,22.870409,4.4886312,9.157160099263414e-116,7.467555334773994e-114
12,SIX4,5.6274204,4.4870043,1.8292452668972862e-08,1.9023042888288838e-07
12,ACY3,6.819194,4.3298182,9.155286730443549e-12,1.1785191460967046e-10
12,EPAS1,50.984695,4.3025384,0.0,0.0
12,IL2RB,67.00591,4.3011017,0.0,0.0
12,ADGRG3,35.573982,4.2915382,3.5389522026975807e-277,9.114866310731178e-275
12,ERICH3,4.0075893,4.206199,6.134170735048627e-05,0.0004642233469837118
12,FOXC1,8.653442,4.2042565,4.996901191723374e-18,8.681238062540434e-17
12,ARG2,10.130738,4.1634665,4.035916692811549e-24,8.626423044586897e-23
12,CDHR1,13.347487,4.158751,1.2251237747600302e-40,3.805517638845051e-39
12,PTGIS,14.904662,4.1436915,3.073640732345452e-50,1.1228961479267245e-48
12,KLRC2,46.437702,4.1015673,0.0,0.0
12,LIM2,12.505342,4.074281,6.979931061323033e-36,1.9773485729817687e-34
12,ITGA1,59.102936,4.0534873,0.0,0.0
12,GZMB,55.626366,4.049823,0.0,0.0
12,TRDC,57.114952,4.028652,0.0,0.0
12,SOST,5.7029114,4.012601,1.1777832492919164e-08,1.2415329770076828e-07
12,CTSW,60.99235,3.995263,0.0,0.0
12,FNDC4,3.1527789,3.9472063,0.0016172428929710722,0.010153184256156191
12,EGLN3,15.536014,3.8749363,1.9791773493201679e-54,7.704084928896528e-53
12,NKG7,56.247795,3.8677194,0.0,0.0
12,KIR2DL1,22.932318,3.8349144,2.2122934998636925e-116,1.808871830695427e-114
12,ITGAX,62.952084,3.8272629,0.0,0.0
12,SRGAP3,47.71807,3.8046882,0.0,0.0
12,LINC02367,3.6351814,3.7843797,0.00027778500942375476,0.0019362880663644538
12,MGAT3,4.745405,3.78434,2.080891395779497e-06,1.8401748317412565e-05
12,TNFRSF18,51.54461,3.7202313,0.0,0.0
12,LAMA4,7.041755,3.669607,1.8983288908173107e-12,2.552050936428474e-11
12,KLRD1,56.127304,3.665563,0.0,0.0
12,RASSF8,16.874414,3.6421099,6.941003568906337e-64,3.1317605445866885e-62
12,PIK3R6,27.762571,3.6395488,1.2286412801497055e-169,1.5955300859490313e-167
12,RASSF8-AS1,10.30784,3.6092196,6.494411115114438e-25,1.421549322484716e-23
12,B3GNT7,29.271976,3.5861259,2.358646497006565e-188,3.5047445809125914e-186
12,KRT81,40.60508,3.5349362,0.0,0.0
12,C7orf57,2.9295042,3.533282,0.003395033586461723,0.02017114630080209
12,UBASH3B,39.520035,3.5284138,0.0,0.0
12,PTPN14,11.884532,3.5077977,1.4243082358289444e-32,3.772158924144403e-31
12,GZMA,49.971607,3.501534,0.0,0.0
12,PRF1,57.259468,3.4974895,0.0,0.0
12,CSF1,28.401493,3.467248,1.9380885186865915e-177,2.6622445265353994e-175
12,SMIM24,3.0958822,3.4473271,0.0019622839410442716,0.012158843176795369
12,MYO1E,32.318123,3.436975,3.892766678806539e-229,7.712419214222673e-227
12,PITPNM2,17.091543,3.4329627,1.7157217705183909e-65,7.90280369022532e-64
12,COL15A1,8.905025,3.4329185,5.337409966136312e-19,9.590891268800873e-18
12,DRAXIN,18.940142,3.4222906,5.325446313884658e-80,3.003532285095495e-78
12,PPFIBP1,26.485136,3.4020545,1.4377660996633505e-154,1.6519344551039096e-152
12,MCTP2,47.7064,3.3938797,0.0,0.0
12,BCO2,31.31528,3.3683255,2.890677379324836e-215,5.286518684188918e-213
12,CCNJL,12.075644,3.3639255,1.4204793479344293e-33,3.847743664032376e-32
12,PLXNA4,9.463156,3.3636563,2.9878743977918667e-21,5.797001507379361e-20
12,KIR2DL4,25.202505,3.35696,3.760220401342266e-140,3.78557433043275e-138
12,SLFN13,38.49715,3.3569267,0.0,0.0
12,STOX2,4.2342205,3.2878423,2.293460618344439e-05,0.0001822210471238344
12,KLRF2,3.0792265,3.2501109,0.002075387781883643,0.012815986048886665
12,RADIL,3.5407104,3.2477853,0.0003990510775136696,0.002725629094522649
12,ERMP1,25.438309,3.2415888,9.5097311031259e-143,9.797241973477073e-141
12,PXYLP1,13.6436615,3.2010412,2.2022028459481392e-42,7.097339245017637e-41
12,KLRC3,14.634189,3.191126,1.6999059419483865e-48,6.052879371866219e-47
12,GOLGA8Q,13.939695,3.1837878,3.6348897610700987e-44,1.2105984681615683e-42
12,HOXA10-AS,4.2834654,3.178222,1.8400488738098986e-05,0.00014802288012192227
12,NDFIP2,35.8467,3.1709943,2.070329380893793e-281,5.469031638913202e-279
12,FNBP1L,12.886552,3.1579366,5.3586561222594e-38,1.5758323955344554e-36
12,KRT86,34.88973,3.1386662,1.0642825327622755e-266,2.6315024192066917e-264
12,HOPX,49.443184,3.137622,0.0,0.0
12,CHST12,56.665207,3.1076522,0.0,0.0
12,SPRY2,25.600437,3.1043844,1.508537640485525e-144,1.5912755240438948e-142
12,AL031056.1,2.7191226,3.0930672,0.006545530941642951,0.03702465681064397
12,B4GALT6,8.411561,3.0869215,4.0459096808406327e-17,6.759293540850888e-16
12,SH2D1B,33.786507,3.0861642,3.11283681096838e-250,6.971626617144907e-248
12,GOLGA8N,19.484686,3.0828776,1.4808480405070166e-84,8.887101046203954e-83
12,AC091057.3,6.4827137,3.0603943,9.008739562791226e-11,1.090184470114285e-09
12,CLNK,27.36504,3.0597281,7.152397080621879e-165,8.949762614201635e-163
12,ARNTL2,5.9189878,3.0503316,3.23929471846195e-09,3.555286997993732e-08
12,ARMC5,14.880692,2.984298,4.399284335683949e-50,1.601515676831376e-48
12,AP000547.3,3.9862409,2.975298,6.712834645892482e-05,0.0005057863978561652
12,MZB1,24.656853,2.9715617,3.1072391034416503e-134,2.9917582233667004e-132
12,KIR3DL1,8.119028,2.9669542,4.699332944443588e-16,7.421680291973326e-15
12,CABLES1,7.2250347,2.9573143,5.009746194214186e-13,6.915418741606871e-12
12,TESC,38.232643,2.9430847,0.0,0.0
12,JAG2,13.069275,2.9047594,4.9333316901824204e-39,1.478898957793095e-37
12,NCR1,29.966438,2.9040475,2.6873656450830656e-197,4.348607853014781e-195
12,GFOD1,32.826767,2.8981068,2.4442718472538734e-236,5.002987416097713e-234
12,ATP8B4,36.365692,2.879019,1.4846536309423635e-289,4.17147179741233e-287
12,ATP10A,26.777252,2.8726695,5.948233039864163e-158,7.043756266784738e-156
12,FGF22,2.9655116,2.8596485,0.003021798991275398,0.018141946663432156
12,PACSIN1,7.0240455,2.8558545,2.155342906631016e-12,2.886273102913553e-11
12,PCSK6,2.8813696,2.8466547,0.003959511437853622,0.023231738152179406
12,KLHL23,9.571337,2.8444855,1.055320927640176e-21,2.0775034337945807e-20
12,COLGALT2,10.091981,2.8361595,5.994762467054546e-24,1.2734029111288992e-22
12,RAB27B,15.811265,2.8153102,2.6018922546633547e-56,1.0443725183750688e-54
12,GOLGA8R,18.09277,2.812436,3.633627831715275e-73,1.8938370218351432e-71
12,EOMES,39.07595,2.8101888,0.0,0.0
12,SYNGR1,29.468016,2.7994428,7.400550180700194e-191,1.115750265536102e-188
12,RNF165,15.794093,2.7931192,3.4167223960830933e-56,1.367883926110624e-54
12,HOXA10,11.770942,2.766701,5.510580049171145e-32,1.4421295307343994e-30
12,BHLHE40-AS1,4.986196,2.759275,6.157963039608703e-07,5.684712176379516e-06
12,GNPTAB,53.683994,2.7525086,0.0,0.0
12,BHLHE40,41.08374,2.7480972,0.0,0.0
12,SAMD3,47.84866,2.7205675,0.0,0.0
12,CD38,38.725555,2.7143598,0.0,0.0
12,SLC16A11,5.51369,2.7121296,3.513872309515597e-08,3.5807204573095464e-07
12,TMIGD2,38.730976,2.7035937,0.0,0.0
12,KDELC1,3.7626462,2.703466,0.00016812500891671015,0.001205064854032644
12,NECTIN1,7.8347178,2.688938,4.698964215288828e-15,7.115673052519932e-14
12,KIR3DL2,5.2847457,2.6835313,1.2587960334529783e-07,1.2315798988898764e-06
12,CATSPER1,18.882212,2.6750398,1.5975229061707963e-79,8.977207356549237e-78
12,IGFBP7,41.4179,2.6671133,0.0,0.0
12,PTPRK,4.9416256,2.6658106,7.747384292943926e-07,7.092666064633232e-06
12,CRACR2B,9.39494,2.651293,5.725025048855403e-21,1.1031380871881168e-19
12,HSD3B7,9.977207,2.6500237,1.9178911996816415e-23,3.9997478615762815e-22
12,STAP1,11.75005,2.64348,7.057718427030822e-32,1.8376824214342176e-30
12,GSTM2,11.324026,2.6425357,9.978179398338096e-30,2.4890685283650974e-28
12,CD7,46.13887,2.6114025,0.0,0.0
12,ZFHX3,38.24317,2.6081269,0.0,0.0
12,NUDT8,12.635566,2.590884,1.3442369432695623e-36,3.854019592359217e-35
12,CMC1,43.22662,2.565838,0.0,0.0
12,ADAMTS1,10.969229,2.5646794,5.37289597430099e-28,1.275423163423354e-26
12,CCDC74A,3.9557655,2.555974,7.62899544152441e-05,0.0005714720361395903
12,KSR1,16.831137,2.552187,1.4430501173392235e-63,6.473200286880026e-62
12,AL355581.1,4.2303376,2.5477753,2.333409529199944e-05,0.0001851570945288387
12,SEMA4D,47.63111,2.5416167,0.0,0.0
12,SLC27A2,6.079214,2.5385559,1.2077285460027834e-09,1.3652986895138268e-08
12,HOXA9,4.732999,2.535319,2.212265003072912e-06,1.9485458663429605e-05
12,TLCD2,7.343306,2.5328681,2.0838136140610417e-13,2.9225902459952363e-12
12,DUSP10,18.838745,2.5266235,3.6348083929234743e-79,2.0388570417438444e-77
12,PRDM8,11.077576,2.5242963,1.6117834253080477e-28,3.873669543234512e-27
12,SLC44A1,33.813454,2.5090096,1.2509513035378954e-250,2.8639371806256096e-248
12,CDKN2A,19.624279,2.502307,9.592807062341175e-86,5.894331766914089e-84
12,N4BP3,6.299762,2.5000963,2.981038359833849e-10,3.501898616016145e-09
12,DMKN,6.878821,2.4944737,6.035002003970827e-12,7.843726111721041e-11
12,DTHD1,24.81802,2.491087,5.729027804642353e-136,5.639078419047172e-134
12,TOGARAM2,10.397502,2.4884887,2.545171013343111e-25,5.634928403251829e-24
12,NCALD,20.513407,2.4851003,1.6343571239745001e-93,1.1053189415903692e-91
12,TNFRSF4,26.598679,2.4658601,7.031266005865055e-156,8.108781285196689e-154
12,STARD9,12.942511,2.4623752,2.590227156060418e-38,7.646241710827061e-37
12,POC1A,5.330918,2.458216,9.771771675066481e-08,9.63368890466602e-07
12,PPP1R9A,5.4225082,2.4573298,5.876855140102581e-08,5.885805632376879e-07
12,MMP10,6.868207,2.4430003,6.501381744136339e-12,8.442781746471506e-11
12,EVL,58.713654,2.4233117,0.0,0.0
12,MMP11,9.340729,2.4199235,9.567312539919025e-21,1.8252896831560326e-19
12,NCS1,8.967544,2.412533,3.0320045454731847e-19,5.509121956904158e-18
12,MMP3,4.4340005,2.409557,9.25004237638466e-06,7.687310022235028e-05
12,TXK,41.14801,2.408781,0.0,0.0
12,CAPN12,24.98388,2.3988204,9.152298536134914e-138,9.037383094451176e-136
12,ERI1,17.899544,2.3965151,1.188937576197337e-71,6.043831195317614e-70
12,AKAP5,16.072868,2.3929856,3.953644991973234e-58,1.6249375766877227e-56
12,AC068446.2,2.9632404,2.3887496,0.0030441873374500387,0.018258625662442917
12,A4GALT,4.8132696,2.3775232,1.4848071271802421e-06,1.3321025799639983e-05
12,CLSTN3,20.908674,2.3736737,4.464630080763154e-97,3.1289868912958456e-95
12,PLPP1,13.342575,2.367228,1.3085935764168408e-40,4.060713018706356e-39
12,NMUR1,23.035572,2.3638706,2.052278684710324e-117,1.6959833504904274e-115
12,SLC2A1,18.997566,2.359723,1.7863612131744253e-80,1.020537264613345e-78
12,ID3,25.871923,2.3571842,1.3789918010020357e-147,1.4954561260901728e-145
12,ISLR,6.308876,2.3474975,2.8106897406163967e-10,3.306813392205214e-09
12,GOLGA8M,5.10845,2.3368304,3.2481220568262e-07,3.0709607956661784e-06
12,KCNQ5,3.798251,2.3313365,0.00014572081723196386,0.0010537653949902448
12,ARHGEF12,21.106405,2.3279166,6.945890640067261e-99,4.946466405819328e-97
12,AC006033.2,9.468462,2.3137598,2.8399496492652037e-21,5.516927957878042e-20
12,TTN,19.472105,2.3127892,1.893266159211409e-84,1.1296366251495564e-82
12,AC025040.1,2.8741078,2.3123405,0.004051704915588463,0.023712562739271473
12,HPGD,15.635924,2.3040707,4.144186775644227e-55,1.623376180923145e-53
12,SCX,2.7206893,2.2983506,0.006514595030079016,0.036856413800961406
12,TRAF5,33.446148,2.2977026,2.9281520067515456e-245,6.284749588379863e-243
12,RGS16,8.310345,2.2962353,9.542448651478143e-17,1.5709965323264697e-15
12,BIVM,11.196884,2.2923446,4.2232694593595223e-29,1.035941183971625e-27
12,PHLDA1,19.309364,2.274938,4.4804888590882115e-83,2.6427188772488427e-81
12,SESN2,8.989854,2.27454,2.4756042224816104e-19,4.5007941002493604e-18
12,GIPR,5.5256023,2.263387,3.283572656997819e-08,3.352671956056544e-07
12,LUM,15.43178,2.2615912,1.0007217189320844e-53,3.875852903137084e-52
12,SERPINE2,12.546495,2.2557504,4.154973477647277e-36,1.1824840264608138e-34
12,HERC1,40.756737,2.2523377,0.0,0.0
12,ABHD2,35.31985,2.2446802,2.9118623069982554e-273,7.376797403475006e-271
12,CD300A,38.673775,2.2329915,0.0,0.0
12,AK1,5.4785137,2.232362,4.2891390863864705e-08,4.3421035618390646e-07
12,TMEM200A,8.242542,2.2260919,1.6858964175587723e-16,2.725209235224319e-15
12,MMP25-AS1,30.846859,2.2248304,6.172204448798968e-209,1.0598017938834982e-206
12,SFMBT2,24.751602,2.2157824,2.9795268552250016e-135,2.914184699824023e-133
12,AUTS2,27.276417,2.215177,8.079580459274816e-164,9.98862373019227e-162
12,CCL3,28.572224,2.2082899,1.4878076797249272e-179,2.099711048276636e-177
12,BGN,2.8892853,2.2013955,0.0038611863248177503,0.022709359798504702
12,DIO2,4.6557326,2.1962192,3.2283086513211244e-06,2.798803239449705e-05
12,GCNT1,20.945885,2.1854942,2.0456782725126435e-97,1.4402227418803707e-95
12,FASLG,27.547886,2.1795838,4.691020461365729e-167,5.966476106972452e-165
12,TMEM44,4.0246196,2.1472285,5.706752344621386e-05,0.0004333626405779193
12,TSPAN5,22.453876,2.1462266,1.1728324627979413e-111,9.294546904537429e-110
12,BAALC,2.6877475,2.1437867,0.0071935755960926395,0.04039459319557326
12,CLDND2,7.657347,2.1342847,1.8981300470417338e-14,2.8056195774231883e-13
12,CERCAM,3.126815,2.1340916,0.0017671103808072853,0.011033551624163791
12,ABCA2,15.351348,2.1306994,3.4690426155441136e-53,1.3285960361663186e-51
12,TRG-AS1,33.4698,2.1234999,1.3262103605926601e-245,2.866376476562052e-243
12,HDGFL3,10.847111,2.1166866,2.0582944789858324e-27,4.8193717774253886e-26
12,PELO,17.55239,2.1043882,5.702880812421392e-69,2.7845013786652126e-67
12,KLRC4,18.178247,2.0999131,7.674747481308256e-74,4.0686693036842927e-72
12,LAYN,6.0116196,2.09915,1.8367896051180313e-09,2.0479673999055913e-08
12,PHLPP1,6.419242,2.0988967,1.3695482259506004e-10,1.639373625850318e-09
12,ARAP2,38.63129,2.0933714,0.0,0.0
12,CRIM1,16.748333,2.088658,5.823606622383359e-63,2.597261325800902e-61
12,ID2,45.126854,2.0844672,0.0,0.0
12,TBX3,2.87997,2.071342,0.003977130434158989,0.023312779308288737
12,PLCH2,4.8098574,2.0653489,1.5103819439743244e-06,1.3538681769841775e-05
12,CCDC141,12.191804,2.064174,3.4372627157021637e-34,9.426395630364398e-33
12,LDOC1,3.6283789,2.0577903,0.0002852064565189602,0.0019857796692118726
12,GSTA4,2.9425645,2.0358517,0.0032550590574495827,0.019410401367662405
12,RGS3,17.182108,2.0347924,3.615337122472167e-66,1.6981645052317213e-64
12,MAML3,14.394906,2.0284638,5.570066581478352e-47,1.936490976757609e-45
12,ORAI2,32.18118,2.028125,3.2365215676951994e-227,6.25194825579722e-225
12,HAVCR2,29.938704,2.02743,6.1732671920366e-197,9.885863684159337e-195
12,JAKMIP2,15.147608,2.0259962,7.857534833152316e-52,2.9508241687513806e-50
12,DNAH14,3.9869218,2.022285,6.693608726850663e-05,0.0005045562575325689
12,COTL1,44.072746,2.0079477,0.0,0.0
12,PAWR,10.125075,2.0070894,4.276494893081013e-24,9.128012959976166e-23
12,GSE1,19.605574,2.004634,1.385832685279413e-85,8.481570456223925e-84
12,CD96,38.523468,1.9975213,0.0,0.0
12,CCL4,33.516804,1.9973345,2.7432003413245386e-246,6.013056237540249e-244
12,RRAS2,14.92421,1.995109,2.29338313384224e-50,8.408255340173441e-49
12,LRRC1,4.2242875,1.9916492,2.3969806517098227e-05,0.00018981163464615804
12,NLRP2,3.5804548,1.9648174,0.0003429965224247345,0.002364709685162005
12,TLE1,14.469133,1.9614308,1.8984920135173998e-47,6.637634916491208e-46
12,RASGRP1,31.608948,1.9598224,2.781878017842317e-219,5.179488186593524e-217
12,DIXDC1,2.7239501,1.9593774,0.006450622076499179,0.03651453782387548
12,CCND2,33.806793,1.9576504,1.5671451999448595e-250,3.561452698139395e-248
12,SLA2,23.470682,1.9447808,8.12995951286085e-122,6.999238402896666e-120
12,GOLIM4,22.059391,1.9358312,7.762057711881195e-108,5.9235041407682e-106
12,SPIRE1,8.89447,1.9333375,5.869874395026843e-19,1.052321391688484e-17
12,PSD4,26.614677,1.9247519,4.591007101580009e-156,5.31439162878402e-154
12,COL6A3,7.371989,1.9158494,1.6810113185373848e-13,2.3734589685717202e-12
12,TENT5C,13.302759,1.9157383,2.230806938228682e-40,6.840034726173995e-39
12,PLEKHN1,4.1636076,1.9135343,3.132584726081353e-05,0.000244677270985586
12,FSD1,6.6092067,1.912325,3.863844538927068e-11,4.778705208668223e-10
12,NR2F2,6.8616657,1.9097943,6.806225359090993e-12,8.82752862666493e-11
12,MFGE8,9.855625,1.9031343,6.48117995480531e-23,1.3345358351976531e-21
12,CARD11,17.306988,1.8909522,4.1664787311963795e-67,1.981128586847485e-65
12,UBE2F,22.68279,1.8801509,6.625159668455252e-114,5.291054518680788e-112
12,MMP7,9.512518,1.8796188,1.8610158616369268e-21,3.6358038707719657e-20
12,STRBP,21.666416,1.8765583,4.2562607888270147e-104,3.192918742725159e-102
12,AC243829.4,6.5919294,1.8696947,4.34146668492932e-11,5.352282043522556e-10
12,GSTP1,45.087948,1.8680433,0.0,0.0
12,AC099791.2,3.1628563,1.86202,0.0015622940420571428,0.009840191962066458
12,FBXW9,3.7035482,1.8608044,0.000212604688257782,0.0015046881383062212
12,ANGPTL4,2.6494505,1.8594103,0.008062278744688522,0.044865115081398656
12,RAMP1,8.765693,1.8561333,1.856314195708783e-18,3.263543961704856e-17
12,IGFBP2,17.310438,1.8554401,3.924154665347287e-67,1.8716643247205028e-65
12,COL7A1,2.8889358,1.8553798,0.0038654807967703057,0.022730292044478663
12,PILRB,25.85499,1.8534125,2.1381958601326858e-147,2.3026208867289518e-145
12,PLCG2,33.781834,1.8509665,3.645528191800179e-250,8.105923728343032e-248
12,DCN,11.752259,1.8481101,6.875554143560001e-32,1.791760134190632e-30
12,GABARAPL1,26.031277,1.8449695,2.192309567855136e-149,2.437327763082687e-147
12,APOBEC3H,13.854981,1.8422446,1.1868698854729352e-43,3.902402930884256e-42
12,MAFF,10.177892,1.8380034,2.4889623272678358e-24,5.353260866309464e-23
12,ADAMTS10,4.6508856,1.8376278,3.3051303851336964e-06,2.8605898855594276e-05
12,KDM5B,16.590263,1.8372632,8.196053275817636e-62,3.58803709059059e-60
12,CBLB,27.845606,1.8366055,1.2175180784426026e-170,1.5877565928449586e-168
12,CRACR2A,12.528292,1.836444,5.227685076877777e-36,1.4836736700740264e-34
12,GALE,9.985643,1.8311123,1.7615402549594025e-23,3.685812054926618e-22
12,CHST2,16.328485,1.8194876,6.190118199083991e-60,2.6316091221332728e-58
12,ECI2,25.957504,1.8160859,1.4960651927415757e-148,1.6513888182879958e-146
12,LINC00299,3.7067811,1.8136302,0.0002099102060109928,0.0014870131829636667
12,RHOC,33.436157,1.8109157,4.090699685496403e-245,8.719396908940506e-243
12,SNRK,28.075535,1.8101726,1.9492302938730917e-173,2.585616338744019e-171
12,ARHGEF1,38.504738,1.8093013,0.0,0.0
12,EPS8L1,3.1089776,1.8026288,0.0018773592706657566,0.011672408565372468
12,ZAP70,27.629904,1.8007655,4.86718434441224e-168,6.267919438864546e-166
12,FUT8,16.14133,1.7977898,1.3069138874355803e-58,5.421850673687447e-57
12,KCTD17,9.81054,1.7976093,1.0142434365463956e-22,2.073228961199699e-21
12,TEC,5.679629,1.7886366,1.3498749044848588e-08,1.4156967652837982e-07
12,KIT,6.136834,1.7884371,8.418226518564493e-10,9.639945424574762e-09
12,BUB1,6.0249863,1.787805,1.6912419019696269e-09,1.8925131594560194e-08
12,ELOVL6,10.536292,1.7825261,5.877037758715683e-26,1.3277895176069126e-24
12,COL3A1,14.205042,1.7808001,8.525182035711494e-46,2.9146880661253885e-44
12,LASP1,33.604126,1.7771753,1.4601093387033402e-247,3.2233999522360096e-245
12,MMP2,6.570549,1.7761307,5.013007493042096e-11,6.158069260232595e-10
12,STX1A,2.6747699,1.7758857,0.007478055540411728,0.04185517250769744
12,ARID3B,12.09022,1.7746831,1.1896709302569463e-33,3.236721781817909e-32
12,ABCB1,17.885963,1.774571,1.5170925068453211e-71,7.699306750257527e-70
12,SH2D2A,23.35422,1.7725197,1.248618042447579e-120,1.0572887078884198e-118
12,SACM1L,25.879255,1.7634923,1.1403736225594895e-147,1.2410397025509205e-145
12,LINC01588,14.501894,1.7612548,1.178525108339995e-47,4.134469412424998e-46
12,XCL1,20.072721,1.7556539,1.2781219844188865e-89,8.178657592636549e-88
12,GATA3,20.85971,1.7551104,1.2442246323006712e-96,8.680643501245336e-95
12,TET1,3.8240306,1.754115,0.0001312875629001847,0.0009540805799567383
12,B4GALT5,16.547895,1.7541106,1.6579874673480497e-61,7.217382908919179e-60
12,PATJ,14.550996,1.7495096,5.755904267795837e-48,2.0377747217040773e-46
12,TLDC1,7.3830614,1.7380672,1.5469043008315655e-13,2.186107509181582e-12
12,CAPG,35.07056,1.7367753,1.8952525612489774e-269,4.723917008913076e-267
12,NUDT14,19.382908,1.7329996,1.0759338944936974e-83,6.370476796382511e-82
12,S100PBP,22.43023,1.7323036,1.9960517842901013e-111,1.5737748085983204e-109
12,GPR82,18.246214,1.7273122,2.2175429039487202e-74,1.18577160090559e-72
12,PRKX,28.448444,1.7251058,5.093744148913938e-178,7.059746655178614e-176
12,AVEN,11.119362,1.7241457,1.0099141991936852e-28,2.436644664674413e-27
12,FCER1G,32.66172,1.721369,5.462765315097738e-234,1.1035142979982079e-231
12,PAEP,9.409598,1.7207254,4.980365961393574e-21,9.614501609543485e-20
12,APBA2,12.742937,1.7201589,3.412992579907656e-37,9.85844501562672e-36
12,COL1A1,12.318209,1.7184776,7.228178183831783e-35,2.003599131190035e-33
12,NUCB2,30.821886,1.7149696,1.3341531029953683e-208,2.278158561009826e-206
12,CST7,32.242065,1.7148502,4.5448691115514156e-228,8.834482366711924e-226
12,SLC16A3,31.714602,1.7138913,9.774712040411807e-221,1.8421160062988274e-218
12,CHPF,5.033341,1.713251,4.820044581869101e-07,4.48984683218289e-06
12,LIMK1,15.557171,1.7002656,1.422487856120877e-54,5.544115027632779e-53
12,KAT6B,24.230215,1.6960526,1.0690059374013229e-129,9.833263841447228e-128
12,P3H4,3.5786777,1.693345,0.00034533693431059955,0.002380115721512828
12,WEE1,9.340169,1.6916453,9.618059750459424e-21,1.833839436813383e-19
12,SEPT11,22.050058,1.6909405,9.539931835759438e-108,7.262331853394507e-106
12,RAB3GAP1,18.30166,1.6857916,8.026424520349348e-75,4.329366538402048e-73
12,FGR,30.208273,1.6849957,1.8443318151171502e-200,3.0646646994529982e-198
12,SLC39A14,3.0295465,1.6841477,0.0024492121123137266,0.014951174946727305
12,RORB,2.6743727,1.6837955,0.007486920767658647,0.04189720444794963
12,ZEB1,14.153076,1.6835952,1.7876270236187756e-45,6.078128538942299e-44
12,EFEMP2,2.9263163,1.6812775,0.0034300215915878027,0.02034382600867477
12,APOL4,4.774859,1.676859,1.7983331857553302e-06,1.5994556481191364e-05
12,CD300C,9.213013,1.6730552,3.170964781145576e-20,5.893265693978732e-19
12,MNAT1,20.614407,1.6713829,2.0380559015185057e-94,1.3813638979875537e-92
12,CAMK1,18.203066,1.6711936,4.879868257307733e-74,2.6003808315277605e-72
12,C1RL-AS1,6.2257223,1.6672953,4.793426999355895e-10,5.575854281862726e-09
12,TMEM147-AS1,3.7952468,1.6594865,0.0001474966522186285,0.0010651119229255024
12,ZCCHC24,4.895789,1.6563952,9.791204456135496e-07,8.890033963742061e-06
12,LINC00672,6.2146044,1.6484238,5.145407375901448e-10,5.969561027289266e-09
12,APCDD1,3.9260454,1.6405829,8.635387717463282e-05,0.0006424986234560367
12,S100A13,8.164137,1.6374557,3.2374084508084686e-16,5.139115715928985e-15
12,TTC39B,14.559123,1.6352748,5.1108902991464205e-48,1.811494110960074e-46
12,SPIN4,3.48031,1.6326727,0.0005008338465811395,0.003372390347774135
12,GJA1,2.8632905,1.6258056,0.004192658041292613,0.024495743304769522
12,FSD1L,4.6054335,1.6238372,4.116077958641259e-06,3.5288660601310794e-05
12,RBP1,8.564175,1.6222026,1.088525533527982e-17,1.8732215292176694e-16
12,INPP5A,4.171759,1.6152492,3.022571743405345e-05,0.00023632336168335184
12,DZIP3,15.744028,1.6112546,7.548170023066411e-56,2.9986027108343644e-54
12,KCTD10,10.20264,1.6094792,1.9295604766071037e-24,4.1704143811535494e-23
12,SPAG1,5.26274,1.6093335,1.4192393029718006e-07,1.3850467046715958e-06
12,MMP25,5.3256426,1.6088505,1.0059688256367588e-07,9.908055606741651e-07
12,IRF2BPL,15.907193,1.6037375,5.648997593437353e-57,2.288251227003516e-55
12,XCL2,22.651382,1.6028051,1.3520012070928266e-113,1.0769665285468556e-111
12,PDGFRB,3.657445,1.6024404,0.00025474194698736017,0.001784521612769343
12,OSR2,2.7416627,1.6007509,0.006112906566402318,0.034749237308772565
12,DMTN,5.6847258,1.5989511,1.3102281344694849e-08,1.3769201275772992e-07
12,TYROBP,25.9552,1.595642,1.588386572478583e-148,1.7470556510888103e-146
12,ZNF827,8.055476,1.5956122,7.917026528215739e-16,1.2414588478313742e-14
12,C15orf53,5.610048,1.5947864,2.0227097118995878e-08,2.095738822181715e-07
12,PLAU,6.7493277,1.594344,1.4853174739005866e-11,1.8860602779722855e-10
12,LGALS1,33.356678,1.5936309,5.829104424402652e-244,1.2339734961987176e-241
12,CDK6,19.154785,1.5935258,8.828858919289625e-82,5.158290030595168e-80
12,TARSL2,17.056265,1.5882243,3.1400442453959006e-65,1.4441867186376654e-63
12,PPP1R3B,7.275324,1.5868226,3.455904396238962e-13,4.804841978162735e-12
12,OSBPL3,11.0994835,1.5868074,1.2617068176377394e-28,3.037038365477384e-27
12,CD59,21.157856,1.5864205,2.336078219517419e-99,1.6830109447698103e-97
12,RARRES2,3.7220693,1.5824783,0.00019759672591694314,0.0014052282576886704
12,AL357033.4,2.7619343,1.576863,0.005746003764130922,0.03285043127750757
12,COL1A2,9.72812,1.5756631,2.2878145278079307e-22,4.612490776970627e-21
12,CRAMP1,6.1312428,1.5728055,8.719517203773534e-10,9.966498454771767e-09
12,CENPJ,6.847234,1.5693285,7.52917052763221e-12,9.728431166284646e-11
12,TRGC1,19.20694,1.5642085,3.2379656181533394e-82,1.898971600764047e-80
12,HACE1,4.214676,1.56264,2.5013716666706183e-05,0.00019752144635101893
12,DAG1,5.1638503,1.561567,2.419210129426254e-07,2.3131628290050783e-06
12,APOL1,10.936192,1.5609463,7.738302842639106e-28,1.8312995861979085e-26
12,APOBR,19.512718,1.5607179,8.560791082081216e-85,5.1677416010524254e-83
12,DLG5,4.272161,1.5567776,1.9358788549293696e-05,0.00015548910542957908
12,PRKCH,27.309298,1.5541788,3.28941711103759e-164,4.0829724759373013e-162
12,MGP,7.08699,1.5532706,1.3706048172754772e-12,1.8612163043731623e-11
12,ARHGAP9,29.410225,1.5531852,4.0643045697218964e-190,6.068379774705056e-188
12,LINC00426,8.466663,1.5529531,2.5252248915318378e-17,4.2648702580641804e-16
12,FOSL2,19.730513,1.5512729,1.1796608620356034e-86,7.321240615047068e-85
12,MPHOSPH9,19.81266,1.5509204,2.315258781274017e-87,1.4456101647037585e-85
12,HSH2D,17.120836,1.549232,1.0377280429353737e-65,4.823016635038134e-64
12,OASL,11.124352,1.53895,9.549674083574062e-29,2.3076761290150393e-27
12,AL359962.2,2.8038812,1.5362536,0.005049151373529424,0.0292089899766183
12,CLPTM1,16.014893,1.5352703,1.0057970546617707e-57,4.106495319475739e-56
12,PDGFRA,2.633233,1.5348136,0.008457631437663555,0.04687948616281698
12,AACS,5.4000454,1.5343075,6.66240709202931e-08,6.633860051332148e-07
12,PDE4A,12.410856,1.529156,2.2819868248620735e-35,6.4059370386931975e-34
12,NR4A2,10.102015,1.523377,5.41188647966968e-24,1.151964018093325e-22
12,CD247,30.637018,1.520325,3.935458541441658e-206,6.683143798919634e-204
12,STAMBPL1,8.705186,1.5199238,3.1705527735003396e-18,5.5394163126384964e-17
12,STAT4,23.406776,1.5185777,3.645726487214878e-121,3.104090042433891e-119
12,TGFBR1,19.952868,1.5176129,1.415340077032767e-88,8.927329747112598e-87
12,AIFM2,4.135339,1.5100642,3.544313889855228e-05,0.0002752364557632049
12,DENND1B,19.471277,1.5061249,1.9241272094182262e-84,1.1458381437666497e-82
12,ABLIM1,13.978723,1.5032709,2.1022840628268579e-44,7.031958174219664e-43
12,PTPN7,26.25529,1.5014884,6.219743823555511e-152,6.990313540168371e-150
13,NETO1,2.7919123,12.206601,0.005239753719523562,0.02549914473457955
13,VPREB3,41.442875,10.599998,0.0,0.0
13,LINC01781,19.302597,10.384989,5.107691884172297e-83,3.966417916183748e-81
13,PAX5,25.713356,10.03122,8.28775608647028e-146,1.3002521693631318e-143
13,COL19A1,12.357433,9.802977,4.4411160620078083e-35,1.3122521427196494e-33
13,AL161781.2,7.5777893,9.658142,3.5149237679300576e-14,4.830402351952614e-13
13,FCRL1,23.679031,9.220747,5.930508122108822e-124,7.273579941667356e-122
13,CD79A,59.084984,9.056549,0.0,0.0
13,FCRLA,28.06261,8.737556,2.8029571002966664e-173,5.1260943845484655e-171
13,IGHD,29.383362,8.715095,8.960246315971394e-190,1.834002204554489e-187
13,FCRL2,24.15919,8.652418,5.978206926638834e-129,7.698685061734435e-127
13,ZNF860,7.698498,8.552008,1.3767489940377358e-14,1.937667630178702e-13
13,CD19,25.249338,8.490887,1.151689229227281e-140,1.6790216513079045e-138
13,IGHE,4.8680334,8.435297,1.127143819549841e-06,8.804106189896746e-06
13,IGHM,40.88788,8.373681,0.0,0.0
13,MS4A1,59.75642,8.215804,0.0,0.0
13,LINC00926,47.843178,8.170309,0.0,0.0
13,LINC00494,4.766813,8.038638,1.8716320476393186e-06,1.4261965408379787e-05
13,OSBPL10-AS1,5.419977,7.923812,5.960658893639257e-08,5.28777509832688e-07
13,PLEKHG7,3.6973243,7.7679415,0.00021788396357367198,0.0013025415207294933
13,TNFRSF13C,44.817924,7.7623425,0.0,0.0
13,CR2,8.513025,7.6564207,1.694537098618475e-17,2.8067019349947054e-16
13,BANK1,55.49966,7.650128,0.0,0.0
13,POU2AF1,25.338392,7.576549,1.2065701279358157e-141,1.767367912043235e-139
13,IGHA2,12.503575,7.5692663,7.136781341091741e-36,2.1394422978576378e-34
13,AL139020.1,3.9174347,7.542991,8.949628786276462e-05,0.0005628941328804368
13,FCRL5,15.006462,7.4905486,6.66067070937889e-51,3.005275176858005e-49
13,SLC38A11,3.6377027,7.3748584,0.0002750805828870895,0.0016212653652347968
13,CNR1,2.5854738,7.2601132,0.00972452781421963,0.04499475910418016
13,KLHL14,5.1557307,7.154441,2.526436108057871e-07,2.1064084378674027e-06
13,HRK,2.5661683,7.1010275,0.010282892388110141,0.04742067368536559
13,TCL1A,17.838661,6.9671807,3.5407678538099757e-71,2.2846453456723363e-69
13,TNFRSF13B,25.451593,6.904822,6.778588497704787e-143,1.0219796814563993e-140
13,SHISA8,6.197094,6.804396,5.751523847461927e-10,6.058703052266727e-09
13,LINC02397,36.203976,6.724395,5.271134338577324e-287,1.770814663069667e-284
13,SCN3A,3.17328,6.7241664,0.001507271093762704,0.008019300788611771
13,GUCY2C,3.889378,6.5943,0.00010050142399260892,0.0006272612098827875
13,FAM30A,22.845312,6.5315304,1.6269445874955416e-115,1.8153060059828415e-113
13,CD22,38.775677,6.4989624,0.0,0.0
13,EBF1,16.605831,6.4847627,6.323734450810444e-62,3.553593830385426e-60
13,BLK,32.76538,6.4687104,1.8336853715195142e-235,4.645386375209313e-233
13,OSBPL10,21.560238,6.4299045,4.2442274911688146e-103,4.329252114506751e-101
13,CPNE5,24.541689,6.378989,5.305490141188107e-133,7.223646863158627e-131
13,IGLL5,3.359149,6.3262625,0.0007818290482663611,0.0043211713867611625
13,RASSF6,4.0443435,6.1694565,5.246991665298489e-05,0.0003400477487929973
13,UGT8,5.527698,6.092262,3.244600346838648e-08,2.946836994409112e-07
13,CNTNAP2,4.214529,6.0548663,2.5029973538082998e-05,0.0001680281042879086
13,FAM129C,23.92973,5.9738264,1.5024500981288484e-126,1.903123982904439e-124
13,SNX22,19.129972,5.9007807,1.421499808301895e-81,1.0928928998802654e-79
13,RALGPS2,50.008198,5.895842,0.0,0.0
13,AL662796.1,4.901467,5.849056,9.512370310168909e-07,7.490416029971731e-06
13,CLEC17A,3.5050137,5.841918,0.00045658369437692135,0.0026079527337104984
13,AC120193.1,3.686489,5.77126,0.00022736912677974208,0.0013540072449675317
13,FAM177B,9.27721,5.743525,1.7397411601687176e-20,3.2275018029612576e-19
13,TNFRSF17,7.8076878,5.525519,5.824667760007e-15,8.408360880828415e-14
13,COL4A3,5.227901,5.456848,1.714451895915391e-07,1.451343871461435e-06
13,AC012236.1,2.7009172,5.387432,0.006914854534824082,0.032965819698875194
13,IGLC3,22.145319,5.3507466,1.1573866529693443e-108,1.2250462083329973e-106
13,COBLL1,25.069002,5.3442044,1.083600790387203e-138,1.550502297615615e-136
13,HLA-DOB,25.675724,5.294598,2.1827979541716514e-145,3.4072594126052135e-143
13,TEX9,8.129175,5.2724404,4.32220263626984e-16,6.646085416875221e-15
13,KHDRBS2,4.9461784,5.2638607,7.568467760447849e-07,6.010080198751039e-06
13,MACROD2,4.0703783,5.246623,4.693688301631503e-05,0.0003054702555033162
13,SPIB,29.990091,5.234065,1.3214025694053286e-197,2.896495688837623e-195
13,PNOC,13.72436,5.2179823,7.256637156093293e-43,2.673192903258348e-41
13,CD79B,52.547626,5.1604667,0.0,0.0
13,IGKC,39.788193,5.1057253,0.0,0.0
13,KCNG1,3.0506854,5.0493064,0.0022831966042677317,0.011820227378241671
13,BTNL9,3.751889,4.9393806,0.00017550718221801052,0.001062566205839775
13,ANGPTL1,4.919546,4.8611913,8.674517483113142e-07,6.858616317487282e-06
13,LINC02422,5.998898,4.757154,1.98660949335811e-09,2.0151013984646903e-08
13,FCER2,19.75343,4.6508703,7.495226498464932e-87,6.096183299685676e-85
13,IGHG2,16.462736,4.582845,6.795735251257674e-61,3.7372916265235044e-59
13,GRAMD1C,5.1750364,4.5164847,2.2786670463328884e-07,1.9070339128353798e-06
13,BEND4,3.432375,4.504727,0.0005983195689669641,0.003364676659036019
13,JCHAIN,24.480911,4.496761,2.3593760575266238e-132,3.1843334414836404e-130
13,PKIG,22.047653,4.460567,1.0060691480663983e-107,1.0540535308233279e-105
13,LINC01857,19.047178,4.4561634,6.933998081276235e-81,5.252673497500112e-79
13,ZBTB32,4.282127,4.443832,1.85115490508132e-05,0.00012607678415898712
13,GNG7,27.052448,4.434742,3.574311577199553e-161,6.241313441610541e-159
13,IGLC2,27.058313,4.4178214,3.049233975472184e-161,5.354697413631749e-159
13,P2RX5,25.359312,4.4039097,7.094109333090913e-142,1.0490796036260327e-139
13,MARC2,3.9747465,4.3864207,7.045425789341138e-05,0.0004496241479891938
13,CNR2,15.4235115,4.3807125,1.1374836399821975e-53,5.408647209373812e-52
13,CD200,8.187567,4.360762,2.6655941520332135e-16,4.1524958899642404e-15
13,BCL11A,42.734398,4.3570714,0.0,0.0
13,AIM2,24.338898,4.335566,7.599698594876557e-131,1.0080853410809002e-128
13,PKHD1L1,5.2624974,4.3213267,1.421117771823365e-07,1.2139990871681798e-06
13,PRCD,2.8072445,4.311618,0.004996730317958149,0.02441257412853818
13,ABCB4,8.814251,4.2704134,1.204875583031109e-18,2.086223509509383e-17
13,VAV3-AS1,2.6845415,4.2699428,0.007262938005555436,0.03448166281685129
13,BEND5,8.627452,4.2632127,6.27337497949395e-18,1.0572039285235524e-16
13,TLR10,25.452011,4.2606406,6.706655112959733e-143,1.0160911253737571e-140
13,LARGE2,3.2709768,4.246024,0.0010717674941692883,0.005810404831133169
13,COCH,6.902617,4.236301,5.1053172223738796e-12,6.202438655342354e-11
13,BACE2,10.601722,4.2057915,2.925431846946599e-26,6.747486723401383e-25
13,LARGE1,3.7177734,4.1937785,0.00020098648336760013,0.0012087739329524065
13,COL4A4,6.84458,4.1825304,7.670056961024885e-12,9.227654748711408e-11
13,IGHG3,21.478294,4.180732,2.4846028913412335e-102,2.485165746365162e-100
13,C1orf220,5.538626,4.111867,3.04853782713762e-08,2.777746421678727e-07
13,KCNIP2,2.5545754,4.085248,0.01063174077548877,0.048861741583350396
13,PCDH9,9.34472,4.0713315,9.213308870941865e-21,1.738435514494507e-19
13,ARHGAP24,35.51634,4.0414147,2.7503360436824716e-276,8.58632687899941e-274
13,CD24,34.459385,4.0386267,3.2578363747313396e-260,9.681725849405915e-258
13,AC099524.1,4.177167,4.0327077,2.9516231904503738e-05,0.0001967345653380412
13,AP001059.2,6.347552,4.0163584,2.18768100320697e-10,2.3816363778132377e-09
13,SYNPO,2.797043,4.009741,0.005157263760009078,0.025125402117055575
13,IGHA1,21.034298,3.9462438,3.184463104272372e-98,3.0377222581403145e-96
13,LINC01215,12.493438,3.9301715,8.107319276161209e-36,2.4233357530784765e-34
13,IGHG1,24.205452,3.9154866,1.9492865669536413e-129,2.5420506297399237e-127
13,SOX5,3.0290635,3.886247,0.0024531316255743973,0.012617563513334647
13,P2RX5-TAX1BP3,3.9537892,3.869198,7.692313982031241e-05,0.0004883860892412481
13,AP001059.3,6.9421597,3.8226788,3.861505954999322e-12,4.726636219848082e-11
13,AC096733.2,8.591737,3.820662,8.566467254250467e-18,1.4358123830104078e-16
13,EML6,2.825997,3.8152325,0.004713369490379009,0.023126863127344664
13,BTLA,15.553494,3.8123002,1.5065668138724299e-54,7.321298823326288e-53
13,TSPAN13,17.266125,3.808796,8.46377993636529e-67,5.089300515432724e-65
13,IL7,4.5447145,3.8086545,5.500971972413842e-06,3.9891727065085554e-05
13,SSPN,11.713793,3.7680433,1.0832291046342015e-31,2.936786134818357e-30
13,MEF2C-AS1,4.5179567,3.7479181,6.243923436512249e-06,4.4994390686007014e-05
13,AFF3,26.387774,3.7465382,1.8928583244129088e-153,3.179487621338575e-151
13,ANKRD33B,3.6372309,3.7141967,0.0002755848873906193,0.0016236183977472113
13,DENND5B,8.948954,3.7109375,3.5886764218103396e-19,6.385447447834897e-18
13,CXCR5,10.588648,3.6916044,3.364157727667863e-26,7.747840751790658e-25
13,PLEKHG1,11.072058,3.6896315,1.7141882443614034e-28,4.221547097089872e-27
13,CD72,17.865232,3.6589608,2.200102617965567e-71,1.4315488760728796e-69
13,CD40,29.349913,3.5953686,2.395608578922797e-189,4.839285905148163e-187
13,HLA-DRA,40.728813,3.5748756,0.0,0.0
13,C12orf42,6.13844,3.56109,8.333564089694176e-10,8.675158818463385e-09
13,BLNK,23.224785,3.5292246,2.5585811737019154e-119,2.972859711864853e-117
13,GDF7,6.0472746,3.5211842,1.4731658756049727e-09,1.5071545090143292e-08
13,AC239799.2,4.7844696,3.4469762,1.7143923683272583e-06,1.312852451137031e-05
13,PEG10,2.7688696,3.4422789,0.005625115573809965,0.02720742520183796
13,PDLIM1,29.48263,3.4290032,4.807987667808199e-191,9.9066983232632e-189
13,CDK14,10.685337,3.3682654,1.192151582870308e-26,2.7703630805844064e-25
13,INKA1,4.4636006,3.3174546,8.059380155612127e-06,5.7328253732912316e-05
13,NT5E,7.5098524,3.3141649,5.919398271404452e-14,8.02768066583139e-13
13,RUBCNL,13.794249,3.2952921,2.7601266624057e-43,1.0302806129827654e-41
13,ANK1,3.2920957,3.282106,0.0009944375550299963,0.005413965388992795
13,ADAMTS6,8.044371,3.2707057,8.669002331478791e-16,1.3101851103130317e-14
13,RAB30,13.02588,3.2445762,8.71899066532722e-39,2.8913931812582444e-37
13,CD74,44.13967,3.2230418,0.0,0.0
13,E2F5,8.567453,3.2221456,1.05798524593967e-17,1.7684775552329573e-16
13,RIC3,19.900373,3.2008052,4.0390923507089217e-88,3.337867039662049e-86
13,SOBP,3.1082263,3.175049,0.0018821388341493694,0.009869573285893206
13,CNFN,6.1926208,3.170637,5.91719246870385e-10,6.22897369312772e-09
13,BACH2,14.077067,3.1190162,5.254562039985131e-45,2.0741091822454717e-43
13,HLA-DQA1,42.81915,3.0876393,0.0,0.0
13,C16orf74,9.3252125,3.0752993,1.1076105879392041e-20,2.0785015447138423e-19
13,BCL7A,8.246565,3.0703723,1.6301225273747573e-16,2.5652849772694306e-15
13,IFT57,26.457642,3.0700967,2.9800715954738525e-154,5.0607182857862836e-152
13,STAP1,11.619241,3.055519,3.2904554866719232e-31,8.744463261097947e-30
13,PRICKLE1,4.4016848,3.0537736,1.0741350818034215e-05,7.519432157032469e-05
13,PTPRK,4.7084913,3.053658,2.4955672529766685e-06,1.8723999607812567e-05
13,CCSER1,4.5432043,3.037274,5.540553389488094e-06,4.0150500260001996e-05
13,SETBP1,12.049678,3.027811,1.9471002459698568e-33,5.598049051366545e-32
13,HVCN1,33.116714,3.0252426,1.7078713120582013e-240,4.5115537300669086e-238
13,ADAM28,30.789925,3.0224736,3.5749928356232478e-208,8.245694296314009e-206
13,QRSL1,24.2297,3.0003014,1.082448446115345e-129,1.4175946662748714e-127
13,CDCA7L,11.452708,2.990974,2.2791064854334087e-30,5.904471428775388e-29
13,MICAL3,13.9833555,2.990424,1.9697639886754687e-44,7.590959550871909e-43
13,KLF8,4.064021,2.9654648,4.8234463963724e-05,0.00031358489224375636
13,LTB,42.387123,2.9495606,0.0,0.0
13,BIRC3,35.04478,2.85474,4.682428734506463e-269,1.4328695534395176e-266
13,TCF4,34.1954,2.849919,2.830088419757789e-256,8.330432646614665e-254
13,SMIM14,32.369156,2.8301482,7.459492338694031e-230,1.8592784654194873e-227
13,ZDHHC23,4.463819,2.8241756,8.051152762955871e-06,5.728291400660154e-05
13,HLA-DQB1,41.986473,2.8144171,0.0,0.0
13,SWAP70,33.59257,2.801036,2.1536553520409173e-247,5.8905332712857195e-245
13,PAWR,13.915157,2.7965076,5.124707723460164e-44,1.9434275044047028e-42
13,RASGRP3,11.962862,2.7847629,5.561127373639183e-33,1.5739721953943794e-31
13,COL9A3,3.0190568,2.7822578,0.0025356300604380557,0.013002939817149327
13,USP6NL,10.431888,2.7441173,1.7732966258123395e-25,3.9572042464968936e-24
13,MEF2C,37.74422,2.7375,0.0,0.0
13,CLECL1,15.00588,2.7253737,6.719369891338948e-51,3.0273406010439196e-49
13,JAM3,3.01116,2.7131176,0.0026025171817330335,0.013307410932734033
13,FCMR,31.70189,2.6413686,1.4631904112081167e-220,3.505645429396067e-218
13,RHEX,5.8264856,2.6331165,5.66067666148369e-09,5.503445535592212e-08
13,CD37,56.338165,2.6321251,0.0,0.0
13,PIK3C2B,6.587526,2.625543,4.472160912892466e-11,5.100408757740497e-10
13,HLA-DPB1,39.42595,2.6230872,0.0,0.0
13,FADS3,10.275933,2.6151009,9.04641952710584e-25,1.9620890408720014e-23
13,FCRL3,10.486313,2.544472,9.984899904672102e-26,2.2591749733067398e-24
13,DERL3,6.511432,2.5382643,7.443764128517941e-11,8.353827811187509e-10
13,PIP5K1B,4.224427,2.5356147,2.3954907039146335e-05,0.0001611962359806
13,TTC21A,2.770466,2.5051181,0.005597612339577082,0.02708711516820242
13,NFIX,5.369882,2.5037055,7.878816688328576e-08,6.910062071117233e-07
13,AC119396.1,5.139548,2.489327,2.754002409075959e-07,2.286887492136235e-06
13,PLEKHF2,20.836819,2.4889352,2.0074005786454705e-96,1.8465098120296297e-94
13,CCDC191,6.797125,2.4842808,1.0672750365326947e-11,1.2726184241557096e-10
13,STAG3,9.011694,2.4805923,2.0289729160280567e-19,3.633225139958236e-18
13,EAF2,13.744864,2.4531584,5.467502845000086e-43,2.0286207734744016e-41
13,HLA-DPA1,35.90067,2.4323688,2.98232266617407e-282,9.911252327251828e-280
13,BASP1,29.69939,2.4266768,7.819047336080554e-194,1.6666434208016667e-191
13,WDFY4,13.497032,2.415091,1.6280362482894924e-41,5.777005318700728e-40
13,HLA-DQA2,19.21339,2.4051626,2.8596316335178295e-82,2.209565872428389e-80
13,TAF4B,3.7542417,2.3833823,0.00017386705363224108,0.0010528426776276792
13,CD180,14.470674,2.3631227,1.8564545494784435e-47,7.701669900769161e-46
13,BCAS4,19.719873,2.339836,1.4559433374069567e-86,1.1779801238020107e-84
13,MARCH1,34.156406,2.322912,1.0742359364209392e-255,3.1322084987699966e-253
13,TSPAN33,12.541057,2.3153872,4.450230891270518e-36,1.344509151089911e-34
13,CCR7,20.333584,2.3050396,6.488512969698346e-92,5.6331592796198525e-90
13,CARMIL1,4.7558503,2.2539582,1.9761307194537803e-06,1.5024913197086835e-05
13,HLA-DRB1,32.134556,2.2526748,1.4517312680203572e-226,3.5610046270400936e-224
13,CHD7,14.440573,2.251472,2.8744437055958365e-47,1.1892962732108504e-45
13,PLPP5,14.027301,2.245884,1.0611403310066046e-44,4.130562243126087e-43
13,PLAG1,3.9340963,2.2401853,8.351027448428215e-05,0.0005270680117389643
13,AC022182.2,3.8311484,2.235068,0.00012754659435607255,0.0007848064088718165
13,SEL1L3,25.852606,2.2249758,2.2744002353536095e-147,3.623447838869795e-145
13,CD83,12.556415,2.2019022,3.66572060356158e-36,1.1140258278690045e-34
13,GAS6-AS1,5.0615926,2.189739,4.157691403880392e-07,3.3869733320962384e-06
13,SH2B2,5.779518,2.1735675,7.491495851388918e-09,7.201855747398983e-08
13,TRAF4,5.59982,2.1633694,2.1457450701077123e-08,1.9826171265117806e-07
13,POU2F2,32.87153,2.156771,5.610567482895161e-237,1.433105861106122e-234
13,SEMA4B,6.737984,2.1512787,1.605991863894025e-11,1.8916307369425546e-10
13,PPP1R14A,5.413999,2.149865,6.163244801738727e-08,5.458091893620024e-07
13,IGHG4,6.653437,2.1426487,2.863259708137249e-11,3.2958945176684525e-10
13,ESR2,2.606033,2.141167,0.009159762335094157,0.04266778816740846
13,NEK8,6.2271466,2.134171,4.750069645214233e-10,5.045031014592313e-09
13,SELL,28.223131,2.1278613,3.042449913416184e-175,5.6989696650881215e-173
13,AC087500.1,2.6736324,2.122333,0.007503467791517227,0.035519938586678346
13,TCTN1,3.8087497,2.121608,0.00013967132982455863,0.0008549855002748334
13,GAPT,23.343433,2.1184375,1.6069392974791515e-120,1.8956363689766465e-118
13,LYL1,19.851751,2.1183548,1.0642789494112328e-87,8.748316353577918e-86
13,CYB561A3,19.931026,2.1013353,2.1902080791080647e-88,1.8295340838106204e-86
13,IRF8,24.335726,2.088163,8.210787460440385e-131,1.0798757788928978e-128
13,EFCAB13,2.846386,2.0878232,0.004421857767356652,0.021807301422641142
13,HHEX,15.985638,2.0791206,1.609122939980913e-57,8.261322708636226e-56
13,TPD52,18.196966,2.0743465,5.454532825897358e-74,3.697001009868632e-72
13,ID3,20.358294,2.07368,3.919933851013936e-92,3.422412303200218e-90
13,RHOBTB2,4.7241592,2.068783,2.3106906311592767e-06,1.741016951176006e-05
13,UBR5-AS1,4.1275797,2.0547853,3.666012823257488e-05,0.000241795685720058
13,AC093157.1,3.6175396,2.053626,0.0002974168041500811,0.0017455870045321985
13,STRBP,21.691437,2.049895,2.4714633406287032e-104,2.5461839156270445e-102
13,GRAP,6.6976457,2.041209,2.1180406906883394e-11,2.4687900149825986e-10
13,CCDC50,21.20217,2.0379572,9.119407132405153e-100,8.835533424490472e-98
13,CD70,4.308347,2.0368268,1.644789762937454e-05,0.00011271733304458511
13,AL121944.1,6.725895,2.0346909,1.7451624780074576e-11,2.0493061059185596e-10
13,HIP1R,7.2931867,2.0264444,3.027079281823613e-13,3.942601743081434e-12
13,PARP15,14.309479,2.0177636,1.9094010998958876e-46,7.775212094134677e-45
13,LINC01480,4.9586425,2.0068443,7.09874177023289e-07,5.656117862660168e-06
13,CXXC5,24.335901,2.0060737,8.175700587076804e-131,1.0798563164306957e-128
13,SAV1,8.45526,2.0052788,2.784659853883565e-17,4.573086190434609e-16
13,TP53INP1,11.932707,2.004744,7.993179954359802e-33,2.2458655713581675e-31
13,ZNF208,2.7560623,1.9968452,0.005850183860538417,0.028229763087847127
13,QSOX2,3.4994748,1.9916998,0.00046617569841328677,0.002658319614549715
13,HLA-DRB5,29.076593,1.9638338,7.097720604989131e-186,1.388412979356956e-183
13,CIITA,20.603256,1.961675,2.5659642753114393e-94,2.2987321117985697e-92
13,STX7,29.896214,1.9604529,2.2039485176690196e-196,4.797002594056084e-194
13,SYPL1,28.829794,1.9568052,9.080730442803848e-183,1.7541133487233659e-180
13,HLA-DOA,13.045916,1.9562862,6.70464480014031e-39,2.22817695524663e-37
13,SP140,21.800577,1.9469796,2.2911247731870403e-105,2.3842354668313755e-103
13,PHACTR1,13.30719,1.9453075,2.102422797196668e-40,7.219953488106379e-39
13,KMO,4.168962,1.9422883,3.059901516286176e-05,0.0002032940158294429
13,AC119428.2,3.4445345,1.9362986,0.0005720434488186075,0.0032280713661925696
13,BTK,18.187626,1.9305743,6.468259757476915e-74,4.374496812348775e-72
13,CACNA1A,4.012832,1.930322,5.999458635498189e-05,0.0003856598753064528
13,CBFA2T3,6.7805753,1.9288172,1.1969831992697871e-11,1.4234382354686923e-10
13,ODC1,21.017769,1.9145576,4.511562583418615e-98,4.277265790359482e-96
13,MARCKSL1,17.804993,1.9129984,6.463970655126903e-71,4.16212377162515e-69
13,KLF2,28.323673,1.9120647,1.766564823427672e-176,3.3292206705901863e-174
13,AL445472.1,5.241993,1.9111418,1.5885132896639503e-07,1.3495376647510641e-06
13,RABEP2,10.863648,1.9106466,1.7174705580211536e-27,4.102153209950525e-26
13,PLCE1,4.4097695,1.9070129,1.0348075718834446e-05,7.267166013224636e-05
13,DAPP1,19.613667,1.8994932,1.1819719944054244e-85,9.464043634997008e-84
13,PYCARD-AS1,2.6006715,1.8927304,0.009304150730097969,0.04324911815538245
13,SOWAHD,3.9802873,1.8907096,6.883205894291954e-05,0.00043981650728732976
13,PYCR3,2.8937979,1.8865217,0.00380613159925513,0.01894911555060862
13,TMEM154,22.427992,1.8824165,2.0990320066828714e-111,2.2763081484402634e-109
13,SLC15A2,3.1134052,1.8723674,0.0018494184047807589,0.009714475635037205
13,SLC9A7,3.6696293,1.8717474,0.00024290236633063426,0.0014406799915910409
13,METTL8,11.012085,1.8709633,3.3417991638521547e-28,8.151932656446609e-27
13,SLC6A16,3.2556772,1.8666335,0.0011312222976365232,0.006115565428205706
13,ZC3H12D,6.2637525,1.8654412,3.758215351102597e-10,4.017819503857764e-09
13,ZNF532,4.894307,1.8437352,9.865264786799139e-07,7.75052716740216e-06
13,ORAI2,25.055086,1.8399273,1.536665168978474e-138,2.1886502478164834e-136
13,DUS2,6.330282,1.8325598,2.447130832365377e-10,2.655669685249884e-09
13,AC092140.1,2.8100483,1.8295685,0.0049534048068837384,0.02421621043441248
13,SIPA1L3,5.2773094,1.8289994,1.3109458796451902e-07,1.1248585314323678e-06
13,ST6GAL1,17.44368,1.8099133,3.8449477558101294e-68,2.3719720616531672e-66
13,ICOSLG,3.5674186,1.8064779,0.0003605154907240144,0.0020889486823785362
13,PTK2,4.45296,1.7985128,8.469456107736942e-06,6.0120689003634746e-05
13,WEE1,7.480065,1.7900019,7.428579987996042e-14,1.00347518220714e-12
13,TLE1,10.547087,1.7864959,5.239659932103713e-26,1.197797111845632e-24
13,P2RY10,14.3557005,1.7807002,9.812940401536517e-47,4.0170668740435644e-45
13,TMEM156,14.977385,1.7672899,1.0319922459109638e-50,4.629286552158224e-49
13,KBTBD8,2.6767411,1.7637801,0.007434206529677822,0.03523038398347962
13,AC025164.1,18.496271,1.756219,2.2126184205003833e-76,1.568472420238655e-74
13,CCR6,12.389237,1.7530478,2.988711778178779e-35,8.864886269498228e-34
13,CHI3L2,4.551346,1.7493852,5.3303910153023475e-06,3.8745624437899726e-05
13,MPP6,4.7251015,1.7400842,2.300003744938493e-06,1.7333873627118755e-05
13,RASGRP2,18.080118,1.729009,4.571008861623354e-73,3.0579257767574243e-71
13,ZNF107,11.752685,1.7269062,6.841031015700048e-32,1.8694584049711883e-30
13,ZNF296,3.8194003,1.7095572,0.00013377647479073939,0.0008208515994356526
13,MTSS1,15.405809,1.7085347,1.4960485885968963e-53,7.091775111620288e-52
13,MOB3B,4.7350273,1.7033243,2.1902563829974994e-06,1.6571420815007028e-05
13,AP1S3,4.0928426,1.7024149,4.261174426823972e-05,0.00027843576746268184
13,ADK,11.604827,1.685426,3.8947373728141417e-31,1.032372624198685e-29
13,LY86,19.964146,1.6774659,1.1294283459742481e-88,9.511510051505745e-87
13,VAV2,3.2848294,1.6771176,0.0010204418431893538,0.005549673772207172
13,CD52,31.681004,1.6767523,2.8382899540089673e-220,6.747925200658088e-218
13,GCNT2,6.1428995,1.6748286,8.102863776173757e-10,8.454936216414663e-09
13,IFNG-AS1,4.740053,1.6625165,2.1366232219248387e-06,1.618544458824289e-05
13,AC245060.5,11.630577,1.6555921,2.88141469168241e-31,7.67061876622121e-30
13,SCIMP,15.277129,1.6550956,1.0862078705870898e-52,5.05593774943301e-51
13,TFEB,10.4838085,1.6546843,1.0252953683686709e-25,2.3164330372931662e-24
13,WDR34,3.2788184,1.651753,0.0010424269917840877,0.005660276007566901
13,CD82,15.783055,1.651126,4.0700193629962164e-56,2.0453998122296596e-54
13,ZNF154,3.2349734,1.6488543,0.0012165408228161291,0.006545896102154963
13,CSGALNACT1,4.5165205,1.6484439,6.286408288715692e-06,4.5289981580264775e-05
13,BHLHE41,7.75433,1.6482368,8.881086370908765e-15,1.2701885074765257e-13
13,SNX2,25.950079,1.6470907,1.814613531179344e-148,2.9059202284020716e-146
13,SYVN1,7.9483356,1.6430355,1.890339725289354e-15,2.803489917923132e-14
13,PPM1K,21.011003,1.6413058,5.2024615173378634e-98,4.917201165637961e-96
13,MZB1,9.618625,1.6265295,6.671695066388151e-22,1.3277661263158956e-20
13,SNHG7,22.746706,1.6236595,1.5469008178612757e-114,1.701425750093895e-112
13,ZNF439,7.279493,1.6228015,3.350779189656752e-13,4.353195982123633e-12
13,LINC00665,2.9079466,1.6212233,0.0036381039919801505,0.018176993223428795
13,SMARCB1,18.11769,1.6207548,2.311007078926967e-73,1.5561284485489273e-71
13,NUAK2,4.4356937,1.6206133,9.177626160767681e-06,6.49091285471045e-05
13,HLA-DMB,25.627829,1.6185465,7.471084874883403e-145,1.1488001006369222e-142
13,FCHSD2,14.742398,1.6133934,3.443358389030515e-49,1.4842939711264453e-47
13,KCNN4,5.7189817,1.6094841,1.0716417660380144e-08,1.0181749788790934e-07
13,RRAS2,8.520171,1.6039505,1.5931824049924197e-17,2.6444945537648075e-16
13,TCF3,9.60522,1.6027143,7.599524964911104e-22,1.508532550356503e-20
13,SNX25,4.4839015,1.6015115,7.3290548809766845e-06,5.239943507464852e-05
13,SNX29,11.811715,1.5922008,3.3956203540965165e-32,9.36203731347556e-31
13,RIPOR2,26.075523,1.5872556,6.910619343429749e-150,1.1182539897768755e-147
13,AC108863.1,3.8404832,1.5723436,0.0001227923451222211,0.0007567583271570264
13,ARID5B,17.9461,1.5709268,5.148146223611133e-72,3.385399049641474e-70
13,MARCH3,3.5252974,1.5660046,0.0004230074711621553,0.002428286016197759
13,TAF1A,3.3972604,1.5642424,0.0006806415884737787,0.003803828085298894
13,AC231981.1,2.914674,1.5619366,0.003560602395045855,0.017812809683341247
13,AC245060.6,3.4268498,1.5588589,0.0006106266552803218,0.003430764958143775
13,TIFA,8.024173,1.5557822,1.0221244003644712e-15,1.538762729764477e-14
13,AMN1,4.308957,1.5476259,1.6402625568970102e-05,0.00011243201340877333
13,ISG20,23.177376,1.5372313,7.701516521617425e-119,8.915010154817593e-117
13,MBD4,21.5081,1.5283825,1.3075220579090447e-102,1.3120644234998325e-100
13,ZDHHC21,11.432202,1.5094731,2.886911182527111e-30,7.447893482334343e-29
14,XCR1,14.097903,10.445168,3.91223274254931e-45,1.9192917043487543e-42
14,PPY,6.715031,9.979909,1.880263087327962e-11,8.845249808226077e-10
14,CLEC9A,16.361345,9.52067,3.610626003300446e-60,3.848055789103686e-57
14,GPR31,3.3472028,8.513176,0.0008163148629880486,0.009571260800596212
14,IDO1,19.706974,7.6601386,1.8786949072843777e-86,7.258102937429783e-83
14,DNASE1L3,16.600195,7.543341,6.9464317492643245e-62,7.951606150907869e-59
14,IDO2,6.9505763,7.5091853,3.63796991231018e-12,1.867753091026092e-10
14,SLCO5A1,9.217543,7.375631,3.039860859585628e-20,3.2509681518066782e-18
14,LAD1,4.6501703,7.167792,3.316611756666637e-06,6.865808410133674e-05
14,BCL2L14,8.668834,7.072012,4.365693895587118e-18,3.866203473665074e-16
14,ERICH5,6.5512147,6.858544,5.707098279591918e-11,2.5416323707110577e-09
14,CCL22,5.2251515,6.788232,1.7401273778972694e-07,4.577201435631567e-06
14,CCL19,3.1641867,6.765471,0.0015551695172073064,0.01681792311697908
14,ANKRD20A3,4.390628,6.247292,1.130238680824494e-05,0.0002094261805050518
14,HTR3A,3.4596438,6.1849294,0.0005408904192186529,0.006735415063171195
14,LAMP3,5.960329,6.1829157,2.5173028464311893e-09,8.811130133029305e-08
14,ENOX1,4.368815,6.1251903,1.2492261484689966e-05,0.0002299573113206151
14,SEPT3,2.781001,6.110922,0.005419154171588543,0.04917492600742428
14,ZNF366,13.310973,6.0569196,1.9986181172610424e-40,7.353725017879409e-38
14,FBXO27,8.063823,5.822526,7.394494328103491e-16,5.4285424275224373e-14
14,RAB7B,14.114966,5.81648,3.071637581087089e-45,1.5563131593222727e-42
14,LINC02206,7.903259,5.8125277,2.717046828305197e-15,1.8956154926056146e-13
14,CLCN4,9.618479,5.7718487,6.681220539919028e-22,8.129782804223519e-20
14,CYP2E1,4.2415566,5.6196427,2.2197464834371875e-05,0.00038826091999769757
14,LINC01724,2.7880974,5.601887,0.005301861908097339,0.04832339899544809
14,MTUS2,3.0323792,5.58478,0.002426341484449624,0.024571080032727562
14,TVP23A,6.8121448,5.5779066,9.615427553817563e-12,4.672704707638984e-10
14,NEGR1,4.741895,5.501,2.117281694690593e-06,4.627922584002982e-05
14,ROR1,3.5764341,5.4695954,0.0003483131239173,0.004563507300089864
14,ENPP1,13.541325,5.381417,8.916590227955786e-42,3.72412235372202e-39
14,C1orf54,18.34339,5.3717737,3.7281208119116225e-75,8.863463841057886e-72
14,FLT3,17.009548,5.3671856,6.977393703013302e-65,1.0782515358951607e-61
14,EHF,10.684089,5.3000975,1.2083043784999712e-26,2.249702616042085e-24
14,NET1,18.48297,5.2856402,2.8315546419644257e-76,7.292904943266209e-73
14,CCL17,2.8387477,5.284831,0.004529094621800237,0.0422010031582695
14,LIMCH1,3.7431214,5.191929,0.00018174843194011667,0.002548683659697453
14,CDH2,4.4767447,5.16547,7.578985173006686e-06,0.00014658554114024882
14,ADRB3,2.887796,5.160044,0.0038795158589863513,0.03701756821258055
14,CADM1,15.551573,5.1467047,1.5524709457466455e-54,1.1702980370778432e-51
14,C10orf105,2.8904998,5.140534,0.003846297670084015,0.03674730203687377
14,ALOX15,3.2921886,5.101742,0.0009941087049656716,0.011316728450966488
14,WDFY4,17.187132,5.074049,3.315305107551428e-66,5.392954471531158e-63
14,BATF3,16.604403,5.0678334,6.476268718663978e-62,7.698539895682599e-59
14,PPM1J,8.072936,5.0675516,6.862751401308901e-16,5.0865001813010606e-14
14,FAM95B1,7.200743,5.028551,5.988529567023387e-13,3.3169799879568423e-11
14,SERPINF2,12.28609,5.0131555,1.0758584999113364e-34,2.995635915023394e-32
14,HLA-DRA,19.8225,4.982372,1.9040734137838127e-87,8.4070281428309e-84
14,CCSER1,10.563574,4.9820886,4.396013199836061e-26,7.808481607317997e-24
14,HLA-DQA1,20.454222,4.9795685,5.509383061269966e-93,3.405570045493417e-89
14,KCND3,4.220712,4.9657526,2.4353190581773638e-05,0.0004207289330971927
14,ROBO1,7.1506457,4.9394364,8.637058029454097e-13,4.691485984469908e-11
14,TIFAB,10.869365,4.9279404,1.6132026247205039e-27,3.1162033451397888e-25
14,PREX2,6.4076233,4.927218,1.4780573886941365e-10,6.164955426770537e-09
14,HLA-DPA1,20.541937,4.869293,9.086626272986888e-94,7.021008955480144e-90
14,FBXO17,3.4156125,4.8496437,0.0006363872249081471,0.007722347844615667
14,HLA-DPB1,20.7888,4.847977,5.466238440504108e-96,8.447251574033024e-92
14,HLA-DOB,15.683208,4.7464323,1.9704526474829196e-55,1.5615584609167844e-52
14,GCSAM,13.931951,4.7361026,4.0514045186631397e-44,1.8414229332106128e-41
14,FKBP1B,12.166295,4.717063,4.699344950550877e-34,1.2853332246608492e-31
14,ANKRD33B,3.7100966,4.687553,0.00020718010006337054,0.002868868885599728
14,GNAO1,10.570617,4.664485,4.078021237763475e-26,7.285514589338482e-24
14,SHE,4.690577,4.658914,2.7243556641926545e-06,5.767237021452218e-05
14,CCND1,14.028945,4.6565266,1.0368291898491467e-44,4.930043041641166e-42
14,LDLRAD2,2.8840284,4.635312,0.003926233249921279,0.037395405564042215
14,SNX22,11.291026,4.6271844,1.453306217778105e-29,3.0977472601977856e-27
14,C1orf115,5.961617,4.5942235,2.4975428614558957e-09,8.751877235716254e-08
14,CST3,17.307228,4.563458,4.149199344632367e-67,7.124405785808476e-64
14,HLA-DQB1,19.97409,4.5556817,9.255559494674595e-89,4.767692955031795e-85
14,GPR157,7.9735475,4.5408716,1.5418325251520565e-15,1.1082190198808049e-13
14,TACSTD2,9.983771,4.5242124,1.7951173797400126e-23,2.4334075813870425e-21
14,CD74,20.893353,4.498593,6.154471845105044e-97,1.902162613166616e-92
14,DMD,6.190858,4.440893,5.983772288970216e-10,2.3117556266900306e-08
14,BASP1,20.676811,4.4374456,5.60247014045544e-95,5.771851487701877e-91
14,LGALS2,18.600443,4.4192743,3.1866688329734585e-77,8.953670329155517e-74
14,HLA-DRB1,19.10225,4.37723,2.4183930220872616e-81,7.4745273133651e-78
14,FAM3B,3.4655857,4.368384,0.0005290776291523855,0.0066122936854883865
14,GPER1,4.1307898,4.352515,3.615192145258722e-05,0.0006007244281371576
14,CPVL,15.592241,4.2880645,8.219801746405305e-55,6.3512353144037194e-52
14,LINC01814,4.087102,4.259767,4.367954461894255e-05,0.0007150443249669795
14,NRARP,3.8386614,4.220676,0.00012370689505981333,0.0018198043815391006
14,PRSS3,3.3826785,4.150918,0.000717825970284906,0.008572583950384694
14,CLEC1A,5.251881,4.127858,1.5055373143334935e-07,3.997443672022706e-06
14,CLIC2,15.081483,4.1261735,2.143981908050146e-51,1.3252809766421172e-48
14,AC005162.3,6.2907567,4.073083,3.1592252596060677e-10,1.2664354746905932e-08
14,ZNF462,4.2221713,4.0484843,2.419601229834639e-05,0.00041848133861499266
14,IRF8,16.344612,4.034753,4.7519195348960263e-60,4.895585902167716e-57
14,TSPAN33,17.39009,4.0299315,9.807720806460648e-68,1.8945451685329955e-64
14,NAV1,14.894695,4.0172553,3.5680923314840376e-50,2.1207505709457144e-47
14,FAM149A,2.959873,4.0164914,0.003077659385090373,0.030332021242024287
14,CYYR1,3.2243178,4.0073185,0.0012627317883267641,0.014043631299681648
14,FSCN1,6.0754123,3.9886503,1.2366961619871587e-09,4.528740317362217e-08
14,AC015712.2,3.2538326,3.9883406,0.0011385938987017914,0.012819862159262757
14,P2RY14,12.415269,3.976379,2.1595897489239804e-35,6.296833997169195e-33
14,THRB,3.2199829,3.9695683,0.0012819825311273358,0.014221907426257202
14,BTLA,13.311369,3.965434,1.9880570090862612e-40,7.353725017879409e-38
14,VMO1,11.304574,3.9337606,1.245569034546423e-29,2.692084066484356e-27
14,EGLN3,11.328586,3.9232352,9.472196562011595e-30,2.076292050653137e-27
14,GPT2,6.4640107,3.92078,1.0196376949092107e-10,4.322900169624002e-09
14,TMEM136,4.9634914,3.8347626,6.923707195576435e-07,1.6588451030517897e-05
14,CCDC26,4.175226,3.8221927,2.976900212875228e-05,0.0005060894107774184
14,DSG2,2.7974348,3.8089893,0.005151016417658143,0.04712920793977508
14,ASB2,13.333878,3.796463,1.4705041009667251e-40,5.753021550452984e-38
14,DBN1,10.576869,3.7854917,3.814934302074195e-26,6.85512642291902e-24
14,CLNK,13.95166,3.780067,3.0736727831903193e-44,1.4178806673143762e-41
14,NCKAP5,5.979419,3.7710793,2.2393474229972387e-09,7.882860000293356e-08
14,S100B,9.762504,3.7607145,1.6307849585129478e-22,2.0656832259327734e-20
14,SHTN1,17.647923,3.7517807,1.0556951018463706e-69,2.1752245675177184e-66
14,CALCRL,6.5229588,3.7510118,6.893377272608511e-11,3.022037040631365e-09
14,AL390729.1,5.1232543,3.750974,3.003068753484443e-07,7.656407801580122e-06
14,PTK2,11.472197,3.7307367,1.8198135027604253e-30,4.166294513319738e-28
14,VAC14,15.262129,3.7283444,1.3671403651530448e-52,8.990256865060671e-50
14,PLCD1,9.922043,3.7200763,3.33853521451257e-23,4.4668444967506495e-21
14,PPP1R3G,4.146785,3.7056808,3.3717704658565957e-05,0.0005648309473616791
14,CD80,4.210082,3.7031043,2.5527787092937452e-05,0.0004395472510759988
14,MYEF2,9.77393,3.6697702,1.4568851618107276e-22,1.860659078350585e-20
14,ZNF711,3.3458817,3.6461508,0.00082021366518185,0.009602568081253393
14,CD83,12.120012,3.6457825,8.274641927767052e-34,2.223863983143446e-31
14,HLA-DRB5,16.636234,3.628327,3.8082833383928986e-62,4.708104525588373e-59
14,ANKRD20A4,3.204527,3.622756,0.0013528465534805804,0.014874574325302132
14,PPP1R14A,9.112427,3.6033583,8.055940541115747e-20,8.244534910737231e-18
14,SH3BP4,5.490202,3.5551007,4.0147470015330356e-08,1.1672980769179824e-06
14,NR4A3,5.5356445,3.5526032,3.1008569294706745e-08,9.206357840456304e-07
14,ZBTB46,8.102923,3.5404828,5.365422262675627e-16,4.024978297876593e-14
14,AKAP6,3.3794882,3.5056171,0.0007262093383911609,0.008659317909589355
14,DGAT2,7.2622905,3.5046475,3.8058984018656263e-13,2.170274942923633e-11
14,TRIP10,7.0014176,3.4830594,2.5338562167361572e-12,1.3251081910433912e-10
14,P2RY6,11.315576,3.4826267,1.0987824371636814e-29,2.391554139818162e-27
14,TLR10,11.702705,3.4793596,1.2345359211013647e-31,2.935061670267683e-29
14,PARM1,8.734153,3.43679,2.4548824108996133e-18,2.2315603139315985e-16
14,BEND5,6.6551433,3.4356322,2.8302446117980046e-11,1.3075391661710155e-09
14,SLC7A11,3.736364,3.423073,0.0001867005155778446,0.002612201373908756
14,CNFN,6.302817,3.3628929,2.92283813430042e-10,1.1762520601148838e-08
14,ARHGAP20,3.4832833,3.3387854,0.0004953041057816919,0.006245762544836699
14,SLC41A2,8.826031,3.3363519,1.0845621975387408e-18,1.0096555373292128e-16
14,SEMA7A,4.7562685,3.3232625,1.9720401293818455e-06,4.3442511959233574e-05
14,SHISA4,3.2138739,3.3184352,0.001309571618040177,0.014460496605490442
14,ANKRD65,3.570244,3.3081927,0.000356648814247867,0.004658894717649546
14,PNOC,3.733121,3.3055928,0.00018912173635194304,0.002642488926505201
14,CSF2RA,16.752228,3.2998407,5.454472492869921e-63,7.32962527552742e-60
14,CPNE3,15.76903,3.2809634,5.0824943296642085e-56,4.245531141808965e-53
14,RAVER2,3.1558363,3.2785206,0.0016003857133507194,0.01719597717814859
14,CYP2S1,8.042754,3.2583866,8.784171832743875e-16,6.433469166697037e-14
14,TSPAN15,7.7459807,3.254761,9.484701557981065e-15,6.237099384096187e-13
14,MCOLN2,12.446067,3.2468462,1.4690822293155597e-35,4.324278520138667e-33
14,RGCC,13.836104,3.241918,1.5434660468918774e-43,6.860646874077386e-41
14,BIK,3.6653073,3.2377653,0.00024704184523762434,0.0033620970104620237
14,RUBCNL,9.962478,3.2236426,2.2244807462298852e-23,2.989218540162046e-21
14,MYLK,7.206461,3.2134469,5.742476817211105e-13,3.203659404143387e-11
14,ADORA2B,3.793848,3.2093925,0.00014833046067241077,0.002127354778655313
14,SLC22A23,3.9399385,3.2049549,8.150252042482626e-05,0.0012495031739931078
14,ZMYND15,6.5076604,3.1901224,7.633031048078707e-11,3.304118916007963e-09
14,ASAP2,5.086109,3.188693,3.6548333453467116e-07,9.16138963541207e-06
14,CBFA2T3,11.891697,3.1730268,1.3072333572934527e-32,3.339062923460227e-30
14,HLA-DQB2,4.8189034,3.1723118,1.443494737620317e-06,3.256970057757538e-05
14,RAB15,4.99932,3.14762,5.753278576106083e-07,1.4023389664961415e-05
14,CD40,13.193057,3.1391113,9.620311062348535e-40,3.4176431494713356e-37
14,CD200,4.4690857,3.1272311,7.855466281415462e-06,0.0001515536182020647
14,TSPAN13,9.852355,3.1151981,6.695670407509114e-23,8.768774800206957e-21
14,VCAM1,3.1557791,3.1034243,0.0016006997230897043,0.01719597717814859
14,CIITA,16.85735,3.1002405,9.265302446977973e-64,1.3636319177559438e-60
14,HLA-DQA2,9.167531,3.0942502,4.8397461875350647e-20,5.087824333950553e-18
14,DUSP4,9.3747635,3.0930037,6.933079775612165e-21,7.84028553324614e-19
14,DUSP5,6.876792,3.0866992,6.121542071263978e-12,3.05651859122061e-10
14,DAPP1,16.794882,3.084056,2.660377915726704e-63,3.737468192789329e-60
14,TOMM34,9.287526,3.0689976,1.5791549802216064e-20,1.7246269602017381e-18
14,MYCL,11.272574,3.0622828,1.7924990317152454e-29,3.794573121453636e-27
14,TUBB6,9.751287,3.0562549,1.821437034729585e-22,2.2884209118856623e-20
14,ARHGAP22,8.893969,3.0355315,5.89644426857598e-19,5.644571830549531e-17
14,HOMER2,6.952293,3.0354974,3.593957259949912e-12,1.8482269057116793e-10
14,SLC24A4,12.673433,3.0133088,8.300025403418388e-37,2.67217588691096e-34
14,TCEA3,4.455437,2.9972095,8.372244240661364e-06,0.00016042216537267252
14,SLC9A7,8.476943,2.9963856,2.3118864831942365e-17,1.952280752352029e-15
14,LYZ,12.305695,2.9942465,8.440739178774478e-35,2.3716175072580252e-32
14,CEACAM3,4.8393044,2.9907048,1.3029418079705536e-06,2.969765668063857e-05
14,RAB32,14.638,2.989778,1.607278954478521e-48,9.032031026557754e-46
14,PPM1H,3.5101368,2.9788842,0.0004478761079939766,0.00569416160829693
14,LRRK1,11.446011,2.9627283,2.4621965422818957e-30,5.514428154514967e-28
14,ICOSLG,7.4022813,2.9591744,1.3386443048400668e-13,8.033685345571252e-12
14,COL9A3,3.194183,2.932706,0.0014022712409245412,0.015352460943412962
14,BCL6,13.2933235,2.930461,2.5308291757257558e-40,9.202392627547756e-38
14,ST18,3.2843678,2.9277823,0.0010221145498084381,0.011609884009896876
14,LRRCC1,8.789825,2.9094946,1.4979273036783992e-18,1.3778702135353657e-16
14,CFI,5.0960956,2.9084923,3.4673036786306346e-07,8.769554402245256e-06
14,TLR3,4.4271812,2.9063666,9.547244677960207e-06,0.0001808067961162476
14,BCAR3,5.876206,2.8802915,4.197762375472741e-09,1.430432654230827e-07
14,SNX3,16.184118,2.8673453,6.527773385672763e-59,5.933938000911415e-56
14,HLA-DOA,14.029875,2.8655896,1.0233229592890604e-44,4.930043041641166e-42
14,GMPR,4.3294334,2.854076,1.4949353410121607e-05,0.00027130925769032797
14,CLEC4C,3.4209108,2.8530536,0.0006241179832727832,0.0075943364208708305
14,PPA1,17.766525,2.8486614,1.284036099422758e-70,2.8346931232042273e-67
14,CD274,2.8544421,2.8481996,0.00431124787183837,0.040463935006045705
14,SERPINF1,11.693449,2.8453343,1.3767940675197304e-31,3.248288110292543e-29
14,FUCA1,12.261387,2.8387291,1.4598044235125722e-34,4.028408510491345e-32
14,TNNI2,9.11287,2.838212,8.023066340506223e-20,8.23816981348923e-18
14,ADGRG6,6.0630846,2.8288,1.3353536042794016e-09,4.8612218901605965e-08
14,AIM2,9.203213,2.8258295,3.474055348832232e-20,3.702504436770958e-18
14,MARCKSL1,10.440216,2.812323,1.624399285391466e-25,2.728549386608372e-23
14,NDRG2,11.978066,2.8088818,4.629967752784715e-33,1.2035455518520852e-30
14,C16orf45,3.9959538,2.7980492,6.443427258266018e-05,0.001012440296244168
14,PRELID2,4.771515,2.7778742,1.8284554428818059e-06,4.051908109131173e-05
14,ALDH2,15.355514,2.777608,3.2532356883674286e-53,2.234394564897158e-50
14,MREG,4.2080793,2.772511,2.5755061105871973e-05,0.00044272061935438545
14,ADAM19,11.977995,2.771028,4.6339638486555844e-33,1.2035455518520852e-30
14,RAB30,8.8298645,2.7598124,1.0480219319410387e-18,9.785865211631928e-17
14,SLAMF7,14.334116,2.754418,1.3394129290448678e-46,7.137454378963747e-44
14,MAP3K13,13.039866,2.7481918,7.258450260621021e-39,2.5206395753372348e-36
14,SH3D21,3.147777,2.7397296,0.0016451714078829353,0.017594225848940444
14,TMEM97,6.897346,2.7380857,5.298307792351276e-12,2.6713670299869635e-10
14,CIB2,5.683733,2.7294042,1.3178581667905181e-08,4.1689910297844974e-07
14,AC010226.1,2.8789783,2.7189012,0.003989659710878395,0.037959041205694675
14,KIF16B,10.055581,2.7147508,8.680779425015365e-24,1.2140128945201352e-21
14,SCARF1,6.524447,2.7073214,6.825298722694054e-11,3.00414292686437e-09
14,APBA1,3.8109493,2.7021656,0.00013843414673791178,0.002010612863359323
14,LY75,11.740041,2.702126,7.944772224395629e-32,1.9034812026309745e-29
14,LRP5,3.1301465,2.701823,0.00174719202612456,0.018493309572408145
14,PIGZ,3.478252,2.7014437,0.0005046951812216488,0.0063555101801673055
14,TTYH2,7.5521917,2.6914086,4.2799394179772016e-14,2.694095470293714e-12
14,CKB,6.4933724,2.6891475,8.393573259534562e-11,3.603057899061593e-09
14,REPIN1,15.324911,2.6443462,5.212552795255351e-53,3.502268896586025e-50
14,CCDC122,5.1508756,2.63978,2.592729078096218e-07,6.672229610051608e-06
14,BIRC3,9.227209,2.6391616,2.7777418145547336e-20,2.9913472565311205e-18
14,UPK3A,3.4599872,2.6341474,0.0005402011833415396,0.006732257247393937
14,GNAI1,4.0600004,2.6337101,4.9072677447464676e-05,0.0007932961176995362
14,HLA-DMA,15.212151,2.625993,2.9373150913922942e-52,1.8527264801971762e-49
14,MBOAT2,5.0946026,2.6238678,3.494732057940659e-07,8.824483963625159e-06
14,SMCO4,14.254666,2.615973,4.193028170736919e-46,2.196507146999423e-43
14,SLAMF8,10.777029,2.613701,4.41928041580137e-27,8.379552135654781e-25
14,NAAA,12.847631,2.6063929,8.868381691477128e-38,2.947258848800899e-35
14,RAMP1,6.6463733,2.6044486,3.004031225938453e-11,1.381630849703568e-09
14,PNMA1,10.4688635,2.6000562,1.2007630402077295e-25,2.061776849094461e-23
14,CCDC74A,4.3931503,2.589021,1.1171971117223266e-05,0.0002075072784375117
14,SPINT2,15.399611,2.5812757,1.6465572792713395e-53,1.1565942234190748e-50
14,ACTN1,14.348709,2.5684032,1.0853926740885633e-46,5.885303750536004e-44
14,TBC1D8,5.8485513,2.5668833,4.9587350254885124e-09,1.6713154136616516e-07
14,FZD5,3.290267,2.565222,0.0010009240142387506,0.01138173602210341
14,PLEKHM3,7.633783,2.5639517,2.2796396378146915e-14,1.467850464290389e-12
14,AP001059.3,3.2554586,2.5611827,0.0011320935998656893,0.012755966784924848
14,TMEM14A,11.026257,2.5608299,2.8550288818366367e-28,5.767344944504898e-26
14,FARP2,8.188295,2.5548146,2.6495113458459885e-16,2.0574986725141195e-14
14,KCNK6,12.514329,2.5511284,6.233252747398681e-36,1.85241483330626e-33
14,PRKAR2B,9.414079,2.5508783,4.772496013205723e-21,5.463093862227751e-19
14,TNFRSF11A,2.8906763,2.5496292,0.0038441390008053084,0.03673803466230355
14,COL4A4,3.0602105,2.5466886,0.0022118145186766926,0.022741367707498517
14,PKP2,5.433352,2.5271668,5.5305213539184444e-08,1.5768618402726694e-06
14,GNG7,9.495636,2.5217705,2.1887054174762994e-21,2.5526912580354714e-19
14,ZBED3-AS1,2.8084128,2.519889,0.004978636518804364,0.0458233230752491
14,BTN2A2,12.05415,2.51772,1.844266584850566e-33,4.913857529135901e-31
14,RNF207,3.8778236,2.508658,0.00010539510628819208,0.0015710108517922763
14,NUBPL,8.300212,2.5075207,1.0392559948332963e-16,8.299815253827569e-15
14,CTTNBP2NL,10.688538,2.5040836,1.1517254306982586e-26,2.1573562355509745e-24
14,HPS5,12.966063,2.500446,1.9057115956838804e-38,6.472508603055131e-36
14,KIAA1958,4.8185983,2.4984138,1.4457042742429513e-06,3.2591088259684094e-05
14,FNIP2,12.614203,2.4879086,1.763306362256586e-36,5.3958920532934954e-34
14,SPINT1-AS1,3.3512182,2.4843166,0.0008045689516268802,0.009451468106397564
14,DST,12.575819,2.4825666,2.868125373120587e-36,8.690701069317449e-34
14,MAP3K14,7.786187,2.4790506,6.906163768502453e-15,4.610125347583267e-13
14,ST7,5.2595015,2.4601133,1.444463035431275e-07,3.85051907682378e-06
14,CCDC126,8.807818,2.451884,1.2760501764020473e-18,1.180804874313116e-16
14,SAMD12,5.738399,2.4512112,9.557569927814685e-09,3.083463609175036e-07
14,GRASP,6.725556,2.4451332,1.749233162249616e-11,8.253976999335707e-10
14,FGL2,11.564684,2.4437203,6.221984788245814e-31,1.435096148136667e-28
14,TSPYL5,3.1718314,2.4368207,0.0015148096026129203,0.01647368768049174
14,ASPHD2,6.734383,2.4359488,1.6462686256524463e-11,7.788938963406789e-10
14,U62317.5,4.617379,2.4302673,3.8861659762415225e-06,7.933271587034131e-05
14,QPRT,7.18729,2.4276683,6.60899316330209e-13,3.6345934465867915e-11
14,NRP2,3.5837018,2.426159,0.0003387587403092094,0.00445153757939487
14,C15orf48,8.858207,2.4255073,8.131199462864772e-19,7.66192017679151e-17
14,CCDC88A,14.942293,2.4118402,1.7485253146654732e-50,1.0596406254973682e-47
14,PPT1,13.835623,2.4058669,1.5538398459423983e-43,6.860646874077386e-41
14,PON2,11.093837,2.4023955,1.3439719487382398e-28,2.7508702662021705e-26
14,SPINT1,9.404336,2.4003544,5.2359865579826695e-21,5.971536403969386e-19
14,LACC1,9.77569,2.3979716,1.431786990825658e-22,1.8361925529231786e-20
14,LDLRAD3,4.6613483,2.3901968,3.1414424374434643e-06,6.529425784402498e-05
14,LINC00877,6.52304,2.3868415,6.889650818562534e-11,3.022037040631365e-09
14,RASGRP3,8.365589,2.385894,5.981535592714073e-17,4.890775676296663e-15
14,GPR160,8.990696,2.377459,2.4566973401010444e-19,2.4493272480807412e-17
14,GSN,13.686371,2.3661523,1.2247504540307873e-42,5.3314594764407805e-40
14,GDF7,3.2253385,2.3611143,0.0012582386924085867,0.014003362938158933
14,PTMS,14.450067,2.3490572,2.5044249172101858e-47,1.3822189449324145e-44
14,TXN,14.195417,2.3401914,9.780243381410607e-46,5.037966369820961e-43
14,MFSD2A,3.8781621,2.3363853,0.00010524855953040022,0.001569940747782857
14,PSEN2,5.539479,2.3296263,3.033730927571394e-08,9.050532990197788e-07
14,HDAC9,10.979441,2.3239174,4.7988750825777695e-28,9.507617447258405e-26
14,MAGEF1,9.381369,2.3197362,6.5121757127713345e-21,7.399699071861164e-19
14,SULF2,12.653185,2.3184664,1.074299839858438e-36,3.423029396959252e-34
14,CDKN1A,4.8927164,2.318419,9.945371459886451e-07,2.3198610997034756e-05
14,TSPAN2,5.753736,2.315942,8.729252849166882e-09,2.8310075321007435e-07
14,IQCE,8.175696,2.2988777,2.941620631830938e-16,2.2559967461041887e-14
14,PQLC2,5.6132727,2.2933974,1.9853528446685384e-08,6.148426890798649e-07
14,RGS10,15.427996,2.2893255,1.061144034401147e-53,7.627157830520058e-51
14,FZD3,3.8334966,2.2876134,0.00012633451368622694,0.0018522869138995334
14,RHEX,4.4317927,2.2800827,9.34527537622965e-06,0.00017730781218731111
14,MRC2,5.6863513,2.2725756,1.2978227064392919e-08,4.109816228270409e-07
14,LIMA1,10.534683,2.271201,5.978403627043519e-26,1.049855232392239e-23
14,SPI1,13.386041,2.2678742,7.296857751276206e-41,2.928882889853165e-38
14,CXCL16,12.628367,2.260343,1.4730263025077328e-36,4.598669084000656e-34
14,DENND5B,3.8804464,2.2484095,0.00010426489824983611,0.0015567706329505722
14,AP1S3,6.6598883,2.247672,2.7403596818803646e-11,1.2679086330520422e-09
14,FAAH,3.3855877,2.2460053,0.0007102603983892463,0.008495363054572925
14,MCM5,11.451451,2.2457154,2.312408131292139e-30,5.216758986412127e-28
14,SLC46A3,10.410463,2.2453935,2.2213795359201387e-25,3.67145333244298e-23
14,LMNA,9.9716625,2.2441227,2.0280468347116643e-23,2.737154738883555e-21
14,P3H2,3.1570907,2.2347631,0.0015935178905685183,0.01717675772627007
14,TAP2,13.019684,2.2343283,9.456138068941076e-39,3.2473428810751315e-36
14,H2AFY2,5.229152,2.231855,1.7028892238169198e-07,4.490716488098084e-06
14,NME4,10.2106085,2.2278538,1.777468473574982e-24,2.692951868273626e-22
14,MTERF2,7.1952777,2.2221458,6.233366675384657e-13,3.440983411001879e-11
14,PDE6G,3.6459074,2.2182748,0.0002664499730845442,0.003602436272145235
14,ASAP1,12.881486,2.216674,5.722293680971896e-38,1.9223796825847651e-35
14,TUBA1C,11.767754,2.215147,5.722837263574028e-32,1.4150058504422596e-29
14,CAMK2D,10.934503,2.2064936,7.883673861846469e-28,1.542156380051195e-25
14,AGPAT1,10.098396,2.2050056,5.6152972354477084e-24,8.034814428517701e-22
14,C12orf45,11.773509,2.2001874,5.345366261117762e-32,1.3323325405836023e-29
14,FGD2,13.093745,2.1944077,3.5753518435674016e-39,1.2557204480583828e-36
14,AL391069.3,3.241133,2.1833005,0.001190556504577497,0.013317600393404523
14,FAM135A,8.562697,2.1783032,1.1025738019778404e-17,9.545447758467539e-16
14,CTSZ,13.971303,2.174674,2.3331837461741827e-44,1.0926016673182647e-41
14,PDLIM7,9.147392,2.168756,5.832434494658206e-20,6.08996800427031e-18
14,CSRP1,11.740523,2.1669302,7.899653294782515e-32,1.9034812026309745e-29
14,GSTP1,16.560112,2.1604588,1.3533981059905019e-61,1.4939098307803016e-58
14,MGLL,5.732457,2.1575997,9.898612532481213e-09,3.186837682722884e-07
14,CEP131,3.8161807,2.1564848,0.00013553320831318863,0.0019740456500168336
14,AGRN,3.7733705,2.1535075,0.00016105688900939005,0.002292853647449663
14,C20orf27,9.881435,2.1514058,5.0109971741589823e-23,6.646990972606509e-21
14,KDM2B,9.346298,2.1506438,9.076893447962891e-21,1.0127781436685526e-18
14,AL844908.1,3.1651454,2.1302752,0.0015500550499919464,0.016770680338631494
14,CRYBG3,9.602703,2.1285121,7.787503767545652e-22,9.365306573678344e-20
14,CYB5R3,12.675765,2.1266012,8.056826651344619e-37,2.62118254013798e-34
14,ROGDI,10.368635,2.1232042,3.4440807171406065e-25,5.573099619092394e-23
14,BCL2A1,11.366479,2.1228516,6.1415180990442356e-30,1.3558278563368585e-27
14,RASAL2,4.6150236,2.1219773,3.930509273467403e-06,8.018498357429507e-05
14,IL18BP,5.8360233,2.1182654,5.3461472876165844e-09,1.7921190262295638e-07
14,CCR7,3.1606674,2.109879,0.001574081573557335,0.017003939109956647
14,ETV6,13.317059,2.1057131,1.8422482372738216e-40,6.943703203588049e-38
14,DSE,12.005211,2.1011355,3.336121704415119e-33,8.812778933192998e-31
14,FMNL2,7.4446006,2.0986106,9.723814662484143e-14,5.916022436484201e-12
14,ZBED3,4.8679276,2.094972,1.127746381731392e-06,2.6030812113646103e-05
14,GPAT3,8.201258,2.0945969,2.3788516812883454e-16,1.8566456796358306e-14
14,PAK1,12.319614,2.0913017,7.103279375295903e-35,2.0327875523358376e-32
14,MPEG1,10.50173,2.0892706,8.481095068521219e-26,1.480933363179578e-23
14,ZNF296,4.7311983,2.079549,2.2319808347694465e-06,4.840970642822406e-05
14,PAWR,7.543126,2.0761905,4.588373946074083e-14,2.882375478685197e-12
14,SYNGR2,12.636003,2.0700324,1.3367952648072133e-36,4.2159521683057695e-34
14,FLNB,9.302854,2.0651746,1.367258333276712e-20,1.5146183980854242e-18
14,PLEKHA5,9.140477,2.0618434,6.217718418524203e-20,6.470404820246719e-18
14,INF2,6.737893,2.0602603,1.6069979092588417e-11,7.629413883481262e-10
14,RMI2,3.2276084,2.0595117,0.0012482975855778423,0.01390812309929862
14,PKIB,8.15685,2.0489435,3.4387606640246857e-16,2.6177777301234228e-14
14,LONRF1,6.6791115,2.0420666,2.4039502263019784e-11,1.1172765360047406e-09
14,INPP5F,7.0657597,2.0391307,1.5973991977948423e-12,8.526911400042348e-11
14,SERPINB9,10.796678,2.034685,3.568862577214825e-27,6.808817016912259e-25
14,TAP1,13.359658,2.0328448,1.0404011197385199e-40,4.1225227445844144e-38
14,HSDL2,9.734749,2.0282834,2.1434666813062577e-22,2.6821103125154858e-20
14,SSPN,4.5605054,2.027897,5.103064345500395e-06,0.00010182079388404177
14,SLC35E4,3.9380643,2.0241566,8.214159733601575e-05,0.0012580527001309408
14,VOPP1,12.626861,2.0187302,1.501502590322417e-36,4.6406940559094945e-34
14,SOGA1,6.121475,2.014936,9.271307124471647e-10,3.490234948794704e-08
14,RUFY3,11.165318,2.0077772,6.027536331647177e-29,1.2502890295450959e-26
14,DYSF,5.9799724,2.005554,2.231755806755111e-09,7.865094266748029e-08
14,DPP4,8.555644,2.0051997,1.1721266456408031e-17,1.0091063575715962e-15
14,PXDC1,3.8832648,2.002393,0.00010306319178791958,0.0015410614748859364
14,ACSS2,6.7136765,1.9949412,1.8978070297791156e-11,8.914213050058226e-10
14,BCL2L11,9.0113735,1.983041,2.0349093867425332e-19,2.0419787148068657e-17
14,QPCT,7.3011665,1.9746802,2.852834467826575e-13,1.6573788514495478e-11
14,BID,11.756799,1.9717289,6.515792248367303e-32,1.585697567088884e-29
14,MMP25,5.556256,1.9691151,2.756228340825538e-08,8.302802078937126e-07
14,FAM69A,4.4682894,1.9686377,7.884763404987933e-06,0.000152023944203345
14,F11R,7.0092387,1.9627184,2.3961870673921764e-12,1.2595060151681973e-10
14,CCDC6,10.371892,1.9580507,3.3286637670116414e-25,5.424423147452627e-23
14,SIGLEC10,8.987797,1.9569284,2.522365486721179e-19,2.4986778877593424e-17
14,THBD,6.664738,1.9526033,2.6513761935604734e-11,1.2285769717297383e-09
14,CDKL5,4.0744977,1.9462805,4.6113783037492476e-05,0.000752104850838934
14,BCL11A,10.131421,1.9432048,4.0078285399816356e-24,5.8706140609105405e-22
14,SERTAD3,9.79156,1.9404926,1.223919662366454e-22,1.5827483265589956e-20
14,GPR137B,7.488007,1.9343185,6.992724349489137e-14,4.322482629393215e-12
14,ETV3,5.394614,1.9336219,6.867099054639034e-08,1.9294675498338966e-06
14,CD226,10.203245,1.9323092,1.9175603210648592e-24,2.89102618747081e-22
14,ID2,13.207521,1.9297814,7.93960294385483e-40,2.8533640486711766e-37
14,LYRM4,9.693402,1.9290506,3.2163154835520705e-22,3.9922354477969416e-20
14,UNC119,9.245345,1.928121,2.3448187150051697e-20,2.5518067614318586e-18
14,MCUR1,10.032123,1.9279504,1.1012306846751833e-23,1.5194525344310666e-21
14,NAP1L1,16.337982,1.9263641,5.297706285504832e-60,5.281813166648317e-57
14,NEDD4L,3.5526612,1.9255877,0.0003813554116725584,0.004952332650657043
14,C3orf14,3.942814,1.9217578,8.053108219812909e-05,0.0012370646906051568
14,TBC1D4,7.4658747,1.9164673,8.274809002991067e-14,5.05433837658982e-12
14,RFTN1,10.172772,1.9129676,2.6233483388625845e-24,3.8794175650347317e-22
14,TMEM273,8.119943,1.9075822,4.664021441101051e-16,3.524472143767975e-14
14,DLGAP4,10.625317,1.9069743,2.272402990806353e-26,4.155808238866979e-24
14,MIR181A1HG,6.3218975,1.905929,2.58370894469241e-10,1.0465883663644603e-08
14,RGS12,7.4684978,1.9028349,8.111562803505593e-14,4.974287134284671e-12
14,PHLDA3,3.5278866,1.9016759,0.0004188914241619989,0.005371191619925178
14,DPYSL2,12.128892,1.8960959,7.424694847893834e-34,2.0129389795074973e-31
14,ARHGAP31,7.076103,1.8914785,1.4826447615947766e-12,7.955573202536417e-11
14,PIK3CB,9.8767805,1.8908368,5.2492154350260824e-23,6.933226557707314e-21
14,HLA-DMB,11.794464,1.8900847,4.1684683067082545e-32,1.0474378045157075e-29
14,PTGES2,11.136662,1.8894712,8.317939274626453e-29,1.713883661072532e-26
14,TBC1D9,9.231015,1.8894588,2.6807939300076796e-20,2.8970383914247323e-18
14,IMPA2,8.409434,1.8842704,4.119931240734129e-17,3.4322025568024186e-15
14,CCNG2,10.165824,1.8822209,2.8173065122037247e-24,4.1464043986990726e-22
14,TPMT,9.566612,1.8624135,1.1046658564714631e-21,1.3081190661288702e-19
14,DUSP18,7.4996576,1.8572651,6.398478996771648e-14,3.971039966932156e-12
14,TRIP6,5.8597245,1.8550473,4.636355338723922e-09,1.5687338526173336e-07
14,C1orf21,9.802448,1.8537931,1.0988953693739239e-22,1.4270403017327674e-20
14,IL4I1,3.73469,1.8524827,0.00018794663090961696,0.002628446389829652
14,SDC4,3.8114834,1.8488429,0.00013813531138034474,0.002007215829258258
14,LRRC1,3.651444,1.8459938,0.00026076992795882534,0.003536470453454767
14,DCTPP1,9.587867,1.8398662,8.992497847517047e-22,1.0730931697807314e-19
14,SPATS2,6.98176,1.8354145,2.9150458637486314e-12,1.5116664850818615e-10
14,PTPRE,10.473551,1.8285948,1.1427414544901707e-25,1.973112297984788e-23
14,LSP1,16.122347,1.8264186,1.7772831548939332e-58,1.5694425848087656e-55
14,NT5C3B,6.2447796,1.8213997,4.2439815800900183e-10,1.6688134694127506e-08
14,GAS2L3,3.8324475,1.8210161,0.00012687467593737402,0.0018584434166807671
14,ANPEP,10.114053,1.8205427,4.7862553501521e-24,6.945013807847463e-22
14,CD72,6.222671,1.8163707,4.887616674094125e-10,1.907343037199837e-08
14,HLX,3.6326737,1.8157699,0.0002804996768355078,0.0037627619409527084
14,ZNF516,7.597048,1.8100626,3.029623590513706e-14,1.9266785249384182e-12
14,WNT5A,4.81639,1.8080655,1.4617860339055491e-06,3.2929607106354815e-05
14,POGLUT1,6.849929,1.8076901,7.388679046395491e-12,3.6479537266285215e-10
14,ADAM28,10.266919,1.804133,9.932570313582587e-25,1.5197324291183022e-22
14,TRIO,7.7840695,1.8037897,7.022800938584218e-15,4.677881651052208e-13
14,REC8,5.640374,1.800114,1.6968081397011922e-08,5.30265411261322e-07
14,FGD6,6.1083174,1.7915742,1.0068683616196879e-09,3.753833588972219e-08
14,EPCAM,3.1176233,1.7910068,0.001823156794256719,0.019179137862522944
14,STK32C,7.8667245,1.7782266,3.640478226120717e-15,2.517142293841454e-13
14,HIC1,7.1097765,1.7661417,1.162311311885815e-12,6.247574907209546e-11
14,BBS10,3.9291894,1.7656535,8.52327079623145e-05,0.0013028127126564067
14,TRAF4,4.312194,1.7634754,1.6164269222419745e-05,0.00029096626025470416
14,PALD1,4.667968,1.7621726,3.041936411782626e-06,6.356803832249196e-05
14,PLPP1,6.299851,1.7568907,2.979322783218336e-10,1.1974243076843838e-08
14,FTCDNL1,3.484628,1.7518711,0.0004928216255274381,0.006219533679124757
14,UVRAG,10.365397,1.7495382,3.5627511645725957e-25,5.735101575179439e-23
14,SLC25A29,6.615428,1.7469814,3.704788418472637e-11,1.6863607606735463e-09
14,CLECL1,6.609023,1.7465135,3.8686424239536236e-11,1.7583548734872742e-09
14,SINHCAF,10.708204,1.7438705,9.31508065896038e-27,1.7554951093078565e-24
14,DNAJC15,11.76308,1.7434363,6.048693418968707e-32,1.483706091270364e-29
14,NFE2L3,5.4694285,1.7369643,4.514889603947538e-08,1.299270884443264e-06
14,KCNMB1,5.7718673,1.7369589,7.839790423275139e-09,2.5749670840825156e-07
14,CSF2RB,7.1239877,1.735733,1.0484841794343408e-12,5.675219007666755e-11
14,TRABD2A,6.8512735,1.733828,7.319539147001095e-12,3.619599942661805e-10
14,AIF1,8.432049,1.7331439,3.3966657617363796e-17,2.845006739782826e-15
14,FKBP14,5.294644,1.7276261,1.192486940388402e-07,3.218881560400379e-06
14,PLXNA1,4.134748,1.7248971,3.5534454090086065e-05,0.0005910997699474112
14,LGALS1,11.00111,1.7213659,3.7745583281267896e-28,7.526469306284819e-26
14,GRAMD2B,5.4813604,1.7182968,4.2206793358475407e-08,1.2191451984396255e-06
14,MAP2K6,8.187141,1.7155288,2.675032367040975e-16,2.0721109114820905e-14
14,ST3GAL2,9.137797,1.7141209,6.373722203346647e-20,6.610491011370295e-18
14,USP46,5.88943,1.7080692,3.875298660568265e-09,1.324932032103798e-07
14,PRCP,10.607481,1.7061503,2.750657349869144e-26,5.000856865435625e-24
14,IDH3A,8.068578,1.7034067,7.112200280394897e-16,5.2337327158610736e-14
14,AIG1,8.68718,1.6977232,3.7154863233948114e-18,3.3382132499175416e-16
14,SCML1,5.5553403,1.6926436,2.770716037046747e-08,8.338317483642046e-07
14,ACOT7,5.1342373,1.6887953,2.832908125037622e-07,7.242075386314125e-06
14,CCNYL1,6.096343,1.6873627,1.0852249267941279e-09,4.01208693928542e-08
14,FNBP1L,3.6335034,1.6870103,0.0002795987101050398,0.0037523045302720217
14,FILIP1L,5.3341208,1.68645,9.60086931171557e-08,2.6306211685921374e-06
14,CBX6,10.876189,1.6834586,1.4969129627901022e-27,2.909754021443628e-25
14,SLC25A33,6.053685,1.6806557,1.4156920494526556e-09,5.135539222116576e-08
14,HMGA1,10.230099,1.6779693,1.453709251071023e-24,2.2132902375789214e-22
14,CCDC106,3.0212295,1.67009,0.0025175040695967544,0.025344787713038077
14,RGS18,8.687299,1.6694418,3.71159046622433e-18,3.3382132499175416e-16
14,CERS6,6.7222795,1.6680212,1.7890314235016594e-11,8.428901555817955e-10
14,C3orf58,8.3465185,1.6661619,7.03048185520786e-17,5.688248761751552e-15
14,SNRNP25,8.858612,1.6612033,8.101692379474495e-19,7.65746196857548e-17
14,ABCC4,3.4311068,1.6538012,0.0006011241000354852,0.007360912266163527
14,MTMR10,7.054438,1.653709,1.7329958285295898e-12,9.234776219373109e-11
14,RELB,5.93307,1.6508452,2.97321662256729e-09,1.0290392626392747e-07
14,NAA25,6.0913405,1.6500447,1.119692246317709e-09,4.124711353628299e-08
14,TMSB10,19.423512,1.6485606,4.883428012000192e-84,1.6770234396321106e-80
14,ENPP2,4.4901404,1.6422673,7.117625712354013e-06,0.0001384420754510544
14,GRK3,10.300063,1.6412601,7.0414929867090085e-25,1.0881571187010767e-22
14,ATP6V0A2,8.893921,1.6408182,5.898976611342086e-19,5.644571830549531e-17
14,PLEK,11.072219,1.6405832,1.7110986906246962e-28,3.479271528364308e-26
14,LRFN4,3.574374,1.6384723,0.0003510669589202813,0.004593745342654164
14,GRSF1,8.75445,1.6371232,2.0510191005967306e-18,1.8754688562764247e-16
14,MYO1C,6.2585664,1.635614,3.885323037041302e-10,1.539534347510712e-08
14,ALCAM,8.934991,1.6336275,4.072131945479056e-19,3.98282854553548e-17
14,CLEC7A,9.37174,1.6332265,7.134624198157476e-21,8.018539276089204e-19
14,FZD2,4.2876005,1.6322386,1.8061351141660733e-05,0.00032155655514706696
14,SPECC1,9.18385,1.6315184,4.1594551175788994e-20,4.402612305445583e-18
14,ATG3,10.5973,1.6286412,3.067101848956648e-26,5.543562388637609e-24
14,TYMP,10.28228,1.6251504,8.469971662046717e-25,1.3023950953178002e-22
14,SLC1A5,8.344915,1.625056,7.126461600407034e-17,5.750849835085645e-15
14,KBTBD8,3.339291,1.6233772,0.000839924864565881,0.009784982204725852
14,TMEM14C,11.025174,1.6215647,2.889589246231234e-28,5.799255508653815e-26
14,LMNB1,7.277074,1.6187947,3.4113806755430623e-13,1.952510047018693e-11
14,COTL1,11.25245,1.6187891,2.2524661646650404e-29,4.735848418455946e-27
14,POLA2,4.647166,1.6174294,3.3652664994516637e-06,6.96186691422708e-05
14,AP3M2,7.92655,1.617019,2.2531781410800677e-15,1.5863092666597187e-13
14,VARS,6.9033213,1.6129075,5.08005521790734e-12,2.5739224036042976e-10
14,CNR2,3.731013,1.6105409,0.0001907113227205995,0.002659889373341863
14,EDEM1,9.615722,1.6039726,6.86262625848821e-22,8.317772147886083e-20
14,GRN,9.576622,1.6039401,1.0027113883117481e-21,1.1919538799442768e-19
14,DCAKD,3.7252808,1.6023313,0.0001950978746423356,0.002716166671878678
14,FNBP1,13.532826,1.6007509,1.0009905330043927e-41,4.125015253808902e-39
14,ZDHHC18,8.348822,1.5974971,6.894740596497419e-17,5.59306424188834e-15
14,RASSF4,5.34734,1.593436,8.925625554186091e-08,2.456494292103558e-06
14,TRIT1,5.778658,1.5930076,7.52987724039164e-09,2.489047228543149e-07
14,HCK,10.442248,1.5909222,1.5900016243382792e-25,2.685365038438426e-23
14,SLC25A25-AS1,3.1303658,1.5882242,0.0017458876648876905,0.018485834209895118
14,VIM,14.696223,1.5846215,6.81566882857679e-49,3.974563707260808e-46
14,PLEKHO1,11.387758,1.5807492,4.812120592334272e-30,1.0699871305559378e-27
14,RAB34,7.838912,1.5803373,4.544666783264579e-15,3.093877010360316e-13
14,JPT1,11.1984,1.577379,4.1516628933846236e-29,8.6699625030972e-27
14,RNASE6,7.808253,1.5738078,5.798618020411108e-15,3.904529131957432e-13
14,TOP1MT,4.8373637,1.5736232,1.3157253263853006e-06,2.9944862049035704e-05
14,CD59,10.105798,1.5712974,5.207014416268914e-24,7.485264863424341e-22
14,ATP2B1,10.418418,1.5709758,2.0432388535364012e-25,3.413534229527003e-23
14,USP45,4.7413516,1.5707762,2.1229721006888308e-06,4.637081181342028e-05
14,LY86,9.029314,1.5704434,1.7275050925935146e-19,1.7391530911005785e-17
14,RASSF2,10.086608,1.5683966,6.332013720751181e-24,9.018596685127039e-22
14,MYO1D,3.8089416,1.5681106,0.00013956290312000313,0.0020194150967836784
14,BZW2,8.520488,1.5675312,1.588830611928151e-17,1.3602766682233617e-15
14,TRERF1,6.8891196,1.5660647,5.613875875651313e-12,2.825864196885263e-10
14,BRCA2,4.9833302,1.5623013,6.249918873787357e-07,1.5186025364162408e-05
14,IFT20,9.903782,1.5602382,4.0082282668559963e-23,5.339754786367167e-21
14,GDPD5,3.2775865,1.5591134,0.001046986898297819,0.01184885538838912
14,LAP3,10.334299,1.5542028,4.93002176552185e-25,7.813958087537632e-23
14,IRAK2,3.7322102,1.5538447,0.0001898071050283992,0.00264847322578453
14,LGALS9,10.348525,1.5493618,4.2498318572813965e-25,6.770595526443099e-23
14,PPP1R14B,10.951337,1.5444223,6.5473800317154975e-28,1.2889163989823623e-25
14,CHN2,7.015276,1.5441444,2.2949561028082426e-12,1.2083510778448782e-10
14,ST14,4.9193745,1.542349,8.682124123502447e-07,2.048384811336566e-05
14,CNTLN,5.4540677,1.537827,4.92303884442582e-08,1.4075519108665015e-06
14,EPSTI1,8.393444,1.5377737,4.721040461283192e-17,3.8910186009834564e-15
14,PITPNA,9.520439,1.5362365,1.72448454231221e-21,2.0265644011119192e-19
14,SAT1,10.006471,1.5337069,1.427541772760077e-23,1.9609348253642534e-21
14,GINM1,9.710265,1.5243148,2.726266752152763e-22,3.397609939870381e-20
14,ST3GAL6,4.8080206,1.5236517,1.5243198366700163e-06,3.423848342438968e-05
14,FAM221A,3.9108434,1.5232841,9.197439231427246e-05,0.0013934571290476563
14,WDR41,8.435225,1.5198311,3.3056782142535663e-17,2.7763205589112765e-15
14,CD86,9.55365,1.5177565,1.2520568078178392e-21,1.4769969373750365e-19
14,DENND1B,9.179521,1.5134307,4.33015468767482e-20,4.567648154674596e-18
14,ACSF2,2.9530296,1.5122663,0.0031467180814445904,0.03092388417908043
14,TIGAR,6.973133,1.508579,3.099589508640252e-12,1.6019901830024124e-10
14,SMIM14,10.044541,1.507226,9.709858460962163e-24,1.3457515491164018e-21
14,C16orf86,3.6355302,1.5049878,0.0002774094611149941,0.003726160023764069
14,NFKBID,6.575059,1.5041481,4.863385931231574e-11,2.1879573359035556e-09
14,RNH1,11.461671,1.5016563,2.0551059011217372e-30,4.670379271027172e-28
15,TMEM210,4.0880394,26.798302,4.350347082471442e-05,0.0005840841758381619
15,MYMX,3.7265823,13.106787,0.00019409364955155637,0.002302822428671767
15,AC097375.1,12.501669,12.4651165,7.310030580219759e-36,8.96552044217667e-34
15,SHD,15.024845,12.189213,5.0479488382201635e-51,1.0759789982266938e-48
15,CLEC4C,23.196331,11.149898,4.958437077007722e-119,1.0946458195648405e-115
15,AL513493.1,4.084955,10.995106,4.408528000550239e-05,0.0005916386231567792
15,KCNK10,9.8533745,10.953584,6.628023636964997e-23,4.367853444513372e-21
15,SCT,21.741245,10.596519,8.360079493913935e-105,8.909826790289586e-102
15,LRRC26,18.498465,10.559259,2.1243687094777552e-76,1.0259041203723278e-73
15,LILRA4,23.909468,10.325721,2.4413968813670333e-126,9.432031676551363e-123
15,CUX2,12.126109,9.833837,7.68133511004027e-34,8.509212338566833e-32
15,KCNA5,8.52459,9.514878,1.5335289800965717e-17,7.258312433054325e-16
15,MAP1A,23.030779,9.167204,2.2923484201923885e-117,4.72330750819241e-114
15,KIRREL3,3.599226,8.982568,0.0003191657575407481,0.003614677929025981
15,EPHB1,13.307955,8.873674,2.081002589202072e-40,3.0468798178719945e-38
15,AC007381.1,4.7967553,8.679774,1.6125621519864025e-06,2.730929229120205e-05
15,JCHAIN,24.06726,8.421849,5.506903358775367e-128,4.255046552741757e-124
15,LINC01724,4.066299,8.349517,4.7765615761406614e-05,0.0006366071092444132
15,MIR4432HG,5.274297,8.33683,1.3326577852115524e-07,2.616801408356636e-06
15,SMIM5,16.040407,8.3349085,6.671542306861469e-58,1.77756343170834e-55
15,TLR9,3.4752011,8.213079,0.0005104706312012997,0.005547509071216094
15,SLC12A3,9.924463,8.110759,3.258504831309382e-23,2.1704872590792903e-21
15,AC104024.1,3.4725742,8.011897,0.0005154923066960028,0.00559126654626894
15,PROC,10.524873,7.898297,6.635113562233791e-26,5.152549117285421e-24
15,AC011893.1,11.000949,7.8973613,3.781300017584103e-28,3.2920743561541376e-26
15,PTCRA,18.277756,7.893302,1.2444387752782333e-74,5.656157239341818e-72
15,PHEX,15.29988,7.819248,7.65982437143505e-53,1.7280451959703876e-50
15,FAM160A1,2.8686843,7.7620893,0.004121831493352911,0.0359573486445801
15,KRT5,9.781475,7.6346855,1.352256564612307e-22,8.780292782032054e-21
15,DERL3,22.799532,7.563965,4.634493458855139e-115,7.957682740713099e-112
15,TTC39A,8.487777,7.5596356,2.106281193087993e-17,9.818828481865853e-16
15,SLC35F3,11.939828,7.4677444,7.337471487203423e-33,7.929343750174692e-31
15,LAMP5,18.827274,7.459123,4.514093724855152e-79,2.491376692037468e-76
15,CYP46A1,11.329399,7.3518567,9.384662367569242e-30,8.789447266498867e-28
15,SCARA5,4.3056016,7.336833,1.665324237922513e-05,0.00023950756734048912
15,PTPRS,8.233098,7.334798,1.8243303579565942e-16,7.975187888736133e-15
15,NLRP7,7.6433153,7.286739,2.116987833690598e-14,8.047938865421317e-13
15,SMIM6,8.349666,7.115371,6.845661150740921e-17,3.066360133129705e-15
15,IL3RA,22.859707,6.9629855,1.170122629363083e-115,2.2603112566078005e-112
15,CRYM,3.34084,6.932816,0.0008352534753854192,0.008622304329905527
15,DRD4,7.007742,6.909318,2.4219499043619396e-12,7.871209852167663e-11
15,LINC01800,6.795642,6.905191,1.0783115066215636e-11,3.283485097059376e-10
15,KLHL33,7.504666,6.894066,6.15854234298754e-14,2.260594634141519e-12
15,SPIB,23.256973,6.8928714,1.2092396455192042e-119,2.874920748004773e-116
15,EPHA2,9.750706,6.892824,1.831906339183453e-22,1.182019399272296e-20
15,AP001453.2,8.317145,6.8333173,9.010743910046099e-17,4.012897147374564e-15
15,DPPA4,7.2689595,6.813057,3.6226649415660176e-13,1.2622965653774622e-11
15,PACSIN1,20.748302,6.8083706,1.2699787865830306e-95,1.1214638387691922e-92
15,SMOC1,3.571959,6.75402,0.0003543207419655671,0.003982178607974466
15,TSPAN13,22.777534,6.7260203,7.658006908096792e-115,1.2457158921502504e-111
15,FAM221B,3.6950016,6.721775,0.00021988532842115208,0.0025791255580692777
15,KCNG2,6.8976026,6.7073474,5.2887508756810634e-12,1.6489159222601203e-10
15,SCAMP5,14.840828,6.7041783,7.976581957336271e-50,1.6326636990423317e-47
15,SLITRK5,3.688723,6.640385,0.00022538231672094043,0.0026395950219378953
15,SCN9A,16.716932,6.621639,9.866946925536115e-63,2.93228585218793e-60
15,DNASE1L3,20.208628,6.605859,8.220084960688023e-91,6.351454146999619e-88
15,AC119428.2,18.570305,6.4722,5.5883811467481326e-77,2.8786682683757424e-74
15,ASIP,10.171001,6.427987,2.6714800581144135e-24,1.8981019346239582e-22
15,COL24A1,8.899688,6.3869867,5.600383793751003e-19,2.880050946979405e-17
15,PPM1J,11.595515,6.386724,4.342427414605955e-31,4.20725404712308e-29
15,HHIP-AS1,9.011587,6.336723,2.030952979179789e-19,1.0675282946855399e-17
15,VASH2,10.874977,6.334608,1.5169446875527411e-27,1.2569493152330448e-25
15,SERPINF1,23.790667,6.320787,4.1718906115874855e-125,1.1721874830212219e-121
15,NAT8L,4.1291533,6.3130455,3.6410202549664126e-05,0.0004988165470755625
15,ZFAT,20.88373,6.290334,7.527817251680033e-97,6.843007288166906e-94
15,PLEKHD1,4.6129775,6.232859,3.969411985677338e-06,6.301110233247534e-05
15,NOTCH4,13.882472,6.1846566,8.090425505144854e-44,1.295599902007834e-41
15,PLD4,24.028206,6.125193,1.4108948711295888e-127,7.2677546303337e-124
15,ZNF385C,4.0335054,6.10981,5.4950906955563786e-05,0.0007245595909878882
15,SMPD3,22.747236,6.1086993,1.5283342978258863e-114,2.3306980411855035e-111
15,LCNL1,6.3880486,6.0903587,1.6801589491078882e-10,4.599528134639283e-09
15,LRRC36,4.7230787,6.072452,2.323010025807503e-06,3.8517849177914425e-05
15,SYCP2L,5.315078,6.0696106,1.0661169389382739e-07,2.121730600886364e-06
15,FAM129C,18.542826,6.0468707,9.31945619154546e-77,4.645748911485412e-74
15,BCL11A,24.034227,6.0380516,1.2204889363343285e-127,7.2677546303337e-124
15,KCNK17,10.483661,6.037028,1.0269042778689537e-25,7.875565884887283e-24
15,AJAP1,3.67588,6.0205183,0.00023703106008908395,0.0027613716449955967
15,TCF4,24.348618,5.8676805,5.996182813414126e-131,9.26620111070952e-127
15,CIB2,16.304623,5.838135,9.150125536107804e-60,2.5709357267680356e-57
15,RASD1,11.891278,5.804667,1.3138042213394075e-32,1.390607776333461e-30
15,TNFRSF17,8.476185,5.764297,2.3269925559971978e-17,1.0815091568151187e-15
15,PLVAP,7.8823276,5.749472,3.2133863031871986e-15,1.2881469581401653e-13
15,ACSBG1,3.077081,5.742344,0.002090385490227122,0.019673430068955437
15,IRF7,24.491768,5.7369447,1.807762411675316e-132,5.5872512857649e-128
15,SDK2,7.8947434,5.7220483,2.9091268030864283e-15,1.170734141966045e-13
15,CYYR1,5.6533465,5.667995,1.5735339201376403e-08,3.4589767332641566e-07
15,RHEX,15.976635,5.5558343,1.8591460336795108e-57,4.911164654951508e-55
15,MZB1,22.248266,5.5542417,1.1723929090306263e-109,1.509797818308732e-106
15,BEND6,5.9366164,5.457159,2.909644727593318e-09,7.052636116351451e-08
15,CCDC183,7.0539,5.4268193,1.7397144578271226e-12,5.7384583509138613e-11
15,TPM2,21.029837,5.424772,3.498464685240129e-98,3.378970250834896e-95
15,CCDC50,23.894707,5.37814,3.4764258726675815e-126,1.1938432716281883e-122
15,UGCG,23.82988,5.367502,1.63730423046872e-125,5.060416185109673e-122
15,COBLL1,18.162754,5.3559523,1.0178615906643609e-73,4.430851856713156e-71
15,TRAF4,18.196276,5.3476877,5.523891945093612e-74,2.474303309376931e-71
15,TCL1A,8.785585,5.335993,1.555528779382985e-18,7.804663633829531e-17
15,AC004846.1,10.483785,5.3319426,1.0255597597821797e-25,7.875565884887283e-24
15,CADM4,5.3861966,5.300107,7.196431321242589e-08,1.4671510741797142e-06
15,IRF8,23.936531,5.298231,1.2763985381548309e-126,5.6356642312501944e-123
15,GUCY2D,4.0902686,5.2796454,4.308737227530487e-05,0.0005795045321639894
15,TRAV38-2DV8,3.1858237,5.277716,0.0014434249641183555,0.014140074600952778
15,FUT7,15.339981,5.2546124,4.133149268001618e-53,9.462462550083408e-51
15,TTC24,6.327809,5.242735,2.4866715591986643e-10,6.7005717419488334e-09
15,GZMB,22.853552,5.218133,1.3472322616322106e-115,2.449347500603926e-112
15,LINC00865,6.9504404,5.141593,3.6414731275427835e-12,1.1602784531233485e-10
15,P2RY14,17.374826,5.1171384,1.2799311837227927e-67,4.599864313409344e-65
15,PPP1R14A,14.430475,5.09719,3.3278165392206823e-47,6.388374271906436e-45
15,DACH1,6.164673,5.061118,7.062891088958911e-10,1.8251904254720154e-08
15,MSRB3,6.6460505,5.0408015,3.010625381590675e-11,8.82821619248795e-10
15,PTGDS,7.849525,5.018591,4.1761528701048066e-15,1.6568980328155232e-13
15,DYRK3,3.4980345,4.9893947,0.0004687005424272931,0.00513692470382991
15,BSPRY,5.385193,4.9425983,7.236706891901968e-08,1.4734183129645201e-06
15,CA8,4.3071394,4.932351,1.6537942850687828e-05,0.00023796005571983644
15,MYBL2,9.365946,4.9039416,7.537239550287826e-21,4.387070862160939e-19
15,BLNK,20.967863,4.865953,1.2892498230629922e-97,1.2074801297396334e-94
15,KCNK1,3.374142,4.8055415,0.0007404617501756012,0.007726350882065262
15,COBL,3.9644926,4.7980847,7.355222739673998e-05,0.0009460169338955649
15,VIPR2,7.638728,4.772209,2.1937806787076707e-14,8.319408519854967e-13
15,BIK,5.433794,4.771233,5.5168313924966495e-08,1.1397640898923392e-06
15,AZIN2,9.77368,4.7449255,1.4604876191620139e-22,9.463163699253745e-21
15,ZNF521,2.7856107,4.698933,0.005342697936903077,0.04511660249613754
15,TMEM8B,12.582918,4.6980066,2.6216206701818134e-36,3.280422269364749e-34
15,TREML2,3.6034927,4.6949315,0.0003139694148440903,0.0035623541499949702
15,PLCB4,3.3562887,4.691535,0.0007899607573287353,0.008190311011995714
15,BCL7A,15.032238,4.6482024,4.51490217172396e-51,9.690422320935586e-49
15,NAPSA,5.072687,4.6470695,3.9223676113019227e-07,7.20312630793277e-06
15,KCTD19,3.3786693,4.616281,0.000728375584102611,0.007620820642471022
15,PPP1R14B,24.252354,4.609939,6.2445835880617876e-130,6.433378165207523e-126
15,SH3BP4,6.4713783,4.5493097,9.711295863684134e-11,2.7286092841716867e-09
15,SLC7A11,9.654529,4.5208144,4.703185371050809e-22,2.918902615724244e-20
15,TNFRSF21,14.274262,4.5207095,3.166181984258651e-46,5.756305093381301e-44
15,TLCD1,2.7504766,4.5048513,0.005950865776656041,0.049534987492353424
15,DUSP5,17.593576,4.4989295,2.7590252204531084e-69,1.0399169815676125e-66
15,FAM81A,2.9918377,4.489605,0.002773035575605022,0.02531941227037649
15,PNOC,7.2611437,4.463896,3.83831403988716e-13,1.3344293816737059e-11
15,IRF4,14.459604,4.463607,2.1804866940415836e-47,4.2385095756442277e-45
15,SERPINF2,8.83378,4.457414,1.0119624750380812e-18,5.1611756132016465e-17
15,PFKFB2,13.939406,4.449267,3.649619798326378e-44,5.936778900361756e-42
15,IFNLR1,5.904476,4.420001,3.537691070402164e-09,8.443198294433952e-08
15,AC023590.1,12.320843,4.407464,6.995970786486505e-35,8.038084353083212e-33
15,TIFAB,8.08975,4.407092,5.97871426147461e-16,2.5522668740248037e-14
15,APP,22.719875,4.3915315,2.850191761194106e-114,4.0041307619648286e-111
15,AL096865.1,12.948168,4.391164,2.4062773335018385e-38,3.320125604756309e-36
15,CBFA2T3,16.934772,4.335,2.4932111888581286e-64,7.7225648122224265e-62
15,ITM2C,22.745676,4.3326707,1.5836107957710412e-114,2.3306980411855035e-111
15,GAS6,20.338905,4.3246884,5.82143934526181e-92,4.6134160472822244e-89
15,KIF17,3.1337843,4.32162,0.0017256761487337599,0.016620589818920013
15,NEK8,12.075001,4.3213253,1.4316314955446784e-33,1.5690579657021055e-31
15,P3H2,8.242311,4.310017,1.689162633839589e-16,7.405241067245415e-15
15,AEBP1,12.501242,4.3006783,7.349415060269021e-36,8.968834530449814e-34
15,GNG7,17.333277,4.292473,2.6385701821142936e-67,9.373596392943273e-65
15,WDR66,3.6586971,4.2901196,0.00025350071904268676,0.002941046067361982
15,RBMS3,3.1912737,4.289202,0.001416470168403877,0.013906875316028787
15,PLXNA4,10.876433,4.2854486,1.4929089518477796e-27,1.2403585208268636e-25
15,C19orf81,3.1727884,4.276808,0.0015098257858420189,0.014720563269091253
15,FZD3,9.043749,4.2273073,1.5138878312367502e-19,8.067195034488662e-18
15,SLC8A1-AS1,3.160069,4.1980605,0.0015773184578511891,0.015286980739042553
15,CYB561A3,22.182823,4.1968584,5.031984964158827e-109,6.220942371490274e-106
15,FLT3,10.0470915,4.1399755,9.461862174672956e-24,6.498617205169267e-22
15,CCDC189,8.371521,4.129273,5.687934783491039e-17,2.570131584113414e-15
15,PMEPA1,17.426588,4.1147814,5.184869621832237e-68,1.8852795929643405e-65
15,C12orf75,21.961006,4.101792,6.797608613149414e-107,7.781247755800331e-104
15,CLIC3,20.415743,4.101538,1.2117325233001187e-92,9.855530815167572e-90
15,TXNDC5,3.7917938,4.100808,0.00014956299828757427,0.0018070928804042447
15,IGKC,21.874477,4.0785155,4.546836606216054e-106,5.01889567815427e-103
15,AC100793.2,4.744293,4.074234,2.0923551337990213e-06,3.4937017893207106e-05
15,ST6GALNAC4,16.9991,4.0660048,8.339072392478146e-65,2.6570691797352792e-62
15,OPN3,16.513699,4.0644956,2.9239770521161318e-61,8.445921378481615e-59
15,LINC00996,19.80699,4.055657,2.5912560968691984e-87,1.7797322707985847e-84
15,SEMA7A,6.715533,4.043984,1.8738013800289984e-11,5.584723168038212e-10
15,SLC4A3,3.0164907,4.0252604,0.0025571903462567923,0.023527648517223058
15,RUNX2,18.10354,4.008375,2.988292343080982e-73,1.2827659923278322e-70
15,EGLN3,11.364375,3.9996526,6.29130718249924e-30,5.946343458394618e-28
15,ST3GAL4,13.307634,3.9951022,2.089942477072711e-40,3.0468798178719945e-38
15,IDH3A,19.435923,3.986874,3.834631235931667e-84,2.4691030751862504e-81
15,RUBCNL,13.357628,3.9560072,1.0691700522550077e-40,1.5886941733194965e-38
15,PTK7,8.420198,3.9536698,3.758460705943316e-17,1.7209295561272604e-15
15,LINC02132,6.6612725,3.9342458,2.7146671504397488e-11,7.975495971353736e-10
15,NUDT17,5.4944053,3.9240203,3.920290276850483e-08,8.231277961047411e-07
15,BAHCC1,3.4079309,3.8890069,0.0006545748830961446,0.006928406134196076
15,GUCY1A1,7.1634502,3.885855,7.867152131574192e-13,2.669045784089611e-11
15,AR,5.306352,3.8844113,1.118408786781871e-07,2.221507736058309e-06
15,PLAC8,22.397892,3.879506,4.1264878198544214e-111,5.545102567314809e-108
15,WNT10A,4.9963965,3.8654082,5.841151459935196e-07,1.0496073730942856e-05
15,NECTIN1,8.14029,3.8464417,3.9433033162429436e-16,1.7021742401553165e-14
15,P2RY6,12.822174,3.8200161,1.2319680596780318e-37,1.6483305982886983e-35
15,ZNF556,3.672288,3.7800028,0.000240388699832164,0.002795219543157522
15,GRAMD1B,15.628905,3.779483,4.6268076928584494e-55,1.1259901209698905e-52
15,HS3ST3B1,12.019595,3.7699883,2.8034011107595553e-33,3.050870356698788e-31
15,CLN8,19.002348,3.748612,1.6308543196369552e-80,9.510342350381013e-78
15,IGHM,18.556263,3.7227776,7.258219631929663e-77,3.677537609246723e-74
15,MIR193BHG,3.216405,3.7211866,0.0012980749337077224,0.012825959711030876
15,CUEDC1,9.734475,3.7178597,2.1492406540921198e-22,1.3724500185129163e-20
15,GAPT,20.039602,3.7096717,2.487448440528222e-89,1.7878969523582735e-86
15,GPRC5C,5.343797,3.707385,9.101951410014477e-08,1.8326645747838272e-06
15,LRP5,4.445054,3.70262,8.786979883434092e-06,0.00013267180618334022
15,TLR7,15.252124,3.6728504,1.5936329155882299e-52,3.543482915257944e-50
15,DTX4,2.8583994,3.6657202,0.004257842233526235,0.03699622397434991
15,MAPKAPK2,21.130213,3.64294,4.196480690727347e-99,4.183891248655165e-96
15,SETBP1,10.888918,3.6382632,1.3017808272988954e-27,1.0903560983557441e-25
15,CSF2RB,16.253416,3.634429,2.112552073331706e-59,5.88222044418586e-57
15,RIMS3,5.2988863,3.628431,1.1651129105489519e-07,2.305386986321156e-06
15,MOXD1,2.8122327,3.6169589,0.004919889457269916,0.0420052550982987
15,PALD1,10.297589,3.6087697,7.224942813336287e-25,5.304069062512699e-23
15,STARD4-AS1,5.283954,3.6045659,1.2642484712032486e-07,2.4872137173442907e-06
15,FCHSD2,19.393549,3.5677583,8.748840255606588e-84,5.408008115600656e-81
15,ADGRG5,11.62315,3.5559351,3.1432988882607505e-31,3.084125039348413e-29
15,LTK,5.3593225,3.5411162,8.353461620746664e-08,1.6852509028225662e-06
15,RECQL5,10.338442,3.5158675,4.721496911132337e-25,3.5078679094319026e-23
15,KANK1,4.9981136,3.4987478,5.789392227099795e-07,1.0409118415530736e-05
15,SLC9A7,10.183725,3.4917257,2.3441244680521253e-24,1.6732068114107862e-22
15,SLC15A4,20.096596,3.4705427,7.90311743672325e-90,5.8157535861144165e-87
15,AC005224.3,10.57593,3.46629,3.85336795141646e-26,3.0537446993443213e-24
15,ASAP2,4.120158,3.4633834,3.7861262111660754e-05,0.0005152699375099511
15,SLC7A5,15.640185,3.4595652,3.875959027590714e-55,9.50748140204335e-53
15,SUSD1,13.825008,3.4426403,1.800905222492402e-43,2.85438860059347e-41
15,PAPLN,4.0997934,3.4316459,4.1351928827902196e-05,0.0005583503994250647
15,C12orf45,18.861515,3.415814,2.363479825559246e-79,1.328146744882902e-76
15,MCOLN2,12.82449,3.4154005,1.1957207893393762e-37,1.6067888015700913e-35
15,NME8,5.257345,3.400979,1.4614988383591124e-07,2.8498766307359676e-06
15,LILRB4,18.902172,3.3947163,1.0945218515117405e-79,6.264516086050623e-77
15,GRASP,9.809566,3.3916996,1.0240814004825038e-22,6.691603349833561e-21
15,KPTN,4.6109657,3.390018,4.008023915350834e-06,6.359137328118493e-05
15,WDFY4,14.892444,3.3875086,3.6902873237369643e-50,7.654745658707271e-48
15,MYCL,12.519044,3.382653,5.87384331863998e-36,7.261715017968234e-34
15,TNNI2,10.083687,3.3777204,6.523160646509425e-24,4.540795632920423e-22
15,EMILIN1,5.698159,3.3730075,1.2110778221930458e-08,2.7006336400086916e-07
15,AFF3,14.379622,3.3624852,6.947202844298357e-47,1.2780785613614841e-44
15,ATP13A2,13.625265,3.3618343,2.833784955564829e-42,4.3358312683981275e-40
15,TEX2,9.1729765,3.3611896,4.6013668920272234e-20,2.544086700033728e-18
15,CLCN5,9.212919,3.3455899,3.1737267036042974e-20,1.7769994787735146e-18
15,HERPUD1,21.991947,3.3445337,3.439120935595208e-107,4.0881888752477345e-104
15,SEMA5A,4.1192484,3.3349528,3.8011040516190296e-05,0.0005168531584838951
15,FUZ,7.4116535,3.323604,1.2473411754475425e-13,4.48795968679362e-12
15,LINC02207,4.747381,3.3195074,2.060672358747784e-06,3.4445213949063144e-05
15,BLK,8.766565,3.3150015,1.841986802095698e-18,9.182304208447055e-17
15,AC093525.4,3.8628612,3.3011577,0.00011206669851906549,0.0013854581804515027
15,MYB,3.8818378,3.2932756,0.00010367002362684541,0.001291466916660585
15,MPEG1,19.468891,3.292554,2.0158974320773288e-84,1.3256455730471064e-81
15,ABHD15,17.754333,3.2873218,1.5955508936358075e-70,6.404375515532714e-68
15,CCDC102B,5.345407,3.2651205,9.021401748405633e-08,1.8176301423596667e-06
15,CXCR3,17.239573,3.251721,1.3402390198332892e-66,4.551952459998623e-64
15,PTP4A3,6.3310504,3.2505188,2.4349765610266953e-10,6.572735421104984e-09
15,DENND5B,5.5688467,3.2478273,2.5643077986239234e-08,5.488577640725042e-07
15,CD2AP,19.232113,3.2330377,1.993409361780603e-82,1.1848135220106364e-79
15,HHAT,4.7145877,3.2163525,2.4220077176738852e-06,4.003047728884854e-05
15,GSEC,4.76907,3.2137604,1.850782648954668e-06,3.110502410616744e-05
15,ARMH1,12.396057,3.1917584,2.745026409901265e-35,3.238188215680092e-33
15,GPX7,10.82395,3.189601,2.6510127245758873e-27,2.1791183584698657e-25
15,MMRN1,2.8541281,3.1838515,0.0043155115583557915,0.037403117143606966
15,FCRL5,3.8623402,3.1810975,0.00011230607094084821,0.0013878623488879631
15,SLC41A2,6.943393,3.177388,3.827921310829966e-12,1.217176583887055e-10
15,CD74,17.678892,3.1734018,6.098284383063594e-70,2.3559959428418313e-67
15,E2F5,6.474112,3.170884,9.537125607837212e-11,2.687000375218092e-09
15,PHACTR1,15.942962,3.1674893,3.1887659604817163e-57,8.281948700891463e-55
15,CCDC186,19.86918,3.1546595,7.522069623247104e-88,5.283741041947687e-85
15,ZDHHC17,15.838763,3.151981,1.6809465982458001e-56,4.2584439763920446e-54
15,LINC01176,2.8589418,3.1488755,0.004250568464720487,0.03695423897021549
15,CDCA7L,8.795293,3.1351068,1.4267485076450196e-18,7.193558911220982e-17
15,AC127024.5,3.0517018,3.1328363,0.0022754796824995013,0.021164083823957895
15,TUBB6,9.949522,3.1061444,2.533970192350902e-23,1.7025525377171593e-21
15,BAIAP2,9.042091,3.0951068,1.537020788691109e-19,8.176368591407247e-18
15,KCTD5,15.190061,3.0834544,4.1154035775500674e-52,9.020906267470917e-50
15,RPS6KA4,15.502796,3.065918,3.3211659930776735e-54,7.895944411388588e-52
15,ALOX5AP,20.488913,3.0558197,2.7036602244833413e-93,2.321167404391851e-90
15,CHAF1A,10.653861,3.046463,1.6728050387792613e-26,1.3463902430612144e-24
15,MFSD2A,4.013286,3.0285223,5.987930503564031e-05,0.0007838583992954406
15,SIDT1,12.425083,3.01904,1.9102708150916627e-35,2.2795652541327422e-33
15,UPK3A,3.6142519,3.0127559,0.0003012162233689592,0.0034264592622982783
15,DAAM1,15.334322,3.0057964,4.509571793865754e-53,1.0248333487721241e-50
15,FLNB,11.802447,3.0040705,3.7912243284410186e-32,3.841815420299231e-30
15,RNASE6,18.656902,3.0039737,1.1098005116090325e-77,6.017649896894801e-75
15,CYP2U1,5.793999,3.0036309,6.872978756511421e-09,1.5852474211007348e-07
15,GPM6B,12.499491,2.9987311,7.513108051100855e-36,9.106181589622515e-34
15,AC099568.2,3.204574,2.9878433,0.0013526251341809629,0.01332236616384035
15,HIGD1A,16.907928,2.9792178,3.9329277472841104e-64,1.1917156655422549e-61
15,RPP25,6.247866,2.974074,4.160982836135973e-10,1.0972994583315233e-08
15,HS3ST1,5.448431,2.972535,5.081609894091756e-08,1.0569133041500262e-06
15,FAAH,3.100632,2.9605513,0.0019310818654707576,0.01834735543071156
15,DHTKD1,12.314927,2.96025,7.528343551789109e-35,8.617722746486889e-33
15,TRIP10,5.6240726,2.9588876,1.8650733733039535e-08,4.059424137232767e-07
15,VEGFB,19.50582,2.9543254,9.797551422632288e-85,6.582889604767308e-82
15,LRRC34,3.3722498,2.9422328,0.000745567830328343,0.007766520030993629
15,CXorf21,12.848489,2.929734,8.770711803239848e-38,1.188931533783921e-35
15,FHL1,5.654769,2.9243066,1.560559612286735e-08,3.43289793145524e-07
15,STMN1,17.310165,2.9225142,3.942779631438553e-67,1.3692077535828241e-64
15,GLT1D1,8.037361,2.9197383,9.179413038926807e-16,3.8494995765822366e-14
15,LINC01684,5.936501,2.913479,2.911691100548242e-09,7.052636116351451e-08
15,SEC61B,23.359276,2.9061465,1.1093078358531873e-120,2.8571147735595385e-117
15,FAM213A,11.702917,2.9023502,1.231458326167775e-31,1.2277639511892717e-29
15,RAB15,3.0977917,2.892275,0.0019496847965863502,0.01849567464950716
15,TATDN3,14.207817,2.8922296,8.194031109539257e-46,1.4308074548165527e-43
15,SEL1L3,16.934645,2.8863838,2.4986458770577623e-64,7.7225648122224265e-62
15,AHI1,14.924657,2.8629565,2.2780415245681425e-50,4.7572587432315933e-48
15,SELL,18.188091,2.853362,6.413499867449998e-74,2.8317434343325297e-71
15,KMO,6.9165277,2.8503106,4.628476735765257e-12,1.4508349946480405e-10
15,SELENOS,20.453804,2.84951,5.55687082058925e-93,4.6417893635662695e-90
15,UBE2J1,17.74653,2.8459086,1.8333936162124053e-70,7.2647046790098475e-68
15,SMC6,15.435838,2.820956,9.397184776068952e-54,2.1837502998042337e-51
15,GAB1,6.251928,2.818811,4.054165974748394e-10,1.0700436189713802e-08
15,ST14,10.480504,2.8133457,1.0617620454854692e-25,8.122742460351337e-24
15,AL357060.1,12.451641,2.8114238,1.3699857906987816e-35,1.6475545071255735e-33
15,FAM30A,6.033272,2.8068426,1.6067272815257747e-09,3.998318847835517e-08
15,DOCK1,3.6855626,2.804387,0.00022819807139762245,0.0026695373931439506
15,TP53I11,8.825183,2.7931964,1.092813571825811e-18,5.555195569805978e-17
15,HLA-DRA,12.602378,2.7858038,2.0487357036287488e-36,2.6057726087264915e-34
15,BAIAP2-DT,7.380184,2.7843616,1.58070858122345e-13,5.6545092731334685e-12
15,ZNF888,4.535273,2.783775,5.752903301570636e-06,8.925952928797373e-05
15,ETV2,3.1409428,2.7836053,0.0016840493144051009,0.016239910190426973
15,SOX4,12.868559,2.7833607,6.765286918470385e-38,9.211221268245118e-36
15,CCDC88A,18.610779,2.7822914,2.6276937633219436e-77,1.400243640396402e-74
15,CXXC5,16.907288,2.7774982,3.975911105540574e-64,1.1930435392130342e-61
15,CD3EAP,5.43578,2.773339,5.455726051834304e-08,1.1286487622760567e-06
15,CHML,10.808086,2.7712402,3.151751510560481e-27,2.5770154480659467e-25
15,ZNF296,6.0321484,2.766769,1.6179389597984256e-09,4.0165172233325255e-08
15,HSPG2,4.6255903,2.7632656,3.7353323879737244e-06,5.963218910904127e-05
15,ALDH5A1,5.628258,2.7479389,1.8203847831765416e-08,3.964949435774304e-07
15,ZNF589,6.5236826,2.7460954,6.860184913662757e-11,1.9559754162968158e-09
15,CERS6,13.158769,2.7444484,1.5153510875288015e-39,2.1385824685960123e-37
15,CTNS,7.0387673,2.7259746,1.939478291738557e-12,6.348668487419292e-11
15,MMP23B,7.307075,2.7225444,2.730197718014181e-13,9.57800463912194e-12
15,SCRN1,10.085429,2.7168045,6.408440300403335e-24,4.471008224933767e-22
15,CDYL,16.363535,2.715368,3.483091417194989e-60,9.876321690939957e-58
15,RPS6KA2,5.6822963,2.7065375,1.328980338515791e-08,2.9507755260422093e-07
15,UNC93B1,17.730616,2.6954157,2.433561049582817e-70,9.520768526513434e-68
15,DSN1,8.025556,2.6902812,1.0106767574264307e-15,4.2269264603218804e-14
15,LRRK1,10.104833,2.6902027,5.258504681772723e-24,3.6853651745929605e-22
15,POLB,10.273196,2.6861613,9.306875230737263e-25,6.784141338594259e-23
15,RRBP1,18.606619,2.6842043,2.8398250527842685e-77,1.487635134006837e-74
15,PTPRE,18.514217,2.671638,1.5858462806843487e-76,7.779960475731931e-74
15,ZNF175,4.598537,2.6667857,4.2546842186300394e-06,6.7297607546161e-05
15,PLP2,20.131628,2.6575294,3.8996671436150096e-90,2.9396832294563194e-87
15,ZEB2-AS1,4.163305,2.6559741,3.136740013572466e-05,0.00043513116516824145
15,MAGED1,8.52262,2.6527686,1.559834190449177e-17,7.371528337035583e-16
15,SRC,7.0392284,2.644231,1.9330690765758536e-12,6.3356697719756e-11
15,ARID3A,14.021993,2.6366982,1.143573498470545e-44,1.910509519850223e-42
15,NPC1,12.84171,2.6324177,9.57357860205777e-38,1.2920986631170282e-35
15,SULF2,15.283308,2.6293926,9.879634092615107e-53,2.212680078988805e-50
15,ST3GAL2,13.26438,2.6153746,3.724844248347878e-40,5.329803758504068e-38
15,ADAM19,12.286165,2.6086218,1.0748526464263633e-34,1.2168670601867989e-32
15,ATG101,13.6921215,2.6021326,1.1315688902215694e-42,1.7663333176807095e-40
15,CCR2,13.293574,2.6014397,2.5223620564370144e-40,3.660030238417784e-38
15,ADA,12.79559,2.5929193,1.7352794855620188e-37,2.301814723616537e-35
15,TMEM53,4.5454297,2.5852191,5.482329333149114e-06,8.531840518612269e-05
15,P2RX1,6.685575,2.5691307,2.3001931758612937e-11,6.803068946061723e-10
15,AL355075.4,3.0447614,2.5634952,0.0023286503963673624,0.021626081069869612
15,MCC,4.3963375,2.563078,1.100926944307698e-05,0.00016280549793166516
15,HIVEP1,8.765972,2.5516646,1.8517205866327897e-18,9.215962668447606e-17
15,SPCS1,21.497189,2.54924,1.6541069578084476e-102,1.7041161248328563e-99
15,MEF2C,16.989288,2.539385,9.857687114740124e-65,3.1088932209721736e-62
15,NREP,8.583659,2.5287733,9.190212409983786e-18,4.410588430983989e-16
15,MILR1,9.806584,2.526641,1.0547821363870195e-22,6.877669090572492e-21
15,PPM1K,16.247997,2.523602,2.307829679110646e-59,6.368579633238636e-57
15,AP002884.1,3.8698573,2.5228956,0.0001088990838864669,0.0013489955854424978
15,GNA15,10.642444,2.5221949,1.8910323167969588e-26,1.5141485962498342e-24
15,PAIP2B,3.788898,2.520078,0.0001513169589448353,0.0018254306206510634
15,BTLA,6.090505,2.5174112,1.1255508290556526e-09,2.8537653382791678e-08
15,NIPA1,6.2633786,2.5042486,3.767240470191115e-10,9.985771973601784e-09
15,TMEM19,11.371363,2.499285,5.8073809191633824e-30,5.505789020508671e-28
15,GPR183,15.229589,2.4923027,2.249992275020526e-52,4.967179374575672e-50
15,CNP,12.489436,2.4915388,8.525538014009124e-36,1.0292922007772657e-33
15,MARCH9,12.643799,2.4897432,1.2105995992386298e-36,1.5655230884380056e-34
15,LRP8,4.801253,2.4885478,1.5767589500982137e-06,2.68057694558226e-05
15,IGFLR1,7.95307,2.4870746,1.819453507142942e-15,7.473777378019557e-14
15,CHPF,5.3413496,2.483019,9.225713280691205e-08,1.8539604705222565e-06
15,SFT2D2,17.428942,2.481162,4.975849982328512e-68,1.8308166119503253e-65
15,NPC2,16.06031,2.4772115,4.841201980764161e-58,1.3011046053867645e-55
15,NRP1,12.308636,2.4739935,8.138756877556872e-35,9.247961721126848e-33
15,REPIN1,13.64645,2.473208,2.119548866820789e-42,3.2754448413415065e-40
15,PDCD2L,4.664436,2.4638,3.0946452996290055e-06,5.03136256052781e-05
15,SLC20A1,14.40982,2.4542632,4.488801745708898e-47,8.357553949073791e-45
15,SPNS3,9.0711565,2.4470868,1.1776015152511978e-19,6.32976174467283e-18
15,TARBP1,10.114196,2.4442844,4.779278247061931e-24,3.357117108680525e-22
15,TMEM268,6.831733,2.4423385,8.38948102472907e-12,2.585181356244281e-10
15,SLC2A1,9.724276,2.4372332,2.3758994906030535e-22,1.5047525728702575e-20
15,PRMT7,9.998418,2.4368322,1.548510106724652e-23,1.0588451740827172e-21
15,AC109826.1,5.9256396,2.4327028,3.110842817723956e-09,7.48807001303694e-08
15,HLA-DPA1,14.429147,2.4309278,3.3925267259450502e-47,6.472396513505164e-45
15,C7orf31,4.136491,2.4122267,3.526574630558825e-05,0.00048421076013630216
15,PLEK,17.27852,2.4098163,6.82764061362694e-67,2.344687649392976e-64
15,BTG2,16.638092,2.406799,3.6919917165103185e-62,1.0867465522112802e-59
15,PLCB3,5.1173973,2.400918,3.097804176393566e-07,5.767700824084093e-06
15,RUBCN,9.6984825,2.3952482,3.0601602984894075e-22,1.926280536566438e-20
15,ZNRF2,14.017209,2.385247,1.2233106634869196e-44,2.0327345524940982e-42
15,MMP11,6.5767083,2.3851407,4.8097632515224577e-11,1.3841280522793723e-09
15,DCPS,11.134824,2.3800054,8.49130844526779e-29,7.69621319993817e-27
15,GGH,5.5733743,2.3756425,2.4985206163746554e-08,5.358901921602462e-07
15,CRYBG3,9.540425,2.3742957,1.4224784207617303e-21,8.671507011929546e-20
15,CBX6,15.543338,2.373051,1.765434292239775e-54,4.262834192988651e-52
15,TXN,18.324469,2.3723648,5.27947686061998e-75,2.4723150201694197e-72
15,LHFPL2,10.263125,2.3698967,1.033080608903929e-24,7.512805265739702e-23
15,ENPP2,7.532672,2.3661692,4.9712465436744524e-14,1.835678816312381e-12
15,SNRNP25,13.219482,2.356175,6.7728040344550844e-40,9.602158453802905e-38
15,CD180,8.336331,2.3534007,7.663123791891169e-17,3.4226035698841094e-15
15,MAP2K6,9.582163,2.3511295,9.503378087975792e-22,5.839381840259797e-20
15,OFD1,15.532006,2.347863,2.1068249031105262e-54,5.0477238201889174e-52
15,NADK,12.907054,2.3451993,4.1071448815293404e-38,5.616793223602979e-36
15,DCK,15.472117,2.3433082,5.351773377023921e-54,1.2530853012399873e-51
15,PAFAH2,7.907924,2.3426857,2.617158944110852e-15,1.0587504121156295e-13
15,LINC00877,3.9744315,2.3373635,7.05475585950538e-05,0.0009104022519821827
15,CEP128,5.6315727,2.331172,1.785738016249104e-08,3.8949756434870186e-07
15,AC245014.3,6.033998,2.3297067,1.599520514902795e-09,3.983592308952513e-08
15,KLC4,4.8279986,2.3295717,1.379119223565011e-06,2.354941317277558e-05
15,ERN1,14.03101,2.3223355,1.007078731321561e-44,1.6916186059214937e-42
15,PTK2,4.665256,2.3192148,3.0823287646527387e-06,5.013975533111695e-05
15,CORO1C,14.0572815,2.318223,6.950567375912249e-45,1.1738862616793436e-42
15,SPINT2,15.4251,2.3153474,1.109824113257569e-53,2.5598010349590812e-51
15,SCAMP4,10.566614,2.2999294,4.2558242973245444e-26,3.3469404976440125e-24
15,SLC2A6,8.370935,2.2871609,5.71625365642949e-17,2.5791569599892885e-15
15,A1BG,14.416624,2.2863507,4.06759541801858e-47,7.66568119418904e-45
15,CST3,11.218913,2.2843363,3.2929160320961157e-29,3.0110696983430367e-27
15,IRF2BP2,16.127136,2.2832623,1.6447075670431664e-58,4.459033050403784e-56
15,MYEF2,3.6743166,2.275675,0.00023848684763144625,0.0027751931474943935
15,NUCB2,15.911517,2.2751992,5.271998218105109e-57,1.357847074391455e-54
15,SLC12A2,7.587487,2.2751806,3.261683483923773e-14,1.2293762370442934e-12
15,PHB,16.42829,2.274396,1.1999622160520714e-60,3.434002982548275e-58
15,SNCA,7.4019666,2.272326,1.3418206014269494e-13,4.816684010255833e-12
15,ENDOG,8.80123,2.269474,1.353245292159765e-18,6.834109843918605e-17
15,ULK1,7.8584733,2.255636,3.888438946352592e-15,1.5507094518054137e-13
15,CD4,15.498731,2.253592,3.538149779405304e-54,8.347602689471736e-52
15,CMKLR1,8.922897,2.2523935,4.54245510997512e-19,2.3567799864013133e-17
15,LGMN,14.210969,2.2522557,7.833402778468088e-46,1.3834684552806468e-43
15,NGLY1,14.412656,2.2496789,4.3082000325190947e-47,8.069911418488949e-45
15,SMIM14,14.10467,2.2478356,3.5545194085450354e-45,6.03623798680777e-43
15,CDH23,5.030971,2.2368464,4.880014164363541e-07,8.877374795643553e-06
15,RASSF2,14.254299,2.2317894,4.2151020225539096e-46,7.618488784273315e-44
15,SCARB2,14.525892,2.2316668,8.305422213393937e-48,1.6454851560856822e-45
15,GPATCH11,11.068112,2.2220244,1.7913332719614914e-28,1.6001369201304572e-26
15,CPED1,7.0010066,2.2206278,2.541303871998931e-12,8.224510866164498e-11
15,CUX1,14.244792,2.2180943,4.829835965401909e-46,8.678822103644e-44
15,CCDC138,3.32285,2.2159293,0.0008910281280867504,0.009137029314790044
15,ERCC1,13.952306,2.2118945,3.04597964339246e-44,4.981063113139194e-42
15,MGST2,13.314323,2.208088,1.9109643308339415e-40,2.8124845034802204e-38
15,TTYH2,4.4148655,2.2048147,1.0107273075612846e-05,0.0001504022575580001
15,CARD11,10.508266,2.1990051,7.913475433111933e-26,6.12986930353861e-24
15,TGFBI,14.890091,2.1953332,3.822504837481109e-50,7.87614380080191e-48
15,NME4,9.518207,2.1942196,1.7619297554787186e-21,1.063593026417593e-19
15,ZFYVE26,5.389071,2.1930478,7.08228648268703e-08,1.4448331902337163e-06
15,ZDHHC4,10.158162,2.18972,3.0476643345832394e-24,2.1604165502056006e-22
15,MDN1,10.464099,2.1890144,1.2627239462255406e-25,9.612563794579503e-24
15,DNAJB9,11.096686,2.1889958,1.3018100880438448e-28,1.1696233834642765e-26
15,CYSLTR1,12.727641,2.1857321,4.151928046527122e-37,5.414499583713661e-35
15,RELT,10.058184,2.1827364,8.454354641599072e-24,5.871881773211292e-22
15,HRH2,8.81096,2.1770415,1.2407891424672552e-18,6.276443539482072e-17
15,AC007952.4,10.303393,2.1726859,6.8018673117977125e-25,5.005364595374569e-23
15,UCK2,5.423001,2.172232,5.860675773083784e-08,1.2075727074580035e-06
15,C11orf24,5.8585615,2.1667495,4.6689364354241445e-09,1.103232556648731e-07
15,QDPR,9.724331,2.1657739,2.3746037115862163e-22,1.5047525728702575e-20
15,IQCE,5.3977456,2.1631427,6.748347959719716e-08,1.380260055667136e-06
15,MTMR1,6.0634646,2.161836,1.3322020891290524e-09,3.355694373978128e-08
15,MX1,11.600457,2.1610267,4.098822996248032e-31,3.9837208284603114e-29
15,RNASET2,18.356503,2.1553116,2.928767940452523e-75,1.3926066267010173e-72
15,C1orf109,7.1509953,2.1506317,8.615083071984225e-13,2.913198823914841e-11
15,AP1S3,4.4023557,2.1481645,1.0708188405337807e-05,0.00015842890332397108
15,TAX1BP3,8.751787,2.1466086,2.0999940204516726e-18,1.0401364613798052e-16
15,CSNK1E,9.060145,2.13012,1.302763741080791e-19,6.97825285018787e-18
15,SLAMF7,12.361196,2.1294115,4.238043221326708e-35,4.980425925534013e-33
15,HS6ST1,3.8764563,2.127979,0.00010598889193678585,0.0013161103588148818
15,ATPAF2,8.608542,2.12656,7.399527094942986e-18,3.57339349880317e-16
15,ANTXR2,11.93314,2.1260424,7.951695653434311e-33,8.56317273730642e-31
15,RIPOR1,7.9855266,2.12592,1.3992395619655737e-15,5.820497596456256e-14
15,TBC1D32,3.709199,2.1220715,0.0002079160466335847,0.002450592508419173
15,HSP90B1,19.419939,2.1213422,5.235171023196608e-84,3.302110832937501e-81
15,SEPHS1,8.275536,2.1146967,1.2787930619645542e-16,5.654314329919667e-15
15,SH3TC1,8.833153,2.114143,1.0176611374316812e-18,5.181689089720094e-17
15,SOGA1,4.8731747,2.1068962,1.0981914270605881e-06,1.9036344608054737e-05
15,PARVB,10.94343,2.1043606,7.144469268141065e-28,6.0663217491878e-26
15,ODC1,12.590107,2.1038053,2.3934908504800988e-36,3.01941313125667e-34
15,XXYLT1,4.855543,2.102374,1.200571217666987e-06,2.0694955172578678e-05
15,CTSC,17.180298,2.1000192,3.729904573176161e-66,1.2263846876931448e-63
15,PWAR6,2.936027,2.0980773,0.0033244538055979505,0.02974779784875966
15,SNX9,11.740691,2.0930693,7.88395349693278e-32,7.88573950581558e-30
15,SGK494,4.4465833,2.0832288,8.724694616957582e-06,0.00013179576565313194
15,N4BP2,10.967887,2.0830119,5.453214754383806e-28,4.6817363448261194e-26
15,TM7SF2,4.432604,2.082262,9.310191749071888e-06,0.00013968451280998293
15,GGA2,13.243098,2.077679,4.946561198279952e-40,7.045316449550159e-38
15,TUBG1,5.494209,2.0704978,3.9246567137809056e-08,8.234851666858551e-07
15,ZBTB10,5.9350233,2.0698972,2.9380393668484652e-09,7.105319460969132e-08
15,FARP2,4.4219003,2.061893,9.783663999295049e-06,0.00014600854815365142
15,EIF4ENIF1,6.685238,2.0607345,2.3054994217003978e-11,6.805737404631727e-10
15,CSF2RA,11.781331,2.059147,4.871771590142764e-32,4.920648514266092e-30
15,B4GALT1,14.224641,2.0568435,6.443427863071165e-46,1.1445231319766695e-43
15,MRPL36,12.311672,2.055902,7.838212487693181e-35,8.939322264100855e-33
15,MREG,3.4050307,2.0547814,0.0006615661038482856,0.006990435409107338
15,ALG2,9.190407,2.0514739,3.9135953233722106e-20,2.179414246116485e-18
15,TMEM39B,5.7566695,2.0408614,8.578960697639166e-09,1.9496318991318653e-07
15,SINHCAF,12.323405,2.035952,6.777114770973928e-35,7.815682321883999e-33
15,CEP126,4.736853,2.0344467,2.170625030786621e-06,3.6126821662101286e-05
15,CCDC106,3.0564,2.033555,0.0022401209533339695,0.02089810392535255
15,CDKN2D,13.264437,2.031109,3.7220864971511315e-40,5.329803758504068e-38
15,STRBP,11.030544,2.0306845,2.7221362098164847e-28,2.3969533856637634e-26
15,ICOSLG,3.3288167,2.0282285,0.0008721576367883315,0.008966679085807484
15,SEC61A2,3.540626,2.0250998,0.00039917877759687977,0.004426773763612043
15,PDIA4,13.137913,2.024631,1.996580670114347e-39,2.8049235805101874e-37
15,CGAS,9.503616,2.0217948,2.027244098386228e-21,1.2189889756580379e-19
15,UBE2E2,8.320194,2.0195255,8.781897164562342e-17,3.9166247570725585e-15
15,IVD,10.54566,2.018102,5.319791669332275e-26,4.1519899273750664e-24
15,MYL6B,7.9994545,2.0178633,1.2497161762379967e-15,5.20552262250509e-14
15,SDHAF3,9.289219,2.0150867,1.5542456898911666e-20,8.96214021221386e-19
15,HHEX,9.253,2.0146127,2.1827872523596998e-20,1.2378606533702981e-18
15,STK11IP,5.5367837,2.0139077,3.080769985346194e-08,6.530682986083321e-07
15,ARHGAP31,6.6275434,2.012701,3.4131918323440937e-11,9.952030185118765e-10
15,RIOX2,6.8250146,2.0105429,8.791633971132651e-12,2.698341918031746e-10
15,PAIP1,11.415885,2.0080512,3.483406657606986e-30,3.3228904187240464e-28
15,SLC1A5,10.312256,2.0079308,6.202788118115955e-25,4.575407455050354e-23
15,STAMBPL1,7.3735466,2.0071514,1.6614741687026175e-13,5.916034807844677e-12
15,AC008124.1,8.81102,1.9981078,1.2401273806675677e-18,6.276443539482072e-17
15,RASSF8,4.341377,1.9960259,1.4159273318270744e-05,0.00020632751553408481
15,MAN2B1,7.23535,1.994675,4.64329410247306e-13,1.603466936593686e-11
15,GRN,12.773052,1.9931384,2.3188071228953443e-37,3.0367530401409493e-35
15,AL135925.1,6.063328,1.992681,1.333335176421988e-09,3.355813542155894e-08
15,HLA-DRB1,11.621163,1.9892849,3.2172396794738505e-31,3.1466843915664017e-29
15,IL18R1,9.087985,1.9866824,1.0089151641848918e-19,5.451493178227701e-18
15,ARHGAP27,10.909628,1.9865767,1.0367930078082804e-27,8.731379153223576e-26
15,MYO1E,8.105259,1.9864286,5.263335420011095e-16,2.2531012164305114e-14
15,FMNL3,10.775597,1.9855353,4.488646249022543e-27,3.6316908277104642e-25
15,ZDHHC14,5.675877,1.9852455,1.3797993519101233e-08,3.0592151054150774e-07
15,SLC2A8,4.7790346,1.9839575,1.7613886356999787e-06,2.968333618515771e-05
15,LIMD1,8.585103,1.9818664,9.075535643091154e-18,4.369121185685643e-16
15,THBD,5.7432456,1.976851,9.287896324317671e-09,2.1045528716692541e-07
15,SCARB1,3.6813982,1.9752822,0.0002319584470382349,0.002706357011178077
15,SLC44A2,10.46585,1.9737236,1.2395903729813558e-25,9.459757940181423e-24
15,SEMA3C,3.614444,1.9665817,0.0003009928715031248,0.0034259697378609963
15,INF2,5.1197295,1.9652957,3.059742606476718e-07,5.714046207756853e-06
15,SPHK1,3.6551306,1.9651155,0.0002570509565599016,0.002975681920992933
15,SPATS2,5.512336,1.9636257,3.541029556602592e-08,7.46029996632013e-07
15,C9orf139,5.9741936,1.9594452,2.312309382448459e-09,5.662959277601785e-08
15,FAM43A,6.748929,1.958904,1.489406189174028e-11,4.482285987225091e-10
15,RMC1,7.27678,1.9586028,3.4188182097307333e-13,1.1926119007691621e-11
15,AC005726.1,3.3097718,1.9581149,0.0009337205639673002,0.009530548702291065
15,MTURN,7.1839256,1.9568175,6.773761135830175e-13,2.303153305006636e-11
15,JAML,13.963995,1.9523671,2.5852486571138994e-44,4.2501212896499617e-42
15,ASPH,9.740852,1.9511106,2.0185467810610431e-22,1.2943407751504909e-20
15,SLC39A6,8.824589,1.9494563,1.0986262017188177e-18,5.575573073320771e-17
15,HLA-DPB1,12.582992,1.9470279,2.619211624474205e-36,3.280422269364749e-34
15,FCER1A,8.239086,1.9452441,1.7353120546500028e-16,7.59678323981128e-15
15,ZBTB33,6.752094,1.9432962,1.4572667265698322e-11,4.3941212407896395e-10
15,AHCY,8.101001,1.9426572,5.450902521197717e-16,2.3301665867587528e-14
15,SOCS3,7.2248516,1.9419262,5.016487026245087e-13,1.728478980157825e-11
15,TRDMT1,4.5495687,1.9342196,5.375605335390439e-06,8.378408174529113e-05
15,IFNAR2,12.501011,1.9299015,7.370770280953353e-36,8.968834530449814e-34
15,MYO15B,4.838745,1.9275953,1.3066158864815191e-06,2.2397990684128847e-05
15,CAT,13.573119,1.9189737,5.78086392518718e-42,8.801436519002963e-40
15,AMIGO2,4.5762415,1.9183525,4.734038056094978e-06,7.438480640555541e-05
15,TM9SF2,14.2323675,1.912568,5.769508173084695e-46,1.030740977488605e-43
15,PRKCB,14.386658,1.9124981,6.275642208443091e-47,1.161444752912279e-44
15,USP46,5.118508,1.912393,3.079622952048911e-07,5.74423093415665e-06
15,KTI12,4.8316975,1.9070712,1.3537376856867617e-06,2.315438331572814e-05
15,ERP29,19.353168,1.9066586,1.916863820496994e-83,1.161657060786286e-80
15,EIF2AK4,9.023884,1.9041988,1.815363934558252e-19,9.607440603662996e-18
15,SRP14-AS1,3.0841796,1.9039891,0.0020411438562920013,0.019256908780957534
15,FEZ2,12.809155,1.9032663,1.4571115264020921e-37,1.9411614632116147e-35
15,GALNT3,5.932388,1.896026,2.9856018636385517e-09,7.203434566703882e-08
15,CREB3L2,11.073482,1.895553,1.6871587473962925e-28,1.511449721906586e-26
15,IFI44L,6.926368,1.8927644,4.317809912913298e-12,1.3575844453551506e-10
15,CD164,16.584387,1.8917247,9.038424108155022e-62,2.6353827727428985e-59
15,DNAJC4,11.271119,1.8896142,1.8223824416711985e-29,1.6813246007382607e-27
15,SLC25A4,4.023934,1.8836468,5.723399873492558e-05,0.0007514576036110216
15,CYBB,12.450624,1.8828189,1.3875476543391506e-35,1.6622067966147337e-33
15,PARP10,10.554381,1.8803675,4.848203462660186e-26,3.793504415707301e-24
15,KLHL6,9.916976,1.8780262,3.512358616593598e-23,2.3345476938292117e-21
15,CCDC152,4.9321117,1.8756806,8.134535295085829e-07,1.4309281864838801e-05
15,CTSZ,13.821805,1.8735894,1.8828751353898382e-43,2.969082745382333e-41
15,UBL7,8.303229,1.872964,1.0131868723208612e-16,4.486327602123332e-15
15,IGFBP3,4.233155,1.872847,2.304356491305374e-05,0.0003271508777068222
15,TRIT1,4.717492,1.8722043,2.3876980965144284e-06,3.952682649650318e-05
15,CNPY3,15.117981,1.8713603,1.2326447959227194e-51,2.6641505389918524e-49
15,ATF5,8.0787945,1.8697121,6.540991855700048e-16,2.7846065466132423e-14
15,EEF2K,5.6517706,1.8688861,1.5880332302772424e-08,3.4853220117323825e-07
15,AVEN,6.006308,1.867327,1.897951535530946e-09,4.6927990486923956e-08
15,FKBP2,14.795528,1.8666922,1.5655098361241845e-49,3.1624321898751747e-47
15,CHD9,14.185064,1.8656967,1.133612558629099e-45,1.957349907796065e-43
15,SERTAD2,9.065122,1.8656809,1.244653437451505e-19,6.678559685991956e-18
15,TGIF2,5.535955,1.8633004,3.095372277469705e-08,6.557139888948334e-07
15,PATZ1,5.2130623,1.8618317,1.8574868216489083e-07,3.569000333353308e-06
15,TLR10,5.1925907,1.8579035,2.0738789784012976e-07,3.959072117692953e-06
15,KLF16,5.0770483,1.8578748,3.8334382244639704e-07,7.043999714834003e-06
15,HLA-DQA1,12.022201,1.8573362,2.7163808938681805e-33,2.9666142857520798e-31
15,UCP2,16.22269,1.8573108,3.485853910195602e-59,9.534273168355352e-57
15,SLC37A1,4.87859,1.8538718,1.0684675497050257e-06,1.857318704090733e-05
15,MIR155HG,6.607529,1.852449,3.907877585786685e-11,1.1362255178166421e-09
15,MS4A6A,10.966507,1.8517708,5.537034854325298e-28,4.740530089823601e-26
15,DAB2,12.550189,1.8469567,3.965626729186567e-36,4.9223142698381215e-34
15,PBX3,7.375883,1.846037,1.6325930496771822e-13,5.82662279288368e-12
15,PLA2G16,10.913844,1.8457772,9.898050021871524e-28,8.358443497977683e-26
15,DTWD1,8.933002,1.8430957,4.1459886296770357e-19,2.1608780873090748e-17
15,CKS2,8.11234,1.8400844,4.965399180526376e-16,2.131466562118454e-14
15,SIRPB1,6.578071,1.8395514,4.76590630945517e-11,1.3727853337029911e-09
15,ERO1B,8.563717,1.8386602,1.0928577161089758e-17,5.228630562195064e-16
15,HYOU1,7.9129643,1.8353685,2.513316183973084e-15,1.0180742240898573e-13
15,GHRL,4.379411,1.8338205,1.1900047495287672e-05,0.00017505700520554788
15,TASP1,4.3162155,1.8279777,1.5872703040602575e-05,0.00022924188452145034
15,HCCS,6.7089896,1.8254377,1.9597671587773985e-11,5.818494099551686e-10
15,LTB,11.0224285,1.8248066,2.9791044409191814e-28,2.615772186235487e-26
15,MYCBP,6.8168826,1.821179,9.303733977782796e-12,2.849856353333329e-10
15,PIP5K1A,6.620193,1.8210663,3.5873056825923364e-11,1.0449845120818222e-09
15,GMPPB,7.099947,1.8206241,1.2480475411254548e-12,4.15214266453869e-11
15,CIITA,11.007416,1.8205112,3.5195431472864012e-28,3.072839549524881e-26
15,SLC35C2,9.519437,1.818137,1.7411994057876534e-21,1.0531360085064384e-19
15,TMEM109,11.861701,1.8177674,1.8713509215654064e-32,1.9474021189502363e-30
15,DDAH2,11.767087,1.8177307,5.768227193016828e-32,5.8071204512889616e-30
15,CLECL1,5.994866,1.8173397,2.0365337124303265e-09,5.023395646455236e-08
15,NET1,3.748126,1.8168145,0.00017816079432176495,0.0021252086723669585
15,TAGLN2,15.95513,1.8148892,2.624267958195143e-57,6.873580490164175e-55
15,ARHGAP17,8.49432,1.8144182,1.9909527980251137e-17,9.309285647286261e-16
15,STX7,13.971261,1.8143029,2.3345738375722563e-44,3.858538695071964e-42
15,RNF11,8.787909,1.8132304,1.5237000417015163e-18,7.65739791688923e-17
15,LAIR1,12.222615,1.8117619,2.3538916731066953e-34,2.6359322442285735e-32
15,PPP1R15A,11.68893,1.8105564,1.452055302229097e-31,1.4430441551766786e-29
15,EFHC1,4.9213185,1.8081709,8.596304929033931e-07,1.5087222966590103e-05
15,C11orf74,2.8664205,1.8043967,0.004151424448750252,0.03619409744358929
15,ALDH2,11.402896,1.802286,4.044358979107502e-30,3.846123168223864e-28
15,C17orf49,3.3657875,1.8020142,0.0007632544796210661,0.00793738432087762
15,MLEC,13.915407,1.80166,5.106830691404447e-44,8.220667509335274e-42
15,UVRAG,10.908826,1.7937247,1.0459907455848155e-27,8.784901079834209e-26
15,ETV6,10.494992,1.7926141,9.108560565691674e-26,7.037957035095814e-24
15,FGD2,10.344683,1.7884583,4.423807509209892e-25,3.294617317762654e-23
15,SLC7A6,8.509119,1.7871668,1.7525939193203786e-17,8.244660618635456e-16
15,ABI2,8.79218,1.7832022,1.4668601505298378e-18,7.383753529711026e-17
15,SIT1,9.720817,1.781908,2.4580319393481786e-22,1.5535867719720687e-20
15,SMARCB1,11.35166,1.7804295,7.276794255563365e-30,6.835984196252186e-28
15,TBC1D13,3.9752173,1.7797152,7.031499524705779e-05,0.0009085391129184008
15,GNA12,7.7438235,1.7776248,9.647099009138504e-15,3.7504765921439465e-13
15,IRF2BPL,9.526707,1.7770178,1.623524284270496e-21,9.858205315117528e-20
15,BAG1,12.333262,1.7763096,5.996838006487133e-35,6.994123481754635e-33
15,HLA-DMA,12.3287735,1.7759092,6.34042047713152e-35,7.339452272910259e-33
15,RELL1,3.6981964,1.7719584,0.00021713678276589785,0.002550758854027216
15,HLA-DOA,7.135812,1.7709148,9.621770677865682e-13,3.239434273864866e-11
15,ZSCAN16,4.0678754,1.7691145,4.7443780282358053e-05,0.0006328635810042471
15,TOP1MT,3.8293371,1.7679218,0.0001284888938743144,0.001570888545479998
15,EIF4A3,12.2445345,1.7674192,1.7970539535231728e-34,2.019692601510571e-32
15,PDK2,4.6347904,1.7623501,3.5729969790643572e-06,5.730701485829896e-05
15,SGSM3,4.493702,1.7613355,6.99955281715779e-06,0.00010725591418933853
15,SMIM3,6.989047,1.7567527,2.767592696550525e-12,8.891682689426932e-11
15,AGPAT5,6.4154778,1.7560563,1.4038185932423648e-10,3.8773745541860385e-09
15,MIF4GD,9.355691,1.7558798,8.305540025996097e-21,4.825175292922206e-19
15,ATP2A3,10.237003,1.7553761,1.3536458808335399e-24,9.797923475157428e-23
15,TCF3,7.6114225,1.7522954,2.710948658641837e-14,1.0242945011325581e-12
15,SLC2A11,4.6375875,1.748718,3.5249893927756753e-06,5.659576475974951e-05
15,LYN,12.555481,1.7475756,3.709209845323944e-36,4.622602769734965e-34
15,PPARA,6.210327,1.7465116,5.287441521524569e-10,1.3837337434865357e-08
15,TRAM1,14.642818,1.7449856,1.497309666974814e-48,2.9856354759477795e-46
15,CD36,11.8126335,1.7443669,3.358717314150611e-32,3.414732764093846e-30
15,BET1,7.8188925,1.7441101,5.329001675308129e-15,2.0981331818948834e-13
15,TRIP6,4.081197,1.7428203,4.4804391959550225e-05,0.0006007676105396178
15,TAF1A,3.0602527,1.7400637,0.0022115032521860083,0.020649828101303006
15,PARK7,17.643887,1.7400397,1.1338841608524399e-69,4.3265379949958464e-67
15,NIPA2,10.049018,1.7358452,9.278740213430712e-24,6.401295173582657e-22
15,GSN,12.110075,1.7329884,9.340858659663588e-34,1.0273947280933186e-31
15,MARS,8.727622,1.7286029,2.6008425375762157e-18,1.2840932956688196e-16
15,SSR3,14.494721,1.7281837,1.3083250478401336e-47,2.5755670225219755e-45
15,BTK,9.333126,1.7269478,1.0279336023142549e-20,5.9495025930199765e-19
15,USF2,13.661326,1.7258005,1.728070360122555e-42,2.683892995995367e-40
15,PTRHD1,10.955539,1.7213197,6.250534762355588e-28,5.336609886743761e-26
15,SSX2IP,3.4065,1.7206911,0.0006580155282273496,0.006957675652043345
15,DUSP7,5.396362,1.7197727,6.800578283413565e-08,1.3891967812654532e-06
15,TMEM206,4.884852,1.7197084,1.035067032791679e-06,1.8022995370418268e-05
15,LILRB1,9.888598,1.7165111,4.665115695807984e-23,3.0940929358441494e-21
15,CTSB,13.342086,1.7147064,1.3172234175635839e-40,1.94791503189654e-38
15,EAF2,6.131888,1.7140756,8.684228303037146e-10,2.2163785645084153e-08
15,SELPLG,11.839538,1.7085031,2.4379286411602216e-32,2.511635350411299e-30
15,RUFY3,9.260235,1.7044922,2.0398248957498686e-20,1.158913015679066e-18
15,TCEAL9,3.9249933,1.7044113,8.673217466172971e-05,0.0010969964869942915
15,DPYSL2,11.889979,1.7023772,1.334389219911807e-32,1.4075756866830793e-30
15,TBC1D4,7.3775787,1.7013923,1.6119412895421676e-13,5.7595687209109566e-12
15,PQLC2,2.892487,1.7007979,0.0038220481167893687,0.033664303546768026
15,ELMSAN1,9.551552,1.6988245,1.2776827699657592e-21,7.80421766231852e-20
15,RAP1GAP2,4.4783177,1.6978031,7.523364567373944e-06,0.00011448775415254874
15,CCS,11.044438,1.6944449,2.332226611919789e-28,2.0594893684172833e-26
15,STT3A,7.4536347,1.690921,9.080327055483129e-14,3.3017137447507888e-12
15,PRKCD,9.409797,1.6905589,4.970953988436492e-21,2.9208607399354877e-19
15,SNRPN,11.839913,1.689257,2.4270278105714807e-32,2.5087675097435703e-30
15,PPIB,17.327183,1.6881776,2.9335476747290173e-67,1.0303086134414743e-64
15,MANF,11.6529455,1.687496,2.216632682631778e-31,2.188800840961673e-29
15,NFX1,8.919314,1.6868455,4.691856572524643e-19,2.4249366402511563e-17
15,OSTC,14.487217,1.6802171,1.4593721747850756e-47,2.854735177600148e-45
15,DNAJA1,14.126196,1.6777327,2.6191617486544202e-45,4.497246231425676e-43
15,SRD5A3,5.3268194,1.6719681,9.994753544532402e-08,1.999403545636653e-06
15,EPS8L2,5.8729253,1.6699117,4.281713939330177e-09,1.0146359503075589e-07
15,SH2B3,9.352333,1.6693695,8.573502002289729e-21,4.971505185455322e-19
15,CDKN1A,3.6910894,1.6687778,0.0002232956882683546,0.002617140628483138
15,SLC30A5,8.040261,1.6656352,8.96474428155477e-16,3.769705462721269e-14
15,SAP130,3.561149,1.6655762,0.0003692356173747615,0.004131775968936189
15,PI4KA,8.38032,1.6642674,5.2784320888602515e-17,2.392089451178941e-15
15,CYTH4,12.155076,1.6642418,5.391183843960386e-34,6.015354478891107e-32
15,MPZL1,6.367099,1.6642139,1.926371244565309e-10,5.241052469698944e-09
15,BMF,3.4290771,1.6636562,0.0006056373255703074,0.006445741329683709
15,SEPT11,9.642505,1.663575,5.288141794891454e-22,3.27536269448317e-20
15,AC103591.3,4.3319373,1.6610696,1.4780289871536612e-05,0.00021507270200545294
15,FAM214A,9.996855,1.6603637,1.5731425578773997e-23,1.0733138418612978e-21
15,MFSD12,9.762789,1.6590927,1.6262106578946384e-22,1.0514914812458074e-20
15,MED26,3.1779392,1.6584682,0.0014832581755000588,0.014484379282837384
15,GLCE,3.4360476,1.657529,0.0005902671801220732,0.0063060448448091656
15,SYS1,9.527684,1.6574036,1.6083041839475887e-21,9.785011301824433e-20
15,MAP3K14,5.2881145,1.6532899,1.2358374284731164e-07,2.435971135320064e-06
15,PLPP1,5.1202803,1.6531662,3.050816202047982e-07,5.700820819631014e-06
15,THEMIS2,10.564124,1.6524717,4.370286516367777e-26,3.428234653842104e-24
15,APEX1,12.637423,1.6512567,1.3128766379613972e-36,1.6907115937280375e-34
15,MED13L,10.54364,1.6491477,5.435356863325247e-26,4.231500619012429e-24
15,AC139887.2,6.5578303,1.6480334,5.4596342939664935e-11,1.5682241368366395e-09
15,MGLL,5.716585,1.6462587,1.0868608335950279e-08,2.436000850658081e-07
15,CTPS1,4.3548307,1.6438332,1.3316977689611073e-05,0.0001946041746821794
15,ARRDC5,3.0358388,1.6418831,0.0023986746493761413,0.02223630395568938
15,BANP,6.3960013,1.6410594,1.5949845517172276e-10,4.374107146399676e-09
15,RNASEK,6.0884376,1.6383562,1.1401776527392392e-09,2.888481206000956e-08
15,CDK2AP2,12.331362,1.6370642,6.139994868301646e-35,7.134166217842066e-33
15,SYK,11.105212,1.6345731,1.1833652148795714e-28,1.0663052098041666e-26
15,HVCN1,8.7813225,1.6330212,1.6156368298562504e-18,8.093109805570038e-17
15,MIIP,7.838753,1.6327299,4.550411285737418e-15,1.8007626326285067e-13
15,PRAG1,5.3737035,1.6296855,7.713570677288942e-08,1.5684429534405875e-06
15,ARMC5,3.9707327,1.6291475,7.165192851745209e-05,0.0009238824174755494
15,DBNL,13.461886,1.6291279,2.621378741178045e-41,3.95214403676048e-39
15,INTS12,4.689593,1.6274389,2.7374900902440364e-06,4.4932345310234965e-05
15,CEP68,6.1765723,1.6267234,6.550816673918262e-10,1.7042600247541393e-08
15,INPP4A,11.062069,1.6263617,1.9162521048415168e-28,1.7067897349952954e-26
15,C15orf39,6.140635,1.6261663,8.219215666846527e-10,2.104650361352325e-08
15,LINC00893,2.9811,1.625955,0.00287214810510374,0.02611085601586223
15,ARHGAP24,6.926646,1.6236093,4.309348740527992e-12,1.3563038851680104e-10
15,SEC61G,15.173347,1.6190308,5.30982516136079e-52,1.1557096215646334e-49
15,TCP11L1,3.3602564,1.6185641,0.0007787013489443436,0.008084421428223994
15,HIP1,7.047728,1.616542,1.8186241444927146e-12,5.979597492961312e-11
15,HLA-DQB1,11.275613,1.6162016,1.7316910082399382e-29,1.602436347056041e-27
15,TEP1,5.616064,1.615923,1.9535619310358402e-08,4.2341331418320275e-07
15,RAP1GDS1,9.871835,1.6115124,5.514659274047934e-23,3.64191397826922e-21
15,PAXX,13.079642,1.6100458,4.3046335592611407e-39,6.020059249596565e-37
15,LTV1,7.2111073,1.6093125,5.549870236384144e-13,1.9056838868185403e-11
15,TSPAN3,9.383845,1.6087441,6.360929261262244e-21,3.716393963664124e-19
15,INTS6,10.8541765,1.6036073,1.9051655867336508e-27,1.5744105023844102e-25
15,RNF5,8.86033,1.6014161,7.97781536968309e-19,4.0755428038147985e-17
15,MEF2D,8.683984,1.5999216,3.821443538508803e-18,1.8777322010284829e-16
15,ACOX3,3.09074,1.5967185,0.001996583957608567,0.018882625574604645
15,SERPING1,4.7687583,1.593708,1.8536489703961201e-06,3.113626561306135e-05
15,MOB1B,7.152751,1.5918256,8.505586694133241e-13,2.8793227596448643e-11
15,PRKRA,7.132352,1.5898886,9.866813827874696e-13,3.3147132062839485e-11
15,HOXB4,3.9939463,1.5845684,6.498259181990994e-05,0.0008460054614060474
15,HADH,6.3071237,1.5842855,2.842687478414171e-10,7.593685557074052e-09
15,APCDD1,3.1217782,1.5828316,0.0017976229035170203,0.01722763754387614
15,GOLPH3L,4.1581755,1.5808616,3.2079978386506634e-05,0.0004436389086687838
15,RMDN3,5.958882,1.5761027,2.539698369856875e-09,6.195300514377776e-08
15,TP53I13,9.272361,1.5734893,1.8207047502528632e-20,1.0401575178570287e-18
15,CCDC102A,2.7663052,1.5701846,0.005669542865347394,0.04746169050360019
15,RASGEF1B,5.9161663,1.5643883,3.295322557520867e-09,7.913639027606638e-08
15,ZNF706,13.791275,1.5624331,2.8762930084271337e-43,4.512567919363321e-41
15,HIST1H2AC,5.834075,1.5606701,5.4089735994436e-09,1.268400205144183e-07
15,SNAP29,9.217118,1.5571651,3.0519222579621587e-20,1.711901292683057e-18
15,TMEM63A,7.5578117,1.5569586,4.099071427155111e-14,1.5319226190941115e-12
15,IFT52,4.140356,1.5551344,3.467669594122837e-05,0.00047718283234886256
15,OTULINL,9.487745,1.5548402,2.360856010709703e-21,1.4113535149517368e-19
15,SNTA1,2.8029175,1.5514233,0.005064263980906525,0.04309504594104569
15,SSR4,17.921385,1.551086,8.030346031162383e-72,3.30925206380181e-69
15,CAPN15,5.987178,1.5508547,2.1351318627229072e-09,5.2540223313038933e-08
15,PIK3AP1,9.990076,1.548648,1.684517268272494e-23,1.141740684440745e-21
15,NUDT22,9.623418,1.5467249,6.367955850220379e-22,3.9206058060311e-20
15,PKIG,3.4239092,1.5457814,0.0006172726534215616,0.006551526751133312
15,SNX18,9.374202,1.5454419,6.970129377512636e-21,4.064637522090246e-19
15,CNDP2,10.792429,1.543688,3.737788384692192e-27,3.040100673833726e-25
15,TIMM13,10.975045,1.5416349,5.038079976427341e-28,4.337379883884118e-26
15,TRABD,11.880899,1.5415654,1.4875818866742574e-32,1.5585319786929243e-30
15,N4BP2L1,9.425331,1.5392988,4.287502219508657e-21,2.528889906457139e-19
15,DYRK1B,3.718702,1.5377227,0.000200248995959471,0.0023694853438435567
15,DNAJC7,12.636794,1.5371407,1.3233997495490974e-36,1.6971915377308693e-34
15,SLC3A2,11.184526,1.5349475,4.8548967364882805e-29,4.426262343204817e-27
15,RXYLT1,5.177488,1.5341786,2.248935299143606e-07,4.277405740961934e-06
15,AC084033.3,3.9564416,1.5334119,7.607449672716852e-05,0.0009760209507457856
15,FBRSL1,5.8208733,1.5329642,5.854100042365177e-09,1.367593877621924e-07
15,SMCO4,8.515505,1.52702,1.6586636805238038e-17,7.826613492205986e-16
15,NAPA,9.235514,1.5269777,2.5704917910367795e-20,1.455058420981204e-18
15,THUMPD2,6.193644,1.5267175,5.878888675525333e-10,1.537214994030977e-08
15,SLC33A1,7.3742685,1.5205246,1.6524979398100865e-13,5.890859726148828e-12
15,MDFIC,11.760176,1.5200471,6.260366622499396e-32,6.2821152987528836e-30
15,SPART,8.712536,1.5178947,2.971510492783283e-18,1.4647603636435874e-16
15,VAMP8,15.710168,1.5167155,1.2883700686332277e-55,3.1855722968997732e-53
15,KYNU,7.9529333,1.5162098,1.8214626830927695e-15,7.473777378019557e-14
15,SH2D3C,7.4950986,1.5142556,6.624850304578436e-14,2.4259982033602574e-12
15,SH3PXD2A,3.1529703,1.512134,0.0016161826706014059,0.015625590300703943
15,TRIM22,11.655777,1.5113671,2.1441590031526964e-31,2.1240231509756534e-29
15,CUL4B,5.904826,1.5081563,3.5301838684166605e-09,8.438313443244681e-08
15,DTNBP1,7.961527,1.5079879,1.6992909793436224e-15,7.021388542590018e-14
15,NUDT1,10.13758,1.5073761,3.763070522814505e-24,2.6614466967649407e-22
15,OAS1,7.848415,1.5067443,4.213290369074175e-15,1.6694893004740452e-13
15,HLA-DMB,10.784185,1.5023746,4.088493380927011e-27,3.3166158772785075e-25
15,TACC1,12.123811,1.5004737,7.899835376395079e-34,8.720007570651525e-32
