source,native,name,p_value,significant,description,term_size,query_size,intersection_size,effective_domain_size,precision,recall,query,parents
GO:CC,GO:0071944,cell periphery,1.4049819275745568e-170,True,"""The broad region around and including the plasma membrane of a cell, encompassing the cell cortex (inside the cell), the plasma membrane, and any external encapsulating structures."" [GOC:pdt]",6263,579,483,22155,0.8341968911917098,0.07711959125019958,query_1,['GO:0110165']
GO:BP,GO:0002376,immune system process,3.2232668650197477e-159,True,"""Any process involved in the development or functioning of the immune system, an organismal system for calibrated responses to potential internal or invasive threats."" [GO_REF:0000022, GOC:add]",2913,575,356,20972,0.6191304347826087,0.12221077926536217,query_1,['GO:0008150']
GO:CC,GO:0005886,plasma membrane,1.0784832269991572e-153,True,"""The membrane surrounding a cell that separates the cell from its external environment. It consists of a phospholipid bilayer and associated proteins."" [ISBN:0716731363]",5906,579,457,22155,0.7892918825561313,0.07737893667456823,query_1,"['GO:0016020', 'GO:0071944']"
GO:CC,GO:0009986,cell surface,5.869264475583427e-153,True,"""The external part of the cell wall and/or plasma membrane."" [GOC:jl, GOC:mtg_sensu, GOC:sm]",904,579,218,22155,0.3765112262521589,0.2411504424778761,query_1,['GO:0110165']
GO:BP,GO:0006955,immune response,2.5557740686113177e-141,True,"""Any immune system process that functions in the calibrated response of an organism to a potential internal or invasive threat."" [GO_REF:0000022, GOC:add]",2118,575,297,20972,0.5165217391304348,0.14022662889518414,query_1,"['GO:0002376', 'GO:0050896']"
GO:BP,GO:0007166,cell surface receptor signaling pathway,1.0892546973415099e-134,True,"""The series of molecular signals initiated by an extracellular ligand binding to a receptor located on the cell surface. The pathway ends with regulation of a downstream cellular process, e.g. transcription."" [GOC:signaling]",2834,575,328,20972,0.5704347826086956,0.11573747353563868,query_1,['GO:0007165']
GO:BP,GO:0050896,response to stimulus,2.651142208023773e-134,True,"""Any process that results in a change in state or activity of a cell or an organism (in terms of movement, secretion, enzyme production, gene expression, etc.) as a result of a stimulus. The process begins with detection of the stimulus and ends with a change in state or activity or the cell or organism."" [GOC:ai, GOC:bf]",9051,575,527,20972,0.9165217391304348,0.058225610429786766,query_1,['GO:0008150']
GO:BP,GO:0007155,cell adhesion,5.464021236540423e-129,True,"""The attachment of a cell, either to another cell or to an underlying substrate such as the extracellular matrix, via cell adhesion molecules."" [GOC:hb, GOC:pf]",1512,575,248,20972,0.43130434782608695,0.164021164021164,query_1,['GO:0009987']
GO:BP,GO:0002682,regulation of immune system process,1.6681367857559325e-126,True,"""Any process that modulates the frequency, rate, or extent of an immune system process."" [GOC:add]",1594,575,251,20972,0.4365217391304348,0.15746549560853199,query_1,"['GO:0002376', 'GO:0050789']"
GO:BP,GO:0007165,signal transduction,1.1672871970198771e-123,True,"""The cellular process in which a signal is conveyed to trigger a change in the activity or state of a cell. Signal transduction begins with reception of a signal (e.g. a ligand binding to a receptor or receptor activation by a stimulus such as light), or for signal transduction in the absence of ligand, signal-withdrawal or the activity of a constitutively active receptor. Signal transduction ends with regulation of a downstream cellular process, e.g. regulation of transcription or regulation of a metabolic process. Signal transduction covers signaling from receptors located on the surface of the cell and signaling via molecules located within the cell. For signaling between cells, signal transduction is restricted to events at and within the receiving cell."" [GOC:go_curators, GOC:mtg_signaling_feb11]",6063,575,440,20972,0.7652173913043478,0.07257133432294244,query_1,"['GO:0007154', 'GO:0009987', 'GO:0023052', 'GO:0050794', 'GO:0051716']"
GO:BP,GO:0009605,response to external stimulus,1.5524972907711097e-123,True,"""Any process that results in a change in state or activity of a cell or an organism (in terms of movement, secretion, enzyme production, gene expression, etc.) as a result of an external stimulus."" [GOC:hb]",2427,575,296,20972,0.5147826086956522,0.12196126905644829,query_1,['GO:0050896']
GO:BP,GO:0001775,cell activation,3.896768136493908e-123,True,"""A multicellular organismal process by which exposure to an activating factor such as a cellular or soluble ligand results in a change in the morphology or behavior of a cell."" [GOC:mgi_curators]",1123,575,215,20972,0.3739130434782609,0.19145146927871773,query_1,"['GO:0009987', 'GO:0032501']"
GO:BP,GO:0023052,signaling,4.0272216575387856e-119,True,"""The entirety of a process in which information is transmitted within a biological system. This process begins with an active signal and ends when a cellular response has been triggered."" [GOC:mtg_signal, GOC:mtg_signaling_feb11, GOC:signaling]",6558,575,450,20972,0.782608695652174,0.0686184812442818,query_1,['GO:0050789']
GO:BP,GO:0048584,positive regulation of response to stimulus,2.123037960233096e-118,True,"""Any process that activates, maintains or increases the rate of a response to a stimulus. Response to stimulus is a change in state or activity of a cell or an organism (in terms of movement, secretion, enzyme production, gene expression, etc.) as a result of a stimulus."" [GOC:jid]",2320,575,285,20972,0.4956521739130435,0.12284482758620689,query_1,"['GO:0048518', 'GO:0048583', 'GO:0050896']"
GO:BP,GO:0045321,leukocyte activation,4.419782239392138e-117,True,"""A change in morphology and behavior of a leukocyte resulting from exposure to a specific antigen, mitogen, cytokine, cellular ligand, or soluble factor."" [GOC:add]",975,575,198,20972,0.3443478260869565,0.20307692307692307,query_1,"['GO:0001775', 'GO:0002376']"
GO:BP,GO:0007154,cell communication,3.2910190162379716e-116,True,"""Any process that mediates interactions between a cell and its surroundings. Encompasses interactions such as signaling or attachment between one cell and another cell, between a cell and an extracellular matrix, or between a cell and any other aspect of its environment."" [GOC:mah]",6598,575,448,20972,0.7791304347826087,0.06789936344346771,query_1,['GO:0009987']
GO:BP,GO:0051239,regulation of multicellular organismal process,1.0656966799776358e-114,True,"""Any process that modulates the frequency, rate or extent of a multicellular organismal process, the processes pertinent to the function of a multicellular organism above the cellular level; includes the integrated processes of tissues and organs."" [GOC:ai, GOC:dph, GOC:tb]",2923,575,311,20972,0.5408695652173913,0.10639753677728361,query_1,"['GO:0032501', 'GO:0050789']"
GO:BP,GO:0006952,defense response,8.404076084231198e-114,True,"""Reactions, triggered in response to the presence of a foreign body or the occurrence of an injury, which result in restriction of damage to the organism attacked or prevention/recovery from the infection caused by the attack."" [GOC:go_curators]",1883,575,256,20972,0.44521739130434784,0.13595326606479022,query_1,['GO:0006950']
GO:BP,GO:0002684,positive regulation of immune system process,3.37680178437829e-113,True,"""Any process that activates or increases the frequency, rate, or extent of an immune system process."" [GOC:add]",1111,575,205,20972,0.3565217391304348,0.1845184518451845,query_1,"['GO:0002376', 'GO:0002682', 'GO:0048518']"
GO:MF,GO:0005102,signaling receptor binding,3.122717848333987e-112,True,"""Binding to one or more specific sites on a receptor molecule, a macromolecule that undergoes combination with a hormone, neurotransmitter, drug or intracellular messenger to initiate a change in cell function."" [GOC:bf, GOC:ceb, ISBN:0198506732]",1346,573,223,20208,0.38917975567190227,0.16567607726597325,query_1,['GO:0005515']
GO:CC,GO:0005576,extracellular region,6.47440185702383e-112,True,"""The space external to the outermost structure of a cell. For cells without external protective or external encapsulating structures this refers to space outside of the plasma membrane. This term covers the host cell environment outside an intracellular parasite."" [GOC:go_curators]",4249,579,356,22155,0.614853195164076,0.0837844198634973,query_1,['GO:0110165']
GO:BP,GO:0048583,regulation of response to stimulus,2.8853190226514353e-109,True,"""Any process that modulates the frequency, rate or extent of a response to a stimulus. Response to stimulus is a change in state or activity of a cell or an organism (in terms of movement, secretion, enzyme production, gene expression, etc.) as a result of a stimulus."" [GOC:jid]",3993,575,351,20972,0.6104347826086957,0.0879038317054846,query_1,"['GO:0050789', 'GO:0050896']"
GO:BP,GO:0016477,cell migration,3.3146045060211788e-108,True,"""The controlled self-propelled movement of a cell from one site to a destination guided by molecular cues."" [GOC:cjm, GOC:dph, GOC:ems, GOC:pf, Wikipedia:Cell_migration]",1532,575,229,20972,0.3982608695652174,0.14947780678851175,query_1,['GO:0048870']
GO:BP,GO:0051240,positive regulation of multicellular organismal process,1.3843792321321728e-106,True,"""Any process that activates or increases the frequency, rate or extent of an organismal process, any of the processes pertinent to the function of an organism above the cellular level; includes the integrated processes of tissues and organs."" [GOC:ai]",1639,575,234,20972,0.40695652173913044,0.1427699816961562,query_1,"['GO:0032501', 'GO:0048518', 'GO:0051239']"
GO:BP,GO:0051716,cellular response to stimulus,4.864042603437825e-106,True,"""Any process that results in a change in state or activity of a cell (in terms of movement, secretion, enzyme production, gene expression, etc.) as a result of a stimulus. The process begins with detection of the stimulus by a cell and ends with a change in state or activity or the cell."" [GOC:bf, GOC:jl]",7425,575,460,20972,0.8,0.061952861952861954,query_1,"['GO:0009987', 'GO:0050896']"
GO:BP,GO:0040011,locomotion,7.885005140755944e-106,True,"""Self-propelled movement of a cell or organism from one location to another."" [GOC:dgh]",1236,575,207,20972,0.36,0.16747572815533981,query_1,['GO:0008150']
GO:CC,GO:0005615,extracellular space,1.4608235352098518e-103,True,"""That part of a multicellular organism outside the cells proper, usually taken to be outside the plasma membranes, and occupied by fluid."" [ISBN:0198547684]",3252,579,306,22155,0.5284974093264249,0.0940959409594096,query_1,"['GO:0005576', 'GO:0110165']"
GO:BP,GO:0032501,multicellular organismal process,1.2934601768185053e-98,True,"""Any biological process, occurring at the level of a multicellular organism, pertinent to its function."" [GOC:curators, GOC:dph, GOC:isa_complete, GOC:tb]",7337,575,449,20972,0.7808695652173913,0.06119667439007769,query_1,['GO:0008150']
GO:BP,GO:0006954,inflammatory response,1.5211992375259196e-98,True,"""The immediate defensive reaction (by vertebrate tissue) to infection or injury caused by chemical or physical agents. The process is characterized by local vasodilation, extravasation of plasma into intercellular spaces and accumulation of white blood cells and macrophages."" [GO_REF:0000022, ISBN:0198506732]",873,575,173,20972,0.3008695652173913,0.1981672394043528,query_1,['GO:0006952']
GO:MF,GO:0060089,molecular transducer activity,1.7898479874081426e-97,True,"""A compound molecular function in which an effector function is controlled by one or more regulatory components."" [GOC:dos, GOC:pdt]",1513,573,219,20208,0.38219895287958117,0.14474553866490417,query_1,['GO:0003674']
GO:MF,GO:0038023,signaling receptor activity,1.7898479874081426e-97,True,"""Receiving a signal and transmitting it in the cell to initiate a change in cell activity. A signal is a physical entity or change in state that is used to transfer information in order to trigger a response."" [GOC:bf, GOC:signaling]",1513,573,219,20208,0.38219895287958117,0.14474553866490417,query_1,['GO:0060089']
GO:BP,GO:0048518,positive regulation of biological process,5.978168269274168e-97,True,"""Any process that activates or increases the frequency, rate or extent of a biological process. Biological processes are regulated by many means; examples include the control of gene expression, protein modification or interaction with a protein or substrate molecule."" [GOC:jid]",6150,575,412,20972,0.7165217391304348,0.06699186991869918,query_1,"['GO:0008150', 'GO:0050789']"
GO:BP,GO:0048870,cell motility,3.602426413037344e-95,True,"""Any process involved in the controlled self-propelled movement of a cell that results in translocation of the cell from one place to another."" [GOC:dgh, GOC:dph, GOC:isa_complete, GOC:mlg]",1794,575,231,20972,0.4017391304347826,0.12876254180602006,query_1,['GO:0009987']
GO:BP,GO:0006950,response to stress,4.807208263219668e-93,True,"""Any process that results in a change in state or activity of a cell or an organism (in terms of movement, secretion, enzyme production, gene expression, etc.) as a result of a disturbance in organismal or cellular homeostasis, usually, but not necessarily, exogenous (e.g. temperature, humidity, ionizing radiation)."" [GOC:mah]",3984,575,331,20972,0.5756521739130435,0.08308232931726908,query_1,['GO:0050896']
GO:BP,GO:0032101,regulation of response to external stimulus,9.029643023129685e-92,True,"""Any process that modulates the frequency, rate or extent of a response to an external stimulus."" [GOC:mah]",1092,575,183,20972,0.3182608695652174,0.16758241758241757,query_1,"['GO:0009605', 'GO:0048583']"
GO:BP,GO:0050776,regulation of immune response,1.3251345309634165e-89,True,"""Any process that modulates the frequency, rate or extent of the immune response, the immunological reaction of an organism to an immunogenic stimulus."" [GOC:ai]",970,575,172,20972,0.2991304347826087,0.177319587628866,query_1,"['GO:0002682', 'GO:0006955', 'GO:0048583']"
GO:BP,GO:0006935,chemotaxis,5.74392220994113e-87,True,"""The directed movement of a motile cell or organism, or the directed growth of a cell guided by a specific chemical concentration gradient. Movement may be towards a higher concentration (positive chemotaxis) or towards a lower concentration (negative chemotaxis)."" [ISBN:0198506732]",456,575,125,20972,0.21739130434782608,0.2741228070175439,query_1,"['GO:0042221', 'GO:0042330']"
GO:CC,GO:0009897,external side of plasma membrane,7.255499375990891e-87,True,"""The leaflet of the plasma membrane that faces away from the cytoplasm and any proteins embedded or anchored in it or attached to its surface."" [GOC:dos, GOC:tb]",397,579,116,22155,0.2003454231433506,0.29219143576826195,query_1,"['GO:0005886', 'GO:0009986', 'GO:0098552']"
GO:BP,GO:0042330,taxis,1.0406637639609164e-86,True,"""The directed movement of a motile cell or organism in response to an external stimulus."" [GOC:jl, ISBN:0192801023]",458,575,125,20972,0.21739130434782608,0.27292576419213976,query_1,"['GO:0009605', 'GO:0040011']"
GO:CC,GO:0031982,vesicle,2.0056003295071042e-85,True,"""Any small, fluid-filled, spherical organelle enclosed by membrane."" [GOC:mah, GOC:pz, GOC:vesicles]",4032,579,315,22155,0.5440414507772021,0.078125,query_1,['GO:0043227']
GO:CC,GO:0016020,membrane,5.319143064619131e-85,True,"""A lipid bilayer along with all the proteins and protein complexes embedded in it and attached to it."" [GOC:dos, GOC:mah, ISBN:0815316194]",9975,579,488,22155,0.842832469775475,0.04892230576441103,query_1,['GO:0110165']
GO:BP,GO:0046649,lymphocyte activation,1.2130446375004817e-84,True,"""A change in morphology and behavior of a lymphocyte resulting from exposure to a specific antigen, mitogen, cytokine, chemokine, cellular ligand, or soluble factor."" [GOC:mgi_curators, ISBN:0781735149]",811,575,155,20972,0.26956521739130435,0.19112207151664612,query_1,['GO:0045321']
GO:BP,GO:0048522,positive regulation of cellular process,1.277102862714505e-84,True,"""Any process that activates or increases the frequency, rate or extent of a cellular process, any of those that are carried out at the cellular level, but are not necessarily restricted to a single cell. For example, cell communication occurs among more than one cell, but occurs at the cellular level."" [GOC:jid]",5739,575,383,20972,0.6660869565217391,0.06673636522042167,query_1,"['GO:0009987', 'GO:0048518', 'GO:0050794']"
GO:BP,GO:0030334,regulation of cell migration,1.863026461660207e-83,True,"""Any process that modulates the frequency, rate or extent of cell migration."" [GOC:go_curators]",944,575,164,20972,0.2852173913043478,0.17372881355932204,query_1,"['GO:0016477', 'GO:2000145']"
GO:BP,GO:0040012,regulation of locomotion,3.8145081340092385e-82,True,"""Any process that modulates the frequency, rate or extent of locomotion of a cell or organism."" [GOC:ems]",1046,575,170,20972,0.2956521739130435,0.16252390057361377,query_1,"['GO:0040011', 'GO:0050789']"
GO:BP,GO:0030155,regulation of cell adhesion,5.406804162522456e-82,True,"""Any process that modulates the frequency, rate or extent of attachment of a cell to another cell or to the extracellular matrix."" [GOC:mah]",780,575,150,20972,0.2608695652173913,0.19230769230769232,query_1,"['GO:0007155', 'GO:0050794']"
GO:BP,GO:2000145,regulation of cell motility,4.3079220271461945e-80,True,"""Any process that modulates the frequency, rate or extent of cell motility."" [GOC:mah]",1005,575,165,20972,0.28695652173913044,0.16417910447761194,query_1,"['GO:0040012', 'GO:0048870', 'GO:0050794']"
GO:BP,GO:0042221,response to chemical,7.689020420099815e-80,True,"""Any process that results in a change in state or activity of a cell or an organism (in terms of movement, secretion, enzyme production, gene expression, etc.) as a result of a chemical stimulus."" [GOC:jl]",3863,575,309,20972,0.5373913043478261,0.07998964535335232,query_1,['GO:0050896']
GO:CC,GO:0098552,side of membrane,3.5883033730334344e-79,True,"""A cellular component consisting of one leaflet of a membrane bilayer and any proteins embedded or anchored in it or attached to its surface."" [GOC:dos]",731,579,140,22155,0.24179620034542315,0.19151846785225718,query_1,"['GO:0016020', 'GO:0110165']"
GO:BP,GO:0050900,leukocyte migration,5.41556071635464e-79,True,"""The movement of a leukocyte within or between different tissues and organs of the body."" [GOC:add, ISBN:0781735149, PMID:14680625, PMID:14708592, PMID:7507411, PMID:8600538]",386,575,111,20972,0.19304347826086957,0.28756476683937826,query_1,"['GO:0002376', 'GO:0016477']"
GO:BP,GO:0098609,cell-cell adhesion,5.665858394841088e-79,True,"""The attachment of one cell to another cell via adhesion molecules."" [GOC:dos]",965,575,161,20972,0.28,0.16683937823834197,query_1,['GO:0007155']
GO:BP,GO:0050865,regulation of cell activation,1.611925145624419e-78,True,"""Any process that modulates the frequency, rate or extent of cell activation, the change in the morphology or behavior of a cell resulting from exposure to an activating factor such as a cellular or soluble ligand."" [GOC:ai]",627,575,134,20972,0.23304347826086957,0.21371610845295055,query_1,"['GO:0001775', 'GO:0050794', 'GO:0051239']"
GO:BP,GO:0002252,immune effector process,1.686964901111029e-78,True,"""Any process of the immune system that executes a component of an immune response. An effector immune process takes place after its activation."" [GO_REF:0000022, GOC:add, ISBN:0781735149]",710,575,141,20972,0.24521739130434783,0.19859154929577466,query_1,['GO:0002376']
GO:BP,GO:0044419,biological process involved in interspecies interaction between organisms,1.7790235256286511e-78,True,"""Any process evolved to enable an interaction with an organism of a different species."" [GOC:cc]",1777,575,211,20972,0.36695652173913046,0.11873944850872256,query_1,['GO:0008150']
GO:BP,GO:0002697,regulation of immune effector process,2.500549836213507e-75,True,"""Any process that modulates the frequency, rate, or extent of an immune effector process."" [GOC:add]",395,575,109,20972,0.18956521739130436,0.2759493670886076,query_1,"['GO:0002252', 'GO:0002682']"
GO:BP,GO:0002694,regulation of leukocyte activation,4.502323761712885e-75,True,"""Any process that modulates the frequency, rate, or extent of leukocyte activation."" [GOC:add]",572,575,126,20972,0.21913043478260869,0.2202797202797203,query_1,"['GO:0002682', 'GO:0045321', 'GO:0050865']"
GO:BP,GO:0040017,positive regulation of locomotion,1.023366593171869e-73,True,"""Any process that activates or increases the frequency, rate or extent of locomotion of a cell or organism."" [GOC:go_curators]",586,575,126,20972,0.21913043478260869,0.2150170648464164,query_1,"['GO:0040011', 'GO:0040012', 'GO:0048518']"
GO:BP,GO:0030335,positive regulation of cell migration,1.9164590640888778e-73,True,"""Any process that activates or increases the frequency, rate or extent of cell migration."" [GOC:go_curators]",544,575,122,20972,0.21217391304347827,0.22426470588235295,query_1,"['GO:0016477', 'GO:0030334', 'GO:2000147']"
GO:BP,GO:0042127,regulation of cell population proliferation,2.4344220666965963e-72,True,"""Any process that modulates the frequency, rate or extent of cell proliferation."" [GOC:jl]",1639,575,196,20972,0.3408695652173913,0.11958511287370348,query_1,"['GO:0008283', 'GO:0050794']"
GO:BP,GO:2000147,positive regulation of cell motility,6.815852102965822e-72,True,"""Any process that activates or increases the frequency, rate or extent of cell motility."" [GOC:mah]",571,575,123,20972,0.21391304347826087,0.21541155866900175,query_1,"['GO:0040017', 'GO:0048522', 'GO:0048870', 'GO:2000145']"
GO:BP,GO:0050789,regulation of biological process,5.85197405691111e-71,True,"""Any process that modulates the frequency, rate or extent of a biological process. Biological processes are regulated by many means; examples include the control of gene expression, protein modification or interaction with a protein or substrate molecule."" [GOC:ai, GOC:go_curators]",12397,575,531,20972,0.9234782608695652,0.04283294345406147,query_1,"['GO:0008150', 'GO:0065007']"
GO:BP,GO:0001816,cytokine production,2.5223866555987438e-70,True,"""The appearance of a cytokine due to biosynthesis or secretion following a cellular stimulus, resulting in an increase in its intracellular or extracellular levels."" [GOC:add, ISBN:0781735149]",786,575,139,20972,0.2417391304347826,0.17684478371501272,query_1,"['GO:0010467', 'GO:0032501']"
GO:BP,GO:0050778,positive regulation of immune response,3.6616607099453077e-70,True,"""Any process that activates or increases the frequency, rate or extent of the immune response, the immunological reaction of an organism to an immunogenic stimulus."" [GOC:ai]",775,575,138,20972,0.24,0.17806451612903226,query_1,"['GO:0002684', 'GO:0006955', 'GO:0048584', 'GO:0050776']"
GO:BP,GO:0001817,regulation of cytokine production,8.721067004465623e-70,True,"""Any process that modulates the frequency, rate, or extent of production of a cytokine."" [GOC:add, ISBN:0781735149]",780,575,138,20972,0.24,0.17692307692307693,query_1,"['GO:0001816', 'GO:0010468', 'GO:0051239']"
GO:BP,GO:0007159,leukocyte cell-cell adhesion,1.6537716447847378e-69,True,"""The attachment of a leukocyte to another cell via adhesion molecules."" [GOC:go_curators]",413,575,106,20972,0.18434782608695652,0.2566585956416465,query_1,['GO:0098609']
REAC,REAC:R-HSA-168256,Immune System,3.559443701335328e-68,True,Immune System,2086,520,274,11056,0.5269230769230769,0.13135186960690318,query_1,['REAC:0000000']
GO:BP,GO:0008283,cell population proliferation,4.573226547267822e-68,True,"""The multiplication or reproduction of cells, resulting in the expansion of a cell population."" [GOC:mah, GOC:mb]",1961,575,208,20972,0.3617391304347826,0.10606833248342683,query_1,['GO:0009987']
GO:BP,GO:0065007,biological regulation,5.828894044459814e-68,True,"""Any process that modulates a measurable attribute of any biological process, quality or function."" [GOC:dph, GOC:isa_complete, GOC:mah, GOC:pr, GOC:vw]",12804,575,535,20972,0.9304347826086956,0.041783817557013436,query_1,['GO:0008150']
GO:BP,GO:0060326,cell chemotaxis,9.889762190945752e-68,True,"""The directed movement of a motile cell guided by a specific chemical concentration gradient. Movement may be towards a higher concentration (positive chemotaxis) or towards a lower concentration (negative chemotaxis)."" [GOC:dph]",315,575,94,20972,0.1634782608695652,0.2984126984126984,query_1,"['GO:0006935', 'GO:0016477', 'GO:0070887']"
GO:BP,GO:0050794,regulation of cellular process,1.276659981698355e-66,True,"""Any process that modulates the frequency, rate or extent of a cellular process, any of those that are carried out at the cellular level, but are not necessarily restricted to a single cell. For example, cell communication occurs among more than one cell, but occurs at the cellular level."" [GOC:go_curators]",11962,575,518,20972,0.9008695652173913,0.04330379535194784,query_1,"['GO:0009987', 'GO:0050789']"
GO:MF,GO:0004888,transmembrane signaling receptor activity,1.8053609408093332e-66,True,"""Combining with an extracellular or intracellular signal and transmitting the signal from one side of the membrane to the other to initiate a change in cell activity or state as part of signal transduction."" [GOC:go_curators, Wikipedia:Transmembrane_receptor]",1283,573,170,20208,0.29668411867364747,0.13250194855806702,query_1,['GO:0038023']
GO:BP,GO:0009607,response to biotic stimulus,5.046722255413326e-66,True,"""Any process that results in a change in state or activity of a cell or an organism (in terms of movement, secretion, enzyme production, gene expression, etc.) as a result of a biotic stimulus, a stimulus caused or produced by a living organism."" [GOC:hb]",1652,575,189,20972,0.32869565217391306,0.11440677966101695,query_1,['GO:0050896']
GO:BP,GO:1901652,response to peptide,8.318071416682238e-66,True,"""Any process that results in a change in state or activity of a cell or an organism (in terms of movement, secretion, enzyme production, gene expression, etc.) as a result of a peptide stimulus."" [GOC:pr, GOC:TermGenie]",993,575,149,20972,0.2591304347826087,0.1500503524672709,query_1,['GO:0042221']
GO:BP,GO:0051707,response to other organism,1.7998891837031349e-65,True,"""Any process that results in a change in state or activity of a cell or an organism (in terms of movement, secretion, enzyme production, gene expression, etc.) as a result of a stimulus from another living organism."" [GOC:ai]",1610,575,186,20972,0.3234782608695652,0.115527950310559,query_1,"['GO:0043207', 'GO:0044419']"
GO:BP,GO:0043207,response to external biotic stimulus,2.44748319750015e-65,True,"""Any process that results in a change in state or activity of a cell or an organism (in terms of movement, secretion, enzyme production, gene expression, etc.) as a result of an external biotic stimulus, an external stimulus caused by, or produced by living things."" [GOC:go_curators]",1613,575,186,20972,0.3234782608695652,0.1153130812151271,query_1,"['GO:0009605', 'GO:0009607']"
GO:BP,GO:0002696,positive regulation of leukocyte activation,5.6387700354589275e-65,True,"""Any process that activates or increases the frequency, rate, or extent of leukocyte activation."" [GOC:add]",363,575,97,20972,0.16869565217391305,0.26721763085399447,query_1,"['GO:0002684', 'GO:0002694', 'GO:0045321', 'GO:0050867']"
GO:BP,GO:0050867,positive regulation of cell activation,4.4347743862456345e-64,True,"""Any process that activates or increases the frequency, rate or extent of activation."" [GOC:ai]",380,575,98,20972,0.17043478260869566,0.2578947368421053,query_1,"['GO:0001775', 'GO:0048522', 'GO:0050865', 'GO:0051240']"
GO:BP,GO:0051249,regulation of lymphocyte activation,4.50647696192894e-64,True,"""Any process that modulates the frequency, rate or extent of lymphocyte activation."" [GOC:ai]",506,575,110,20972,0.19130434782608696,0.21739130434782608,query_1,"['GO:0002694', 'GO:0046649']"
GO:CC,GO:0097708,intracellular vesicle,5.552288094018246e-64,True,"""Any vesicle that is part of the intracellular region."" [GOC:vesicles]",2556,579,225,22155,0.38860103626943004,0.0880281690140845,query_1,"['GO:0031982', 'GO:0043231']"
GO:BP,GO:0034097,response to cytokine,6.121015452745726e-64,True,"""Any process that results in a change in state or activity of a cell or an organism (in terms of movement, secretion, enzyme production, gene expression, etc.) as a result of a cytokine stimulus."" [GOC:sl]",979,575,146,20972,0.2539130434782609,0.1491317671092952,query_1,['GO:1901652']
GO:BP,GO:0042110,T cell activation,1.476223713200782e-63,True,"""The change in morphology and behavior of a mature or immature T cell resulting from exposure to a mitogen, cytokine, chemokine, cellular ligand, or an antigen for which it is specific."" [GOC:mgi_curators, ISBN:0781735149]",581,575,116,20972,0.20173913043478262,0.19965576592082615,query_1,['GO:0046649']
GO:CC,GO:0031410,cytoplasmic vesicle,1.613566408642127e-63,True,"""A vesicle found in the cytoplasm of a cell."" [GOC:ai, GOC:mah, GOC:vesicles]",2548,579,224,22155,0.38687392055267705,0.08791208791208792,query_1,"['GO:0005737', 'GO:0097708']"
GO:BP,GO:0032103,positive regulation of response to external stimulus,2.5727429192342385e-63,True,"""Any process that activates, maintains or increases the rate of a response to an external stimulus."" [GOC:mah]",645,575,121,20972,0.21043478260869566,0.1875968992248062,query_1,"['GO:0009605', 'GO:0032101', 'GO:0048584']"
GO:BP,GO:0023056,positive regulation of signaling,3.14677752336261e-62,True,"""Any process that activates, maintains or increases the frequency, rate or extent of a signaling process."" [GOC:mtg_signal]",1779,575,191,20972,0.33217391304347826,0.10736368746486791,query_1,"['GO:0023051', 'GO:0023052', 'GO:0048518']"
GO:BP,GO:0008284,positive regulation of cell population proliferation,6.12501639241025e-62,True,"""Any process that activates or increases the rate or extent of cell proliferation."" [GOC:go_curators]",923,575,140,20972,0.24347826086956523,0.15167930660888407,query_1,"['GO:0008283', 'GO:0042127', 'GO:0048522']"
GO:BP,GO:0051241,negative regulation of multicellular organismal process,7.0566738093371285e-62,True,"""Any process that stops, prevents, or reduces the frequency, rate or extent of an organismal process, the processes pertinent to the function of an organism above the cellular level; includes the integrated processes of tissues and organs."" [GOC:ai]",1091,575,151,20972,0.26260869565217393,0.1384051329055912,query_1,"['GO:0032501', 'GO:0048519', 'GO:0051239']"
GO:MF,GO:0030546,signaling receptor activator activity,9.018102487508538e-62,True,"""The function of interacting (directly or indirectly) with receptors such that the proportion of receptors in the active form is increased."" [GOC:ceb]",556,573,113,20208,0.19720767888307156,0.20323741007194246,query_1,"['GO:0030545', 'GO:0140677']"
GO:BP,GO:0009967,positive regulation of signal transduction,1.0916347177908095e-61,True,"""Any process that activates or increases the frequency, rate or extent of signal transduction."" [GOC:sm]",1569,575,179,20972,0.31130434782608696,0.11408540471637986,query_1,"['GO:0007165', 'GO:0009966', 'GO:0010647', 'GO:0023056', 'GO:0048584']"
GO:MF,GO:0030545,signaling receptor regulator activity,1.4970195890163158e-61,True,"""Binds to and modulates the activity of a receptor."" [GOC:ceb]",594,573,116,20208,0.2024432809773124,0.19528619528619529,query_1,['GO:0098772']
GO:MF,GO:0048018,receptor ligand activity,1.8851244760345746e-61,True,"""The activity of a gene product that interacts with a receptor to effect a change in the activity of the receptor. Ligands may be produced by the same cell that expresses the receptor. Ligands may also be expressed at the plasma membrane of an adjacent cell (e.g. Notch ligands) or be secreted and diffuse extracellularly from their point of origin to the receiving cell (e.g. interleukins)."" [GOC:kv, GOC:molecular_function_refactoring, GOC:pdt]",548,573,112,20208,0.19546247818499127,0.20437956204379562,query_1,['GO:0030546']
GO:BP,GO:0010647,positive regulation of cell communication,9.846598715294508e-61,True,"""Any process that increases the frequency, rate or extent of cell communication. Cell communication is the process that mediates interactions between a cell and its surroundings. Encompasses interactions such as signaling or attachment between one cell and another cell, between a cell and an extracellular matrix, or between a cell and any other aspect of its environment."" [GOC:dph, GOC:tb]",1778,575,189,20972,0.32869565217391306,0.1062992125984252,query_1,"['GO:0007154', 'GO:0010646', 'GO:0048522']"
GO:BP,GO:0070887,cellular response to chemical stimulus,1.2545505340635542e-60,True,"""Any process that results in a change in state or activity of a cell (in terms of movement, secretion, enzyme production, gene expression, etc.) as a result of a chemical stimulus."" [GOC:mah]",2199,575,210,20972,0.3652173913043478,0.09549795361527967,query_1,"['GO:0042221', 'GO:0051716']"
GO:BP,GO:0002699,positive regulation of immune effector process,4.678485200497395e-60,True,"""Any process that activates or increases the frequency, rate, or extent of an immune effector process."" [GOC:add]",256,575,81,20972,0.1408695652173913,0.31640625,query_1,"['GO:0002252', 'GO:0002684', 'GO:0002697']"
GO:BP,GO:0045785,positive regulation of cell adhesion,7.791055882485765e-60,True,"""Any process that activates or increases the frequency, rate or extent of cell adhesion."" [GOC:go_curators]",483,575,104,20972,0.1808695652173913,0.2153209109730849,query_1,"['GO:0007155', 'GO:0030155', 'GO:0048522']"
GO:BP,GO:0071674,mononuclear cell migration,6.757186544012298e-59,True,"""The movement of a mononuclear cell within or between different tissues and organs of the body."" [GOC:mah]",223,575,76,20972,0.13217391304347825,0.34080717488789236,query_1,['GO:0050900']
GO:CC,GO:0070062,extracellular exosome,1.7141831619306775e-58,True,"""A vesicle that is released into the extracellular region by fusion of the limiting endosomal membrane of a multivesicular body with the plasma membrane. Extracellular exosomes, also simply called exosomes, have a diameter of about 40-100 nm."" [GOC:BHF, GOC:mah, GOC:vesicles, PMID:15908444, PMID:17641064, PMID:19442504, PMID:19498381, PMID:22418571, PMID:24009894]",2111,579,197,22155,0.34024179620034545,0.09332070108953103,query_1,"['GO:0005615', 'GO:1903561']"
GO:BP,GO:0071345,cellular response to cytokine stimulus,1.7193792370173813e-58,True,"""Any process that results in a change in state or activity of a cell (in terms of movement, secretion, enzyme production, gene expression, etc.) as a result of a cytokine stimulus."" [GOC:mah]",891,575,134,20972,0.23304347826086957,0.15039281705948374,query_1,['GO:0034097']
GO:CC,GO:1903561,extracellular vesicle,3.4026118544272e-58,True,"""Any vesicle that is part of the extracellular region."" [GO_REF:0000064, GOC:pm, GOC:TermGenie, PMID:24769233]",2141,579,198,22155,0.34196891191709844,0.09248014946286783,query_1,"['GO:0031982', 'GO:0065010']"
GO:CC,GO:0065010,extracellular membrane-bounded organelle,3.678286492699693e-58,True,"""Organized structure of distinctive morphology and function, bounded by a lipid bilayer membrane and occurring outside the cell."" [GOC:isa_complete]",2142,579,198,22155,0.34196891191709844,0.09243697478991597,query_1,"['GO:0043227', 'GO:0043230']"
GO:CC,GO:0043230,extracellular organelle,3.678286492699693e-58,True,"""Organized structure of distinctive morphology and function, occurring outside the cell. Includes, for example, extracellular membrane vesicles (EMVs) and the cellulosomes of anaerobic bacteria and fungi."" [GOC:jl, PMID:9914479]",2142,579,198,22155,0.34196891191709844,0.09243697478991597,query_1,"['GO:0005576', 'GO:0043226']"
GO:BP,GO:1903037,regulation of leukocyte cell-cell adhesion,9.375667668799903e-58,True,"""Any process that modulates the frequency, rate or extent of leukocyte cell-cell adhesion."" [GO_REF:0000058, GOC:BHF, GOC:rl, GOC:TermGenie, PMID:21106532]",375,575,92,20972,0.16,0.24533333333333332,query_1,"['GO:0007159', 'GO:0022407']"
GO:BP,GO:0051251,positive regulation of lymphocyte activation,3.9112813709462524e-57,True,"""Any process that activates or increases the frequency, rate or extent of lymphocyte activation."" [GOC:ai]",331,575,87,20972,0.15130434782608695,0.2628398791540785,query_1,"['GO:0002696', 'GO:0046649', 'GO:0051249']"
GO:BP,GO:0022407,regulation of cell-cell adhesion,8.566454213936054e-57,True,"""Any process that modulates the frequency, rate or extent of attachment of a cell to another cell."" [GOC:isa_complete]",493,575,102,20972,0.17739130434782607,0.20689655172413793,query_1,"['GO:0030155', 'GO:0098609']"
GO:BP,GO:0002443,leukocyte mediated immunity,2.415617327108333e-56,True,"""Any process involved in the carrying out of an immune response by a leukocyte."" [GO_REF:0000022, GOC:add, ISBN:0781735149]",475,575,100,20972,0.17391304347826086,0.21052631578947367,query_1,['GO:0002252']
GO:CC,GO:0043235,receptor complex,3.267336751604418e-56,True,"""Any protein complex that undergoes combination with a hormone, neurotransmitter, drug or intracellular messenger to initiate a change in cell function."" [GOC:go_curators]",532,579,102,22155,0.17616580310880828,0.19172932330827067,query_1,['GO:0032991']
GO:BP,GO:0002703,regulation of leukocyte mediated immunity,1.3547356889181111e-55,True,"""Any process that modulates the frequency, rate, or extent of leukocyte mediated immunity."" [GOC:add]",252,575,77,20972,0.13391304347826086,0.3055555555555556,query_1,"['GO:0002443', 'GO:0002697']"
GO:BP,GO:2000026,regulation of multicellular organismal development,2.787465820130839e-55,True,"""Any process that modulates the frequency, rate or extent of multicellular organismal development."" [GOC:obol]",1392,575,161,20972,0.28,0.11566091954022989,query_1,"['GO:0007275', 'GO:0050793', 'GO:0051239']"
GO:BP,GO:0070661,leukocyte proliferation,5.0703191900792e-55,True,"""The expansion of a leukocyte population by cell division."" [GOC:add]",339,575,86,20972,0.14956521739130435,0.2536873156342183,query_1,['GO:0008283']
GO:BP,GO:0001819,positive regulation of cytokine production,8.332052429204703e-55,True,"""Any process that activates or increases the frequency, rate or extent of production of a cytokine."" [GOC:add, ISBN:0781735149]",492,575,100,20972,0.17391304347826086,0.2032520325203252,query_1,"['GO:0001816', 'GO:0001817', 'GO:0010628', 'GO:0051240']"
GO:BP,GO:0070663,regulation of leukocyte proliferation,2.0862452797439293e-54,True,"""Any process that modulates the frequency, rate or extent of leukocyte proliferation."" [GOC:add, GOC:mah]",269,575,78,20972,0.1356521739130435,0.2899628252788104,query_1,"['GO:0042127', 'GO:0070661']"
GO:BP,GO:0030595,leukocyte chemotaxis,2.477966894822511e-54,True,"""The movement of a leukocyte in response to an external stimulus."" [GOC:add, GOC:jl]",227,575,73,20972,0.12695652173913044,0.32158590308370044,query_1,"['GO:0050900', 'GO:0060326']"
GO:BP,GO:1902533,positive regulation of intracellular signal transduction,3.3607343926623514e-54,True,"""Any process that activates or increases the frequency, rate or extent of intracellular signal transduction."" [GOC:BHF, GOC:dph, GOC:signaling, GOC:tb, GOC:TermGenie]",1108,575,143,20972,0.24869565217391304,0.12906137184115524,query_1,"['GO:0009967', 'GO:0035556', 'GO:1902531']"
GO:BP,GO:0002250,adaptive immune response,5.358612684791073e-54,True,"""An immune response mediated by cells expressing specific receptors for antigens produced through a somatic diversification process, and allowing for an enhanced secondary response to subsequent exposures to the same antigen (immunological memory)."" [GO_REF:0000022, GOC:add, ISBN:0781735149]",761,575,120,20972,0.20869565217391303,0.15768725361366623,query_1,['GO:0006955']
GO:BP,GO:0019221,cytokine-mediated signaling pathway,7.892067865278779e-54,True,"""The series of molecular signals initiated by the binding of a cytokine to a receptor on the surface of a cell, and ending with the regulation of a downstream cellular process, e.g. transcription."" [GOC:mah, GOC:signaling, PMID:19295629]",564,575,105,20972,0.1826086956521739,0.18617021276595744,query_1,"['GO:0007166', 'GO:0071345']"
GO:BP,GO:0050793,regulation of developmental process,1.0793158210645868e-53,True,"""Any process that modulates the frequency, rate or extent of development, the biological process whose specific outcome is the progression of a multicellular organism over time from an initial condition (e.g. a zygote, or a young adult) to a later condition (e.g. a multicellular animal or an aged adult)."" [GOC:go_curators]",2431,575,211,20972,0.36695652173913046,0.08679555738379267,query_1,"['GO:0032502', 'GO:0050789']"
GO:BP,GO:1903039,positive regulation of leukocyte cell-cell adhesion,1.8598312990536692e-53,True,"""Any process that activates or increases the frequency, rate or extent of leukocyte cell-cell adhesion."" [GO_REF:0000058, GOC:BHF, GOC:rl, GOC:TermGenie, PMID:21106532]",276,575,78,20972,0.1356521739130435,0.2826086956521739,query_1,"['GO:0007159', 'GO:0022409', 'GO:1903037']"
GO:BP,GO:0031347,regulation of defense response,2.4629785790886226e-52,True,"""Any process that modulates the frequency, rate or extent of a defense response."" [GOC:mah]",831,575,123,20972,0.21391304347826087,0.148014440433213,query_1,"['GO:0006952', 'GO:0080134']"
GO:BP,GO:0141124,intracellular signaling cassette,3.0716533021286253e-52,True,"""An intracellular signaling module that is part of larger signaling pathways that can be initiated either intracellularly or by cell surface receptors. Intracellular signaling cassettes are discrete signaling units that are often shared by multiple signaling pathways."" [GOC:ha, GOC:pg]",1866,575,182,20972,0.3165217391304348,0.09753483386923902,query_1,['GO:0035556']
GO:BP,GO:0050863,regulation of T cell activation,3.884632351178794e-52,True,"""Any process that modulates the frequency, rate or extent of T cell activation."" [GOC:ai]",386,575,88,20972,0.15304347826086956,0.22797927461139897,query_1,"['GO:0042110', 'GO:0051249']"
GO:BP,GO:0002706,regulation of lymphocyte mediated immunity,3.991852291424752e-52,True,"""Any process that modulates the frequency, rate, or extent of lymphocyte mediated immunity."" [GOC:add]",193,575,67,20972,0.11652173913043479,0.3471502590673575,query_1,"['GO:0002449', 'GO:0002703']"
GO:BP,GO:0051094,positive regulation of developmental process,4.2387139470086824e-52,True,"""Any process that activates or increases the rate or extent of development, the biological process whose specific outcome is the progression of an organism over time from an initial condition (e.g. a zygote, or a young adult) to a later condition (e.g. a multicellular animal or an aged adult)."" [GOC:ai]",1305,575,152,20972,0.2643478260869565,0.11647509578544062,query_1,"['GO:0032502', 'GO:0048518', 'GO:0050793']"
GO:BP,GO:0022409,positive regulation of cell-cell adhesion,1.0082093417546786e-51,True,"""Any process that activates or increases the rate or extent of cell adhesion to another cell."" [GOC:isa_complete]",328,575,82,20972,0.1426086956521739,0.25,query_1,"['GO:0022407', 'GO:0045785', 'GO:0098609']"
GO:BP,GO:0010628,positive regulation of gene expression,2.5791452954732745e-51,True,"""Any process that increases the frequency, rate or extent of gene expression. Gene expression is the process in which a gene's coding sequence is converted into a mature gene product (protein or RNA)."" [GOC:txnOH-2018]",1184,575,144,20972,0.25043478260869567,0.12162162162162163,query_1,"['GO:0010467', 'GO:0010468', 'GO:0010557']"
GO:BP,GO:0032944,regulation of mononuclear cell proliferation,1.0995633707301917e-50,True,"""Any process that modulates the frequency, rate or extent of mononuclear cell proliferation."" [GOC:add]",243,575,72,20972,0.12521739130434784,0.2962962962962963,query_1,"['GO:0032943', 'GO:0070663']"
GO:BP,GO:0050870,positive regulation of T cell activation,3.050995558920226e-50,True,"""Any process that activates or increases the frequency, rate or extent of T cell activation."" [GOC:ai]",255,575,73,20972,0.12695652173913044,0.28627450980392155,query_1,"['GO:0042110', 'GO:0050863', 'GO:0051251', 'GO:1903039']"
GO:BP,GO:0032943,mononuclear cell proliferation,3.5216068778792806e-50,True,"""The expansion of a mononuclear cell population by cell division. A mononuclear cell is a leukocyte with a single non-segmented nucleus in the mature form."" [GOC:add]",302,575,78,20972,0.1356521739130435,0.2582781456953642,query_1,['GO:0070661']
GO:BP,GO:0050670,regulation of lymphocyte proliferation,5.063050860592685e-50,True,"""Any process that modulates the frequency, rate or extent of lymphocyte proliferation."" [GOC:ai]",239,575,71,20972,0.12347826086956522,0.29707112970711297,query_1,"['GO:0032944', 'GO:0046651', 'GO:0051249']"
GO:BP,GO:0046651,lymphocyte proliferation,7.288305334737068e-50,True,"""The expansion of a lymphocyte population by cell division."" [GOC:ai]",295,575,77,20972,0.13391304347826086,0.26101694915254237,query_1,"['GO:0032943', 'GO:0046649']"
GO:BP,GO:0097529,myeloid leukocyte migration,2.8108141843834253e-49,True,"""The movement of a myeloid leukocyte within or between different tissues and organs of the body."" [GOC:cvs, PMID:22342843, PMID:24157461]",227,575,69,20972,0.12,0.3039647577092511,query_1,['GO:0050900']
GO:BP,GO:0023051,regulation of signaling,3.6647759602623555e-49,True,"""Any process that modulates the frequency, rate or extent of a signaling process."" [GOC:mtg_signal]",3473,575,248,20972,0.43130434782608695,0.07140800460696804,query_1,"['GO:0023052', 'GO:0050789']"
GO:BP,GO:0080134,regulation of response to stress,3.7175575641157e-49,True,"""Any process that modulates the frequency, rate or extent of a response to stress. Response to stress is a change in state or activity of a cell or an organism (in terms of movement, secretion, enzyme production, gene expression, etc.) as a result of a disturbance in organismal or cellular homeostasis, usually, but not necessarily, exogenous (e.g. temperature, humidity, ionizing radiation)."" [GOC:dhl]",1410,575,154,20972,0.2678260869565217,0.10921985815602837,query_1,"['GO:0006950', 'GO:0048583']"
GO:CC,GO:0030141,secretory granule,1.332494914785496e-48,True,"""A small subcellular vesicle, surrounded by a membrane, that is formed from the Golgi apparatus and contains a highly concentrated protein destined for secretion. Secretory granules move towards the periphery of the cell and upon stimulation, their membranes fuse with the cell membrane, and their protein load is exteriorized. Processing of the contained protein may take place in secretory granules."" [GOC:mah, ISBN:0198506732]",906,579,120,22155,0.20725388601036268,0.13245033112582782,query_1,"['GO:0012505', 'GO:0099503']"
GO:BP,GO:0098542,defense response to other organism,6.348968940868928e-48,True,"""Reactions triggered in response to the presence of another organism that act to protect the cell or organism from damage caused by that organism."" [GOC:dos]",1121,575,136,20972,0.23652173913043478,0.12132024977698483,query_1,"['GO:0006952', 'GO:0051707']"
GO:BP,GO:0010646,regulation of cell communication,8.672405311117415e-48,True,"""Any process that modulates the frequency, rate or extent of cell communication. Cell communication is the process that mediates interactions between a cell and its surroundings. Encompasses interactions such as signaling or attachment between one cell and another cell, between a cell and an extracellular matrix, or between a cell and any other aspect of its environment."" [GOC:dph, GOC:tb]",3480,575,246,20972,0.42782608695652175,0.0706896551724138,query_1,"['GO:0007154', 'GO:0050794']"
GO:BP,GO:0002449,lymphocyte mediated immunity,1.1816855249744186e-47,True,"""Any process involved in the carrying out of an immune response by a lymphocyte."" [GO_REF:0000022, GOC:add, ISBN:0781735149]",377,575,83,20972,0.1443478260869565,0.22015915119363394,query_1,['GO:0002443']
GO:BP,GO:0140546,defense response to symbiont,2.506316833818095e-47,True,"""Reactions triggered in response to the presence of a symbiont that act to protect or prevent damage to the host."" [GOC:pg]",1100,575,134,20972,0.23304347826086957,0.12181818181818181,query_1,['GO:0098542']
GO:BP,GO:0009966,regulation of signal transduction,2.9779322291018004e-47,True,"""Any process that modulates the frequency, rate or extent of signal transduction."" [GOC:sm]",3031,575,227,20972,0.3947826086956522,0.07489277466182778,query_1,"['GO:0007165', 'GO:0010646', 'GO:0023051', 'GO:0048583']"
KEGG,KEGG:04060,Cytokine-cytokine receptor interaction,1.5003893851630948e-46,True,Cytokine-cytokine receptor interaction,291,482,94,8716,0.1950207468879668,0.3230240549828179,query_1,['KEGG:00000']
GO:BP,GO:0002685,regulation of leukocyte migration,9.956186731606596e-46,True,"""Any process that modulates the frequency, rate, or extent of leukocyte migration."" [GOC:add]",226,575,66,20972,0.11478260869565217,0.2920353982300885,query_1,"['GO:0002682', 'GO:0030334', 'GO:0050900']"
GO:BP,GO:0002460,adaptive immune response based on somatic recombination of immune receptors built from immunoglobulin superfamily domains,1.8287683116989953e-45,True,"""An immune response mediated by lymphocytes expressing specific receptors for antigen produced through a somatic diversification process that includes somatic recombination of germline gene segments encoding immunoglobulin superfamily domains. Recombined receptors for antigen encoded by immunoglobulin superfamily domains include T cell receptors and immunoglobulins (antibodies) produced by B cells. The first encounter with antigen elicits a primary immune response that is slow and not of great magnitude. T and B cells selected by antigen become activated and undergo clonal expansion. A fraction of antigen-reactive T and B cells become memory cells, whereas others differentiate into effector cells. The memory cells generated during the primary response enable a much faster and stronger secondary immune response upon subsequent exposures to the same antigen (immunological memory). An example of this is the adaptive immune response found in Mus musculus."" [GOC:add, GOC:mtg_sensu, ISBN:0781735149, ISBN:1405196831]",389,575,82,20972,0.1426086956521739,0.21079691516709512,query_1,['GO:0002250']
GO:BP,GO:0002683,negative regulation of immune system process,2.114981453323674e-45,True,"""Any process that stops, prevents, or reduces the frequency, rate, or extent of an immune system process."" [GOC:add]",522,575,93,20972,0.1617391304347826,0.1781609195402299,query_1,"['GO:0002376', 'GO:0002682', 'GO:0048519']"
GO:BP,GO:0048468,cell development,2.424200261237645e-45,True,"""The cellular developmental process in which a specific cell progresses from an immature to a mature state. Cell development start once cell commitment has taken place."" [GOC:go_curators]",2842,575,216,20972,0.37565217391304345,0.07600281491907107,query_1,"['GO:0030154', 'GO:0048856', 'GO:0048869']"
GO:BP,GO:0007275,multicellular organism development,6.362285467718368e-45,True,"""The biological process whose specific outcome is the progression of a multicellular organism over time from an initial condition (e.g. a zygote or a young adult) to a later condition (e.g. a multicellular animal or an aged adult)."" [GOC:dph, GOC:ems, GOC:isa_complete, GOC:tb]",4690,575,286,20972,0.4973913043478261,0.06098081023454158,query_1,"['GO:0032501', 'GO:0048856']"
GO:BP,GO:0070665,positive regulation of leukocyte proliferation,6.74636970443131e-45,True,"""Any process that activates or increases the frequency, rate or extent of leukocyte proliferation."" [GOC:add, GOC:mah]",166,575,58,20972,0.10086956521739131,0.3493975903614458,query_1,"['GO:0008284', 'GO:0070661', 'GO:0070663']"
GO:BP,GO:0030154,cell differentiation,8.463251073292144e-45,True,"""The cellular developmental process in which a relatively unspecialized cell, e.g. embryonic or regenerative cell, acquires specialized structural and/or functional features that characterize a specific cell. Differentiation includes the processes involved in commitment of a cell to a specific fate and its subsequent development to the mature state."" [ISBN:0198506732]",4443,575,277,20972,0.4817391304347826,0.06234526221021832,query_1,['GO:0048869']
GO:BP,GO:0048869,cellular developmental process,8.864124191838617e-45,True,"""A biological process whose specific outcome is the progression of a cell over time from an initial condition to a later condition."" [GOC:isa_complete]",4444,575,277,20972,0.4817391304347826,0.06233123312331233,query_1,"['GO:0009987', 'GO:0032502']"
GO:BP,GO:0048856,anatomical structure development,8.870662251207438e-45,True,"""The biological process whose specific outcome is the progression of an anatomical structure from an initial condition to its mature state. This process begins with the formation of the structure and ends with the mature structure, whatever form that may be including its natural destruction. An anatomical structure is any biological entity that occupies space and is distinguished from its surroundings. Anatomical structures can be macroscopic such as a carpel, or microscopic such as an acrosome."" [GO_REF:0000021]",5948,575,328,20972,0.5704347826086956,0.05514458641560188,query_1,['GO:0032502']
GO:BP,GO:0002274,myeloid leukocyte activation,1.1893374949576704e-44,True,"""A change in the morphology or behavior of a myeloid leukocyte resulting from exposure to an activating factor such as a cellular or soluble ligand."" [GOC:add, ISBN:0781735149]",243,575,67,20972,0.11652173913043479,0.2757201646090535,query_1,['GO:0045321']
GO:BP,GO:0002521,leukocyte differentiation,1.6733906070869105e-44,True,"""The process in which a relatively unspecialized hemopoietic precursor cell acquires the specialized features of a leukocyte. A leukocyte is an achromatic cell of the myeloid or lymphoid lineages capable of ameboid movement, found in blood or other tissue."" [CL:0000738, GOC:add, PMID:16551264]",628,575,100,20972,0.17391304347826086,0.1592356687898089,query_1,"['GO:0030097', 'GO:0030154']"
GO:CC,GO:0030659,cytoplasmic vesicle membrane,1.7574543142261209e-44,True,"""The lipid bilayer surrounding a cytoplasmic vesicle."" [GOC:mah]",1257,579,135,22155,0.23316062176165803,0.10739856801909307,query_1,"['GO:0012506', 'GO:0031410']"
GO:CC,GO:0012506,vesicle membrane,1.8143236626601262e-44,True,"""The lipid bilayer surrounding any membrane-bounded vesicle in the cell."" [GOC:mah, GOC:vesicle]",1276,579,136,22155,0.23488773747841105,0.10658307210031348,query_1,"['GO:0031090', 'GO:0031982']"
GO:BP,GO:0045087,innate immune response,4.2829231322570053e-44,True,"""Innate immune responses are defense responses mediated by germline encoded components that directly recognize components of potential pathogens."" [GO_REF:0000022, GOC:add, GOC:ebc, GOC:mtg_sensu]",1018,575,125,20972,0.21739130434782608,0.12278978388998035,query_1,"['GO:0006955', 'GO:0140546']"
WP,WP:WP5473,Cytokine cytokine receptor interaction,4.4139836226963466e-44,True,Cytokine cytokine receptor interaction,254,475,85,8899,0.17894736842105263,0.3346456692913386,query_1,['WP:000000']
GO:BP,GO:0006897,endocytosis,6.519407356955557e-44,True,"""A vesicle-mediated transport process in which cells take up external materials or membrane constituents by the invagination of a part of the plasma membrane to form a new membrane-bounded vesicle."" [GOC:mah, ISBN:0198506732, ISBN:0716731363, Wikipedia:Endocytosis]",694,575,104,20972,0.1808695652173913,0.14985590778097982,query_1,"['GO:0016192', 'GO:0098657']"
GO:BP,GO:0002819,regulation of adaptive immune response,1.3094890506946465e-43,True,"""Any process that modulates the frequency, rate, or extent of an adaptive immune response."" [GOC:add]",215,575,63,20972,0.10956521739130434,0.2930232558139535,query_1,"['GO:0002250', 'GO:0050776']"
GO:BP,GO:0002822,regulation of adaptive immune response based on somatic recombination of immune receptors built from immunoglobulin superfamily domains,2.6753064705787424e-43,True,"""Any process that modulates the frequency, rate, or extent of an adaptive immune response based on somatic recombination of immune receptors built from immunoglobulin superfamily domains. An example of this process is found in the Gnathostomata."" [GOC:add, GOC:mtg_sensu]",200,575,61,20972,0.10608695652173913,0.305,query_1,"['GO:0002460', 'GO:0002819']"
GO:MF,GO:0140375,immune receptor activity,4.438302195251646e-43,True,"""Receiving a signal and transmitting it in a cell to initiate an immune response."" [PMID:31415752, Wikipedia:Immune_receptor]",153,573,55,20208,0.09598603839441536,0.35947712418300654,query_1,['GO:0038023']
GO:MF,GO:0140677,molecular function activator activity,4.839821921531539e-43,True,"""A molecular function regulator that activates or increases the activity of its target via non-covalent binding that does not result in covalent modification to the target."" [GOC:curators]",1209,573,136,20208,0.23734729493891799,0.11248966087675766,query_1,['GO:0098772']
GO:BP,GO:0032946,positive regulation of mononuclear cell proliferation,8.695685289592936e-43,True,"""Any process that activates or increases the frequency, rate or extent of mononuclear cell proliferation."" [GOC:add]",148,575,54,20972,0.09391304347826086,0.36486486486486486,query_1,"['GO:0032943', 'GO:0032944', 'GO:0070665']"
GO:BP,GO:0001944,vasculature development,9.137100231674923e-43,True,"""The process whose specific outcome is the progression of the vasculature over time, from its formation to the mature structure. The vasculature is an interconnected tubular multi-tissue structure that contains fluid that is actively transported around the organism."" [GOC:dph, UBERON:0002409]",758,575,107,20972,0.18608695652173912,0.14116094986807387,query_1,"['GO:0048731', 'GO:0072359']"
GO:BP,GO:0001525,angiogenesis,1.0013827581880576e-42,True,"""Blood vessel formation when new vessels emerge from the proliferation of pre-existing blood vessels."" [ISBN:0878932453]",546,575,92,20972,0.16,0.1684981684981685,query_1,"['GO:0048514', 'GO:0048646']"
GO:MF,GO:0044877,protein-containing complex binding,1.0031582512728894e-42,True,"""Binding to a macromolecular complex."" [GOC:jl]",1252,573,138,20208,0.24083769633507854,0.11022364217252396,query_1,['GO:0005488']
GO:CC,GO:0099503,secretory vesicle,1.366951252453233e-42,True,"""A cytoplasmic, membrane bound vesicle that is capable of fusing to the plasma membrane to release its contents into the extracellular space."" [GOC:dos]",1084,579,123,22155,0.21243523316062177,0.11346863468634687,query_1,['GO:0031410']
GO:BP,GO:0035295,tube development,3.4495430753761776e-42,True,"""The process whose specific outcome is the progression of a tube over time, from its initial formation to a mature structure. Epithelial and endothelial tubes transport gases, liquids and cells from one site to another and form the basic structure of many organs and tissues including lung and trachea, kidney, the mammary gland, the vascular system and the gastrointestinal and urinary-genital tracts."" [PMID:12526790]",1094,575,127,20972,0.22086956521739132,0.11608775137111517,query_1,"['GO:0007275', 'GO:0048856']"
GO:BP,GO:0050920,regulation of chemotaxis,6.387103011496401e-42,True,"""Any process that modulates the frequency, rate or extent of the directed movement of a motile cell or organism in response to a specific chemical concentration gradient."" [GOC:ai]",201,575,60,20972,0.10434782608695652,0.29850746268656714,query_1,"['GO:0006935', 'GO:0032101', 'GO:0040012']"
GO:BP,GO:0050671,positive regulation of lymphocyte proliferation,8.305672853953297e-42,True,"""Any process that activates or increases the rate or extent of lymphocyte proliferation."" [GOC:ai]",146,575,53,20972,0.09217391304347826,0.363013698630137,query_1,"['GO:0032946', 'GO:0046651', 'GO:0050670', 'GO:0051251']"
GO:BP,GO:1903131,mononuclear cell differentiation,1.462423693427819e-41,True,"""The process in which a relatively unspecialized cell acquires the specialized features of a mononuclear cell."" [CL:0000842, GO_REF:0000086, GOC:TermGenie, PMID:24759906]",523,575,89,20972,0.15478260869565216,0.1701720841300191,query_1,['GO:0002521']
GO:BP,GO:0002705,positive regulation of leukocyte mediated immunity,2.9147008579868384e-41,True,"""Any process that activates or increases the frequency, rate, or extent of leukocyte mediated immunity."" [GOC:add]",149,575,53,20972,0.09217391304347826,0.35570469798657717,query_1,"['GO:0002443', 'GO:0002699', 'GO:0002703']"
GO:BP,GO:0001568,blood vessel development,3.916479469161394e-41,True,"""The process whose specific outcome is the progression of a blood vessel over time, from its formation to the mature structure. The blood vessel is the vasculature carrying blood."" [GOC:hjd, UBERON:0001981]",727,575,103,20972,0.1791304347826087,0.14167812929848694,query_1,"['GO:0001944', 'GO:0048856']"
GO:BP,GO:0048646,anatomical structure formation involved in morphogenesis,4.1206044131548147e-41,True,"""The developmental process pertaining to the initial formation of an anatomical structure from unspecified parts. This process begins with the specific processes that contribute to the appearance of the discrete structure and ends when the structural rudiment is recognizable. An anatomical structure is any biological entity that occupies space and is distinguished from its surroundings. Anatomical structures can be macroscopic such as a carpel, or microscopic such as an acrosome."" [GOC:dph, GOC:jid, GOC:tb]",1190,575,131,20972,0.22782608695652173,0.11008403361344538,query_1,"['GO:0009653', 'GO:0032502']"
GO:BP,GO:0032102,negative regulation of response to external stimulus,5.028738248909726e-41,True,"""Any process that stops, prevents, or reduces the frequency, rate or extent of a response to an external stimulus."" [GOC:mah]",393,575,78,20972,0.1356521739130435,0.1984732824427481,query_1,"['GO:0009605', 'GO:0032101', 'GO:0048585']"
GO:BP,GO:0042129,regulation of T cell proliferation,5.341252291261945e-41,True,"""Any process that modulates the frequency, rate or extent of T cell proliferation."" [GOC:jl]",182,575,57,20972,0.09913043478260869,0.3131868131868132,query_1,"['GO:0042098', 'GO:0050670', 'GO:0050863']"
GO:BP,GO:0002764,immune response-regulating signaling pathway,1.0077904937892332e-40,True,"""The cascade of processes by which a signal interacts with a receptor, causing a change in the level or activity of a second messenger or other downstream target, and ultimately leading to the activation, perpetuation, or inhibition of an immune response."" [GOC:add, ISBN:0781735149, PMID:15771571]",562,575,91,20972,0.1582608695652174,0.1619217081850534,query_1,"['GO:0007165', 'GO:0050776']"
GO:BP,GO:0048514,blood vessel morphogenesis,1.058875811624227e-40,True,"""The process in which the anatomical structures of blood vessels are generated and organized. The blood vessel is the vasculature carrying blood."" [GOC:jid]",632,575,96,20972,0.16695652173913045,0.1518987341772152,query_1,"['GO:0001568', 'GO:0035239']"
KEGG,KEGG:04514,Cell adhesion molecule (CAM) interaction,1.0899215828049494e-40,True,Cell adhesion molecule (CAM) interaction,155,482,66,8716,0.13692946058091288,0.4258064516129032,query_1,['KEGG:00000']
GO:BP,GO:0032502,developmental process,2.755382852899278e-40,True,"""A biological process whose specific outcome is the progression of an integrated living unit: an anatomical structure (which may be a subcellular structure, cell, tissue, or organ), or organism over time from an initial condition to a later condition."" [GOC:isa_complete]",6535,575,338,20972,0.5878260869565217,0.05172149961744453,query_1,['GO:0008150']
GO:BP,GO:1901700,response to oxygen-containing compound,2.870787074768486e-40,True,"""Any process that results in a change in state or activity of a cell or an organism (in terms of movement, secretion, enzyme production, gene expression, etc.) as a result of an oxygen-containing compound stimulus."" [GOC:pr, GOC:TermGenie]",1632,575,153,20972,0.26608695652173914,0.09375,query_1,['GO:0042221']
GO:BP,GO:0042098,T cell proliferation,3.875658119651898e-40,True,"""The expansion of a T cell population by cell division. Follows T cell activation."" [GOC:jl]",214,575,60,20972,0.10434782608695652,0.2803738317757009,query_1,"['GO:0042110', 'GO:0046651']"
GO:BP,GO:0030097,hemopoiesis,4.636234238727275e-40,True,"""The process whose specific outcome is the progression of the myeloid and lymphoid derived organ/tissue systems of the blood and other parts of the body over time, from formation to the mature structure. The site of hemopoiesis is variable during development, but occurs primarily in bone marrow or kidney in many adult vertebrates."" [GOC:dgh, ISBN:0198506732]",971,575,117,20972,0.20347826086956522,0.12049433573635428,query_1,['GO:0048468']
GO:BP,GO:0035239,tube morphogenesis,8.034049533555723e-40,True,"""The process in which the anatomical structures of a tube are generated and organized. Epithelial and endothelial tubes transport gases, liquids and cells from one site to another and form the basic structure of many organs and tissues, with tube shape and organization varying from the single-celled excretory organ in Caenorhabditis elegans to the branching trees of the mammalian kidney and insect tracheal system."" [GOC:bf, PMID:14624839]",877,575,111,20972,0.19304347826086957,0.1265678449258837,query_1,"['GO:0009653', 'GO:0035295']"
GO:MF,GO:0005515,protein binding,9.513707358178288e-40,True,"""Binding to a protein."" [GOC:go_curators]",15082,573,548,20208,0.956369982547993,0.03633470362020952,query_1,['GO:0005488']
GO:CC,GO:0012505,endomembrane system,1.0349564989134348e-39,True,"""A collection of membranous structures involved in transport within the cell. The main components of the endomembrane system are endoplasmic reticulum, Golgi bodies, vesicles, cell membrane and nuclear envelope. Members of the endomembrane system pass materials through each other or though the use of vesicles."" [GOC:lh]",4949,579,276,22155,0.47668393782383417,0.055768842190341485,query_1,['GO:0110165']
GO:BP,GO:0045595,regulation of cell differentiation,1.0514543158199876e-39,True,"""Any process that modulates the frequency, rate or extent of cell differentiation, the process in which relatively unspecialized cells acquire specialized structural and functional features."" [GOC:go_curators]",1549,575,148,20972,0.2573913043478261,0.09554551323434474,query_1,"['GO:0030154', 'GO:0050793', 'GO:0050794']"
GO:BP,GO:0060284,regulation of cell development,1.1403982344038487e-39,True,"""Any process that modulates the rate, frequency or extent of the progression of the cell over time, from its formation to the mature structure. Cell development does not include the steps involved in committing a cell to a specific fate."" [GOC:dph, GOC:tb]",816,575,107,20972,0.18608695652173912,0.13112745098039216,query_1,"['GO:0045595', 'GO:0048468']"
GO:BP,GO:0002708,positive regulation of lymphocyte mediated immunity,1.3808241878520641e-39,True,"""Any process that activates or increases the frequency, rate, or extent of lymphocyte mediated immunity."" [GOC:add]",129,575,49,20972,0.08521739130434783,0.3798449612403101,query_1,"['GO:0002449', 'GO:0002705', 'GO:0002706']"
REAC,REAC:R-HSA-198933,Immunoregulatory interactions between a Lymphoid and a non-Lymphoid cell,6.063802869056515e-39,True,Immunoregulatory interactions between a Lymphoid and a non-Lymphoid cell,182,520,66,11056,0.12692307692307692,0.3626373626373626,query_1,['REAC:R-HSA-1280218']
GO:BP,GO:1902531,regulation of intracellular signal transduction,6.243780499748166e-39,True,"""Any process that modulates the frequency, rate or extent of intracellular signal transduction."" [GOC:dph, GOC:signaling, GOC:tb, GOC:TermGenie]",1945,575,166,20972,0.288695652173913,0.08534704370179949,query_1,"['GO:0009966', 'GO:0035556']"
GO:BP,GO:0071675,regulation of mononuclear cell migration,1.608406617148704e-38,True,"""Any process that modulates the rate, frequency or extent of mononuclear cell migration. Mononuclear cell migration is the movement of a mononuclear cell within or between different tissues and organs of the body."" [GOC:mah]",142,575,50,20972,0.08695652173913043,0.352112676056338,query_1,"['GO:0002685', 'GO:0071674']"
GO:BP,GO:0009617,response to bacterium,3.0522001701011115e-38,True,"""Any process that results in a change in state or activity of a cell or an organism (in terms of movement, secretion, enzyme production, gene expression, etc.) as a result of a stimulus from a bacterium."" [GOC:hb]",719,575,99,20972,0.17217391304347826,0.1376912378303199,query_1,['GO:0051707']
GO:BP,GO:0048731,system development,2.4979393765253006e-37,True,"""The process whose specific outcome is the progression of an organismal system over time, from its formation to the mature structure. A system is a regularly interacting or interdependent group of organs or tissues that work together to carry out a given biological process."" [GOC:dph, GOC:jid]",4023,575,248,20972,0.43130434782608695,0.06164553815560527,query_1,"['GO:0007275', 'GO:0048856']"
GO:BP,GO:0035556,intracellular signal transduction,3.6500040621728187e-37,True,"""The process in which a signal is passed on to downstream components within the cell, which become activated themselves to further propagate the signal and finally trigger a change in the function or state of the cell."" [GOC:bf, GOC:jl, GOC:signaling, ISBN:3527303782]",2963,575,207,20972,0.36,0.06986162672966588,query_1,['GO:0007165']
GO:BP,GO:0002687,positive regulation of leukocyte migration,5.424762138737019e-37,True,"""Any process that activates or increases the frequency, rate, or extent of leukocyte migration."" [GOC:add]",151,575,50,20972,0.08695652173913043,0.33112582781456956,query_1,"['GO:0002684', 'GO:0002685', 'GO:0030335', 'GO:0050900']"
KEGG,KEGG:04640,Hematopoietic cell lineage,1.023760469507085e-36,True,Hematopoietic cell lineage,93,482,50,8716,0.1037344398340249,0.5376344086021505,query_1,['KEGG:00000']
GO:BP,GO:0071677,positive regulation of mononuclear cell migration,1.0456126465872573e-36,True,"""Any process that increases the rate, frequency or extent of mononuclear cell migration. Mononuclear cell migration is the movement of a mononuclear cell within or between different tissues and organs of the body."" [GOC:mah]",96,575,42,20972,0.07304347826086957,0.4375,query_1,"['GO:0002687', 'GO:0071674', 'GO:0071675']"
REAC,REAC:R-HSA-1280215,Cytokine Signaling in Immune system,1.7339159262833944e-36,True,Cytokine Signaling in Immune system,780,520,129,11056,0.24807692307692308,0.16538461538461538,query_1,['REAC:R-HSA-168256']
GO:BP,GO:0098657,import into cell,4.2425469718978e-36,True,"""The directed movement of some substance from outside of a cell into a cell. This may occur via transport across the plasma membrane or via endocytosis."" [GOC:dos]",958,575,111,20972,0.19304347826086957,0.11586638830897704,query_1,['GO:0006810']
GO:BP,GO:0002253,activation of immune response,5.3318212704286575e-36,True,"""Any process that initiates an immune response."" [GO_REF:0000022, GOC:add, ISBN:0781735149]",581,575,87,20972,0.15130434782608695,0.14974182444061962,query_1,"['GO:0002376', 'GO:0050778']"
GO:BP,GO:0050727,regulation of inflammatory response,5.9316645728902354e-36,True,"""Any process that modulates the frequency, rate or extent of the inflammatory response, the immediate defensive reaction (by vertebrate tissue) to infection or injury caused by chemical or physical agents."" [GOC:ai]",395,575,73,20972,0.12695652173913044,0.1848101265822785,query_1,"['GO:0006954', 'GO:0031347', 'GO:0032101']"
GO:BP,GO:0043410,positive regulation of MAPK cascade,1.2545821891676093e-35,True,"""Any process that activates or increases the frequency, rate or extent of signal transduction mediated by the MAPK cascade."" [GOC:go_curators]",450,575,77,20972,0.13391304347826086,0.1711111111111111,query_1,"['GO:0000165', 'GO:0043408', 'GO:1902533']"
GO:BP,GO:0002700,regulation of production of molecular mediator of immune response,2.1128160342964752e-35,True,"""Any process that modulates the frequency, rate, or extent of the production of molecular mediator of immune response."" [GOC:add]",196,575,54,20972,0.09391304347826086,0.2755102040816326,query_1,"['GO:0002440', 'GO:0002697', 'GO:0010468']"
GO:BP,GO:0072359,circulatory system development,2.1916810978613313e-35,True,"""The process whose specific outcome is the progression of the circulatory system over time, from its formation to the mature structure. The circulatory system is the organ system that passes nutrients (such as amino acids and electrolytes), gases, hormones, blood cells, etc. to and from cells in the body to help fight diseases and help stabilize body temperature and pH to maintain homeostasis."" [GOC:mah, UBERON:0001009]",1135,575,120,20972,0.20869565217391303,0.10572687224669604,query_1,['GO:0048731']
GO:BP,GO:0002263,cell activation involved in immune response,2.2717978809747544e-35,True,"""A change in the morphology or behavior of a cell resulting from exposure to an activating factor such as a cellular or soluble ligand, leading to the initiation or perpetuation of an immune response."" [GO_REF:0000022, GOC:add, ISBN:0781735149]",308,575,65,20972,0.11304347826086956,0.21103896103896103,query_1,"['GO:0001775', 'GO:0002252', 'GO:0006955']"
GO:BP,GO:0002768,immune response-regulating cell surface receptor signaling pathway,2.6452702605169766e-35,True,"""The series of molecular signals initiated by an extracellular ligand binding to a receptor on the surface of the target cell capable of activating, perpetuating, or inhibiting an immune response."" [GOC:add, ISBN:0781735149, PMID:15771571]",343,575,68,20972,0.11826086956521739,0.19825072886297376,query_1,"['GO:0002764', 'GO:0007166']"
GO:BP,GO:0009611,response to wounding,6.068363307122197e-35,True,"""Any process that results in a change in state or activity of a cell or an organism (in terms of movement, secretion, enzyme production, gene expression, etc.) as a result of a stimulus indicating damage to the organism."" [GOC:go_curators]",570,575,85,20972,0.14782608695652175,0.14912280701754385,query_1,['GO:0006950']
GO:MF,GO:0005126,cytokine receptor binding,8.218270072621263e-35,True,"""Binding to a cytokine receptor."" [GOC:mah, GOC:vw]",279,573,62,20208,0.1082024432809773,0.2222222222222222,query_1,['GO:0005102']
GO:BP,GO:0006915,apoptotic process,1.0334757150293393e-34,True,"""A programmed cell death process which begins when a cell receives an internal (e.g. DNA damage) or external signal (e.g. an extracellular death ligand), and proceeds through a series of biochemical events (signaling pathway phase) which trigger an execution phase. The execution phase is the last step of an apoptotic process, and is typically characterized by rounding-up of the cell, retraction of pseudopodes, reduction of cellular volume (pyknosis), chromatin condensation, nuclear fragmentation (karyorrhexis), plasma membrane blebbing and fragmentation of the cell into apoptotic bodies. When the execution phase is completed, the cell has died."" [GOC:cjm, GOC:dhl, GOC:ecd, GOC:go_curators, GOC:mtg_apoptosis, GOC:tb, ISBN:0198506732, PMID:18846107, PMID:21494263]",1898,575,157,20972,0.27304347826086955,0.0827186512118019,query_1,['GO:0012501']
GO:MF,GO:0005125,cytokine activity,1.0723345181420036e-34,True,"""The activity of a soluble extracellular gene product that interacts with a receptor to effect a change in the activity of the receptor to control the survival, growth, differentiation and effector function of tissues and cells."" [ISBN:0198599471, PMID:11530802]",239,573,58,20208,0.1012216404886562,0.24267782426778242,query_1,['GO:0048018']
GO:MF,GO:0005178,integrin binding,1.3693095545840603e-34,True,"""Binding to an integrin."" [GOC:ceb]",158,573,49,20208,0.08551483420593368,0.310126582278481,query_1,"['GO:0005102', 'GO:0044877', 'GO:0050839']"
GO:BP,GO:0012501,programmed cell death,2.9153452738347844e-34,True,"""A process which begins when a cell receives an internal or external signal and activates a series of biochemical events (signaling pathway). The process ends with the death of the cell."" [GOC:lr, GOC:mtg_apoptosis]",1958,575,159,20972,0.27652173913043476,0.08120531154239019,query_1,['GO:0008219']
GO:BP,GO:0008219,cell death,3.745773634376461e-34,True,"""Any biological process that results in permanent cessation of all vital functions of a cell. A cell should be considered dead when any one of the following molecular or morphological criteria is met: (1) the cell has lost the integrity of its plasma membrane; (2) the cell, including its nucleus, has undergone complete fragmentation into discrete bodies (frequently referred to as apoptotic bodies). The cell corpse (or its fragments) may be engulfed by an adjacent cell in vivo, but engulfment of whole cells should not be considered a strict criteria to define cell death as, under some circumstances, live engulfed cells can be released from phagosomes (see PMID:18045538)."" [GOC:mah, GOC:mtg_apoptosis, PMID:25236395]",1962,575,159,20972,0.27652173913043476,0.08103975535168195,query_1,['GO:0009987']
GO:BP,GO:0045597,positive regulation of cell differentiation,4.820539079586869e-34,True,"""Any process that activates or increases the frequency, rate or extent of cell differentiation."" [GOC:go_curators]",852,575,102,20972,0.17739130434782607,0.11971830985915492,query_1,"['GO:0030154', 'GO:0045595', 'GO:0048522', 'GO:0051094']"
GO:CC,GO:0098797,plasma membrane protein complex,5.827497373879805e-34,True,"""Any protein complex that is part of the plasma membrane."" [GOC:dos]",726,579,91,22155,0.15716753022452504,0.12534435261707988,query_1,"['GO:0005886', 'GO:0098796']"
GO:BP,GO:0048585,negative regulation of response to stimulus,7.545603831708988e-34,True,"""Any process that stops, prevents, or reduces the frequency, rate or extent of a response to a stimulus. Response to stimulus is a change in state or activity of a cell or an organism (in terms of movement, secretion, enzyme production, gene expression, etc.) as a result of a stimulus."" [GOC:jid]",1693,575,146,20972,0.2539130434782609,0.08623744831659776,query_1,"['GO:0048519', 'GO:0048583', 'GO:0050896']"
GO:BP,GO:0002366,leukocyte activation involved in immune response,1.0837963240610658e-33,True,"""A change in morphology and behavior of a leukocyte resulting from exposure to a specific antigen, mitogen, cytokine, cellular ligand, or soluble factor, leading to the initiation or perpetuation of an immune response."" [GOC:add, ISBN:0781735149]",304,575,63,20972,0.10956521739130434,0.20723684210526316,query_1,"['GO:0002263', 'GO:0045321']"
GO:BP,GO:0009893,positive regulation of metabolic process,1.2278631513254035e-33,True,"""Any process that activates or increases the frequency, rate or extent of the chemical reactions and pathways within a cell or an organism."" [GOC:go_curators]",3410,575,218,20972,0.3791304347826087,0.06392961876832845,query_1,"['GO:0008152', 'GO:0019222', 'GO:0048522']"
GO:BP,GO:0031341,regulation of cell killing,1.6552790400245503e-33,True,"""Any process that modulates the frequency, rate or extent of cell killing, the process in which a cell brings about the death of another cell, either in the same or a different organism."" [GOC:mah]",104,575,41,20972,0.07130434782608695,0.3942307692307692,query_1,"['GO:0001906', 'GO:0050794']"
GO:BP,GO:0042102,positive regulation of T cell proliferation,1.6552790400245503e-33,True,"""Any process that activates or increases the rate or extent of T cell proliferation."" [GOC:ai]",104,575,41,20972,0.07130434782608695,0.3942307692307692,query_1,"['GO:0042098', 'GO:0042129', 'GO:0050671', 'GO:0050870']"
GO:BP,GO:0050921,positive regulation of chemotaxis,1.7084004048203942e-33,True,"""Any process that activates or increases the frequency, rate or extent of the directed movement of a motile cell or organism in response to a specific chemical concentration gradient."" [GOC:ai]",141,575,46,20972,0.08,0.3262411347517731,query_1,"['GO:0006935', 'GO:0032103', 'GO:0040017', 'GO:0050920']"
GO:BP,GO:0050866,negative regulation of cell activation,2.5118904905263083e-33,True,"""Any process that stops, prevents, or reduces the frequency, rate or extent of cell activation."" [GOC:ai]",213,575,54,20972,0.09391304347826086,0.2535211267605634,query_1,"['GO:0001775', 'GO:0048523', 'GO:0050865', 'GO:0051241']"
GO:CC,GO:0030667,secretory granule membrane,2.861847864338972e-33,True,"""The lipid bilayer surrounding a secretory granule."" [GOC:mah]",321,579,62,22155,0.1070811744386874,0.19314641744548286,query_1,"['GO:0030141', 'GO:0030659', 'GO:0098588']"
GO:BP,GO:0002237,response to molecule of bacterial origin,3.6124960494814537e-33,True,"""Any process that results in a change in state or activity of an organism (in terms of movement, secretion, enzyme production, gene expression, etc.) as a result of a stimulus by molecules of bacterial origin such as peptides derived from bacterial flagellin."" [GOC:rl, GOC:sm]",345,575,66,20972,0.11478260869565217,0.19130434782608696,query_1,"['GO:0009617', 'GO:0043207']"
GO:BP,GO:0009653,anatomical structure morphogenesis,3.64551366480464e-33,True,"""The process in which anatomical structures are generated and organized. Morphogenesis pertains to the creation of form."" [GOC:go_curators, ISBN:0521436125]",2699,575,189,20972,0.32869565217391306,0.0700259355316784,query_1,"['GO:0032502', 'GO:0048856']"
GO:CC,GO:0045121,membrane raft,5.614292397248706e-33,True,"""Any of the small (10-200 nm), heterogeneous, highly dynamic, sterol- and sphingolipid-enriched membrane domains that compartmentalize cellular processes. Small rafts can sometimes be stabilized to form larger platforms through protein-protein and protein-lipid interactions."" [PMID:16645198, PMID:20044567]",289,579,59,22155,0.10189982728842832,0.2041522491349481,query_1,['GO:0098857']
GO:BP,GO:0031349,positive regulation of defense response,7.154394137895718e-33,True,"""Any process that activates or increases the frequency, rate or extent of a defense response."" [GOC:mah]",519,575,79,20972,0.1373913043478261,0.15221579961464354,query_1,"['GO:0006952', 'GO:0031347', 'GO:0048584']"
GO:BP,GO:0044409,symbiont entry into host,7.31570988866247e-33,True,"""Entry of a symbiont into the body, tissues, or cells of a host organism as part of the symbiont life cycle. The host is defined as the larger of the organisms involved in a symbiotic interaction."" [GOC:vw]",137,575,45,20972,0.0782608695652174,0.3284671532846715,query_1,['GO:0051701']
GO:CC,GO:0098857,membrane microdomain,8.432792585966586e-33,True,"""A membrane region with a lipid composition that is distinct from that of the membrane regions that surround it."" [PMID:20044567, PMID:26253820]",291,579,59,22155,0.10189982728842832,0.2027491408934708,query_1,['GO:0016020']
GO:BP,GO:0002440,production of molecular mediator of immune response,1.2089786885853913e-32,True,"""The synthesis or release of any molecular mediator of the immune response, resulting in an increase in its intracellular or extracellular levels."" [GO_REF:0000022, GOC:add, ISBN:0781735149]",229,575,55,20972,0.09565217391304348,0.24017467248908297,query_1,"['GO:0002376', 'GO:0010467']"
GO:BP,GO:0042981,regulation of apoptotic process,1.3889459690980688e-32,True,"""Any process that modulates the occurrence or rate of cell death by apoptotic process."" [GOC:jl, GOC:mtg_apoptosis]",1426,575,131,20972,0.22782608695652173,0.09186535764375876,query_1,"['GO:0006915', 'GO:0043067']"
GO:BP,GO:0046718,symbiont entry into host cell,2.1401775981417667e-32,True,"""The process by which a symbiont breaches the plasma membrane or cell envelope and enters the host cell. The process ends when the symbiont or its genome is released into the host cell."" [GOC:jl]",132,575,44,20972,0.07652173913043478,0.3333333333333333,query_1,"['GO:0019058', 'GO:0044409']"
GO:BP,GO:0051128,regulation of cellular component organization,3.0891283218417475e-32,True,"""Any process that modulates the frequency, rate or extent of a process involved in the formation, arrangement of constituent parts, or disassembly of cell structures, including the plasma membrane and any external encapsulating structures such as the cell wall and cell envelope."" [GOC:ai]",2427,575,176,20972,0.3060869565217391,0.07251751133086115,query_1,"['GO:0016043', 'GO:0050794']"
GO:BP,GO:0002757,immune response-activating signaling pathway,3.40092517929114e-32,True,"""The series of molecular signals generated by a ligand binding to its receptor that lead to the activation or perpetuation of an immune response."" [GOC:add]",516,575,78,20972,0.1356521739130435,0.1511627906976744,query_1,"['GO:0002253', 'GO:0002764']"
GO:MF,GO:0098772,molecular function regulator activity,4.036176104590864e-32,True,"""A molecular function regulator regulates the activity of its target via non-covalent binding that does not result in covalent modification to the target. Examples of molecular function regulators include regulatory subunits of multimeric enzymes and channels. Mechanisms of regulation include allosteric changes in the target and competitive inhibition."" [GOC:dos, GOC:pt]",2266,573,171,20208,0.29842931937172773,0.07546337157987644,query_1,['GO:0003674']
GO:BP,GO:0043408,regulation of MAPK cascade,5.678908324406899e-32,True,"""Any process that modulates the frequency, rate or extent of signal transduction mediated by the MAP kinase (MAPK) cascade."" [GOC:go_curators]",638,575,86,20972,0.14956521739130435,0.13479623824451412,query_1,"['GO:0000165', 'GO:1902531']"
GO:BP,GO:0030098,lymphocyte differentiation,9.370741376663807e-32,True,"""The process in which a relatively unspecialized precursor cell acquires specialized features of a lymphocyte. A lymphocyte is a leukocyte commonly found in the blood and lymph that has the characteristics of a large nucleus, a neutral staining cytoplasm, and prominent heterochromatin."" [CL:0000542, GOC:go_curators]",427,575,71,20972,0.12347826086956522,0.16627634660421545,query_1,"['GO:0046649', 'GO:1903131']"
KEGG,KEGG:04061,Viral protein interaction with cytokine and cytokine receptor,2.007492803418209e-31,True,Viral protein interaction with cytokine and cytokine receptor,98,482,47,8716,0.0975103734439834,0.47959183673469385,query_1,['KEGG:00000']
GO:BP,GO:0001910,regulation of leukocyte mediated cytotoxicity,2.2047495505293084e-31,True,"""Any process that modulates the frequency, rate, or extent of leukocyte mediated cytotoxicity."" [GOC:add, ISBN:0781735149, PMID:11911826]",94,575,38,20972,0.06608695652173913,0.40425531914893614,query_1,"['GO:0001909', 'GO:0002703', 'GO:0031341']"
GO:BP,GO:0043067,regulation of programmed cell death,2.6748294587467217e-31,True,"""Any process that modulates the frequency, rate or extent of programmed cell death, cell death resulting from activation of endogenous cellular processes."" [GOC:jl]",1467,575,131,20972,0.22782608695652173,0.08929788684389911,query_1,"['GO:0012501', 'GO:0050794']"
GO:BP,GO:0002456,T cell mediated immunity,2.7984004794215584e-31,True,"""Any process involved in the carrying out of an immune response by a T cell."" [GO_REF:0000022, GOC:add, ISBN:0781735149]",131,575,43,20972,0.07478260869565218,0.3282442748091603,query_1,"['GO:0002449', 'GO:0002460']"
GO:MF,GO:0019955,cytokine binding,3.465459261827974e-31,True,"""Binding to a cytokine, any of a group of proteins that function to control the survival, growth and differentiation of tissues and cells, and which have autocrine and paracrine activity."" [GOC:ai, GOC:bf, ISBN:0198599471]",148,573,45,20208,0.07853403141361257,0.30405405405405406,query_1,['GO:0005515']
GO:BP,GO:0007162,negative regulation of cell adhesion,3.644646735683234e-31,True,"""Any process that stops, prevents, or reduces the frequency, rate or extent of cell adhesion."" [GOC:go_curators]",287,575,59,20972,0.10260869565217391,0.20557491289198607,query_1,"['GO:0007155', 'GO:0030155', 'GO:0048523']"
GO:BP,GO:0002824,positive regulation of adaptive immune response based on somatic recombination of immune receptors built from immunoglobulin superfamily domains,8.16905653936258e-31,True,"""Any process that activates or increases the frequency, rate, or extent of an adaptive immune response based on somatic recombination of immune receptors built from immunoglobulin superfamily domains. An example of this process is found in the Gnathostomata."" [GOC:add, GOC:mtg_sensu]",126,575,42,20972,0.07304347826086957,0.3333333333333333,query_1,"['GO:0002460', 'GO:0002821', 'GO:0002822']"
GO:BP,GO:0065008,regulation of biological quality,1.0224328672149947e-30,True,"""Any process that modulates a qualitative or quantitative trait of a biological quality. A biological quality is a measurable attribute of an organism or part of an organism, such as size, mass, shape, color, etc."" [GOC:dph, GOC:isa_complete, GOC:mah, GOC:pr, GOC:vw]",2963,575,195,20972,0.3391304347826087,0.06581167735403308,query_1,['GO:0065007']
GO:BP,GO:0001906,cell killing,1.1484346358316451e-30,True,"""Any process in an organism that results in the killing of its own cells or those of another organism, including in some cases the death of the other organism. Killing here refers to the induction of death in one cell by another cell, not cell-autonomous death due to internal or other environmental conditions."" [GOC:add]",217,575,52,20972,0.09043478260869565,0.23963133640552994,query_1,['GO:0009987']
GO:BP,GO:0071706,tumor necrosis factor superfamily cytokine production,1.4838932998169076e-30,True,"""The appearance of any member of the TNF superfamily due to biosynthesis or secretion following a cellular stimulus, resulting in an increase in its intracellular or extracellular levels."" [GOC:add]",170,575,47,20972,0.0817391304347826,0.27647058823529413,query_1,['GO:0001816']
GO:BP,GO:1903555,regulation of tumor necrosis factor superfamily cytokine production,1.4838932998169076e-30,True,"""Any process that modulates the frequency, rate or extent of tumor necrosis factor superfamily cytokine production."" [GO_REF:0000058, GOC:TermGenie, PMID:24187568]",170,575,47,20972,0.0817391304347826,0.27647058823529413,query_1,"['GO:0001817', 'GO:0071706']"
GO:BP,GO:0000165,MAPK cascade,1.9779944138787693e-30,True,"""An intracellular protein kinase cascade containing at least a MAP kinase (MAPK). It starts with the activation of a MAP3K, and the consecutive activation of a MPK2K and a MAPK. The cascade can also contain an additional tier: the upstream MAP4K. The kinases in each tier phosphorylate and activate the kinase in the downstream tier to transmit a signal within a cell."" [PMID:20811974, PMID:9561267]",749,575,91,20972,0.1582608695652174,0.12149532710280374,query_1,['GO:0141124']
GO:BP,GO:0032640,tumor necrosis factor production,4.947150080335541e-30,True,"""The appearance of tumor necrosis factor due to biosynthesis or secretion following a cellular stimulus, resulting in an increase in its intracellular or extracellular levels. Tumor necrosis factor is an inflammatory cytokine produced by macrophages/monocytes during acute inflammation and which is responsible for a diverse range of signaling events within cells, leading to necrosis or apoptosis."" [GOC:mah, PMID:10891884, PMID:15560120]",165,575,46,20972,0.08,0.2787878787878788,query_1,['GO:0071706']
GO:BP,GO:0032680,regulation of tumor necrosis factor production,4.947150080335541e-30,True,"""Any process that modulates the frequency, rate or extent of tumor necrosis factor production."" [GOC:mah, PMID:10891884, PMID:15560120]",165,575,46,20972,0.08,0.2787878787878788,query_1,"['GO:0032640', 'GO:1903555']"
GO:BP,GO:0016192,vesicle-mediated transport,5.03819258965417e-30,True,"""A cellular transport process in which transported substances are moved in membrane-bounded vesicles; transported substances are enclosed in the vesicle lumen or located in the vesicle membrane. The process begins with a step that directs a substance to the forming vesicle, and includes vesicle budding and coating. Vesicles are then targeted to, and fuse with, an acceptor membrane."" [GOC:ai, GOC:mah, ISBN:08789310662000]",1572,575,134,20972,0.23304347826086957,0.08524173027989822,query_1,"['GO:0006810', 'GO:0009987']"
GO:BP,GO:0048519,negative regulation of biological process,5.6303032903213696e-30,True,"""Any process that stops, prevents, or reduces the frequency, rate or extent of a biological process. Biological processes are regulated by many means; examples include the control of gene expression, protein modification or interaction with a protein or substrate molecule."" [GOC:jid]",5753,575,292,20972,0.5078260869565218,0.0507561272379628,query_1,"['GO:0008150', 'GO:0050789']"
GO:MF,GO:0050839,cell adhesion molecule binding,5.6612584572066995e-30,True,"""Binding to a cell adhesion molecule."" [GOC:ai]",563,573,79,20208,0.13787085514834205,0.14031971580817051,query_1,['GO:0005515']
GO:BP,GO:0097530,granulocyte migration,5.88714644169935e-30,True,"""The movement of a granulocyte within or between different tissues and organs of the body."" [GOC:cvs, PMID:24163421, PMID:24193336]",148,575,44,20972,0.07652173913043478,0.2972972972972973,query_1,['GO:0097529']
GO:BP,GO:0002429,immune response-activating cell surface receptor signaling pathway,6.105220583684092e-30,True,"""The series of molecular signals initiated by an extracellular ligand binding to a receptor on the surface of a cell, leading to the activation or perpetuation of an immune response."" [GO_REF:0000022, GOC:add, ISBN:0781735149]",313,575,60,20972,0.10434782608695652,0.19169329073482427,query_1,"['GO:0002757', 'GO:0002768']"
GO:BP,GO:0002821,positive regulation of adaptive immune response,7.382312729952402e-30,True,"""Any process that activates or increases the frequency, rate, or extent of an adaptive immune response."" [GOC:add]",132,575,42,20972,0.07304347826086957,0.3181818181818182,query_1,"['GO:0002250', 'GO:0002819', 'GO:0050778']"
GO:BP,GO:0010720,positive regulation of cell development,9.054005361794329e-30,True,"""Any process that increases the rate, frequency or extent of the progression of the cell over time, from its formation to the mature structure. Cell development does not include the steps involved in committing a cell to a specific fate."" [GOC:BHF, GOC:dph, GOC:tb]",430,575,69,20972,0.12,0.16046511627906976,query_1,"['GO:0045597', 'GO:0048468', 'GO:0060284']"
GO:BP,GO:0002702,positive regulation of production of molecular mediator of immune response,9.585721785450238e-30,True,"""Any process that activates or increases the frequency, rate, or extent of the production of molecular mediator of immune response."" [GOC:add]",141,575,43,20972,0.07478260869565218,0.3049645390070922,query_1,"['GO:0002440', 'GO:0002699', 'GO:0002700', 'GO:0010628']"
GO:BP,GO:0002831,regulation of response to biotic stimulus,1.0131731652034739e-29,True,"""Any process that modulates the frequency, rate, or extent of a response to biotic stimulus."" [GOC:add]",559,575,78,20972,0.1356521739130435,0.13953488372093023,query_1,"['GO:0009607', 'GO:0048583']"
GO:CC,GO:0098588,bounding membrane of organelle,2.4152298944368435e-29,True,"""The lipid bilayer that forms the outer-most layer of an organelle."" [GOC:dos]",2268,579,158,22155,0.27288428324697755,0.06966490299823633,query_1,['GO:0031090']
GO:BP,GO:0042060,wound healing,3.436231761700284e-29,True,"""The series of events that restore integrity to a damaged tissue, following an injury."" [GOC:bf, PMID:15269788]",439,575,69,20972,0.12,0.1571753986332574,query_1,['GO:0009611']
GO:BP,GO:0001909,leukocyte mediated cytotoxicity,3.6022944453698565e-29,True,"""The directed killing of a target cell by a leukocyte."" [GO_REF:0000022, GOC:add, ISBN:0781735149, PMID:11911826]",145,575,43,20972,0.07478260869565218,0.296551724137931,query_1,"['GO:0001906', 'GO:0002443']"
GO:BP,GO:0051897,positive regulation of phosphatidylinositol 3-kinase/protein kinase B signal transduction,4.9504160250063836e-29,True,"""Any process that activates or increases the frequency, rate or extent of phosphatidylinositol 3-kinase/protein kinase B signal transduction."" [GOC:ai]",192,575,48,20972,0.08347826086956522,0.25,query_1,"['GO:0043491', 'GO:0051896', 'GO:1902533']"
GO:BP,GO:0009891,positive regulation of biosynthetic process,5.126213252176309e-29,True,"""Any process that activates or increases the frequency, rate or extent of the chemical reactions and pathways resulting in the formation of substances."" [GOC:go_curators]",2645,575,179,20972,0.31130434782608696,0.06767485822306238,query_1,"['GO:0009058', 'GO:0009889', 'GO:0009893']"
GO:BP,GO:0051049,regulation of transport,5.422553628925252e-29,True,"""Any process that modulates the frequency, rate or extent of the directed movement of substances (such as macromolecules, small molecules, ions) into, out of or within a cell, or between cells, by means of some agent such as a transporter or pore."" [GOC:ai]",1566,575,132,20972,0.22956521739130434,0.0842911877394636,query_1,"['GO:0006810', 'GO:0032879']"
GO:BP,GO:0032496,response to lipopolysaccharide,6.581170775031872e-29,True,"""Any process that results in a change in state or activity of an organism (in terms of movement, secretion, enzyme production, gene expression, etc.) as a result of a lipopolysaccharide stimulus; lipopolysaccharide is a major component of the cell wall of gram-negative bacteria."" [GOC:add, ISBN:0721601464]",326,575,60,20972,0.10434782608695652,0.18404907975460122,query_1,"['GO:0002237', 'GO:0033993', 'GO:1901700']"
KEGG,KEGG:04672,Intestinal immune network for IgA production,1.0047098497830009e-28,True,Intestinal immune network for IgA production,45,482,32,8716,0.06639004149377593,0.7111111111111111,query_1,['KEGG:00000']
GO:BP,GO:1901701,cellular response to oxygen-containing compound,1.4642281215311566e-28,True,"""Any process that results in a change in state or activity of a cell (in terms of movement, secretion, enzyme production, gene expression, etc.) as a result of an oxygen-containing compound stimulus."" [GOC:pr, GOC:TermGenie]",1194,575,113,20972,0.19652173913043477,0.09463986599664992,query_1,"['GO:0070887', 'GO:1901700']"
GO:BP,GO:0006909,phagocytosis,1.5673546648338467e-28,True,"""A vesicle-mediated transport process that results in the engulfment of external particulate material by phagocytes and their delivery to the lysosome. The particles are initially contained within phagocytic vacuoles (phagosomes), which then fuse with primary lysosomes to effect digestion of the particles."" [ISBN:0198506732]",238,575,52,20972,0.09043478260869565,0.2184873949579832,query_1,['GO:0006897']
GO:BP,GO:0033993,response to lipid,1.756952795541103e-28,True,"""Any process that results in a change in state or activity of a cell or an organism (in terms of movement, secretion, enzyme production, gene expression, etc.) as a result of a lipid stimulus."" [GOC:sl]",880,575,96,20972,0.16695652173913045,0.10909090909090909,query_1,['GO:0042221']
GO:BP,GO:0002709,regulation of T cell mediated immunity,1.9743431294527617e-28,True,"""Any process that modulates the frequency, rate, or extent of T cell mediated immunity."" [GOC:add]",102,575,37,20972,0.06434782608695652,0.3627450980392157,query_1,"['GO:0002456', 'GO:0002706', 'GO:0002822']"
REAC,REAC:R-HSA-216083,Integrin cell surface interactions,2.2446415322886423e-28,True,Integrin cell surface interactions,84,520,40,11056,0.07692307692307693,0.47619047619047616,query_1,['REAC:R-HSA-1474244']
GO:BP,GO:0044403,biological process involved in symbiotic interaction,3.7729199874353863e-28,True,"""A process carried out by gene products in an organism that enable the organism to engage in a symbiotic relationship, a more or less intimate association, with another organism. The various forms of symbiosis include parasitism, in which the association is disadvantageous or destructive to one of the organisms; mutualism, in which the association is advantageous, or often necessary to one or both and not harmful to either; and commensalism, in which one member of the association benefits while the other is not affected. However, mutualism, parasitism, and commensalism are often not discrete categories of interactions and should rather be perceived as a continuum of interaction ranging from parasitism to mutualism. In fact, the direction of a symbiotic interaction can change during the lifetime of the symbionts due to developmental changes as well as changes in the biotic/abiotic environment in which the interaction occurs. Microscopic symbionts are often referred to as endosymbionts."" [GOC:cc, PMID:31257129]",190,575,47,20972,0.0817391304347826,0.24736842105263157,query_1,['GO:0044419']
GO:BP,GO:0032609,type II interferon production,4.0275768381291172e-28,True,"""The appearance of interferon-gamma due to biosynthesis or secretion following a cellular stimulus, resulting in an increase in its intracellular or extracellular levels. Interferon-gamma is also known as type II interferon."" [GOC:add, GOC:mah, PMID:15546383]",119,575,39,20972,0.06782608695652174,0.3277310924369748,query_1,['GO:0001816']
GO:BP,GO:0002688,regulation of leukocyte chemotaxis,4.0275768381291172e-28,True,"""Any process that modulates the frequency, rate, or extent of leukocyte chemotaxis."" [GOC:add]",119,575,39,20972,0.06782608695652174,0.3277310924369748,query_1,"['GO:0002685', 'GO:0030595', 'GO:0050920']"
GO:BP,GO:0002695,negative regulation of leukocyte activation,4.880095616466058e-28,True,"""Any process that stops, prevents, or reduces the frequency, rate, or extent of leukocyte activation."" [GOC:add]",191,575,47,20972,0.0817391304347826,0.24607329842931938,query_1,"['GO:0002683', 'GO:0002694', 'GO:0045321', 'GO:0050866']"
GO:BP,GO:0097191,extrinsic apoptotic signaling pathway,5.654461919873494e-28,True,"""The series of molecular signals in which a signal is conveyed from the cell surface to trigger the apoptotic death of a cell. The pathway starts with either a ligand binding to a cell surface receptor, or a ligand being withdrawn from a cell surface receptor (e.g. in the case of signaling by dependence receptors), and ends when the execution phase of apoptosis is triggered."" [GOC:mtg_apoptosis, GOC:yaf, PMID:17340152]",233,575,51,20972,0.08869565217391304,0.21888412017167383,query_1,"['GO:0007166', 'GO:0097190']"
GO:BP,GO:0032879,regulation of localization,6.889197850589314e-28,True,"""Any process that modulates the frequency, rate or extent of any process in which a cell, a substance, or a cellular entity is transported to, or maintained in, a specific location."" [GOC:mah]",1914,575,146,20972,0.2539130434782609,0.07628004179728318,query_1,"['GO:0050789', 'GO:0051179']"
GO:BP,GO:0002285,lymphocyte activation involved in immune response,9.393277023884252e-28,True,"""A change in morphology and behavior of a lymphocyte resulting from exposure to a specific antigen, mitogen, cytokine, chemokine, cellular ligand, or soluble factor, leading to the initiation or perpetuation of an immune response."" [GOC:add, ISBN:0781735149]",214,575,49,20972,0.08521739130434783,0.22897196261682243,query_1,"['GO:0002366', 'GO:0046649']"
GO:BP,GO:0010604,positive regulation of macromolecule metabolic process,1.5506684752832154e-27,True,"""Any process that increases the frequency, rate or extent of the chemical reactions and pathways involving macromolecules, any molecule of high relative molecular mass, the structure of which essentially comprises the multiple repetition of units derived, actually or conceptually, from molecules of low relative molecular mass."" [GOC:dph, GOC:tb]",3152,575,196,20972,0.3408695652173913,0.06218274111675127,query_1,"['GO:0009893', 'GO:0043170', 'GO:0060255']"
GO:BP,GO:0051701,biological process involved in interaction with host,1.5880856971775356e-27,True,"""An interaction between two organisms living together in more or less intimate association. The term host is used for the larger (macro) of the two members of a symbiosis; the various forms of symbiosis include parasitism, commensalism and mutualism."" [GOC:cc]",176,575,45,20972,0.0782608695652174,0.2556818181818182,query_1,['GO:0044403']
KEGG,KEGG:05332,Graft-versus-host disease,1.9539771563682036e-27,True,Graft-versus-host disease,38,482,29,8716,0.06016597510373444,0.7631578947368421,query_1,['KEGG:00000']
GO:MF,GO:0001618,virus receptor activity,2.9605838147364176e-27,True,"""Combining with a virus component and mediating entry of the virus into the cell."" [GOC:bf, GOC:dph, PMID:7621403, UniProtKB-KW:KW-1183]",81,573,33,20208,0.05759162303664921,0.4074074074074074,query_1,['GO:0140272']
GO:BP,GO:0002698,negative regulation of immune effector process,3.4513582068751354e-27,True,"""Any process that stops, prevents, or reduces the frequency, rate, or extent of an immune effector process."" [GOC:add]",125,575,39,20972,0.06782608695652174,0.312,query_1,"['GO:0002252', 'GO:0002683', 'GO:0002697']"
GO:BP,GO:0070374,positive regulation of ERK1 and ERK2 cascade,3.6738223388505e-27,True,"""Any process that activates or increases the frequency, rate or extent of signal transduction mediated by the ERK1 and ERK2 cascade."" [GOC:mah]",189,575,46,20972,0.08,0.24338624338624337,query_1,"['GO:0043410', 'GO:0070371', 'GO:0070372']"
GO:BP,GO:0042592,homeostatic process,3.873862705427719e-27,True,"""Any biological process involved in the maintenance of an internal steady state. Homeostasis allows cells and organisms to maintain stable internal conditions despite varying external conditions."" [PMID:26265027]",1677,575,134,20972,0.23304347826086957,0.07990459153249851,query_1,['GO:0008150']
GO:BP,GO:0010557,positive regulation of macromolecule biosynthetic process,3.919014347421739e-27,True,"""Any process that increases the rate, frequency or extent of the chemical reactions and pathways resulting in the formation of a macromolecule, any molecule of high relative molecular mass, the structure of which essentially comprises the multiple repetition of units derived, actually or conceptually, from molecules of low relative molecular mass."" [GOC:dph, GOC:tb]",2538,575,171,20972,0.29739130434782607,0.0673758865248227,query_1,"['GO:0009059', 'GO:0009891', 'GO:0010556', 'GO:0010604']"
GO:MF,GO:0140272,exogenous protein binding,4.82558766704143e-27,True,"""Binding to a protein or protein complex from a different species, for example a pathogen molecule binding to a host protein."" [PMID:28861068]",82,573,33,20208,0.05759162303664921,0.4024390243902439,query_1,['GO:0005515']
GO:BP,GO:0032649,regulation of type II interferon production,5.133809593853255e-27,True,"""Any process that modulates the frequency, rate, or extent of interferon-gamma production. Interferon-gamma is also known as type II interferon."" [GOC:add, GOC:mah, PMID:15546383]",118,575,38,20972,0.06608695652173913,0.3220338983050847,query_1,"['GO:0001817', 'GO:0032609']"
GO:BP,GO:0019058,viral life cycle,5.703225752811147e-27,True,"""A set of processes which all viruses follow to ensure survival; includes attachment and entry of the virus particle, decoding of genome information, translation of viral mRNA by host ribosomes, genome replication, and assembly and release of viral particles containing the genome."" [ISBN:1555811272]",290,575,55,20972,0.09565217391304348,0.1896551724137931,query_1,['GO:0016032']
GO:BP,GO:0050729,positive regulation of inflammatory response,6.56579827153341e-27,True,"""Any process that activates or increases the frequency, rate or extent of the inflammatory response."" [GOC:ai]",153,575,42,20972,0.07304347826086957,0.27450980392156865,query_1,"['GO:0006954', 'GO:0031349', 'GO:0032103', 'GO:0050727']"
GO:BP,GO:0051050,positive regulation of transport,9.673154098930411e-27,True,"""Any process that activates or increases the frequency, rate or extent of the directed movement of substances (such as macromolecules, small molecules, ions) into, out of or within a cell, or between cells, by means of some agent such as a transporter or pore."" [GOC:ai]",818,575,90,20972,0.1565217391304348,0.1100244498777506,query_1,"['GO:0006810', 'GO:0048518', 'GO:0051049']"
GO:BP,GO:0006959,humoral immune response,1.3780879517460196e-26,True,"""An immune response mediated through a body fluid."" [GOC:hb, ISBN:0198506732]",271,575,53,20972,0.09217391304347826,0.19557195571955718,query_1,['GO:0006955']
GO:BP,GO:0001912,positive regulation of leukocyte mediated cytotoxicity,1.9181163997349024e-26,True,"""Any process that activates or increases the frequency, rate or extent of leukocyte mediated cytotoxicity."" [GOC:add, ISBN:0781735149, PMID:11911826]",65,575,30,20972,0.05217391304347826,0.46153846153846156,query_1,"['GO:0001909', 'GO:0001910', 'GO:0002705', 'GO:0031343']"
KEGG,KEGG:05323,Rheumatoid arthritis,2.3086203206668053e-26,True,Rheumatoid arthritis,89,482,41,8716,0.08506224066390042,0.4606741573033708,query_1,['KEGG:00000']
GO:BP,GO:0002367,cytokine production involved in immune response,2.978842107415447e-26,True,"""The appearance of a cytokine due to biosynthesis or secretion following a cellular stimulus contributing to an immune response, resulting in an increase in its intracellular or extracellular levels."" [GO_REF:0000022, GOC:add, ISBN:0781735149]",123,575,38,20972,0.06608695652173913,0.3089430894308943,query_1,"['GO:0001816', 'GO:0002440', 'GO:0006955']"
GO:BP,GO:0002718,regulation of cytokine production involved in immune response,2.978842107415447e-26,True,"""Any process that modulates the frequency, rate, or extent of cytokine production that contributes to an immune response."" [GOC:add]",123,575,38,20972,0.06608695652173913,0.3089430894308943,query_1,"['GO:0001817', 'GO:0002367', 'GO:0002700']"
GO:BP,GO:0070371,ERK1 and ERK2 cascade,3.485763943929897e-26,True,"""A MAPK cascade containing at least the ERK1 or ERK2 MAP kinases. It starts with the activation of a MAP3K, and the consecutive activation of a MPK2K and of ERK1 or ERK2. The cascade can also contain an additional tier: the upstream MAP4K. The kinases in each tier phosphorylate and activate the kinase in the downstream tier. The ERK1/ERK2 cascade is activated by mitogens, growth factors, G protein-coupled receptors, and results in cellular responses such as cell proliferation, cell differentiation and development."" [PMID:20811974, PMID:23125017, PMID:28903453]",300,575,55,20972,0.09565217391304348,0.18333333333333332,query_1,['GO:0000165']
GO:BP,GO:0070372,regulation of ERK1 and ERK2 cascade,3.562780476836305e-26,True,"""Any process that modulates the frequency, rate or extent of signal transduction mediated by the ERK1 and ERK2 cascade."" [GOC:add, ISBN:0121245462, ISBN:0896039986]",276,575,53,20972,0.09217391304347826,0.19202898550724637,query_1,"['GO:0043408', 'GO:0070371']"
WP,WP:WP5078,T cell modulation and desmoplasia in pancreatic cancer,3.715979110937697e-26,True,T cell modulation and desmoplasia in pancreatic cancer,55,475,33,8899,0.06947368421052631,0.6,query_1,['WP:000000']
REAC,REAC:R-HSA-1474244,Extracellular matrix organization,4.34979639866621e-26,True,Extracellular matrix organization,298,520,68,11056,0.13076923076923078,0.22818791946308725,query_1,['REAC:0000000']
GO:BP,GO:0031343,positive regulation of cell killing,1.0555025064005714e-25,True,"""Any process that activates or increases the frequency, rate or extent of cell killing."" [GOC:mah]",68,575,30,20972,0.05217391304347826,0.4411764705882353,query_1,"['GO:0001906', 'GO:0031341', 'GO:0048522']"
GO:BP,GO:0001818,negative regulation of cytokine production,1.260842686012461e-25,True,"""Any process that stops, prevents, or reduces the rate of production of a cytokine."" [GOC:add, ISBN:0781735149]",295,575,54,20972,0.09391304347826086,0.18305084745762712,query_1,"['GO:0001816', 'GO:0001817', 'GO:0010629', 'GO:0051241']"
GO:BP,GO:0071621,granulocyte chemotaxis,1.8180690205101143e-25,True,"""The movement of a granulocyte in response to an external stimulus."" [GOC:rph]",120,575,37,20972,0.06434782608695652,0.30833333333333335,query_1,"['GO:0030595', 'GO:0097530']"
GO:BP,GO:1901342,regulation of vasculature development,2.542201410494966e-25,True,"""Any process that modulates the frequency, rate or extent of vasculature development."" [GOC:TermGenie]",299,575,54,20972,0.09391304347826086,0.1806020066889632,query_1,"['GO:0001944', 'GO:2000026']"
GO:BP,GO:0009719,response to endogenous stimulus,2.8836894370119248e-25,True,"""Any process that results in a change in state or activity of a cell or an organism (in terms of movement, secretion, enzyme production, gene expression, etc.) as a result of a stimulus arising within the organism."" [GOC:sm]",1467,575,121,20972,0.21043478260869566,0.08248125426039536,query_1,['GO:0050896']
GO:BP,GO:0006898,receptor-mediated endocytosis,3.204115367911361e-25,True,"""An endocytosis process in which cell surface receptors ensure specificity of transport. A specific receptor on the cell surface binds tightly to the extracellular macromolecule (the ligand) that it recognizes; the plasma-membrane region containing the receptor-ligand complex then undergoes endocytosis, forming a transport vesicle containing the receptor-ligand complex and excluding most other plasma-membrane proteins. Receptor-mediated endocytosis generally occurs via clathrin-coated pits and vesicles."" [GOC:mah, ISBN:0716731363]",264,575,51,20972,0.08869565217391304,0.19318181818181818,query_1,['GO:0006897']
GO:BP,GO:0032675,regulation of interleukin-6 production,4.199377757500824e-25,True,"""Any process that modulates the frequency, rate, or extent of interleukin-6 production."" [GOC:mah]",149,575,40,20972,0.06956521739130435,0.2684563758389262,query_1,"['GO:0001817', 'GO:0032635']"
GO:BP,GO:0032635,interleukin-6 production,4.199377757500824e-25,True,"""The appearance of interleukin-6 due to biosynthesis or secretion following a cellular stimulus, resulting in an increase in its intracellular or extracellular levels."" [GOC:mah]",149,575,40,20972,0.06956521739130435,0.2684563758389262,query_1,['GO:0001816']
GO:BP,GO:1902105,regulation of leukocyte differentiation,5.5863457111545e-25,True,"""Any process that modulates the frequency, rate or extent of leukocyte differentiation."" [GOC:add, GOC:TermGenie]",329,575,56,20972,0.09739130434782609,0.1702127659574468,query_1,"['GO:0002521', 'GO:1903706']"
GO:BP,GO:0051130,positive regulation of cellular component organization,6.359740303793928e-25,True,"""Any process that activates or increases the frequency, rate or extent of a process involved in the formation, arrangement of constituent parts, or disassembly of cell structures, including the plasma membrane and any external encapsulating structures such as the cell wall and cell envelope."" [GOC:ai]",1091,575,102,20972,0.17739130434782607,0.09349220898258478,query_1,"['GO:0016043', 'GO:0048522', 'GO:0051128']"
GO:BP,GO:1903706,regulation of hemopoiesis,6.406551607616477e-25,True,"""Any process that modulates the frequency, rate or extent of hemopoiesis."" [GO_REF:0000058, GOC:pad, GOC:PARL, GOC:TermGenie, PMID:20080761]",425,575,63,20972,0.10956521739130434,0.14823529411764705,query_1,"['GO:0002682', 'GO:0030097', 'GO:0060284', 'GO:2000026']"
GO:BP,GO:0045088,regulation of innate immune response,7.794769389372215e-25,True,"""Any process that modulates the frequency, rate or extent of the innate immune response, the organism's first line of defense against infection."" [GOC:ebc]",470,575,66,20972,0.11478260869565217,0.14042553191489363,query_1,"['GO:0002831', 'GO:0031347', 'GO:0032101', 'GO:0045087', 'GO:0050776']"
GO:BP,GO:0043491,phosphatidylinositol 3-kinase/protein kinase B signal transduction,8.4326390337158e-25,True,"""An intracellular signaling cassette that starts with phosphatidylinositol 3-kinase (PI3K) activation, production of phosphatidylinositol 3-phosphate (PI3P), activation of PDK1, which recruits and ending with the activation of protein kinase B (PKB, also known as Akt). PI3K is activated by cell surface receptors. Note that PTEN is an inhibitor of the pathway."" [PMID:20517722, PMID:22952397]",306,575,54,20972,0.09391304347826086,0.17647058823529413,query_1,['GO:0141124']
GO:BP,GO:0097190,apoptotic signaling pathway,1.0305199653712203e-24,True,"""The series of molecular signals which triggers the apoptotic death of a cell. The pathway starts with reception of a signal, and ends when the execution phase of apoptosis is triggered."" [GOC:mtg_apoptosis]",612,575,75,20972,0.13043478260869565,0.12254901960784313,query_1,"['GO:0006915', 'GO:0007165']"
GO:BP,GO:0071219,cellular response to molecule of bacterial origin,1.2578183013369807e-24,True,"""Any process that results in a change in state or activity of a cell (in terms of movement, secretion, enzyme production, gene expression, etc.) as a result of a stimulus by molecules of bacterial origin such as peptides derived from bacterial flagellin."" [GOC:mah]",225,575,47,20972,0.0817391304347826,0.2088888888888889,query_1,"['GO:0002237', 'GO:0071216']"
GO:BP,GO:0002690,positive regulation of leukocyte chemotaxis,1.424689875707397e-24,True,"""Any process that activates or increases the frequency, rate, or extent of leukocyte chemotaxis."" [GOC:add]",94,575,33,20972,0.057391304347826085,0.35106382978723405,query_1,"['GO:0002687', 'GO:0002688', 'GO:0030595', 'GO:0050921']"
WP,WP:WP2328,Allograft rejection,1.69214387147954e-24,True,Allograft rejection,88,475,39,8899,0.08210526315789474,0.4431818181818182,query_1,['WP:000000']
GO:BP,GO:0008285,negative regulation of cell population proliferation,2.2652460345021946e-24,True,"""Any process that stops, prevents or reduces the rate or extent of cell proliferation."" [GOC:go_curators]",686,575,79,20972,0.1373913043478261,0.1151603498542274,query_1,"['GO:0008283', 'GO:0042127', 'GO:0048523']"
GO:BP,GO:0046631,alpha-beta T cell activation,2.7371757939385967e-24,True,"""The change in morphology and behavior of an alpha-beta T cell resulting from exposure to a mitogen, cytokine, chemokine, cellular ligand, or an antigen for which it is specific."" [GOC:add]",196,575,44,20972,0.07652173913043478,0.22448979591836735,query_1,['GO:0042110']
GO:BP,GO:0071216,cellular response to biotic stimulus,2.8604736638367117e-24,True,"""Any process that results in a change in state or activity of a cell (in terms of movement, secretion, enzyme production, gene expression, etc.) as a result of a biotic stimulus, a stimulus caused or produced by a living organism."" [GOC:mah]",252,575,49,20972,0.08521739130434783,0.19444444444444445,query_1,"['GO:0009607', 'GO:0051716']"
GO:BP,GO:0060627,regulation of vesicle-mediated transport,3.989310133071024e-24,True,"""Any process that modulates the rate, frequency, or extent of vesicle-mediated transport, the directed movement of substances, either within a vesicle or in the vesicle membrane, into, out of or within a cell."" [GOC:dph, GOC:tb]",529,575,69,20972,0.12,0.13043478260869565,query_1,"['GO:0016192', 'GO:0050794', 'GO:0051049']"
KEGG,KEGG:05330,Allograft rejection,5.887606925805163e-24,True,Allograft rejection,35,482,26,8716,0.05394190871369295,0.7428571428571429,query_1,['KEGG:00000']
GO:BP,GO:0051896,regulation of phosphatidylinositol 3-kinase/protein kinase B signal transduction,6.115325467648379e-24,True,"""Any process that modulates the frequency, rate or extent of phosphatidylinositol 3-kinase/protein kinase B signal transduction."" [GOC:ai]",268,575,50,20972,0.08695652173913043,0.1865671641791045,query_1,"['GO:0043491', 'GO:1902531']"
GO:BP,GO:0048523,negative regulation of cellular process,7.306344516381642e-24,True,"""Any process that stops, prevents, or reduces the frequency, rate or extent of a cellular process, any of those that are carried out at the cellular level, but are not necessarily restricted to a single cell. For example, cell communication occurs among more than one cell, but occurs at the cellular level."" [GOC:jid]",5510,575,270,20972,0.46956521739130436,0.04900181488203267,query_1,"['GO:0009987', 'GO:0048519', 'GO:0050794']"
GO:BP,GO:0042113,B cell activation,1.6722427307793092e-23,True,"""The change in morphology and behavior of a mature or immature B cell resulting from exposure to a mitogen, cytokine, chemokine, cellular ligand, or an antigen for which it is specific."" [GOC:mgi_curators, ISBN:0781735149]",286,575,51,20972,0.08869565217391304,0.17832167832167833,query_1,['GO:0046649']
GO:CC,GO:0098802,plasma membrane signaling receptor complex,2.0359844699963574e-23,True,"""Any protein complex that is part of the plasma membrane and which functions as a signaling receptor."" [GOC:dos]",313,579,51,22155,0.08808290155440414,0.16293929712460065,query_1,"['GO:0043235', 'GO:0098797']"
GO:BP,GO:0022408,negative regulation of cell-cell adhesion,3.7476156117829915e-23,True,"""Any process that stops, prevents or reduces the rate or extent of cell adhesion to another cell."" [GOC:isa_complete]",197,575,43,20972,0.07478260869565218,0.2182741116751269,query_1,"['GO:0007162', 'GO:0022407', 'GO:0098609']"
GO:CC,GO:0005925,focal adhesion,9.55903453093435e-23,True,"""A cell-substrate junction that anchors the cell to the extracellular matrix and that forms a point of termination of actin filaments. In insects focal adhesion has also been referred to as hemi-adherens junction (HAJ)."" [GOC:aruk, GOC:bc, ISBN:0124325653, ISBN:0815316208, PMID:10419689, PMID:12191915, PMID:15246682, PMID:1643657, PMID:16805308, PMID:19197329, PMID:23033047, PMID:26923917, PMID:28796323, PMID:8314002]",425,579,58,22155,0.1001727115716753,0.13647058823529412,query_1,['GO:0030055']
REAC,REAC:R-HSA-1280218,Adaptive Immune System,1.0803660117960119e-22,True,Adaptive Immune System,810,520,110,11056,0.21153846153846154,0.13580246913580246,query_1,['REAC:R-HSA-168256']
GO:BP,GO:0071222,cellular response to lipopolysaccharide,1.3332630399335326e-22,True,"""Any process that results in a change in state or activity of a cell (in terms of movement, secretion, enzyme production, gene expression, etc.) as a result of a lipopolysaccharide stimulus; lipopolysaccharide is a major component of the cell wall of gram-negative bacteria."" [GOC:mah]",214,575,44,20972,0.07652173913043478,0.205607476635514,query_1,"['GO:0032496', 'GO:0071219', 'GO:0071396', 'GO:1901701']"
GO:CC,GO:0030139,endocytic vesicle,1.598110994425558e-22,True,"""A membrane-bounded intracellular vesicle formed by invagination of the plasma membrane around an extracellular substance. Endocytic vesicles fuse with early endosomes to deliver the cargo for further sorting."" [GOC:go_curators, PMID:19696797]",355,579,53,22155,0.09153713298791019,0.14929577464788732,query_1,['GO:0031410']
GO:BP,GO:0010562,positive regulation of phosphorus metabolic process,1.6534295116352162e-22,True,"""Any process that increases the frequency, rate or extent of the chemical reactions and pathways involving phosphorus or compounds containing phosphorus."" [GOC:dph, GOC:tb]",395,575,58,20972,0.10086956521739131,0.1468354430379747,query_1,"['GO:0006793', 'GO:0009893', 'GO:0051174']"
GO:BP,GO:0045937,positive regulation of phosphate metabolic process,1.6534295116352162e-22,True,"""Any process that activates or increases the frequency, rate or extent of the chemical reactions and pathways involving phosphates."" [GOC:go_curators]",395,575,58,20972,0.10086956521739131,0.1468354430379747,query_1,"['GO:0006796', 'GO:0010562']"
GO:BP,GO:0022603,regulation of anatomical structure morphogenesis,1.7234991143337524e-22,True,"""Any process that modulates the frequency, rate or extent of anatomical structure morphogenesis."" [GOC:mah]",822,575,84,20972,0.14608695652173914,0.10218978102189781,query_1,"['GO:0009653', 'GO:0050793']"
GO:BP,GO:0031348,negative regulation of defense response,1.928274398785548e-22,True,"""Any process that stops, prevents, or reduces the frequency, rate or extent of a defense response."" [GOC:mah]",263,575,48,20972,0.08347826086956522,0.18250950570342206,query_1,"['GO:0006952', 'GO:0031347', 'GO:0048585']"
GO:CC,GO:0060205,cytoplasmic vesicle lumen,2.2029764985896043e-22,True,"""The volume enclosed by a cytoplasmic vesicle."" [GOC:dph, GOC:vesicles]",329,579,51,22155,0.08808290155440414,0.15501519756838905,query_1,"['GO:0031410', 'GO:0031983', 'GO:0070013']"
GO:CC,GO:0031983,vesicle lumen,2.544041753525169e-22,True,"""The volume enclosed by the membrane or protein that forms a vesicle."" [GOC:mah, GOC:vesicles]",330,579,51,22155,0.08808290155440414,0.15454545454545454,query_1,"['GO:0031982', 'GO:0043233']"
GO:BP,GO:0032642,regulation of chemokine production,2.548335038938936e-22,True,"""Any process that modulates the frequency, rate, or extent of chemokine production."" [GOC:mah]",92,575,31,20972,0.05391304347826087,0.33695652173913043,query_1,"['GO:0001817', 'GO:0032602']"
GO:BP,GO:0032602,chemokine production,2.548335038938936e-22,True,"""The appearance of a chemokine due to biosynthesis or secretion following a cellular stimulus, resulting in an increase in its intracellular or extracellular levels. All chemokines possess a number of conserved cysteine residues involved in intramolecular disulfide bond formation. Some chemokines are considered pro-inflammatory and can be induced during an immune response to recruit cells of the immune system to a site of infection, while others are considered homeostatic and are involved in controlling the migration of cells during normal processes of tissue maintenance or development. Chemokines are found in all vertebrates, some viruses and some bacteria."" [GOC:BHF, GOC:rl, ISBN:0198506732, PMID:12183377, Wikipedia:Chemokine]",92,575,31,20972,0.05391304347826087,0.33695652173913043,query_1,['GO:0001816']
REAC,REAC:R-HSA-449147,Signaling by Interleukins,2.6664256311361093e-22,True,Signaling by Interleukins,476,520,81,11056,0.15576923076923077,0.17016806722689076,query_1,['REAC:R-HSA-1280215']
GO:BP,GO:0051250,negative regulation of lymphocyte activation,2.884082645981614e-22,True,"""Any process that stops, prevents, or reduces the frequency, rate or extent of lymphocyte activation."" [GOC:ai]",164,575,39,20972,0.06782608695652174,0.23780487804878048,query_1,"['GO:0002695', 'GO:0046649', 'GO:0051249']"
REAC,REAC:R-HSA-6783783,Interleukin-10 signaling,3.165039859999832e-22,True,Interleukin-10 signaling,45,520,27,11056,0.051923076923076926,0.6,query_1,['REAC:R-HSA-449147']
GO:CC,GO:0030055,cell-substrate junction,3.2037370906227836e-22,True,"""A cell junction that forms a connection between a cell and the extracellular matrix."" [GOC:aruk, GOC:bc, GOC:hb, GOC:mah, PMID:10419689, PMID:1643657, PMID:16805308, PMID:26923917, PMID:8314002]",435,579,58,22155,0.1001727115716753,0.13333333333333333,query_1,['GO:0070161']
GO:BP,GO:0030100,regulation of endocytosis,3.73617301719424e-22,True,"""Any process that modulates the frequency, rate or extent of endocytosis."" [GOC:go_curators]",292,575,50,20972,0.08695652173913043,0.17123287671232876,query_1,"['GO:0006897', 'GO:0051128', 'GO:0060627']"
GO:BP,GO:0007229,integrin-mediated signaling pathway,3.9896789713663062e-22,True,"""The series of molecular signals initiated by an extracellular ligand binding to an integrin on the surface of a target cell, and ending with the regulation of a downstream cellular process, e.g. transcription."" [GOC:mah, GOC:signaling]",118,575,34,20972,0.059130434782608696,0.288135593220339,query_1,['GO:0007166']
GO:BP,GO:0030217,T cell differentiation,5.835280269345527e-22,True,"""The process in which a precursor cell type acquires characteristics of a more mature T-cell. A T cell is a type of lymphocyte whose definin characteristic is the expression of a T cell receptor complex."" [GO_REF:0000022, GOC:jid, GOC:mah]",321,575,52,20972,0.09043478260869565,0.16199376947040497,query_1,"['GO:0030098', 'GO:0042110']"
GO:CC,GO:0005788,endoplasmic reticulum lumen,6.000627854077085e-22,True,"""The volume enclosed by the membranes of the endoplasmic reticulum."" [ISBN:0198547684]",322,579,50,22155,0.08635578583765112,0.15527950310559005,query_1,"['GO:0005783', 'GO:0070013']"
GO:BP,GO:0009888,tissue development,6.680124962592564e-22,True,"""The process whose specific outcome is the progression of a tissue over time, from its formation to the mature structure."" [ISBN:0471245208]",2014,575,139,20972,0.2417391304347826,0.06901688182720954,query_1,['GO:0048856']
GO:BP,GO:0016032,viral process,6.739539498356425e-22,True,"""A multi-organism process in which a virus is a participant. The other participant is the host. Includes infection of a host cell, replication of the viral genome, and assembly of progeny virus particles. In some cases the viral genetic material may integrate into the host genome and only subsequently, under particular circumstances, 'complete' its life cycle."" [GOC:bf, GOC:jl, GOC:mah]",377,575,56,20972,0.09739130434782609,0.14854111405835543,query_1,['GO:0008150']
GO:BP,GO:0048871,multicellular organismal-level homeostasis,6.980079061045906e-22,True,"""Any process involved in the maintenance of an internal steady state at the level of the multicellular organism."" [GOC:isa_complete]",839,575,84,20972,0.14608695652173914,0.10011918951132301,query_1,"['GO:0032501', 'GO:0042592']"
GO:BP,GO:0072676,lymphocyte migration,9.277773998192989e-22,True,"""The movement of a lymphocyte within or between different tissues and organs of the body."" [CL:0000542, GOC:BHF, GOC:mah]",112,575,33,20972,0.057391304347826085,0.29464285714285715,query_1,['GO:0071674']
GO:BP,GO:1903708,positive regulation of hemopoiesis,1.4143511171269327e-21,True,"""Any process that activates or increases the frequency, rate or extent of hemopoiesis."" [GO_REF:0000058, GOC:pad, GOC:PARL, GOC:TermGenie, PMID:20080761]",192,575,41,20972,0.07130434782608695,0.21354166666666666,query_1,"['GO:0002684', 'GO:0010720', 'GO:0030097', 'GO:0051240', 'GO:1903706']"
GO:BP,GO:1902107,positive regulation of leukocyte differentiation,1.4143511171269327e-21,True,"""Any process that activates or increases the frequency, rate or extent of leukocyte differentiation."" [GOC:add, GOC:TermGenie]",192,575,41,20972,0.07130434782608695,0.21354166666666666,query_1,"['GO:0002521', 'GO:1902105', 'GO:1903708']"
GO:MF,GO:0015026,coreceptor activity,1.5244345630931992e-21,True,"""Combining with an extracellular or intracellular messenger, and in cooperation with a nearby primary receptor, initiating a change in cell activity."" [GOC:go_curators]",62,573,26,20208,0.04537521815008726,0.41935483870967744,query_1,['GO:0038023']
GO:BP,GO:0042269,regulation of natural killer cell mediated cytotoxicity,1.6100502600438905e-21,True,"""Any process that modulates the frequency, rate, or extent of natural killer cell mediated cytotoxicity."" [GOC:add, ISBN:0781735149]",49,575,24,20972,0.04173913043478261,0.4897959183673469,query_1,"['GO:0001910', 'GO:0002715', 'GO:0042267']"
GO:MF,GO:0019838,growth factor binding,1.6158230690262445e-21,True,"""Binding to a growth factor, proteins or polypeptides that stimulate a cell or organism to grow or proliferate."" [GOC:curators]",133,573,35,20208,0.06108202443280977,0.2631578947368421,query_1,['GO:0005515']
GO:BP,GO:0050868,negative regulation of T cell activation,1.7434782774336416e-21,True,"""Any process that stops, prevents, or reduces the frequency, rate or extent of T cell activation."" [GOC:ai]",132,575,35,20972,0.06086956521739131,0.26515151515151514,query_1,"['GO:0042110', 'GO:0050863', 'GO:0051250', 'GO:1903038']"
GO:BP,GO:0002715,regulation of natural killer cell mediated immunity,1.819571633372418e-21,True,"""Any process that modulates the frequency, rate, or extent of natural killer cell mediated immunity."" [GOC:add]",55,575,25,20972,0.043478260869565216,0.45454545454545453,query_1,"['GO:0002228', 'GO:0002706', 'GO:0045088']"
REAC,REAC:R-HSA-202733,Cell surface interactions at the vascular wall,2.171152627381124e-21,True,Cell surface interactions at the vascular wall,192,520,50,11056,0.09615384615384616,0.2604166666666667,query_1,['REAC:R-HSA-109582']
GO:BP,GO:1903038,negative regulation of leukocyte cell-cell adhesion,2.6246004112909362e-21,True,"""Any process that stops, prevents or reduces the frequency, rate or extent of leukocyte cell-cell adhesion."" [GO_REF:0000058, GOC:BHF, GOC:rl, GOC:TermGenie, PMID:21106532]",143,575,36,20972,0.06260869565217392,0.2517482517482518,query_1,"['GO:0007159', 'GO:0022408', 'GO:1903037']"
GO:BP,GO:1903557,positive regulation of tumor necrosis factor superfamily cytokine production,2.9239247924388472e-21,True,"""Any process that activates or increases the frequency, rate or extent of tumor necrosis factor superfamily cytokine production."" [GO_REF:0000058, GOC:TermGenie, PMID:24187568]",107,575,32,20972,0.05565217391304348,0.29906542056074764,query_1,"['GO:0001819', 'GO:0071706', 'GO:1903555']"
GO:BP,GO:0045765,regulation of angiogenesis,2.9565162740898294e-21,True,"""Any process that modulates the frequency, rate or extent of angiogenesis."" [GOC:go_curators]",292,575,49,20972,0.08521739130434783,0.1678082191780822,query_1,"['GO:0001525', 'GO:0022603', 'GO:1901342']"
KEGG,KEGG:04612,Antigen processing and presentation,3.681182899856808e-21,True,Antigen processing and presentation,71,482,33,8716,0.06846473029045644,0.4647887323943662,query_1,['KEGG:00000']
KEGG,KEGG:04518,Integrin signaling,4.854210387284075e-21,True,Integrin signaling,154,482,47,8716,0.0975103734439834,0.3051948051948052,query_1,['KEGG:00000']
GO:BP,GO:0150076,neuroinflammatory response,5.118902281475124e-21,True,"""The immediate defensive reaction by neural vertebrate tissue to infection or injury caused by chemical or physical agents."" [GOC:aruk, GOC:bc, PMID:10981966, PMID:11099416, PMID:18164423]",77,575,28,20972,0.04869565217391304,0.36363636363636365,query_1,['GO:0006954']
GO:BP,GO:0002711,positive regulation of T cell mediated immunity,5.3022231635287495e-21,True,"""Any process that activates or increases the frequency, rate, or extent of T cell mediated immunity."" [GOC:add]",70,575,27,20972,0.04695652173913043,0.38571428571428573,query_1,"['GO:0002456', 'GO:0002708', 'GO:0002709', 'GO:0002824']"
GO:BP,GO:0050777,negative regulation of immune response,6.1246795991708795e-21,True,"""Any process that stops, prevents, or reduces the frequency, rate or extent of the immune response, the immunological reaction of an organism to an immunogenic stimulus."" [GOC:ai]",199,575,41,20972,0.07130434782608695,0.20603015075376885,query_1,"['GO:0002683', 'GO:0006955', 'GO:0048585', 'GO:0050776']"
GO:BP,GO:1904018,positive regulation of vasculature development,6.833182582086352e-21,True,"""Any process that activates or increases the frequency, rate or extent of vasculature development."" [GO_REF:0000058, GOC:TermGenie, PMID:21472453]",167,575,38,20972,0.06608695652173913,0.2275449101796407,query_1,"['GO:0001944', 'GO:0051094', 'GO:0051240', 'GO:1901342']"
GO:BP,GO:0072678,T cell migration,7.783982252800574e-21,True,"""The movement of a T cell within or between different tissues and organs of the body."" [CL:0000084, GOC:BHF, GOC:mah]",78,575,28,20972,0.04869565217391304,0.358974358974359,query_1,['GO:0072676']
GO:MF,GO:0004896,cytokine receptor activity,7.960189534121378e-21,True,"""Combining with a cytokine and transmitting the signal from one side of the membrane to the other to initiate a change in cell activity."" [GOC:add, GOC:mah]",103,573,31,20208,0.05410122164048865,0.30097087378640774,query_1,"['GO:0004888', 'GO:0140375']"
GO:BP,GO:0007267,cell-cell signaling,9.113104695935502e-21,True,"""Any process that mediates the transfer of information from one cell to another. This process includes signal transduction in the receiving cell and, where applicable, release of a ligand and any processes that actively facilitate its transport and presentation to the receiving cell. Examples include signaling via soluble ligands, via cell adhesion molecules and via gap junctions."" [GOC:dos, GOC:mah]",1316,575,106,20972,0.18434782608695652,0.08054711246200608,query_1,"['GO:0007154', 'GO:0023052']"
GO:BP,GO:0002228,natural killer cell mediated immunity,9.418732268929412e-21,True,"""The promotion of an immune response by natural killer cells through direct recognition of target cells or through the release of cytokines."" [GO_REF:0000022, GOC:add, ISBN:0781735149]",86,575,29,20972,0.050434782608695654,0.3372093023255814,query_1,"['GO:0002449', 'GO:0045087']"
GO:MF,GO:0042277,peptide binding,9.509345048028824e-21,True,"""Binding to a peptide, an organic compound comprising two or more amino acids linked by peptide bonds."" [GOC:jl]",237,573,44,20208,0.07678883071553229,0.18565400843881857,query_1,['GO:0005488']
GO:BP,GO:0043122,regulation of canonical NF-kappaB signal transduction,1.1945860878411674e-20,True,"""Any process that modulates the canonical NF-kappaB signaling cascade."" [GOC:jl, PMID:12773372]",301,575,49,20972,0.08521739130434783,0.16279069767441862,query_1,"['GO:0007249', 'GO:1902531']"
GO:BP,GO:0032760,positive regulation of tumor necrosis factor production,1.2701068606040313e-20,True,"""Any process that activates or increases the frequency, rate or extent of tumor necrosis factor production."" [GO_REF:0000058, GOC:TermGenie, PMID:10891884, PMID:15560120]",103,575,31,20972,0.05391304347826087,0.30097087378640774,query_1,"['GO:0032640', 'GO:0032680', 'GO:1903557']"
GO:BP,GO:0007249,canonical NF-kappaB signal transduction,1.3099915949058581e-20,True,"""An intracellular signaling cassette characterized by the I-kappaB-kinase (IKK)-dependent activation of NF-kappaB, also known as the canonical NF-kappaB signaling cascade. The cascade begins with activation of a trimeric IKK complex (consisting of catalytic kinase subunits IKKalpha and/or IKKbeta, and the regulatory scaffold protein NEMO) and ends with the regulation of transcription of target genes by NF-kappaB. In a resting state, NF-kappaB dimers are bound to I-kappaB proteins, sequestering NF-kappaB in the cytoplasm. Phosphorylation of I-kappaB targets I-kappaB for ubiquitination and proteasomal degradation, thus releasing the NF-kappaB dimers, which can translocate to the nucleus to bind DNA and regulate transcription. The canonical NF-kappaB pathway is mainly stimulated by proinflammatory cytokines such as IL-1beta, tumor necrosis factor (TNF)-alpha, antigen ligands, and toll-like receptors (TLRs)."" [GOC:bf, PMID:12773372, PMID:34659217]",315,575,50,20972,0.08695652173913043,0.15873015873015872,query_1,['GO:0141124']
GO:BP,GO:2001236,regulation of extrinsic apoptotic signaling pathway,1.5061408115573336e-20,True,"""Any process that modulates the frequency, rate or extent of extrinsic apoptotic signaling pathway."" [GOC:mtg_apoptosis]",160,575,37,20972,0.06434782608695652,0.23125,query_1,"['GO:0097191', 'GO:2001233']"
GO:BP,GO:0042267,natural killer cell mediated cytotoxicity,1.7625675643319206e-20,True,"""The directed killing of a target cell by a natural killer cell through the release of granules containing cytotoxic mediators or through the engagement of death receptors."" [GOC:add, GOC:pr]",80,575,28,20972,0.04869565217391304,0.35,query_1,"['GO:0001909', 'GO:0002228']"
GO:MF,GO:0023023,MHC protein complex binding,1.8606767371640274e-20,True,"""Binding to a major histocompatibility complex."" [GOC:mtg_signal, GOC:vw]",33,573,20,20208,0.034904013961605584,0.6060606060606061,query_1,['GO:0044877']
GO:CC,GO:0005768,endosome,2.3284611881360842e-20,True,"""A vacuole to which materials ingested by endocytosis are delivered."" [ISBN:0198506732, PMID:19696797]",1079,579,90,22155,0.15544041450777202,0.08341056533827618,query_1,"['GO:0012505', 'GO:0031410']"
GO:BP,GO:0042116,macrophage activation,2.439708606783716e-20,True,"""A change in morphology and behavior of a macrophage resulting from exposure to a cytokine, chemokine, cellular ligand, or soluble factor."" [GOC:mgi_curators, ISBN:0781735149, PMID:14506301]",105,575,31,20972,0.05391304347826087,0.29523809523809524,query_1,['GO:0002274']
GO:BP,GO:2001233,regulation of apoptotic signaling pathway,2.6291041849325588e-20,True,"""Any process that modulates the frequency, rate or extent of apoptotic signaling pathway."" [GOC:mtg_apoptosis]",376,575,54,20972,0.09391304347826086,0.14361702127659576,query_1,"['GO:0009966', 'GO:0042981', 'GO:0097190']"
REAC,REAC:R-HSA-6798695,Neutrophil degranulation,2.6891976004619347e-20,True,Neutrophil degranulation,476,520,78,11056,0.15,0.1638655462184874,query_1,['REAC:R-HSA-168249']
GO:BP,GO:0042327,positive regulation of phosphorylation,3.236239442609193e-20,True,"""Any process that activates or increases the frequency, rate or extent of addition of phosphate groups to a molecule."" [GOC:jl]",335,575,51,20972,0.08869565217391304,0.15223880597014924,query_1,"['GO:0016310', 'GO:0042325', 'GO:0045937']"
GO:BP,GO:0048513,animal organ development,3.3764389555410303e-20,True,"""Development of a tissue or tissues that work together to perform a specific function or functions. Development pertains to the process whose specific outcome is the progression of a structure over time, from its formation to the mature structure. Organs are commonly observed as visibly distinct structures, but may also exist as loosely associated clusters of cells that work together to perform a specific function or functions."" [GOC:dph, GOC:jid]",3018,575,175,20972,0.30434782608695654,0.05798542080848244,query_1,['GO:0048856']
GO:BP,GO:0071396,cellular response to lipid,3.722524673207678e-20,True,"""Any process that results in a change in state or activity of a cell (in terms of movement, secretion, enzyme production, gene expression, etc.) as a result of a lipid stimulus."" [GOC:mah]",600,575,68,20972,0.11826086956521739,0.11333333333333333,query_1,"['GO:0033993', 'GO:0070887']"
GO:CC,GO:0034774,secretory granule lumen,4.198301695915562e-20,True,"""The volume enclosed by the membrane of a secretory granule."" [GOC:rph]",324,579,48,22155,0.08290155440414508,0.14814814814814814,query_1,"['GO:0030141', 'GO:0060205']"
GO:CC,GO:0030666,endocytic vesicle membrane,4.349563406825842e-20,True,"""The lipid bilayer surrounding an endocytic vesicle."" [GOC:mah]",205,579,39,22155,0.06735751295336788,0.1902439024390244,query_1,"['GO:0030139', 'GO:0030659', 'GO:0098588']"
GO:BP,GO:0051093,negative regulation of developmental process,6.072416947123314e-20,True,"""Any process that stops, prevents or reduces the rate or extent of development, the biological process whose specific outcome is the progression of an organism over time from an initial condition (e.g. a zygote, or a young adult) to a later condition (e.g. a multicellular animal or an aged adult)."" [GOC:ai]",916,575,85,20972,0.14782608695652175,0.0927947598253275,query_1,"['GO:0032502', 'GO:0048519', 'GO:0050793']"
GO:BP,GO:0007169,cell surface receptor protein tyrosine kinase signaling pathway,6.889302281177624e-20,True,"""The series of molecular signals initiated by an extracellular ligand binding to a receptor on the surface of the target cell where the receptor possesses tyrosine kinase activity, and ending with the regulation of a downstream cellular process, e.g. transcription."" [GOC:ceb, GOC:signaling]",641,575,70,20972,0.12173913043478261,0.10920436817472699,query_1,['GO:0007167']
GO:CC,GO:0070161,anchoring junction,7.909603258597364e-20,True,"""A cell junction that mechanically attaches a cell (and its cytoskeleton) to neighboring cells or to the extracellular matrix."" [ISBN:0815332181]",911,579,81,22155,0.13989637305699482,0.0889132821075741,query_1,['GO:0030054']
GO:BP,GO:0032637,interleukin-8 production,8.35950896935093e-20,True,"""The appearance of interleukin-8 due to biosynthesis or secretion following a cellular stimulus, resulting in an increase in its intracellular or extracellular levels."" [GOC:mah]",84,575,28,20972,0.04869565217391304,0.3333333333333333,query_1,['GO:0001816']
GO:BP,GO:0032677,regulation of interleukin-8 production,8.35950896935093e-20,True,"""Any process that modulates the frequency, rate, or extent of interleukin-8 production."" [GOC:mah]",84,575,28,20972,0.04869565217391304,0.3333333333333333,query_1,"['GO:0001817', 'GO:0032637']"
GO:CC,GO:0042611,MHC protein complex,8.907812037469824e-20,True,"""A transmembrane protein complex composed of an MHC alpha chain and, in most cases, either an MHC class II beta chain or an invariant beta2-microglobin chain, and with or without a bound peptide, lipid, or polysaccharide antigen."" [GOC:add, GOC:jl, ISBN:0781735149, PMID:15928678, PMID:16153240]",24,579,17,22155,0.02936096718480138,0.7083333333333334,query_1,['GO:0098797']
GO:BP,GO:0043065,positive regulation of apoptotic process,1.1904994991841083e-19,True,"""Any process that activates or increases the frequency, rate or extent of cell death by apoptotic process."" [GOC:jl, GOC:mtg_apoptosis]",512,575,62,20972,0.10782608695652174,0.12109375,query_1,"['GO:0006915', 'GO:0042981', 'GO:0043068']"
GO:BP,GO:0007167,enzyme-linked receptor protein signaling pathway,1.5282828661785514e-19,True,"""The series of molecular signals initiated by an extracellular ligand binding to a receptor on the surface of the target cell, where the receptor possesses catalytic activity or is closely associated with an enzyme such as a protein kinase, and ending with the regulation of a downstream cellular process, e.g. transcription."" [GOC:mah, GOC:signaling, ISBN:0815316194]",988,575,88,20972,0.15304347826086956,0.08906882591093117,query_1,['GO:0007166']
GO:CC,GO:0098796,membrane protein complex,1.9070008071507763e-19,True,"""Any protein complex that is part of a membrane."" [GOC:dos]",1402,579,103,22155,0.17789291882556132,0.07346647646219687,query_1,"['GO:0016020', 'GO:0032991']"
GO:BP,GO:0043066,negative regulation of apoptotic process,2.1443596930621864e-19,True,"""Any process that stops, prevents, or reduces the frequency, rate or extent of cell death by apoptotic process."" [GOC:jl, GOC:mtg_apoptosis]",856,575,81,20972,0.1408695652173913,0.09462616822429906,query_1,"['GO:0006915', 'GO:0042981', 'GO:0043069']"
GO:BP,GO:0031589,cell-substrate adhesion,2.176057060286965e-19,True,"""The attachment of a cell to the underlying substrate via adhesion molecules."" [GOC:mah, GOC:pf]",349,575,51,20972,0.08869565217391304,0.14613180515759314,query_1,['GO:0007155']
GO:BP,GO:0070098,chemokine-mediated signaling pathway,3.467096271014695e-19,True,"""The series of molecular signals initiated by a chemokine binding to its receptor on the surface of a target cell, and ending with the regulation of a downstream cellular process, e.g. transcription."" [GOC:mah, GOC:signaling]",80,575,27,20972,0.04695652173913043,0.3375,query_1,"['GO:0007186', 'GO:0019221', 'GO:1990869']"
GO:BP,GO:0043123,positive regulation of canonical NF-kappaB signal transduction,4.1402642360603816e-19,True,"""Any process that activates or increases the frequency, rate or extent of a canonical NF-kappaB signaling cascade."" [GOC:jl]",221,575,41,20972,0.07130434782608695,0.18552036199095023,query_1,"['GO:0007249', 'GO:0043122', 'GO:1902533']"
GO:BP,GO:0043068,positive regulation of programmed cell death,5.504222493040694e-19,True,"""Any process that activates or increases the frequency, rate or extent of programmed cell death, cell death resulting from activation of endogenous cellular processes."" [GOC:jl]",527,575,62,20972,0.10782608695652174,0.11764705882352941,query_1,"['GO:0012501', 'GO:0043067', 'GO:0048522']"
GO:CC,GO:0030054,cell junction,6.415677004254684e-19,True,"""A cellular component that forms a specialized region of connection between two or more cells, or between a cell and the extracellular matrix, or between two membrane-bound components of a cell, such as flagella."" [GOC:aruk, GOC:bc, GOC:mah, ISBN:0198506732, PMID:26820516, PMID:28096264]",2370,579,141,22155,0.24352331606217617,0.05949367088607595,query_1,['GO:0110165']
GO:BP,GO:0045123,cellular extravasation,6.457036952655892e-19,True,"""The migration of a leukocyte from the blood vessels into the surrounding tissue."" [GOC:jl]",74,575,26,20972,0.04521739130434783,0.35135135135135137,query_1,['GO:0050900']
GO:BP,GO:1905517,macrophage migration,6.9315250032349795e-19,True,"""The orderly movement of a macrophage from one site to another."" [GO_REF:0000091, GOC:TermGenie, PMID:25749876]",60,575,24,20972,0.04173913043478261,0.4,query_1,"['GO:0071674', 'GO:0097529']"
WP,WP:WP5561,Integrative Analysis of Treg Glial Interactions ,7.576568935640176e-19,True,Integrative Analysis of Treg Glial Interactions ,112,475,38,8899,0.08,0.3392857142857143,query_1,['WP:000000']
GO:BP,GO:0031295,T cell costimulation,9.777835201390934e-19,True,"""The process of providing, via surface-bound receptor-ligand pairs, a second, antigen-independent, signal in addition to that provided by the T cell receptor to augment T cell activation."" [ISBN:0781735149]",48,575,22,20972,0.03826086956521739,0.4583333333333333,query_1,"['GO:0031294', 'GO:0050870']"
WP,WP:WP5284,Cell interactions in pancreatic cancer microenvironment,1.0179838158576776e-18,True,Cell interactions in pancreatic cancer microenvironment,26,475,20,8899,0.042105263157894736,0.7692307692307693,query_1,['WP:000000']
GO:BP,GO:0002720,positive regulation of cytokine production involved in immune response,1.0643514893603035e-18,True,"""Any process that activates or increases the frequency, rate, or extent of cytokine production that contributes to an immune response."" [GOC:add]",83,575,27,20972,0.04695652173913043,0.3253012048192771,query_1,"['GO:0001819', 'GO:0002367', 'GO:0002702', 'GO:0002718']"
GO:BP,GO:0034113,heterotypic cell-cell adhesion,1.113905919251237e-18,True,"""The attachment of a cell to a cell of a different type via adhesion molecules."" [GOC:add]",61,575,24,20972,0.04173913043478261,0.39344262295081966,query_1,['GO:0098609']
GO:BP,GO:0019882,antigen processing and presentation,1.1902048184446704e-18,True,"""The process in which an antigen-presenting cell expresses antigen (peptide or lipid) on its cell surface in association with an MHC protein complex."" [GO_REF:0000022, GOC:add, ISBN:0781735149, PMID:15771591, PMID:15928678]",118,575,31,20972,0.05391304347826087,0.2627118644067797,query_1,['GO:0002376']
GO:BP,GO:0043542,endothelial cell migration,1.4175425304610438e-18,True,"""The orderly movement of an endothelial cell into the extracellular matrix to form an endothelium."" [GOC:go_curators]",228,575,41,20972,0.07130434782608695,0.17982456140350878,query_1,['GO:0016477']
GO:BP,GO:0042100,B cell proliferation,1.4328651510756256e-18,True,"""The expansion of a B cell population by cell division. Follows B cell activation."" [GOC:jl]",92,575,28,20972,0.04869565217391304,0.30434782608695654,query_1,"['GO:0042113', 'GO:0046651']"
GO:BP,GO:0032722,positive regulation of chemokine production,1.7105887800302996e-18,True,"""Any process that activates or increases the frequency, rate, or extent of chemokine production."" [GOC:mah]",69,575,25,20972,0.043478260869565216,0.36231884057971014,query_1,"['GO:0001819', 'GO:0032602', 'GO:0032642']"
GO:BP,GO:0031294,lymphocyte costimulation,1.7296981171228343e-18,True,"""The process of providing, via surface-bound receptor-ligand pairs, a second, antigen-independent, signal in addition to that provided by the B- or T cell receptor to augment B- or T cell activation."" [ISBN:0781735149]",49,575,22,20972,0.03826086956521739,0.4489795918367347,query_1,"['GO:0002376', 'GO:0051251']"
GO:BP,GO:0043069,negative regulation of programmed cell death,2.0634912741116918e-18,True,"""Any process that stops, prevents, or reduces the frequency, rate or extent of programmed cell death, cell death resulting from activation of endogenous cellular processes."" [GOC:jl]",887,575,81,20972,0.1408695652173913,0.09131905298759865,query_1,"['GO:0012501', 'GO:0043067', 'GO:0048523']"
KEGG,KEGG:05144,Malaria,2.3530740505536533e-18,True,Malaria,49,482,26,8716,0.05394190871369295,0.5306122448979592,query_1,['KEGG:00000']
WP,WP:WP5218,Extrafollicular and follicular B cell activation by SARS CoV 2,2.6645297494751853e-18,True,Extrafollicular and follicular B cell activation by SARS CoV 2,74,475,31,8899,0.06526315789473684,0.4189189189189189,query_1,['WP:000000']
GO:BP,GO:0002833,positive regulation of response to biotic stimulus,2.6966864137789453e-18,True,"""Any process that activates or increases the frequency, rate, or extent of a response to biotic stimulus."" [GOC:add]",414,575,54,20972,0.09391304347826086,0.13043478260869565,query_1,"['GO:0002831', 'GO:0009607', 'GO:0048584']"
KEGG,KEGG:04940,Type I diabetes mellitus,3.0098003202305594e-18,True,Type I diabetes mellitus,41,482,24,8716,0.04979253112033195,0.5853658536585366,query_1,['KEGG:00000']
GO:BP,GO:1903034,regulation of response to wounding,3.5398367812503184e-18,True,"""Any process that modulates the frequency, rate or extent of response to wounding."" [GO_REF:0000058, GOC:kmv, GOC:TermGenie, PMID:19164535]",163,575,35,20972,0.06086956521739131,0.2147239263803681,query_1,"['GO:0009611', 'GO:0080134']"
GO:CC,GO:0042581,specific granule,4.009430740533652e-18,True,"""Granule with a membranous, tubular internal structure, found primarily in mature neutrophil cells. Most are released into the extracellular fluid. Specific granules contain lactoferrin, lysozyme, vitamin B12 binding protein and elastase."" [GOC:jl, ISBN:0721662544, PMID:7334549]",158,579,33,22155,0.05699481865284974,0.2088607594936709,query_1,['GO:0030141']
HPA,HPA:0461442,Skin 1; fibrohistiocytic cells[≥Medium],4.76094793503834e-18,True,Skin 1; fibrohistiocytic cells[≥Medium],698,397,79,11007,0.19899244332493704,0.11318051575931232,query_1,['HPA:0461441']
REAC,REAC:R-HSA-109582,Hemostasis,5.722242554956924e-18,True,Hemostasis,675,520,91,11056,0.175,0.1348148148148148,query_1,['REAC:0000000']
GO:CC,GO:0098636,protein complex involved in cell adhesion,7.39117332731306e-18,True,"""Any protein complex that is capable of carrying out some part of the process of cell adhesion to the cell matrix or to another cell."" [GOC:dos]",58,579,22,22155,0.037996545768566495,0.3793103448275862,query_1,['GO:0032991']
GO:BP,GO:1990266,neutrophil migration,7.462249066072488e-18,True,"""The movement of a neutrophil within or between different tissues and organs of the body."" [PMID:1826836]",106,575,29,20972,0.050434782608695654,0.27358490566037735,query_1,['GO:0097530']
GO:BP,GO:1990868,response to chemokine,8.630114231522951e-18,True,"""Any process that results in a change in state or activity of a cell or an organism (in terms of movement, secretion, enzyme production, gene expression, etc.) as a result of a chemokine stimulus."" [PMID:11113082]",89,575,27,20972,0.04695652173913043,0.30337078651685395,query_1,['GO:0034097']
GO:BP,GO:1990869,cellular response to chemokine,8.630114231522951e-18,True,"""Any process that results in a change in state or activity of a cell (in terms of movement, secretion, enzyme production, gene expression, etc.) as a result of a chemokine stimulus."" [PMID:11113082]",89,575,27,20972,0.04695652173913043,0.30337078651685395,query_1,"['GO:0071345', 'GO:1990868']"
WP,WP:WP2806,Complement system,9.561754755878623e-18,True,Complement system,94,475,34,8899,0.07157894736842105,0.3617021276595745,query_1,['WP:000000']
GO:BP,GO:1905521,regulation of macrophage migration,9.620606204033616e-18,True,"""Any process that modulates the frequency, rate or extent of macrophage migration."" [GO_REF:0000058, GOC:TermGenie, PMID:25749876]",46,575,21,20972,0.036521739130434785,0.45652173913043476,query_1,"['GO:0071675', 'GO:1905517']"
GO:BP,GO:0046903,secretion,1.0934197829243183e-17,True,"""The controlled release of a substance by a cell or a tissue."" [GOC:ai]",971,575,84,20972,0.14608695652173914,0.08650875386199794,query_1,['GO:0006810']
GO:MF,GO:0005539,glycosaminoglycan binding,1.3278342088906843e-17,True,"""Binding to a glycan (polysaccharide) containing a substantial proportion of aminomonosaccharide residues."" [GOC:jl, ISBN:0198506732]",243,573,41,20208,0.07155322862129145,0.16872427983539096,query_1,['GO:0097367']
GO:BP,GO:0032729,positive regulation of type II interferon production,1.8591930237881676e-17,True,"""Any process that activates or increases the frequency, rate, or extent of interferon-gamma production. Interferon-gamma is also known as type II interferon."" [GOC:add, GOC:mah, PMID:15546383]",75,575,25,20972,0.043478260869565216,0.3333333333333333,query_1,"['GO:0001819', 'GO:0032609', 'GO:0032649']"
GO:BP,GO:0007186,G protein-coupled receptor signaling pathway,2.130421410897238e-17,True,"""The series of molecular signals initiated by a ligand binding to its receptor, in which the activated receptor promotes the exchange of GDP for GTP on the alpha-subunit of an associated heterotrimeric G-protein complex. The GTP-bound activated alpha-G-protein then dissociates from the beta- and gamma-subunits to further transmit the signal within the cell. The pathway begins with receptor-ligand interaction, and ends with regulation of a downstream cellular process. The pathway can start from the plasma membrane, Golgi or nuclear membrane."" [GOC:bf, GOC:mah, PMID:16902576, PMID:24568158, Wikipedia:G_protein-coupled_receptor]",1299,575,99,20972,0.17217391304347826,0.07621247113163972,query_1,['GO:0007165']
GO:BP,GO:0007204,positive regulation of cytosolic calcium ion concentration,2.377268313684885e-17,True,"""Any process that increases the concentration of calcium ions in the cytosol."" [GOC:ai]",161,575,34,20972,0.059130434782608696,0.2111801242236025,query_1,['GO:0065008']
GO:BP,GO:0051247,positive regulation of protein metabolic process,2.4087486549529222e-17,True,"""Any process that activates or increases the frequency, rate or extent of the chemical reactions and pathways involving a protein."" [GOC:ai]",863,575,78,20972,0.1356521739130435,0.09038238702201622,query_1,"['GO:0010604', 'GO:0019538', 'GO:0051246']"
GO:BP,GO:0046634,regulation of alpha-beta T cell activation,2.6563254183954295e-17,True,"""Any process that modulates the frequency, rate or extent of alpha-beta T cell activation."" [GOC:ai]",120,575,30,20972,0.05217391304347826,0.25,query_1,"['GO:0046631', 'GO:0050863']"
GO:BP,GO:0050817,coagulation,2.7256907623832544e-17,True,"""The process in which a fluid solution, or part of it, changes into a solid or semisolid mass."" [ISBN:0198506732]",246,575,41,20972,0.07130434782608695,0.16666666666666666,query_1,['GO:0032501']
REAC,REAC:R-HSA-380108,Chemokine receptors bind chemokines,2.8354182797875646e-17,True,Chemokine receptors bind chemokines,57,520,26,11056,0.05,0.45614035087719296,query_1,['REAC:R-HSA-375276']
GO:BP,GO:0050878,regulation of body fluid levels,3.130302481775974e-17,True,"""Any process that modulates the levels of body fluids."" [GOC:ai, GOC:dph, GOC:tb]",374,575,50,20972,0.08695652173913043,0.13368983957219252,query_1,['GO:0065008']
GO:BP,GO:0045766,positive regulation of angiogenesis,3.6127254661533284e-17,True,"""Any process that activates or increases angiogenesis."" [GOC:go_curators]",163,575,34,20972,0.059130434782608696,0.2085889570552147,query_1,"['GO:0001525', 'GO:0045765', 'GO:1904018']"
GO:BP,GO:0022008,neurogenesis,3.715887470595075e-17,True,"""Generation of cells within the nervous system."" [GO_REF:0000021, GOC:cls, GOC:curators, GOC:dgh, GOC:dph, GOC:jid]",1769,575,119,20972,0.20695652173913043,0.06726964386659129,query_1,"['GO:0007399', 'GO:0030154']"
GO:BP,GO:0007599,hemostasis,3.721720363557259e-17,True,"""The stopping of bleeding (loss of body fluid) or the arrest of the circulation to an organ or part."" [ISBN:0198506732]",248,575,41,20972,0.07130434782608695,0.16532258064516128,query_1,['GO:0050878']
REAC,REAC:R-HSA-168249,Innate Immune System,3.8572778559699697e-17,True,Innate Immune System,1102,520,121,11056,0.2326923076923077,0.10980036297640654,query_1,['REAC:R-HSA-168256']
GO:BP,GO:0051174,regulation of phosphorus metabolic process,5.461211530227966e-17,True,"""Any process that modulates the frequency, rate or extent of the chemical reactions and pathways involving phosphorus or compounds containing phosphorus."" [GOC:ai]",702,575,69,20972,0.12,0.09829059829059829,query_1,"['GO:0006793', 'GO:0019222']"
GO:BP,GO:0050864,regulation of B cell activation,5.64808161818961e-17,True,"""Any process that modulates the frequency, rate or extent of B cell activation."" [GOC:ai]",133,575,31,20972,0.05391304347826087,0.23308270676691728,query_1,"['GO:0042113', 'GO:0051249']"
GO:BP,GO:0042325,regulation of phosphorylation,6.350228928492652e-17,True,"""Any process that modulates the frequency, rate or extent of addition of phosphate groups into a molecule."" [GOC:jl]",560,575,61,20972,0.10608695652173913,0.10892857142857143,query_1,"['GO:0016310', 'GO:0051174']"
GO:BP,GO:0032755,positive regulation of interleukin-6 production,7.971577459713714e-17,True,"""Any process that activates or increases the frequency, rate, or extent of interleukin-6 production."" [GOC:mah]",96,575,27,20972,0.04695652173913043,0.28125,query_1,"['GO:0001819', 'GO:0032635', 'GO:0032675']"
GO:BP,GO:0061900,glial cell activation,8.42200370152206e-17,True,"""A change in morphology and behavior of a glial cell resulting from exposure to a cytokine, chemokine, cellular ligand, or soluble factor."" [GOC:aruk, GOC:bc, PMID:18723082]",50,575,21,20972,0.036521739130434785,0.42,query_1,"['GO:0001775', 'GO:0150076']"
KEGG,KEGG:05320,Autoimmune thyroid disease,8.73383458827635e-17,True,Autoimmune thyroid disease,50,482,25,8716,0.05186721991701245,0.5,query_1,['KEGG:00000']
GO:BP,GO:0001934,positive regulation of protein phosphorylation,9.084199676043282e-17,True,"""Any process that activates or increases the frequency, rate or extent of addition of phosphate groups to amino acids within a protein."" [GOC:hjd]",309,575,45,20972,0.0782608695652174,0.14563106796116504,query_1,"['GO:0001932', 'GO:0006468', 'GO:0031401', 'GO:0042327']"
GO:BP,GO:0007596,blood coagulation,9.540401140310015e-17,True,"""The sequential process in which the multiple coagulation factors of the blood interact, ultimately resulting in the formation of an insoluble fibrin clot; it may be divided into three stages: stage 1, the formation of intrinsic and extrinsic prothrombin converting principle; stage 2, the formation of thrombin; stage 3, the formation of stable fibrin polymers."" [PMID:30700128]",241,575,40,20972,0.06956521739130435,0.16597510373443983,query_1,"['GO:0007599', 'GO:0042060', 'GO:0050817']"
HPA,HPA:0471442,Skin 2; fibrohistiocytic cells[≥Medium],1.0005877412562486e-16,True,Skin 2; fibrohistiocytic cells[≥Medium],832,397,85,11007,0.2141057934508816,0.10216346153846154,query_1,['HPA:0471441']
GO:BP,GO:0002704,negative regulation of leukocyte mediated immunity,1.1245397562244464e-16,True,"""Any process that stops, prevents, or reduces the frequency, rate, or extent of leukocyte mediated immunity."" [GOC:add]",72,575,24,20972,0.04173913043478261,0.3333333333333333,query_1,"['GO:0002443', 'GO:0002698', 'GO:0002703']"
GO:BP,GO:2000401,regulation of lymphocyte migration,1.1245397562244464e-16,True,"""Any process that modulates the frequency, rate or extent of lymphocyte migration."" [GOC:mah]",72,575,24,20972,0.04173913043478261,0.3333333333333333,query_1,"['GO:0071675', 'GO:0072676']"
GO:BP,GO:0050678,regulation of epithelial cell proliferation,1.3275935165885315e-16,True,"""Any process that modulates the frequency, rate or extent of epithelial cell proliferation."" [GOC:ai]",356,575,48,20972,0.08347826086956522,0.1348314606741573,query_1,"['GO:0042127', 'GO:0050673']"
GO:BP,GO:0034330,cell junction organization,1.3747415720727877e-16,True,"""A process that is carried out at the cellular level which results in the assembly, arrangement of constituent parts, or disassembly of a cell junction. A cell junction is a specialized region of connection between two cells or between a cell and the extracellular matrix."" [GOC:dph, GOC:jl, GOC:mah]",829,575,75,20972,0.13043478260869565,0.09047044632086852,query_1,['GO:0016043']
KEGG,KEGG:05168,Herpes simplex virus 1 infection,1.409675436930281e-16,True,Herpes simplex virus 1 infection,177,482,45,8716,0.09336099585062241,0.2542372881355932,query_1,['KEGG:00000']
GO:BP,GO:0045619,regulation of lymphocyte differentiation,1.4587989687413453e-16,True,"""Any process that modulates the frequency, rate or extent of lymphocyte differentiation."" [GOC:go_curators]",218,575,38,20972,0.06608695652173913,0.1743119266055046,query_1,"['GO:0030098', 'GO:0051249', 'GO:1902105']"
GO:BP,GO:0050673,epithelial cell proliferation,1.5055834366765638e-16,True,"""The multiplication or reproduction of epithelial cells, resulting in the expansion of a cell population. Epithelial cells make up the epithelium, the covering of internal and external surfaces of the body, including the lining of vessels and other small cavities. It consists of cells joined by small amounts of cementing substances."" [ISBN:0721662544]",435,575,53,20972,0.09217391304347826,0.12183908045977011,query_1,['GO:0008283']
GO:BP,GO:0014002,astrocyte development,1.544908803579428e-16,True,"""The process aimed at the progression of an astrocyte over time, from initial commitment of the cell to a specific fate, to the fully functional differentiated cell. An astrocyte is the most abundant type of glial cell. Astrocytes provide support for neurons and regulate the environment in which they function."" [GOC:dgh, GOC:ef]",39,575,19,20972,0.03304347826086956,0.48717948717948717,query_1,"['GO:0021782', 'GO:0048708']"
GO:MF,GO:0038024,cargo receptor activity,1.5504863741225941e-16,True,"""Binding specifically to a substance (cargo) to deliver it to a transport vesicle. Cargo receptors span membranes (for instance the plasma membrane or the endoplasmic reticulum membrane), binding simultaneously to cargo molecules and coat adaptors, to efficiently recruit the cargo molecules to nascent vesicles."" [PMID:15239958, PMID:27903609]",67,573,23,20208,0.04013961605584642,0.34328358208955223,query_1,['GO:0003674']
GO:BP,GO:0043085,positive regulation of catalytic activity,1.6351319526850393e-16,True,"""Any process that activates or increases the activity of an enzyme."" [GOC:ebc, GOC:jl, GOC:tb, GOC:vw]",452,575,54,20972,0.09391304347826086,0.11946902654867257,query_1,"['GO:0044093', 'GO:0050790']"
GO:BP,GO:0050764,regulation of phagocytosis,2.5926333104108196e-16,True,"""Any process that modulates the frequency, rate or extent of phagocytosis, the process in which phagocytes engulf external particulate material."" [GOC:ai]",100,575,27,20972,0.04695652173913043,0.27,query_1,"['GO:0006909', 'GO:0030100']"
GO:BP,GO:0001914,regulation of T cell mediated cytotoxicity,2.860560853528858e-16,True,"""Any process that modulates the frequency, rate, or extent of T cell mediated cytotoxicity."" [GOC:add, ISBN:0781735149]",46,575,20,20972,0.034782608695652174,0.43478260869565216,query_1,"['GO:0001910', 'GO:0001913', 'GO:0002709']"
GO:BP,GO:0030888,regulation of B cell proliferation,3.155971277575093e-16,True,"""Any process that modulates the frequency, rate or extent of B cell proliferation."" [GOC:mah]",67,575,23,20972,0.04,0.34328358208955223,query_1,"['GO:0042100', 'GO:0050670', 'GO:0050864']"
GO:BP,GO:0071363,cellular response to growth factor stimulus,3.1655047913641636e-16,True,"""Any process that results in a change in state or activity of a cell (in terms of movement, secretion, enzyme production, gene expression, etc.) as a result of a growth factor stimulus."" [GOC:mah]",706,575,68,20972,0.11826086956521739,0.09631728045325778,query_1,"['GO:0070848', 'GO:0071495']"
REAC,REAC:R-HSA-373076,Class A/1 (Rhodopsin-like receptors),3.923802891738229e-16,True,Class A/1 (Rhodopsin-like receptors),328,520,58,11056,0.11153846153846154,0.17682926829268292,query_1,['REAC:R-HSA-500792']
REAC,REAC:R-HSA-500792,GPCR ligand binding,4.031882474778533e-16,True,GPCR ligand binding,460,520,70,11056,0.1346153846153846,0.15217391304347827,query_1,['REAC:R-HSA-372790']
GO:BP,GO:0045807,positive regulation of endocytosis,5.576934588777737e-16,True,"""Any process that activates or increases the frequency, rate or extent of endocytosis."" [GOC:go_curators]",154,575,32,20972,0.05565217391304348,0.2077922077922078,query_1,"['GO:0006897', 'GO:0030100', 'GO:0051050', 'GO:0051130']"
GO:BP,GO:0002707,negative regulation of lymphocyte mediated immunity,5.669138629500376e-16,True,"""Any process that stops, prevents, or reduces the frequency, rate, or extent of lymphocyte mediated immunity."" [GOC:add]",61,575,22,20972,0.03826086956521739,0.36065573770491804,query_1,"['GO:0002449', 'GO:0002704', 'GO:0002706']"
GO:BP,GO:0070848,response to growth factor,6.249867066075248e-16,True,"""Any process that results in a change in state or activity of a cell or an organism (in terms of movement, secretion, enzyme production, gene expression, etc.) as a result of a growth factor stimulus."" [GOC:BHF, GOC:mah]",734,575,69,20972,0.12,0.09400544959128065,query_1,['GO:0009719']
GO:BP,GO:0040013,negative regulation of locomotion,6.993328118788596e-16,True,"""Any process that stops, prevents, or reduces the frequency, rate or extent of locomotion of a cell or organism."" [GOC:go_curators]",325,575,45,20972,0.0782608695652174,0.13846153846153847,query_1,"['GO:0040011', 'GO:0040012', 'GO:0048519']"
GO:BP,GO:0032940,secretion by cell,8.114916765535024e-16,True,"""The controlled release of a substance by a cell."" [GOC:mah]",835,575,74,20972,0.12869565217391304,0.08862275449101796,query_1,"['GO:0046903', 'GO:0140352']"
GO:MF,GO:0030246,carbohydrate binding,8.393322298010923e-16,True,"""Binding to a carbohydrate, which includes monosaccharides, oligosaccharides and polysaccharides as well as substances derived from monosaccharides by reduction of the carbonyl group (alditols), by oxidation of one or more hydroxy groups to afford the corresponding aldehydes, ketones, or carboxylic acids, or by replacement of one or more hydroxy group(s) by a hydrogen atom. Cyclitols are generally not regarded as carbohydrates."" [GOC:mah]",285,573,42,20208,0.07329842931937172,0.14736842105263157,query_1,['GO:0005488']
GO:BP,GO:0051046,regulation of secretion,8.653357166409965e-16,True,"""Any process that modulates the frequency, rate or extent of the controlled release of a substance from a cell or a tissue."" [GOC:ai]",608,575,62,20972,0.10782608695652174,0.10197368421052631,query_1,"['GO:0046903', 'GO:0051049']"
GO:BP,GO:0045089,positive regulation of innate immune response,8.890864668360344e-16,True,"""Any process that activates or increases the frequency, rate or extent of the innate immune response, the organism's first line of defense against infection."" [GOC:ebc]",388,575,49,20972,0.08521739130434783,0.12628865979381443,query_1,"['GO:0002833', 'GO:0031349', 'GO:0032103', 'GO:0045087', 'GO:0045088', 'GO:0050778']"
HPA,HPA:0471441,Skin 2; fibrohistiocytic cells[≥Low],9.914992393730622e-16,True,Skin 2; fibrohistiocytic cells[≥Low],1020,397,94,11007,0.2367758186397985,0.09215686274509804,query_1,['HPA:0470000']
REAC,REAC:R-HSA-162582,Signal Transduction,1.014242318486326e-15,True,Signal Transduction,2570,520,208,11056,0.4,0.08093385214007782,query_1,['REAC:0000000']
GO:CC,GO:0000323,lytic vacuole,1.1477928742226669e-15,True,"""A vacuole that is maintained at an acidic pH and which contains degradative enzymes, including a wide variety of acid hydrolases."" [GOC:krc]",787,579,68,22155,0.11744386873920552,0.08640406607369759,query_1,['GO:0005773']
GO:CC,GO:0005764,lysosome,1.1477928742226669e-15,True,"""A small lytic vacuole that has cell cycle-independent morphology found in most animal cells and that contains a variety of hydrolases, most of which have their maximal activities in the pH range 5-6. The contained enzymes display latency if properly isolated. About 40 different lysosomal hydrolases are known and lysosomes have a great variety of morphologies and functions."" [GOC:mah, ISBN:0198506732]",787,579,68,22155,0.11744386873920552,0.08640406607369759,query_1,['GO:0000323']
HPA,HPA:0461441,Skin 1; fibrohistiocytic cells[≥Low],1.3503801655701157e-15,True,Skin 1; fibrohistiocytic cells[≥Low],884,397,86,11007,0.21662468513853905,0.09728506787330317,query_1,['HPA:0460000']
GO:BP,GO:0050918,positive chemotaxis,1.4226914963207957e-15,True,"""The directed movement of a motile cell or organism towards a higher concentration of a chemical."" [GOC:ai, GOC:bf, GOC:isa_complete]",71,575,23,20972,0.04,0.323943661971831,query_1,['GO:0006935']
GO:BP,GO:0043277,apoptotic cell clearance,1.6201310251793607e-15,True,"""The recognition and removal of an apoptotic cell by a neighboring cell or by a phagocyte."" [GOC:rk, PMID:14685684]",43,575,19,20972,0.03304347826086956,0.4418604651162791,query_1,['GO:0006909']
GO:MF,GO:0019956,chemokine binding,1.6869178492057999e-15,True,"""Binding to a chemokine. Chemokines are a family of small chemotactic cytokines; their name is derived from their ability to induce directed chemotaxis in nearby responsive cells. All chemokines possess a number of conserved cysteine residues involved in intramolecular disulfide bond formation. Some chemokines are considered pro-inflammatory and can be induced during an immune response to recruit cells of the immune system to a site of infection, while others are considered homeostatic and are involved in controlling the migration of cells during normal processes of tissue maintenance or development. Chemokines are found in all vertebrates, some viruses and some bacteria."" [GOC:ai, GOC:BHF, GOC:rl, PMID:12183377, Wikipedia:Chemokine]",33,573,17,20208,0.029668411867364748,0.5151515151515151,query_1,['GO:0019955']
GO:CC,GO:0035579,specific granule membrane,1.7596870843261975e-15,True,"""The lipid bilayer surrounding a specific granule, a granule with a membranous, tubular internal structure, found primarily in mature neutrophil cells. Most are released into the extracellular fluid. Specific granules contain lactoferrin, lysozyme, vitamin B12 binding protein and elastase."" [GOC:bf, PMID:7334549]",90,579,24,22155,0.04145077720207254,0.26666666666666666,query_1,"['GO:0030667', 'GO:0042581']"
GO:MF,GO:0001540,amyloid-beta binding,1.791342022244276e-15,True,"""Binding to an amyloid-beta peptide/protein."" [GOC:hjd]",82,573,24,20208,0.041884816753926704,0.2926829268292683,query_1,['GO:0042277']
GO:CC,GO:0098590,plasma membrane region,1.8876345509485633e-15,True,"""A membrane that is a (regional) part of the plasma membrane."" [GOC:dos]",1303,579,91,22155,0.15716753022452504,0.06983883346124328,query_1,"['GO:0005886', 'GO:0016020']"
KEGG,KEGG:04512,ECM-receptor interaction,2.206353600538688e-15,True,ECM-receptor interaction,89,482,31,8716,0.06431535269709543,0.34831460674157305,query_1,['KEGG:00000']
GO:MF,GO:0042802,identical protein binding,2.285077213542205e-15,True,"""Binding to an identical protein or proteins."" [GOC:jl]",2179,573,133,20208,0.23211169284467714,0.06103717301514456,query_1,['GO:0005515']
GO:BP,GO:0051246,regulation of protein metabolic process,2.3001080679682128e-15,True,"""Any process that modulates the frequency, rate or extent of the chemical reactions and pathways involving a protein."" [GOC:ai]",1574,575,107,20972,0.18608695652173912,0.06797966963151207,query_1,"['GO:0019538', 'GO:0060255', 'GO:0080090']"
GO:BP,GO:0070664,negative regulation of leukocyte proliferation,2.669218174451658e-15,True,"""Any process that stops, prevents, or reduces the frequency, rate or extent of leukocyte proliferation."" [GOC:add, GOC:mah]",99,575,26,20972,0.04521739130434783,0.26262626262626265,query_1,"['GO:0008285', 'GO:0070661', 'GO:0070663']"
GO:BP,GO:0006810,transport,2.9636928520809414e-15,True,"""The directed movement of substances (such as macromolecules, small molecules, ions) or cellular components (such as complexes and organelles) into, out of or within a cell, or between cells, or within a multicellular organism by means of some agent such as a transporter or a transporter complex, a pore or a motor protein."" [GOC:dos, GOC:dph, GOC:jl, GOC:mah]",4370,575,210,20972,0.3652173913043478,0.04805491990846682,query_1,['GO:0051234']
GO:MF,GO:0023026,MHC class II protein complex binding,2.984818473548182e-15,True,"""Binding to a class II major histocompatibility complex."" [GOC:mtg_signal, GOC:vw]",24,573,15,20208,0.02617801047120419,0.625,query_1,['GO:0023023']
GO:CC,GO:0031091,platelet alpha granule,3.079726926365731e-15,True,"""A secretory organelle found in blood platelets, which is unique in that it exhibits further compartmentalization and acquires its protein content via two distinct mechanisms: (1) biosynthesis predominantly at the megakaryocyte (MK) level (with some vestigial platelet synthesis) (e.g. platelet factor 4) and (2) endocytosis and pinocytosis at both the MK and circulating platelet levels (e.g. fibrinogen (Fg) and IgG)."" [PMID:8467233]",92,579,24,22155,0.04145077720207254,0.2608695652173913,query_1,['GO:0030141']
GO:BP,GO:0001936,regulation of endothelial cell proliferation,3.5112074960247506e-15,True,"""Any process that modulates the frequency, rate, or extent of endothelial cell proliferation."" [GOC:add]",130,575,29,20972,0.050434782608695654,0.2230769230769231,query_1,"['GO:0001935', 'GO:0050678']"
WP,WP:WP5569,Uterine natural killer cells and progesterone estrogen and chorionic gonadotropin,4.2708970955584005e-15,True,Uterine natural killer cells and progesterone estrogen and chorionic gonadotropin,52,475,24,8899,0.05052631578947368,0.46153846153846156,query_1,['WP:000000']
GO:BP,GO:0045954,positive regulation of natural killer cell mediated cytotoxicity,4.435378661238305e-15,True,"""Any process that activates or increases the frequency, rate or extent of natural killer cell mediated cytotoxicity."" [GOC:add, ISBN:0781735149]",28,575,16,20972,0.02782608695652174,0.5714285714285714,query_1,"['GO:0001912', 'GO:0002717', 'GO:0042267', 'GO:0042269']"
GO:BP,GO:2000404,regulation of T cell migration,5.513476134462306e-15,True,"""Any process that modulates the frequency, rate or extent of T cell migration."" [GOC:mah]",52,575,20,20972,0.034782608695652174,0.38461538461538464,query_1,"['GO:0072678', 'GO:2000401']"
GO:BP,GO:0060429,epithelium development,8.694986088677215e-15,True,"""The process whose specific outcome is the progression of an epithelium over time, from its formation to the mature structure. An epithelium is a tissue that covers the internal or external surfaces of an anatomical structure."" [GOC:dph, GOC:mtg_lung]",1234,575,91,20972,0.1582608695652174,0.07374392220421394,query_1,['GO:0009888']
GO:BP,GO:0002724,regulation of T cell cytokine production,9.090563550161377e-15,True,"""Any process that modulates the frequency, rate, or extent of T cell cytokine production."" [GOC:add]",40,575,18,20972,0.03130434782608696,0.45,query_1,"['GO:0002369', 'GO:0002709', 'GO:0002718']"
GO:BP,GO:0002369,T cell cytokine production,9.090563550161377e-15,True,"""Any process that contributes to cytokine production by a T cell."" [GOC:add, ISBN:0781735149]",40,575,18,20972,0.03130434782608696,0.45,query_1,"['GO:0002367', 'GO:0002456']"
GO:CC,GO:0070820,tertiary granule,9.668721574282164e-15,True,"""A secretory granule that contains cathepsin and gelatinase and is readily exocytosed upon cell activation; found primarily in mature neutrophil cells."" [GOC:BHF, GOC:mah, GOC:rl, PMID:12070036]",163,579,30,22155,0.05181347150259067,0.18404907975460122,query_1,['GO:0030141']
GO:BP,GO:0002286,T cell activation involved in immune response,9.795780664611775e-15,True,"""The change in morphology and behavior of a mature or immature T cell resulting from exposure to a mitogen, cytokine, chemokine, cellular ligand, or an antigen for which it is specific, leading to the initiation or perpetuation of an immune response."" [GOC:add, ISBN:0781735149]",124,575,28,20972,0.04869565217391304,0.22580645161290322,query_1,"['GO:0002285', 'GO:0042110']"
GO:BP,GO:0071495,cellular response to endogenous stimulus,1.0706623749638809e-14,True,"""Any process that results in a change in state or activity of a cell (in terms of movement, secretion, enzyme production, gene expression, etc.) as a result of a stimulus arising within the organism."" [GOC:mah]",1238,575,91,20972,0.1582608695652174,0.07350565428109855,query_1,['GO:0009719']
GO:BP,GO:0050790,regulation of catalytic activity,1.0733886528689082e-14,True,"""Any process that modulates the activity of an enzyme."" [GOC:ai, GOC:ebc, GOC:vw]",774,575,69,20972,0.12,0.08914728682170543,query_1,['GO:0065009']
GO:BP,GO:0032655,regulation of interleukin-12 production,1.149880159152695e-14,True,"""Any process that modulates the frequency, rate, or extent of interleukin-12 production."" [GOC:mah]",61,575,21,20972,0.036521739130434785,0.3442622950819672,query_1,"['GO:0001817', 'GO:0032615']"
GO:BP,GO:0032615,interleukin-12 production,1.149880159152695e-14,True,"""The appearance of interleukin-12 due to biosynthesis or secretion following a cellular stimulus, resulting in an increase in its intracellular or extracellular levels."" [GOC:mah]",61,575,21,20972,0.036521739130434785,0.3442622950819672,query_1,['GO:0001816']
GO:BP,GO:0001913,T cell mediated cytotoxicity,1.336349210276767e-14,True,"""The directed killing of a target cell by a T cell through the release of granules containing cytotoxic mediators or through the engagement of death receptors."" [GOC:add, GOC:pr, ISBN:0781735149, PMID:11911826]",54,575,20,20972,0.034782608695652174,0.37037037037037035,query_1,"['GO:0001909', 'GO:0002456']"
GO:BP,GO:0019722,calcium-mediated signaling,1.336809571033729e-14,True,"""Any intracellular signal transduction in which the signal is passed on within the cell via calcium ions."" [GOC:signaling]",234,575,37,20972,0.06434782608695652,0.1581196581196581,query_1,['GO:0141124']
REAC,REAC:R-HSA-3000178,ECM proteoglycans,1.3381512269580535e-14,True,ECM proteoglycans,76,520,27,11056,0.051923076923076926,0.35526315789473684,query_1,['REAC:R-HSA-1474244']
GO:BP,GO:1901698,response to nitrogen compound,1.4571178336545408e-14,True,"""Any process that results in a change in state or activity of a cell or an organism (in terms of movement, secretion, enzyme production, gene expression, etc.) as a result of a nitrogen compound stimulus."" [GOC:pr, GOC:TermGenie]",941,575,77,20972,0.13391304347826086,0.0818278427205101,query_1,['GO:0042221']
GO:MF,GO:0005164,tumor necrosis factor receptor binding,1.6183476924895168e-14,True,"""Binding to a tumor necrosis factor receptor."" [GOC:ai]",31,573,16,20208,0.027923211169284468,0.5161290322580645,query_1,['GO:0032813']
GO:BP,GO:0050871,positive regulation of B cell activation,1.6513705901393926e-14,True,"""Any process that activates or increases the frequency, rate or extent of B cell activation."" [GOC:ai]",87,575,24,20972,0.04173913043478261,0.27586206896551724,query_1,"['GO:0042113', 'GO:0050864', 'GO:0051251']"
REAC,REAC:R-HSA-6785807,Interleukin-4 and Interleukin-13 signaling,1.6597488938377153e-14,True,Interleukin-4 and Interleukin-13 signaling,111,520,32,11056,0.06153846153846154,0.2882882882882883,query_1,['REAC:R-HSA-449147']
GO:BP,GO:0044093,positive regulation of molecular function,1.692022923557583e-14,True,"""Any process that activates or increases the rate or extent of a molecular function, an elemental biological activity occurring at the molecular level, such as catalysis or binding."" [GO:jl]",590,575,59,20972,0.10260869565217391,0.1,query_1,['GO:0065009']
GO:BP,GO:0030101,natural killer cell activation,2.0395692293236082e-14,True,"""The change in morphology and behavior of a natural killer cell in response to a cytokine, chemokine, cellular ligand, or soluble factor."" [GOC:mgi_curators, ISBN:0781735149]",97,575,25,20972,0.043478260869565216,0.25773195876288657,query_1,['GO:0046649']
GO:BP,GO:0002637,regulation of immunoglobulin production,2.12947650901166e-14,True,"""Any process that modulates the frequency, rate, or extent of immunoglobulin production."" [GOC:add]",79,575,23,20972,0.04,0.2911392405063291,query_1,"['GO:0002377', 'GO:0002700']"
REAC,REAC:R-HSA-375276,Peptide ligand-binding receptors,2.224837159833928e-14,True,Peptide ligand-binding receptors,195,520,42,11056,0.08076923076923077,0.2153846153846154,query_1,['REAC:R-HSA-373076']
KEGG,KEGG:05145,Toxoplasmosis,2.4328512423405685e-14,True,Toxoplasmosis,109,482,33,8716,0.06846473029045644,0.30275229357798167,query_1,['KEGG:00000']
GO:BP,GO:0033627,cell adhesion mediated by integrin,2.953977253953145e-14,True,"""The attachment of a cell, either to another cell or to an underlying substrate such as the extracellular matrix, via an integrin, a heterodimeric adhesion receptor formed by the non-covalent association of particular alpha and beta subunits."" [GOC:add, PMID:12213832, PMID:14754902]",89,575,24,20972,0.04173913043478261,0.2696629213483146,query_1,['GO:0007155']
GO:BP,GO:0050672,negative regulation of lymphocyte proliferation,2.953977253953145e-14,True,"""Any process that stops, prevents or reduces the rate or extent of lymphocyte proliferation."" [GOC:ai]",89,575,24,20972,0.04173913043478261,0.2696629213483146,query_1,"['GO:0032945', 'GO:0046651', 'GO:0050670', 'GO:0051250']"
GO:CC,GO:0005773,vacuole,3.166480648716775e-14,True,"""A closed structure, found only in eukaryotic cells, that is completely surrounded by unit membrane and contains liquid material. Cells contain one or several vacuoles, that may have different functions from each other. Vacuoles have a diverse array of functions. They can act as a storage organelle for nutrients or waste products, as a degradative compartment, as a cost-effective way of increasing cell size, and as a homeostatic regulator controlling both turgor pressure and pH of the cytosol."" [GOC:mtg_sensu, ISBN:0198506732]",882,579,70,22155,0.12089810017271158,0.07936507936507936,query_1,"['GO:0005737', 'GO:0043231']"
GO:BP,GO:0032757,positive regulation of interleukin-8 production,3.595587631079944e-14,True,"""Any process that activates or increases the frequency, rate, or extent of interleukin-8 production."" [GOC:mah]",64,575,21,20972,0.036521739130434785,0.328125,query_1,"['GO:0001819', 'GO:0032637', 'GO:0032677']"
GO:BP,GO:0001667,ameboidal-type cell migration,3.650353339770585e-14,True,"""Cell migration that is accomplished by extension and retraction of a pseudopodium."" [GOC:dph]",241,575,37,20972,0.06434782608695652,0.15352697095435686,query_1,['GO:0016477']
KEGG,KEGG:04650,Natural killer cell mediated cytotoxicity,4.421874457368828e-14,True,Natural killer cell mediated cytotoxicity,125,482,35,8716,0.07261410788381743,0.28,query_1,['KEGG:00000']
KEGG,KEGG:05140,Leishmaniasis,4.791199076190708e-14,True,Leishmaniasis,73,482,27,8716,0.056016597510373446,0.3698630136986301,query_1,['KEGG:00000']
GO:BP,GO:0042063,gliogenesis,5.042226659829514e-14,True,"""The process that results in the generation of glial cells. This includes the production of glial progenitors and their differentiation into mature glia."" [GOC:dgh, GOC:jid]",331,575,43,20972,0.07478260869565218,0.1299093655589124,query_1,['GO:0022008']
GO:BP,GO:0001916,positive regulation of T cell mediated cytotoxicity,5.043253729003805e-14,True,"""Any process that activates or increases the frequency, rate or extent of T cell mediated cytotoxicity."" [GOC:add, ISBN:0781735149]",37,575,17,20972,0.029565217391304348,0.4594594594594595,query_1,"['GO:0001912', 'GO:0001913', 'GO:0001914', 'GO:0002711']"
GO:BP,GO:0001935,endothelial cell proliferation,5.0764617757428615e-14,True,"""The multiplication or reproduction of endothelial cells, resulting in the expansion of a cell population. Endothelial cells are thin flattened cells which line the inside surfaces of body cavities, blood vessels, and lymph vessels, making up the endothelium."" [GOC:add, ISBN:0781735149]",154,575,30,20972,0.05217391304347826,0.19480519480519481,query_1,['GO:0050673']
GO:BP,GO:0032945,negative regulation of mononuclear cell proliferation,5.198231666840618e-14,True,"""Any process that stops, prevents, or reduces the frequency, rate or extent of mononuclear cell proliferation."" [GOC:add]",91,575,24,20972,0.04173913043478261,0.26373626373626374,query_1,"['GO:0032943', 'GO:0032944', 'GO:0070664']"
GO:BP,GO:0030593,neutrophil chemotaxis,5.372644598874507e-14,True,"""The directed movement of a neutrophil cell, the most numerous polymorphonuclear leukocyte found in the blood, in response to an external stimulus, usually an infection or wounding."" [GOC:jl, ISBN:0198506732]",82,575,23,20972,0.04,0.2804878048780488,query_1,"['GO:0071621', 'GO:1990266']"
GO:BP,GO:0065009,regulation of molecular function,5.384930808181152e-14,True,"""Any process that modulates the frequency, rate or extent of a molecular function, an elemental biological activity occurring at the molecular level, such as catalysis or binding."" [GOC:isa_complete]",1070,575,82,20972,0.1426086956521739,0.07663551401869159,query_1,['GO:0065007']
HPA,HPA:0461443,Skin 1; fibrohistiocytic cells[High],5.71478907440366e-14,True,Skin 1; fibrohistiocytic cells[High],407,397,53,11007,0.13350125944584382,0.13022113022113022,query_1,['HPA:0461442']
GO:CC,GO:0010008,endosome membrane,6.210791238855703e-14,True,"""The lipid bilayer surrounding an endosome."" [GOC:mah]",585,579,55,22155,0.09499136442141623,0.09401709401709402,query_1,"['GO:0005768', 'GO:0030659', 'GO:0098588']"
HPA,HPA:0471443,Skin 2; fibrohistiocytic cells[High],6.627030643894773e-14,True,Skin 2; fibrohistiocytic cells[High],466,397,57,11007,0.14357682619647355,0.1223175965665236,query_1,['HPA:0471442']
GO:BP,GO:0042130,negative regulation of T cell proliferation,6.70129212591764e-14,True,"""Any process that stops, prevents or reduces the rate or extent of T cell proliferation."" [GOC:jl]",74,575,22,20972,0.03826086956521739,0.2972972972972973,query_1,"['GO:0042098', 'GO:0042129', 'GO:0050672', 'GO:0050868']"
GO:BP,GO:0002520,immune system development,6.727567294526919e-14,True,"""The process whose specific outcome is the progression of an organismal system whose objective is to provide calibrated responses by an organism to a potential internal or invasive threat, over time, from its formation to the mature structure. A system is a regularly interacting or interdependent group of organs or tissues that work together to carry out a given biological process."" [GOC:add, GOC:dph]",205,575,34,20972,0.059130434782608696,0.16585365853658537,query_1,"['GO:0002376', 'GO:0048731']"
GO:BP,GO:0010721,negative regulation of cell development,7.256335277241318e-14,True,"""Any process that decreases the rate, frequency or extent of the progression of the cell over time, from its formation to the mature structure. Cell development does not include the steps involved in committing a cell to a specific fate."" [GOC:BHF, GOC:dph, GOC:tb]",260,575,38,20972,0.06608695652173913,0.14615384615384616,query_1,"['GO:0045596', 'GO:0048468', 'GO:0060284']"
GO:BP,GO:0001774,microglial cell activation,7.454443049979069e-14,True,"""The change in morphology and behavior of a microglial cell resulting from exposure to a cytokine, chemokine, cellular ligand, or soluble factor."" [GOC:mgi_curators, PMID:10626665, PMID:10695728, PMID:12580336, PMID:9893949]",44,575,18,20972,0.03130434782608696,0.4090909090909091,query_1,"['GO:0002269', 'GO:0042116', 'GO:0061900']"
KEGG,KEGG:04148,Efferocytosis,7.454734343280844e-14,True,Efferocytosis,157,482,39,8716,0.08091286307053942,0.2484076433121019,query_1,['KEGG:00000']
GO:CC,GO:0005794,Golgi apparatus,7.525691088314102e-14,True,"""A membrane-bound cytoplasmic organelle of the endomembrane system that further processes the core oligosaccharides (e.g. N-glycans) added to proteins in the endoplasmic reticulum and packages them into membrane-bound vesicles. The Golgi apparatus operates at the intersection of the secretory, lysosomal, and endocytic pathways."" [ISBN:0198506732, PMID:9695800]",1680,579,103,22155,0.17789291882556132,0.06130952380952381,query_1,"['GO:0005737', 'GO:0012505', 'GO:0043231']"
GO:BP,GO:0007160,cell-matrix adhesion,8.170346699177114e-14,True,"""The binding of a cell to the extracellular matrix via adhesion molecules."" [GOC:hb]",233,575,36,20972,0.06260869565217392,0.15450643776824036,query_1,['GO:0031589']
GO:BP,GO:1903530,regulation of secretion by cell,8.951467550371219e-14,True,"""Any process that modulates the frequency, rate or extent of secretion by cell."" [GO_REF:0000058, GOC:pm, GOC:TermGenie, PMID:12130530]",556,575,56,20972,0.09739130434782609,0.10071942446043165,query_1,"['GO:0032940', 'GO:0050794', 'GO:0051046']"
GO:BP,GO:0050728,negative regulation of inflammatory response,8.982948447654542e-14,True,"""Any process that stops, prevents, or reduces the frequency, rate or extent of the inflammatory response."" [GOC:ai]",169,575,31,20972,0.05391304347826087,0.1834319526627219,query_1,"['GO:0006954', 'GO:0031348', 'GO:0032102', 'GO:0050727']"
GO:BP,GO:0048729,tissue morphogenesis,9.446300838856751e-14,True,"""The process in which the anatomical structures of a tissue are generated and organized."" [GOC:dph, GOC:jid]",612,575,59,20972,0.10260869565217391,0.09640522875816994,query_1,"['GO:0009653', 'GO:0009888']"
GO:BP,GO:0035924,cellular response to vascular endothelial growth factor stimulus,9.460001094839841e-14,True,"""Any process that results in a change in state or activity of a cell (in terms of movement, secretion, enzyme production, gene expression, etc.) as a result of a vascular endothelial growth factor stimulus."" [GOC:BHF, GOC:rl, PMID:18440775]",113,575,26,20972,0.04521739130434783,0.23008849557522124,query_1,['GO:0071363']
GO:BP,GO:0032613,interleukin-10 production,1.0227108796114555e-13,True,"""The appearance of interleukin-10 due to biosynthesis or secretion following a cellular stimulus, resulting in an increase in its intracellular or extracellular levels."" [GOC:mah]",59,575,20,20972,0.034782608695652174,0.3389830508474576,query_1,['GO:0001816']
GO:BP,GO:0032653,regulation of interleukin-10 production,1.0227108796114555e-13,True,"""Any process that modulates the frequency, rate, or extent of interleukin-10 production."" [GOC:mah]",59,575,20,20972,0.034782608695652174,0.3389830508474576,query_1,"['GO:0001817', 'GO:0032613']"
GO:BP,GO:0001932,regulation of protein phosphorylation,1.0371679142055815e-13,True,"""Any process that modulates the frequency, rate or extent of addition of phosphate groups into an amino acid in a protein."" [GOC:hjd]",504,575,53,20972,0.09217391304347826,0.10515873015873016,query_1,"['GO:0006468', 'GO:0031399', 'GO:0042325']"
WP,WP:WP453,Inflammatory response pathway,1.0728155745419943e-13,True,Inflammatory response pathway,30,475,18,8899,0.037894736842105266,0.6,query_1,['WP:000000']
GO:BP,GO:0030336,negative regulation of cell migration,1.1939822904084705e-13,True,"""Any process that stops, prevents, or reduces the frequency, rate or extent of cell migration."" [GOC:go_curators]",293,575,40,20972,0.06956521739130435,0.13651877133105803,query_1,"['GO:0016477', 'GO:0030334', 'GO:2000146']"
GO:BP,GO:2000403,positive regulation of lymphocyte migration,1.2111430958197235e-13,True,"""Any process that activates or increases the frequency, rate or extent of lymphocyte migration."" [GOC:mah]",45,575,18,20972,0.03130434782608696,0.4,query_1,"['GO:0071677', 'GO:0072676', 'GO:2000401']"
HP,HP:0005368,Abnormality of humoral immunity,1.2350104729169824e-13,True,"An abnormality of the humoral immune system, which comprises antibodies produced by B cells as well as the complement system.",359,241,56,5200,0.23236514522821577,0.15598885793871867,query_1,['HP:0010978']
GO:BP,GO:0140352,export from cell,1.2404710045289426e-13,True,"""The directed movement of some substance from a cell, into the extracellular region. This may occur via transport across the plasma membrane or via exocytosis."" [GOC:pg]",914,575,74,20972,0.12869565217391304,0.08096280087527352,query_1,"['GO:0006810', 'GO:0009987']"
GO:CC,GO:0042613,MHC class II protein complex,1.547755447345534e-13,True,"""A transmembrane protein complex composed of an MHC class II alpha and MHC class II beta chain, and with or without a bound peptide or polysaccharide antigen."" [GOC:add, GOC:jl, ISBN:0120781859, PMID:15928678]",17,579,12,22155,0.02072538860103627,0.7058823529411765,query_1,['GO:0042611']
GO:BP,GO:0048762,mesenchymal cell differentiation,1.644433462633096e-13,True,"""The process in which a relatively unspecialized cell acquires specialized features of a mesenchymal cell. A mesenchymal cell is a loosely associated cell that is part of the connective tissue in an organism. Mesenchymal cells give rise to more mature connective tissue cell types."" [GOC:dph, GOC:jid]",252,575,37,20972,0.06434782608695652,0.14682539682539683,query_1,"['GO:0030154', 'GO:0060485']"
KEGG,KEGG:05142,Chagas disease,1.8112316948890236e-13,True,Chagas disease,102,482,31,8716,0.06431535269709543,0.30392156862745096,query_1,['KEGG:00000']
GO:BP,GO:0008037,cell recognition,1.8540128494963e-13,True,"""The process in which a cell in an organism interprets its surroundings."" [GOC:go_curators]",161,575,30,20972,0.05217391304347826,0.18633540372670807,query_1,['GO:0009987']
GO:BP,GO:0097028,dendritic cell differentiation,1.93966673344236e-13,True,"""The process in which a precursor cell type acquires the specialized features of a dendritic cell. A dendritic cell is a leukocyte of dendritic lineage specialized in the uptake, processing, and transport of antigens to lymph nodes for the purpose of stimulating an immune response via T cell activation."" [CL:0000451, GOC:pr]",46,575,18,20972,0.03130434782608696,0.391304347826087,query_1,['GO:1903131']
GO:BP,GO:0002712,regulation of B cell mediated immunity,2.1687560705421327e-13,True,"""Any process that modulates the frequency, rate, or extent of B cell mediated immunity."" [GOC:add]",61,575,20,20972,0.034782608695652174,0.32786885245901637,query_1,"['GO:0002706', 'GO:0002822', 'GO:0019724']"
GO:BP,GO:0002889,regulation of immunoglobulin mediated immune response,2.1687560705421327e-13,True,"""Any process that modulates the frequency, rate, or extent of an immunoglobulin mediated immune response."" [GOC:add]",61,575,20,20972,0.034782608695652174,0.32786885245901637,query_1,"['GO:0002712', 'GO:0016064']"
GO:MF,GO:0001664,G protein-coupled receptor binding,2.1719387188916332e-13,True,"""Binding to a G protein-coupled receptor."" [GOC:ceb, GOC:dph]",286,573,39,20208,0.06806282722513089,0.13636363636363635,query_1,['GO:0005102']
GO:BP,GO:0061564,axon development,2.223777623201051e-13,True,"""The progression of an axon over time. Covers axonogenesis (de novo generation of an axon) and axon regeneration (regrowth), as well as processes pertaining to the progression of the axon over time (fasciculation and defasciculation)."" [GOC:dph, GOC:pg, GOC:pr]",513,575,53,20972,0.09217391304347826,0.10331384015594541,query_1,['GO:0031175']
WP,WP:WP5092,Interactions of natural killer cells in pancreatic cancer,2.2437523266874357e-13,True,Interactions of natural killer cells in pancreatic cancer,27,475,17,8899,0.035789473684210524,0.6296296296296297,query_1,['WP:000000']
GO:BP,GO:0016310,phosphorylation,2.572029255231535e-13,True,"""The process of introducing a phosphate group into a molecule, usually with the formation of a phosphoric ester, a phosphoric anhydride or a phosphoric amide."" [ISBN:0198506732]",1077,575,81,20972,0.1408695652173913,0.07520891364902507,query_1,['GO:0006796']
GO:BP,GO:0045580,regulation of T cell differentiation,2.699041460004834e-13,True,"""Any process that modulates the frequency, rate or extent of T cell differentiation."" [GOC:go_curators]",188,575,32,20972,0.05565217391304348,0.1702127659574468,query_1,"['GO:0030217', 'GO:0045619', 'GO:0050863']"
GO:BP,GO:0002717,positive regulation of natural killer cell mediated immunity,2.758926755044356e-13,True,"""Any process that activates or increases the frequency, rate, or extent of natural killer cell mediated immunity."" [GOC:add]",34,575,16,20972,0.02782608695652174,0.47058823529411764,query_1,"['GO:0002228', 'GO:0002708', 'GO:0002715', 'GO:0045089']"
WP,WP:WP5115,Network map of SARS CoV 2 signaling,2.9261460700204e-13,True,Network map of SARS CoV 2 signaling,253,475,49,8899,0.1031578947368421,0.19367588932806323,query_1,['WP:000000']
GO:BP,GO:0061041,regulation of wound healing,3.060288941181356e-13,True,"""Any process that modulates the rate, frequency, or extent of the series of events that restore integrity to a damaged tissue, following an injury."" [GOC:BHF, GOC:dph]",129,575,27,20972,0.04695652173913043,0.20930232558139536,query_1,"['GO:0042060', 'GO:1903034']"
GO:BP,GO:0002269,leukocyte activation involved in inflammatory response,3.0644969345086167e-13,True,"""A change in the morphology or behavior of a leukocyte resulting from exposure to an activating factor such as a cellular or soluble ligand, leading to the initiation or perpetuation of an inflammatory response."" [GOC:add, ISBN:0781735149]",47,575,18,20972,0.03130434782608696,0.3829787234042553,query_1,"['GO:0006954', 'GO:0045321']"
GO:BP,GO:0030890,positive regulation of B cell proliferation,3.0644969345086167e-13,True,"""Any process that activates or increases the rate or extent of B cell proliferation."" [GOC:mah]",47,575,18,20972,0.03130434782608696,0.3829787234042553,query_1,"['GO:0030888', 'GO:0042100', 'GO:0050671', 'GO:0050871']"
GO:BP,GO:0019884,antigen processing and presentation of exogenous antigen,3.0644969345086167e-13,True,"""The process in which an antigen-presenting cell expresses antigen (peptide or lipid) of exogenous origin on its cell surface in association with an MHC protein complex."" [GOC:add, ISBN:0781735149, PMID:15771591, PMID:15928678]",47,575,18,20972,0.03130434782608696,0.3829787234042553,query_1,['GO:0019882']
GO:BP,GO:0051960,regulation of nervous system development,3.2026865008408216e-13,True,"""Any process that modulates the frequency, rate or extent of nervous system development, the origin and formation of nervous tissue."" [GOC:ai]",430,575,48,20972,0.08347826086956522,0.11162790697674418,query_1,"['GO:0007399', 'GO:2000026']"
GO:BP,GO:0034612,response to tumor necrosis factor,3.5120634234360064e-13,True,"""Any process that results in a change in state or activity of a cell or an organism (in terms of movement, secretion, enzyme production, gene expression, etc.) as a result of a tumor necrosis factor stimulus."" [GOC:mah]",216,575,34,20972,0.059130434782608696,0.1574074074074074,query_1,['GO:0034097']
REAC,REAC:R-HSA-5669034,TNFs bind their physiological receptors,3.5263070735642136e-13,True,TNFs bind their physiological receptors,29,520,17,11056,0.032692307692307694,0.5862068965517241,query_1,['REAC:R-HSA-5668541']
GO:BP,GO:0002009,morphogenesis of an epithelium,3.629240952746131e-13,True,"""The process in which the anatomical structures of epithelia are generated and organized. An epithelium consists of closely packed cells arranged in one or more layers, that covers the outer surfaces of the body or lines any internal cavity or tube."" [GOC:dph, GOC:jl, GOC:tb, ISBN:0198506732]",501,575,52,20972,0.09043478260869565,0.10379241516966067,query_1,"['GO:0048729', 'GO:0060429']"
GO:BP,GO:0030099,myeloid cell differentiation,3.809699233852949e-13,True,"""The process in which a relatively unspecialized myeloid precursor cell acquires the specialized features of any cell of the myeloid leukocyte, megakaryocyte, thrombocyte, or erythrocyte lineages."" [GOC:add, ISBN:0781735149]",449,575,49,20972,0.08521739130434783,0.1091314031180401,query_1,"['GO:0030097', 'GO:0030154']"
GO:BP,GO:0033674,positive regulation of kinase activity,4.2953144218552253e-13,True,"""Any process that activates or increases the frequency, rate or extent of kinase activity, the catalysis of the transfer of a phosphate group, usually from ATP, to a substrate molecule."" [GOC:mah]",204,575,33,20972,0.057391304347826085,0.16176470588235295,query_1,"['GO:0042327', 'GO:0043085', 'GO:0043549']"
HP,HP:0002960,Autoimmunity,4.454054353127723e-13,True,The occurrence of an immune reaction against the organism's own cells or tissues.,322,241,52,5200,0.2157676348547718,0.16149068322981366,query_1,['HP:0010978']
GO:BP,GO:0033619,membrane protein proteolysis,4.457041277577018e-13,True,"""The proteolytic cleavage of a transmembrane protein leading to the release of its intracellular or ecto-domains."" [GOC:pde]",63,575,20,20972,0.034782608695652174,0.31746031746031744,query_1,['GO:0006508']
GO:BP,GO:0035710,"CD4-positive, alpha-beta T cell activation",4.622629567472285e-13,True,"""The change in morphology and behavior of a CD4-positive, alpha-beta T cell resulting from exposure to a mitogen, cytokine, chemokine, cellular ligand, or an antigen for which it is specific."" [CL:0000624, GOC:BHF]",131,575,27,20972,0.04695652173913043,0.20610687022900764,query_1,['GO:0046631']
GO:MF,GO:0008009,chemokine activity,4.710716652926691e-13,True,"""The function of a family of small chemotactic cytokines; their name is derived from their ability to induce directed chemotaxis in nearby responsive cells. All chemokines possess a number of conserved cysteine residues involved in intramolecular disulfide bond formation. Some chemokines are considered pro-inflammatory and can be induced during an immune response to recruit cells of the immune system to a site of infection, while others are considered homeostatic and are involved in controlling the migration of cells during normal processes of tissue maintenance or development. Chemokines are found in all vertebrates, some viruses and some bacteria."" [GOC:BHF, GOC:rl, PMID:12183377, Wikipedia:Chemokine]",50,573,18,20208,0.031413612565445025,0.36,query_1,"['GO:0005125', 'GO:0042379']"
WP,WP:WP4217,Ebola virus infection in host,4.776620759741832e-13,True,Ebola virus infection in host,128,475,34,8899,0.07157894736842105,0.265625,query_1,['WP:000000']
GO:BP,GO:0006509,membrane protein ectodomain proteolysis,4.779822226678916e-13,True,"""The proteolytic cleavage of transmembrane proteins and release of their ectodomain (extracellular domain)."" [GOC:jl, PMID:24227200]",48,575,18,20972,0.03130434782608696,0.375,query_1,['GO:0033619']
GO:BP,GO:0007409,axonogenesis,4.986389356733157e-13,True,"""De novo generation of a long process of a neuron, including the terminal branched region. Refers to the morphogenesis or creation of shape or form of the developing axon, which carries efferent (outgoing) action potentials from the cell body towards target cells."" [GOC:dph, GOC:jid, GOC:pg, GOC:pr, ISBN:0198506732]",452,575,49,20972,0.08521739130434783,0.1084070796460177,query_1,"['GO:0048667', 'GO:0048812', 'GO:0061564']"
GO:BP,GO:0032652,regulation of interleukin-1 production,5.249113312642586e-13,True,"""Any process that modulates the frequency, rate, or extent of interleukin-1 production."" [GOC:mah]",110,575,25,20972,0.043478260869565216,0.22727272727272727,query_1,"['GO:0001817', 'GO:0032612']"
GO:BP,GO:0032612,interleukin-1 production,5.249113312642586e-13,True,"""The appearance of interleukin-1 due to biosynthesis or secretion following a cellular stimulus, resulting in an increase in its intracellular or extracellular levels."" [GOC:mah]",110,575,25,20972,0.043478260869565216,0.22727272727272727,query_1,['GO:0001816']
GO:BP,GO:0019724,B cell mediated immunity,5.792430445165575e-13,True,"""Any process involved with the carrying out of an immune response by a B cell, through, for instance, the production of antibodies or cytokines, or antigen presentation to T cells."" [GO_REF:0000022, GOC:add, ISBN:0781735149]",206,575,33,20972,0.057391304347826085,0.16019417475728157,query_1,"['GO:0002449', 'GO:0002460']"
GO:BP,GO:0038084,vascular endothelial growth factor signaling pathway,6.788150613259429e-13,True,"""The series of molecular signals initiated by vascular endothelial growth factor (VEGF) binding its receptor on the surface of the target cell, and ending with the regulation of a downstream cellular process, e.g. transcription."" [GOC:signaling, PMID:17470632]",91,575,23,20972,0.04,0.25274725274725274,query_1,"['GO:0007169', 'GO:0035924']"
GO:BP,GO:2000146,negative regulation of cell motility,6.924206343885016e-13,True,"""Any process that stops, prevents, or reduces the frequency, rate or extent of cell motility."" [GOC:mah]",308,575,40,20972,0.06956521739130435,0.12987012987012986,query_1,"['GO:0040013', 'GO:0048523', 'GO:0048870', 'GO:2000145']"
GO:BP,GO:0097485,neuron projection guidance,7.33762878136107e-13,True,"""The process in which the migration of a neuron projection is directed to a specific target site in response to a combination of attractive and repulsive cues."" [GOC:BHF, GOC:rl, PMID:22790009]",235,575,35,20972,0.06086956521739131,0.14893617021276595,query_1,"['GO:0031175', 'GO:0048812']"
GO:BP,GO:0002548,monocyte chemotaxis,7.365106991249859e-13,True,"""The movement of a monocyte in response to an external stimulus."" [GOC:add, PMID:11696603, PMID:15173832]",49,575,18,20972,0.03130434782608696,0.3673469387755102,query_1,"['GO:0030595', 'GO:0071674', 'GO:0097529']"
GO:BP,GO:0071526,semaphorin-plexin signaling pathway,7.365106991249859e-13,True,"""The series of molecular signals generated as a consequence of a semaphorin receptor (composed of a plexin and a neurophilin) binding to a semaphorin ligand."" [GOC:BHF, GOC:mah, GOC:vk, PMID:15239959]",49,575,18,20972,0.03130434782608696,0.3673469387755102,query_1,['GO:0007166']
GO:BP,GO:0010594,regulation of endothelial cell migration,7.48740149697962e-13,True,"""Any process that modulates the rate, frequency, or extent of the orderly movement of an endothelial cell into the extracellular matrix to form an endothelium."" [GOC:BHF, GOC:dph, GOC:tb]",169,575,30,20972,0.05217391304347826,0.17751479289940827,query_1,"['GO:0030334', 'GO:0043542']"
GO:MF,GO:0019899,enzyme binding,8.147513518813361e-13,True,"""Binding to an enzyme, a protein with catalytic activity."" [GOC:jl]",2060,573,122,20208,0.21291448516579406,0.059223300970873784,query_1,['GO:0005515']
GO:BP,GO:0051234,establishment of localization,8.51107520121119e-13,True,"""Any process that localizes a substance or cellular component. This may occur via movement, tethering or selective degradation."" [GOC:ai, GOC:dos]",4804,575,217,20972,0.3773913043478261,0.0451706910907577,query_1,['GO:0051179']
GO:MF,GO:0042379,chemokine receptor binding,8.513180300440921e-13,True,"""Binding to a chemokine receptor."" [GOC:ai]",76,573,21,20208,0.03664921465968586,0.27631578947368424,query_1,"['GO:0001664', 'GO:0005126']"
GO:BP,GO:2001238,positive regulation of extrinsic apoptotic signaling pathway,9.019853391295786e-13,True,"""Any process that activates or increases the frequency, rate or extent of extrinsic apoptotic signaling pathway."" [GOC:mtg_apoptosis]",57,575,19,20972,0.03304347826086956,0.3333333333333333,query_1,"['GO:0097191', 'GO:2001235', 'GO:2001236']"
KEGG,KEGG:05321,Inflammatory bowel disease,9.921835599843807e-13,True,Inflammatory bowel disease,63,482,24,8716,0.04979253112033195,0.38095238095238093,query_1,['KEGG:00000']
GO:BP,GO:0007399,nervous system development,9.940391777446018e-13,True,"""The process whose specific outcome is the progression of nervous tissue over time, from its formation to its mature state."" [GOC:dgh]",2597,575,141,20972,0.24521739130434783,0.05429341547939931,query_1,['GO:0048731']
GO:BP,GO:0048708,astrocyte differentiation,1.0091091947039804e-12,True,"""The process in which a relatively unspecialized cell acquires the specialized features of an astrocyte. An astrocyte is the most abundant type of glial cell. Astrocytes provide support for neurons and regulate the environment in which they function."" [GOC:vp, PMID:15139015]",83,575,22,20972,0.03826086956521739,0.26506024096385544,query_1,"['GO:0007417', 'GO:0010001']"
GO:BP,GO:0045621,positive regulation of lymphocyte differentiation,1.030421452878408e-12,True,"""Any process that activates or increases the frequency, rate or extent of lymphocyte differentiation."" [GOC:go_curators]",135,575,27,20972,0.04695652173913043,0.2,query_1,"['GO:0030098', 'GO:0045619', 'GO:0051251', 'GO:1902107']"
GO:BP,GO:0034341,response to type II interferon,1.0776258136585453e-12,True,"""Any process that results in a change in state or activity of a cell or an organism (in terms of movement, secretion, enzyme production, gene expression, etc.) as a result of an interferon-gamma stimulus. Interferon-gamma is also known as type II interferon."" [GOC:add, ISBN:0126896631, PMID:15546383]",124,575,26,20972,0.04521739130434783,0.20967741935483872,query_1,"['GO:0034097', 'GO:0045087']"
GO:BP,GO:0045596,negative regulation of cell differentiation,1.1113828939703204e-12,True,"""Any process that stops, prevents, or reduces the frequency, rate or extent of cell differentiation."" [GOC:go_curators]",665,575,60,20972,0.10434782608695652,0.09022556390977443,query_1,"['GO:0030154', 'GO:0045595', 'GO:0048523', 'GO:0051093']"
GO:BP,GO:0048246,macrophage chemotaxis,1.1463344921917614e-12,True,"""The movement of a macrophage in response to an external stimulus."" [GOC:jid]",43,575,17,20972,0.029565217391304348,0.3953488372093023,query_1,"['GO:0030595', 'GO:1905517']"
GO:MF,GO:0002020,protease binding,1.1798953806005445e-12,True,"""Binding to a protease or a peptidase."" [GOC:hjd]",139,573,27,20208,0.04712041884816754,0.19424460431654678,query_1,['GO:0019899']
WP,WP:WP4494,Selective expression of chemokine receptors during T cell polarization,1.249159889227288e-12,True,Selective expression of chemokine receptors during T cell polarization,29,475,17,8899,0.035789473684210524,0.5862068965517241,query_1,['WP:000000']
GO:BP,GO:0019883,antigen processing and presentation of endogenous antigen,1.4826955073945556e-12,True,"""The process in which an antigen-presenting cell expresses antigen (peptide or lipid) of endogenous origin on its cell surface in association with an MHC protein complex."" [GOC:add, ISBN:0781735149, PMID:15771591, PMID:15928678]",31,575,15,20972,0.02608695652173913,0.4838709677419355,query_1,['GO:0019882']
GO:MF,GO:0071814,protein-lipid complex binding,1.4908401431279014e-12,True,"""Binding to a protein-lipid complex, any macromolecular complex that contains both protein and lipid molecules."" [GOC:BHF, GOC:mah]",27,573,14,20208,0.02443280977312391,0.5185185185185185,query_1,['GO:0044877']
GO:MF,GO:0071813,lipoprotein particle binding,1.4908401431279014e-12,True,"""Binding to a lipoprotein particle. A lipoprotein particle, also known as a lipoprotein, is a clathrate complex consisting of a lipid enwrapped in a protein host without covalent binding in such a way that the complex has a hydrophilic outer surface consisting of all the protein and the polar ends of any phospholipids."" [GOC:BHF, GOC:mah]",27,573,14,20208,0.02443280977312391,0.5185185185185185,query_1,['GO:0071814']
GO:BP,GO:2000406,positive regulation of T cell migration,1.4935223891301802e-12,True,"""Any process that activates or increases the frequency, rate or extent of T cell migration."" [GOC:mah]",37,575,16,20972,0.02782608695652174,0.43243243243243246,query_1,"['GO:0072678', 'GO:2000403', 'GO:2000404']"
GO:BP,GO:0050818,regulation of coagulation,1.8710481955328926e-12,True,"""Any process that modulates the frequency, rate or extent of coagulation, the process in which a fluid solution, or part of it, changes into a solid or semisolid mass."" [GOC:ai]",76,575,21,20972,0.036521739130434785,0.27631578947368424,query_1,"['GO:0050817', 'GO:0051239']"
HPA,HPA:0401332,Rectum; mucosal lymphoid cells[≥Medium],2.129820060247876e-12,True,Rectum; mucosal lymphoid cells[≥Medium],399,397,50,11007,0.12594458438287154,0.12531328320802004,query_1,['HPA:0401331']
GO:BP,GO:2001235,positive regulation of apoptotic signaling pathway,2.2303417566482386e-12,True,"""Any process that activates or increases the frequency, rate or extent of apoptotic signaling pathway."" [GOC:mtg_apoptosis]",139,575,27,20972,0.04695652173913043,0.19424460431654678,query_1,"['GO:0009967', 'GO:0043065', 'GO:0097190', 'GO:2001233']"
GO:BP,GO:0048002,antigen processing and presentation of peptide antigen,2.3881577916624037e-12,True,"""The process in which an antigen-presenting cell expresses peptide antigen in association with an MHC protein complex on its cell surface, including proteolysis and transport steps for the peptide antigen both prior to and following assembly with the MHC protein complex. The peptide antigen is typically, but not always, processed from an endogenous or exogenous protein."" [GOC:add, ISBN:0781735149, PMID:15771591]",68,575,20,20972,0.034782608695652174,0.29411764705882354,query_1,['GO:0019882']
GO:BP,GO:0071622,regulation of granulocyte chemotaxis,2.519884955606424e-12,True,"""Any process that modulates the rate, frequency or extent of granulocyte chemotaxis. Granulocyte chemotaxis is the movement of a granulocyte in response to an external stimulus."" [GOC:mah]",52,575,18,20972,0.03130434782608696,0.34615384615384615,query_1,"['GO:0002688', 'GO:0071621']"
KEGG,KEGG:04145,Phagosome,2.6130164289184192e-12,True,Phagosome,149,482,36,8716,0.07468879668049792,0.24161073825503357,query_1,['KEGG:00000']
GO:BP,GO:0016064,immunoglobulin mediated immune response,2.6708001555263646e-12,True,"""An immune response mediated by immunoglobulins, whether cell-bound or in solution."" [GO_REF:0000022, GOC:add, ISBN:0781735149]",203,575,32,20972,0.05565217391304348,0.15763546798029557,query_1,['GO:0019724']
GO:CC,GO:0031012,extracellular matrix,2.7418227011819357e-12,True,"""A structure lying external to one or more cells, which provides structural support, biochemical or biomechanical cues for cells or tissues."" [GOC:BHF, GOC:mah, GOC:rph, PMID:21123617, PMID:28089324, PMID:33605520]",339,579,39,22155,0.06735751295336788,0.11504424778761062,query_1,['GO:0030312']
GO:CC,GO:0030312,external encapsulating structure,3.0227797776228326e-12,True,"""A structure that lies outside the plasma membrane and surrounds the entire cell or cells. This does not include the periplasmic space."" [GOC:go_curators]",340,579,39,22155,0.06735751295336788,0.11470588235294117,query_1,"['GO:0071944', 'GO:0110165']"
REAC,REAC:R-HSA-76005,Response to elevated platelet cytosolic Ca2+,3.1687727020334644e-12,True,Response to elevated platelet cytosolic Ca2+,131,520,32,11056,0.06153846153846154,0.24427480916030533,query_1,['REAC:R-HSA-76002']
GO:CC,GO:0008305,integrin complex,3.2486567617289976e-12,True,"""A protein complex that is composed of one alpha subunit and one beta subunit, both of which are members of the integrin superfamily of cell adhesion receptors; the complex spans the plasma membrane and binds to extracellular matrix ligands, cell-surface ligands, and soluble ligands."" [PMID:17543136]",31,579,14,22155,0.024179620034542316,0.45161290322580644,query_1,"['GO:0098636', 'GO:0098802']"
KEGG,KEGG:05416,Viral myocarditis,3.384203596892016e-12,True,Viral myocarditis,66,482,24,8716,0.04979253112033195,0.36363636363636365,query_1,['KEGG:00000']
GO:BP,GO:0051179,localization,3.453123110568254e-12,True,"""Any process in which a cell, a substance, or a cellular entity, such as a protein complex or organelle, is transported, tethered to or otherwise maintained in a specific location. In the case of substances, localization may also be achieved via selective degradation."" [GOC:ai, GOC:dos]",5493,575,237,20972,0.4121739130434783,0.04314582195521573,query_1,['GO:0008150']
GO:MF,GO:0019199,transmembrane receptor protein kinase activity,3.4994000067490193e-12,True,"""Combining with a signal and transmitting the signal from one side of the membrane to the other to initiate a change in cell activity by catalysis of the reaction: a protein + ATP = a phosphoprotein + ADP."" [GOC:mah]",81,573,21,20208,0.03664921465968586,0.25925925925925924,query_1,"['GO:0004672', 'GO:0004888']"
GO:BP,GO:0048143,astrocyte activation,4.088748550259681e-12,True,"""A change in morphology and behavior of an astrocyte resulting from exposure to a cytokine, chemokine, cellular ligand, or soluble factor."" [GOC:mgi_curators, PMID:10526094, PMID:10695728, PMID:12529254, PMID:12580336, PMID:9585813]",22,575,13,20972,0.022608695652173914,0.5909090909090909,query_1,"['GO:0014002', 'GO:0061900']"
GO:BP,GO:1904646,cellular response to amyloid-beta,4.157640941772175e-12,True,"""Any process that results in a change in state or activity of a cell (in terms of movement, secretion, enzyme production, gene expression, etc.) as a result of a amyloid-beta stimulus."" [GO_REF:0000071, GOC:TermGenie, PMID:23555824]",39,575,16,20972,0.02782608695652174,0.41025641025641024,query_1,"['GO:1901699', 'GO:1901701', 'GO:1904645']"
GO:BP,GO:0007411,axon guidance,4.2111329019786674e-12,True,"""The chemotaxis process that directs the migration of an axon growth cone to a specific target site in response to a combination of attractive and repulsive cues."" [ISBN:0878932437]",234,575,34,20972,0.059130434782608696,0.1452991452991453,query_1,"['GO:0007409', 'GO:0097485']"
GO:BP,GO:0002377,immunoglobulin production,4.53527804230285e-12,True,"""The appearance of immunoglobulin due to biosynthesis or secretion following a cellular stimulus, resulting in an increase in its intracellular or extracellular levels."" [GOC:add, ISBN:0781735149]",109,575,24,20972,0.04173913043478261,0.22018348623853212,query_1,['GO:0002440']
GO:MF,GO:0008201,heparin binding,4.5504122318767655e-12,True,"""Binding to heparin, a member of a group of glycosaminoglycans found mainly as an intracellular component of mast cells and which consist predominantly of alternating alpha-(1->4)-linked D-galactose and N-acetyl-D-glucosamine-6-sulfate residues."" [GOC:jl, ISBN:0198506732]",171,573,29,20208,0.0506108202443281,0.1695906432748538,query_1,"['GO:0005539', 'GO:1901681']"
KEGG,KEGG:04610,Complement and coagulation cascades,5.246599552011092e-12,True,Complement and coagulation cascades,86,482,27,8716,0.056016597510373446,0.313953488372093,query_1,['KEGG:00000']
GO:CC,GO:0031090,organelle membrane,5.247254896518756e-12,True,"""A membrane that is one of the two lipid bilayers of an organelle envelope or the outermost membrane of single membrane bound organelle."" [GOC:dos, GOC:mah]",3868,579,175,22155,0.3022452504317789,0.0452430196483971,query_1,"['GO:0016020', 'GO:0043227']"
GO:BP,GO:0002396,MHC protein complex assembly,6.131049656516528e-12,True,"""The aggregation, arrangement and bonding together of a set of components to form an MHC protein complex."" [GOC:add, ISBN:0781735149, PMID:15771591, PMID:15928678]",18,575,12,20972,0.020869565217391306,0.6666666666666666,query_1,['GO:0065003']
GO:BP,GO:0002501,peptide antigen assembly with MHC protein complex,6.131049656516528e-12,True,"""The binding of a peptide to the antigen binding groove of an MHC protein complex."" [GOC:add, ISBN:0781735149, PMID:15771591]",18,575,12,20972,0.020869565217391306,0.6666666666666666,query_1,"['GO:0002396', 'GO:0048002', 'GO:0065003']"
GO:MF,GO:0032813,tumor necrosis factor receptor superfamily binding,6.166248229774356e-12,True,"""Binding to a member of the tumor necrosis factor receptor superfamily."" [GOC:add]",49,573,17,20208,0.029668411867364748,0.3469387755102041,query_1,['GO:0005126']
GO:CC,GO:0005783,endoplasmic reticulum,6.233845433312968e-12,True,"""The irregular network of unit membranes, visible only by electron microscopy, that occurs in the cytoplasm of many eukaryotic cells. The membranes form a complex meshwork of tubular channels, which are often expanded into slitlike cavities called cisternae. The ER takes two forms, rough (or granular), with ribosomes adhering to the outer surface, and smooth (with no ribosomes attached)."" [ISBN:0198506732]",2119,579,115,22155,0.19861830742659758,0.05427088249174139,query_1,"['GO:0005737', 'GO:0012505', 'GO:0043231']"
GO:CC,GO:0070821,tertiary granule membrane,6.36973842723654e-12,True,"""The lipid bilayer surrounding a tertiary granule."" [GOC:BHF, GOC:mah, GOC:rl, PMID:12070036]",72,579,19,22155,0.03281519861830743,0.2638888888888889,query_1,"['GO:0030667', 'GO:0070820']"
GO:BP,GO:0046633,alpha-beta T cell proliferation,6.7389195390893785e-12,True,"""The expansion of an alpha-beta T cell population by cell division."" [GOC:ai]",47,575,17,20972,0.029565217391304348,0.3617021276595745,query_1,"['GO:0042098', 'GO:0046631']"
GO:BP,GO:0040007,growth,6.7692347428358805e-12,True,"""The increase in size or mass of an entire organism, a part of an organism or a cell."" [GOC:bf, GOC:ma]",920,575,71,20972,0.12347826086956522,0.07717391304347826,query_1,['GO:0008150']
REAC,REAC:R-HSA-114608,Platelet degranulation ,6.873494928845676e-12,True,Platelet degranulation ,126,520,31,11056,0.05961538461538462,0.24603174603174602,query_1,['REAC:R-HSA-76005']
KEGG,KEGG:05150,Staphylococcus aureus infection,7.22263667246684e-12,True,Staphylococcus aureus infection,87,482,27,8716,0.056016597510373446,0.3103448275862069,query_1,['KEGG:00000']
GO:BP,GO:1905523,positive regulation of macrophage migration,7.78603407452815e-12,True,"""Any process that activates or increases the frequency, rate or extent of macrophage migration."" [GO_REF:0000058, GOC:TermGenie, PMID:25749876]",28,575,14,20972,0.02434782608695652,0.5,query_1,"['GO:0071677', 'GO:1905517', 'GO:1905521']"
GO:BP,GO:0036230,granulocyte activation,7.88215625428194e-12,True,"""The change in morphology and behavior of a granulocyte resulting from exposure to a cytokine, chemokine, cellular ligand, or soluble factor."" [CL:0000094, GOC:nhn]",55,575,18,20972,0.03130434782608696,0.32727272727272727,query_1,['GO:0002274']
GO:BP,GO:0045589,regulation of regulatory T cell differentiation,8.485906800115295e-12,True,"""Any process that modulates the frequency, rate or extent of differentiation of regulatory T cells."" [ISBN:0781735149]",34,575,15,20972,0.02608695652173913,0.4411764705882353,query_1,"['GO:0045066', 'GO:0045580']"
GO:BP,GO:0071356,cellular response to tumor necrosis factor,9.141995790355863e-12,True,"""Any process that results in a change in state or activity of a cell (in terms of movement, secretion, enzyme production, gene expression, etc.) as a result of a tumor necrosis factor stimulus."" [GOC:mah]",198,575,31,20972,0.05391304347826087,0.15656565656565657,query_1,"['GO:0034612', 'GO:0071345']"
GO:BP,GO:0009725,response to hormone,9.167050269473519e-12,True,"""Any process that results in a change in state or activity of a cell or an organism (in terms of movement, secretion, enzyme production, gene expression, etc.) as a result of a hormone stimulus."" [GOC:jl]",904,575,70,20972,0.12173913043478261,0.07743362831858407,query_1,"['GO:0009719', 'GO:0042221']"
GO:BP,GO:0050767,regulation of neurogenesis,1.0995941301358659e-11,True,"""Any process that modulates the frequency, rate or extent of neurogenesis, the generation of cells in the nervous system."" [GOC:ai]",350,575,41,20972,0.07130434782608695,0.11714285714285715,query_1,"['GO:0022008', 'GO:0051960', 'GO:0060284']"
GO:BP,GO:0050679,positive regulation of epithelial cell proliferation,1.217656494033455e-11,True,"""Any process that activates or increases the rate or extent of epithelial cell proliferation."" [GOC:ai]",200,575,31,20972,0.05391304347826087,0.155,query_1,"['GO:0008284', 'GO:0050673', 'GO:0050678']"
GO:BP,GO:0060485,mesenchyme development,1.2648787931358712e-11,True,"""The process whose specific outcome is the progression of a mesenchymal tissue over time, from its formation to the mature structure. A mesenchymal tissue is made up of loosely packed stellate cells."" [GOC:dph]",319,575,39,20972,0.06782608695652174,0.12225705329153605,query_1,"['GO:0009888', 'GO:0048513']"
KEGG,KEGG:04064,NF-kappa B signaling pathway,1.3976343340619942e-11,True,NF-kappa B signaling pathway,103,482,29,8716,0.06016597510373444,0.2815533980582524,query_1,['KEGG:00000']
GO:BP,GO:0036005,response to macrophage colony-stimulating factor,1.422704018041953e-11,True,"""Any process that results in a change in state or activity of a cell or an organism (in terms of movement, secretion, enzyme production, gene expression, etc.) as a result of a macrophage colony-stimulating factor stimulus."" [GOC:yaf, PMID:14687666]",65,575,19,20972,0.03304347826086956,0.2923076923076923,query_1,['GO:0034097']
GO:BP,GO:1904645,response to amyloid-beta,1.5185119381065663e-11,True,"""Any process that results in a change in state or activity of a cell or an organism (in terms of movement, secretion, enzyme production, gene expression, etc.) as a result of a amyloid-beta stimulus."" [GO_REF:0000071, GOC:TermGenie, PMID:23555824]",49,575,17,20972,0.029565217391304348,0.3469387755102041,query_1,"['GO:1901698', 'GO:1901700']"
GO:CC,GO:0098576,lumenal side of membrane,1.593832293236489e-11,True,"""Any side (leaflet) of a membrane that faces the lumen of an organelle."" [GOC:dos]",41,579,15,22155,0.025906735751295335,0.36585365853658536,query_1,['GO:0098552']
GO:BP,GO:0002639,positive regulation of immunoglobulin production,1.6133593376508736e-11,True,"""Any process that activates or increases the frequency, rate, or extent of immunoglobulin production."" [GOC:add]",57,575,18,20972,0.03130434782608696,0.3157894736842105,query_1,"['GO:0002377', 'GO:0002637', 'GO:0002702']"
GO:BP,GO:0048872,homeostasis of number of cells,1.6972783320024425e-11,True,"""Any biological process involved in the maintenance of the steady-state number of cells within a population of cells."" [GOC:isa_complete]",338,575,40,20972,0.06956521739130435,0.11834319526627218,query_1,['GO:0048871']
GO:BP,GO:0002714,positive regulation of B cell mediated immunity,1.701085175389546e-11,True,"""Any process that activates or increases the frequency, rate, or extent of B cell mediated immunity."" [GOC:add]",42,575,16,20972,0.02782608695652174,0.38095238095238093,query_1,"['GO:0002708', 'GO:0002712', 'GO:0002824', 'GO:0019724']"
GO:BP,GO:0002891,positive regulation of immunoglobulin mediated immune response,1.701085175389546e-11,True,"""Any process that activates or increases the frequency, rate, or extent of an immunoglobulin mediated immune response."" [GOC:add]",42,575,16,20972,0.02782608695652174,0.38095238095238093,query_1,"['GO:0002714', 'GO:0002889', 'GO:0016064']"
GO:BP,GO:1903035,negative regulation of response to wounding,1.740237695801832e-11,True,"""Any process that stops, prevents or reduces the frequency, rate or extent of response to wounding."" [GO_REF:0000058, GOC:kmv, GOC:TermGenie, PMID:19164535]",94,575,22,20972,0.03826086956521739,0.23404255319148937,query_1,"['GO:0009611', 'GO:0048585', 'GO:1903034']"
REAC,REAC:R-HSA-372790,Signaling by GPCR,1.761579653191194e-11,True,Signaling by GPCR,695,520,80,11056,0.15384615384615385,0.11510791366906475,query_1,['REAC:R-HSA-162582']
GO:BP,GO:0006468,protein phosphorylation,1.832513427124853e-11,True,"""The process of introducing a phosphate group on to a protein."" [GOC:hb]",982,575,73,20972,0.12695652173913044,0.07433808553971487,query_1,"['GO:0016310', 'GO:0036211']"
GO:MF,GO:0030169,low-density lipoprotein particle binding,1.8704881385934312e-11,True,"""Binding to a low-density lipoprotein particle, a lipoprotein particle that is rich in cholesterol esters and low in triglycerides, is typically composed of APOB100 and APOE, and has a density of 1.02-1.06 g/ml and a diameter of between 20-25 nm."" [GOC:mah]",16,573,11,20208,0.019197207678883072,0.6875,query_1,['GO:0071813']
GO:BP,GO:0021782,glial cell development,1.8885872516678692e-11,True,"""The process aimed at the progression of a glial cell over time, from initial commitment of the cell to a specific fate, to the fully functional differentiated cell."" [GO_REF:0000021, GOC:cls, GOC:dgh, GOC:dph, GOC:jid]",127,575,25,20972,0.043478260869565216,0.1968503937007874,query_1,"['GO:0010001', 'GO:0048468']"
GO:BP,GO:0002820,negative regulation of adaptive immune response,1.9475301303929094e-11,True,"""Any process that stops, prevents, or reduces the frequency, rate, or extent of an adaptive immune response."" [GOC:add]",66,575,19,20972,0.03304347826086956,0.2878787878787879,query_1,"['GO:0002250', 'GO:0002819', 'GO:0050777']"
GO:BP,GO:0002716,negative regulation of natural killer cell mediated immunity,1.950988203569506e-11,True,"""Any process that stops, prevents, or reduces the frequency, rate, or extent of natural killer cell mediated immunity."" [GOC:add]",24,575,13,20972,0.022608695652173914,0.5416666666666666,query_1,"['GO:0002228', 'GO:0002707', 'GO:0002715', 'GO:0045824']"
GO:BP,GO:0048732,gland development,2.1136797663756255e-11,True,"""The process whose specific outcome is the progression of a gland over time, from its formation to the mature structure. A gland is an organ specialised for secretion."" [GOC:jid]",425,575,45,20972,0.0782608695652174,0.10588235294117647,query_1,['GO:0048513']
KEGG,KEGG:05166,Human T-cell leukemia virus 1 infection,2.2032040554425494e-11,True,Human T-cell leukemia virus 1 infection,220,482,43,8716,0.08921161825726141,0.19545454545454546,query_1,['KEGG:00000']
GO:CC,GO:0031093,platelet alpha granule lumen,2.2062046312774142e-11,True,"""The volume enclosed by the membrane of the platelet alpha granule."" [GOC:mah, PMID:8467233]",67,579,18,22155,0.031088082901554404,0.26865671641791045,query_1,"['GO:0031091', 'GO:0034774']"
GO:BP,GO:0042088,T-helper 1 type immune response,2.2429837124959445e-11,True,"""An immune response which is associated with resistance to intracellular bacteria, fungi, and protozoa, and pathological conditions such as arthritis, and which is typically orchestrated by the production of particular cytokines by T-helper 1 cells, most notably interferon-gamma, IL-2, and lymphotoxin."" [GOC:add, ISBN:0781735149]",50,575,17,20972,0.029565217391304348,0.34,query_1,['GO:0002460']
GO:BP,GO:0071402,cellular response to lipoprotein particle stimulus,2.4199621864878915e-11,True,"""Any process that results in a change in state or activity of a cell (in terms of movement, secretion, enzyme production, gene expression, etc.) as a result of a lipoprotein particle stimulus."" [GOC:mah]",36,575,15,20972,0.02608695652173913,0.4166666666666667,query_1,['GO:0051716']
GO:BP,GO:0071887,leukocyte apoptotic process,2.4748938413606752e-11,True,"""Any apoptotic process in a leukocyte, an achromatic cell of the myeloid or lymphoid lineages capable of ameboid movement, found in blood or other tissue."" [CL:0000738, GOC:BHF, GOC:mah, GOC:mtg_apoptosis]",117,575,24,20972,0.04173913043478261,0.20512820512820512,query_1,['GO:0006915']
GO:BP,GO:0055094,response to lipoprotein particle,2.6833151900958137e-11,True,"""Any process that results in a change in state or activity of a cell or an organism (in terms of movement, secretion, enzyme production, gene expression, etc.) as a result of a lipoprotein particle stimulus."" [GOC:BHF, GOC:rl]",30,575,14,20972,0.02434782608695652,0.4666666666666667,query_1,"['GO:0009719', 'GO:0042221']"
GO:MF,GO:0001637,G protein-coupled chemoattractant receptor activity,2.791075328957346e-11,True,"""Combining with a chemoattractant and transmitting the signal across the membrane by activating an associated G-protein; promotes the exchange of GDP for GTP on the alpha subunit of a heterotrimeric G-protein complex."" [GOC:bf, GOC:mah]",26,573,13,20208,0.02268760907504363,0.5,query_1,['GO:0004930']
GO:MF,GO:0004950,chemokine receptor activity,2.791075328957346e-11,True,"""Combining with a chemokine, and transmitting the signal from one side of the membrane to the other to initiate a change in cell activity. Chemokines are a family of small chemotactic cytokines; their name is derived from their ability to induce directed chemotaxis in nearby responsive cells. All chemokines possess a number of conserved cysteine residues involved in intramolecular disulfide bond formation. Some chemokines are considered pro-inflammatory and can be induced during an immune response to recruit cells of the immune system to a site of infection, while others are considered homeostatic and are involved in controlling the migration of cells during normal processes of tissue maintenance or development. Chemokines are found in all vertebrates, some viruses and some bacteria."" [GOC:BHF, GOC:rl, GOC:signaling, IUPHAR_GPCR:1280, PMID:12183377, PMID:8662823, Wikipedia:Chemokine]",26,573,13,20208,0.02268760907504363,0.5,query_1,"['GO:0001637', 'GO:0004896']"
GO:BP,GO:0043405,regulation of MAP kinase activity,2.7915715115158883e-11,True,"""Any process that modulates the frequency, rate or extent of MAP kinase activity."" [GOC:dph, GOC:go_curators]",96,575,22,20972,0.03826086956521739,0.22916666666666666,query_1,['GO:0071900']
REAC,REAC:R-HSA-5668541,TNFR2 non-canonical NF-kB pathway,3.125694315493336e-11,True,TNFR2 non-canonical NF-kB pathway,100,520,27,11056,0.051923076923076926,0.27,query_1,['REAC:R-HSA-1280215']
GO:BP,GO:0051047,positive regulation of secretion,3.2289073471542005e-11,True,"""Any process that activates or increases the frequency, rate or extent of the controlled release of a substance from a cell or a tissue."" [GOC:ai]",312,575,38,20972,0.06608695652173913,0.12179487179487179,query_1,"['GO:0046903', 'GO:0051046', 'GO:0051050']"
WP,WP:WP5039,SARS CoV 2 innate immunity evasion and cell specific immune response,3.234379505886088e-11,True,SARS CoV 2 innate immunity evasion and cell specific immune response,66,475,23,8899,0.04842105263157895,0.3484848484848485,query_1,['WP:000000']
GO:BP,GO:0030193,regulation of blood coagulation,3.5849128434223433e-11,True,"""Any process that modulates the frequency, rate or extent of blood coagulation."" [GOC:mah]",68,575,19,20972,0.03304347826086956,0.27941176470588236,query_1,"['GO:0007596', 'GO:0032101', 'GO:0050818', 'GO:0061041', 'GO:1900046']"
GO:BP,GO:0045860,positive regulation of protein kinase activity,3.598599461532623e-11,True,"""Any process that activates or increases the frequency, rate or extent of protein kinase activity."" [GOC:go_curators]",194,575,30,20972,0.05217391304347826,0.15463917525773196,query_1,"['GO:0001934', 'GO:0033674', 'GO:0045859']"
GO:BP,GO:0050808,synapse organization,3.868456975831788e-11,True,"""A process that is carried out at the cellular level which results in the assembly, arrangement of constituent parts, or disassembly of a synapse, the junction between a neuron and a target (neuron, muscle, or secretory cell)."" [GOC:ai, GOC:pr]",561,575,52,20972,0.09043478260869565,0.09269162210338681,query_1,['GO:0034330']
GO:MF,GO:0042287,MHC protein binding,3.872872963918417e-11,True,"""Binding to a major histocompatibility complex molecule; a set of molecules displayed on cell surfaces that are responsible for lymphocyte recognition and antigen presentation."" [GOC:jl]",39,573,15,20208,0.02617801047120419,0.38461538461538464,query_1,['GO:0005102']
GO:CC,GO:0002116,semaphorin receptor complex,3.89528850790519e-11,True,"""A stable binary complex of a semaphorin and a plexin, together forming a functional semaphorin receptor."" [GOC:hjd, PMID:10934324, PMID:12367632, PMID:12613544]",14,579,10,22155,0.017271157167530225,0.7142857142857143,query_1,['GO:0043235']
GO:BP,GO:0031401,positive regulation of protein modification process,3.9032565182917926e-11,True,"""Any process that activates or increases the frequency, rate or extent of the covalent alteration of one or more amino acid residues within a protein."" [GOC:mah, GOC:tb]",450,575,46,20972,0.08,0.10222222222222223,query_1,"['GO:0031399', 'GO:0036211', 'GO:0051247']"
GO:BP,GO:0002407,dendritic cell chemotaxis,3.9634541324684444e-11,True,"""The movement of a dendritic cell in response to an external stimulus."" [CL:0000451, GOC:add, ISBN:0781735149, PMID:15814331, PMID:16056255]",25,575,13,20972,0.022608695652173914,0.52,query_1,"['GO:0030595', 'GO:0036336']"
GO:BP,GO:0046640,regulation of alpha-beta T cell proliferation,4.046397968050265e-11,True,"""Any process that modulates the frequency, rate or extent of alpha-beta T cell proliferation."" [GOC:ai]",44,575,16,20972,0.02782608695652174,0.36363636363636365,query_1,"['GO:0042129', 'GO:0046633', 'GO:0046634']"
WP,WP:WP5434,Cancer pathways,4.3454460833471514e-11,True,Cancer pathways,505,475,69,8899,0.14526315789473684,0.13663366336633664,query_1,['WP:000000']
GO:BP,GO:0043406,positive regulation of MAP kinase activity,4.4553226169000985e-11,True,"""Any process that activates or increases the frequency, rate or extent of MAP kinase activity."" [GOC:dph, GOC:go_curators]",60,575,18,20972,0.03130434782608696,0.3,query_1,"['GO:0043405', 'GO:0043410', 'GO:0071902']"
GO:MF,GO:0003823,antigen binding,4.490556193269978e-11,True,"""Binding to an antigen, any substance which is capable of inducing a specific immune response and of reacting with the products of that response, the specific antibody or specifically sensitized T-lymphocytes, or both. Binding may counteract the biological activity of the antigen. Antigen binding by an MHC protein complex allows the antigen to be displayed to a T cell or NK cell."" [GOC:jl, ISBN:0198506732, ISBN:0721662544]",173,573,28,20208,0.04886561954624782,0.16184971098265896,query_1,['GO:0005488']
GO:BP,GO:0007189,adenylate cyclase-activating G protein-coupled receptor signaling pathway,5.1732366707590026e-11,True,"""A G protein-coupled receptor signaling pathway in which the signal is transmitted via the activation of adenylyl cyclase activity which results in an increase in the intracellular concentration of cyclic AMP (cAMP). This pathway is negatively regulated by phosphodiesterase, which cleaves cAMP and terminates the signaling."" [GOC:dph, GOC:mah, GOC:signaling, GOC:tb, ISBN:0815316194]",183,575,29,20972,0.050434782608695654,0.15846994535519127,query_1,['GO:0007188']
REAC,REAC:R-HSA-416700,Other semaphorin interactions,5.4775669155952857e-11,True,Other semaphorin interactions,19,520,13,11056,0.025,0.6842105263157895,query_1,['REAC:R-HSA-373755']
GO:BP,GO:0050919,negative chemotaxis,6.121467794822828e-11,True,"""The directed movement of a motile cell or organism towards a lower concentration of a chemical."" [GOC:ai, GOC:bf, GOC:isa_complete]",45,575,16,20972,0.02782608695652174,0.35555555555555557,query_1,['GO:0006935']
GO:BP,GO:0002823,negative regulation of adaptive immune response based on somatic recombination of immune receptors built from immunoglobulin superfamily domains,6.161379382028154e-11,True,"""Any process that stops, prevents, or reduces the frequency, rate, or extent of an adaptive immune response based on somatic recombination of immune receptors built from immunoglobulin superfamily domains. An example of this process is found in the Gnathostomata."" [GOC:add, GOC:mtg_sensu]",61,575,18,20972,0.03130434782608696,0.29508196721311475,query_1,"['GO:0002460', 'GO:0002820', 'GO:0002822']"
GO:BP,GO:0032720,negative regulation of tumor necrosis factor production,6.161379382028154e-11,True,"""Any process that stops, prevents, or reduces the frequency, rate, or extent of tumor necrosis factor production."" [GOC:mah, PMID:10891884, PMID:15560120]",61,575,18,20972,0.03130434782608696,0.29508196721311475,query_1,"['GO:0032640', 'GO:0032680', 'GO:1903556']"
GO:BP,GO:0097242,amyloid-beta clearance,6.391977180717742e-11,True,"""The process in which amyloid-beta is removed from extracellular brain regions by mechanisms involving cell surface receptors."" [GOC:aruk, GOC:bc, GOC:BHF, PMID:18289866, PMID:19098903, PMID:26005850]",38,575,15,20972,0.02608695652173913,0.39473684210526316,query_1,['GO:0032501']
GO:BP,GO:0045066,regulatory T cell differentiation,6.391977180717742e-11,True,"""The process in which a relatively unspecialized T cell acquires specialized features of a regulatory T cell. Regulatory T cells control or suppress immune responses through a variety of mechanisms and subsets include the CD4+CD25+ cell type as well as certain CD8+ cell types."" [ISBN:0781735149]",38,575,15,20972,0.02608695652173913,0.39473684210526316,query_1,['GO:0030217']
GO:BP,GO:1900046,regulation of hemostasis,6.452600962665367e-11,True,"""Any process that modulates the frequency, rate or extent of hemostasis."" [GOC:TermGenie]",70,575,19,20972,0.03304347826086956,0.2714285714285714,query_1,"['GO:0007599', 'GO:0050789', 'GO:0050878']"
GO:BP,GO:0003158,endothelium development,6.955321709100722e-11,True,"""The process whose specific outcome is the progression of an endothelium over time, from its formation to the mature structure. Endothelium refers to the layer of cells lining blood vessels, lymphatics, the heart, and serous cavities, and is derived from bone marrow or mesoderm. Corneal endothelium is a special case, derived from neural crest cells."" [GOC:mtg_heart]",134,575,25,20972,0.043478260869565216,0.1865671641791045,query_1,['GO:0060429']
GO:BP,GO:0051051,negative regulation of transport,7.09980980126929e-11,True,"""Any process that stops, prevents, or reduces the frequency, rate or extent of the directed movement of substances (such as macromolecules, small molecules, ions) into, out of or within a cell, or between cells, by means of some agent such as a transporter or pore."" [GOC:ai]",404,575,43,20972,0.07478260869565218,0.10643564356435643,query_1,"['GO:0006810', 'GO:0048519', 'GO:0051049']"
KEGG,KEGG:05146,Amoebiasis,7.509109264580783e-11,True,Amoebiasis,102,482,28,8716,0.058091286307053944,0.27450980392156865,query_1,['KEGG:00000']
WP,WP:WP5055,Burn wound healing,8.166138397943459e-11,True,Burn wound healing,75,475,24,8899,0.05052631578947368,0.32,query_1,['WP:000000']
GO:BP,GO:0009612,response to mechanical stimulus,8.21016989345235e-11,True,"""Any process that results in a change in state or activity of a cell or an organism (in terms of movement, secretion, enzyme production, gene expression, etc.) as a result of a mechanical stimulus."" [GOC:hb]",214,575,31,20972,0.05391304347826087,0.14485981308411214,query_1,"['GO:0009605', 'GO:0009628']"
GO:BP,GO:0031342,negative regulation of cell killing,8.270136043667887e-11,True,"""Any process that stops, prevents, or reduces the frequency, rate or extent of cell killing."" [GOC:mah]",32,575,14,20972,0.02434782608695652,0.4375,query_1,"['GO:0001906', 'GO:0031341', 'GO:0048523']"
GO:BP,GO:0036336,dendritic cell migration,8.270136043667887e-11,True,"""The movement of a dendritic cell within or between different tissues and organs of the body."" [CL:0000451, GOC:nhn, PMID:19339990]",32,575,14,20972,0.02434782608695652,0.4375,query_1,['GO:0071674']
GO:BP,GO:0016049,cell growth,8.596751185816295e-11,True,"""The process in which a cell irreversibly increases in size over time by accretion and biosynthetic production of matter similar to that already present."" [GOC:ai]",478,575,47,20972,0.0817391304347826,0.09832635983263599,query_1,"['GO:0009987', 'GO:0040007']"
GO:BP,GO:0045446,endothelial cell differentiation,8.70557951033146e-11,True,"""The process in which a mesodermal, bone marrow or neural crest cell acquires specialized features of an endothelial cell, a thin flattened cell. A layer of such cells lines the inside surfaces of body cavities, blood vessels, and lymph vessels, making up the endothelium."" [CL:0000115, GOC:go_curators]",112,575,23,20972,0.04,0.20535714285714285,query_1,"['GO:0003158', 'GO:0030855']"
REAC,REAC:R-HSA-5676594,TNF receptor superfamily (TNFSF) members mediating non-canonical NF-kB pathway,8.721151491041705e-11,True,TNF receptor superfamily (TNFSF) members mediating non-canonical NF-kB pathway,16,520,12,11056,0.023076923076923078,0.75,query_1,['REAC:R-HSA-5668541']
GO:BP,GO:1903532,positive regulation of secretion by cell,9.050872680671901e-11,True,"""Any process that activates or increases the frequency, rate or extent of secretion by cell."" [GO_REF:0000058, GOC:pm, GOC:TermGenie, PMID:12130530]",290,575,36,20972,0.06260869565217392,0.12413793103448276,query_1,"['GO:0032940', 'GO:0048522', 'GO:0051047', 'GO:1903530']"
GO:BP,GO:0002573,myeloid leukocyte differentiation,9.11569453381991e-11,True,"""The process in which a relatively unspecialized myeloid precursor cell acquires the specialized features of any cell of the myeloid leukocyte lineage."" [GOC:add, PMID:16551251]",244,575,33,20972,0.057391304347826085,0.13524590163934427,query_1,"['GO:0002521', 'GO:0030099']"
GO:MF,GO:0042605,peptide antigen binding,9.272568984115757e-11,True,"""Binding to an antigen peptide."" [GOC:add, GOC:jl, GOC:rv]",41,573,15,20208,0.02617801047120419,0.36585365853658536,query_1,"['GO:0003823', 'GO:0042277']"
GO:CC,GO:0098553,lumenal side of endoplasmic reticulum membrane,9.664407092164311e-11,True,"""The side (leaflet) of the plasma membrane that faces the lumen."" [GOC:ab, GOC:dos]",31,579,13,22155,0.022452504317789293,0.41935483870967744,query_1,"['GO:0005789', 'GO:0098576']"
WP,WP:WP5095,Overview of proinflammatory and profibrotic mediators,1.0497557347175624e-10,True,Overview of proinflammatory and profibrotic mediators,127,475,31,8899,0.06526315789473684,0.2440944881889764,query_1,['WP:000000']
GO:BP,GO:0009628,response to abiotic stimulus,1.1039329298772301e-10,True,"""Any process that results in a change in state or activity of a cell or an organism (in terms of movement, secretion, enzyme production, gene expression, etc.) as a result of an abiotic (not derived from living organisms) stimulus."" [GOC:hb]",1108,575,77,20972,0.13391304347826086,0.06949458483754513,query_1,['GO:0050896']
GO:BP,GO:0050766,positive regulation of phagocytosis,1.1373573862869509e-10,True,"""Any process that activates or increases the frequency, rate or extent of phagocytosis."" [GOC:ai]",72,575,19,20972,0.03304347826086956,0.2638888888888889,query_1,"['GO:0006909', 'GO:0045807', 'GO:0050764']"
KEGG,KEGG:05152,Tuberculosis,1.1503641041149076e-10,True,Tuberculosis,176,482,37,8716,0.07676348547717843,0.21022727272727273,query_1,['KEGG:00000']
GO:BP,GO:1901224,positive regulation of non-canonical NF-kappaB signal transduction,1.1551037564512673e-10,True,"""Any process that activates or increases the frequency, rate or extent of the non-canonical NF-kappaB cascade."" [GOC:TermGenie]",63,575,18,20972,0.03130434782608696,0.2857142857142857,query_1,"['GO:0038061', 'GO:1901222', 'GO:1902533']"
GO:BP,GO:1903556,negative regulation of tumor necrosis factor superfamily cytokine production,1.1551037564512673e-10,True,"""Any process that stops, prevents or reduces the frequency, rate or extent of tumor necrosis factor superfamily cytokine production."" [GO_REF:0000058, GOC:TermGenie, PMID:24187568]",63,575,18,20972,0.03130434782608696,0.2857142857142857,query_1,"['GO:0001818', 'GO:0071706', 'GO:1903555']"
GO:BP,GO:2000514,"regulation of CD4-positive, alpha-beta T cell activation",1.26309527223668e-10,True,"""Any process that modulates the frequency, rate or extent of CD4-positive, alpha-beta T cell activation."" [GOC:obol]",82,575,20,20972,0.034782608695652174,0.24390243902439024,query_1,"['GO:0035710', 'GO:0046634']"
GO:BP,GO:0000902,cell morphogenesis,1.2877762084443872e-10,True,"""The developmental process in which the size or shape of a cell is generated and organized."" [GOC:clt, GOC:dph, GOC:go_curators, GOC:tb]",998,575,72,20972,0.12521739130434784,0.07214428857715431,query_1,['GO:0009653']
GO:BP,GO:0097696,cell surface receptor signaling pathway via STAT,1.3156427147636357e-10,True,"""An intracellular signal transduction process in which STAT proteins (Signal Transducers and Activators of Transcription) convey a signal to trigger a change in the activity or state of a cell. The STAT cascade begins with receptor activation followed by activation of STAT proteins by kinases. It proceeds through STA dimerization and subsequent nuclear translocation of STAT proteins, and ends with regulation of target gene expression by STAT proteins."" [GOC:rjd, PMID:21534947, PMID:24587195]",150,575,26,20972,0.04521739130434783,0.17333333333333334,query_1,['GO:0007166']
GO:MF,GO:0016493,C-C chemokine receptor activity,1.377824610109262e-10,True,"""Combining with a C-C chemokine and transmitting the signal from one side of the membrane to the other to initiate a change in cell activity. C-C chemokines do not have an amino acid between the first two cysteines of the characteristic four-cysteine motif."" [GOC:signaling, PMID:8662823]",23,573,12,20208,0.020942408376963352,0.5217391304347826,query_1,['GO:0004950']
GO:BP,GO:0002503,peptide antigen assembly with MHC class II protein complex,1.405512365631034e-10,True,"""The binding of a peptide to the antigen binding groove of an MHC class II protein complex."" [GOC:add, ISBN:0781735149, PMID:15771591]",13,575,10,20972,0.017391304347826087,0.7692307692307693,query_1,"['GO:0002399', 'GO:0002495', 'GO:0002501']"
GO:BP,GO:0002399,MHC class II protein complex assembly,1.405512365631034e-10,True,"""The aggregation, arrangement and bonding together of a set of components to form an MHC class II protein complex."" [GOC:add, ISBN:0781735149, PMID:15771591]",13,575,10,20972,0.017391304347826087,0.7692307692307693,query_1,['GO:0002396']
GO:BP,GO:0051043,regulation of membrane protein ectodomain proteolysis,1.4536620710466073e-10,True,"""Any process that modulates the frequency, rate or extent of the proteolytic cleavage of transmembrane proteins and release of their ectodomain (extracellular domain)."" [GOC:ai]",27,575,13,20972,0.022608695652173914,0.48148148148148145,query_1,"['GO:0006509', 'GO:0030162', 'GO:0042176']"
GO:BP,GO:0046635,positive regulation of alpha-beta T cell activation,1.4988279545014406e-10,True,"""Any process that activates or increases the frequency, rate or extent of alpha-beta T cell activation."" [GOC:ai]",73,575,19,20972,0.03304347826086956,0.2602739726027397,query_1,"['GO:0046631', 'GO:0046634', 'GO:0050870']"
WP,WP:WP558,Complement and coagulation cascades,1.6054550389816362e-10,True,Complement and coagulation cascades,58,475,21,8899,0.04421052631578947,0.3620689655172414,query_1,['WP:000000']
GO:BP,GO:0010001,glial cell differentiation,1.6433443610009657e-10,True,"""The process in which a relatively unspecialized cell acquires the specialized features of a glial cell."" [GOC:go_curators, GOC:mtg_sensu]",249,575,33,20972,0.057391304347826085,0.13253012048192772,query_1,"['GO:0030154', 'GO:0042063']"
GO:BP,GO:0048771,tissue remodeling,1.7687655248665955e-10,True,"""The reorganization or renovation of existing tissues. This process can either change the characteristics of a tissue such as in blood vessel remodeling, or result in the dynamic equilibrium of a tissue such as in bone remodeling."" [GOC:ebc]",178,575,28,20972,0.04869565217391304,0.15730337078651685,query_1,['GO:0032501']
GO:BP,GO:0019222,regulation of metabolic process,1.793477924831161e-10,True,"""Any process that modulates the frequency, rate or extent of the chemical reactions and pathways within a cell or an organism."" [GOC:go_curators]",6900,575,274,20972,0.4765217391304348,0.03971014492753623,query_1,"['GO:0008152', 'GO:0050794']"
WP,WP:WP5090,Complement system in neuronal development and plasticity,1.8049494735784873e-10,True,Complement system in neuronal development and plasticity,106,475,28,8899,0.05894736842105263,0.2641509433962264,query_1,['WP:000000']
GO:BP,GO:0030162,regulation of proteolysis,2.1494004999578533e-10,True,"""Any process that modulates the frequency, rate or extent of the hydrolysis of a peptide bond or bonds within a protein."" [GOC:mah]",166,575,27,20972,0.04695652173913043,0.16265060240963855,query_1,"['GO:0006508', 'GO:0051246']"
HPA,HPA:0401331,Rectum; mucosal lymphoid cells[≥Low],2.18382976539305e-10,True,Rectum; mucosal lymphoid cells[≥Low],544,397,56,11007,0.14105793450881612,0.10294117647058823,query_1,['HPA:0400000']
GO:CC,GO:0001772,immunological synapse,2.3200394152907996e-10,True,"""An area of close contact between a lymphocyte (T-, B-, or natural killer cell) and a target cell formed through the clustering of particular signaling and adhesion molecules and their associated membrane rafts on both the lymphocyte and the target cell and facilitating activation of the lymphocyte, transfer of membrane from the target cell to the lymphocyte, and in some situations killing of the target cell through release of secretory granules and/or death-pathway ligand-receptor interaction."" [GOC:mgi_curators, PMID:11244041, PMID:11376300]",48,579,15,22155,0.025906735751295335,0.3125,query_1,"['GO:0005886', 'GO:0110165']"
GO:BP,GO:0031175,neuron projection development,2.3298067526300524e-10,True,"""The process whose specific outcome is the progression of a neuron projection over time, from its formation to the mature structure. A neuron projection is any process extending from a neural cell, such as axons or dendrites (collectively called neurites)."" [GOC:mah]",1010,575,72,20972,0.12521739130434784,0.07128712871287128,query_1,"['GO:0048666', 'GO:0120036']"
WP,WP:WP3896,Dengue 2 interactions with complement and coagulation cascades,2.3710404700901415e-10,True,Dengue 2 interactions with complement and coagulation cascades,59,475,21,8899,0.04421052631578947,0.3559322033898305,query_1,['WP:000000']
GO:BP,GO:0032689,negative regulation of type II interferon production,2.4289135943243637e-10,True,"""Any process that stops, prevents, or reduces the frequency, rate, or extent of interferon-gamma production. Interferon-gamma is also known as type II interferon."" [GOC:add, GOC:mah, PMID:15546383]",41,575,15,20972,0.02608695652173913,0.36585365853658536,query_1,"['GO:0001818', 'GO:0032609', 'GO:0032649']"
GO:BP,GO:0007417,central nervous system development,2.618840234695982e-10,True,"""The process whose specific outcome is the progression of the central nervous system over time, from its formation to the mature structure. The central nervous system is the core nervous system that serves an integrating and coordinating function. In vertebrates it consists of the brain and spinal cord. In those invertebrates with a central nervous system it typically consists of a brain, cerebral ganglia and a nerve cord."" [GOC:bf, GOC:jid, ISBN:0582227089]",1035,575,73,20972,0.12695652173913044,0.07053140096618357,query_1,"['GO:0007399', 'GO:0048731']"
GO:BP,GO:0002726,positive regulation of T cell cytokine production,2.6460235706410953e-10,True,"""Any process that activates or increases the frequency, rate, or extent of T cell cytokine production."" [GOC:add]",28,575,13,20972,0.022608695652173914,0.4642857142857143,query_1,"['GO:0002369', 'GO:0002711', 'GO:0002720', 'GO:0002724']"
GO:MF,GO:0019957,C-C chemokine binding,2.6850797586467264e-10,True,"""Binding to a C-C chemokine; C-C chemokines do not have an amino acid between the first two cysteines of the characteristic four-cysteine motif."" [GOC:ai]",24,573,12,20208,0.020942408376963352,0.5,query_1,['GO:0019956']
GO:BP,GO:0042742,defense response to bacterium,2.882872958238699e-10,True,"""Reactions triggered in response to the presence of a bacterium that act to protect the cell or organism."" [GOC:jl]",334,575,38,20972,0.06608695652173913,0.11377245508982035,query_1,"['GO:0006952', 'GO:0009617']"
GO:BP,GO:0040008,regulation of growth,2.889438865256209e-10,True,"""Any process that modulates the frequency, rate or extent of the growth of all or part of an organism so that it occurs at its proper speed, either globally or in a specific part of the organism's development."" [GOC:ems, GOC:mah]",590,575,52,20972,0.09043478260869565,0.08813559322033898,query_1,"['GO:0040007', 'GO:0050789']"
GO:BP,GO:0010595,positive regulation of endothelial cell migration,3.060623744080717e-10,True,"""Any process that increases the rate, frequency, or extent of the orderly movement of an endothelial cell into the extracellular matrix to form an endothelium."" [GOC:BHF, GOC:dph, GOC:tb]",107,575,22,20972,0.03826086956521739,0.205607476635514,query_1,"['GO:0010594', 'GO:0030335', 'GO:0043542']"
GO:BP,GO:0048008,platelet-derived growth factor receptor signaling pathway,3.060623744080717e-10,True,"""The series of molecular signals initiated by a ligand binding to a platelet-derived growth factor receptor on the surface of a target cell, and ending with the regulation of a downstream cellular process, e.g. transcription."" [GOC:ceb]",107,575,22,20972,0.03826086956521739,0.205607476635514,query_1,['GO:0007169']
GO:BP,GO:0007188,adenylate cyclase-modulating G protein-coupled receptor signaling pathway,3.0952319918883853e-10,True,"""A G protein-coupled receptor signaling pathway in which the signal is transmitted via the activation or inhibition of adenylyl cyclase activity and a subsequent change in the intracellular concentration of cyclic AMP (cAMP)."" [GOC:mah, GOC:signaling, ISBN:0815316194]",270,575,34,20972,0.059130434782608696,0.1259259259259259,query_1,['GO:0007186']
GO:BP,GO:0050851,antigen receptor-mediated signaling pathway,3.1977286011295833e-10,True,"""The series of molecular signals initiated by the cross-linking of an antigen receptor on a B or T cell."" [GOC:add]",196,575,29,20972,0.050434782608695654,0.14795918367346939,query_1,['GO:0002429']
GO:BP,GO:0001659,temperature homeostasis,3.6550167418326843e-10,True,"""A homeostatic process in which an organism modulates its internal body temperature."" [GOC:jl]",197,575,29,20972,0.050434782608695654,0.14720812182741116,query_1,['GO:0048871']
GO:BP,GO:0045953,negative regulation of natural killer cell mediated cytotoxicity,3.939071846873333e-10,True,"""Any process that stops, prevents, or reduces the rate of natural killer mediated cytotoxicity."" [GOC:add, ISBN:0781735149]",23,575,12,20972,0.020869565217391306,0.5217391304347826,query_1,"['GO:0001911', 'GO:0002716', 'GO:0042267', 'GO:0042269']"
HPA,HPA:0131332,Colon; mucosal lymphoid cells[≥Medium],4.406718788653229e-10,True,Colon; mucosal lymphoid cells[≥Medium],366,397,44,11007,0.11083123425692695,0.12021857923497267,query_1,['HPA:0131331']
KEGG,KEGG:04510,Focal adhesion,4.666375625825888e-10,True,Focal adhesion,202,482,39,8716,0.08091286307053942,0.19306930693069307,query_1,['KEGG:00000']
GO:BP,GO:0001911,negative regulation of leukocyte mediated cytotoxicity,4.676664620501968e-10,True,"""Any process that stops, prevents, or reduces the rate of leukocyte mediated cytotoxicity."" [GOC:add, ISBN:0781735149, PMID:11911826]",29,575,13,20972,0.022608695652173914,0.4482758620689655,query_1,"['GO:0001909', 'GO:0001910', 'GO:0002704', 'GO:0031342']"
GO:BP,GO:0071404,cellular response to low-density lipoprotein particle stimulus,4.676664620501968e-10,True,"""Any process that results in a change in state or activity of a cell (in terms of movement, secretion, enzyme production, gene expression, etc.) as a result of a low-density lipoprotein particle stimulus."" [GOC:mah]",29,575,13,20972,0.022608695652173914,0.4482758620689655,query_1,"['GO:0055094', 'GO:0071402']"
WP,WP:WP4172,PI3K Akt signaling,4.724887566157318e-10,True,PI3K Akt signaling,336,475,52,8899,0.10947368421052632,0.15476190476190477,query_1,['WP:000000']
GO:BP,GO:0002430,complement receptor mediated signaling pathway,4.798814985602596e-10,True,"""The series of molecular signals generated as a consequence of a component of the complement pathway binding to a complement receptor. Such components include both whole complement proteins and fragments of complement proteins generated through the activity of the complement pathway."" [GO_REF:0000022, GOC:add, ISBN:0781735149]",14,575,10,20972,0.017391304347826087,0.7142857142857143,query_1,['GO:0002429']
GO:BP,GO:0038061,non-canonical NF-kappaB signal transduction,4.964925311756814e-10,True,"""An intracellular signaling cassette characterized by the NIK-dependent processing and activation of NF-kappaB. Begins with activation of the NF-kappaB-inducing kinase (NIK), which in turn phosphorylates and activates IkappaB kinase alpha (IKKalpha). IKKalpha phosphorylates the NF-kappa B2 protein (p100) leading to p100 processing and release of an active NF-kappaB (p52). The non-canonical NF-kappaB signaling pathway is generally activated by ligands of the TNF receptor superfamily, including lymphotoxin beta (LTB), CD40, OX40, RANK, TWEAK and B cell-activating factor (BAFF)."" [GOC:bf, GOC:mg2, GOC:signaling, GOC:vs, PMID:11239468, PMID:15140882, PMID:34659217]",121,575,23,20972,0.04,0.19008264462809918,query_1,['GO:0141124']
HPA,HPA:0471431,Skin 2; extracellular matrix[≥Low],5.189065861574057e-10,True,Skin 2; extracellular matrix[≥Low],68,397,19,11007,0.04785894206549118,0.27941176470588236,query_1,['HPA:0470000']
HPA,HPA:0461431,Skin 1; extracellular matrix[≥Low],5.242759780051206e-10,True,Skin 1; extracellular matrix[≥Low],60,397,18,11007,0.04534005037783375,0.3,query_1,['HPA:0460000']
HP,HP:0001871,Abnormality of blood and blood-forming tissues,5.366798831021035e-10,True,An abnormality of the hematopoietic system.,1558,241,125,5200,0.5186721991701245,0.08023106546854943,query_1,['HP:0000118']
REAC,REAC:R-HSA-3000171,Non-integrin membrane-ECM interactions,5.424446373635582e-10,True,Non-integrin membrane-ECM interactions,59,520,20,11056,0.038461538461538464,0.3389830508474576,query_1,['REAC:R-HSA-1474244']
GO:BP,GO:0050922,negative regulation of chemotaxis,5.515779320774915e-10,True,"""Any process that stops, prevents, or reduces the frequency, rate or extent of the directed movement of a motile cell or organism in response to a specific chemical concentration gradient."" [GOC:ai]",43,575,15,20972,0.02608695652173913,0.3488372093023256,query_1,"['GO:0006935', 'GO:0032102', 'GO:0040013', 'GO:0050920']"
GO:BP,GO:0048666,neuron development,5.669702713188814e-10,True,"""The process whose specific outcome is the progression of a neuron over time, from initial commitment of the cell to a specific fate, to the fully functional differentiated cell."" [GOC:dph]",1167,575,78,20972,0.1356521739130435,0.06683804627249357,query_1,"['GO:0030182', 'GO:0048468']"
GO:BP,GO:0002504,antigen processing and presentation of peptide or polysaccharide antigen via MHC class II,6.019522939896663e-10,True,"""The process in which an antigen-presenting cell expresses antigen (peptide or polysaccharide) on its cell surface in association with an MHC class II protein complex."" [GOC:add, ISBN:0781735149, PMID:15531770, PMID:15771591, PMID:16153240]",36,575,14,20972,0.02434782608695652,0.3888888888888889,query_1,['GO:0019882']
GO:BP,GO:0048667,cell morphogenesis involved in neuron differentiation,7.191775983789849e-10,True,"""The process in which the structures of a neuron are generated and organized. This process occurs while the initially relatively unspecialized cell is acquiring the specialized features of a neuron."" [GOC:dph, GOC:tb]",584,575,51,20972,0.08869565217391304,0.08732876712328767,query_1,"['GO:0000902', 'GO:0048666']"
WP,WP:WP5285,Immune infiltration in pancreatic cancer,7.458049949827318e-10,True,Immune infiltration in pancreatic cancer,39,475,17,8899,0.035789473684210524,0.4358974358974359,query_1,['WP:000000']
GO:CC,GO:0101002,ficolin-1-rich granule,7.954650064083177e-10,True,"""Highly exocytosable gelatinase-poor granules found in neutrophils and rich in ficolin-1. Ficolin-1 is released from neutrophil granules by stimulation with fMLP or PMA, and the majority becomes associated with the surface membrane of the cells and can be detected by flow cytometry."" [GOC:mec, PMID:19741154]",184,579,26,22155,0.044905008635578586,0.14130434782608695,query_1,['GO:0030141']
GO:BP,GO:0010758,regulation of macrophage chemotaxis,8.047742874584315e-10,True,"""Any process that modulates the rate, frequency or extent of macrophage chemotaxis. Macrophage chemotaxis is the movement of a macrophage in response to an external stimulus."" [GOC:BHF, GOC:dph, GOC:tb]",30,575,13,20972,0.022608695652173914,0.43333333333333335,query_1,"['GO:0002688', 'GO:0048246', 'GO:1905521']"
GO:BP,GO:0001776,leukocyte homeostasis,8.221882721042453e-10,True,"""The process of regulating the proliferation and elimination of cells of the immune system such that the total number of cells of a particular cell type within a whole or part of an organism is stable over time in the absence of an outside stimulus."" [GOC:add, ISBN:0781735149]",112,575,22,20972,0.03826086956521739,0.19642857142857142,query_1,"['GO:0002376', 'GO:0048872']"
GO:BP,GO:0034329,cell junction assembly,8.69021218757377e-10,True,"""A cellular process that results in the aggregation, arrangement and bonding together of a set of components to form a cell junction."" [GOC:mah]",509,575,47,20972,0.0817391304347826,0.09233791748526522,query_1,"['GO:0022607', 'GO:0034330']"
KEGG,KEGG:05163,Human cytomegalovirus infection,9.073178571834384e-10,True,Human cytomegalovirus infection,225,482,41,8716,0.08506224066390042,0.18222222222222223,query_1,['KEGG:00000']
HP,HP:0010978,Abnormality of immune system physiology,9.164937160705292e-10,True,A functional abnormality of the immune system.,1903,241,142,5200,0.5892116182572614,0.07461902259590121,query_1,['HP:0002715']
GO:BP,GO:0036006,cellular response to macrophage colony-stimulating factor stimulus,9.243662552256533e-10,True,"""Any process that results in a change in state or activity of a cell (in terms of movement, secretion, enzyme production, gene expression, etc.) as a result of a macrophage colony-stimulating factor stimulus."" [GOC:yaf, PMID:14687666]",61,575,17,20972,0.029565217391304348,0.2786885245901639,query_1,"['GO:0036005', 'GO:0071345']"
GO:BP,GO:0033002,muscle cell proliferation,9.386126176388595e-10,True,"""The expansion of a muscle cell population by cell division."" [CL:0000187, GOC:mah]",190,575,28,20972,0.04869565217391304,0.14736842105263157,query_1,['GO:0008283']
GO:BP,GO:0048858,cell projection morphogenesis,9.447345781326907e-10,True,"""The process in which the anatomical structures of a cell projection are generated and organized."" [GO_REF:0000021]",669,575,55,20972,0.09565217391304348,0.08221225710014948,query_1,"['GO:0000902', 'GO:0009653', 'GO:0030030']"
KEGG,KEGG:04151,PI3K-Akt signaling pathway,9.758313857564048e-10,True,PI3K-Akt signaling pathway,358,482,54,8716,0.11203319502074689,0.15083798882681565,query_1,['KEGG:00000']
KEGG,KEGG:04658,Th1 and Th2 cell differentiation,1.0048416375541542e-09,True,Th1 and Th2 cell differentiation,90,482,25,8716,0.05186721991701245,0.2777777777777778,query_1,['KEGG:00000']
GO:CC,GO:0030662,coated vesicle membrane,1.0234133181841932e-09,True,"""The lipid bilayer surrounding a coated vesicle."" [GOC:mah]",201,579,27,22155,0.046632124352331605,0.13432835820895522,query_1,"['GO:0030135', 'GO:0030659', 'GO:0098588']"
GO:CC,GO:0030669,clathrin-coated endocytic vesicle membrane,1.090168885051198e-09,True,"""The lipid bilayer surrounding a clathrin-coated endocytic vesicle."" [GOC:mah]",72,579,17,22155,0.02936096718480138,0.2361111111111111,query_1,"['GO:0030665', 'GO:0030666', 'GO:0045334']"
GO:BP,GO:0048699,generation of neurons,1.131057212864608e-09,True,"""The process in which nerve cells are generated. This includes the production of neuroblasts and their differentiation into neurons."" [GOC:nln]",1523,575,92,20972,0.16,0.060407091267235716,query_1,['GO:0022008']
GO:MF,GO:0005201,extracellular matrix structural constituent,1.1760011787838284e-09,True,"""The action of a molecule that contributes to the structural integrity of the extracellular matrix."" [GOC:mah]",169,573,26,20208,0.04537521815008726,0.15384615384615385,query_1,['GO:0005198']
KEGG,KEGG:05200,Pathways in cancer,1.197972996799422e-09,True,Pathways in cancer,530,482,69,8716,0.14315352697095435,0.13018867924528302,query_1,['KEGG:00000']
GO:MF,GO:0061809,"NAD+ nucleosidase activity, cyclic ADP-ribose generating",1.200149101066999e-09,True,"""Catalysis of the reaction: NAD+ + H2O = ADP-D-ribose + nicotinamide + H+, in a two step reaction: first an ADP-ribosyl cyclase reaction to synthesise cyclic ADP-ribose, followed by a cyclic ADP-ribose hydrolase reaction to generate (linear) ADP-ribose."" [EC:3.2.2.6, PMID:11866528]",16,573,10,20208,0.017452006980802792,0.625,query_1,['GO:0016799']
GO:BP,GO:0002507,tolerance induction,1.3515429407086795e-09,True,"""A process that directly activates any of the steps required for tolerance, a physiologic state in which the immune system does not react destructively against the components of an organism that harbors it or against antigens that are introduced to it."" [GO_REF:0000022, GOC:jal, ISBN:0781735149]",31,575,13,20972,0.022608695652173914,0.41935483870967744,query_1,"['GO:0002376', 'GO:0002520']"
KEGG,KEGG:04659,Th17 cell differentiation,1.3619102821261806e-09,True,Th17 cell differentiation,106,482,27,8716,0.056016597510373446,0.25471698113207547,query_1,['KEGG:00000']
REAC,REAC:R-HSA-140534,Caspase activation via Death Receptors in the presence of ligand,1.4206247293769558e-09,True,Caspase activation via Death Receptors in the presence of ligand,15,520,11,11056,0.021153846153846155,0.7333333333333333,query_1,['REAC:R-HSA-5357769']
GO:BP,GO:0046641,positive regulation of alpha-beta T cell proliferation,1.440922899044468e-09,True,"""Any process that activates or increases the frequency, rate or extent of alpha-beta T cell proliferation."" [GOC:ai]",25,575,12,20972,0.020869565217391306,0.48,query_1,"['GO:0042102', 'GO:0046633', 'GO:0046635', 'GO:0046640']"
GO:BP,GO:0002478,antigen processing and presentation of exogenous peptide antigen,1.4577036928592974e-09,True,"""The process in which an antigen-presenting cell expresses a peptide antigen of exogenous origin on its cell surface in association with an MHC protein complex. The peptide is typically a fragment of a larger exogenous protein which has been degraded within the cell."" [GOC:add, ISBN:0781735149]",38,575,14,20972,0.02434782608695652,0.3684210526315789,query_1,"['GO:0019884', 'GO:0048002']"
GO:BP,GO:0071260,cellular response to mechanical stimulus,1.470061569092323e-09,True,"""Any process that results in a change in state or activity of a cell (in terms of movement, secretion, enzyme production, gene expression, etc.) as a result of a mechanical stimulus."" [GOC:mah]",72,575,18,20972,0.03130434782608696,0.25,query_1,"['GO:0009612', 'GO:0071214', 'GO:0071496']"
WP,WP:WP5559,Lupus pathogenesis,1.6095256636632934e-09,True,Lupus pathogenesis,18,475,12,8899,0.02526315789473684,0.6666666666666666,query_1,['WP:000000']
GO:BP,GO:0043549,regulation of kinase activity,1.6424323670802087e-09,True,"""Any process that modulates the frequency, rate or extent of kinase activity, the catalysis of the transfer of a phosphate group, usually from ATP, to a substrate molecule."" [GOC:bf]",353,575,38,20972,0.06608695652173913,0.10764872521246459,query_1,"['GO:0042325', 'GO:0051338']"
GO:BP,GO:0002832,negative regulation of response to biotic stimulus,1.7240882313860587e-09,True,"""Any process that stops, prevents, or reduces the frequency, rate, or extent of a response to biotic stimulus."" [GOC:add]",128,575,23,20972,0.04,0.1796875,query_1,"['GO:0002831', 'GO:0009607', 'GO:0048585']"
GO:CC,GO:0005769,early endosome,1.735664379929891e-09,True,"""A membrane-bounded organelle that receives incoming material from primary endocytic vesicles that have been generated by clathrin-dependent and clathrin-independent endocytosis; vesicles fuse with the early endosome to deliver cargo for sorting into recycling or degradation pathways."" [GOC:mah, NIF_Subcellular:nlx_subcell_20090701, PMID:19696797]",434,579,40,22155,0.0690846286701209,0.09216589861751152,query_1,['GO:0005768']
KEGG,KEGG:05165,Human papillomavirus infection,1.741894076579905e-09,True,Human papillomavirus infection,331,482,51,8716,0.10580912863070539,0.1540785498489426,query_1,['KEGG:00000']
GO:MF,GO:0048020,CCR chemokine receptor binding,1.8676974325230336e-09,True,"""Binding to a CCR chemokine receptor."" [GOC:ai]",49,573,15,20208,0.02617801047120419,0.30612244897959184,query_1,['GO:0042379']
GO:BP,GO:0071496,cellular response to external stimulus,1.902120076829762e-09,True,"""Any process that results in a change in state or activity of a cell (in terms of movement, secretion, enzyme production, gene expression, etc.) as a result of an external stimulus."" [GOC:mah]",73,575,18,20972,0.03130434782608696,0.2465753424657534,query_1,['GO:0009605']
GO:BP,GO:0048589,developmental growth,2.0133359602013434e-09,True,"""The increase in size or mass of an entire organism, a part of an organism or a cell, where the increase in size or mass has the specific outcome of the progression of the organism over time from one condition to another."" [GOC:go_curators]",661,575,54,20972,0.09391304347826086,0.08169440242057488,query_1,"['GO:0032502', 'GO:0040007']"
GO:CC,GO:0005604,basement membrane,2.058111523065926e-09,True,"""A collagen-containing extracellular matrix consisting of a thin layer of dense material found in various animal tissues interposed between the cells and the adjacent connective tissue. It consists of the basal lamina plus an associated layer of reticulin fibers."" [PMID:22505934, PMID:33605520, PMID:39223427]",97,579,19,22155,0.03281519861830743,0.1958762886597938,query_1,['GO:0031012']
GO:BP,GO:0045428,regulation of nitric oxide biosynthetic process,2.1849174396233674e-09,True,"""Any process that modulates the frequency, rate or extent of the chemical reactions and pathways resulting in the formation of nitric oxide."" [GOC:go_curators]",55,575,16,20972,0.02782608695652174,0.2909090909090909,query_1,"['GO:0006809', 'GO:0009889', 'GO:0080164']"
HPA,HPA:0131331,Colon; mucosal lymphoid cells[≥Low],2.308096566488988e-09,True,Colon; mucosal lymphoid cells[≥Low],510,397,52,11007,0.1309823677581864,0.10196078431372549,query_1,['HPA:0130000']
GO:MF,GO:1901681,sulfur compound binding,2.3809702341532084e-09,True,"""Binding to a sulfur compound."" [GOC:pr, GOC:TermGenie]",263,573,32,20208,0.055846422338568937,0.12167300380228137,query_1,['GO:0005488']
GO:BP,GO:0120039,plasma membrane bounded cell projection morphogenesis,2.4078715785606543e-09,True,"""The process in which the anatomical structures of a plasma membrane bounded cell projection are generated and organized."" [GOC:krc]",664,575,54,20972,0.09391304347826086,0.08132530120481928,query_1,['GO:0048858']
GO:BP,GO:0042119,neutrophil activation,2.4723114950849753e-09,True,"""The change in morphology and behavior of a neutrophil resulting from exposure to a cytokine, chemokine, cellular ligand, or soluble factor."" [GOC:mgi_curators, ISBN:0781735149]",47,575,15,20972,0.02608695652173913,0.3191489361702128,query_1,['GO:0036230']
GO:BP,GO:1901888,regulation of cell junction assembly,2.4981904488154163e-09,True,"""Any process that modulates the frequency, rate or extent of cell junction assembly."" [GOC:TermGenie]",258,575,32,20972,0.05565217391304348,0.12403100775193798,query_1,"['GO:0034329', 'GO:0044087', 'GO:0051128']"
GO:BP,GO:0050852,T cell receptor signaling pathway,2.5644184804414224e-09,True,"""The series of molecular signals initiated by the cross-linking of an antigen receptor on a T cell."" [GOC:add]",143,575,24,20972,0.04173913043478261,0.16783216783216784,query_1,['GO:0050851']
GO:BP,GO:0023057,negative regulation of signaling,2.9690607935214035e-09,True,"""Any process that stops, prevents, or reduces the frequency, rate or extent of a signaling process."" [GOC:mtg_signal]",1449,575,88,20972,0.15304347826086956,0.06073153899240856,query_1,"['GO:0023051', 'GO:0023052', 'GO:0048519']"
GO:BP,GO:0080164,regulation of nitric oxide metabolic process,2.9822362805726036e-09,True,"""Any process that modulates the frequency, rate or extent of the chemical reactions and pathways involving nitric oxide, nitrogen monoxide (NO), a colorless gas only slightly soluble in water."" [GOC:DHL]",56,575,16,20972,0.02782608695652174,0.2857142857142857,query_1,"['GO:0019222', 'GO:0046209']"
HP,HP:0002733,Abnormal lymph node morphology,2.9932383516890596e-09,True,A structural lymph node abnormality.,273,241,42,5200,0.17427385892116182,0.15384615384615385,query_1,['HP:0100763']
GO:BP,GO:0045582,positive regulation of T cell differentiation,2.9980562018253e-09,True,"""Any process that activates or increases the frequency, rate or extent of T cell differentiation."" [GOC:go_curators]",119,575,22,20972,0.03826086956521739,0.18487394957983194,query_1,"['GO:0030217', 'GO:0045580', 'GO:0045621', 'GO:0050870']"
GO:BP,GO:0048812,neuron projection morphogenesis,3.1743213766063184e-09,True,"""The process in which the anatomical structures of a neuron projection are generated and organized. A neuron projection is any process extending from a neural cell, such as axons or dendrites."" [GOC:mah]",648,575,53,20972,0.09217391304347826,0.08179012345679013,query_1,"['GO:0031175', 'GO:0120039']"
GO:BP,GO:0031623,receptor internalization,3.3805742851930234e-09,True,"""A receptor-mediated endocytosis process that results in the movement of receptors from the plasma membrane to the inside of the cell. The process begins when cell surface receptors are monoubiquitinated following ligand-induced activation. Receptors are subsequently taken up into endocytic vesicles from where they are either targeted to the lysosome or vacuole for degradation or recycled back to the plasma membrane."" [GOC:bf, GOC:mah, GOC:signaling, PMID:15006537, PMID:19643732]",132,575,23,20972,0.04,0.17424242424242425,query_1,['GO:0006898']
GO:BP,GO:2000379,positive regulation of reactive oxygen species metabolic process,3.815059612420174e-09,True,"""Any process that activates or increases the frequency, rate or extent of reactive oxygen species metabolic process."" [GOC:mah]",66,575,17,20972,0.029565217391304348,0.25757575757575757,query_1,"['GO:0009893', 'GO:0072593', 'GO:2000377']"
GO:BP,GO:0010759,positive regulation of macrophage chemotaxis,3.921315791689326e-09,True,"""Any process that increases the rate, frequency or extent of macrophage chemotaxis. Macrophage chemotaxis is the movement of a macrophage in response to an external stimulus."" [GOC:BHF, GOC:dph, GOC:tb]",21,575,11,20972,0.019130434782608695,0.5238095238095238,query_1,"['GO:0002690', 'GO:0010758', 'GO:0048246', 'GO:0071622', 'GO:1905523']"
GO:MF,GO:0005035,death receptor activity,4.043164490796832e-09,True,"""Combining with an extracellular messenger (called a death ligand), and transmitting the signal from one side of the plasma membrane to the other to initiate apoptotic or necrotic cell death."" [GOC:bf, GOC:BHF, GOC:ecd, GOC:mtg_apoptosis, GOC:rl, PMID:10209153]",13,573,9,20208,0.015706806282722512,0.6923076923076923,query_1,['GO:0004888']
GO:CC,GO:0045334,clathrin-coated endocytic vesicle,4.188650181430644e-09,True,"""A clathrin-coated, membrane-bounded intracellular vesicle formed by invagination of the plasma membrane around an extracellular substance."" [GOC:go_curators]",89,579,18,22155,0.031088082901554404,0.20224719101123595,query_1,"['GO:0030136', 'GO:0030139']"
GO:BP,GO:0051129,negative regulation of cellular component organization,4.350834557889874e-09,True,"""Any process that stops, prevents, or reduces the frequency, rate or extent of a process involved in the formation, arrangement of constituent parts, or disassembly of cell structures, including the plasma membrane and any external encapsulating structures such as the cell wall and cell envelope."" [GOC:ai]",695,575,55,20972,0.09565217391304348,0.07913669064748201,query_1,"['GO:0016043', 'GO:0048523', 'GO:0051128']"
KEGG,KEGG:04517,IgSF CAM signaling,4.531334690128344e-09,True,IgSF CAM signaling,297,482,47,8716,0.0975103734439834,0.15824915824915825,query_1,['KEGG:00000']
GO:BP,GO:0060760,positive regulation of response to cytokine stimulus,4.983865388985651e-09,True,"""Any process that increases the rate, frequency, or extent of a response to cytokine stimulus."" [GOC:BHF, GOC:dph, GOC:tb]",67,575,17,20972,0.029565217391304348,0.2537313432835821,query_1,"['GO:0034097', 'GO:0048584', 'GO:0060759']"
KEGG,KEGG:05310,Asthma,5.072401591816855e-09,True,Asthma,28,482,14,8716,0.029045643153526972,0.5,query_1,['KEGG:00000']
REAC,REAC:R-HSA-1474228,Degradation of the extracellular matrix,5.2701824696007995e-09,True,Degradation of the extracellular matrix,140,520,29,11056,0.05576923076923077,0.20714285714285716,query_1,['REAC:R-HSA-1474244']
HPA,HPA:0530712,Spleen; cells in red pulp[≥Medium],5.344682124350032e-09,True,Spleen; cells in red pulp[≥Medium],3150,397,175,11007,0.44080604534005036,0.05555555555555555,query_1,['HPA:0530711']
REAC,REAC:R-HSA-5218900,CASP8 activity is inhibited,5.5499858230150355e-09,True,CASP8 activity is inhibited,10,520,9,11056,0.01730769230769231,0.9,query_1,['REAC:R-HSA-5675482']
REAC,REAC:R-HSA-69416,Dimerization of procaspase-8,5.5499858230150355e-09,True,Dimerization of procaspase-8,10,520,9,11056,0.01730769230769231,0.9,query_1,['REAC:R-HSA-140534']
REAC,REAC:R-HSA-3371378,Regulation by c-FLIP,5.5499858230150355e-09,True,Regulation by c-FLIP,10,520,9,11056,0.01730769230769231,0.9,query_1,['REAC:R-HSA-140534']
HP,HP:0002597,Abnormality of the vasculature,5.878364596750424e-09,True,An abnormality of the vasculature.,2067,241,148,5200,0.6141078838174274,0.07160135462022255,query_1,['HP:0001626']
GO:BP,GO:0033209,tumor necrosis factor-mediated signaling pathway,6.115241628055655e-09,True,"""The series of molecular signals initiated by tumor necrosis factor binding to its receptor on the surface of a cell, and ending with the regulation of a downstream cellular process, e.g. transcription."" [GOC:mah, GOC:signaling]",111,575,21,20972,0.036521739130434785,0.1891891891891892,query_1,"['GO:0019221', 'GO:0071356']"
HPA,HPA:0030441,Appendix; non-germinal center cells[≥Low],6.143243268258407e-09,True,Appendix; non-germinal center cells[≥Low],335,397,40,11007,0.10075566750629723,0.11940298507462686,query_1,['HPA:0030000']
GO:BP,GO:0001763,morphogenesis of a branching structure,6.304034875442305e-09,True,"""The process in which the anatomical structures of branches are generated and organized. A branch is a division or offshoot from a main stem. Examples in animals would include blood vessels, nerves, lymphatics and other endothelial or epithelial tubes."" [ISBN:0721662544]",205,575,28,20972,0.04869565217391304,0.13658536585365855,query_1,"['GO:0009653', 'GO:0032501']"
GO:BP,GO:0002040,sprouting angiogenesis,6.462522723353212e-09,True,"""The extension of new blood vessels from existing vessels into avascular tissues, this process includes the specialization of endothelial cells into leading tip and stalk cells, proliferation and migration of the endothelial cells and cell adhesion resulting in angiogenic sprout fusion or lumen formation."" [PMID:16391003, PMID:23031691]",136,575,23,20972,0.04,0.16911764705882354,query_1,['GO:0001525']
GO:BP,GO:0061138,morphogenesis of a branching epithelium,6.81084794371913e-09,True,"""The process in which the anatomical structures of a branched epithelium are generated and organized."" [GOC:dph]",191,575,27,20972,0.04695652173913043,0.14136125654450263,query_1,"['GO:0001763', 'GO:0002009']"
GO:BP,GO:0030195,negative regulation of blood coagulation,6.8621787391175155e-09,True,"""Any process that stops, prevents, or reduces the frequency, rate or extent of blood coagulation."" [GOC:mah]",50,575,15,20972,0.02608695652173913,0.3,query_1,"['GO:0007596', 'GO:0030193', 'GO:0050819', 'GO:0061045', 'GO:1900047']"
HP,HP:0002715,Abnormality of the immune system,6.930822048637976e-09,True,An abnormality of the immune system.,2219,241,155,5200,0.6431535269709544,0.06985128436232538,query_1,['HP:0000118']
GO:BP,GO:2000106,regulation of leukocyte apoptotic process,7.094078457414571e-09,True,"""Any process that modulates the frequency, rate or extent of leukocyte apoptotic process."" [GOC:BHF, GOC:mtg_apoptosis]",89,575,19,20972,0.03304347826086956,0.21348314606741572,query_1,"['GO:0042981', 'GO:0071887']"
GO:BP,GO:0032735,positive regulation of interleukin-12 production,7.203178423133748e-09,True,"""Any process that activates or increases the frequency, rate, or extent of interleukin-12 production."" [GOC:mah]",42,575,14,20972,0.02434782608695652,0.3333333333333333,query_1,"['GO:0001819', 'GO:0032615', 'GO:0032655']"
KEGG,KEGG:05169,Epstein-Barr virus infection,7.3933814414914875e-09,True,Epstein-Barr virus infection,201,482,37,8716,0.07676348547717843,0.18407960199004975,query_1,['KEGG:00000']
GO:BP,GO:0010648,negative regulation of cell communication,7.549893425556897e-09,True,"""Any process that decreases the frequency, rate or extent of cell communication. Cell communication is the process that mediates interactions between a cell and its surroundings. Encompasses interactions such as signaling or attachment between one cell and another cell, between a cell and an extracellular matrix, or between a cell and any other aspect of its environment."" [GOC:dph, GOC:tb]",1449,575,87,20972,0.15130434782608695,0.060041407867494824,query_1,"['GO:0007154', 'GO:0010646', 'GO:0048523']"
HP,HP:0003565,Elevated erythrocyte sedimentation rate,8.24032053677562e-09,True,An increased erythrocyte sedimentation rate (ESR). The ESR is a test that measures the distance that erythrocytes have fallen after one hour in a vertical column of anticoagulated blood under the influence of gravity. The ESR is a nonspecific finding. An elevation may indicate inflammation or may be caused by any condition that elevates fibrinogen.,80,241,22,5200,0.0912863070539419,0.275,query_1,"['HP:0025021', 'HP:0033331']"
GO:BP,GO:0071346,cellular response to type II interferon,8.372576453132797e-09,True,"""Any process that results in a change in state or activity of a cell (in terms of movement, secretion, enzyme production, gene expression, etc.) as a result of an interferon-gamma stimulus. Interferon gamma is the only member of the type II interferon found so far."" [GOC:mah]",101,575,20,20972,0.034782608695652174,0.19801980198019803,query_1,"['GO:0034341', 'GO:0071345']"
GO:CC,GO:0012507,ER to Golgi transport vesicle membrane,8.451827656225307e-09,True,"""The lipid bilayer surrounding a vesicle transporting substances from the endoplasmic reticulum to the Golgi."" [GOC:ai, GOC:ascb_2009, GOC:dph, GOC:tb]",60,579,15,22155,0.025906735751295335,0.25,query_1,"['GO:0030134', 'GO:0030658', 'GO:0030662']"
GO:BP,GO:0045601,regulation of endothelial cell differentiation,8.74765957570166e-09,True,"""Any process that modulates the frequency, rate or extent of endothelial cell differentiation."" [GOC:go_curators]",35,575,13,20972,0.022608695652173914,0.37142857142857144,query_1,"['GO:0030856', 'GO:0045446']"
GO:BP,GO:0150077,regulation of neuroinflammatory response,8.74765957570166e-09,True,"""Any process that modulates the frequency, rate or extent of neuroinflammatory response."" [GOC:aruk, GOC:bc, PMID:10981966, PMID:11099416, PMID:18164423]",35,575,13,20972,0.022608695652173914,0.37142857142857144,query_1,"['GO:0050727', 'GO:0150076']"
WP,WP:WP2865,IL1 and megakaryocytes in obesity,8.796062600063483e-09,True,IL1 and megakaryocytes in obesity,24,475,13,8899,0.02736842105263158,0.5416666666666666,query_1,['WP:000000']
GO:BP,GO:0060759,regulation of response to cytokine stimulus,9.187729539411329e-09,True,"""Any process that modulates the rate, frequency, or extent of a response to cytokine stimulus."" [GOC:BHF, GOC:dph, GOC:tb]",179,575,26,20972,0.04521739130434783,0.1452513966480447,query_1,"['GO:0034097', 'GO:0048583']"
GO:BP,GO:1900047,negative regulation of hemostasis,9.4784062242092e-09,True,"""Any process that stops, prevents or reduces the frequency, rate or extent of hemostasis."" [GOC:TermGenie]",51,575,15,20972,0.02608695652173913,0.29411764705882354,query_1,"['GO:0007599', 'GO:0048519', 'GO:1900046']"
GO:BP,GO:0051962,positive regulation of nervous system development,9.549609839794165e-09,True,"""Any process that activates, maintains or increases the frequency, rate or extent of nervous system development, the origin and formation of nervous tissue."" [GOC:ai]",271,575,32,20972,0.05565217391304348,0.11808118081180811,query_1,"['GO:0007399', 'GO:0051094', 'GO:0051240', 'GO:0051960']"
GO:MF,GO:0061134,peptidase regulator activity,1.0150085264674947e-08,True,"""Binds to and modulates the activity of a peptidase, any enzyme that catalyzes the hydrolysis peptide bonds."" [GOC:dph, GOC:tb]",230,573,29,20208,0.0506108202443281,0.12608695652173912,query_1,['GO:0030234']
GO:BP,GO:0002437,inflammatory response to antigenic stimulus,1.0790873176851167e-08,True,"""An inflammatory response to an antigenic stimulus, which can be include any number of T cell or B cell epitopes."" [GOC:add, ISBN:0781735149]",70,575,17,20972,0.029565217391304348,0.24285714285714285,query_1,"['GO:0006954', 'GO:0006955']"
GO:MF,GO:0017154,semaphorin receptor activity,1.1036614871576487e-08,True,"""Combining with a semaphorin, and transmitting the signal from one side of the membrane to the other to initiate a change in cell activity."" [GOC:mah, GOC:signaling, PMID:15239958]",14,573,9,20208,0.015706806282722512,0.6428571428571429,query_1,['GO:0004888']
GO:BP,GO:0002291,T cell activation via T cell receptor contact with antigen bound to MHC molecule on antigen presenting cell,1.2705962828786388e-08,True,"""The change in morphology and behavior of a mature or immature T cell resulting from exposure to an antigen for which its T cell receptor is specific bound to an MHC molecule on an antigen presenting cell, leading to the initiation or perpetuation of an immune response."" [GOC:add, ISBN:0781735149]",13,575,9,20972,0.01565217391304348,0.6923076923076923,query_1,['GO:0002286']
GO:BP,GO:0090594,inflammatory response to wounding,1.300771830490052e-08,True,"""The immediate defensive reaction by vertebrate tissue to injury caused by chemical or physical agents."" [GOC:add]",29,575,12,20972,0.020869565217391306,0.41379310344827586,query_1,"['GO:0006954', 'GO:0009611']"
GO:BP,GO:0061045,negative regulation of wound healing,1.3831950623358165e-08,True,"""Any process that decreases the rate, frequency, or extent of the series of events that restore integrity to a damaged tissue, following an injury."" [GOC:dph]",71,575,17,20972,0.029565217391304348,0.23943661971830985,query_1,"['GO:0032102', 'GO:0042060', 'GO:0061041', 'GO:1903035']"
GO:BP,GO:0044087,regulation of cellular component biogenesis,1.3977742529418085e-08,True,"""Any process that modulates the frequency, rate or extent of cellular component biogenesis, a process that results in the biosynthesis of constituent macromolecules, assembly, and arrangement of constituent parts of a cellular component."" [GOC:jl]",1006,575,68,20972,0.11826086956521739,0.06759443339960239,query_1,"['GO:0044085', 'GO:0050794']"
GO:BP,GO:0002526,acute inflammatory response,1.4822507476380858e-08,True,"""Inflammation which comprises a rapid, short-lived, relatively uniform response to acute injury or antigenic challenge and is characterized by accumulations of fluid, plasma proteins, and granulocytic leukocytes. An acute inflammatory response occurs within a matter of minutes or hours, and either resolves within a few days or becomes a chronic inflammatory response."" [GO_REF:0000022, GOC:add, ISBN:0781735149]",104,575,20,20972,0.034782608695652174,0.19230769230769232,query_1,['GO:0006954']
GO:BP,GO:0002920,regulation of humoral immune response,1.4893525287336224e-08,True,"""Any process that modulates the frequency, rate, or extent of a humoral immune response."" [GOC:add]",44,575,14,20972,0.02434782608695652,0.3181818181818182,query_1,"['GO:0006959', 'GO:0050776']"
GO:BP,GO:2001234,negative regulation of apoptotic signaling pathway,1.5593197188642095e-08,True,"""Any process that stops, prevents or reduces the frequency, rate or extent of apoptotic signaling pathway."" [GOC:mtg_apoptosis]",228,575,29,20972,0.050434782608695654,0.12719298245614036,query_1,"['GO:0009968', 'GO:0043066', 'GO:0097190', 'GO:2001233']"
GO:BP,GO:0030182,neuron differentiation,1.5779634306562756e-08,True,"""The process in which a relatively unspecialized cell acquires specialized features of a neuron."" [GOC:mah]",1444,575,86,20972,0.14956521739130435,0.05955678670360111,query_1,"['GO:0030154', 'GO:0048699']"
GO:BP,GO:0032611,interleukin-1 beta production,1.6256731730354217e-08,True,"""The appearance of interleukin-1 beta due to biosynthesis or secretion following a cellular stimulus, resulting in an increase in its intracellular or extracellular levels."" [GOC:mah]",93,575,19,20972,0.03304347826086956,0.20430107526881722,query_1,['GO:0032612']
GO:BP,GO:0032651,regulation of interleukin-1 beta production,1.6256731730354217e-08,True,"""Any process that modulates the frequency, rate, or extent of interleukin-1 beta production."" [GOC:mah]",93,575,19,20972,0.03304347826086956,0.20430107526881722,query_1,"['GO:0032611', 'GO:0032652']"
GO:BP,GO:0030183,B cell differentiation,1.6344529078467554e-08,True,"""The process in which a precursor cell type acquires the specialized features of a B cell. A B cell is a lymphocyte of B lineage with the phenotype CD19-positive and capable of B cell mediated immunity."" [GO_REF:0000022, GOC:mah]",142,575,23,20972,0.04,0.1619718309859155,query_1,"['GO:0030098', 'GO:0042113']"
WP,WP:WP3932,Focal adhesion PI3K Akt mTOR signaling,1.7211425558359567e-08,True,Focal adhesion PI3K Akt mTOR signaling,302,475,46,8899,0.0968421052631579,0.152317880794702,query_1,['WP:000000']
GO:BP,GO:0002064,epithelial cell development,1.8157007881369543e-08,True,"""The process whose specific outcome is the progression of an epithelial cell over time, from its formation to the mature structure. An epithelial cell is a cell usually found in a two-dimensional sheet with a free surface."" [GOC:dph]",214,575,28,20972,0.04869565217391304,0.1308411214953271,query_1,"['GO:0030855', 'GO:0048468']"
GO:BP,GO:0003013,circulatory system process,1.8318566026501157e-08,True,"""An organ system process carried out by any of the organs or tissues of the circulatory system. The circulatory system is an organ system that moves extracellular fluids to and from tissue within a multicellular organism."" [GOC:mtg_cardio]",595,575,49,20972,0.08521739130434783,0.08235294117647059,query_1,['GO:0003008']
HP,HP:0025021,Abnormal erythrocyte sedimentation rate,1.8572598451530118e-08,True,"A deviation from normal range of the erythrocyte sedimentation rate (ESR), a test that measures the distance that erythrocytes have fallen after one hour in a vertical column of anticoagulated blood under the influence of gravity. The ESR is a nonspecific finding. An elevation may indicate inflammation or may be caused by any condition that elevates fibrinogen. A decreased ESR may be seen in polycythemia or in certain blood diseases in which red blood cells have an irregular or smaller shape that causes slower settling.",83,241,22,5200,0.0912863070539419,0.26506024096385544,query_1,['HP:0001939']
GO:MF,GO:0008083,growth factor activity,1.896369881331753e-08,True,"""The function that stimulates a cell to grow or proliferate. Most growth factors have other actions besides the induction of cell growth or proliferation."" [ISBN:0815316194]",162,573,24,20208,0.041884816753926704,0.14814814814814814,query_1,['GO:0048018']
GO:BP,GO:0045824,negative regulation of innate immune response,1.9862446105883796e-08,True,"""Any process that stops, prevents, or reduces the frequency, rate or extent of the innate immune response."" [GOC:go_curators]",94,575,19,20972,0.03304347826086956,0.20212765957446807,query_1,"['GO:0002832', 'GO:0031348', 'GO:0032102', 'GO:0045087', 'GO:0045088', 'GO:0050777']"
GO:BP,GO:0009889,regulation of biosynthetic process,1.992875211770971e-08,True,"""Any process that modulates the frequency, rate or extent of the chemical reactions and pathways resulting in the formation of substances."" [GOC:go_curators]",5821,575,234,20972,0.40695652173913044,0.04019927847448892,query_1,"['GO:0009058', 'GO:0019222']"
GO:BP,GO:0009595,detection of biotic stimulus,2.007251159369893e-08,True,"""The series of events in which a biotic stimulus, one caused or produced by a living organism, is received and converted into a molecular signal."" [GOC:hb]",37,575,13,20972,0.022608695652173914,0.35135135135135137,query_1,"['GO:0009607', 'GO:0051606']"
HPA,HPA:0461432,Skin 1; extracellular matrix[≥Medium],2.0134688959644404e-08,True,Skin 1; extracellular matrix[≥Medium],48,397,15,11007,0.037783375314861464,0.3125,query_1,['HPA:0461431']
WP,WP:WP4462,Platelet mediated interactions with vascular and circulating cells,2.0585239081407598e-08,True,Platelet mediated interactions with vascular and circulating cells,17,475,11,8899,0.023157894736842106,0.6470588235294118,query_1,['WP:000000']
GO:BP,GO:0045859,regulation of protein kinase activity,2.081796015129604e-08,True,"""Any process that modulates the frequency, rate or extent of protein kinase activity."" [GOC:go_curators]",330,575,35,20972,0.06086956521739131,0.10606060606060606,query_1,"['GO:0001932', 'GO:0043549']"
GO:BP,GO:0002347,response to tumor cell,2.1080717712966512e-08,True,"""Any process that results in a change in state or activity of a cell or an organism (in terms of movement, secretion, enzyme production, gene expression, etc.) as a result of a stimulus from a tumor cell."" [GOC:add, ISBN:0781735149, PMID:16730260]",45,575,14,20972,0.02434782608695652,0.3111111111111111,query_1,['GO:0009607']
GO:BP,GO:0002312,B cell activation involved in immune response,2.1445835721913478e-08,True,"""The change in morphology and behavior of a mature or immature B cell during an immune response, resulting from exposure to a mitogen, cytokine, chemokine, cellular ligand, or an antigen for which it is specific."" [GOC:jal]",106,575,20,20972,0.034782608695652174,0.18867924528301888,query_1,"['GO:0002285', 'GO:0042113']"
GO:CC,GO:0030135,coated vesicle,2.3585336857517978e-08,True,"""Small membrane-bounded organelle formed by pinching off of a coated region of membrane. Some coats are made of clathrin, whereas others are made from other proteins."" [ISBN:0815316194]",317,579,32,22155,0.055267702936096716,0.10094637223974763,query_1,['GO:0031410']
GO:BP,GO:0050819,negative regulation of coagulation,2.3844031980058434e-08,True,"""Any process that stops, prevents, or reduces the frequency, rate or extent of coagulation."" [GOC:ai]",54,575,15,20972,0.02608695652173913,0.2777777777777778,query_1,"['GO:0050817', 'GO:0050818', 'GO:0051241']"
GO:BP,GO:0031399,regulation of protein modification process,2.4555161964051444e-08,True,"""Any process that modulates the frequency, rate or extent of the covalent alteration of one or more amino acid residues within a protein."" [GOC:mah, GOC:tb]",748,575,56,20972,0.09739130434782609,0.0748663101604278,query_1,"['GO:0036211', 'GO:0051246']"
GO:BP,GO:0022612,gland morphogenesis,2.5711635536934875e-08,True,"""The process in which the anatomical structures of a gland are generated and organized."" [GOC:isa_complete]",107,575,20,20972,0.034782608695652174,0.18691588785046728,query_1,"['GO:0009887', 'GO:0048732']"
KEGG,KEGG:05340,Primary immunodeficiency,2.6346106652025323e-08,True,Primary immunodeficiency,36,482,15,8716,0.03112033195020747,0.4166666666666667,query_1,['KEGG:00000']
GO:MF,GO:0098631,cell adhesion mediator activity,2.7755600106552773e-08,True,"""The binding by a cell-adhesion protein on a cell surface to an adhesion molecule on another cell surface or an external substrate, to mediate adhesion of the cell to the external substrate or to another cell."" [GOC:vw, Wikipedia:Cell_adhesion]",78,573,17,20208,0.029668411867364748,0.21794871794871795,query_1,['GO:0050839']
GO:BP,GO:1905954,positive regulation of lipid localization,2.9416442976242998e-08,True,"""Any process that activates or increases the frequency, rate or extent of lipid localization."" [GO_REF:0000058, GOC:TermGenie, PMID:17564681]",96,575,19,20972,0.03304347826086956,0.19791666666666666,query_1,"['GO:0010876', 'GO:0048518', 'GO:1905952']"
GO:BP,GO:0010468,regulation of gene expression,2.9772558220526543e-08,True,"""Any process that modulates the frequency, rate or extent of gene expression. Gene expression is the process in which a gene's coding sequence is converted into a mature gene product (protein or RNA)."" [GOC:txnOH-2018]",5549,575,225,20972,0.391304347826087,0.04054784645882141,query_1,"['GO:0010467', 'GO:0010556']"
GO:BP,GO:0070482,response to oxygen levels,3.045622440369149e-08,True,"""Any process that results in a change in state or activity of a cell or an organism (in terms of movement, secretion, enzyme production, gene expression, etc.) as a result of a stimulus reflecting the presence, absence, or concentration of oxygen."" [GOC:BHF, GOC:mah]",317,575,34,20972,0.059130434782608696,0.10725552050473186,query_1,['GO:0009628']
GO:BP,GO:0048864,stem cell development,3.074637191562907e-08,True,"""The process whose specific outcome is the progression of the stem cell over time, from its formation to the mature structure. Cell development does not include the steps involved in committing a cell to its specific fate."" [CL:0000034, GOC:isa_complete]",85,575,18,20972,0.03130434782608696,0.21176470588235294,query_1,"['GO:0048468', 'GO:0048863']"
GO:MF,GO:0042056,chemoattractant activity,3.1996887357700405e-08,True,"""Providing the environmental signal that initiates the directed movement of a motile cell or organism towards a higher concentration of that signal."" [GOC:go_curators, ISBN:0198506732]",41,573,13,20208,0.02268760907504363,0.3170731707317073,query_1,['GO:0048018']
GO:CC,GO:0005765,lysosomal membrane,3.264064052715292e-08,True,"""The lipid bilayer surrounding the lysosome and separating its contents from the cell cytoplasm."" [GOC:ai]",457,579,39,22155,0.06735751295336788,0.08533916849015317,query_1,"['GO:0005764', 'GO:0098852']"
GO:CC,GO:0098852,lytic vacuole membrane,3.264064052715292e-08,True,"""The lipid bilayer surrounding a lytic vacuole and separating its contents from the cytoplasm of the cell."" [GOC:dos]",457,579,39,22155,0.06735751295336788,0.08533916849015317,query_1,"['GO:0000323', 'GO:0005774']"
GO:BP,GO:0060560,developmental growth involved in morphogenesis,3.319958670522252e-08,True,"""The increase in size or mass of an anatomical structure that contributes to the structure attaining its shape."" [GOC:dph]",235,575,29,20972,0.050434782608695654,0.12340425531914893,query_1,"['GO:0009653', 'GO:0048589']"
WP,WP:WP530,Cytokines and inflammatory response,3.320323663352803e-08,True,Cytokines and inflammatory response,26,475,13,8899,0.02736842105263158,0.5,query_1,['WP:000000']
GO:BP,GO:0051338,regulation of transferase activity,3.322567109705113e-08,True,"""Any process that modulates the frequency, rate or extent of transferase activity, the catalysis of the transfer of a group, e.g. a methyl group, glycosyl group, acyl group, phosphorus-containing, or other groups, from one compound (generally regarded as the donor) to another compound (generally regarded as the acceptor). Transferase is the systematic name for any enzyme of EC class 2."" [GOC:ai]",408,575,39,20972,0.06782608695652174,0.09558823529411764,query_1,['GO:0050790']
GO:MF,GO:0070851,growth factor receptor binding,3.3487786166931036e-08,True,"""Binding to a growth factor receptor."" [GOC:mah, GOC:vw]",139,573,22,20208,0.038394415357766144,0.15827338129496402,query_1,['GO:0005102']
GO:MF,GO:0004875,complement receptor activity,3.424581692800899e-08,True,"""Combining with any component or product of the complement cascade and transmitting the signal from one side of the membrane to the other to initiate a change in cell activity."" [GOC:add, GOC:ai, GOC:pg, GOC:signaling, ISBN:0781735149, PMID:11884446]",11,573,8,20208,0.013961605584642234,0.7272727272727273,query_1,"['GO:0004888', 'GO:0140375']"
GO:BP,GO:0043534,blood vessel endothelial cell migration,3.462654592688199e-08,True,"""The orderly movement of an endothelial cell into the extracellular matrix in order to form new blood vessels during angiogenesis."" [PMID:11166264]",121,575,21,20972,0.036521739130434785,0.17355371900826447,query_1,['GO:0043542']
GO:BP,GO:0009968,negative regulation of signal transduction,3.523375596277285e-08,True,"""Any process that stops, prevents, or reduces the frequency, rate or extent of signal transduction."" [GOC:sm]",1341,575,81,20972,0.1408695652173913,0.06040268456375839,query_1,"['GO:0007165', 'GO:0009966', 'GO:0010648', 'GO:0023057', 'GO:0048585']"
GO:CC,GO:0044853,plasma membrane raft,3.9488626166126114e-08,True,"""A membrane raft that is part of the plasma membrane."" [GOC:jl]",114,579,19,22155,0.03281519861830743,0.16666666666666666,query_1,"['GO:0045121', 'GO:0098590']"
GO:BP,GO:0050769,positive regulation of neurogenesis,3.9739551946315264e-08,True,"""Any process that activates or increases the frequency, rate or extent of neurogenesis, the generation of cells within the nervous system."" [GOC:ai]",221,575,28,20972,0.04869565217391304,0.12669683257918551,query_1,"['GO:0010720', 'GO:0022008', 'GO:0050767', 'GO:0051962']"
HP,HP:0030057,Autoimmune antibody positivity,3.999815747580138e-08,True,The presence of an antibody in the blood circulation that is directed against the organism's own cells or tissues.,191,241,33,5200,0.13692946058091288,0.17277486910994763,query_1,['HP:0002960']
GO:BP,GO:0009790,embryo development,4.211360606766695e-08,True,"""The process whose specific outcome is the progression of an embryo from its formation until the end of its embryonic life stage. The end of the embryonic stage is organism-specific. For example, for mammals, the process would begin with zygote formation and end with birth. For insects, the process would begin at zygote formation and end with larval hatching. For plant zygotic embryos, this would be from zygote formation to the end of seed dormancy. For plant vegetative embryos, this would be from the initial determination of the cell or group of cells to form an embryo until the point when the embryo becomes independent of the parent plant."" [GOC:go_curators, GOC:isa_complete, GOC:mtg_sensu]",1126,575,72,20972,0.12521739130434784,0.06394316163410302,query_1,['GO:0007275']
GO:BP,GO:2001237,negative regulation of extrinsic apoptotic signaling pathway,4.312555104643492e-08,True,"""Any process that stops, prevents or reduces the frequency, rate or extent of extrinsic apoptotic signaling pathway."" [GOC:mtg_apoptosis]",98,575,19,20972,0.03304347826086956,0.19387755102040816,query_1,"['GO:0097191', 'GO:2001234', 'GO:2001236']"
GO:BP,GO:0010629,negative regulation of gene expression,4.389549710979901e-08,True,"""Any process that decreases the frequency, rate or extent of gene expression. Gene expression is the process in which a gene's coding sequence is converted into a mature gene product (protein or RNA)."" [GOC:txnOH-2018]",1678,575,94,20972,0.1634782608695652,0.05601907032181168,query_1,"['GO:0010467', 'GO:0010468', 'GO:0010558']"
GO:BP,GO:1901623,regulation of lymphocyte chemotaxis,4.4851047342448605e-08,True,"""Any process that modulates the frequency, rate or extent of lymphocyte chemotaxis."" [GOC:TermGenie]",25,575,11,20972,0.019130434782608695,0.44,query_1,"['GO:0002688', 'GO:0048247', 'GO:2000401']"
GO:CC,GO:0005770,late endosome,4.489816986221497e-08,True,"""A prelysosomal endocytic organelle differentiated from early endosomes by lower lumenal pH and different protein composition. Late endosomes are more spherical than early endosomes and are mostly juxtanuclear, being concentrated near the microtubule organizing center."" [NIF_Subcellular:nlx_subcell_20090702, PMID:11964142, PMID:2557062]",325,579,32,22155,0.055267702936096716,0.09846153846153846,query_1,['GO:0005768']
GO:BP,GO:0048661,positive regulation of smooth muscle cell proliferation,4.495303246504887e-08,True,"""Any process that activates or increases the rate or extent of smooth muscle cell proliferation."" [CL:0000192, GOC:ebc]",76,575,17,20972,0.029565217391304348,0.2236842105263158,query_1,"['GO:0008284', 'GO:0048659', 'GO:0048660']"
KEGG,KEGG:05205,Proteoglycans in cancer,4.662637351654253e-08,True,Proteoglycans in cancer,204,482,36,8716,0.07468879668049792,0.17647058823529413,query_1,['KEGG:00000']
REAC,REAC:R-HSA-76002,"Platelet activation, signaling and aggregation",4.743057982664675e-08,True,"Platelet activation, signaling and aggregation",259,520,39,11056,0.075,0.15057915057915058,query_1,['REAC:R-HSA-109582']
GO:BP,GO:0007507,heart development,4.930828278565828e-08,True,"""The process whose specific outcome is the progression of the heart over time, from its formation to the mature structure. The heart is a hollow, muscular organ, which, by contracting rhythmically, keeps up the circulation of the blood."" [GOC:jid, UBERON:0000948]",591,575,48,20972,0.08347826086956522,0.08121827411167512,query_1,"['GO:0048513', 'GO:0072359']"
GO:CC,GO:0098978,glutamatergic synapse,5.1280480080209945e-08,True,"""A synapse that uses glutamate as a neurotransmitter."" [GOC:dos]",548,579,43,22155,0.07426597582037997,0.07846715328467153,query_1,['GO:0045202']
HP,HP:0030163,Abnormal vascular physiology,5.1461827858546754e-08,True,Abnormality of vascular function.,360,241,47,5200,0.1950207468879668,0.13055555555555556,query_1,"['HP:0002597', 'HP:0011025']"
HP,HP:0100763,Abnormality of the lymphatic system,5.168996399832136e-08,True,"An anomaly of the lymphatic system, a network of lymphatic vessels that carry a clear fluid called lymph unidirectionally towards either the right lymphatic duct or the thoracic duct, which in turn drain into the right and left subclavian veins respectively.",814,241,78,5200,0.3236514522821577,0.09582309582309582,query_1,"['HP:0002597', 'HP:0002715']"
GO:BP,GO:0002495,antigen processing and presentation of peptide antigen via MHC class II,5.249680693621118e-08,True,"""The process in which an antigen-presenting cell expresses a peptide antigen on its cell surface in association with an MHC class II protein complex. The peptide antigen is typically, but not always, processed from a whole protein."" [GOC:add, ISBN:0781735149, PMID:15531770, PMID:15771591]",32,575,12,20972,0.020869565217391306,0.375,query_1,"['GO:0002504', 'GO:0048002']"
GO:BP,GO:0048638,regulation of developmental growth,5.290824925413612e-08,True,"""Any process that modulates the frequency, rate or extent of developmental growth."" [GOC:go_curators]",306,575,33,20972,0.057391304347826085,0.10784313725490197,query_1,"['GO:0040008', 'GO:0048589', 'GO:0050793']"
HPA,HPA:0471432,Skin 2; extracellular matrix[≥Medium],5.3181313938269495e-08,True,Skin 2; extracellular matrix[≥Medium],51,397,15,11007,0.037783375314861464,0.29411764705882354,query_1,['HPA:0471431']
WP,WP:WP2431,Spinal cord injury,5.3646399777365196e-08,True,Spinal cord injury,115,475,26,8899,0.05473684210526316,0.22608695652173913,query_1,['WP:000000']
REAC,REAC:R-HSA-388396,GPCR downstream signalling,5.60280538935232e-08,True,GPCR downstream signalling,622,520,67,11056,0.12884615384615383,0.10771704180064309,query_1,['REAC:R-HSA-372790']
GO:BP,GO:0001755,neural crest cell migration,5.6330066593661024e-08,True,"""The characteristic movement of cells from the dorsal ridge of the neural tube to a variety of locations in a vertebrate embryo."" [GOC:ascb_2009, GOC:dph, GOC:tb, ISBN:0878932437]",57,575,15,20972,0.02608695652173913,0.2631578947368421,query_1,"['GO:0014032', 'GO:0090497']"
GO:BP,GO:0043030,regulation of macrophage activation,5.6330066593661024e-08,True,"""Any process that modulates the frequency or rate of macrophage activation."" [GOC:jl]",57,575,15,20972,0.02608695652173913,0.2631578947368421,query_1,"['GO:0002694', 'GO:0042116']"
GO:BP,GO:0120036,plasma membrane bounded cell projection organization,5.645560823552088e-08,True,"""A process that is carried out at the cellular level which results in the assembly, arrangement of constituent parts, or disassembly of a plasma membrane bounded prolongation or process extending from a cell, e.g. a cilium or axon."" [GOC:krc]",1582,575,90,20972,0.1565217391304348,0.056890012642225034,query_1,['GO:0030030']
GO:BP,GO:0001938,positive regulation of endothelial cell proliferation,5.710618103696868e-08,True,"""Any process that activates or increases the rate or extent of endothelial cell proliferation."" [GOC:add]",88,575,18,20972,0.03130434782608696,0.20454545454545456,query_1,"['GO:0001935', 'GO:0001936', 'GO:0050679']"
GO:BP,GO:0036293,response to decreased oxygen levels,5.8479207745338595e-08,True,"""Any process that results in a change in state or activity of a cell or an organism (in terms of movement, secretion, enzyme production, gene expression, etc.) as a result of a stimulus reflecting a decline in the level of oxygen."" [GOC:al]",290,575,32,20972,0.05565217391304348,0.1103448275862069,query_1,['GO:0070482']
GO:BP,GO:0031099,regeneration,6.038483609600234e-08,True,"""The regrowth of a lost or destroyed body part, such as an organ or tissue. This process may occur via renewal, repair, and/or growth alone (i.e. increase in size or mass)."" [GOC:mah, GOC:pr]",165,575,24,20972,0.04173913043478261,0.14545454545454545,query_1,['GO:0048856']
WP,WP:WP306,Focal adhesion,6.099134765754365e-08,True,Focal adhesion,198,475,35,8899,0.07368421052631578,0.17676767676767677,query_1,['WP:000000']
GO:BP,GO:0030168,platelet activation,6.49142339414184e-08,True,"""A series of progressive, overlapping events triggered by exposure of the platelets to subendothelial tissue. These events include shape change, adhesiveness, aggregation, and release reactions. When carried through to completion, these events lead to the formation of a stable hemostatic plug."" [PMID:27403440]",138,575,22,20972,0.03826086956521739,0.15942028985507245,query_1,"['GO:0001775', 'GO:0007596']"
GO:BP,GO:0048660,regulation of smooth muscle cell proliferation,6.589772587779131e-08,True,"""Any process that modulates the frequency, rate or extent of smooth muscle cell proliferation."" [CL:0000192, GOC:ebc]",125,575,21,20972,0.036521739130434785,0.168,query_1,"['GO:0042127', 'GO:0048659']"
GO:MF,GO:0005021,vascular endothelial growth factor receptor activity,6.842463266190463e-08,True,"""Combining with a vascular endothelial growth factor (VEGF) receptor ligand and transmitting the signal across the plasma membrane to initiate a change in cell activity."" [GOC:mah, GOC:signaling, PMID:19909239]",52,573,14,20208,0.02443280977312391,0.2692307692307692,query_1,['GO:0004714']
GO:CC,GO:0005796,Golgi lumen,7.512440038997525e-08,True,"""The volume enclosed by the membranes of any cisterna or subcompartment of the Golgi apparatus, including the cis- and trans-Golgi networks."" [GOC:mah]",105,579,18,22155,0.031088082901554404,0.17142857142857143,query_1,"['GO:0005794', 'GO:0070013']"
GO:BP,GO:0048878,chemical homeostasis,7.514330257717018e-08,True,"""Any biological process involved in the maintenance of an internal steady state of a chemical."" [GOC:isa_complete]",951,575,64,20972,0.11130434782608696,0.06729758149316509,query_1,['GO:0042592']
GO:BP,GO:0098581,detection of external biotic stimulus,7.582800261632727e-08,True,"""The series of events in which an external biotic stimulus is detected and converted into a molecular signal. An external biotic stimulus is defined as one caused or produced by a living organism other than the one being stimulated."" [GOC:dos]",26,575,11,20972,0.019130434782608695,0.4230769230769231,query_1,"['GO:0009595', 'GO:0043207']"
GO:BP,GO:0060255,regulation of macromolecule metabolic process,7.617423378611159e-08,True,"""Any process that modulates the frequency, rate or extent of the chemical reactions and pathways involving macromolecules, any molecule of high relative molecular mass, the structure of which essentially comprises the multiple repetition of units derived, actually or conceptually, from molecules of low relative molecular mass."" [GOC:dph, GOC:tb]",6392,575,249,20972,0.4330434782608696,0.0389549436795995,query_1,"['GO:0019222', 'GO:0043170']"
GO:BP,GO:0030449,regulation of complement activation,7.633523034675836e-08,True,"""Any process that modulates the frequency, rate or extent of complement activation."" [GOC:go_curators]",20,575,10,20972,0.017391304347826087,0.5,query_1,"['GO:0002697', 'GO:0002920', 'GO:0006956']"
GO:BP,GO:0007259,cell surface receptor signaling pathway via JAK-STAT,7.708439788032191e-08,True,"""A cell surface receptor signaling pathway in which ligand binding causes the receptor to dimerize, bringing the receptor-associated JAKs into close proximity. The JAKs then phosphorylate and activate each other on tyrosine residues.This leads to the activation of associated STAT protein, causing the STATs to dissociate from the receptor, translocate to the nucleus. The pathway ends with regulation of target gene expression by STAT proteins."" [PMID:12039028]",126,575,21,20972,0.036521739130434785,0.16666666666666666,query_1,['GO:0097696']
HPA,HPA:0640000,Endometrium,7.751794999688567e-08,True,Endometrium,120,397,22,11007,0.055415617128463476,0.18333333333333332,query_1,['HPA:0000000']
WP,WP:WP3624,Lung fibrosis,7.904708853529544e-08,True,Lung fibrosis,63,475,19,8899,0.04,0.30158730158730157,query_1,['WP:000000']
GO:BP,GO:1905952,regulation of lipid localization,7.917455272643839e-08,True,"""Any process that modulates the frequency, rate or extent of lipid localization."" [GO_REF:0000058, GOC:TermGenie, PMID:17564681]",153,575,23,20972,0.04,0.1503267973856209,query_1,"['GO:0010876', 'GO:0032879']"
GO:BP,GO:0009887,animal organ morphogenesis,8.330050854225804e-08,True,"""Morphogenesis of an animal organ. An organ is defined as a tissue or set of tissues that work together to perform a specific function or functions. Morphogenesis is the process in which anatomical structures are generated and organized. Organs are commonly observed as visibly distinct structures, but may also exist as loosely associated clusters of cells that work together to perform a specific function or functions."" [GOC:dgh, GOC:go_curators, ISBN:0471245208, ISBN:0721662544]",1000,575,66,20972,0.11478260869565217,0.066,query_1,"['GO:0009653', 'GO:0048513']"
GO:BP,GO:0006816,calcium ion transport,8.601488781303866e-08,True,"""The directed movement of calcium (Ca) ions into, out of or within a cell, or between cells, by means of some agent such as a transporter or pore."" [GOC:ai]",421,575,39,20972,0.06782608695652174,0.09263657957244656,query_1,['GO:0030001']
GO:BP,GO:0001959,regulation of cytokine-mediated signaling pathway,8.907680381023953e-08,True,"""Any process that modulates the frequency, rate or extent of the cytokine mediated signaling pathway."" [GOC:hjd]",168,575,24,20972,0.04173913043478261,0.14285714285714285,query_1,"['GO:0009966', 'GO:0019221', 'GO:0060759']"
GO:MF,GO:0043394,proteoglycan binding,9.105903692476907e-08,True,"""Binding to a proteoglycan, any glycoprotein in which the carbohydrate units are glycosaminoglycans."" [ISBN:0198506732]",36,573,12,20208,0.020942408376963352,0.3333333333333333,query_1,"['GO:0005515', 'GO:0097367']"
GO:BP,GO:0001666,response to hypoxia,9.193579364018362e-08,True,"""Any process that results in a change in state or activity of a cell or an organism (in terms of movement, secretion, enzyme production, gene expression, etc.) as a result of a stimulus indicating lowered oxygen tension. Hypoxia, defined as a decline in O2 levels below normoxic levels of 20.8 - 20.95%, results in metabolic adaptation at both the cellular and organismal level."" [GOC:hjd]",278,575,31,20972,0.05391304347826087,0.11151079136690648,query_1,"['GO:0006950', 'GO:0036293']"
HPA,HPA:0030442,Appendix; non-germinal center cells[≥Medium],9.615409227392384e-08,True,Appendix; non-germinal center cells[≥Medium],262,397,33,11007,0.08312342569269521,0.12595419847328243,query_1,['HPA:0030441']
GO:BP,GO:0090497,mesenchymal cell migration,9.685492824270672e-08,True,"""The orderly movement of a mesenchymal cell from one site to another, often during the development of a multicellular organism."" [GOC:dph, GOC:tb]",59,575,15,20972,0.02608695652173913,0.2542372881355932,query_1,['GO:0001667']
GO:BP,GO:0010556,regulation of macromolecule biosynthetic process,9.935190740643107e-08,True,"""Any process that modulates the rate, frequency or extent of the chemical reactions and pathways resulting in the formation of a macromolecule, any molecule of high relative molecular mass, the structure of which essentially comprises the multiple repetition of units derived, actually or conceptually, from molecules of low relative molecular mass."" [GOC:dph, GOC:tb]",5647,575,226,20972,0.39304347826086955,0.04002125022135647,query_1,"['GO:0009059', 'GO:0009889', 'GO:0060255']"
GO:MF,GO:0004714,transmembrane receptor protein tyrosine kinase activity,1.0035198366000956e-07,True,"""Combining with a signal and transmitting the signal from one side of the membrane to the other to initiate a change in cell activity by catalysis of the reaction: ATP + a protein-L-tyrosine = ADP + a protein-L-tyrosine phosphate."" [EC:2.7.10.1, GOC:mah]",63,573,15,20208,0.02617801047120419,0.23809523809523808,query_1,"['GO:0004713', 'GO:0019199']"
WP,WP:WP5088,Prostaglandin signaling,1.0074675746673143e-07,True,Prostaglandin signaling,33,475,14,8899,0.029473684210526315,0.42424242424242425,query_1,['WP:000000']
GO:BP,GO:0048659,smooth muscle cell proliferation,1.0498346984587246e-07,True,"""The multiplication or reproduction of smooth muscle cells, resulting in the expansion of a cell population."" [CL:0000192, GOC:ebc, PMID:1840698]",128,575,21,20972,0.036521739130434785,0.1640625,query_1,['GO:0033002']
HP,HP:0002105,Hemoptysis,1.0701075551091917e-07,True,"Coughing up (expectoration) of blood or blood-streaked sputum from the larynx, trachea, bronchi, or lungs.",90,241,22,5200,0.0912863070539419,0.24444444444444444,query_1,['HP:0032016']
GO:BP,GO:0014032,neural crest cell development,1.0782343173911195e-07,True,"""The process aimed at the progression of a neural crest cell over time, from initial commitment of the cell to its specific fate, to the fully functional differentiated cell."" [GOC:dh, GOC:ef]",80,575,17,20972,0.029565217391304348,0.2125,query_1,"['GO:0014033', 'GO:0048864']"
HP,HP:0002829,Arthralgia,1.10068913850899e-07,True,Joint pain.,198,241,33,5200,0.13692946058091288,0.16666666666666666,query_1,['HP:0012531']
HP,HP:0010701,Abnormal circulating immunoglobulin concentration,1.1320780260576587e-07,True,An abnormal deviation from normal levels of immunoglobulins in blood.,304,241,42,5200,0.17427385892116182,0.13815789473684212,query_1,"['HP:0005368', 'HP:0005372']"
GO:BP,GO:0060562,epithelial tube morphogenesis,1.1824355450283333e-07,True,"""The process in which the anatomical structures of a tube are generated and organized from an epithelium. Epithelial tubes transport gases, liquids and cells from one site to another and form the basic structure of many organs and tissues, with tube shape and organization varying from the single-celled excretory organ in Caenorhabditis elegans to the branching trees of the mammalian kidney and insect tracheal system."" [GOC:dph]",333,575,34,20972,0.059130434782608696,0.1021021021021021,query_1,"['GO:0002009', 'GO:0035239']"
GO:BP,GO:0050807,regulation of synapse organization,1.1961985216991095e-07,True,"""Any process that modulates the physical form of a synapse, the junction between a neuron and a target (neuron, muscle, or secretory cell)."" [GOC:ai, GOC:dph, GOC:tb]",298,575,32,20972,0.05565217391304348,0.10738255033557047,query_1,"['GO:0050803', 'GO:0050808', 'GO:0051128']"
GO:BP,GO:0006809,nitric oxide biosynthetic process,1.2450214470974392e-07,True,"""The chemical reactions and pathways resulting in the formation of nitric oxide, nitrogen monoxide (NO), a colorless gas only slightly soluble in water."" [GOC:ai]",70,575,16,20972,0.02782608695652174,0.22857142857142856,query_1,"['GO:0009058', 'GO:0046209']"
GO:BP,GO:0043535,regulation of blood vessel endothelial cell migration,1.2525613875920047e-07,True,"""Any process that modulates the frequency, rate or extent of the migration of the endothelial cells of blood vessels."" [GOC:go_curators]",92,575,18,20972,0.03130434782608696,0.1956521739130435,query_1,"['GO:0010594', 'GO:0043534']"
GO:BP,GO:0001961,positive regulation of cytokine-mediated signaling pathway,1.2591367892759827e-07,True,"""Any process that activates or increases the frequency, rate or extent of a cytokine mediated signaling pathway."" [GOC:hjd]",60,575,15,20972,0.02608695652173913,0.25,query_1,"['GO:0001959', 'GO:0009967', 'GO:0019221', 'GO:0060760']"
HP,HP:0005372,Abnormal B cell physiology,1.2612256124074563e-07,True,An abnormality of the physiological functioning of B cells.,305,241,42,5200,0.17427385892116182,0.1377049180327869,query_1,['HP:0031409']
GO:BP,GO:0046006,regulation of activated T cell proliferation,1.2679159270030216e-07,True,"""Any process that modulates the frequency, rate or extent of activated T cell proliferation."" [GOC:go_curators]",42,575,13,20972,0.022608695652173914,0.30952380952380953,query_1,"['GO:0042129', 'GO:0050798']"
GO:BP,GO:0001937,negative regulation of endothelial cell proliferation,1.2679159270030216e-07,True,"""Any process that stops, prevents, or reduces the rate or extent of endothelial cell proliferation."" [GOC:add]",42,575,13,20972,0.022608695652173914,0.30952380952380953,query_1,"['GO:0001935', 'GO:0001936', 'GO:0050680']"
GO:BP,GO:0002758,innate immune response-activating signaling pathway,1.305730509965704e-07,True,"""The series of molecular signals generated by a ligand binding to its receptor that lead to the activation or perpetuation of an innate immune response."" [GOC:jy, GOC:mah, PMID:11418339, PMID:28105028]",299,575,32,20972,0.05565217391304348,0.10702341137123746,query_1,"['GO:0002218', 'GO:0002757']"
HP,HP:0032158,Unusual infection by anatomical site,1.307765093186329e-07,True,An unusual infection classified by the affected body part.,127,241,26,5200,0.1078838174273859,0.2047244094488189,query_1,['HP:0032101']
HP,HP:0002716,Lymphadenopathy,1.3780007564834394e-07,True,Enlargement (swelling) of a lymph node.,257,241,38,5200,0.15767634854771784,0.14785992217898833,query_1,['HP:0002733']
GO:BP,GO:0002455,humoral immune response mediated by circulating immunoglobulin,1.4036048932974193e-07,True,"""An immune response dependent upon secreted immunoglobulin. An example of this process is found in Mus musculus."" [GO_REF:0000022, GOC:add, ISBN:0781735149]",51,575,14,20972,0.02434782608695652,0.27450980392156865,query_1,"['GO:0006959', 'GO:0016064']"
GO:BP,GO:0048846,axon extension involved in axon guidance,1.42166061760458e-07,True,"""The long distance growth of a single cell process, that is involved in the migration of an axon growth cone, where the migration is directed to a specific target site by a combination of attractive and repulsive cues."" [GOC:ef, GOC:jid]",21,575,10,20972,0.017391304347826087,0.47619047619047616,query_1,"['GO:0007411', 'GO:0048675']"
GO:MF,GO:0061135,endopeptidase regulator activity,1.4229667187975618e-07,True,"""Binds to and modulates the activity of a peptidase, any enzyme that hydrolyzes nonterminal peptide bonds in polypeptides."" [GOC:dph, GOC:tb]",193,573,25,20208,0.04363001745200698,0.12953367875647667,query_1,['GO:0061134']
GO:CC,GO:0005774,vacuolar membrane,1.4514238036463486e-07,True,"""The lipid bilayer surrounding the vacuole and separating its contents from the cytoplasm of the cell."" [GOC:ai]",502,579,40,22155,0.0690846286701209,0.0796812749003984,query_1,"['GO:0005773', 'GO:0098588']"
GO:BP,GO:0048010,vascular endothelial growth factor receptor signaling pathway,1.528406634638872e-07,True,"""The series of molecular signals initiated by a ligand binding to a vascular endothelial growth factor receptor (VEGFR) on the surface of the target cell, and ending with the regulation of a downstream cellular process, e.g. transcription."" [GOC:ceb, GOC:signaling]",105,575,19,20972,0.03304347826086956,0.18095238095238095,query_1,['GO:0007169']
GO:BP,GO:1901699,cellular response to nitrogen compound,1.6585158224240486e-07,True,"""Any process that results in a change in state or activity of a cell (in terms of movement, secretion, enzyme production, gene expression, etc.) as a result of a nitrogen compound stimulus."" [GOC:pr, GOC:TermGenie]",676,575,51,20972,0.08869565217391304,0.07544378698224852,query_1,"['GO:0070887', 'GO:1901698']"
REAC,REAC:R-HSA-5357769,Caspase activation via extrinsic apoptotic signalling pathway,1.687343019155843e-07,True,Caspase activation via extrinsic apoptotic signalling pathway,25,520,12,11056,0.023076923076923078,0.48,query_1,['REAC:R-HSA-109581']
GO:BP,GO:1901222,regulation of non-canonical NF-kappaB signal transduction,1.8257341626354965e-07,True,"""Any process that modulates the frequency, rate or extent of the non-canonical NF-kappaB signaling cascade."" [GOC:TermGenie]",94,575,18,20972,0.03130434782608696,0.19148936170212766,query_1,"['GO:0038061', 'GO:1902531']"
WP,WP:WP5560,Lupus therapies,1.8682938167051903e-07,True,Lupus therapies,29,475,13,8899,0.02736842105263158,0.4482758620689655,query_1,['WP:000000']
GO:BP,GO:0006968,cellular defense response,1.8728718470306515e-07,True,"""A defense response that is mediated by cells."" [GOC:ebc]",52,575,14,20972,0.02434782608695652,0.2692307692307692,query_1,['GO:0006952']
GO:BP,GO:0019886,antigen processing and presentation of exogenous peptide antigen via MHC class II,2.0051047439975798e-07,True,"""The process in which an antigen-presenting cell expresses a peptide antigen of exogenous origin on its cell surface in association with an MHC class II protein complex. The peptide antigen is typically, but not always, processed from a whole protein."" [GOC:add, ISBN:0781735149, PMID:15771591]",28,575,11,20972,0.019130434782608695,0.39285714285714285,query_1,"['GO:0002478', 'GO:0002495']"
GO:BP,GO:0052372,modulation by symbiont of entry into host,2.0051047439975798e-07,True,"""Any process in which an organism modulates the frequency, rate or extent to which it enters into the host organism, where the two organisms are in a symbiotic interaction."" [GOC:mtg_pamgo_17jul06]",28,575,11,20972,0.019130434782608695,0.39285714285714285,query_1,"['GO:0043903', 'GO:0044409']"
GO:BP,GO:0070227,lymphocyte apoptotic process,2.006122447092035e-07,True,"""Any apoptotic process in a lymphocyte, a leukocyte commonly found in the blood and lymph that has the characteristics of a large nucleus, a neutral staining cytoplasm, and prominent heterochromatin."" [CL:0000542, GOC:add, GOC:mtg_apoptosis, ISBN:0781765196]",83,575,17,20972,0.029565217391304348,0.20481927710843373,query_1,['GO:0071887']
HP,HP:0011450,Unusual CNS infection,2.0924048882258655e-07,True,A type of infection of the central nervous system that can be regarded as a sign of a pathological susceptibility to infection.,120,241,25,5200,0.1037344398340249,0.20833333333333334,query_1,"['HP:0002011', 'HP:0032158']"
HP,HP:0000099,Glomerulonephritis,2.0924048882258655e-07,True,Inflammation of the renal glomeruli.,120,241,25,5200,0.1037344398340249,0.20833333333333334,query_1,"['HP:0000095', 'HP:0000123']"
GO:MF,GO:0005488,binding,2.1411989326963255e-07,True,"""The selective, non-covalent, often stoichiometric, interaction of a molecule with one or more specific sites on another molecule."" [GOC:ceb, GOC:mah, ISBN:0198506732]",18447,573,559,20208,0.9755671902268761,0.030303030303030304,query_1,['GO:0003674']
GO:MF,GO:0004866,endopeptidase inhibitor activity,2.1743920146460044e-07,True,"""Binds to and stops, prevents or reduces the activity of an endopeptidase."" [GOC:jl]",167,573,23,20208,0.04013961605584642,0.1377245508982036,query_1,"['GO:0030414', 'GO:0061135']"
GO:BP,GO:0050803,regulation of synapse structure or activity,2.1905476373040883e-07,True,"""Any process that modulates the physical form or the activity of a synapse, the junction between a neuron and a target (neuron, muscle, or secretory cell)."" [GOC:ai]",305,575,32,20972,0.05565217391304348,0.10491803278688525,query_1,['GO:0065008']
GO:BP,GO:0050680,negative regulation of epithelial cell proliferation,2.213846277471196e-07,True,"""Any process that stops, prevents or reduces the rate or extent of epithelial cell proliferation."" [GOC:ai]",133,575,21,20972,0.036521739130434785,0.15789473684210525,query_1,"['GO:0008285', 'GO:0050673', 'GO:0050678']"
HP,HP:0002103,Abnormal pleura morphology,2.219401708484158e-07,True,"An abnormality of the pulmonary pleura, the thin, transparent membrane which covers the lungs and lines the inside of the chest walls.",192,241,32,5200,0.13278008298755187,0.16666666666666666,query_1,['HP:0002088']
GO:MF,GO:0050431,transforming growth factor beta binding,2.394532564940741e-07,True,"""Binding to TGF-beta, transforming growth factor beta, a multifunctional peptide that controls proliferation, differentiation and other functions in many cell types."" [ISBN:0198506732]",24,573,10,20208,0.017452006980802792,0.4166666666666667,query_1,"['GO:0019838', 'GO:0019955']"
GO:MF,GO:0030228,lipoprotein particle receptor activity,2.42123684158351e-07,True,"""Combining with a lipoprotein particle and delivering the lipoprotein particle into the cell via endocytosis. A lipoprotein particle, also known as a lipoprotein, is a clathrate complex consisting of a lipid enwrapped in a protein host without covalent binding in such a way that the complex has a hydrophilic outer surface consisting of all the protein and the polar ends of any phospholipids."" [GOC:bf, GOC:mah, PMID:12827279]",18,573,9,20208,0.015706806282722512,0.5,query_1,['GO:0038024']
GO:MF,GO:0042288,MHC class I protein binding,2.42123684158351e-07,True,"""Binding to a major histocompatibility complex class I molecule; a set of molecules displayed on cell surfaces that are responsible for lymphocyte recognition and antigen presentation."" [GOC:jl]",18,573,9,20208,0.015706806282722512,0.5,query_1,['GO:0042287']
REAC,REAC:R-HSA-373755,Semaphorin interactions,2.4982368764732204e-07,True,Semaphorin interactions,64,520,18,11056,0.03461538461538462,0.28125,query_1,['REAC:R-HSA-422475']
GO:BP,GO:0002475,antigen processing and presentation via MHC class Ib,2.5426323259237384e-07,True,"""The process in which an antigen-presenting cell expresses antigen (peptide or lipid) on its cell surface in association with an MHC class Ib protein complex. Class Ib here refers to non-classical class I molecules, such as those of the CD1 or HLA-E gene families."" [GOC:add, PMID:15928678, PMID:15928680]",22,575,10,20972,0.017391304347826087,0.45454545454545453,query_1,['GO:0019882']
GO:BP,GO:0045591,positive regulation of regulatory T cell differentiation,2.5426323259237384e-07,True,"""Any process that activates or increases the frequency, rate or extent of differentiation of regulatory T cells."" [ISBN:0781735149]",22,575,10,20972,0.017391304347826087,0.45454545454545453,query_1,"['GO:0045066', 'GO:0045582', 'GO:0045589']"
GO:BP,GO:0030030,cell projection organization,2.5582492177715684e-07,True,"""A process that is carried out at the cellular level which results in the assembly, arrangement of constituent parts, or disassembly of a prolongation or process extending from a cell, e.g. a flagellum or axon."" [GOC:jl, GOC:mah, PMID:16318917]",1628,575,90,20972,0.1565217391304348,0.05528255528255528,query_1,['GO:0016043']
GO:BP,GO:0030198,extracellular matrix organization,2.594827525489882e-07,True,"""A process that is carried out at the cellular level which results in the assembly, arrangement of constituent parts, or disassembly of an extracellular matrix."" [GOC:mah]",307,575,32,20972,0.05565217391304348,0.10423452768729642,query_1,"['GO:0043062', 'GO:0045229']"
GO:BP,GO:0032814,regulation of natural killer cell activation,2.632731761922751e-07,True,"""Any process that modulates the frequency, rate or extent of natural killer cell activation."" [GOC:mah]",36,575,12,20972,0.020869565217391306,0.3333333333333333,query_1,"['GO:0030101', 'GO:0051249']"
GO:BP,GO:0001558,regulation of cell growth,2.693857568370784e-07,True,"""Any process that modulates the frequency, rate, extent or direction of cell growth."" [GOC:go_curators]",399,575,37,20972,0.06434782608695652,0.09273182957393483,query_1,"['GO:0016049', 'GO:0040008', 'GO:0051128']"
GO:BP,GO:0006796,phosphate-containing compound metabolic process,2.7171081219405395e-07,True,"""The chemical reactions and pathways involving the phosphate group, the anion or salt of any phosphoric acid."" [GOC:ai]",2196,575,111,20972,0.19304347826086957,0.050546448087431695,query_1,['GO:0006793']
GO:BP,GO:0043062,extracellular structure organization,2.8225367968247613e-07,True,"""A process that is carried out at the cellular level which results in the assembly, arrangement of constituent parts, or disassembly of structures in the space external to the outermost structure of a cell. For cells without external protective or external encapsulating structures this refers to space outside of the plasma membrane, and also covers the host cell environment outside an intracellular parasite."" [GOC:ai, GOC:dph, GOC:jl, GOC:mah]",308,575,32,20972,0.05565217391304348,0.1038961038961039,query_1,['GO:0016043']
REAC,REAC:R-HSA-418594,G alpha (i) signalling events,2.902905267015437e-07,True,G alpha (i) signalling events,311,520,42,11056,0.08076923076923077,0.13504823151125403,query_1,['REAC:R-HSA-388396']
GO:BP,GO:0006793,phosphorus metabolic process,2.9486215125550056e-07,True,"""The chemical reactions and pathways involving the nonmetallic element phosphorus or compounds that contain phosphorus."" [GOC:ai]",2199,575,111,20972,0.19304347826086957,0.0504774897680764,query_1,['GO:0008152']
GO:BP,GO:0042093,T-helper cell differentiation,2.9882100711270035e-07,True,"""The process in which a relatively unspecialized thymocyte acquires specialized features of a T-helper cell."" [GOC:ebc]",85,575,17,20972,0.029565217391304348,0.2,query_1,['GO:0043367']
KEGG,KEGG:05164,Influenza A,3.0574615423322403e-07,True,Influenza A,169,482,31,8716,0.06431535269709543,0.1834319526627219,query_1,['KEGG:00000']
HP,HP:0004936,Venous thrombosis,3.061387075328917e-07,True,"Formation of a blood clot (thrombus) inside a vein, causing the obstruction of blood flow.",86,241,21,5200,0.08713692946058091,0.2441860465116279,query_1,['HP:0001977']
GO:BP,GO:0045229,external encapsulating structure organization,3.0690764773635176e-07,True,"""A process that is carried out at the cellular level which results in the assembly, arrangement of constituent parts, or disassembly of external structures that lie outside the plasma membrane and surround the entire cell."" [GOC:ai, GOC:dph, GOC:jl, GOC:mah]",309,575,32,20972,0.05565217391304348,0.10355987055016182,query_1,['GO:0016043']
GO:BP,GO:0048247,lymphocyte chemotaxis,3.3638188777065267e-07,True,"""The directed movement of a lymphocyte in response to an external stimulus."" [GOC:hjd, GOC:jid, PMID:12391252]",45,575,13,20972,0.022608695652173914,0.28888888888888886,query_1,"['GO:0030595', 'GO:0072676']"
GO:BP,GO:2000516,"positive regulation of CD4-positive, alpha-beta T cell activation",3.3638188777065267e-07,True,"""Any process that activates or increases the frequency, rate or extent of CD4-positive, alpha-beta T cell activation."" [GOC:obol]",45,575,13,20972,0.022608695652173914,0.28888888888888886,query_1,"['GO:0035710', 'GO:0046635', 'GO:2000514']"
GO:BP,GO:1902622,regulation of neutrophil migration,3.3638188777065267e-07,True,"""Any process that modulates the frequency, rate or extent of neutrophil migration."" [GO_REF:0000058, GOC:TermGenie, PMID:1826836]",45,575,13,20972,0.022608695652173914,0.28888888888888886,query_1,"['GO:0002685', 'GO:1990266']"
GO:BP,GO:0071902,positive regulation of protein serine/threonine kinase activity,3.541496492543911e-07,True,"""Any process that increases the rate, frequency, or extent of protein serine/threonine kinase activity."" [GOC:mah]",110,575,19,20972,0.03304347826086956,0.17272727272727273,query_1,"['GO:0045860', 'GO:0071900']"
HP,HP:0011122,Abnormality of skin physiology,3.615005891185852e-07,True,Any abnormality of the physiological function of the skin.,609,241,63,5200,0.26141078838174275,0.10344827586206896,query_1,['HP:0000951']
GO:BP,GO:0045429,positive regulation of nitric oxide biosynthetic process,3.8000949519959426e-07,True,"""Any process that activates or increases the frequency, rate or extent of the chemical reactions and pathways resulting in the formation of nitric oxide."" [GOC:go_curators]",37,575,12,20972,0.020869565217391306,0.32432432432432434,query_1,"['GO:0006809', 'GO:0009891', 'GO:0045428']"
GO:BP,GO:0010573,vascular endothelial growth factor production,3.8000949519959426e-07,True,"""The appearance of vascular endothelial growth factor production due to biosynthesis or secretion following a cellular stimulus, resulting in an increase in its intracellular or extracellular levels."" [GOC:rl]",37,575,12,20972,0.020869565217391306,0.32432432432432434,query_1,['GO:0001816']
GO:BP,GO:1901550,regulation of endothelial cell development,3.915632454709678e-07,True,"""Any process that modulates the frequency, rate or extent of endothelial cell development."" [GOC:pr, GOC:TermGenie, PMID:19470579]",17,575,9,20972,0.01565217391304348,0.5294117647058824,query_1,"['GO:0001885', 'GO:0045601', 'GO:0060284']"
GO:BP,GO:1903140,regulation of establishment of endothelial barrier,3.915632454709678e-07,True,"""Any process that modulates the frequency, rate or extent of establishment of endothelial barrier."" [GO_REF:0000058, GOC:als, GOC:TermGenie, PMID:24851274]",17,575,9,20972,0.01565217391304348,0.5294117647058824,query_1,"['GO:0061028', 'GO:1901550']"
GO:BP,GO:0046632,alpha-beta T cell differentiation,3.920808634682387e-07,True,"""The process in which a precursor cell type acquires the specialized features of an alpha-beta T cell. An alpha-beta T cell is a T cell that expresses an alpha-beta T cell receptor complex."" [CL:0000789, GOC:ai]",137,575,21,20972,0.036521739130434785,0.15328467153284672,query_1,"['GO:0030217', 'GO:0046631']"
HP,HP:0001369,Arthritis,3.9547415804316456e-07,True,Inflammation of a joint.,254,241,37,5200,0.15352697095435686,0.14566929133858267,query_1,['HP:0001367']
REAC,REAC:R-HSA-5602358,Diseases associated with the TLR signaling cascade,3.984619863717202e-07,True,Diseases associated with the TLR signaling cascade,32,520,13,11056,0.025,0.40625,query_1,['REAC:R-HSA-5260271']
REAC,REAC:R-HSA-5260271,Diseases of Immune System,3.984619863717202e-07,True,Diseases of Immune System,32,520,13,11056,0.025,0.40625,query_1,['REAC:R-HSA-1643685']
GO:BP,GO:0001503,ossification,4.0510692809472087e-07,True,"""The formation of bone or of a bony substance, or the conversion of fibrous tissue or of cartilage into bone or a bony substance."" [GOC:mtg_mpo, PMID:17572649]",424,575,38,20972,0.06608695652173913,0.08962264150943396,query_1,['GO:0032501']
GO:BP,GO:0038145,macrophage colony-stimulating factor signaling pathway,4.273343802587961e-07,True,"""The series of molecular signals initiated by the binding of the cytokine macrophage colony-stimulating factor (M-CSF) to its receptor on the surface of a target cell, and ending with the regulation of a downstream cellular process, e.g. transcription."" [GOC:signaling, GOC:uh, PMID:12138890, Wikipedia:Macrophage_colony-stimulating_factor]",55,575,14,20972,0.02434782608695652,0.2545454545454545,query_1,"['GO:0019221', 'GO:0036006']"
GO:CC,GO:0030134,COPII-coated ER to Golgi transport vesicle,4.3011474104225146e-07,True,"""A vesicle with a coat formed of the COPII coat complex proteins. The COPII coat complex is formed by the Sec23p/Sec24p and the Sec13p/Sec31p heterodimers. COPII-associated vesicles transport proteins from the rough endoplasmic reticulum to the Golgi apparatus (anterograde transport)."" [PMID:11252894, PMID:17499046, PMID:22160157, PMID:8004676, Wikipedia:COPII]",90,579,16,22155,0.027633851468048358,0.17777777777777778,query_1,['GO:0030135']
GO:BP,GO:0072657,protein localization to membrane,4.479964642739997e-07,True,"""A process in which a protein is transported to, or maintained in, a specific location in a membrane."" [GOC:mah]",445,575,39,20972,0.06782608695652174,0.08764044943820225,query_1,"['GO:0008104', 'GO:0051668']"
HP,HP:0032251,Abnormal immune system morphology,4.49119328131732e-07,True,Abnormal immune system morphology,689,241,68,5200,0.2821576763485477,0.09869375907111756,query_1,['HP:0002715']
GO:BP,GO:0050798,activated T cell proliferation,4.5725575995683174e-07,True,"""The expansion of a T cell population following activation by an antigenic stimulus."" [GOC:add, GOC:dph]",46,575,13,20972,0.022608695652173914,0.2826086956521739,query_1,['GO:0042098']
GO:BP,GO:0046209,nitric oxide metabolic process,4.669616673143089e-07,True,"""The chemical reactions and pathways involving nitric oxide, nitrogen monoxide (NO), a colorless gas only slightly soluble in water."" [GOC:ai]",76,575,16,20972,0.02782608695652174,0.21052631578947367,query_1,['GO:2001057']
HP,HP:0000951,Abnormality of the skin,4.7491934636494666e-07,True,An abnormality of the skin.,2192,241,149,5200,0.6182572614107884,0.06797445255474452,query_1,['HP:0001574']
WP,WP:WP5562,Celiac disease mechanism and therapies,4.797305814698508e-07,True,Celiac disease mechanism and therapies,13,475,9,8899,0.018947368421052633,0.6923076923076923,query_1,['WP:000000']
GO:BP,GO:0002418,immune response to tumor cell,4.852785054166668e-07,True,"""An immune system process that functions in the response of an organism to a tumor cell."" [GOC:add, ISBN:0781735149, PMID:16730260]",30,575,11,20972,0.019130434782608695,0.36666666666666664,query_1,"['GO:0002347', 'GO:0006955']"
GO:BP,GO:0030316,osteoclast differentiation,4.890309028669218e-07,True,"""The process in which a relatively unspecialized monocyte acquires the specialized features of an osteoclast. An osteoclast is a specialized phagocytic cell associated with the absorption and removal of the mineralized matrix of bone tissue."" [CL:0000092, GOC:add, ISBN:0781735149, PMID:12161749]",112,575,19,20972,0.03304347826086956,0.16964285714285715,query_1,['GO:0002573']
GO:MF,GO:0030414,peptidase inhibitor activity,4.968224901708132e-07,True,"""Binds to and stops, prevents or reduces the activity of a peptidase, any enzyme that catalyzes the hydrolysis peptide bonds."" [GOC:jl]",174,573,23,20208,0.04013961605584642,0.13218390804597702,query_1,"['GO:0004857', 'GO:0061134']"
REAC,REAC:R-HSA-3000170,Syndecan interactions,5.172902447727926e-07,True,Syndecan interactions,27,520,12,11056,0.023076923076923078,0.4444444444444444,query_1,['REAC:R-HSA-3000171']
GO:BP,GO:0043903,regulation of biological process involved in symbiotic interaction,5.416667029676526e-07,True,"""Any process that modulates the frequency, rate or extent of symbiosis, an interaction between two organisms living together in more or less intimate association."" [GOC:jl]",38,575,12,20972,0.020869565217391306,0.3157894736842105,query_1,"['GO:0044403', 'GO:0050789']"
GO:BP,GO:0001885,endothelial cell development,5.457958932317409e-07,True,"""The progression of an endothelial cell over time, from its formation to the mature structure."" [GOC:dph]",66,575,15,20972,0.02608695652173913,0.22727272727272727,query_1,"['GO:0002064', 'GO:0045446']"
GO:BP,GO:2001057,reactive nitrogen species metabolic process,5.746913086535129e-07,True,"""The chemical reactions and pathways involving a reactive nitrogen species."" [GOC:obol]",77,575,16,20972,0.02782608695652174,0.2077922077922078,query_1,['GO:0008152']
WP,WP:WP4493,Cells and molecules involved in local acute inflammatory response ,5.901597866514438e-07,True,Cells and molecules involved in local acute inflammatory response ,17,475,10,8899,0.021052631578947368,0.5882352941176471,query_1,['WP:000000']
GO:CC,GO:0045335,phagocytic vesicle,6.018128068271724e-07,True,"""A membrane-bounded intracellular vesicle that arises from the ingestion of particulate material by phagocytosis."" [GOC:go_curators, ISBN:0198506732]",148,579,20,22155,0.03454231433506045,0.13513513513513514,query_1,['GO:0030139']
GO:BP,GO:0002483,antigen processing and presentation of endogenous peptide antigen,7.339210814542357e-07,True,"""The process in which an antigen-presenting cell expresses a peptide antigen of endogenous origin on its cell surface in association with an MHC protein complex. The peptide is typically a fragment of a larger endogenous protein which has been degraded within the cell."" [GOC:add, ISBN:0781735149]",24,575,10,20972,0.017391304347826087,0.4166666666666667,query_1,"['GO:0019883', 'GO:0048002']"
GO:MF,GO:0005518,collagen binding,7.502654866886079e-07,True,"""Binding to collagen, a group of fibrous proteins of very high tensile strength that form the main component of connective tissue in animals. Collagen is highly enriched in glycine (some regions are 33% glycine) and proline, occurring predominantly as 3-hydroxyproline (about 20%)."" [GOC:ai, ISBN:0198506732]",72,573,15,20208,0.02617801047120419,0.20833333333333334,query_1,['GO:0044877']
GO:BP,GO:0002218,activation of innate immune response,7.526755991328015e-07,True,"""Any process that initiates an innate immune response. Innate immune responses are defense responses mediated by germline encoded components that directly recognize components of potential pathogens. Examples of this process include activation of the hypersensitive response of Arabidopsis thaliana and activation of any NOD or TLR signaling pathway in vertebrate species."" [GO_REF:0000022, GOC:add, GOC:mtg_sensu, ISBN:0781735149, PMID:15199967, PMID:16177805]",320,575,32,20972,0.05565217391304348,0.1,query_1,"['GO:0002253', 'GO:0045089']"
GO:BP,GO:0001822,kidney development,7.526755991328015e-07,True,"""The process whose specific outcome is the progression of the kidney over time, from its formation to the mature structure. The kidney is an organ that filters the blood and/or excretes the end products of body metabolism in the form of urine."" [GOC:dph, GOC:mtg_kidney_jan10, ISBN:0124020607, ISBN:0721662544]",320,575,32,20972,0.05565217391304348,0.1,query_1,"['GO:0048513', 'GO:0072001']"
HPA,HPA:0530711,Spleen; cells in red pulp[≥Low],7.708698426867906e-07,True,Spleen; cells in red pulp[≥Low],5338,397,250,11007,0.6297229219143576,0.04683402023229674,query_1,['HPA:0530000']
REAC,REAC:R-HSA-5603041,IRAK4 deficiency (TLR2/4),8.320844110523974e-07,True,IRAK4 deficiency (TLR2/4),18,520,10,11056,0.019230769230769232,0.5555555555555556,query_1,['REAC:R-HSA-5602358']
GO:BP,GO:0007219,Notch signaling pathway,8.614443902907591e-07,True,"""The series of molecular signals initiated by an extracellular ligand binding to the receptor Notch on the surface of a target cell, and ending with the regulation of a downstream cellular process, e.g. transcription."" [GOC:go_curators, GOC:signaling]",187,575,24,20972,0.04173913043478261,0.12834224598930483,query_1,['GO:0007166']
GO:MF,GO:0005030,neurotrophin receptor activity,8.662961540626971e-07,True,"""Combining with a neurotrophin, any of a family of growth factors that prevent apoptosis in neurons and promote nerve growth, and transmitting the signal to initiate a change in cell activity."" [GOC:jl, GOC:signaling]",52,573,13,20208,0.02268760907504363,0.25,query_1,['GO:0038023']
GO:MF,GO:0005010,insulin-like growth factor receptor activity,8.662961540626971e-07,True,"""Combining with insulin-like growth factor receptor ligand and transmitting the signal across the plasma membrane to initiate a change in cell activity."" [GOC:mah]",52,573,13,20208,0.02268760907504363,0.25,query_1,['GO:0004714']
HP,HP:0012649,Increased inflammatory response,8.697024090103627e-07,True,A abnormal increase in the inflammatory response to injury or infection.,1352,241,106,5200,0.43983402489626555,0.07840236686390532,query_1,['HP:0012647']
HP,HP:0012647,Abnormal inflammatory response,8.697024090103627e-07,True,"Any anomaly of the inflammatory response, a response to injury or infection characterized by local vasodilation, extravasation of plasma into intercellular spaces and accumulation of white blood cells and macrophages.",1352,241,106,5200,0.43983402489626555,0.07840236686390532,query_1,['HP:0010978']
WP,WP:WP5087,Pleural mesothelioma,8.838800075289677e-07,True,Pleural mesothelioma,435,475,54,8899,0.11368421052631579,0.12413793103448276,query_1,['WP:000000']
GO:BP,GO:0045639,positive regulation of myeloid cell differentiation,8.851803213356128e-07,True,"""Any process that activates or increases the frequency, rate or extent of myeloid cell differentiation."" [GOC:go_curators]",103,575,18,20972,0.03130434782608696,0.17475728155339806,query_1,"['GO:0030099', 'GO:0045597', 'GO:0045637']"
GO:MF,GO:0005031,tumor necrosis factor receptor activity,8.898698603688825e-07,True,"""Combining with tumor necrosis factor, a proinflammatory cytokine produced by monocytes and macrophages, to initiate a change in cell function."" [GOC:jl, http://lookwayup.com/]",10,573,7,20208,0.012216404886561954,0.7,query_1,['GO:0005035']
GO:MF,GO:0050786,RAGE receptor binding,8.898698603688825e-07,True,"""Binding to a RAGE receptor, the receptor for advanced glycation end-products."" [GOC:ai]",10,573,7,20208,0.012216404886561954,0.7,query_1,['GO:0005102']
GO:MF,GO:0071723,lipopeptide binding,8.898698603688825e-07,True,"""Binding to a lipopeptide, any of a group of organic compounds comprising two or more amino acids linked by peptide bonds and containing a nonprotein group consisting of a lipid or lipids."" [GOC:add, PMID:12077222, PMID:12524386, PMID:2757794]",10,573,7,20208,0.012216404886561954,0.7,query_1,['GO:0008289']
GO:BP,GO:1903053,regulation of extracellular matrix organization,9.230658224779325e-07,True,"""Any process that modulates the frequency, rate or extent of extracellular matrix organization."" [GO_REF:0000058, GOC:BHF, GOC:rl, GOC:TermGenie, PMID:22357537]",58,575,14,20972,0.02434782608695652,0.2413793103448276,query_1,"['GO:0030198', 'GO:0051128']"
GO:MF,GO:0005044,scavenger receptor activity,9.538655696401869e-07,True,"""Combining with any modified low-density lipoprotein (LDL) or other polyanionic ligand and delivering the ligand into the cell via endocytosis. Ligands include acetylated and oxidized LDL, Gram-positive and Gram-negative bacteria, apoptotic cells, amyloid-beta fibrils, and advanced glycation end products (AGEs)."" [GOC:bf, PMID:11790542, PMID:12379907, PMID:12621157, PMID:20981357]",27,573,10,20208,0.017452006980802792,0.37037037037037035,query_1,['GO:0038024']
GO:BP,GO:0003018,vascular process in circulatory system,9.68472989662135e-07,True,"""A circulatory process that occurs at the level of the vasculature."" [GOC:mtg_cardio]",270,575,29,20972,0.050434782608695654,0.10740740740740741,query_1,['GO:0003013']
REAC,REAC:R-HSA-202427,Phosphorylation of CD3 and TCR zeta chains,9.969074240536542e-07,True,Phosphorylation of CD3 and TCR zeta chains,23,520,11,11056,0.021153846153846155,0.4782608695652174,query_1,['REAC:R-HSA-202403']
HP,HP:0033331,Acute phase response,1.0540013013414457e-06,True,"Presence of one or more manifestations of the acute phase response. Acute phase proteins (APP) are blood proteins primarily synthesized by hepatocytes as part of the acute phase response (APR). The APR is part of the early-defense or innate immune system, which is triggered by different stimuli including trauma, infection, stress, neoplasia, and inflammation. The APR results in a complex systemic reaction with the goal of reestablishing homeostasis and promoting healing.",215,241,33,5200,0.13692946058091288,0.15348837209302327,query_1,['HP:0001939']
GO:BP,GO:0032733,positive regulation of interleukin-10 production,1.0631482297676467e-06,True,"""Any process that activates or increases the frequency, rate, or extent of interleukin-10 production."" [GOC:mah]",40,575,12,20972,0.020869565217391306,0.3,query_1,"['GO:0001819', 'GO:0032613', 'GO:0032653']"
GO:BP,GO:0002691,regulation of cellular extravasation,1.0631482297676467e-06,True,"""Any process that modulates the frequency, rate, or extent of cellular extravasation."" [GOC:add]",40,575,12,20972,0.020869565217391306,0.3,query_1,"['GO:0002685', 'GO:0045123']"
GO:MF,GO:0050840,extracellular matrix binding,1.0854420943295367e-06,True,"""Binding to a component of the extracellular matrix."" [GOC:ai]",63,573,14,20208,0.02443280977312391,0.2222222222222222,query_1,['GO:0005488']
GO:BP,GO:0061028,establishment of endothelial barrier,1.0942074845446435e-06,True,"""The establishment of a barrier between endothelial cell layers, such as those in the brain, lung or intestine, to exert specific and selective control over the passage of water and solutes, thus allowing formation and maintenance of compartments that differ in fluid and solute composition."" [GOC:dph]",49,575,13,20972,0.022608695652173914,0.2653061224489796,query_1,['GO:0001885']
GO:BP,GO:0048588,developmental cell growth,1.0984317257223803e-06,True,"""The growth of a cell, where growth contributes to the progression of the cell over time from one condition to another."" [GOC:go_curators, GOC:isa_complete]",221,575,26,20972,0.04521739130434783,0.11764705882352941,query_1,"['GO:0016049', 'GO:0048468', 'GO:0048589']"
GO:BP,GO:0038063,collagen-activated tyrosine kinase receptor signaling pathway,1.1801092117955575e-06,True,"""The series of molecular signals initiated by collagen binding to its receptor on the surface of a target cell where the receptor possesses tyrosine kinase activity, and ending with the regulation of a downstream cellular process, e.g. transcription."" [GOC:bf, GOC:uh, PMID:15888913, PMID:16626936]",59,575,14,20972,0.02434782608695652,0.23728813559322035,query_1,"['GO:0007169', 'GO:0038065']"
GO:BP,GO:0042104,positive regulation of activated T cell proliferation,1.1933011041954294e-06,True,"""Any process that activates or increases the rate or extent of activated T cell proliferation."" [GOC:jl]",25,575,10,20972,0.017391304347826087,0.4,query_1,"['GO:0042102', 'GO:0046006', 'GO:0050798']"
HP,HP:0011123,Inflammatory abnormality of the skin,1.1957951701455288e-06,True,"The presence of inflammation of the skin. That is, an abnormality of the skin resulting from the local accumulation of fluid, plasma proteins, and leukocytes.",536,241,57,5200,0.23651452282157676,0.10634328358208955,query_1,"['HP:0011122', 'HP:0012649']"
GO:MF,GO:0005041,low-density lipoprotein particle receptor activity,1.2077881891597448e-06,True,"""Combining with a low-density lipoprotein particle and delivering the low-density lipoprotein particle into the cell via endocytosis."" [GOC:bf, ISBN:0198506732]",15,573,8,20208,0.013961605584642234,0.5333333333333333,query_1,['GO:0030228']
GO:CC,GO:0101003,ficolin-1-rich granule membrane,1.2087062039104273e-06,True,"""The lipid bilayer surrounding a ficolin-1-rich granule."" [GOC:mec, PMID:23650620]",60,579,13,22155,0.022452504317789293,0.21666666666666667,query_1,"['GO:0030667', 'GO:0070820', 'GO:0101002']"
HP,HP:0001744,Splenomegaly,1.225807216731403e-06,True,Abnormal increased size of the spleen.,507,241,55,5200,0.22821576763485477,0.10848126232741617,query_1,"['HP:0003271', 'HP:0025408']"
GO:BP,GO:0043367,"CD4-positive, alpha-beta T cell differentiation",1.227862878931467e-06,True,"""The process in which a relatively unspecialized T cell acquires specialized features of a mature CD4-positive, alpha-beta T cell."" [CL:0000624, ISBN:0781735149]",105,575,18,20972,0.03130434782608696,0.17142857142857143,query_1,"['GO:0035710', 'GO:0046632']"
HP,HP:0011029,Internal hemorrhage,1.2771029810568668e-06,True,The presence of hemorrhage within the body.,354,241,44,5200,0.1825726141078838,0.12429378531073447,query_1,"['HP:0001892', 'HP:0011028']"
GO:BP,GO:0014033,neural crest cell differentiation,1.3172507067830745e-06,True,"""The process in which a relatively unspecialized cell acquires specialized features of a neural crest cell."" [GOC:dh, GOC:ef]",93,575,17,20972,0.029565217391304348,0.1827956989247312,query_1,"['GO:0048762', 'GO:0048863']"
GO:BP,GO:0007565,female pregnancy,1.3986102775783894e-06,True,"""The set of physiological processes that allow an embryo or foetus to develop within the body of a female animal. It covers the time from fertilization of a female ovum by a male spermatozoon until birth."" [ISBN:0192800825]",176,575,23,20972,0.04,0.13068181818181818,query_1,"['GO:0044703', 'GO:0044706']"
GO:BP,GO:0072577,endothelial cell apoptotic process,1.5009513304944953e-06,True,"""Any apoptotic process in an endothelial cell. An endothelial cell comprises the outermost layer or lining of anatomical structures and can be squamous or cuboidal."" [CL:0000115, GOC:BHF, GOC:mah, GOC:mtg_apoptosis]",60,575,14,20972,0.02434782608695652,0.23333333333333334,query_1,['GO:0006915']
GO:BP,GO:0003008,system process,1.554038619510282e-06,True,"""A multicellular organismal process carried out by any of the organs or tissues in an organ system. An organ system is a regularly interacting or interdependent group of organs or tissues that work together to carry out a biological objective."" [GOC:mtg_cardio]",2290,575,112,20972,0.19478260869565217,0.04890829694323144,query_1,['GO:0032501']
GO:BP,GO:0071900,regulation of protein serine/threonine kinase activity,1.657838243193489e-06,True,"""Any process that modulates the rate, frequency, or extent of protein serine/threonine kinase activity."" [GOC:mah]",193,575,24,20972,0.04173913043478261,0.12435233160621761,query_1,['GO:0045859']
GO:BP,GO:0070555,response to interleukin-1,1.6899817607772688e-06,True,"""Any process that results in a change in state or activity of a cell or an organism (in terms of movement, secretion, enzyme production, gene expression, etc.) as a result of an interleukin-1 stimulus."" [GOC:BHF, GOC:mah]",107,575,18,20972,0.03130434782608696,0.16822429906542055,query_1,['GO:0034097']
KEGG,KEGG:04062,Chemokine signaling pathway,1.7055832027220362e-06,True,Chemokine signaling pathway,191,482,32,8716,0.06639004149377593,0.16753926701570682,query_1,['KEGG:00000']
REAC,REAC:R-HSA-389948,Co-inhibition by PD-1,1.7629170636702678e-06,True,Co-inhibition by PD-1,24,520,11,11056,0.021153846153846155,0.4583333333333333,query_1,['REAC:R-HSA-388841']
GO:BP,GO:0072001,renal system development,1.770107002207038e-06,True,"""The process whose specific outcome is the progression of the renal system over time, from its formation to the mature structure. The renal system maintains fluid balance and contributes to electrolyte balance, acid/base balance, and disposal of nitrogenous waste products. In humans, the renal system comprises a pair of kidneys, a pair of ureters, urinary bladder, urethra, sphincter muscle and associated blood vessels."" [GOC:mtg_kidney_jan10, GOC:yaf, PMID:6996269]",331,575,32,20972,0.05565217391304348,0.09667673716012085,query_1,['GO:0048731']
GO:BP,GO:0071679,commissural neuron axon guidance,1.8814851350451971e-06,True,"""The process in which the migration of an axon growth cone of a commissural neuron is directed to its target in the brain in response to a combination of attractive and repulsive cues."" [GOC:BHF, GOC:mah]",14,575,8,20972,0.01391304347826087,0.5714285714285714,query_1,['GO:0007411']
GO:BP,GO:0002686,negative regulation of leukocyte migration,1.8872526493035783e-06,True,"""Any process that stops, prevents, or reduces the frequency, rate, or extent of leukocyte migration."" [GOC:add]",51,575,13,20972,0.022608695652173914,0.2549019607843137,query_1,"['GO:0002683', 'GO:0002685', 'GO:0030336', 'GO:0050900']"
GO:BP,GO:0048012,hepatocyte growth factor receptor signaling pathway,1.8995491807144027e-06,True,"""The series of molecular signals initiated by a ligand binding to a hepatocyte growth factor receptor, and ending with the regulation of a downstream cellular process, e.g. transcription."" [GOC:ceb]",61,575,14,20972,0.02434782608695652,0.22950819672131148,query_1,['GO:0007169']
GO:BP,GO:0002763,positive regulation of myeloid leukocyte differentiation,1.8995491807144027e-06,True,"""Any process that activates or increases the frequency, rate, or extent of myeloid leukocyte differentiation."" [GOC:add]",61,575,14,20972,0.02434782608695652,0.22950819672131148,query_1,"['GO:0002573', 'GO:0002761', 'GO:0045639', 'GO:1902107']"
GO:BP,GO:0019730,antimicrobial humoral response,1.9300219712138215e-06,True,"""An immune response against microbes mediated through a body fluid. Examples of this process are seen in the antimicrobial humoral response of Drosophila melanogaster and Mus musculus."" [GOC:go_curators, GOC:mtg_sensu]",149,575,21,20972,0.036521739130434785,0.14093959731543623,query_1,"['GO:0006959', 'GO:0140546']"
TF,TF:M12556,Factor: ETV4; motif: NCAGGAAGNN,1.9337021566168314e-06,True,Factor: ETV4; motif: NCAGGAAGNN,11126,579,392,20093,0.6770293609671848,0.03523278806399425,query_1,['TF:M00000']
HPA,HPA:0460201,Skin 1; endothelial cells[≥Low],1.9533904484210748e-06,True,Skin 1; endothelial cells[≥Low],840,397,64,11007,0.16120906801007556,0.0761904761904762,query_1,['HPA:0460000']
GO:BP,GO:0032835,glomerulus development,2.0191726758641123e-06,True,"""The progression of the glomerulus over time from its initial formation until its mature state. The glomerulus is a capillary tuft which forms a close network with the visceral epithelium (podocytes) and the mesangium to form the filtration barrier and is surrounded by Bowman's capsule in nephrons of the vertebrate kidney. The glomerulus is part of the nephron and is restricted to one body segment."" [GOC:mah, GOC:mtg_kidney_jan10]",72,575,15,20972,0.02608695652173913,0.20833333333333334,query_1,"['GO:0048856', 'GO:0072006']"
GO:BP,GO:0008015,blood circulation,2.1880038899023845e-06,True,"""The flow of blood through the body of an animal, enabling the transport of nutrients to the tissues and the removal of waste products."" [GOC:mtg_heart, ISBN:0192800825]",511,575,41,20972,0.07130434782608695,0.08023483365949119,query_1,['GO:0003013']
REAC,REAC:R-HSA-3000157,Laminin interactions,2.260576244585485e-06,True,Laminin interactions,30,520,12,11056,0.023076923076923078,0.4,query_1,['REAC:R-HSA-1474244']
GO:BP,GO:0010810,regulation of cell-substrate adhesion,2.2629281481270062e-06,True,"""Any process that modulates the frequency, rate or extent of cell-substrate adhesion. Cell-substrate adhesion is the attachment of a cell to the underlying substrate via adhesion molecules."" [GOC:dph, GOC:pf, GOC:tb]",212,575,25,20972,0.043478260869565216,0.1179245283018868,query_1,"['GO:0030155', 'GO:0031589']"
GO:BP,GO:0044703,multi-organism reproductive process,2.2769955462641092e-06,True,"""A biological process that directly contributes to the process of producing new individuals, involving another organism."" [GOC:jl]",196,575,24,20972,0.04173913043478261,0.12244897959183673,query_1,['GO:0022414']
GO:MF,GO:0048185,activin binding,2.3872119363904143e-06,True,"""Binding to activin, a dimer of inhibin-beta subunits."" [GOC:jid, GOC:mah]",11,573,7,20208,0.012216404886561954,0.6363636363636364,query_1,['GO:0044877']
HP,HP:0000095,Abnormal renal glomerulus morphology,2.392203051190174e-06,True,A structural anomaly of the glomerulus.,210,241,32,5200,0.13278008298755187,0.1523809523809524,query_1,['HP:0031263']
GO:BP,GO:0031663,lipopolysaccharide-mediated signaling pathway,2.3925108609409862e-06,True,"""The series of molecular signals initiated by the binding of a lipopolysaccharide (LPS) to a receptor on the surface of a target cell, and ending with the regulation of a downstream cellular process, e.g. transcription. Lipopolysaccharides are major components of the outer membrane of Gram-negative bacteria, making them prime targets for recognition by the immune system."" [GOC:mah, GOC:signaling, PMID:15379975]",62,575,14,20972,0.02434782608695652,0.22580645161290322,query_1,"['GO:0007166', 'GO:0071222']"
GO:BP,GO:0140131,positive regulation of lymphocyte chemotaxis,2.5132390815478627e-06,True,"""Any process that activates or increases the frequency, rate or extent of lymphocyte chemotaxis."" [PMID:19255442]",20,575,9,20972,0.01565217391304348,0.45,query_1,"['GO:0002690', 'GO:0048247', 'GO:1901623', 'GO:2000403']"
GO:CC,GO:0042612,MHC class I protein complex,2.5827187791251007e-06,True,"""A transmembrane protein complex composed of a MHC class I alpha chain and an invariant beta2-microglobin chain, and with or without a bound peptide antigen. Class I here refers to classical class I molecules."" [GOC:add, GOC:jl, ISBN:0120781859, ISBN:0781735149]",8,579,6,22155,0.010362694300518135,0.75,query_1,['GO:0042611']
HP,HP:0410241,Abnormal circulating IgE concentration,2.6335987164813227e-06,True,An abnormal deviation from normal levels of IgE immunoglobulin in blood.,62,241,17,5200,0.07053941908713693,0.27419354838709675,query_1,['HP:0010701']
HP,HP:0005339,Abnormality of complement system,2.6335987164813227e-06,True,An abnormality of the complement system.,62,241,17,5200,0.07053941908713693,0.27419354838709675,query_1,['HP:0005368']
GO:BP,GO:1903829,positive regulation of protein localization,2.6758854156344093e-06,True,"""Any process that activates or increases the frequency, rate or extent of a protein localization."" [GO_REF:0000058, GOC:TermGenie, GOC:vw]",433,575,37,20972,0.06434782608695652,0.08545034642032333,query_1,"['GO:0008104', 'GO:0032880', 'GO:0048518']"
KEGG,KEGG:05417,Lipid and atherosclerosis,2.6847917441156465e-06,True,Lipid and atherosclerosis,215,482,34,8716,0.07053941908713693,0.15813953488372093,query_1,['KEGG:00000']
HP,HP:0031263,Abnormal renal corpuscle morphology,2.706481137601153e-06,True,"Any anomalous structure of the renal corpuscle, which is the initial component of the nephron that filters blood. The renal corpuscle consists of a knot of capillaries (glomerulus) that is surrounded by a double-walled capsule (Bowman capsule) that opens into a renal tubule.",211,241,32,5200,0.13278008298755187,0.15165876777251186,query_1,"['HP:0011035', 'HP:0012575']"
GO:BP,GO:0002701,negative regulation of production of molecular mediator of immune response,2.707776825942505e-06,True,"""Any process that stops, prevents, or reduces the frequency, rate, or extent of the production of molecular mediator of immune response."" [GOC:add]",43,575,12,20972,0.020869565217391306,0.27906976744186046,query_1,"['GO:0002440', 'GO:0002698', 'GO:0002700', 'GO:0010629']"
GO:BP,GO:0045637,regulation of myeloid cell differentiation,2.7582708880826156e-06,True,"""Any process that modulates the frequency, rate or extent of myeloid cell differentiation."" [GOC:go_curators]",214,575,25,20972,0.043478260869565216,0.11682242990654206,query_1,"['GO:0030099', 'GO:1903706']"
GO:MF,GO:0008289,lipid binding,2.798861810593932e-06,True,"""Binding to a lipid."" [GOC:ai]",854,573,56,20208,0.09773123909249563,0.06557377049180328,query_1,['GO:0005488']
GO:BP,GO:1990845,adaptive thermogenesis,2.8367565913246994e-06,True,"""The regulated production of heat in response to short term environmental changes, such as stress, diet or reduced temperature."" [PMID:17260010, PMID:20363363]",167,575,22,20972,0.03826086956521739,0.1317365269461078,query_1,['GO:0001659']
GO:BP,GO:0050770,regulation of axonogenesis,2.960229576870018e-06,True,"""Any process that modulates the frequency, rate or extent of axonogenesis, the generation of an axon, the long process of a neuron."" [GOC:ai]",138,575,20,20972,0.034782608695652174,0.14492753623188406,query_1,"['GO:0007409', 'GO:0010975', 'GO:0022603']"
GO:BP,GO:0048598,embryonic morphogenesis,2.9723536993476083e-06,True,"""The process in which anatomical structures are generated and organized during the embryonic phase. The embryonic phase begins with zygote formation. The end of the embryonic phase is organism-specific. For example, it would be at birth for mammals, larval hatching for insects and seed dormancy in plants."" [GOC:jid, GOC:mtg_sensu]",623,575,46,20972,0.08,0.0738362760834671,query_1,"['GO:0009653', 'GO:0009790']"
GO:BP,GO:0120035,regulation of plasma membrane bounded cell projection organization,2.9723536993476083e-06,True,"""Any process that modulates the frequency, rate or extent of a process involved in the formation, arrangement of constituent parts, or disassembly of plasma membrane bounded cell projections."" [GOC:krc]",623,575,46,20972,0.08,0.0738362760834671,query_1,"['GO:0031344', 'GO:0120036']"
GO:BP,GO:0038065,collagen-activated signaling pathway,2.9995236058611168e-06,True,"""The series of molecular signals initiated by collagen binding to a cell surface receptor, and ending with the regulation of a downstream cellular process, e.g. transcription."" [GOC:bf, GOC:uh, PMID:21568710]",63,575,14,20972,0.02434782608695652,0.2222222222222222,query_1,['GO:0007166']
GO:BP,GO:0035791,platelet-derived growth factor receptor-beta signaling pathway,2.9995236058611168e-06,True,"""The series of molecular signals initiated by the binding of a ligand to a beta-type platelet-derived growth factor receptor (PDGFbeta) on the surface of a signal-receiving cell, and ending with the regulation of a downstream cellular process, e.g. transcription."" [GOC:bf, GOC:signaling, GOC:yaf, PMID:10372961]",63,575,14,20972,0.02434782608695652,0.2222222222222222,query_1,['GO:0048008']
GO:BP,GO:0048675,axon extension,3.1313362616129094e-06,True,"""Long distance growth of a single axon process involved in cellular development."" [GOC:BHF, GOC:dgh, GOC:dph, GOC:jid, GOC:lm, GOC:rl]",111,575,18,20972,0.03130434782608696,0.16216216216216217,query_1,"['GO:0007409', 'GO:1990138']"
HP,HP:0001892,Abnormal bleeding,3.260566598914346e-06,True,"An abnormal susceptibility to bleeding, often referred to as a bleeding diathesis. A bleeding diathesis may be related to vascular, platelet and coagulation defects.",550,241,57,5200,0.23651452282157676,0.10363636363636364,query_1,['HP:0001871']
HP,HP:0011028,Abnormality of blood circulation,3.272752585258126e-06,True,An abnormality of blood circulation.,378,241,45,5200,0.18672199170124482,0.11904761904761904,query_1,['HP:0011025']
GO:BP,GO:0018108,peptidyl-tyrosine phosphorylation,3.370746806300316e-06,True,"""The phosphorylation of peptidyl-tyrosine to form peptidyl-O4'-phospho-L-tyrosine."" [RESID:AA0039]",139,575,20,20972,0.034782608695652174,0.14388489208633093,query_1,"['GO:0006468', 'GO:0018212']"
GO:BP,GO:2000377,regulation of reactive oxygen species metabolic process,3.370746806300316e-06,True,"""Any process that modulates the frequency, rate or extent of reactive oxygen species metabolic process."" [GOC:mah]",139,575,20,20972,0.034782608695652174,0.14388489208633093,query_1,"['GO:0019222', 'GO:0072593']"
GO:BP,GO:0043434,response to peptide hormone,3.4146939589883464e-06,True,"""Any process that results in a change in state or activity of a cell or an organism (in terms of movement, secretion, enzyme production, gene expression, etc.) as a result of a peptide hormone stimulus. A peptide hormone is any of a class of peptides that are secreted into the blood stream and have endocrine functions in living animals."" [PMID:11027914, PMID:15134857, Wikipedia:Peptide_hormone]",457,575,38,20972,0.06608695652173913,0.08315098468271334,query_1,"['GO:0009725', 'GO:1901698', 'GO:1901700']"
GO:CC,GO:0005775,vacuolar lumen,3.4945577809557976e-06,True,"""The volume enclosed within the vacuolar membrane."" [ISBN:0198506732]",180,579,21,22155,0.03626943005181347,0.11666666666666667,query_1,"['GO:0005773', 'GO:0070013']"
HP,HP:0011035,Abnormal renal cortex morphology,3.4951142683627837e-06,True,An abnormality of the cortex of the kidney.,249,241,35,5200,0.14522821576763487,0.14056224899598393,query_1,['HP:0012210']
GO:BP,GO:0034103,regulation of tissue remodeling,3.693423925558422e-06,True,"""Any process that modulates the frequency, rate, or extent of tissue remodeling."" [GOC:add]",75,575,15,20972,0.02608695652173913,0.2,query_1,"['GO:0048771', 'GO:0051239']"
GO:MF,GO:0038187,pattern recognition receptor activity,3.715147088554774e-06,True,"""Combining with a pathogen-associated molecular pattern (PAMP), a structure conserved among microbial species to initiate an innate immune response."" [GOC:ar, GOC:bf]",48,573,12,20208,0.020942408376963352,0.25,query_1,['GO:0038023']
HP,HP:0045073,Serositis,3.834735727813136e-06,True,Inflammation in any serous cavity.,107,241,22,5200,0.0912863070539419,0.205607476635514,query_1,['HP:0012649']
HP,HP:0033796,Abnormal leukocyte physiology,3.929261847884049e-06,True,A functional abnormality of a white blood cell.,353,241,43,5200,0.17842323651452283,0.12181303116147309,query_1,"['HP:0001871', 'HP:0010978']"
GO:BP,GO:0150079,negative regulation of neuroinflammatory response,3.934981649529202e-06,True,"""Any process that stops, prevents or reduces the frequency, rate or extent of neuroinflammatory response."" [GOC:aruk, GOC:bc, PMID:11099416, PMID:18164423]",15,575,8,20972,0.01391304347826087,0.5333333333333333,query_1,"['GO:0050728', 'GO:0150076', 'GO:0150077']"
KEGG,KEGG:05134,Legionellosis,3.9603588710869714e-06,True,Legionellosis,56,482,16,8716,0.03319502074688797,0.2857142857142857,query_1,['KEGG:00000']
GO:BP,GO:0010959,regulation of metal ion transport,4.003452872093523e-06,True,"""Any process that modulates the frequency, rate, or extent of metal ion transport. Metal ion transport is the directed movement of metal ions, any metal ion with an electric charge, into, out of or within a cell, or between cells, by means of some agent such as a transporter or pore."" [GOC:dph, GOC:tb]",342,575,32,20972,0.05565217391304348,0.0935672514619883,query_1,"['GO:0030001', 'GO:0043269']"
GO:BP,GO:2000107,negative regulation of leukocyte apoptotic process,4.072549698992093e-06,True,"""Any process that stops, prevents, or reduces the frequency, rate or extent of leukocyte apoptotic process."" [GOC:BHF, GOC:mtg_apoptosis]",54,575,13,20972,0.022608695652173914,0.24074074074074073,query_1,"['GO:0043066', 'GO:0071887', 'GO:2000106']"
REAC,REAC:R-HSA-422475,Axon guidance,4.156602334959207e-06,True,Axon guidance,543,520,57,11056,0.10961538461538461,0.10497237569060773,query_1,['REAC:R-HSA-9675108']
HP,HP:0001881,Abnormal leukocyte morphology,4.159885550848483e-06,True,An abnormality of leukocytes.,661,241,64,5200,0.26556016597510373,0.09682299546142209,query_1,"['HP:0001871', 'HP:0010987']"
HP,HP:0010987,Abnormal cellular immune system morphology,4.159885550848483e-06,True,An abnormality of the morphology or counts of the cells that make up the immune system.,661,241,64,5200,0.26556016597510373,0.09682299546142209,query_1,['HP:0032251']
GO:BP,GO:0002275,myeloid cell activation involved in immune response,4.25189893187998e-06,True,"""A change in the morphology or behavior of a myeloid cell resulting from exposure to an activating factor such as a cellular or soluble ligand, leading to the initiation or perpetuation of an immune response."" [GOC:add, ISBN:0781735149]",100,575,17,20972,0.029565217391304348,0.17,query_1,"['GO:0002274', 'GO:0002366']"
GO:BP,GO:0002523,leukocyte migration involved in inflammatory response,4.291543846388438e-06,True,"""The movement of a leukocyte within or between different tissues and organs of the body contributing to an inflammatory response."" [GOC:add, ISBN:0781735149, PMID:14680625, PMID:14708592, PMID:7507411, PMID:8600538]",21,575,9,20972,0.01565217391304348,0.42857142857142855,query_1,"['GO:0006954', 'GO:0050900']"
REAC,REAC:R-HSA-388841,Regulation of T cell activation by CD28 family,4.3204625468542165e-06,True,Regulation of T cell activation by CD28 family,67,520,17,11056,0.032692307692307694,0.2537313432835821,query_1,['REAC:R-HSA-1280218']
GO:MF,GO:0034185,apolipoprotein binding,4.339155526660749e-06,True,"""Binding to an apolipoprotein, the protein component of a lipoprotein complex."" [GOC:BHF, GOC:rl]",17,573,8,20208,0.013961605584642234,0.47058823529411764,query_1,['GO:0005515']
GO:BP,GO:0018212,peptidyl-tyrosine modification,4.354853751378784e-06,True,"""The modification of peptidyl-tyrosine."" [GOC:go_curators]",141,575,20,20972,0.034782608695652174,0.14184397163120568,query_1,['GO:0018193']
GO:BP,GO:0001837,epithelial to mesenchymal transition,4.466853940853346e-06,True,"""A transition where an epithelial cell loses apical/basolateral polarity, severs intercellular adhesive junctions, degrades basement membrane components and becomes a migratory mesenchymal cell."" [GOC:dph, PMID:14701881]",171,575,22,20972,0.03826086956521739,0.1286549707602339,query_1,['GO:0048762']
GO:BP,GO:0032880,regulation of protein localization,4.509757813738023e-06,True,"""Any process that modulates the frequency, rate or extent of any process in which a protein is transported to, or maintained in, a specific location."" [GOC:dph, GOC:mah, GOC:tb]",859,575,56,20972,0.09739130434782609,0.06519208381839348,query_1,"['GO:0008104', 'GO:0032879']"
WP,WP:WP75,Toll like receptor signaling,4.615047717781328e-06,True,Toll like receptor signaling,95,475,21,8899,0.04421052631578947,0.22105263157894736,query_1,['WP:000000']
GO:BP,GO:0045806,negative regulation of endocytosis,4.652819078447906e-06,True,"""Any process that stops, prevents, or reduces the frequency, rate or extent of endocytosis."" [GOC:go_curators]",65,575,14,20972,0.02434782608695652,0.2153846153846154,query_1,"['GO:0006897', 'GO:0030100', 'GO:0051051', 'GO:0051129']"
GO:CC,GO:0030665,clathrin-coated vesicle membrane,4.799267040592436e-06,True,"""The lipid bilayer surrounding a clathrin-coated vesicle."" [GOC:mah]",135,579,18,22155,0.031088082901554404,0.13333333333333333,query_1,"['GO:0030136', 'GO:0030662']"
GO:BP,GO:0006953,acute-phase response,4.829325978783228e-06,True,"""An acute inflammatory response that involves non-antibody proteins whose concentrations in the plasma increase in response to infection or injury of homeothermic animals."" [ISBN:0198506732]",45,575,12,20972,0.020869565217391306,0.26666666666666666,query_1,['GO:0002526']
HP,HP:0031409,Abnormal lymphocyte physiology,4.872790181907969e-06,True,Any anomaly of lymphocyte function.,342,241,42,5200,0.17427385892116182,0.12280701754385964,query_1,"['HP:0011017', 'HP:0033796']"
HP,HP:0410240,Abnormal circulating IgA concentration,4.915131359784824e-06,True,An abnormal deviation from normal levels of IgA immunoglobulin in blood.,128,241,24,5200,0.0995850622406639,0.1875,query_1,['HP:0010701']
GO:BP,GO:0048009,insulin-like growth factor receptor signaling pathway,4.9843017375229324e-06,True,"""The series of molecular signals initiated by a ligand binding to an insulin-like growth factor receptor on the surface of a target cell, and ending with the regulation of a downstream cellular process, e.g. transcription."" [GOC:ceb]",101,575,17,20972,0.029565217391304348,0.16831683168316833,query_1,['GO:0007169']
HP,HP:0001945,Fever,5.035438106341021e-06,True,Body temperature elevated above the normal range.,439,241,49,5200,0.2033195020746888,0.11161731207289294,query_1,['HP:0004370']
HPA,HPA:0461433,Skin 1; extracellular matrix[High],5.066378410992211e-06,True,Skin 1; extracellular matrix[High],27,397,10,11007,0.02518891687657431,0.37037037037037035,query_1,['HPA:0461432']
GO:BP,GO:0043536,positive regulation of blood vessel endothelial cell migration,5.200830630980963e-06,True,"""Any process that activates or increases the frequency, rate or extent of the migration of the endothelial cells of blood vessels."" [GOC:go_curators]",55,575,13,20972,0.022608695652173914,0.23636363636363636,query_1,"['GO:0010595', 'GO:0043534', 'GO:0043535']"
GO:BP,GO:2000351,regulation of endothelial cell apoptotic process,5.200830630980963e-06,True,"""Any process that modulates the frequency, rate or extent of endothelial cell apoptotic process."" [GOC:mah, GOC:mtg_apoptosis]",55,575,13,20972,0.022608695652173914,0.23636363636363636,query_1,"['GO:0042981', 'GO:0072577']"
GO:MF,GO:0016799,"hydrolase activity, hydrolyzing N-glycosyl compounds",5.332836327239907e-06,True,"""Catalysis of the hydrolysis of any N-glycosyl bond."" [GOC:jl]",40,573,11,20208,0.019197207678883072,0.275,query_1,['GO:0016798']
GO:CC,GO:0005581,collagen trimer,5.606997491077393e-06,True,"""A protein complex consisting of three collagen chains assembled into a left-handed triple helix. These trimers typically assemble into higher order structures."" [GOC:dos, GOC:mah, PMID:19693541, PMID:21421911]",93,579,15,22155,0.025906735751295335,0.16129032258064516,query_1,['GO:0032991']
GO:BP,GO:0002444,myeloid leukocyte mediated immunity,5.643897877718607e-06,True,"""Any process involved in the carrying out of an immune response by a myeloid leukocyte."" [GO_REF:0000022, GOC:add, ISBN:0781735149]",115,575,18,20972,0.03130434782608696,0.1565217391304348,query_1,['GO:0002443']
GO:BP,GO:0044706,multi-multicellular organism process,5.682935118136341e-06,True,"""A multicellular organism process which involves another multicellular organism of the same or different species."" [GOC:jl]",205,575,24,20972,0.04173913043478261,0.11707317073170732,query_1,['GO:0032501']
GO:BP,GO:0061844,antimicrobial humoral immune response mediated by antimicrobial peptide,5.831301440061754e-06,True,"""An immune response against microbes mediated by anti-microbial peptides in body fluid."" [PMID:15761415, PMID:24287494]",102,575,17,20972,0.029565217391304348,0.16666666666666666,query_1,['GO:0019730']
GO:BP,GO:0010975,regulation of neuron projection development,6.073793652691778e-06,True,"""Any process that modulates the rate, frequency or extent of neuron projection development. Neuron projection development is the process whose specific outcome is the progression of a neuron projection over time, from its formation to the mature structure. A neuron projection is any process extending from a neural cell, such as axons or dendrites (collectively called neurites)."" [GOC:dph, GOC:tb]",426,575,36,20972,0.06260869565217392,0.08450704225352113,query_1,"['GO:0031175', 'GO:0120035']"
GO:MF,GO:0060175,brain-derived neurotrophic factor receptor activity,6.147457699616514e-06,True,"""Combining with a brain-derived neurotrophic factor and transmitting the signal across the plasma membrane to initiate a change in cell activity."" [GOC:bf, GOC:dph]",50,573,12,20208,0.020942408376963352,0.24,query_1,"['GO:0004714', 'GO:0005030']"
GO:MF,GO:0005018,platelet-derived growth factor alpha-receptor activity,6.147457699616514e-06,True,"""Combining with platelet-derived growth factor isoform PDGF-AA, PDGF-BB or PDGF-AB to initiate a change in cell activity."" [PMID:1657917]",50,573,12,20208,0.020942408376963352,0.24,query_1,['GO:0005017']
GO:MF,GO:0005004,GPI-linked ephrin receptor activity,6.147457699616514e-06,True,"""Combining with a GPI-anchored ephrin to initiate a change in cell activity."" [GOC:mah, PMID:9530499]",50,573,12,20208,0.020942408376963352,0.24,query_1,['GO:0005003']
GO:MF,GO:0005020,stem cell factor receptor activity,6.147457699616514e-06,True,"""Combining with stem cell factor (SCF) receptor ligand and transmitting the signal from one side of the membrane to the other to initiate a change in cell activity by catalysis of the reaction: ATP + a protein-L-tyrosine = ADP + a protein-L-tyrosine phosphate. Stem cell factor is a cytokine that stimulates mast cell growth and differentiation."" [GOC:jl, GOC:signaling, PMID:10698217]",50,573,12,20208,0.020942408376963352,0.24,query_1,['GO:0004714']
GO:MF,GO:0005011,macrophage colony-stimulating factor receptor activity,6.147457699616514e-06,True,"""Combining with macrophage colony-stimulating factor (M-CSF) receptor ligand and transmitting the signal from one side of the membrane to the other to initiate a change in cell activity by catalysis of the reaction: ATP + a protein-L-tyrosine = ADP + a protein-L-tyrosine phosphate."" [GOC:mah, GOC:signaling]",50,573,12,20208,0.020942408376963352,0.24,query_1,['GO:0004714']
GO:MF,GO:0036332,placental growth factor receptor activity,6.147457699616514e-06,True,"""Combining with placental growth factor (PlGF) receptor ligand and transmitting the signal across the plasma membrane to initiate a change in cell activity."" [GOC:uh, PMID:12871269, PMID:7929268, Wikipedia:Placental_growth_factor]",50,573,12,20208,0.020942408376963352,0.24,query_1,['GO:0004714']
GO:MF,GO:0005008,hepatocyte growth factor receptor activity,6.147457699616514e-06,True,"""Combining with hepatocyte growth factor receptor ligand and transmitting the signal across the plasma membrane to initiate a change in cell activity."" [GOC:mah]",50,573,12,20208,0.020942408376963352,0.24,query_1,['GO:0004714']
GO:MF,GO:0038062,protein tyrosine kinase collagen receptor activity,6.147457699616514e-06,True,"""Combining with collagen and transmitting the signal from one side of the membrane to the other to initiate a change in cell activity by catalysis of the reaction: ATP + a protein-L-tyrosine = ADP + a protein-L-tyrosine phosphate."" [GOC:bf, GOC:uh, PMID:16626936, PMID:21568710]",50,573,12,20208,0.020942408376963352,0.24,query_1,"['GO:0004714', 'GO:0038064']"
GO:MF,GO:0008288,boss receptor activity,6.147457699616514e-06,True,"""Combining with a protein bride of sevenless (boss) and transmitting the signal from one side of the membrane to the other to initiate a change in cell activity by catalysis of the reaction: ATP + a protein-L-tyrosine = ADP + a protein-L-tyrosine phosphate."" [GOC:jl, GOC:signaling]",50,573,12,20208,0.020942408376963352,0.24,query_1,['GO:0004714']
GO:MF,GO:0005009,insulin receptor activity,6.147457699616514e-06,True,"""Combining with insulin receptor ligand and transmitting the signal across the plasma membrane to initiate a change in cell activity."" [ISBN:0198506732]",50,573,12,20208,0.020942408376963352,0.24,query_1,"['GO:0004714', 'GO:0016500']"
KEGG,KEGG:03266,Virion - Herpesvirus,6.162199585852561e-06,True,Virion - Herpesvirus,9,482,7,8716,0.014522821576763486,0.7777777777777778,query_1,['KEGG:00000']
HP,HP:0001287,Meningitis,6.186162030511234e-06,True,Inflammation of the meninges.,82,241,19,5200,0.07883817427385892,0.23170731707317074,query_1,['HP:0011450']
WP,WP:WP2572,Primary focal segmental glomerulosclerosis FSGS ,6.320831867839678e-06,True,Primary focal segmental glomerulosclerosis FSGS ,72,475,18,8899,0.037894736842105266,0.25,query_1,['WP:000000']
GO:BP,GO:0061756,leukocyte adhesion to vascular endothelial cell,6.372409585427874e-06,True,"""The attachment of a leukocyte to vascular endothelial cell via adhesion molecules."" [GOC:add, GOC:bc, GOC:BHF, GOC:BHF_miRNA, PMID:23897866]",46,575,12,20972,0.020869565217391306,0.2608695652173913,query_1,['GO:0007159']
HPA,HPA:0401333,Rectum; mucosal lymphoid cells[High],6.473826262245105e-06,True,Rectum; mucosal lymphoid cells[High],177,397,24,11007,0.060453400503778336,0.13559322033898305,query_1,['HPA:0401332']
GO:BP,GO:0001773,myeloid dendritic cell activation,6.62331292512315e-06,True,"""The change in morphology and behavior of a dendritic cell resulting from exposure to a cytokine, chemokine, cellular ligand, or soluble factor."" [GOC:mgi_curators, ISBN:0781735149]",29,575,10,20972,0.017391304347826087,0.3448275862068966,query_1,['GO:0002274']
GO:BP,GO:0031344,regulation of cell projection organization,6.62923469061016e-06,True,"""Any process that modulates the frequency, rate or extent of a process involved in the formation, arrangement of constituent parts, or disassembly of cell projections."" [GOC:mah]",639,575,46,20972,0.08,0.07198748043818466,query_1,"['GO:0030030', 'GO:0051128']"
HPA,HPA:0470201,Skin 2; endothelial cells[≥Low],6.729821470911738e-06,True,Skin 2; endothelial cells[≥Low],887,397,65,11007,0.163727959697733,0.07328072153325817,query_1,['HPA:0470000']
GO:BP,GO:0042692,muscle cell differentiation,6.755052183237742e-06,True,"""The process in which a relatively unspecialized cell acquires specialized features of a muscle cell."" [CL:0000187, GOC:go_curators]",388,575,34,20972,0.059130434782608696,0.08762886597938144,query_1,"['GO:0030154', 'GO:0061061']"
GO:BP,GO:2000561,"regulation of CD4-positive, alpha-beta T cell proliferation",7.086584271324205e-06,True,"""Any process that modulates the frequency, rate or extent of CD4-positive, alpha-beta T cell proliferation."" [GOC:obol]",22,575,9,20972,0.01565217391304348,0.4090909090909091,query_1,"['GO:0035739', 'GO:0046640', 'GO:2000514']"
GO:BP,GO:0035739,"CD4-positive, alpha-beta T cell proliferation",7.086584271324205e-06,True,"""The expansion of a CD4-positive, alpha-beta T cell population by cell division."" [CL:0000624, GOC:BHF]",22,575,9,20972,0.01565217391304348,0.4090909090909091,query_1,"['GO:0035710', 'GO:0046633']"
GO:BP,GO:0060445,branching involved in salivary gland morphogenesis,7.086584271324205e-06,True,"""The process in which the branching structure of the salivary gland is generated and organized."" [GOC:dph]",22,575,9,20972,0.01565217391304348,0.4090909090909091,query_1,"['GO:0007435', 'GO:0061138']"
REAC,REAC:R-HSA-381426,Regulation of Insulin-like Growth Factor (IGF) transport and uptake by Insulin-like Growth Factor Binding Proteins (IGFBPs),7.184304253346487e-06,True,Regulation of Insulin-like Growth Factor (IGF) transport and uptake by Insulin-like Growth Factor Binding Proteins (IGFBPs),124,520,23,11056,0.04423076923076923,0.18548387096774194,query_1,['REAC:R-HSA-392499']
HP,HP:0012475,Decreased circulating level of specific antibody,7.4292924540616396e-06,True,The presence of normal overall immunoglobulin levels with deficiency of specific immunoglobulins directed against a specific antigen or microorganism.,58,241,16,5200,0.06639004149377593,0.27586206896551724,query_1,"['HP:0004313', 'HP:0031404']"
GO:MF,GO:0043395,heparan sulfate proteoglycan binding,7.616781000662643e-06,True,"""Binding to a heparan sulfate proteoglycan, any proteoglycan containing heparan sulfate as the glycosaminoglycan carbohydrate unit."" [ISBN:0198506732]",18,573,8,20208,0.013961605584642234,0.4444444444444444,query_1,['GO:0043394']
REAC,REAC:R-HSA-1236975,Antigen processing-Cross presentation,7.723041933191925e-06,True,Antigen processing-Cross presentation,105,520,21,11056,0.04038461538461539,0.2,query_1,['REAC:R-HSA-983169']
GO:MF,GO:0005509,calcium ion binding,7.726818148012297e-06,True,"""Binding to a calcium ion (Ca2+)."" [GOC:ai]",718,573,49,20208,0.08551483420593368,0.06824512534818941,query_1,['GO:0046872']
GO:MF,GO:0005017,platelet-derived growth factor receptor activity,7.833805215279226e-06,True,"""Combining with platelet-derived growth factor receptor ligand and transmitting the signal across the plasma membrane to initiate a change in cell activity."" [GOC:mah]",51,573,12,20208,0.020942408376963352,0.23529411764705882,query_1,['GO:0004714']
GO:MF,GO:0005006,epidermal growth factor receptor activity,7.833805215279226e-06,True,"""Combining with an epidermal growth factor receptor ligand and transmitting the signal across the plasma membrane to initiate a change in cell activity."" [GOC:bf]",51,573,12,20208,0.020942408376963352,0.23529411764705882,query_1,['GO:0004714']
GO:MF,GO:0005019,platelet-derived growth factor beta-receptor activity,7.833805215279226e-06,True,"""Combining with platelet-derived growth factor isoform PDGF-BB or PDGF-AB to initiate a change in cell activity."" [PMID:1657917]",51,573,12,20208,0.020942408376963352,0.23529411764705882,query_1,['GO:0005017']
GO:MF,GO:0005007,fibroblast growth factor receptor activity,7.833805215279226e-06,True,"""Combining with a fibroblast growth factor receptor ligand and transmitting the signal across the plasma membrane to initiate a change in cell activity."" [GOC:mah]",51,573,12,20208,0.020942408376963352,0.23529411764705882,query_1,['GO:0004714']
GO:BP,GO:0032370,positive regulation of lipid transport,7.894409888832153e-06,True,"""Any process that activates or increases the frequency, rate or extent of the directed movement of lipids into, out of or within a cell, or between cells, by means of some agent such as a transporter or pore."" [GOC:mah]",79,575,15,20972,0.02608695652173913,0.189873417721519,query_1,"['GO:0006869', 'GO:0032368', 'GO:0051050', 'GO:1905954']"
GO:BP,GO:2000343,positive regulation of chemokine (C-X-C motif) ligand 2 production,8.022656433097336e-06,True,"""Any process that activates or increases the frequency, rate or extent of chemokine (C-X-C motif) ligand 2 production."" [GOC:BHF, GOC:mah]",11,575,7,20972,0.01217391304347826,0.6363636363636364,query_1,"['GO:0032722', 'GO:0072567', 'GO:2000341']"
KEGG,KEGG:04620,Toll-like receptor signaling pathway,8.060659163726412e-06,True,Toll-like receptor signaling pathway,107,482,22,8716,0.04564315352697095,0.205607476635514,query_1,['KEGG:00000']
GO:BP,GO:0032715,negative regulation of interleukin-6 production,8.345898926339089e-06,True,"""Any process that stops, prevents, or reduces the frequency, rate, or extent of interleukin-6 production."" [GOC:mah]",47,575,12,20972,0.020869565217391306,0.2553191489361702,query_1,"['GO:0001818', 'GO:0032635', 'GO:0032675']"
GO:BP,GO:0030225,macrophage differentiation,8.716544555182694e-06,True,"""The process in which a relatively unspecialized monocyte acquires the specialized features of a macrophage."" [GOC:add, ISBN:0781735149]",68,575,14,20972,0.02434782608695652,0.20588235294117646,query_1,"['GO:0002573', 'GO:1903131']"
GO:BP,GO:1903036,positive regulation of response to wounding,8.716544555182694e-06,True,"""Any process that activates or increases the frequency, rate or extent of response to wounding."" [GO_REF:0000058, GOC:kmv, GOC:TermGenie, PMID:19164535]",68,575,14,20972,0.02434782608695652,0.20588235294117646,query_1,"['GO:0009611', 'GO:0048584', 'GO:1903034']"
HPA,HPA:0030443,Appendix; non-germinal center cells[High],8.740671075242497e-06,True,Appendix; non-germinal center cells[High],104,397,18,11007,0.04534005037783375,0.17307692307692307,query_1,['HPA:0030442']
GO:BP,GO:0010742,macrophage derived foam cell differentiation,8.759326357475043e-06,True,"""The process in which a monocyte acquires the specialized features of a foam cell. A foam cell is a type of cell containing lipids in small vacuoles and typically seen in atherosclerotic lesions, as well as other conditions."" [GOC:add, GOC:dph, GOC:tb]",38,575,11,20972,0.019130434782608695,0.2894736842105263,query_1,['GO:0090077']
GO:BP,GO:0090077,foam cell differentiation,8.759326357475043e-06,True,"""The process in which a relatively unspecialized cell acquires the specialized features of a foam cell. A foam cell is a type of cell containing lipids in small vacuoles and typically seen in atherosclerotic lesions, as well as other conditions."" [GOC:add, GOC:BHF, GOC:dph, GOC:tb]",38,575,11,20972,0.019130434782608695,0.2894736842105263,query_1,['GO:0030154']
WP,WP:WP4884,Pathogenesis of SARS CoV 2 mediated by nsp9 nsp10 complex,8.812866326732685e-06,True,Pathogenesis of SARS CoV 2 mediated by nsp9 nsp10 complex,21,475,10,8899,0.021052631578947368,0.47619047619047616,query_1,['WP:000000']
HP,HP:0032436,Abnormal circulating C-reactive protein concentration,9.464408915620018e-06,True,Any deviation from the normal concentration of C-reactive protein in the blood circulation.,93,241,20,5200,0.08298755186721991,0.21505376344086022,query_1,['HP:0010876']
MIRNA,MIRNA:hsa-mir-146a-5p,hsa-mir-146a-5p,9.481359519016696e-06,True,hsa-mir-146a-5p,196,554,25,16638,0.04512635379061372,0.12755102040816327,query_1,['MIRNA:000000']
WP,WP:WP5540,Multiple sclerosis mechanism and therapies,9.645896904531545e-06,True,Multiple sclerosis mechanism and therapies,9,475,7,8899,0.014736842105263158,0.7777777777777778,query_1,['WP:000000']
HP,HP:0004431,Reduced circulating complement concentration,9.77695921367283e-06,True,An immunodeficiency defined by the absent or suboptimal functioning of one of the complement system proteins.,59,241,16,5200,0.06639004149377593,0.2711864406779661,query_1,['HP:0005339']
REAC,REAC:R-HSA-5602498,MyD88 deficiency (TLR2/4),1.0022987042105506e-05,True,MyD88 deficiency (TLR2/4),17,520,9,11056,0.01730769230769231,0.5294117647058824,query_1,['REAC:R-HSA-5602358']
GO:MF,GO:0001847,opsonin receptor activity,1.012400010096716e-05,True,"""Combining with an opsonin and transmitting the signal from one side of the membrane to the other to initiate a change in cell activity."" [GOC:add, GOC:signaling, ISBN:0781735149]",5,573,5,20208,0.008726003490401396,1.0,query_1,['GO:0004888']
REAC,REAC:R-HSA-5686938,Regulation of TLR by endogenous ligand,1.0363318046438209e-05,True,Regulation of TLR by endogenous ligand,22,520,10,11056,0.019230769230769232,0.45454545454545453,query_1,['REAC:R-HSA-168898']
GO:BP,GO:0038127,ERBB signaling pathway,1.0635770149176568e-05,True,"""The series of molecular signals initiated by binding of a ligand to a member of the ERBB family of receptor tyrosine kinases on the surface of a cell, and ending with the regulation of a downstream cellular process, e.g. transcription."" [GOC:jc, PMID:16460914, Wikipedia:ErbB]",179,575,22,20972,0.03826086956521739,0.12290502793296089,query_1,['GO:0007169']
HP,HP:0000123,Nephritis,1.0721363652537854e-05,True,The presence of inflammation affecting the kidney.,154,241,26,5200,0.1078838174273859,0.16883116883116883,query_1,"['HP:0012211', 'HP:0012649']"
GO:BP,GO:0007157,heterophilic cell-cell adhesion,1.0853076582124056e-05,True,"""The attachment of an adhesion molecule in one cell to a nonidentical adhesion molecule in an adjacent cell."" [ISBN:0198506732]",48,575,12,20972,0.020869565217391306,0.25,query_1,['GO:0098609']
REAC,REAC:R-HSA-8957275,Post-translational protein phosphorylation,1.0972798803471e-05,True,Post-translational protein phosphorylation,107,520,21,11056,0.04038461538461539,0.19626168224299065,query_1,['REAC:R-HSA-597592']
GO:BP,GO:0090066,regulation of anatomical structure size,1.123064431887195e-05,True,"""Any process that modulates the size of an anatomical structure."" [GOC:dph, GOC:tb]",498,575,39,20972,0.06782608695652174,0.0783132530120482,query_1,['GO:0065008']
HPA,HPA:0460203,Skin 1; endothelial cells[High],1.1301738789360115e-05,True,Skin 1; endothelial cells[High],316,397,33,11007,0.08312342569269521,0.10443037974683544,query_1,['HPA:0460202']
KEGG,KEGG:04668,TNF signaling pathway,1.1479784763737429e-05,True,TNF signaling pathway,118,482,23,8716,0.04771784232365145,0.19491525423728814,query_1,['KEGG:00000']
REAC,REAC:R-HSA-9006934,Signaling by Receptor Tyrosine Kinases,1.1858740347987982e-05,True,Signaling by Receptor Tyrosine Kinases,516,520,54,11056,0.10384615384615385,0.10465116279069768,query_1,['REAC:R-HSA-162582']
GO:BP,GO:0050708,regulation of protein secretion,1.2392037510655007e-05,True,"""Any process that modulates the frequency, rate or extent of the controlled release of a protein from a cell."" [GOC:ai]",265,575,27,20972,0.04695652173913043,0.1018867924528302,query_1,"['GO:0009306', 'GO:0051223', 'GO:1903530']"
GO:MF,GO:0005005,transmembrane-ephrin receptor activity,1.250132368136193e-05,True,"""Combining with a transmembrane ephrin to initiate a change in cell activity."" [GOC:mah, PMID:9530499]",53,573,12,20208,0.020942408376963352,0.22641509433962265,query_1,['GO:0005003']
GO:BP,GO:0051928,positive regulation of calcium ion transport,1.2542035513820156e-05,True,"""Any process that activates or increases the frequency, rate or extent of the directed movement of calcium ions into, out of or within a cell, or between cells, by means of some agent such as a transporter or pore."" [GOC:ai]",94,575,16,20972,0.02782608695652174,0.1702127659574468,query_1,"['GO:0006816', 'GO:0043270', 'GO:0051924']"
GO:BP,GO:0050854,regulation of antigen receptor-mediated signaling pathway,1.2997548289238855e-05,True,"""Any process that modulates the frequency, rate or extent of signaling pathways initiated by the cross-linking of an antigen receptor on a B- or T cell."" [GOC:ai]",70,575,14,20972,0.02434782608695652,0.2,query_1,"['GO:0009966', 'GO:0050776', 'GO:0050851']"
GO:BP,GO:0002292,T cell differentiation involved in immune response,1.3528987396115893e-05,True,"""The process in which an antigenically naive T cell acquires the specialized features of an effector, regulatory, or memory T cell as part of an immune response. Effector T cells include cells which provide T cell help or exhibit cytotoxicity towards other cells."" [GOC:add, ISBN:0781735149]",82,575,15,20972,0.02608695652173913,0.18292682926829268,query_1,"['GO:0002286', 'GO:0030217']"
GO:BP,GO:0150146,cell junction disassembly,1.395835491669867e-05,True,"""The disaggregation of a cell junction into its constituent components."" [GOC:aruk, PMID:25490267]",31,575,10,20972,0.017391304347826087,0.3225806451612903,query_1,"['GO:0022411', 'GO:0034330']"
GO:BP,GO:0046636,negative regulation of alpha-beta T cell activation,1.4018115208365948e-05,True,"""Any process that stops, prevents, or reduces the frequency, rate or extent of alpha-beta T cell activation."" [GOC:ai]",49,575,12,20972,0.020869565217391306,0.24489795918367346,query_1,"['GO:0046631', 'GO:0046634', 'GO:0050868']"
GO:BP,GO:0031649,heat generation,1.41607185418963e-05,True,"""Any homeostatic process in which an organism produces heat, thereby raising its internal temperature."" [GOC:mah]",17,575,8,20972,0.01391304347826087,0.47058823529411764,query_1,['GO:0001659']
GO:BP,GO:0048841,regulation of axon extension involved in axon guidance,1.41607185418963e-05,True,"""Any process that modulates the frequency, rate or extent of axon extension involved in axon guidance."" [GOC:devbiol]",17,575,8,20972,0.01391304347826087,0.47058823529411764,query_1,"['GO:0030516', 'GO:0048846']"
GO:BP,GO:0051961,negative regulation of nervous system development,1.4334853697100069e-05,True,"""Any process that stops, prevents, or reduces the frequency, rate or extent of nervous system development, the origin and formation of nervous tissue."" [GOC:ai]",136,575,19,20972,0.03304347826086956,0.13970588235294118,query_1,"['GO:0007399', 'GO:0051093', 'GO:0051241', 'GO:0051960']"
WP,WP:WP5548,Blood based neuroinflammation markers ,1.5391342593387e-05,True,Blood based neuroinflammation markers ,22,475,10,8899,0.021052631578947368,0.45454545454545453,query_1,['WP:000000']
GO:MF,GO:0005003,ephrin receptor activity,1.566306316255072e-05,True,"""Combining with an ephrin receptor ligand to initiate a change in cell activity."" [GOC:mah, PMID:9530499]",54,573,12,20208,0.020942408376963352,0.2222222222222222,query_1,['GO:0004714']
GO:MF,GO:0038064,collagen receptor activity,1.566306316255072e-05,True,"""Combining with a collagen and transmitting the signal from one side of the membrane to the other to initiate a change in cell activity."" [GOC:bf, GOC:uh, PMID:21568710]",54,573,12,20208,0.020942408376963352,0.2222222222222222,query_1,['GO:0004888']
GO:CC,GO:0045178,basal part of cell,1.5684341644705664e-05,True,"""The region of a cell situated near the base. For example, in a polarized epithelial cell, the basal surface rests on the basal lamina that separates the epithelium from other tissue."" [GOC:mah, ISBN:0815316194]",309,579,27,22155,0.046632124352331605,0.08737864077669903,query_1,['GO:0110165']
WP,WP:WP4484,Control of immune tolerance by vasoactive intestinal peptide,1.5706714875148605e-05,True,Control of immune tolerance by vasoactive intestinal peptide,13,475,8,8899,0.016842105263157894,0.6153846153846154,query_1,['WP:000000']
GO:BP,GO:0032732,positive regulation of interleukin-1 production,1.5787260724504818e-05,True,"""Any process that activates or increases the frequency, rate, or extent of interleukin-1 production."" [GOC:mah]",71,575,14,20972,0.02434782608695652,0.19718309859154928,query_1,"['GO:0001819', 'GO:0032612', 'GO:0032652']"
GO:BP,GO:0007566,embryo implantation,1.6332763152200022e-05,True,"""Attachment of the blastocyst to the uterine lining."" [GOC:isa_complete, PMID:10882512]",60,575,13,20972,0.022608695652173914,0.21666666666666667,query_1,"['GO:0007275', 'GO:0007565', 'GO:0022414']"
WP,WP:WP4541,Hippo Merlin signaling dysregulation,1.6737135564699476e-05,True,Hippo Merlin signaling dysregulation,120,475,23,8899,0.04842105263157895,0.19166666666666668,query_1,['WP:000000']
HP,HP:0002202,Pleural effusion,1.697351465434673e-05,True,The presence of an excessive amount of fluid in the pleural cavity.,96,241,20,5200,0.08298755186721991,0.20833333333333334,query_1,"['HP:0000969', 'HP:0002103']"
HP,HP:0002843,Abnormal T cell morphology,1.7446851788287706e-05,True,"Abnormal increase or decrease of total or subset T cell count. T cells are commonly characterized as CD3+ lymphocytes, or their subpopulations, in the blood, compared to a reference range for a given sex and age-group, measured ex vivo. These may include both TCR alpha/beta and gamma/delta T cells.",136,241,24,5200,0.0995850622406639,0.17647058823529413,query_1,['HP:0004332']
REAC,REAC:R-HSA-2172127,DAP12 interactions,1.7571161860418154e-05,True,DAP12 interactions,35,520,12,11056,0.023076923076923078,0.34285714285714286,query_1,['REAC:R-HSA-168249']
GO:BP,GO:0036323,vascular endothelial growth factor receptor-1 signaling pathway,1.7989530617603448e-05,True,"""The series of molecular signals initiated by a ligand binding to a vascular endothelial growth factor receptor-1 (VEGFR-1) on the surface of a target cell, and ending with the regulation of a downstream cellular process, e.g. transcription."" [GOC:bf, GOC:uh, Wikipedia:FLT1, Wikipedia:VEGF_receptors]",50,575,12,20972,0.020869565217391306,0.24,query_1,['GO:0048010']
REAC,REAC:R-HSA-877300,Interferon gamma signaling,1.820942551645101e-05,True,Interferon gamma signaling,91,520,19,11056,0.03653846153846154,0.2087912087912088,query_1,['REAC:R-HSA-913531']
GO:BP,GO:0044344,cellular response to fibroblast growth factor stimulus,1.8453239272685193e-05,True,"""Any process that results in a change in state or activity of a cell (in terms of movement, secretion, enzyme production, gene expression, etc.) as a result of an fibroblast growth factor stimulus."" [GOC:jl, GOC:yaf]",153,575,20,20972,0.034782608695652174,0.13071895424836602,query_1,"['GO:0071363', 'GO:0071774']"
GO:BP,GO:0042117,monocyte activation,1.8798558991302023e-05,True,"""The change in morphology and behavior of a monocyte resulting from exposure to a cytokine, chemokine, cellular ligand, or soluble factor."" [GOC:mgi_curators, ISBN:0781735149]",12,575,7,20972,0.01217391304347826,0.5833333333333334,query_1,['GO:0002274']
GO:BP,GO:0008625,extrinsic apoptotic signaling pathway via death domain receptors,1.9112972097775393e-05,True,"""The series of molecular signals in which a signal is conveyed from the cell surface to trigger the apoptotic death of a cell. The pathway starts with a ligand binding to a death domain receptor on the cell surface, and ends when the execution phase of apoptosis is triggered."" [GOC:mah, GOC:mtg_apoptosis]",84,575,15,20972,0.02608695652173913,0.17857142857142858,query_1,['GO:0097191']
GO:BP,GO:0002761,regulation of myeloid leukocyte differentiation,1.9401637315753864e-05,True,"""Any process that modulates the frequency, rate, or extent of myeloid leukocyte differentiation."" [GOC:add]",124,575,18,20972,0.03130434782608696,0.14516129032258066,query_1,"['GO:0002573', 'GO:0045637', 'GO:1902105']"
GO:BP,GO:1990138,neuron projection extension,1.959415807124504e-05,True,"""Long distance growth of a single neuron projection involved in cellular development. A neuron projection is a prolongation or process extending from a nerve cell, e.g. an axon or dendrite."" [GOC:BHF, GOC:rl, PMID:22790009]",169,575,21,20972,0.036521739130434785,0.1242603550295858,query_1,"['GO:0048588', 'GO:0048812', 'GO:0060560']"
GO:BP,GO:0090022,regulation of neutrophil chemotaxis,1.9807385634002984e-05,True,"""Any process that modulates the frequency, rate, or extent of neutrophil chemotaxis. Neutrophil chemotaxis is the directed movement of a neutrophil cell, the most numerous polymorphonuclear leukocyte found in the blood, in response to an external stimulus, usually an infection or wounding."" [GOC:dph, GOC:tb]",32,575,10,20972,0.017391304347826087,0.3125,query_1,"['GO:0030593', 'GO:0071622', 'GO:1902622']"
GO:BP,GO:0002825,regulation of T-helper 1 type immune response,1.9807385634002984e-05,True,"""Any process that modulates the frequency, rate, or extent of a T-helper 1 type immune response."" [GOC:add]",32,575,10,20972,0.017391304347826087,0.3125,query_1,"['GO:0002822', 'GO:0042088']"
GO:BP,GO:0002719,negative regulation of cytokine production involved in immune response,1.9807385634002984e-05,True,"""Any process that stops, prevents, or reduces the frequency, rate, or extent of cytokine production contributing to an immune response."" [GOC:add]",32,575,10,20972,0.017391304347826087,0.3125,query_1,"['GO:0001818', 'GO:0002367', 'GO:0002701', 'GO:0002718']"
REAC,REAC:R-HSA-9675108,Nervous system development,2.0803693368058106e-05,True,Nervous system development,568,520,57,11056,0.10961538461538461,0.10035211267605634,query_1,['REAC:R-HSA-1266738']
HP,HP:0011227,Elevated circulating C-reactive protein concentration,2.177187632437596e-05,True,An abnormal elevation of the C-reactive protein level in the blood circulation.,88,241,19,5200,0.07883817427385892,0.2159090909090909,query_1,"['HP:0032436', 'HP:0033331']"
GO:MF,GO:0005161,platelet-derived growth factor receptor binding,2.3048536951906922e-05,True,"""Binding to a platelet-derived growth factor receptor."" [GOC:ai]",14,573,7,20208,0.012216404886561954,0.5,query_1,['GO:0070851']
GO:BP,GO:0007200,phospholipase C-activating G protein-coupled receptor signaling pathway,2.3363935521968994e-05,True,"""A G protein-coupled receptor signaling pathway in which the signal is transmitted via the activation of phospholipase C (PLC) and a subsequent increase in the intracellular concentration of inositol trisphosphate (IP3) and diacylglycerol (DAG). IP3 regulates the opening of calcium channels in intracellular calcium store, leading to the release of calcium into the cytosol. Calcium and DAG activate protein kinase C (PKC), which in turn activates downstream effectors."" [GOC:dph, GOC:mah, GOC:signaling, GOC:tb, ISBN:0815316194]",140,575,19,20972,0.03304347826086956,0.1357142857142857,query_1,['GO:0007186']
WP,WP:WP3863,T cell antigen receptor TCR pathway during Staphylococcus aureus infection,2.3500548516695222e-05,True,T cell antigen receptor TCR pathway during Staphylococcus aureus infection,62,475,16,8899,0.03368421052631579,0.25806451612903225,query_1,['WP:000000']
HP,HP:0410242,Abnormal circulating IgG concentration,2.356280750037861e-05,True,An abnormal deviation from normal levels of IgG immunoglobulin in blood.,138,241,24,5200,0.0995850622406639,0.17391304347826086,query_1,['HP:0010701']
GO:BP,GO:0006956,complement activation,2.497727330983742e-05,True,"""Any process involved in the activation of any of the steps of the complement cascade, which allows for the direct killing of microbes, the disposal of immune complexes, and the regulation of other immune processes; the initial steps of complement activation involve one of three pathways, the classical pathway, the alternative pathway, and the lectin pathway, all of which lead to the terminal complement pathway."" [GO_REF:0000022, GOC:add, ISBN:0781735149]",62,575,13,20972,0.022608695652173914,0.20967741935483872,query_1,"['GO:0002252', 'GO:0002253', 'GO:0006959']"
HP,HP:0002204,Pulmonary embolism,2.4985647706924098e-05,True,"An embolus (that is, an abnormal particle circulating in the blood) located in the pulmonary artery and thereby blocking blood circulation to the lung. Usually the embolus is a blood clot that has developed in an extremity (for instance, a deep venous thrombosis), detached, and traveled through the circulation before becoming trapped in the pulmonary artery.",40,241,13,5200,0.05394190871369295,0.325,query_1,['HP:0030875']
WP,WP:WP5485,Post COVID neuroinflammation,2.5940983686723483e-05,True,Post COVID neuroinflammation,23,475,10,8899,0.021052631578947368,0.43478260869565216,query_1,['WP:000000']
GO:CC,GO:0000139,Golgi membrane,2.59451509677023e-05,True,"""The lipid bilayer surrounding any of the compartments of the Golgi apparatus."" [GOC:mah]",700,579,44,22155,0.07599309153713299,0.06285714285714286,query_1,"['GO:0005794', 'GO:0098588']"
GO:CC,GO:0030136,clathrin-coated vesicle,2.6160101609149405e-05,True,"""A vesicle with a coat formed of clathrin connected to the membrane via one of the clathrin adaptor complexes."" [GOC:mah, PMID:11252894]",220,579,22,22155,0.037996545768566495,0.1,query_1,['GO:0030135']
GO:BP,GO:0031620,regulation of fever generation,2.6337975250242226e-05,True,"""Any process that modulates the rate or extent of fever generation."" [GOC:add, GOC:dph, GOC:tb]",8,575,6,20972,0.010434782608695653,0.75,query_1,"['GO:0001660', 'GO:0002673', 'GO:0031650']"
GO:BP,GO:2000501,regulation of natural killer cell chemotaxis,2.6337975250242226e-05,True,"""Any process that modulates the frequency, rate or extent of natural killer cell chemotaxis."" [GOC:BHF]",8,575,6,20972,0.010434782608695653,0.75,query_1,"['GO:0035747', 'GO:1901623']"
GO:BP,GO:0051402,neuron apoptotic process,2.6638630141699947e-05,True,"""Any apoptotic process in a neuron, the basic cellular unit of nervous tissue. Each neuron consists of a body, an axon, and dendrites. Their purpose is to receive, conduct, and transmit impulses in the nervous system."" [CL:0000540, GOC:mtg_apoptosis]",293,575,28,20972,0.04869565217391304,0.09556313993174062,query_1,['GO:0006915']
GO:MF,GO:0045499,chemorepellent activity,2.6687571353128892e-05,True,"""Providing the environmental signal that initiates the directed movement of a motile cell or organism towards a lower concentration of that signal."" [GOC:ai]",28,573,9,20208,0.015706806282722512,0.32142857142857145,query_1,['GO:0048018']
GO:BP,GO:0060317,cardiac epithelial to mesenchymal transition,2.7725595068167644e-05,True,"""A transition where a cardiac epithelial cell loses apical/basolateral polarity, severs intercellular adhesive junctions, degrades basement membrane components and becomes a migratory mesenchymal cell."" [GOC:BHF, GOC:dph, PMID:16314491, PMID:1996351]",33,575,10,20972,0.017391304347826087,0.30303030303030304,query_1,"['GO:0001837', 'GO:0003007']"
GO:BP,GO:0071604,transforming growth factor beta production,2.7725595068167644e-05,True,"""The appearance of any member of the transforming growth factor-beta family of cytokines due to biosynthesis or secretion following a cellular stimulus, resulting in an increase in its intracellular or extracellular levels. Transforming growth factor-beta family members include TGF-B1, TGF-B2, and TGF-B3."" [GOC:add, GOC:rv, PMID:16891311, PMID:2022183]",33,575,10,20972,0.017391304347826087,0.30303030303030304,query_1,['GO:0001816']
GO:BP,GO:0007435,salivary gland morphogenesis,2.7725595068167644e-05,True,"""The process in which the anatomical structures of the salivary gland are generated and organized."" [GOC:jid]",33,575,10,20972,0.017391304347826087,0.30303030303030304,query_1,"['GO:0007431', 'GO:0022612']"
GO:BP,GO:0002861,regulation of inflammatory response to antigenic stimulus,2.820865984524786e-05,True,"""Any process that modulates the frequency, rate, or extent of an inflammatory response to an antigenic stimulus."" [GOC:add]",42,575,11,20972,0.019130434782608695,0.2619047619047619,query_1,"['GO:0002437', 'GO:0050727', 'GO:0050776']"
GO:MF,GO:0016500,protein-hormone receptor activity,2.8246890858059143e-05,True,"""Combining with a protein hormone to initiate a change in cell activity."" [GOC:mah]",68,573,13,20208,0.02268760907504363,0.19117647058823528,query_1,['GO:0038023']
REAC,REAC:R-HSA-449836,Other interleukin signaling,2.8857772316395e-05,True,Other interleukin signaling,24,520,10,11056,0.019230769230769232,0.4166666666666667,query_1,['REAC:R-HSA-449147']
HP,HP:0004313,Decreased circulating immunoglobulin concentration,3.009083328855742e-05,True,An abnormally decreased level of immunoglobulin in blood.,232,241,32,5200,0.13278008298755187,0.13793103448275862,query_1,['HP:0010701']
GO:BP,GO:0051924,regulation of calcium ion transport,3.0411268798674712e-05,True,"""Any process that modulates the frequency, rate or extent of the directed movement of calcium ions into, out of or within a cell, or between cells, by means of some agent such as a transporter or pore."" [GOC:ai]",223,575,24,20972,0.04173913043478261,0.10762331838565023,query_1,"['GO:0006816', 'GO:0010959']"
HPA,HPA:0460202,Skin 1; endothelial cells[≥Medium],3.044601028449314e-05,True,Skin 1; endothelial cells[≥Medium],592,397,48,11007,0.12090680100755667,0.08108108108108109,query_1,['HPA:0460201']
GO:BP,GO:0002011,morphogenesis of an epithelial sheet,3.0691488232871424e-05,True,"""The process in which the anatomical structures of an epithelial sheet are generated and organized. An epithelial sheet is a flat surface consisting of closely packed epithelial cells."" [GOC:jl]",63,575,13,20972,0.022608695652173914,0.20634920634920634,query_1,['GO:0002009']
WP,WP:WP3617,Photodynamic therapy induced NF kB survival signaling,3.138031474720805e-05,True,Photodynamic therapy induced NF kB survival signaling,35,475,12,8899,0.02526315789473684,0.34285714285714286,query_1,['WP:000000']
GO:BP,GO:0030856,regulation of epithelial cell differentiation,3.226463526690329e-05,True,"""Any process that modulates the frequency, rate or extent of epithelial cell differentiation."" [GOC:mah]",158,575,20,20972,0.034782608695652174,0.12658227848101267,query_1,"['GO:0030855', 'GO:0045595', 'GO:2000026']"
GO:BP,GO:0032368,regulation of lipid transport,3.238759559082431e-05,True,"""Any process that modulates the frequency, rate or extent of the directed movement of lipids into, out of or within a cell, or between cells, by means of some agent such as a transporter or pore."" [GOC:mah]",128,575,18,20972,0.03130434782608696,0.140625,query_1,"['GO:0006869', 'GO:0051049', 'GO:1905952']"
GO:MF,GO:0001846,opsonin binding,3.28516685724565e-05,True,"""Binding to an opsonin, such as a complement component or antibody, deposited on the surface of a bacteria, virus, immune complex, or other particulate material."" [GOC:add, ISBN:0781735149]",21,573,8,20208,0.013961605584642234,0.38095238095238093,query_1,['GO:0005515']
GO:BP,GO:0061061,muscle structure development,3.293136312800384e-05,True,"""The progression of a muscle structure over time, from its formation to its mature state. Muscle structures are contractile cells, tissues or organs that are found in multicellular organisms."" [GOC:dph]",673,575,46,20972,0.08,0.06835066864784546,query_1,['GO:0048856']
HP,HP:0200036,Skin nodule,3.447093733102729e-05,True,"Morphologically similar to a papule, but greater than either 10mm in both width and depth, and most frequently centered in the dermis or subcutaneous fat.",130,241,23,5200,0.0954356846473029,0.17692307692307693,query_1,['HP:0011355']
GO:BP,GO:0045927,positive regulation of growth,3.473635441620286e-05,True,"""Any process that activates or increases the rate or extent of growth, the increase in size or mass of all or part of an organism."" [GOC:go_curators]",242,575,25,20972,0.043478260869565216,0.10330578512396695,query_1,"['GO:0040007', 'GO:0040008', 'GO:0048518']"
WP,WP:WP5348,11p11 2 copy number variation syndrome ,3.47625502684881e-05,True,11p11 2 copy number variation syndrome ,56,475,15,8899,0.031578947368421054,0.26785714285714285,query_1,['WP:000000']
HP,HP:0001701,Pericarditis,3.509506698572252e-05,True,Inflammation of the sac-like covering around the heart (pericardium).,41,241,13,5200,0.05394190871369295,0.3170731707317073,query_1,"['HP:0001697', 'HP:0045073']"
GO:BP,GO:0072006,nephron development,3.5979060669327176e-05,True,"""The process whose specific outcome is the progression of the nephron over time, from its formation to the mature structure. A nephron is the functional unit of the kidney."" [GOC:mtg_kidney_jan10]",159,575,20,20972,0.034782608695652174,0.12578616352201258,query_1,"['GO:0001822', 'GO:0048856']"
GO:BP,GO:2001188,regulation of T cell activation via T cell receptor contact with antigen bound to MHC molecule on antigen presenting cell,3.626812119426862e-05,True,"""Any process that modulates the frequency, rate or extent of T cell activation via T cell receptor contact with antigen bound to MHC molecule on antigen presenting cell."" [GOC:obol]",5,575,5,20972,0.008695652173913044,1.0,query_1,"['GO:0002291', 'GO:0002697', 'GO:0050776', 'GO:0050863']"
GO:BP,GO:0160162,CD27 signaling pathway,3.626812119426862e-05,True,"""The series of molecular signals initiated by the binding of the cell surface receptor CD27 to its physiological ligand CD70, and ending with the regulation of a downstream cellular process, e.g. transcription."" [PMID:26359318, PMID:8387892]",5,575,5,20972,0.008695652173913044,1.0,query_1,['GO:0007166']
GO:BP,GO:0036215,response to stem cell factor,3.6677575107992135e-05,True,"""Any process that results in a change in state or activity of a cell or an organism (in terms of movement, secretion, enzyme production, gene expression, etc.) as a result of a stem cell factor (SCF) stimulus."" [GOC:uh]",53,575,12,20972,0.020869565217391306,0.22641509433962265,query_1,['GO:0034097']
GO:BP,GO:0036216,cellular response to stem cell factor stimulus,3.6677575107992135e-05,True,"""Any process that results in a change in state or activity of a cell (in terms of movement, secretion, enzyme production, gene expression, etc.) as a result of a stem cell factor (SCF) stimulus."" [GOC:uh, PMID:18787413, PMID:7520444]",53,575,12,20972,0.020869565217391306,0.22641509433962265,query_1,"['GO:0036215', 'GO:0071345']"
GO:BP,GO:0038109,Kit signaling pathway,3.6677575107992135e-05,True,"""The series of molecular signals initiated by the binding of stem cell factor to the tyrosine kinase receptor KIT on the surface of a target cell, and ending with regulation of a downstream cellular process, e.g. transcription. Stem cell factor (KIT ligand) binding to the receptor Kit mediates receptor dimerization, activation of its intrinsic tyrosine kinase activity and autophosphorylation. The activated receptor then phosphorylates various substrates, thereby activating distinct signaling cascades within the cell that trigger a change in state or activity of the cell."" [GOC:nhn, GOC:signaling, PMID:16129412]",53,575,12,20972,0.020869565217391306,0.22641509433962265,query_1,"['GO:0007169', 'GO:0019221', 'GO:0036216']"
GO:BP,GO:0050768,negative regulation of neurogenesis,3.669568862628033e-05,True,"""Any process that stops, prevents, or reduces the frequency, rate or extent of neurogenesis, the generation of cells within the nervous system."" [GOC:ai]",129,575,18,20972,0.03130434782608696,0.13953488372093023,query_1,"['GO:0010721', 'GO:0022008', 'GO:0050767', 'GO:0051961']"
GO:BP,GO:0031100,animal organ regeneration,3.697458838313398e-05,True,"""The regrowth of a lost or destroyed animal organ."" [GOC:mah]",43,575,11,20972,0.019130434782608695,0.2558139534883721,query_1,"['GO:0031099', 'GO:0048513']"
GO:BP,GO:1990778,protein localization to cell periphery,3.69934430797271e-05,True,"""A process in which a protein is transported to, or maintained in, the cell periphery."" [PMID:18216290]",355,575,31,20972,0.05391304347826087,0.08732394366197183,query_1,['GO:0008104']
GO:BP,GO:0032623,interleukin-2 production,3.756049693955928e-05,True,"""The appearance of interleukin-2 due to biosynthesis or secretion following a cellular stimulus, resulting in an increase in its intracellular or extracellular levels."" [GOC:mah]",64,575,13,20972,0.022608695652173914,0.203125,query_1,['GO:0001816']
GO:BP,GO:0032663,regulation of interleukin-2 production,3.756049693955928e-05,True,"""Any process that modulates the frequency, rate, or extent of interleukin-2 production."" [GOC:mah]",64,575,13,20972,0.022608695652173914,0.203125,query_1,"['GO:0001817', 'GO:0032623']"
GO:BP,GO:0010574,regulation of vascular endothelial growth factor production,3.831935306239169e-05,True,"""Any process that modulates the frequency, rate, or extent of production of vascular endothelial growth factor."" [GOC:rl]",34,575,10,20972,0.017391304347826087,0.29411764705882354,query_1,"['GO:0001817', 'GO:0010573']"
REAC,REAC:R-HSA-2660825,Signaling by NOTCH1 t(7;9)(NOTCH1:M1580_K2555) Translocation Mutant,3.8887089520243054e-05,True,Signaling by NOTCH1 t(7;9)(NOTCH1:M1580_K2555) Translocation Mutant,7,520,6,11056,0.011538461538461539,0.8571428571428571,query_1,['REAC:R-HSA-2644603']
REAC,REAC:R-HSA-2660826,Constitutive Signaling by NOTCH1 t(7;9)(NOTCH1:M1580_K2555) Translocation Mutant,3.8887089520243054e-05,True,Constitutive Signaling by NOTCH1 t(7;9)(NOTCH1:M1580_K2555) Translocation Mutant,7,520,6,11056,0.011538461538461539,0.8571428571428571,query_1,['REAC:R-HSA-2660825']
REAC,REAC:R-HSA-444473,Formyl peptide receptors bind formyl peptides and many other ligands,3.8887089520243054e-05,True,Formyl peptide receptors bind formyl peptides and many other ligands,7,520,6,11056,0.011538461538461539,0.8571428571428571,query_1,['REAC:R-HSA-375276']
GO:BP,GO:0032870,cellular response to hormone stimulus,3.9426081216661385e-05,True,"""Any process that results in a change in state or activity of a cell (in terms of movement, secretion, enzyme production, gene expression, etc.) as a result of a hormone stimulus."" [GOC:mah]",677,575,46,20972,0.08,0.06794682422451995,query_1,"['GO:0009725', 'GO:0070887', 'GO:0071495']"
WP,WP:WP1449,Regulation of toll like receptor signaling,3.9502232126180584e-05,True,Regulation of toll like receptor signaling,145,475,25,8899,0.05263157894736842,0.1724137931034483,query_1,['WP:000000']
GO:BP,GO:0032490,detection of molecule of bacterial origin,3.976632664081665e-05,True,"""The series of events in which a stimulus from a molecule of bacterial origin is received and converted into a molecular signal."" [GOC:add, GOC:rl]",13,575,7,20972,0.01217391304347826,0.5384615384615384,query_1,"['GO:0002237', 'GO:0009593', 'GO:0098581']"
REAC,REAC:R-HSA-168898,Toll-like Receptor Cascades,4.017334665439863e-05,True,Toll-like Receptor Cascades,168,520,26,11056,0.05,0.15476190476190477,query_1,['REAC:R-HSA-168249']
GO:BP,GO:0002837,regulation of immune response to tumor cell,4.0355379385008356e-05,True,"""Any process that modulates the frequency, rate, or extent of an immune response to tumor cell."" [GOC:add]",26,575,9,20972,0.01565217391304348,0.34615384615384615,query_1,"['GO:0002418', 'GO:0002834', 'GO:0050776']"
GO:BP,GO:0010818,T cell chemotaxis,4.0355379385008356e-05,True,"""The directed movement of a T cell in response to an external stimulus. A T cell is a type of lymphocyte whose defining characteristic is the expression of a T cell receptor complex."" [GOC:dph, GOC:tb]",26,575,9,20972,0.01565217391304348,0.34615384615384615,query_1,"['GO:0048247', 'GO:0072678']"
HP,HP:0003493,Antinuclear antibody positivity,4.081124200511249e-05,True,The presence of autoantibodies in the serum that react against nuclei or nuclear components.,82,241,18,5200,0.07468879668049792,0.21951219512195122,query_1,['HP:0030057']
GO:CC,GO:0005766,primary lysosome,4.170907194406322e-05,True,"""A lysosome before it has fused with a vesicle or vacuole."" [GOC:jl, ISBN:0815316194]",155,579,18,22155,0.031088082901554404,0.11612903225806452,query_1,['GO:0005764']
GO:CC,GO:0042582,azurophil granule,4.170907194406322e-05,True,"""Primary lysosomal granule readily stainable with a Romanowsky stain."" [GOC:jl, PMID:17152095, PMID:28717070, PMID:5914694, WIKIPEDIA:Azurophilic_granule]",155,579,18,22155,0.031088082901554404,0.11612903225806452,query_1,"['GO:0005766', 'GO:0030141']"
GO:BP,GO:0002693,positive regulation of cellular extravasation,4.1940796153441535e-05,True,"""Any process that activates or increases the frequency, rate, or extent of cellular extravasation."" [GOC:add]",19,575,8,20972,0.01391304347826087,0.42105263157894735,query_1,"['GO:0002687', 'GO:0002691', 'GO:0045123']"
GO:BP,GO:0098543,detection of other organism,4.1940796153441535e-05,True,"""The series of events in which a stimulus from another organism is received and converted into a molecular signal."" [GOC:dos]",19,575,8,20972,0.01391304347826087,0.42105263157894735,query_1,"['GO:0051707', 'GO:0098581']"
TF,TF:M01207,Factor: c-Ets-2; motif: CTTCCTG,4.260074941703558e-05,True,Factor: c-Ets-2; motif: CTTCCTG,10654,579,373,20093,0.6442141623488774,0.03501032476065328,query_1,['TF:M00000']
TF,TF:M07252,Factor: Elk-1; motif: CTTCCKG,4.260074941703558e-05,True,Factor: Elk-1; motif: CTTCCKG,10654,579,373,20093,0.6442141623488774,0.03501032476065328,query_1,['TF:M00000']
GO:BP,GO:0003007,heart morphogenesis,4.4546336795445696e-05,True,"""The developmental process in which the heart is generated and organized. The heart is a hollow, muscular organ, which, by contracting rhythmically, keeps up the circulation of the blood."" [GOC:dph, GOC:isa_complete]",263,575,26,20972,0.04521739130434783,0.09885931558935361,query_1,"['GO:0007507', 'GO:0009887']"
GO:BP,GO:0007173,epidermal growth factor receptor signaling pathway,4.4620173670451694e-05,True,"""The series of molecular signals initiated by binding of a ligand to the tyrosine kinase receptor EGFR (ERBB1) on the surface of a cell. The pathway ends with regulation of a downstream cellular process, e.g. transcription."" [GOC:ceb]",161,575,20,20972,0.034782608695652174,0.12422360248447205,query_1,['GO:0038127']
GO:BP,GO:0071774,response to fibroblast growth factor,4.4620173670451694e-05,True,"""Any process that results in a change in state or activity of a cell or an organism (in terms of movement, secretion, enzyme production, gene expression, etc.) as a result of a fibroblast growth factor stimulus."" [GOC:mah]",161,575,20,20972,0.034782608695652174,0.12422360248447205,query_1,['GO:0070848']
HP,HP:0031404,Impaired antigen-specific response,4.4956226093412893e-05,True,"An impaired immune response mediated by cells expressing specific receptors for antigen produced through a somatic diversification process, and allowing for an enhanced secondary response to subsequent exposures to the same antigen (immunological memory).",65,241,16,5200,0.06639004149377593,0.24615384615384617,query_1,['HP:0010978']
GO:BP,GO:0070201,regulation of establishment of protein localization,4.50873474939095e-05,True,"""Any process that modulates the frequency, rate or extent of the directed movement of a protein to a specific location."" [GOC:BHF, GOC:mah]",481,575,37,20972,0.06434782608695652,0.07692307692307693,query_1,"['GO:0032880', 'GO:0045184']"
WP,WP:WP4478,LTF danger signal response pathway,4.641714315636055e-05,True,LTF danger signal response pathway,19,475,9,8899,0.018947368421052633,0.47368421052631576,query_1,['WP:000000']
GO:BP,GO:1904951,positive regulation of establishment of protein localization,4.68263517691615e-05,True,"""Any process that activates or increases the frequency, rate or extent of establishment of protein localization."" [GO_REF:0000058, GOC:TermGenie, PMID:22761445]",282,575,27,20972,0.04695652173913043,0.09574468085106383,query_1,"['GO:0045184', 'GO:0048518', 'GO:0070201']"
HP,HP:0025323,Abnormal arterial physiology,4.7785228761757086e-05,True,An anomaly of arterial function.,188,241,28,5200,0.11618257261410789,0.14893617021276595,query_1,['HP:0030163']
GO:BP,GO:0002673,regulation of acute inflammatory response,4.8089048659341164e-05,True,"""Any process that modulates the frequency, rate, or extent of an acute inflammatory response."" [GOC:add]",44,575,11,20972,0.019130434782608695,0.25,query_1,"['GO:0002526', 'GO:0050727']"
HP,HP:0000155,Oral ulcer,4.951178989485786e-05,True,"Erosion of the mucous mebrane of the mouth with local excavation of the surface, resulting from the sloughing of inflammatory necrotic tissue.",74,241,17,5200,0.07053941908713693,0.22972972972972974,query_1,['HP:0031446']
GO:BP,GO:0002220,innate immune response activating cell surface receptor signaling pathway,5.079103880699328e-05,True,"""The series of molecular signals initiated by a ligand binding to a cell surface receptor that leads to the activation of an innate immune response."" [GOC:add, ISBN:0781735149, PMID:15199967]",90,575,15,20972,0.02608695652173913,0.16666666666666666,query_1,"['GO:0002429', 'GO:0002758']"
GO:BP,GO:1902624,positive regulation of neutrophil migration,5.233808546272535e-05,True,"""Any process that activates or increases the frequency, rate or extent of neutrophil migration."" [GO_REF:0000058, GOC:TermGenie, PMID:1826836]",35,575,10,20972,0.017391304347826087,0.2857142857142857,query_1,"['GO:0002687', 'GO:1902622', 'GO:1990266']"
GO:BP,GO:0002221,pattern recognition receptor signaling pathway,5.435102826904062e-05,True,"""The series of molecular signals initiated by a ligand binding to a pattern recognition receptor (PRR), and ending with the regulation of a downstream cellular process, e.g. transcription. PRRs bind pathogen-associated molecular pattern (PAMPs), structures conserved among microbial species, or damage-associated molecular pattern (DAMPs), endogenous molecules released from damaged cells."" [GOC:add, GOC:ar, ISBN:0781735149, PMID:15199967]",284,575,27,20972,0.04695652173913043,0.09507042253521127,query_1,['GO:0002758']
GO:BP,GO:0007416,synapse assembly,5.624020557683639e-05,True,"""The aggregation, arrangement and bonding together of a set of components to form a synapse. This process ends when the synapse is mature (functional)."" [GOC:mah]",266,575,26,20972,0.04521739130434783,0.09774436090225563,query_1,"['GO:0007399', 'GO:0034329', 'GO:0050808']"
GO:BP,GO:0046637,regulation of alpha-beta T cell differentiation,5.6291441306500424e-05,True,"""Any process that modulates the frequency, rate or extent of alpha-beta T cell differentiation."" [GOC:ai]",78,575,14,20972,0.02434782608695652,0.1794871794871795,query_1,"['GO:0045580', 'GO:0046632', 'GO:0046634']"
HPA,HPA:0131333,Colon; mucosal lymphoid cells[High],5.69998135500605e-05,True,Colon; mucosal lymphoid cells[High],156,397,21,11007,0.05289672544080604,0.1346153846153846,query_1,['HPA:0131332']
GO:BP,GO:0031346,positive regulation of cell projection organization,5.710762972497541e-05,True,"""Any process that activates or increases the frequency, rate or extent of the process involved in the formation, arrangement of constituent parts, or disassembly of cell projections."" [GOC:mah]",342,575,30,20972,0.05217391304347826,0.08771929824561403,query_1,"['GO:0030030', 'GO:0031344', 'GO:0051130']"
HP,HP:0100533,Inflammatory abnormality of the eye,5.906638703183546e-05,True,"Inflammation of the eye, parts of the eye or the periorbital region.",226,241,31,5200,0.12863070539419086,0.13716814159292035,query_1,"['HP:0012373', 'HP:0012649']"
GO:BP,GO:0101023,vascular endothelial cell proliferation,5.906752828531365e-05,True,"""The multiplication or reproduction of blood vessel endothelial cells, resulting in the expansion of a cell population."" [GOC:BHF, GOC:BHF_telomere, GOC:nc, PMID:23201774]",27,575,9,20972,0.01565217391304348,0.3333333333333333,query_1,['GO:0001935']
GO:BP,GO:0043032,positive regulation of macrophage activation,5.906752828531365e-05,True,"""Any process that stimulates, induces or increases the rate of macrophage activation."" [GOC:jl]",27,575,9,20972,0.01565217391304348,0.3333333333333333,query_1,"['GO:0002696', 'GO:0042116', 'GO:0043030']"
GO:BP,GO:0090322,regulation of superoxide metabolic process,5.906752828531365e-05,True,"""Any process that modulates the rate, frequency, or extent of superoxide metabolism, the chemical reactions and pathways involving superoxide, the superoxide anion O2- (superoxide free radical), or any compound containing this species."" [GOC:tb]",27,575,9,20972,0.01565217391304348,0.3333333333333333,query_1,"['GO:0006801', 'GO:2000377']"
GO:BP,GO:0002834,regulation of response to tumor cell,5.906752828531365e-05,True,"""Any process that modulates the frequency, rate, or extent of a response to tumor cell."" [GOC:add]",27,575,9,20972,0.01565217391304348,0.3333333333333333,query_1,"['GO:0002347', 'GO:0002831']"
REAC,REAC:R-HSA-202430,Translocation of ZAP-70 to Immunological synapse,6.098234354834429e-05,True,Translocation of ZAP-70 to Immunological synapse,20,520,9,11056,0.01730769230769231,0.45,query_1,['REAC:R-HSA-202403']
TF,TF:M12732_1,Factor: ZNF532; motif: NGGRGCTGGG; match class: 1,6.205427746442638e-05,True,Factor: ZNF532; motif: NGGRGCTGGG; match class: 1,3480,579,153,20093,0.26424870466321243,0.04396551724137931,query_1,['TF:M12732']
KEGG,KEGG:04820,Cytoskeleton in muscle cells,6.276711844784363e-05,True,Cytoskeleton in muscle cells,233,482,33,8716,0.06846473029045644,0.14163090128755365,query_1,['KEGG:00000']
GO:CC,GO:0009925,basal plasma membrane,6.348007888505988e-05,True,"""The region of the plasma membrane located at the basal end of the cell. Often used in reference to animal polarized epithelial membranes, where the basal membrane is the part attached to the extracellular matrix, or in plant cells, where the basal membrane is defined with respect to the zygotic axis."" [GOC:go_curators]",290,579,25,22155,0.04317789291882556,0.08620689655172414,query_1,"['GO:0045178', 'GO:0098590']"
REAC,REAC:R-HSA-1980145,Signaling by NOTCH2,6.460744850536688e-05,True,Signaling by NOTCH2,32,520,11,11056,0.021153846153846155,0.34375,query_1,['REAC:R-HSA-157118']
GO:BP,GO:0002262,myeloid cell homeostasis,6.664402860715635e-05,True,"""The process of regulating the proliferation and elimination of myeloid cells such that the total number of myeloid cells within a whole or part of an organism is stable over time in the absence of an outside stimulus."" [CL:0000763, GOC:add]",181,575,21,20972,0.036521739130434785,0.11602209944751381,query_1,"['GO:0002376', 'GO:0048872']"
GO:BP,GO:0002643,regulation of tolerance induction,6.822583420137066e-05,True,"""Any process that modulates the frequency, rate, or extent of tolerance induction."" [GOC:add]",20,575,8,20972,0.01391304347826087,0.4,query_1,"['GO:0002507', 'GO:0002682']"
GO:BP,GO:0090713,immunological memory process,6.822583420137066e-05,True,"""Any process of the immune system that can contribute to the formation of immunological memory or an immune response based upon activation of immunological memory."" [GOC:add, PMID:26086132, PMID:26831526]",20,575,8,20972,0.01391304347826087,0.4,query_1,"['GO:0002376', 'GO:0006955']"
WP,WP:WP5300,TROP2 regulatory signaling,6.824766291407845e-05,True,TROP2 regulatory signaling,44,475,13,8899,0.02736842105263158,0.29545454545454547,query_1,['WP:000000']
REAC,REAC:R-HSA-140877,Formation of Fibrin Clot (Clotting Cascade),6.928977572117076e-05,True,Formation of Fibrin Clot (Clotting Cascade),39,520,12,11056,0.023076923076923078,0.3076923076923077,query_1,['REAC:R-HSA-109582']
GO:BP,GO:0010935,regulation of macrophage cytokine production,7.070019849795958e-05,True,"""Any process that modulates the rate, frequency or extent of macrophage cytokine production. Macrophage cytokine production is the appearance of a chemokine due to biosynthesis or secretion following a cellular stimulus, resulting in an increase in its intracellular or extracellular levels."" [GOC:BHF, GOC:rl]",36,575,10,20972,0.017391304347826087,0.2777777777777778,query_1,"['GO:0002718', 'GO:0010934']"
GO:BP,GO:0010934,macrophage cytokine production,7.070019849795958e-05,True,"""The appearance of a macrophage cytokine due to biosynthesis or secretion following a cellular stimulus, resulting in an increase in its intracellular or extracellular levels."" [GOC:BHF, GOC:dph, GOC:rl, GOC:tb]",36,575,10,20972,0.017391304347826087,0.2777777777777778,query_1,['GO:0061082']
GO:BP,GO:0035790,platelet-derived growth factor receptor-alpha signaling pathway,7.122415921298048e-05,True,"""The series of molecular signals initiated a ligand binding to an alpha-type platelet-derived growth factor receptor (PDGFalpha) on the surface of a target cell, and ending with the regulation of a downstream cellular process, e.g. transcription."" [GOC:bf, GOC:yaf, PMID:10372961]",56,575,12,20972,0.020869565217391306,0.21428571428571427,query_1,['GO:0048008']
WP,WP:WP4891,COVID 19 adverse outcome pathway,7.139159053536209e-05,True,COVID 19 adverse outcome pathway,15,475,8,8899,0.016842105263157894,0.5333333333333333,query_1,['WP:000000']
HP,HP:0002633,Vasculitis,7.171582677967276e-05,True,Inflammation of blood vessel.,67,241,16,5200,0.06639004149377593,0.23880597014925373,query_1,['HP:0033353']
WP,WP:WP24,Peptide GPCRs,7.226465807147684e-05,True,Peptide GPCRs,75,475,17,8899,0.035789473684210524,0.22666666666666666,query_1,['WP:000000']
KEGG,KEGG:05133,Pertussis,7.275850322099613e-05,True,Pertussis,76,482,17,8716,0.035269709543568464,0.2236842105263158,query_1,['KEGG:00000']
GO:BP,GO:0120161,regulation of cold-induced thermogenesis,7.346704001467242e-05,True,"""Any process that modulates the frequency, rate or extent of cold-induced thermogenesis."" [PMID:27876809]",150,575,19,20972,0.03304347826086956,0.12666666666666668,query_1,"['GO:0051239', 'GO:0106106']"
GO:BP,GO:0051048,negative regulation of secretion,7.527941795416254e-05,True,"""Any process that stops, prevents, or reduces the frequency, rate or extent of the controlled release of a substance from a cell or a tissue."" [GOC:ai]",166,575,20,20972,0.034782608695652174,0.12048192771084337,query_1,"['GO:0046903', 'GO:0051046', 'GO:0051051']"
GO:MF,GO:0060229,lipase activator activity,7.52843975254124e-05,True,"""Binds to and increases the activity of a lipase, an enzyme that catalyzes of the hydrolysis of a lipid."" [GOC:BHF, GOC:dph, GOC:tb]",23,573,8,20208,0.013961605584642234,0.34782608695652173,query_1,['GO:0008047']
GO:BP,GO:0002858,regulation of natural killer cell mediated cytotoxicity directed against tumor cell target,7.717756711284416e-05,True,"""Any process that modulates the frequency, rate, or extent of natural killer cell mediated cytotoxicity directed against tumor cell target."" [GOC:add]",9,575,6,20972,0.010434782608695653,0.6666666666666666,query_1,"['GO:0002420', 'GO:0002855', 'GO:0042269']"
GO:BP,GO:0062043,positive regulation of cardiac epithelial to mesenchymal transition,7.717756711284416e-05,True,"""Any process that starts or increases the rate, frequency or extent of cardiac epithelial to mesenchymal transition, a transition where a cardiac epithelial cell loses apical/basolateral polarity, severs intercellular adhesive junctions, degrades basement membrane components and becomes a migratory mesenchymal cell."" [GOC:BHF, GOC:rph, PMID:20951801]",9,575,6,20972,0.010434782608695653,0.6666666666666666,query_1,"['GO:0010718', 'GO:0060317', 'GO:0062042']"
GO:BP,GO:0010820,positive regulation of T cell chemotaxis,7.765116814658759e-05,True,"""Any process that increases the rate, frequency or extent of T cell chemotaxis. T cell chemotaxis is the directed movement of a T cell in response to an external stimulus."" [GOC:BHF, GOC:dph, GOC:tb]",14,575,7,20972,0.01217391304347826,0.5,query_1,"['GO:0010818', 'GO:0010819', 'GO:0140131', 'GO:2000406']"
HP,HP:0003453,Antineutrophil antibody positivity,7.825309131591299e-05,True,The presence of autoantibodies in the serum that react against neutrophils.,59,241,15,5200,0.06224066390041494,0.2542372881355932,query_1,['HP:0030057']
GO:BP,GO:0043300,regulation of leukocyte degranulation,7.959446268455617e-05,True,"""Any process that modulates the frequency, rate, or extent of leukocyte degranulation."" [GOC:add, ISBN:0781735149]",46,575,11,20972,0.019130434782608695,0.2391304347826087,query_1,"['GO:0002697', 'GO:0043299', 'GO:1903305']"
GO:BP,GO:0106106,cold-induced thermogenesis,8.193191796391479e-05,True,"""The process by which heat is generated by increasing metabolism in response to cold ambient temperatures in order to maintain a stable core body temperature."" [PMID:27876809]",151,575,19,20972,0.03304347826086956,0.12582781456953643,query_1,['GO:1990845']
GO:BP,GO:0048863,stem cell differentiation,8.441217024899469e-05,True,"""The process in which a relatively unspecialized cell acquires specialized features of a stem cell. A stem cell is a cell that retains the ability to divide and proliferate throughout life to provide progenitor cells that can differentiate into specialized cells."" [CL:0000034, GOC:isa_complete]",253,575,25,20972,0.043478260869565216,0.09881422924901186,query_1,['GO:0030154']
GO:BP,GO:0055082,intracellular chemical homeostasis,8.640372711262761e-05,True,"""A homeostatic process involved in the maintenance of a steady state level of a chemical within a cell."" [GOC:isa_complete, GOC:jid]",626,575,43,20972,0.07478260869565218,0.06869009584664537,query_1,"['GO:0019725', 'GO:0048878']"
GO:BP,GO:0042987,amyloid precursor protein catabolic process,8.799205053026586e-05,True,"""The chemical reactions and pathways resulting in the breakdown of amyloid precursor protein (APP), the precursor of amyloid-beta, a glycoprotein associated with Alzheimer's disease."" [GOC:go_curators]",57,575,12,20972,0.020869565217391306,0.21052631578947367,query_1,['GO:0042982']
GO:BP,GO:0031547,brain-derived neurotrophic factor receptor signaling pathway,8.799205053026586e-05,True,"""The series of molecular signals generated as a consequence of a brain-derived neurotrophic factor receptor binding to one of its physiological ligands."" [GOC:mah]",57,575,12,20972,0.020869565217391306,0.21052631578947367,query_1,['GO:0007169']
GO:BP,GO:0001501,skeletal system development,9.231828159308226e-05,True,"""The process whose specific outcome is the progression of the skeleton over time, from its formation to the mature structure. The skeleton is the bony framework of the body in vertebrates (endoskeleton) or the hard outer envelope of insects (exoskeleton or dermoskeleton)."" [GOC:dph, GOC:jid, GOC:tb]",538,575,39,20972,0.06782608695652174,0.0724907063197026,query_1,['GO:0048731']
GO:BP,GO:0007431,salivary gland development,9.452229788916894e-05,True,"""The process whose specific outcome is the progression of the salivary gland over time, from its formation to the mature structure. Salivary glands include any of the saliva-secreting exocrine glands of the oral cavity."" [GOC:jid, UBERON:0001044]",37,575,10,20972,0.017391304347826087,0.2702702702702703,query_1,"['GO:0035272', 'GO:0048732']"
HPA,HPA:0600442,Tonsil; non-germinal center cells[≥Medium],9.510390295490745e-05,True,Tonsil; non-germinal center cells[≥Medium],4199,397,200,11007,0.5037783375314862,0.04763038818766373,query_1,['HPA:0600441']
TF,TF:M00339,Factor: c-Ets-1; motif: RCAGGAAGTGNNTNS,9.520429437835485e-05,True,Factor: c-Ets-1; motif: RCAGGAAGTGNNTNS,7040,579,266,20093,0.459412780656304,0.037784090909090906,query_1,['TF:M00000']
KEGG,KEGG:04360,Axon guidance,9.713049815441324e-05,True,Axon guidance,183,482,28,8716,0.058091286307053944,0.15300546448087432,query_1,['KEGG:00000']
HP,HP:0002088,Abnormal lung morphology,9.745291285881058e-05,True,Any structural anomaly of the lung.,1311,241,98,5200,0.4066390041493776,0.07475209763539283,query_1,['HP:0012252']
GO:BP,GO:0051223,regulation of protein transport,0.00010444046318539666,True,"""Any process that modulates the frequency, rate or extent of the directed movement of a protein into, out of or within a cell, or between cells, by means of some agent such as a transporter or pore."" [GOC:ai]",433,575,34,20972,0.059130434782608696,0.07852193995381063,query_1,"['GO:0015031', 'GO:0051049', 'GO:0070201']"
HPA,HPA:0470202,Skin 2; endothelial cells[≥Medium],0.00010529104248424768,True,Skin 2; endothelial cells[≥Medium],636,397,49,11007,0.12342569269521411,0.0770440251572327,query_1,['HPA:0470201']
TF,TF:M00340,Factor: c-Ets; motif: KRCAGGAARTRNKT,0.00010629744681100358,True,Factor: c-Ets; motif: KRCAGGAARTRNKT,5435,579,216,20093,0.37305699481865284,0.039742410303587855,query_1,['TF:M00000']
GO:BP,GO:0050765,negative regulation of phagocytosis,0.00010757001288135964,True,"""Any process that stops, prevents, or reduces the frequency, rate or extent of phagocytosis."" [GOC:ai]",21,575,8,20972,0.01391304347826087,0.38095238095238093,query_1,"['GO:0006909', 'GO:0045806', 'GO:0050764']"
GO:BP,GO:0046596,regulation of viral entry into host cell,0.00010757001288135964,True,"""Any process that modulates the frequency, rate or extent of the viral entry into the host cell."" [GOC:jl]",21,575,8,20972,0.01391304347826087,0.38095238095238093,query_1,"['GO:0046718', 'GO:0052372', 'GO:1903900']"
GO:BP,GO:0050435,amyloid-beta metabolic process,0.00010821035346771928,True,"""The chemical reactions and pathways involving amyloid-beta, a glycoprotein associated with Alzheimer's disease, and its precursor, amyloid precursor protein (APP)."" [GOC:ai]",58,575,12,20972,0.020869565217391306,0.20689655172413793,query_1,['GO:0008152']
GO:CC,GO:0045202,synapse,0.00010858112055383743,True,"""The junction between an axon of one neuron and a dendrite of another neuron, a muscle fiber or a glial cell. As the axon approaches the synapse it enlarges into a specialized structure, the presynaptic terminal bouton, which contains mitochondria and synaptic vesicles. At the tip of the terminal bouton is the presynaptic membrane; facing it, and separated from it by a minute cleft (the synaptic cleft) is a specialized area of membrane on the receiving cell, known as the postsynaptic membrane. In response to the arrival of nerve impulses, the presynaptic terminal bouton secretes molecules of neurotransmitters into the synaptic cleft. These diffuse across the cleft and transmit the signal to the postsynaptic membrane."" [GOC:aruk, ISBN:0198506732, PMID:24619342, PMID:29383328, PMID:31998110]",1608,579,76,22155,0.13126079447322972,0.0472636815920398,query_1,['GO:0030054']
KEGG,KEGG:04380,Osteoclast differentiation,0.00010885353485951312,True,Osteoclast differentiation,133,482,23,8716,0.04771784232365145,0.17293233082706766,query_1,['KEGG:00000']
GO:MF,GO:0030215,semaphorin receptor binding,0.00011013092182068287,True,"""Binding to a semaphorin receptor."" [GOC:ceb, PMID:12001990]",24,573,8,20208,0.013961605584642234,0.3333333333333333,query_1,['GO:0005102']
HP,HP:0032101,Unusual infection,0.00011067274897442347,True,"A type of infection that is regarded as a sign of a pathological susceptibility to infection. There are five general subtypes. (i) Opportunistic infection, meaning infection by a pathogen that is not normally able to cause infection in a healthy host (e.g., pneumonia by Pneumocystis jirovecii or CMV); (ii) Unusual location (focus) of an infection (e.g., an aspergillus brain abscess); (iii) a protracted course or lack of adequate response to treatment (e.g., chronic rhinosinusitis); (iv) Unusual severity or intensity of an infection; and (v) unusual recurrence of infections.",1185,241,91,5200,0.3775933609958506,0.07679324894514768,query_1,['HP:0010978']
REAC,REAC:R-HSA-166016,Toll Like Receptor 4 (TLR4) Cascade,0.0001121246836052014,True,Toll Like Receptor 4 (TLR4) Cascade,143,520,23,11056,0.04423076923076923,0.16083916083916083,query_1,['REAC:R-HSA-168898']
HP,HP:0002718,Recurrent bacterial infections,0.00011556052692924779,True,"Increased susceptibility to bacterial infections, as manifested by recurrent episodes of bacterial infection.",220,241,30,5200,0.12448132780082988,0.13636363636363635,query_1,['HP:0002719']
GO:BP,GO:0046328,regulation of JNK cascade,0.00011984952974425437,True,"""Any process that modulates the frequency, rate or extent of signal transduction mediated by the JNK cascade."" [GOC:bf]",139,575,18,20972,0.03130434782608696,0.12949640287769784,query_1,"['GO:0007254', 'GO:0043408']"
GO:BP,GO:0016525,negative regulation of angiogenesis,0.0001272684272123676,True,"""Any process that stops, prevents, or reduces the frequency, rate or extent of angiogenesis."" [GOC:go_curators]",110,575,16,20972,0.02782608695652174,0.14545454545454545,query_1,"['GO:0001525', 'GO:0045765', 'GO:2000181']"
GO:MF,GO:0004857,enzyme inhibitor activity,0.00012773610483906368,True,"""A molecular function regulator that reduces a catalytic activity."" [GOC:ai, GOC:ebc]",428,573,33,20208,0.05759162303664921,0.07710280373831775,query_1,"['GO:0030234', 'GO:0140678']"
GO:BP,GO:0061082,myeloid leukocyte cytokine production,0.00012827376490745488,True,"""Any process that contributes to cytokine production by a myeloid cell."" [GOC:dph]",48,575,11,20972,0.019130434782608695,0.22916666666666666,query_1,['GO:0002367']
GO:BP,GO:1901654,response to ketone,0.0001292507098994094,True,"""A response that results in a state of tolerance to ketone."" [GOC:mengo_curators, PMID:23356676]",205,575,22,20972,0.03826086956521739,0.1073170731707317,query_1,['GO:1901700']
GO:BP,GO:0009615,response to virus,0.00012993234610511218,True,"""Any process that results in a change in state or activity of a cell or an organism (in terms of movement, secretion, enzyme production, gene expression, etc.) as a result of a stimulus from a virus."" [GOC:hb]",416,575,33,20972,0.057391304347826085,0.07932692307692307,query_1,['GO:0051707']
GO:BP,GO:0045620,negative regulation of lymphocyte differentiation,0.000132488944840542,True,"""Any process that stops, prevents, or reduces the frequency, rate or extent of lymphocyte differentiation."" [GOC:go_curators]",59,575,12,20972,0.020869565217391306,0.2033898305084746,query_1,"['GO:0030098', 'GO:0045619', 'GO:0051250', 'GO:1902106']"
GO:BP,GO:0002381,immunoglobulin production involved in immunoglobulin-mediated immune response,0.000132488944840542,True,"""The appearance of immunoglobulin due to biosynthesis or secretion following a cellular stimulus during an immune response, resulting in an increase in its intracellular or extracellular levels."" [GOC:add, ISBN:0781735149, PMID:9185563]",59,575,12,20972,0.020869565217391306,0.2033898305084746,query_1,"['GO:0002377', 'GO:0016064']"
WP,WP:WP615,Senescence and autophagy in cancer,0.00013460854153336105,True,Senescence and autophagy in cancer,105,475,20,8899,0.042105263157894736,0.19047619047619047,query_1,['WP:000000']
GO:BP,GO:0051209,release of sequestered calcium ion into cytosol,0.00013553017719318436,True,"""The process in which calcium ions sequestered in the endoplasmic reticulum, Golgi apparatus or mitochondria are released into the cytosolic compartment."" [GOC:dph, GOC:hjd, GOC:mtg_lung, PMID:1814929]",125,575,17,20972,0.029565217391304348,0.136,query_1,['GO:0097553']
GO:BP,GO:0046598,positive regulation of viral entry into host cell,0.00014215283133151366,True,"""Any process that activates or increases the frequency, rate or extent of the introduction of viral entry into the host cell."" [GOC:jl]",15,575,7,20972,0.01217391304347826,0.4666666666666667,query_1,"['GO:0046596', 'GO:0046718', 'GO:0075294', 'GO:1903902']"
GO:BP,GO:0072683,T cell extravasation,0.00014215283133151366,True,"""The migration of a T cell from the blood vessels into the surrounding tissue."" [CL:0000084, GOC:BHF, GOC:mah]",15,575,7,20972,0.01217391304347826,0.4666666666666667,query_1,"['GO:0045123', 'GO:0072678']"
GO:BP,GO:0075294,positive regulation by symbiont of entry into host,0.00014215283133151366,True,"""Any process that activates or increases the frequency, rate or extent to which it enters into the host organism, where the two organisms are in a symbiotic interaction."" [GOC:pamgo_curators]",15,575,7,20972,0.01217391304347826,0.4666666666666667,query_1,"['GO:0044409', 'GO:0048518', 'GO:0052372']"
GO:BP,GO:0010819,regulation of T cell chemotaxis,0.00014215283133151366,True,"""Any process that modulates the rate, frequency or extent of T cell chemotaxis. T cell chemotaxis is the directed movement of a T cell in response to an external stimulus."" [GOC:dph, GOC:tb]",15,575,7,20972,0.01217391304347826,0.4666666666666667,query_1,"['GO:0010818', 'GO:1901623', 'GO:2000404']"
GO:CC,GO:0002947,tumor necrosis factor receptor superfamily complex,0.00014340999843029083,True,"""A receptor complex that contains one or more members of the tumor necrosis factor (TNF) receptor superfamily."" [GOC:krc]",4,579,4,22155,0.0069084628670120895,1.0,query_1,['GO:0043235']
GO:BP,GO:0061387,regulation of extent of cell growth,0.00014383575843136592,True,"""Any process that modulates the extent of cell growth."" [GOC:mah, GOC:vw]",97,575,15,20972,0.02608695652173913,0.15463917525773196,query_1,"['GO:0001558', 'GO:0008361']"
GO:BP,GO:2000181,negative regulation of blood vessel morphogenesis,0.00014498987942154735,True,"""Any process that stops, prevents, or reduces the frequency, rate or extent of blood vessel morphogenesis."" [GOC:dph, GOC:yaf]",111,575,16,20972,0.02782608695652174,0.14414414414414414,query_1,"['GO:0022603', 'GO:0048514', 'GO:1901343']"
GO:BP,GO:1902106,negative regulation of leukocyte differentiation,0.00014498987942154735,True,"""Any process that stops, prevents or reduces the frequency, rate or extent of leukocyte differentiation."" [GOC:add, GOC:TermGenie]",111,575,16,20972,0.02782608695652174,0.14414414414414414,query_1,"['GO:0002521', 'GO:1902105', 'GO:1903707']"
GO:BP,GO:0099177,regulation of trans-synaptic signaling,0.0001506297132615348,True,"""Any process that modulates the frequency, rate or extent of trans-synaptic signaling."" [GOC:dos]",504,575,37,20972,0.06434782608695652,0.07341269841269842,query_1,"['GO:0010646', 'GO:0023051', 'GO:0099537']"
GO:MF,GO:0004930,G protein-coupled receptor activity,0.00015792638147155675,True,"""Combining with an extracellular signal and transmitting the signal across the membrane by activating an associated G-protein; promotes the exchange of GDP for GTP on the alpha subunit of a heterotrimeric G-protein complex."" [GOC:bf, Wikipedia:GPCR]",840,573,51,20208,0.08900523560209424,0.060714285714285714,query_1,['GO:0004888']
HP,HP:0002113,Pulmonary infiltrates,0.00016105142019367448,True,Pulmonary infiltrates,62,241,15,5200,0.06224066390041494,0.24193548387096775,query_1,['HP:0031983']
GO:BP,GO:0070231,T cell apoptotic process,0.00016152799026262766,True,"""Any apoptotic process in a T cell, a type of lymphocyte whose defining characteristic is the expression of a T cell receptor complex."" [CL:0000084, GOC:add, GOC:mtg_apoptosis, ISBN:0781765196]",60,575,12,20972,0.020869565217391306,0.2,query_1,['GO:0070227']
GO:BP,GO:0002335,mature B cell differentiation,0.0001642040740214959,True,"""The process in which transitional stage B cells acquire the specialized features of mature B cells in the spleen."" [GOC:jal, ISBN:0781735149]",39,575,10,20972,0.017391304347826087,0.2564102564102564,query_1,['GO:0030183']
GO:BP,GO:1901343,negative regulation of vasculature development,0.00016493123850934565,True,"""Any process that stops, prevents or reduces the frequency, rate or extent of vasculature development."" [GOC:TermGenie]",112,575,16,20972,0.02782608695652174,0.14285714285714285,query_1,"['GO:0001944', 'GO:0051093', 'GO:0051241', 'GO:1901342']"
GO:BP,GO:0019885,antigen processing and presentation of endogenous peptide antigen via MHC class I,0.00016498911494423703,True,"""The process in which an antigen-presenting cell expresses a peptide antigen of endogenous origin on its cell surface in association with an MHC class I protein complex. The peptide antigen is typically, but not always, processed from a whole protein. Class I here refers to classical class I molecules."" [GOC:add, ISBN:0781735149, PMID:15771591]",22,575,8,20972,0.01391304347826087,0.36363636363636365,query_1,"['GO:0002474', 'GO:0002483']"
GO:MF,GO:0004713,protein tyrosine kinase activity,0.00016588568104230767,True,"""Catalysis of the reaction: ATP + a protein tyrosine = ADP + protein tyrosine phosphate."" [RHEA:10596]",151,573,18,20208,0.031413612565445025,0.11920529801324503,query_1,['GO:0004672']
GO:BP,GO:0008286,insulin receptor signaling pathway,0.00016666089686823068,True,"""The series of molecular signals generated as a consequence of the insulin receptor binding to insulin."" [GOC:ceb]",174,575,20,20972,0.034782608695652174,0.11494252873563218,query_1,"['GO:0007169', 'GO:0032869']"
GO:MF,GO:0030234,enzyme regulator activity,0.00016690169368868745,True,"""A molecular function regulator that modulates a catalytic activity."" [GOC:pdt]",1372,573,72,20208,0.1256544502617801,0.052478134110787174,query_1,['GO:0098772']
GO:BP,GO:0002710,negative regulation of T cell mediated immunity,0.00016753524705870053,True,"""Any process that stops, prevents, or reduces the frequency, rate, or extent of T cell mediated immunity."" [GOC:add]",30,575,9,20972,0.01565217391304348,0.3,query_1,"['GO:0002456', 'GO:0002707', 'GO:0002709', 'GO:0002823']"
GO:BP,GO:0071634,regulation of transforming growth factor beta production,0.00016753524705870053,True,"""Any process that modulates the frequency, rate, or extent of production of transforming growth factor-beta."" [GOC:mah]",30,575,9,20972,0.01565217391304348,0.3,query_1,"['GO:0001817', 'GO:0071604']"
GO:BP,GO:0043269,regulation of monoatomic ion transport,0.00017229542755870192,True,"""Any process that modulates the frequency, rate or extent of the directed movement of charged atoms or small charged molecules into, out of or within a cell, or between cells, by means of some agent such as a transporter or pore."" [GOC:jl]",421,575,33,20972,0.057391304347826085,0.07838479809976247,query_1,"['GO:0006811', 'GO:0051049']"
GO:CC,GO:0030133,transport vesicle,0.0001785910287092142,True,"""Any of the vesicles of the constitutive secretory pathway, which carry cargo from the endoplasmic reticulum to the Golgi, between Golgi cisternae, from the Golgi to the ER (retrograde transport) or to destinations within or outside the cell."" [GOC:mah, PMID:22160157]",437,579,31,22155,0.0535405872193437,0.07093821510297482,query_1,"['GO:0012505', 'GO:0031410']"
WP,WP:WP5489,Regulation of cytotoxic T cell responses by Malat1 miR 15 16 circuit ,0.00018427473692443356,True,Regulation of cytotoxic T cell responses by Malat1 miR 15 16 circuit ,12,475,7,8899,0.014736842105263158,0.5833333333333334,query_1,['WP:000000']
GO:BP,GO:0001660,fever generation,0.00018846177891474695,True,"""The heat generation process that results in a rise in body temperature above the normal, often as a response to infection."" [GOC:dph, GOC:jl]",10,575,6,20972,0.010434782608695653,0.6,query_1,"['GO:0006953', 'GO:0031649']"
GO:BP,GO:2000425,regulation of apoptotic cell clearance,0.00018846177891474695,True,"""Any process that modulates the frequency, rate or extent of apoptotic cell clearance."" [GOC:obol]",10,575,6,20972,0.010434782608695653,0.6,query_1,"['GO:0043277', 'GO:0050764']"
GO:BP,GO:0002855,regulation of natural killer cell mediated immune response to tumor cell,0.00018846177891474695,True,"""Any process that modulates the frequency, rate, or extent of natural killer cell mediated immune response to a tumor cell."" [GOC:add]",10,575,6,20972,0.010434782608695653,0.6,query_1,"['GO:0002423', 'GO:0002715', 'GO:0002837']"
GO:BP,GO:0035747,natural killer cell chemotaxis,0.00018846177891474695,True,"""The directed movement of a natural killer cell guided by a specific chemical concentration gradient. Movement may be towards a higher concentration (positive chemotaxis) or towards a lower concentration (negative chemotaxis)."" [CL:0000623, GOC:BHF]",10,575,6,20972,0.010434782608695653,0.6,query_1,['GO:0048247']
GO:BP,GO:2000563,"positive regulation of CD4-positive, alpha-beta T cell proliferation",0.00018846177891474695,True,"""Any process that activates or increases the frequency, rate or extent of CD4-positive, alpha-beta T cell proliferation."" [GOC:obol]",10,575,6,20972,0.010434782608695653,0.6,query_1,"['GO:0035739', 'GO:0046641', 'GO:2000516', 'GO:2000561']"
GO:BP,GO:0002420,natural killer cell mediated cytotoxicity directed against tumor cell target,0.00018846177891474695,True,"""The directed killing of a tumor cell by a natural killer cell through the release of granules containing cytotoxic mediators or through the engagement of death receptors."" [GOC:add, ISBN:0781735149, PMID:16730260]",10,575,6,20972,0.010434782608695653,0.6,query_1,"['GO:0002423', 'GO:0042267']"
GO:BP,GO:0062042,regulation of cardiac epithelial to mesenchymal transition,0.00018846177891474695,True,"""Any process that modulates the rate, frequency or extent of cardiac epithelial to mesenchymal transition, a transition where a cardiac epithelial cell loses apical/basolateral polarity, severs intercellular adhesive junctions, degrades basement membrane components and becomes a migratory mesenchymal cell."" [GOC:BHF, GOC:rph, PMID:20951801]",10,575,6,20972,0.010434782608695653,0.6,query_1,"['GO:0010717', 'GO:0060317']"
GO:MF,GO:0016004,phospholipase activator activity,0.0001935822803085931,True,"""Binds to and increases the activity of a phospholipase, an enzyme that catalyzes of the hydrolysis of a glycerophospholipid."" [GOC:ai]",18,573,7,20208,0.012216404886561954,0.3888888888888889,query_1,['GO:0060229']
GO:BP,GO:0070228,regulation of lymphocyte apoptotic process,0.00019612870005686922,True,"""Any process that modulates the occurrence or rate of lymphocyte death by apoptotic process."" [GOC:add, GOC:mtg_apoptosis, ISBN:0781765196]",61,575,12,20972,0.020869565217391306,0.19672131147540983,query_1,"['GO:0070227', 'GO:2000106']"
GO:BP,GO:0048844,artery morphogenesis,0.00019682980672799578,True,"""The process in which the anatomical structures of arterial blood vessels are generated and organized. Arteries are blood vessels that transport blood from the heart to the body and its organs."" [GOC:dsf, PMID:16740480]",73,575,13,20972,0.022608695652173914,0.1780821917808219,query_1,"['GO:0048514', 'GO:0060840']"
GO:BP,GO:0035272,exocrine system development,0.00020178214363057045,True,"""Progression of the exocrine system over time, from its formation to a mature structure. The exocrine system is a system of hormones and glands, where the glands secrete straight to a target site via ducts or tubes. The human exocrine system includes the salivary glands, sweat glands and many glands of the digestive system."" [GOC:bf, Wikipedia:Exocrine_gland]",50,575,11,20972,0.019130434782608695,0.22,query_1,['GO:0048731']
GO:BP,GO:0140894,endolysosomal toll-like receptor signaling pathway,0.00020178214363057045,True,"""The series of molecular signals initiated by a ligand binding to an endolysosomal pattern recognition receptor (PRR) of the toll-like family. PRRs bind pathogen-associated molecular pattern (PAMPs), structures conserved among microbial species."" [PMID:29679565]",50,575,11,20972,0.019130434782608695,0.22,query_1,['GO:0002753']
GO:MF,GO:0030881,beta-2-microglobulin binding,0.0002027616914700981,True,"""Binding to beta-2-microglobulin."" [GOC:mah]",7,573,5,20208,0.008726003490401396,0.7142857142857143,query_1,['GO:0005515']
GO:MF,GO:0043120,tumor necrosis factor binding,0.0002027616914700981,True,"""Binding to tumor necrosis factor, a proinflammatory cytokine produced by monocytes and macrophages."" [GOC:jl, http://lookwayup.com/]",7,573,5,20208,0.008726003490401396,0.7142857142857143,query_1,['GO:0019955']
WP,WP:WP2848,Pluripotent stem cell differentiation pathway,0.0002083304330359495,True,Pluripotent stem cell differentiation pathway,48,475,13,8899,0.02736842105263158,0.2708333333333333,query_1,['WP:000000']
GO:BP,GO:0097350,neutrophil clearance,0.0002126788780978545,True,"""The selective elimination of senescent neutrophils from the body by autoregulatory mechanisms."" [GOC:BHF, PMID:21957127]",6,575,5,20972,0.008695652173913044,0.8333333333333334,query_1,"['GO:0001780', 'GO:0043277']"
GO:BP,GO:0031622,positive regulation of fever generation,0.0002126788780978545,True,"""Any process that activates or increases the frequency, rate, or extent of fever generation."" [GOC:add]",6,575,5,20972,0.008695652173913044,0.8333333333333334,query_1,"['GO:0001660', 'GO:0002675', 'GO:0031620', 'GO:0031652']"
KEGG,KEGG:04015,Rap1 signaling pathway,0.0002132696488706596,True,Rap1 signaling pathway,212,482,30,8716,0.06224066390041494,0.14150943396226415,query_1,['KEGG:00000']
GO:BP,GO:0007254,JNK cascade,0.00022332951098419121,True,"""A MAPK cascade containing at least the JNK (MAPK8) MAP kinase. It starts with the activation of JUN3K (a MAPK3K), which activates JNKK a MAP2K), which in turn activates JNK. The cascade can also contain an additional tier: the upstream MAP4K. The kinases in each tier phosphorylate and activate the kinases in the downstream tier. The JNK cascade is activated by stress signals, as well as by G protein-coupled receptors, growth factors, and cytokines, and results in cellular responses such as cell proliferation, cell differentiation, apoptosis and inflammation."" [PMID:11790549, PMID:20811974, PMID:23125017]",194,575,21,20972,0.036521739130434785,0.10824742268041238,query_1,['GO:0000165']
GO:CC,GO:0098644,complex of collagen trimers,0.0002268435702749746,True,"""A complex of collagen trimers such as a fibril or collagen network."" [GOC:dos]",30,579,8,22155,0.013816925734024179,0.26666666666666666,query_1,"['GO:0031012', 'GO:0099080']"
GO:BP,GO:0010575,positive regulation of vascular endothelial growth factor production,0.00023036215748042842,True,"""Any process that increases or activates the frequency, rate, or extent of production of vascular endothelial growth factor."" [GOC:BHF, GOC:rl]",31,575,9,20972,0.01565217391304348,0.2903225806451613,query_1,"['GO:0001819', 'GO:0010573', 'GO:0010574']"
GO:BP,GO:0031664,regulation of lipopolysaccharide-mediated signaling pathway,0.00023036215748042842,True,"""Any process that modulates the frequency, rate or extent of signaling in response to detection of lipopolysaccharide."" [GOC:mah]",31,575,9,20972,0.01565217391304348,0.2903225806451613,query_1,"['GO:0002831', 'GO:0009966', 'GO:0031663', 'GO:0032101']"
GO:BP,GO:0051222,positive regulation of protein transport,0.00023515617780873438,True,"""Any process that activates or increases the frequency, rate or extent of the directed movement of a protein into, out of or within a cell, or between cells, by means of some agent such as a transporter or pore."" [GOC:ai]",248,575,24,20972,0.04173913043478261,0.0967741935483871,query_1,"['GO:0015031', 'GO:0051050', 'GO:0051223', 'GO:1903829', 'GO:1904951']"
GO:BP,GO:0048013,ephrin receptor signaling pathway,0.00023714816031056654,True,"""The series of molecular signals initiated by ephrin binding to its receptor, and ending with the regulation of a downstream cellular process, e.g. transcription."" [GOC:ceb]",87,575,14,20972,0.02434782608695652,0.16091954022988506,query_1,['GO:0007169']
GO:BP,GO:0072659,protein localization to plasma membrane,0.00024331645659152648,True,"""A process in which a protein is transported to, or maintained in, a specific location in the plasma membrane."" [GOC:mah]",286,575,26,20972,0.04521739130434783,0.09090909090909091,query_1,"['GO:0072657', 'GO:1990778']"
HP,HP:0010702,Increased circulating immunoglobulin concentration,0.0002435450099098928,True,An increased level of gamma globulin (immunoglobulin) in the blood.,122,241,21,5200,0.08713692946058091,0.1721311475409836,query_1,['HP:0010701']
WP,WP:WP4522,Metabolic pathway of LDL HDL and TG including diseases,0.00024520048154264327,True,Metabolic pathway of LDL HDL and TG including diseases,17,475,8,8899,0.016842105263157894,0.47058823529411764,query_1,['WP:000000']
GO:BP,GO:0016045,detection of bacterium,0.0002467419432175544,True,"""The series of events in which a stimulus from a bacterium is received and converted into a molecular signal."" [GOC:hb]",16,575,7,20972,0.01217391304347826,0.4375,query_1,"['GO:0009617', 'GO:0098543']"
GO:BP,GO:0098883,synapse pruning,0.0002467419432175544,True,"""A cellular process that results in the controlled breakdown of synapse. After it starts the process is continuous until the synapse has disappeared."" [GOC:dos, PMID:12062020, PMID:18083105, PMID:22632716, PMID:29844190]",16,575,7,20972,0.01217391304347826,0.4375,query_1,"['GO:0050808', 'GO:0150146']"
GO:BP,GO:0002923,regulation of humoral immune response mediated by circulating immunoglobulin,0.0002467419432175544,True,"""Any process that modulates the frequency, rate, or extent of a humoral immune response mediated by circulating immunoglobulin."" [GOC:add]",16,575,7,20972,0.01217391304347826,0.4375,query_1,"['GO:0002455', 'GO:0002889', 'GO:0002920']"
GO:BP,GO:0060907,positive regulation of macrophage cytokine production,0.00024692457480628307,True,"""Any process that increases the rate, frequency or extent of macrophage cytokine production. Macrophage cytokine production is the appearance of a chemokine due to biosynthesis or secretion following a cellular stimulus, resulting in an increase in its intracellular or extracellular levels."" [GOC:dph, GOC:tb]",23,575,8,20972,0.01391304347826087,0.34782608695652173,query_1,"['GO:0010934', 'GO:0010935', 'GO:0061081']"
HP,HP:0003271,Visceromegaly,0.000246957365497217,True,Abnormal increased size of the viscera of the abdomen.,782,241,67,5200,0.27800829875518673,0.08567774936061381,query_1,['HP:0001438']
GO:BP,GO:0032147,activation of protein kinase activity,0.0002509626117656634,True,"""Any process that initiates the activity of an inactive protein kinase."" [GOC:mah]",51,575,11,20972,0.019130434782608695,0.21568627450980393,query_1,['GO:0045860']
HP,HP:0000554,Uveitis,0.00025399372485275637,True,Inflammation of one or all portions of the uveal tract.,64,241,15,5200,0.06224066390041494,0.234375,query_1,"['HP:0000553', 'HP:0100533']"
GO:BP,GO:0030855,epithelial cell differentiation,0.00025803552960418455,True,"""The process in which a relatively unspecialized cell acquires specialized features of an epithelial cell, any of the cells making up an epithelium."" [GOC:ecd, PMID:11839751]",745,575,47,20972,0.0817391304347826,0.06308724832214765,query_1,"['GO:0030154', 'GO:0060429']"
REAC,REAC:R-HSA-9820960,Respiratory syncytial virus (RSV) attachment and entry,0.00026132031876875006,True,Respiratory syncytial virus (RSV) attachment and entry,23,520,9,11056,0.01730769230769231,0.391304347826087,query_1,['REAC:R-HSA-9820952']
KEGG,KEGG:04933,AGE-RAGE signaling pathway in diabetic complications,0.0002669855063307248,True,AGE-RAGE signaling pathway in diabetic complications,101,482,19,8716,0.03941908713692946,0.18811881188118812,query_1,['KEGG:00000']
HP,HP:0004332,Abnormal lymphocyte morphology,0.000268254224563854,True,An abnormality of lymphocytes.,267,241,33,5200,0.13692946058091288,0.12359550561797752,query_1,['HP:0001881']
HP,HP:0001482,Subcutaneous nodule,0.0002698059977398629,True,Slightly elevated lesions on or in the skin with a diameter of over 5 mm.,92,241,18,5200,0.07468879668049792,0.1956521739130435,query_1,['HP:0200036']
GO:BP,GO:1903707,negative regulation of hemopoiesis,0.0002722017565096776,True,"""Any process that stops, prevents or reduces the frequency, rate or extent of hemopoiesis."" [GO_REF:0000058, GOC:pad, GOC:PARL, GOC:TermGenie, PMID:20080761]",116,575,16,20972,0.02782608695652174,0.13793103448275862,query_1,"['GO:0002683', 'GO:0010721', 'GO:0030097', 'GO:0051241', 'GO:1903706']"
GO:BP,GO:1903900,regulation of viral life cycle,0.0002722017565096776,True,"""Any process that modulates the frequency, rate or extent of viral life cycle."" [GO_REF:0000058, GOC:TermGenie, PMID:18005716]",116,575,16,20972,0.02782608695652174,0.13793103448275862,query_1,"['GO:0019058', 'GO:0050792']"
GO:MF,GO:0001786,phosphatidylserine binding,0.00027500331434659477,True,"""Binding to phosphatidylserine, a class of glycophospholipids in which a phosphatidyl group is esterified to the hydroxyl group of L-serine."" [ISBN:0198506732, PMID:12000961]",57,573,11,20208,0.019197207678883072,0.19298245614035087,query_1,"['GO:0005543', 'GO:0043168', 'GO:0072341']"
GO:BP,GO:0033077,T cell differentiation in thymus,0.0002750112605489674,True,"""The process in which a precursor cell type acquires the specialized features of a T cell via a differentiation pathway dependent upon transit through the thymus."" [GOC:add, ISBN:0781735149]",88,575,14,20972,0.02434782608695652,0.1590909090909091,query_1,['GO:0030217']
HPA,HPA:0310442,Lymph node; non-germinal center cells[≥Medium],0.0002761359189358847,True,Lymph node; non-germinal center cells[≥Medium],3988,397,190,11007,0.47858942065491183,0.047642928786359076,query_1,['HPA:0310441']
GO:BP,GO:0051963,regulation of synapse assembly,0.00028269684905334703,True,"""Any process that modulates the frequency, rate or extent of synapse assembly, the aggregation, arrangement and bonding together of a set of components to form a synapse."" [GOC:ai, GOC:pr]",163,575,19,20972,0.03304347826086956,0.1165644171779141,query_1,"['GO:0007416', 'GO:0050807', 'GO:1901888']"
HP,HP:0100758,Gangrene,0.0002831361035416439,True,A serious and potentially life-threatening condition that arises when a considerable mass of body tissue dies (necrosis).,56,241,14,5200,0.058091286307053944,0.25,query_1,['HP:0025142']
GO:BP,GO:0032868,response to insulin,0.0002913750710915028,True,"""Any process that results in a change in state or activity of a cell or an organism (in terms of movement, secretion, enzyme production, gene expression, etc.) as a result of an insulin stimulus. Insulin is a polypeptide hormone produced by the islets of Langerhans of the pancreas in mammals, and by the homologous organs of other organisms."" [GOC:mah, ISBN:0198506732]",308,575,27,20972,0.04695652173913043,0.08766233766233766,query_1,['GO:0043434']
REAC,REAC:R-HSA-975634,Retinoid metabolism and transport,0.0003011948285166016,True,Retinoid metabolism and transport,44,520,12,11056,0.023076923076923078,0.2727272727272727,query_1,"['REAC:R-HSA-2187338', 'REAC:R-HSA-6806667']"
GO:BP,GO:0099173,postsynapse organization,0.00030288740450517556,True,"""A process that is carried out at the cellular level which results in the assembly, arrangement of constituent parts, or disassembly of a postsynapse."" [GOC:dos]",233,575,23,20972,0.04,0.09871244635193133,query_1,"['GO:0016043', 'GO:0050808']"
GO:BP,GO:0048146,positive regulation of fibroblast proliferation,0.0003104891072360013,True,"""Any process that activates or increases the frequency, rate or extent of multiplication or reproduction of fibroblast cells."" [GOC:jid]",52,575,11,20972,0.019130434782608695,0.21153846153846154,query_1,"['GO:0008284', 'GO:0048144', 'GO:0048145']"
GO:BP,GO:0050856,regulation of T cell receptor signaling pathway,0.0003104891072360013,True,"""Any process that modulates the frequency, rate or extent of signaling pathways initiated by the cross-linking of an antigen receptor on a T cell."" [GOC:ai]",52,575,11,20972,0.019130434782608695,0.21153846153846154,query_1,"['GO:0050852', 'GO:0050854']"
GO:BP,GO:0045581,negative regulation of T cell differentiation,0.0003104891072360013,True,"""Any process that stops, prevents, or reduces the frequency, rate or extent of T cell differentiation."" [GOC:go_curators]",52,575,11,20972,0.019130434782608695,0.21153846153846154,query_1,"['GO:0030217', 'GO:0045580', 'GO:0045620', 'GO:0050868']"
GO:BP,GO:0050901,leukocyte tethering or rolling,0.00031275315515946344,True,"""Transient adhesive interactions between leukocytes and endothelial cells lining blood vessels. Carbohydrates on circulating leukocytes bind selectins on the vessel wall causing the leukocytes to slow down and roll along the inner surface of the vessel wall. During this rolling motion, transitory bonds are formed and broken between selectins and their ligands. Typically the first step in cellular extravasation (the movement of leukocytes out of the circulatory system, towards the site of tissue damage or infection)."" [GOC:bf, ISBN:0781735149, PMID:14680625, PMID:14708592, PMID:7507411, PMID:8600538, Wikipedia:Leukocyte_extravasation]",32,575,9,20972,0.01565217391304348,0.28125,query_1,"['GO:0045123', 'GO:0061756']"
WP,WP:WP185,Integrin mediated cell adhesion,0.00031587302134702575,True,Integrin mediated cell adhesion,101,475,19,8899,0.04,0.18811881188118812,query_1,['WP:000000']
WP,WP:WP2877,Vitamin D receptor pathway,0.00032185105607250586,True,Vitamin D receptor pathway,183,475,27,8899,0.056842105263157895,0.14754098360655737,query_1,['WP:000000']
HP,HP:0004370,Abnormality of temperature regulation,0.0003317670882045627,True,An abnormality of temperature homeostasis.,576,241,54,5200,0.22406639004149378,0.09375,query_1,['HP:0012337']
GO:MF,GO:0042803,protein homodimerization activity,0.00033191796238928625,True,"""Binding to an identical protein to form a homodimer."" [GOC:jl]",717,573,45,20208,0.07853403141361257,0.06276150627615062,query_1,"['GO:0042802', 'GO:0046983']"
GO:BP,GO:0045058,T cell selection,0.00034308169086501083,True,"""The process in which T cells that express T cell receptors that are restricted by self MHC protein complexes and tolerant to self antigens are selected for further maturation."" [ISBN:0781735149, PMID:12414722]",64,575,12,20972,0.020869565217391306,0.1875,query_1,"['GO:0002376', 'GO:0030217']"
GO:BP,GO:0071695,anatomical structure maturation,0.00034687651698611476,True,"""A developmental process, independent of morphogenetic (shape) change, that is required for an anatomical structure to attain its fully functional state."" [GOC:mah]",272,575,25,20972,0.043478260869565216,0.09191176470588236,query_1,"['GO:0021700', 'GO:0048856']"
GO:BP,GO:0060391,positive regulation of SMAD protein signal transduction,0.0003529358886911906,True,"""Any process that increases the rate, frequency or extent of SMAD protein signal transduction."" [GOC:BHF, GOC:dph, GOC:tb]",42,575,10,20972,0.017391304347826087,0.23809523809523808,query_1,"['GO:0060390', 'GO:0060395', 'GO:0090100', 'GO:1902533']"
HP,HP:0025408,Abnormal spleen morphology,0.0003581227910379078,True,Any anomaly of the structure of the spleen.,625,241,57,5200,0.23651452282157676,0.0912,query_1,['HP:0001743']
TF,TF:M11390,Factor: Erg; motif: NACAGGAARTN,0.0003597964371888236,True,Factor: Erg; motif: NACAGGAARTN,2928,579,131,20093,0.22625215889464595,0.044740437158469946,query_1,['TF:M00000']
HP,HP:0012531,Pain,0.00036633190705403877,True,"An unpleasant sensory and emotional experience associated with actual or potential tissue damage, or described in terms of such damage.",875,241,72,5200,0.2987551867219917,0.08228571428571428,query_1,['HP:0025142']
HP,HP:0005764,Polyarticular arthritis,0.00037498792776900395,True,Polyarticular arthritis,49,241,13,5200,0.05394190871369295,0.2653061224489796,query_1,['HP:0005195']
GO:BP,GO:0048568,embryonic organ development,0.000379986301777088,True,"""Development, taking place during the embryonic phase, of a tissue or tissues that work together to perform a specific function or functions. Development pertains to the process whose specific outcome is the progression of a structure over time, from its formation to the mature structure. Organs are commonly observed as visibly distinct structures, but may also exist as loosely associated clusters of cells that work together to perform a specific function or functions."" [GOC:jid]",457,575,34,20972,0.059130434782608696,0.07439824945295405,query_1,"['GO:0009790', 'GO:0048513']"
GO:MF,GO:0140678,molecular function inhibitor activity,0.0003800563058941007,True,"""A molecular function regulator that inhibits or decreases the activity of its target via non-covalent binding that does not result in covalent modification to the target."" [GOC:curators]",559,573,38,20208,0.06631762652705062,0.06797853309481217,query_1,['GO:0098772']
WP,WP:WP5110,Familial hyperlipidemia type 3,0.00038093742931526517,True,Familial hyperlipidemia type 3,13,475,7,8899,0.014736842105263158,0.5384615384615384,query_1,['WP:000000']
WP,WP:WP5198,Inflammatory bowel disease signaling,0.00038980786101017976,True,Inflammatory bowel disease signaling,43,475,12,8899,0.02526315789473684,0.27906976744186046,query_1,['WP:000000']
GO:BP,GO:0051248,negative regulation of protein metabolic process,0.00040168904714411765,True,"""Any process that stops, prevents, or reduces the frequency, rate or extent of chemical reactions and pathways involving a protein."" [GOC:ai]",569,575,39,20972,0.06782608695652174,0.06854130052724078,query_1,"['GO:0010605', 'GO:0019538', 'GO:0051246']"
GO:MF,GO:1990782,protein tyrosine kinase binding,0.00040304834892275856,True,"""Binding to protein tyrosine kinase."" [PMID:25499537]",113,573,15,20208,0.02617801047120419,0.13274336283185842,query_1,['GO:0019901']
GO:BP,GO:0002423,natural killer cell mediated immune response to tumor cell,0.00040498872589272555,True,"""An immune response mediated by a natural killer cell triggered in response to the presence of a tumor cell."" [GOC:add, ISBN:0781735149, PMID:16730260]",11,575,6,20972,0.010434782608695653,0.5454545454545454,query_1,"['GO:0002228', 'GO:0002418']"
GO:BP,GO:0071636,positive regulation of transforming growth factor beta production,0.00040954880049051516,True,"""Any process that activates or increases the frequency, rate, or extent of production of transforming growth factor-beta."" [GOC:mah]",17,575,7,20972,0.01217391304347826,0.4117647058823529,query_1,"['GO:0001819', 'GO:0071604', 'GO:0071634']"
GO:BP,GO:0010755,regulation of plasminogen activation,0.00040954880049051516,True,"""Any process that modulates the rate, frequency or extent of plasminogen activation. Plasminogen activation is the process in which plasminogen is processed to plasmin."" [GOC:BHF, GOC:dph, GOC:tb]",17,575,7,20972,0.01217391304347826,0.4117647058823529,query_1,"['GO:0031639', 'GO:0070613']"
GO:BP,GO:0032930,positive regulation of superoxide anion generation,0.00040954880049051516,True,"""Any process that activates or increases the frequency, rate or extent of enzymatic generation of superoxide by a cell."" [GOC:mah]",17,575,7,20972,0.01217391304347826,0.4117647058823529,query_1,"['GO:0032928', 'GO:0042554', 'GO:2000379']"
GO:MF,GO:0070123,"transforming growth factor beta receptor activity, type III",0.00041198335222079077,True,"""Combining with transforming growth factor beta to initiate a change in cell activity; facilitates ligand binding to type I and type II TGF-beta receptors."" [GOC:BHF, GOC:mah, PMID:9759503]",13,573,6,20208,0.010471204188481676,0.46153846153846156,query_1,['GO:0005024']
GO:MF,GO:0035325,Toll-like receptor binding,0.00041198335222079077,True,"""Binding to a Toll-like protein, a pattern recognition receptor that binds pattern motifs from a variety of microbial sources to initiate an innate immune response."" [PMID:19076341]",13,573,6,20208,0.010471204188481676,0.46153846153846156,query_1,['GO:0005102']
HP,HP:0004315,Decreased circulating IgG concentration,0.00041356147181689237,True,An abnormally decreased level of immunoglobulin G (IgG) in blood.,115,241,20,5200,0.08298755186721991,0.17391304347826086,query_1,"['HP:0004313', 'HP:0410242']"
GO:BP,GO:0010743,regulation of macrophage derived foam cell differentiation,0.0004196384901936982,True,"""Any process that modulates the rate, frequency or extent of macrophage derived foam cell differentiation. Macrophage derived foam cell differentiation is the process in which a macrophage acquires the specialized features of a foam cell. A foam cell is a type of cell containing lipids in small vacuoles and typically seen in atherosclerotic lesions, as well as other conditions."" [GOC:add, GOC:BHF, GOC:dph, GOC:tb]",33,575,9,20972,0.01565217391304348,0.2727272727272727,query_1,"['GO:0010742', 'GO:0045595']"
GO:BP,GO:0032633,interleukin-4 production,0.0004196384901936982,True,"""The appearance of interleukin-4 due to biosynthesis or secretion following a cellular stimulus, resulting in an increase in its intracellular or extracellular levels."" [GOC:mah]",33,575,9,20972,0.01565217391304348,0.2727272727272727,query_1,['GO:0001816']
GO:BP,GO:0032673,regulation of interleukin-4 production,0.0004196384901936982,True,"""Any process that modulates the frequency, rate, or extent of interleukin-4 production."" [GOC:mah, PMID:29778524]",33,575,9,20972,0.01565217391304348,0.2727272727272727,query_1,"['GO:0001817', 'GO:0032633']"
GO:BP,GO:0061081,positive regulation of myeloid leukocyte cytokine production involved in immune response,0.0004196384901936982,True,"""Any process that modulates the rate, frequency, or extent of the production of a cytokine that contributes to the immune response."" [GOC:BHF, GOC:dph]",33,575,9,20972,0.01565217391304348,0.2727272727272727,query_1,"['GO:0002720', 'GO:0061082']"
GO:MF,GO:0043236,laminin binding,0.0004210410269574804,True,"""Binding to a laminin, a major glycoprotein constituent of the basement membrane of cells."" [GOC:ecd]",28,573,8,20208,0.013961605584642234,0.2857142857142857,query_1,"['GO:0005515', 'GO:0050840']"
GO:CC,GO:0031902,late endosome membrane,0.0004226503910772102,True,"""The lipid bilayer surrounding a late endosome."" [GOC:pz]",181,579,18,22155,0.031088082901554404,0.09944751381215469,query_1,"['GO:0005770', 'GO:0010008']"
GO:BP,GO:0050804,modulation of chemical synaptic transmission,0.0004257454046519362,True,"""Any process that modulates the frequency or amplitude of synaptic transmission, the process of communication from a neuron to a target (neuron, muscle, or secretory cell) across a synapse. Amplitude, in this case, refers to the change in postsynaptic membrane potential due to a single instance of synaptic transmission."" [GOC:ai]",503,575,36,20972,0.06260869565217392,0.07157057654075547,query_1,"['GO:0007268', 'GO:0099177']"
GO:CC,GO:0016323,basolateral plasma membrane,0.0004353352562927367,True,"""The region of the plasma membrane that includes the basal end and sides of the cell. Often used in reference to animal polarized epithelial membranes, where the basal membrane is the part attached to the extracellular matrix, or in plant cells, where the basal membrane is defined with respect to the zygotic axis."" [GOC:go_curators]",259,579,22,22155,0.037996545768566495,0.08494208494208494,query_1,"['GO:0009925', 'GO:0098590']"
REAC,REAC:R-HSA-1236974,ER-Phagosome pathway,0.0004374877725033146,True,ER-Phagosome pathway,90,520,17,11056,0.032692307692307694,0.18888888888888888,query_1,['REAC:R-HSA-1236975']
HP,HP:0002102,Pleuritis,0.00045855881664444626,True,Inflammation of the pleura.,28,241,10,5200,0.04149377593360996,0.35714285714285715,query_1,['HP:0002103']
HP,HP:0000969,Edema,0.0004709582462779523,True,"An abnormal accumulation of fluid beneath the skin, or in one or more cavities of the body.",695,241,61,5200,0.25311203319502074,0.08776978417266187,query_1,['HP:0011032']
HPA,HPA:0470203,Skin 2; endothelial cells[High],0.0004894886291001314,True,Skin 2; endothelial cells[High],320,397,30,11007,0.07556675062972293,0.09375,query_1,['HPA:0470202']
GO:BP,GO:0045926,negative regulation of growth,0.0004901519477617673,True,"""Any process that stops, prevents or reduces the rate or extent of growth, the increase in size or mass of all or part of an organism."" [GOC:go_curators]",221,575,22,20972,0.03826086956521739,0.09954751131221719,query_1,"['GO:0040007', 'GO:0040008', 'GO:0048519']"
GO:BP,GO:0050830,defense response to Gram-positive bacterium,0.0004938691170315561,True,"""Reactions triggered in response to the presence of a Gram-positive bacterium that act to protect the cell or organism."" [GOC:ai]",121,575,16,20972,0.02782608695652174,0.1322314049586777,query_1,['GO:0042742']
GO:BP,GO:0019725,cellular homeostasis,0.0005011398047706483,True,"""Any process involved in the maintenance of an internal steady state at the level of the cell."" [GOC:isa_complete, GOC:jl, ISBN:0395825172]",738,575,46,20972,0.08,0.06233062330623306,query_1,['GO:0042592']
GO:BP,GO:0030001,metal ion transport,0.0005014113065509539,True,"""The directed movement of metal ions, any metal ion with an electric charge, into, out of or within a cell, or between cells, by means of some agent such as a transporter or pore."" [GOC:ai]",860,575,51,20972,0.08869565217391304,0.05930232558139535,query_1,['GO:0006812']
GO:BP,GO:0043270,positive regulation of monoatomic ion transport,0.0005029389274898254,True,"""Any process that activates or increases the frequency, rate or extent of the directed movement of charged atoms or small charged molecules into, out of or within a cell, or between cells, by means of some agent such as a transporter or pore."" [GOC:jl]",186,575,20,20972,0.034782608695652174,0.10752688172043011,query_1,"['GO:0006811', 'GO:0043269', 'GO:0051050']"
GO:BP,GO:0002260,lymphocyte homeostasis,0.0005181141587782155,True,"""The process of regulating the proliferation and elimination of lymphocytes such that the total number of lymphocytes within a whole or part of an organism is stable over time in the absence of an outside stimulus."" [GOC:add, PMID:15826826, PMID:16319493, PMID:16551252, PMID:16551262]",79,575,13,20972,0.022608695652173914,0.16455696202531644,query_1,['GO:0001776']
GO:BP,GO:1903902,positive regulation of viral life cycle,0.0005189203010770726,True,"""Any process that activates or increases the frequency, rate or extent of viral life cycle."" [GO_REF:0000058, GOC:TermGenie, PMID:18005716]",25,575,8,20972,0.01391304347826087,0.32,query_1,"['GO:0019058', 'GO:0048524', 'GO:1903900']"
GO:BP,GO:0002675,positive regulation of acute inflammatory response,0.0005189203010770726,True,"""Any process that activates or increases the frequency, rate, or extent of an acute inflammatory response."" [GOC:add]",25,575,8,20972,0.01391304347826087,0.32,query_1,"['GO:0002526', 'GO:0002673', 'GO:0050729']"
GO:BP,GO:0043302,positive regulation of leukocyte degranulation,0.0005189203010770726,True,"""Any process that activates or increases the frequency, rate or extent of leukocyte degranulation."" [GOC:add, ISBN:0781735149]",25,575,8,20972,0.01391304347826087,0.32,query_1,"['GO:0002699', 'GO:0043299', 'GO:0043300', 'GO:1903307']"
GO:BP,GO:0072677,eosinophil migration,0.0005189203010770726,True,"""The movement of an eosinophil within or between different tissues and organs of the body."" [CL:0000771, GOC:BHF, GOC:mah]",25,575,8,20972,0.01391304347826087,0.32,query_1,['GO:0097530']
GO:MF,GO:0032395,MHC class II receptor activity,0.0005280462479304065,True,"""Combining with an MHC class II protein complex and transmitting the signal from one side of the membrane to the other to initiate a change in cell activity."" [GOC:add, GOC:signaling, ISBN:0781735149]",8,573,5,20208,0.008726003490401396,0.625,query_1,"['GO:0004888', 'GO:0140375']"
GO:MF,GO:0042609,CD4 receptor binding,0.0005280462479304065,True,"""Binding to a CD4, a receptor found on the surface of T cells, monocytes and macrophages."" [GOC:jl, MSH:D015704]",8,573,5,20208,0.008726003490401396,0.625,query_1,['GO:0005102']
TF,TF:M09907_1,Factor: Erg; motif: NRRSAGGAAGNGG; match class: 1,0.000530506533242602,True,Factor: Erg; motif: NRRSAGGAAGNGG; match class: 1,5223,579,206,20093,0.35578583765112265,0.039440934328929735,query_1,['TF:M09907']
HP,HP:0001977,Abnormal thrombosis,0.0005369625844001778,True,Venous or arterial thrombosis (formation of blood clots) of spontaneous nature and which cannot be fully explained by acquired risk (e.g. atherosclerosis).,210,241,28,5200,0.11618257261410789,0.13333333333333333,query_1,['HP:0001871']
GO:CC,GO:0110165,cellular anatomical structure,0.0005419193416008017,True,"""A part of a cellular organism consisting of a material entity with granularity above the level of a protein complex but below that of an anatomical system. Note that cellular organisms exclude viruses."" [GOC:kmv]",21660,579,579,22155,1.0,0.02673130193905817,query_1,['GO:0005575']
GO:BP,GO:0060840,artery development,0.0005446927887737646,True,"""The progression of the artery over time, from its initial formation to the mature structure. An artery is a blood vessel that carries blood away from the heart to a capillary bed."" [GOC:dph, GOC:sdb_2009, GOC:tb]",107,575,15,20972,0.02608695652173913,0.14018691588785046,query_1,['GO:0001568']
GO:BP,GO:0002204,somatic recombination of immunoglobulin genes involved in immune response,0.0005709162395592011,True,"""The process in which immunoglobulin genes are formed through recombination of the germline genetic elements, also known as immunoglobulin gene segments, within a single locus following the induction of and contributing to an immune response."" [GOC:add, ISBN:0781735149]",55,575,11,20972,0.019130434782608695,0.2,query_1,"['GO:0002208', 'GO:0016447']"
GO:BP,GO:0010718,positive regulation of epithelial to mesenchymal transition,0.0005709162395592011,True,"""Any process that increases the rate, frequency, or extent of epithelial to mesenchymal transition. Epithelial to mesenchymal transition is where an epithelial cell loses apical/basolateral polarity, severs intercellular adhesive junctions, degrades basement membrane components and becomes a migratory mesenchymal cell."" [GOC:BHF, GOC:dph, GOC:tb]",55,575,11,20972,0.019130434782608695,0.2,query_1,"['GO:0001837', 'GO:0010717', 'GO:0045597', 'GO:0051240']"
GO:BP,GO:0045190,isotype switching,0.0005709162395592011,True,"""The switching of activated B cells from IgM biosynthesis to biosynthesis of other isotypes of immunoglobulin, accomplished through a recombination process involving an intrachromosomal deletion involving switch regions that reside 5' of each constant region gene segment in the immunoglobulin heavy chain locus."" [ISBN:0781735149]",55,575,11,20972,0.019130434782608695,0.2,query_1,"['GO:0002204', 'GO:0002312']"
GO:BP,GO:0002208,somatic diversification of immunoglobulins involved in immune response,0.0005709162395592011,True,"""The somatic process that results in the generation of sequence diversity of immunoglobulins after induction, and contributes to an immune response."" [GOC:add, ISBN:0781735149, PMID:14991701]",55,575,11,20972,0.019130434782608695,0.2,query_1,"['GO:0002381', 'GO:0016445']"
GO:CC,GO:0030670,phagocytic vesicle membrane,0.0005730821574787279,True,"""The lipid bilayer surrounding a phagocytic vesicle."" [GOC:mah]",84,579,12,22155,0.02072538860103627,0.14285714285714285,query_1,"['GO:0030666', 'GO:0045335']"
HP,HP:0003040,Arthropathy,0.0005747349972061098,True,Arthropathy,77,241,16,5200,0.06639004149377593,0.2077922077922078,query_1,['HP:0001367']
GO:BP,GO:0051057,positive regulation of small GTPase mediated signal transduction,0.0005812975527525142,True,"""Any process that activates or increases the frequency, rate or extent of small GTPase mediated signal transduction."" [GOC:ai]",67,575,12,20972,0.020869565217391306,0.1791044776119403,query_1,"['GO:0007264', 'GO:0051056', 'GO:1902533']"
GO:BP,GO:0060390,regulation of SMAD protein signal transduction,0.0005812975527525142,True,"""Any process that modulates the rate, frequency or extent of SMAD protein signal transduction."" [GOC:BHF, GOC:dph, GOC:tb]",67,575,12,20972,0.020869565217391306,0.1791044776119403,query_1,"['GO:0060395', 'GO:1902531']"
GO:BP,GO:0097192,extrinsic apoptotic signaling pathway in absence of ligand,0.0005812975527525142,True,"""The series of molecular signals in which a signal is conveyed from the cell surface to trigger the apoptotic death of a cell. The pathway starts with withdrawal of a ligand from a cell surface receptor, and ends when the execution phase of apoptosis is triggered."" [GOC:mtg_apoptosis, PMID:15044679, PMID:20816705]",67,575,12,20972,0.020869565217391306,0.1791044776119403,query_1,"['GO:0038034', 'GO:0097191']"
HP,HP:0001438,Abnormal abdomen morphology,0.0005835329421839794,True,"A structural abnormality of the abdomen ('belly'), that is, the part of the body between the pelvis and the thorax.",885,241,72,5200,0.2987551867219917,0.08135593220338982,query_1,['HP:0025031']
HP,HP:0031446,Erosion of oral mucosa,0.000600883947554447,True,Loss of the superficial layer of the oral mucosa usually resulting in a shallow or crusted lesion.,107,241,19,5200,0.07883817427385892,0.17757009345794392,query_1,['HP:0011830']
HP,HP:0005421,Decreased circulating complement C3 concentration,0.000612800461152387,True,Concentration of the complement component C3 in the blood circulation below the lower limit of normal.,43,241,12,5200,0.04979253112033195,0.27906976744186046,query_1,['HP:0004431']
HP,HP:0005195,Polyarticular arthropathy,0.0006258354590850901,True,Polyarticular arthropathy,51,241,13,5200,0.05394190871369295,0.2549019607843137,query_1,['HP:0003040']
GO:BP,GO:0030307,positive regulation of cell growth,0.0006422340472096441,True,"""Any process that activates or increases the frequency, rate, extent or direction of cell growth."" [GOC:go_curators]",155,575,18,20972,0.03130434782608696,0.11612903225806452,query_1,"['GO:0001558', 'GO:0016049', 'GO:0045927', 'GO:0048522']"
GO:MF,GO:0017046,peptide hormone binding,0.0006455957523288695,True,"""Binding to a peptide with hormonal activity in animals."" [GOC:jl, ISBN:0198506732]",50,573,10,20208,0.017452006980802792,0.2,query_1,['GO:0042562']
HP,HP:0001743,Abnormality of the spleen,0.0006476081321410492,True,An abnormality of the spleen.,652,241,58,5200,0.24066390041493776,0.08895705521472393,query_1,"['HP:0002012', 'HP:0100763']"
GO:BP,GO:0072567,chemokine (C-X-C motif) ligand 2 production,0.0006543393160403096,True,"""The appearance of chemokine (C-X-C motif) ligand 2 due to biosynthesis or secretion following a cellular stimulus, resulting in an increase in its intracellular or extracellular levels."" [GOC:BHF, GOC:mah]",18,575,7,20972,0.01217391304347826,0.3888888888888889,query_1,['GO:0032602']
GO:BP,GO:0033631,cell-cell adhesion mediated by integrin,0.0006543393160403096,True,"""The attachment of one cell to another cell via an integrin, a heterodimeric adhesion receptor formed by the non-covalent association of particular alpha and beta subunits."" [GOC:add, PMID:12213832, PMID:14754902]",18,575,7,20972,0.01217391304347826,0.3888888888888889,query_1,"['GO:0033627', 'GO:0098609']"
GO:BP,GO:2000341,regulation of chemokine (C-X-C motif) ligand 2 production,0.0006543393160403096,True,"""Any process that modulates the frequency, rate or extent of chemokine (C-X-C motif) ligand 2 production."" [GOC:BHF, GOC:mah]",18,575,7,20972,0.01217391304347826,0.3888888888888889,query_1,"['GO:0032642', 'GO:0072567']"
WP,WP:WP254,Apoptosis,0.0006639111551760687,True,Apoptosis,87,475,17,8899,0.035789473684210524,0.19540229885057472,query_1,['WP:000000']
HP,HP:0033429,Neuroinflammation,0.0006716856829693559,True,Activation of the brain's innate immune system in response to an inflammatory challenge and is characterized by a host of cellular and molecular changes within the brain.,29,241,10,5200,0.04149377593360996,0.3448275862068966,query_1,['HP:0012649']
WP,WP:WP247,Small ligand GPCRs,0.0006931698478389673,True,Small ligand GPCRs,19,475,8,8899,0.016842105263157894,0.42105263157894735,query_1,['WP:000000']
GO:BP,GO:0030516,regulation of axon extension,0.0007009150613301266,True,"""Any process that modulates the rate, direction or extent of axon extension."" [GOC:go_curators]",81,575,13,20972,0.022608695652173914,0.16049382716049382,query_1,"['GO:0048638', 'GO:0048675', 'GO:0061387']"
GO:BP,GO:0002224,toll-like receptor signaling pathway,0.0007009150613301266,True,"""The series of molecular signals initiated by a ligand binding to a toll-like receptor of a target cell. Toll-like receptors directly bind pattern motifs from a variety of microbial sources to initiate an innate immune response."" [GO_REF:0000022, GOC:add, ISBN:0781735149, PMID:12467241, PMID:12524386, PMID:12855817, PMID:15585605, PMID:15728447]",81,575,13,20972,0.022608695652173914,0.16049382716049382,query_1,['GO:0002221']
GO:BP,GO:0001570,vasculogenesis,0.0007009150613301266,True,"""The differentiation of endothelial cells from progenitor cells during blood vessel development, and the de novo formation of blood vessels and tubes."" [PMID:8999798]",81,575,13,20972,0.022608695652173914,0.16049382716049382,query_1,"['GO:0030154', 'GO:0048514']"
GO:MF,GO:0008191,metalloendopeptidase inhibitor activity,0.0007036844636724562,True,"""Binds to and stops, prevents or reduces the activity of metalloendopeptidases, enzymes that catalyze the hydrolysis of nonterminal peptide bonds in a polypeptide chain and contain a chelated metal ion at their active sites which is essential to their catalytic activity."" [GOC:ai]",14,573,6,20208,0.010471204188481676,0.42857142857142855,query_1,['GO:0004866']
WP,WP:WP5144,NRP1 triggered signaling in pancreatic cancer ,0.0007106781436325092,True,NRP1 triggered signaling in pancreatic cancer ,53,475,13,8899,0.02736842105263158,0.24528301886792453,query_1,['WP:000000']
WP,WP:WP2911,miRNA targets in ECM and membrane receptors,0.0007179737645609628,True,miRNA targets in ECM and membrane receptors,38,475,11,8899,0.023157894736842106,0.2894736842105263,query_1,['WP:000000']
GO:BP,GO:0071221,cellular response to bacterial lipopeptide,0.0007275229777552344,True,"""Any process that results in a change in state or activity of a cell (in terms of movement, secretion, enzyme production, gene expression, etc.) as a result of a bacterial lipopeptide stimulus."" [GOC:mah]",7,575,5,20972,0.008695652173913044,0.7142857142857143,query_1,"['GO:0070339', 'GO:0071220']"
GO:BP,GO:0071220,cellular response to bacterial lipoprotein,0.0007275229777552344,True,"""Any process that results in a change in state or activity of a cell (in terms of movement, secretion, enzyme production, gene expression, etc.) as a result of a bacterial lipoprotein stimulus."" [GOC:mah]",7,575,5,20972,0.008695652173913044,0.7142857142857143,query_1,"['GO:0032493', 'GO:0071219']"
GO:BP,GO:0070339,response to bacterial lipopeptide,0.0007275229777552344,True,"""Any process that results in a change in state or activity of an organism (in terms of movement, secretion, enzyme production, gene expression, etc.) as a result of a bacterial lipopeptide stimulus."" [GOC:add, PMID:12077222]",7,575,5,20972,0.008695652173913044,0.7142857142857143,query_1,['GO:0032493']
GO:BP,GO:0050926,regulation of positive chemotaxis,0.0007316158218290999,True,"""Any process that modulates the frequency, rate or extent of the directed movement of a motile cell or organism towards a higher concentration in a concentration gradient of a specific chemical."" [GOC:ai]",26,575,8,20972,0.01391304347826087,0.3076923076923077,query_1,"['GO:0050918', 'GO:0050920']"
GO:BP,GO:1905562,regulation of vascular endothelial cell proliferation,0.0007316158218290999,True,"""Any process that modulates the frequency, rate or extent of vascular endothelial cell proliferation."" [GO_REF:0000058, GOC:BHF, GOC:BHF_telomere, GOC:nc, GOC:TermGenie, PMID:23201774]",26,575,8,20972,0.01391304347826087,0.3076923076923077,query_1,"['GO:0001936', 'GO:0101023']"
GO:BP,GO:0032753,positive regulation of interleukin-4 production,0.0007316158218290999,True,"""Any process that activates or increases the frequency, rate, or extent of interleukin-4 production."" [GOC:mah]",26,575,8,20972,0.01391304347826087,0.3076923076923077,query_1,"['GO:0001819', 'GO:0032633', 'GO:0032673']"
HP,HP:0410243,Abnormal circulating IgM concentration,0.0007382140495200656,True,An abnormal deviation from normal levels of IgM immunoglobulin in blood.,119,241,20,5200,0.08298755186721991,0.16806722689075632,query_1,['HP:0010701']
GO:MF,GO:0001968,fibronectin binding,0.0007541611370259355,True,"""Binding to a fibronectin, a group of related adhesive glycoproteins of high molecular weight found on the surface of animal cells, connective tissue matrices, and in extracellular fluids."" [GOC:hjd]",30,573,8,20208,0.013961605584642234,0.26666666666666666,query_1,['GO:0005515']
HP,HP:0011025,Abnormal cardiovascular system physiology,0.0007628332361983441,True,Abnormal functionality of the cardiovascular system.,1536,241,107,5200,0.44398340248962653,0.06966145833333333,query_1,['HP:0001626']
GO:BP,GO:0009306,protein secretion,0.0007651014890740345,True,"""The controlled release of proteins from a cell."" [GOC:ai]",364,575,29,20972,0.050434782608695654,0.07967032967032966,query_1,"['GO:0015031', 'GO:0032940', 'GO:0035592', 'GO:0071692']"
GO:BP,GO:0010977,negative regulation of neuron projection development,0.0007776434020962616,True,"""Any process that decreases the rate, frequency or extent of neuron projection development. Neuron projection development is the process whose specific outcome is the progression of a neuron projection over time, from its formation to the mature structure. A neuron projection is any process extending from a neural cell, such as axons or dendrites (collectively called neurites)."" [GOC:dph, GOC:tb]",125,575,16,20972,0.02782608695652174,0.128,query_1,"['GO:0010975', 'GO:0031175', 'GO:0031345']"
GO:BP,GO:2001198,regulation of dendritic cell differentiation,0.0007911788927941495,True,"""Any process that modulates the frequency, rate or extent of dendritic cell differentiation."" [GOC:obol]",12,575,6,20972,0.010434782608695653,0.5,query_1,"['GO:0097028', 'GO:1902105']"
GO:BP,GO:0031650,regulation of heat generation,0.0007911788927941495,True,"""Any process that modulates the rate or extent of heat generation."" [GOC:dph, GOC:mah, GOC:tb]",12,575,6,20972,0.010434782608695653,0.5,query_1,"['GO:0031649', 'GO:0051239']"
HP,HP:0030875,Abnormality of pulmonary circulation,0.0008004026145367961,True,A functional anomaly of that portion of the cardiosvascular system that carries deoxygenated blood from the heart to the lungs and returns oxygenated blood back to the heart.,214,241,28,5200,0.11618257261410789,0.1308411214953271,query_1,"['HP:0002795', 'HP:0030163']"
GO:BP,GO:0043299,leukocyte degranulation,0.000812374789691459,True,"""The regulated exocytosis of secretory granules by a leukocyte."" [GO_REF:0000022, GOC:add, ISBN:0781735149]",82,575,13,20972,0.022608695652173914,0.15853658536585366,query_1,"['GO:0002252', 'GO:0045055', 'GO:0051649']"
GO:BP,GO:0038034,signal transduction in absence of ligand,0.0008128966055168694,True,"""The series of molecular signals initiated by the absence of a ligand or the withdrawal of a ligand from a receptor."" [GOC:al, GOC:ppm, GOC:pr, PMID:15044679]",69,575,12,20972,0.020869565217391306,0.17391304347826086,query_1,['GO:0007165']
HP,HP:0002014,Diarrhea,0.0008184551125896839,True,Abnormally increased frequency (usually defined as three or more) loose or watery bowel movements a day.,452,241,45,5200,0.18672199170124482,0.09955752212389381,query_1,['HP:0011458']
HP,HP:0032016,Abnormal sputum,0.0008253896358185132,True,"Abnormal appearance of material expectorated (coughed up) from the respiratory system and that is composed of mucus but may contain other substances such as pus, blood, microorganisms, and fibrin.",142,241,22,5200,0.0912863070539419,0.15492957746478872,query_1,['HP:0012252']
REAC,REAC:R-HSA-6806667,Metabolism of fat-soluble vitamins,0.0008374456265546498,True,Metabolism of fat-soluble vitamins,48,520,12,11056,0.023076923076923078,0.25,query_1,['REAC:R-HSA-196854']
GO:CC,GO:0030658,transport vesicle membrane,0.0008437650682650622,True,"""The lipid bilayer surrounding a transport vesicle."" [GOC:mah]",249,579,21,22155,0.03626943005181347,0.08433734939759036,query_1,"['GO:0030133', 'GO:0030659', 'GO:0098588']"
WP,WP:WP5362,TAR syndrome,0.0008542490751648201,True,TAR syndrome,62,475,14,8899,0.029473684210526315,0.22580645161290322,query_1,['WP:000000']
GO:BP,GO:0071692,protein localization to extracellular region,0.0008576412073758334,True,"""Any process in which a protein is transported from one specific location in the extracellular region to another, or maintained in a specific extracellular location."" [GOC:mah]",366,575,29,20972,0.050434782608695654,0.07923497267759563,query_1,['GO:0033036']
GO:BP,GO:0006508,proteolysis,0.0008589612468360715,True,"""The hydrolysis of proteins into smaller polypeptides and/or amino acids by cleavage of their peptide bonds."" [GOC:bf, GOC:mah]",801,575,48,20972,0.08347826086956522,0.0599250936329588,query_1,['GO:0019538']
HPA,HPA:0530000,Spleen,0.0009059319974265204,True,Spleen,5896,397,257,11007,0.6473551637279596,0.04358887381275441,query_1,['HPA:0000000']
GO:BP,GO:0035592,establishment of protein localization to extracellular region,0.0009077077878335829,True,"""The directed movement of a protein to a specific location within the extracellular region."" [GOC:bf, GOC:BHF]",367,575,29,20972,0.050434782608695654,0.07901907356948229,query_1,['GO:0045184']
TF,TF:M09729_1,Factor: LUMAN; motif: CYCAGCYYCY; match class: 1,0.000914841523469552,True,Factor: LUMAN; motif: CYCAGCYYCY; match class: 1,4664,579,187,20093,0.3229706390328152,0.04009433962264151,query_1,['TF:M09729']
HPA,HPA:0640691,Endometrium; smooth muscle cells[≥Low],0.0009149915861218196,True,Endometrium; smooth muscle cells[≥Low],65,397,12,11007,0.030226700251889168,0.18461538461538463,query_1,['HPA:0640000']
GO:CC,GO:0031092,platelet alpha granule membrane,0.0009334377450004918,True,"""The lipid bilayer surrounding the platelet alpha granule."" [GOC:mah, PMID:8467233]",17,579,6,22155,0.010362694300518135,0.35294117647058826,query_1,"['GO:0030667', 'GO:0031091']"
GO:BP,GO:0071347,cellular response to interleukin-1,0.0009394292760257202,True,"""Any process that results in a change in state or activity of a cell (in terms of movement, secretion, enzyme production, gene expression, etc.) as a result of an interleukin-1 stimulus."" [GOC:mah]",83,575,13,20972,0.022608695652173914,0.1566265060240964,query_1,"['GO:0070555', 'GO:0071345']"
GO:BP,GO:0048754,branching morphogenesis of an epithelial tube,0.0009429282765282301,True,"""The process in which the anatomical structures of branches in an epithelial tube are generated and organized. A tube is a long hollow cylinder."" [GOC:dgh, GOC:dph, GOC:jid]",159,575,18,20972,0.03130434782608696,0.11320754716981132,query_1,"['GO:0035239', 'GO:0060562', 'GO:0061138']"
GO:BP,GO:0002474,antigen processing and presentation of peptide antigen via MHC class I,0.0009518653448837284,True,"""The process in which an antigen-presenting cell expresses a peptide antigen on its cell surface in association with an MHC class I protein complex. Class I here refers to classical class I molecules."" [GOC:add, ISBN:0781735149, PMID:15224092, PMID:15771591]",36,575,9,20972,0.01565217391304348,0.25,query_1,['GO:0048002']
GO:BP,GO:0002532,production of molecular mediator involved in inflammatory response,0.0009536813361585803,True,"""The synthesis or release of any molecular mediator of the inflammatory response following an inflammatory stimulus, resulting in an increase in its intracellular or extracellular levels."" [GOC:add, GOC:dph, GOC:tb, ISBN:0781735149]",97,575,14,20972,0.02434782608695652,0.14432989690721648,query_1,"['GO:0006954', 'GO:0032501']"
GO:BP,GO:0044057,regulation of system process,0.0009667517718525415,True,"""Any process that modulates the frequency, rate or extent of a system process, a multicellular organismal process carried out by any of the organs or tissues in an organ system."" [GOC:jl]",543,575,37,20972,0.06434782608695652,0.06813996316758748,query_1,"['GO:0003008', 'GO:0051239']"
WP,WP:WP5512,Vedolizumab therapy for inflammatory bowel disease,0.0009745959936117467,True,Vedolizumab therapy for inflammatory bowel disease,10,475,6,8899,0.01263157894736842,0.6,query_1,['WP:000000']
HP,HP:0025142,Constitutional symptom,0.0010098368112754458,True,A symptom or manifestation indicating a systemic or general effect of a disease and that may affect the general well-being or status of an individual.,1333,241,96,5200,0.3983402489626556,0.07201800450112528,query_1,['HP:0000118']
GO:BP,GO:0032928,regulation of superoxide anion generation,0.0010115717859743186,True,"""Any process that modulates the frequency, rate or extent of enzymatic generation of superoxide by a cell."" [GOC:mah]",19,575,7,20972,0.01217391304347826,0.3684210526315789,query_1,"['GO:0042554', 'GO:0090322']"
GO:BP,GO:0002544,chronic inflammatory response,0.0010115717859743186,True,"""Inflammation of prolonged duration (weeks or months) in which active inflammation, tissue destruction, and attempts at repair are proceeding simultaneously. Although it may follow acute inflammation, chronic inflammation frequently begins insidiously, as a low-grade, smoldering, often asymptomatic response."" [GO_REF:0000022, GOC:jal, ISBN:0781735149]",19,575,7,20972,0.01217391304347826,0.3684210526315789,query_1,['GO:0006954']
GO:BP,GO:0051132,NK T cell activation,0.0010115717859743186,True,"""The change in morphology and behavior of a mature or immature natural killer T cell resulting from exposure to a mitogen, cytokine, chemokine, cellular ligand, or an antigen for which it is specific."" [ISBN:0781735149, PMID:12154375, PMID:9133426]",19,575,7,20972,0.01217391304347826,0.3684210526315789,query_1,['GO:0046631']
GO:BP,GO:0042730,fibrinolysis,0.0010147940506896418,True,"""A process that solubilizes fibrin in the bloodstream of a multicellular organism, chiefly by the proteolytic action of plasmin."" [GOC:jl, PMID:15842654]",27,575,8,20972,0.01391304347826087,0.2962962962962963,query_1,['GO:0030195']
HP,HP:0002638,Superficial thrombophlebitis,0.0010666263445716865,True,Inflammation of a superficial vein associated with venous thrombosis (blood clot formation within the vein).,18,241,8,5200,0.03319502074688797,0.4444444444444444,query_1,['HP:0004418']
KEGG,KEGG:05167,Kaposi sarcoma-associated herpesvirus infection,0.0010699811942434276,True,Kaposi sarcoma-associated herpesvirus infection,195,482,27,8716,0.056016597510373446,0.13846153846153847,query_1,['KEGG:00000']
GO:BP,GO:0050848,regulation of calcium-mediated signaling,0.0010850282668248559,True,"""Any process that modulates the frequency, rate or extent of calcium-mediated signaling, the process in which a cell uses calcium ions to convert an extracellular signal into a response."" [GOC:ai]",98,575,14,20972,0.02434782608695652,0.14285714285714285,query_1,"['GO:0019722', 'GO:1902531']"
GO:BP,GO:0062013,positive regulation of small molecule metabolic process,0.0010858372048765724,True,"""Any process that activates or increases the frequency, rate or extent of a small molecule metabolic process."" [GOC:vw]",144,575,17,20972,0.029565217391304348,0.11805555555555555,query_1,"['GO:0009893', 'GO:0044281', 'GO:0062012']"
WP,WP:WP4559,Interactions between immune cells and microRNAs in tumor microenvironment,0.0010919466679561389,True,Interactions between immune cells and microRNAs in tumor microenvironment,47,475,12,8899,0.02526315789473684,0.2553191489361702,query_1,['WP:000000']
HP,HP:0003179,Protrusio acetabuli,0.0010951821711584085,True,Intrapelvic bulging of the medial acetabular wall.,13,241,7,5200,0.029045643153526972,0.5384615384615384,query_1,['HP:0003170']
GO:BP,GO:0008038,neuron recognition,0.0010979469712990948,True,"""The process in which a neuronal cell in a multicellular organism interprets its surroundings."" [GOC:go_curators]",47,575,10,20972,0.017391304347826087,0.2127659574468085,query_1,"['GO:0008037', 'GO:0048666']"
HP,HP:0012575,Abnormal nephron morphology,0.0011184455322057292,True,A structural anomaly of the nephron.,270,241,32,5200,0.13278008298755187,0.11851851851851852,query_1,['HP:0012210']
WP,WP:WP3845,Canonical and non canonical Notch signaling,0.0011215341118702587,True,Canonical and non canonical Notch signaling,26,475,9,8899,0.018947368421052633,0.34615384615384615,query_1,['WP:000000']
GO:BP,GO:0060411,cardiac septum morphogenesis,0.0011232062576082787,True,"""The process in which the anatomical structure of a cardiac septum is generated and organized. A cardiac septum is a partition that separates parts of the heart."" [GOC:dph, GOC:mtg_heart]",71,575,12,20972,0.020869565217391306,0.16901408450704225,query_1,"['GO:0003206', 'GO:0003279', 'GO:0009653']"
HP,HP:0002239,Gastrointestinal hemorrhage,0.0011311745810212996,True,Hemorrhage affecting the gastrointestinal tract.,168,241,24,5200,0.0995850622406639,0.14285714285714285,query_1,"['HP:0011029', 'HP:0012719']"
GO:BP,GO:0008361,regulation of cell size,0.0011315809267407866,True,"""Any process that modulates the size of a cell."" [GOC:go_curators]",178,575,19,20972,0.03304347826086956,0.10674157303370786,query_1,['GO:0032535']
GO:BP,GO:0031214,biomineral tissue development,0.0011315809267407866,True,"""Formation of hard tissues that consist mainly of inorganic compounds, and also contain a small amounts of organic matrices that are believed to play important roles in their formation."" [PMID:15132736]",178,575,19,20972,0.03304347826086956,0.10674157303370786,query_1,"['GO:0009888', 'GO:0048513']"
HPA,HPA:0471463,Skin 2; langerhans cells[High],0.0011540103470070577,True,Skin 2; langerhans cells[High],266,397,26,11007,0.0654911838790932,0.09774436090225563,query_1,['HPA:0471462']
GO:MF,GO:0038036,sphingosine-1-phosphate receptor activity,0.0011603221303490994,True,"""Combining with the sphingolipid sphingosine-1-phosphate (S1P), and transmitting the signal across the membrane by activating an associated G-protein."" [GOC:bf, PMID:12728273, Wikipedia:S1PR1]",9,573,5,20208,0.008726003490401396,0.5555555555555556,query_1,['GO:0045125']
REAC,REAC:R-HSA-5218859,Regulated Necrosis,0.001173147676279828,True,Regulated Necrosis,58,520,13,11056,0.025,0.22413793103448276,query_1,['REAC:R-HSA-5357801']
HPA,HPA:0461463,Skin 1; langerhans cells[High],0.0011810386414583497,True,Skin 1; langerhans cells[High],218,397,23,11007,0.05793450881612091,0.10550458715596331,query_1,['HPA:0461462']
HP,HP:0000790,Hematuria,0.0012069341072065158,True,The presence of blood in the urine. Hematuria may be gross hematuria (visible to the naked eye) or microscopic hematuria (detected by dipstick or microscopic examination of the urine).,193,241,26,5200,0.1078838174273859,0.13471502590673576,query_1,"['HP:0012211', 'HP:0012614']"
HP,HP:0012614,Abnormal urine cytology,0.0012069341072065158,True,An anomalous finding in the examination of the urine for cells.,193,241,26,5200,0.1078838174273859,0.13471502590673576,query_1,['HP:0003110']
GO:BP,GO:0050850,positive regulation of calcium-mediated signaling,0.0012092505705711741,True,"""Any process that activates or increases the frequency, rate or extent of calcium-mediated signaling."" [GOC:ai]",59,575,11,20972,0.019130434782608695,0.1864406779661017,query_1,"['GO:0019722', 'GO:0050848', 'GO:1902533']"
GO:BP,GO:0001894,tissue homeostasis,0.0012147444465630008,True,"""A homeostatic process involved in the maintenance of an internal steady state within a defined tissue of an organism, including control of cellular proliferation and death and control of metabolic function."" [GOC:add, GOC:isa_complete]",271,575,24,20972,0.04173913043478261,0.08856088560885608,query_1,"['GO:0048871', 'GO:0060249']"
GO:BP,GO:0060249,anatomical structure homeostasis,0.0012147444465630008,True,"""A homeostatic process involved in the maintenance of an internal steady state within a defined anatomical structure of an organism, including control of cellular proliferation and death and control of metabolic function. An anatomical structure is any biological entity that occupies space and is distinguished from its surroundings. Anatomical structures can be macroscopic such as a carpel, or microscopic such as an acrosome."" [GOC:dph]",271,575,24,20972,0.04173913043478261,0.08856088560885608,query_1,['GO:0048871']
GO:MF,GO:0042562,hormone binding,0.001223255739794394,True,"""Binding to an hormone, a naturally occurring substance secreted by specialized cells that affect the metabolism or behavior of cells possessing functional receptors for the hormone. Hormones may be produced by the same, or different, cell as express the receptor."" [GOC:jl]",93,573,13,20208,0.02268760907504363,0.13978494623655913,query_1,['GO:0005488']
GO:BP,GO:2000515,"negative regulation of CD4-positive, alpha-beta T cell activation",0.0012274398957034167,True,"""Any process that stops, prevents or reduces the frequency, rate or extent of CD4-positive, alpha-beta T cell activation."" [GOC:obol]",37,575,9,20972,0.01565217391304348,0.24324324324324326,query_1,"['GO:0035710', 'GO:0046636', 'GO:2000514']"
MIRNA,MIRNA:hsa-mir-29b-3p,hsa-mir-29b-3p,0.0012516781942700822,True,hsa-mir-29b-3p,235,554,24,16638,0.04332129963898917,0.10212765957446808,query_1,['MIRNA:000000']
GO:CC,GO:0044297,cell body,0.0012534784339431572,True,"""The portion of a cell bearing surface projections such as axons, dendrites, cilia, or flagella that includes the nucleus, but excludes all cell projections."" [GOC:go_curators]",528,579,33,22155,0.05699481865284974,0.0625,query_1,['GO:0110165']
GO:BP,GO:0045670,regulation of osteoclast differentiation,0.00131467070474538,True,"""Any process that modulates the frequency, rate or extent of osteoclast differentiation."" [GOC:go_curators]",72,575,12,20972,0.020869565217391306,0.16666666666666666,query_1,"['GO:0002761', 'GO:0030316']"
GO:BP,GO:0002287,alpha-beta T cell activation involved in immune response,0.00131467070474538,True,"""The change in morphology and behavior of an alpha-beta T cell resulting from exposure to a mitogen, cytokine, chemokine, cellular ligand, or an antigen for which it is specific, leading to the initiation or perpetuation of an immune response."" [GOC:add, ISBN:0781735149]",72,575,12,20972,0.020869565217391306,0.16666666666666666,query_1,"['GO:0002286', 'GO:0046631']"
GO:BP,GO:0016444,somatic cell DNA recombination,0.00131467070474538,True,"""Recombination occurring within or between DNA molecules in somatic cells."" [GOC:ma]",72,575,12,20972,0.020869565217391306,0.16666666666666666,query_1,['GO:0006310']
GO:BP,GO:0002562,somatic diversification of immune receptors via germline recombination within a single locus,0.00131467070474538,True,"""The process in which immune receptor genes are diversified through recombination of the germline genetic elements within a single genetic locus."" [GOC:add, ISBN:0781735149, PMID:16102575, PMID:16166509]",72,575,12,20972,0.020869565217391306,0.16666666666666666,query_1,"['GO:0002200', 'GO:0016444']"
GO:BP,GO:0071724,response to diacyl bacterial lipopeptide,0.0013318213050813052,True,"""Any process that results in a change in state or activity of a cell or an organism (in terms of movement, secretion, enzyme production, gene expression, etc.) as a result of a diacylated bacterial lipopeptide stimulus."" [GOC:add, PMID:12077222, PMID:12524386, PMID:2757794]",4,575,4,20972,0.006956521739130435,1.0,query_1,['GO:0070339']
GO:BP,GO:0060666,dichotomous subdivision of terminal units involved in salivary gland branching,0.0013318213050813052,True,"""The process in which a salivary epithelial cord bifurcates at its end."" [GOC:dph]",4,575,4,20972,0.006956521739130435,1.0,query_1,"['GO:0060445', 'GO:0060600']"
GO:BP,GO:0071726,cellular response to diacyl bacterial lipopeptide,0.0013318213050813052,True,"""Any process that results in a change in state or activity of a cell (in terms of movement, secretion, enzyme production, gene expression, etc.) as a result of a diacylated bacterial lipopeptide stimulus."" [GOC:add, PMID:12077222, PMID:12524386, PMID:2757794]",4,575,4,20972,0.006956521739130435,1.0,query_1,"['GO:0071221', 'GO:0071724']"
GO:BP,GO:0150062,complement-mediated synapse pruning,0.0013318213050813052,True,"""Synaptic pruning mediated by complement system signaling."" [GOC:aruk, GOC:bc, PMID:18083105, PMID:22632727, PMID:29844190]",4,575,4,20972,0.006956521739130435,1.0,query_1,['GO:0098883']
GO:BP,GO:0002265,astrocyte activation involved in immune response,0.0013318213050813052,True,"""A change in the morphology or behavior of an astrocyte resulting from exposure to an activating factor such as a cellular or soluble ligand, leading to the initiation or perpetuation of an immune response."" [GOC:add, PMID:11138785]",4,575,4,20972,0.006956521739130435,1.0,query_1,"['GO:0002263', 'GO:0048143']"
GO:BP,GO:0061383,trabecula morphogenesis,0.0013531241308758451,True,"""The process of shaping a trabecula in an organ. A trabecula is a small, often microscopic, tissue element in the form of a small beam, strut or rod, which generally has a mechanical function. Trabecula are usually but not necessarily, composed of dense collagenous tissue."" [GOC:dph]",48,575,10,20972,0.017391304347826087,0.20833333333333334,query_1,['GO:0009653']
TF,TF:M00339_1,Factor: c-Ets-1; motif: RCAGGAAGTGNNTNS; match class: 1,0.001368814504204769,True,Factor: c-Ets-1; motif: RCAGGAAGTGNNTNS; match class: 1,1516,579,78,20093,0.13471502590673576,0.051451187335092345,query_1,['TF:M00339']
HPA,HPA:0471433,Skin 2; extracellular matrix[High],0.0013742291407811366,True,Skin 2; extracellular matrix[High],28,397,8,11007,0.020151133501259445,0.2857142857142857,query_1,['HPA:0471432']
GO:BP,GO:1900746,regulation of vascular endothelial growth factor signaling pathway,0.001386735708814359,True,"""Any process that modulates the frequency, rate or extent of vascular endothelial growth factor signaling pathway."" [GOC:TermGenie]",28,575,8,20972,0.01391304347826087,0.2857142857142857,query_1,"['GO:0009966', 'GO:0038084', 'GO:1902547']"
HP,HP:0011793,Neoplasm by anatomical site,0.0013889689668592268,True,Neoplasm categorized according to the anatomical site of origin of the neoplasm.,957,241,75,5200,0.3112033195020747,0.07836990595611286,query_1,['HP:0002664']
GO:BP,GO:0150115,cell-substrate junction organization,0.001397475762353538,True,"""A process that is carried out at the cellular level which results in the assembly, arrangement of constituent parts, or disassembly of a cell-substrate junction. A cell-substrate junction is a specialized region of connection between a cell and the extracellular matrix."" [GOC:aruk, GOC:bc, PMID:10419689, PMID:1643657, PMID:16805308, PMID:26923917, PMID:8314002]",100,575,14,20972,0.02434782608695652,0.14,query_1,['GO:0034330']
GO:BP,GO:1903054,negative regulation of extracellular matrix organization,0.0014352468066398648,True,"""Any process that stops, prevents or reduces the frequency, rate or extent of extracellular matrix organization."" [GO_REF:0000058, GOC:BHF, GOC:rl, GOC:TermGenie, PMID:22357537]",13,575,6,20972,0.010434782608695653,0.46153846153846156,query_1,"['GO:0030198', 'GO:0051129', 'GO:1903053']"
GO:BP,GO:0043370,"regulation of CD4-positive, alpha-beta T cell differentiation",0.001444453598803707,True,"""Any process that modulates the frequency, rate, or extent of CD4-positive, alpha-beta T cell differentiation."" [GOC:add, GOC:pr, ISBN:0781735149]",60,575,11,20972,0.019130434782608695,0.18333333333333332,query_1,"['GO:0043367', 'GO:0046637', 'GO:2000514']"
GO:BP,GO:0051145,smooth muscle cell differentiation,0.001444453598803707,True,"""The process in which a relatively unspecialized cell acquires specialized features of a smooth muscle cell; smooth muscle lacks transverse striations in its constituent fibers and are almost always involuntary."" [CL:0000192, GOC:ai]",60,575,11,20972,0.019130434782608695,0.18333333333333332,query_1,['GO:0042692']
GO:BP,GO:0032731,positive regulation of interleukin-1 beta production,0.001444453598803707,True,"""Any process that activates or increases the frequency, rate, or extent of interleukin-1 beta production."" [GOC:mah]",60,575,11,20972,0.019130434782608695,0.18333333333333332,query_1,"['GO:0032611', 'GO:0032651', 'GO:0032732']"
HP,HP:0020100,Unusual fungal infection,0.0014667977600295856,True,An unusual fungal infection that is regarded as a sign of a pathological susceptibility to infection by a fungal agent.,124,241,20,5200,0.08298755186721991,0.16129032258064516,query_1,['HP:0032101']
GO:BP,GO:0010744,positive regulation of macrophage derived foam cell differentiation,0.0015195272984674416,True,"""Any process that increases the rate, frequency or extent of macrophage derived foam cell differentiation. Macrophage derived foam cell differentiation is the process in which a macrophage acquires the specialized features of a foam cell. A foam cell is a type of cell containing lipids in small vacuoles and typically seen in atherosclerotic lesions, as well as other conditions."" [GOC:add, GOC:dph, GOC:tb]",20,575,7,20972,0.01217391304347826,0.35,query_1,"['GO:0010742', 'GO:0010743', 'GO:0045597']"
GO:BP,GO:2001044,regulation of integrin-mediated signaling pathway,0.0015195272984674416,True,"""Any process that modulates the frequency, rate or extent of integrin-mediated signaling pathway."" [GOC:obol]",20,575,7,20972,0.01217391304347826,0.35,query_1,"['GO:0007229', 'GO:0009966']"
GO:BP,GO:2001185,"regulation of CD8-positive, alpha-beta T cell activation",0.0015195272984674416,True,"""Any process that modulates the frequency, rate or extent of CD8-positive, alpha-beta T cell activation."" [GOC:obol]",20,575,7,20972,0.01217391304347826,0.35,query_1,"['GO:0036037', 'GO:0046634']"
GO:BP,GO:0006958,"complement activation, classical pathway",0.001569529264190283,True,"""Any process involved in the activation of any of the steps of the classical pathway of the complement cascade which allows for the direct killing of microbes, the disposal of immune complexes, and the regulation of other immune processes."" [GOC:add, ISBN:0781735149]",38,575,9,20972,0.01565217391304348,0.23684210526315788,query_1,"['GO:0002455', 'GO:0006956']"
GO:BP,GO:0045191,regulation of isotype switching,0.001569529264190283,True,"""Any process that modulates the frequency, rate or extent of isotype switching."" [GOC:ai]",38,575,9,20972,0.01565217391304348,0.23684210526315788,query_1,"['GO:0000018', 'GO:0002637', 'GO:0002889', 'GO:0045190', 'GO:0050864']"
GO:BP,GO:0120162,positive regulation of cold-induced thermogenesis,0.001582125210277836,True,"""Any process that activates or increases the frequency, rate or extent of cold-induced thermogenesis."" [PMID:27876809]",101,575,14,20972,0.02434782608695652,0.13861386138613863,query_1,"['GO:0051240', 'GO:0106106', 'GO:0120161']"
GO:BP,GO:0097553,calcium ion transmembrane import into cytosol,0.0015951716248855826,True,"""A process in which a calcium ion is transported from one side of a membrane to the other into the cytosol by means of some agent such as a transporter or pore."" [GOC:vw]",182,575,19,20972,0.03304347826086956,0.1043956043956044,query_1,['GO:0070588']
HPA,HPA:0640202,Endometrium; endothelial cells[≥Medium],0.0016289255022707745,True,Endometrium; endothelial cells[≥Medium],47,397,10,11007,0.02518891687657431,0.2127659574468085,query_1,['HPA:0640201']
GO:CC,GO:0043025,neuronal cell body,0.0016289284089689878,True,"""The portion of a neuron that includes the nucleus, but excludes cell projections such as axons and dendrites."" [GOC:go_curators]",462,579,30,22155,0.05181347150259067,0.06493506493506493,query_1,"['GO:0036477', 'GO:0044297']"
REAC,REAC:R-HSA-202433,Generation of second messenger molecules,0.0016901325228889852,True,Generation of second messenger molecules,35,520,10,11056,0.019230769230769232,0.2857142857142857,query_1,['REAC:R-HSA-202403']
HP,HP:0005214,Intestinal obstruction,0.0016922884360895379,True,Blockage or impairment of the normal flow of the contents of the intestine towards the anal canal.,83,241,16,5200,0.06639004149377593,0.1927710843373494,query_1,"['HP:0002242', 'HP:0004796']"
WP,WP:WP5265,Neurogenesis regulation in the olfactory epithelium,0.0016993502879191224,True,Neurogenesis regulation in the olfactory epithelium,57,475,13,8899,0.02736842105263158,0.22807017543859648,query_1,['WP:000000']
GO:BP,GO:0090303,positive regulation of wound healing,0.0017190850765280152,True,"""Any process that increases the rate, frequency, or extent of the series of events that restore integrity to a damaged tissue, following an injury."" [GOC:BHF]",61,575,11,20972,0.019130434782608695,0.18032786885245902,query_1,"['GO:0042060', 'GO:0061041', 'GO:1903036']"
GO:MF,GO:0045569,TRAIL binding,0.0017569143514409536,True,"""Binding to TRAIL (TNF-related apoptosis inducing ligand), a member of the tumor necrosis factor ligand family that rapidly induces apoptosis in a variety of transformed cell lines."" [GOC:go_curators, PMID:9082980]",5,573,4,20208,0.006980802792321117,0.8,query_1,['GO:0005515']
GO:MF,GO:0030883,endogenous lipid antigen binding,0.0017569143514409536,True,"""Binding to an endogenous cellular lipid antigen."" [PMID:14500461]",5,573,4,20208,0.006980802792321117,0.8,query_1,['GO:0030882']
GO:MF,GO:0030884,exogenous lipid antigen binding,0.0017569143514409536,True,"""Binding to an exogenous lipid antigen (examples include microbial lipids and glycolipids)."" [PMID:14500461]",5,573,4,20208,0.006980802792321117,0.8,query_1,['GO:0030882']
GO:MF,GO:0030882,lipid antigen binding,0.0017569143514409536,True,"""Binding to a lipid antigen."" [PMID:14500461]",5,573,4,20208,0.006980802792321117,0.8,query_1,"['GO:0003823', 'GO:0008289']"
GO:BP,GO:0150063,visual system development,0.0017638504965079632,True,"""The process whose specific outcome is the progression of the visual system over time, from its formation to the mature structure, including the eye, parts of the central nervous system (CNS) involved in processing of visual inputs, and connecting nerve pathways."" [GOC:aruk, GOC:bc, GOC:krc, PMID:15004427, PMID:20647017, PMID:22632727]",422,575,31,20972,0.05391304347826087,0.07345971563981042,query_1,['GO:0048880']
HP,HP:0033430,Non-infectious meningitis,0.0017691302277541047,True,Inflammation of the layers of tissue that cover the brain and spinal cord (meninges) and of the fluid-filled space between the meninges (subarachnoid space) when it is caused by disorders that are not infections or by drugs or vaccines.,19,241,8,5200,0.03319502074688797,0.42105263157894735,query_1,['HP:0033429']
MIRNA,MIRNA:hsa-mir-34a-5p,hsa-mir-34a-5p,0.0017750424558051457,True,hsa-mir-34a-5p,555,554,41,16638,0.0740072202166065,0.07387387387387387,query_1,['MIRNA:000000']
GO:BP,GO:0045862,positive regulation of proteolysis,0.0017865170105749904,True,"""Any process that activates or increases the frequency, rate or extent of the hydrolysis of a peptide bond or bonds within a protein."" [GOC:go_curators]",74,575,12,20972,0.020869565217391306,0.16216216216216217,query_1,"['GO:0006508', 'GO:0030162', 'GO:0051247']"
GO:MF,GO:0005024,transforming growth factor beta receptor activity,0.0017876515901593792,True,"""Combining with a transforming growth factor beta (TGFbeta) and transmitting the signal from one side of the membrane to the other to initiate a change in cell activity by catalysis of the reaction: ATP protein serine = ADP + protein serine phosphate, and ATP + protein threonine = ADP + protein threonine phosphate."" [GOC:mah, GOC:signaling]",16,573,6,20208,0.010471204188481676,0.375,query_1,['GO:0004675']
GO:MF,GO:0030020,extracellular matrix structural constituent conferring tensile strength,0.0018275463091462813,True,"""A constituent of the extracellular matrix that enables the matrix to resist longitudinal stress."" [GOC:mah, ISBN:0815316194]",44,573,9,20208,0.015706806282722512,0.20454545454545456,query_1,['GO:0005201']
GO:BP,GO:0045830,positive regulation of isotype switching,0.0018692322180839912,True,"""Any process that activates or increases the frequency, rate or extent of isotype switching."" [GOC:go_curators]",29,575,8,20972,0.01391304347826087,0.27586206896551724,query_1,"['GO:0002639', 'GO:0002891', 'GO:0045190', 'GO:0045191', 'GO:0045911', 'GO:0050871', 'GO:0051094']"
GO:BP,GO:0048145,regulation of fibroblast proliferation,0.0018815421545172156,True,"""Any process that modulates the frequency, rate or extent of multiplication or reproduction of fibroblast cells."" [GOC:jid]",88,575,13,20972,0.022608695652173914,0.14772727272727273,query_1,"['GO:0042127', 'GO:0048144']"
GO:BP,GO:2000556,positive regulation of T-helper 1 cell cytokine production,0.001896164648596886,True,"""Any process that activates or increases the frequency, rate or extent of T-helper 1 cell cytokine production."" [GOC:obol]",8,575,5,20972,0.008695652173913044,0.625,query_1,"['GO:0002726', 'GO:0002827', 'GO:0035744', 'GO:2000554']"
GO:BP,GO:2000554,regulation of T-helper 1 cell cytokine production,0.001896164648596886,True,"""Any process that modulates the frequency, rate or extent of T-helper 1 cell cytokine production."" [GOC:obol]",8,575,5,20972,0.008695652173913044,0.625,query_1,"['GO:0002724', 'GO:0002825', 'GO:0035744']"
GO:BP,GO:0032493,response to bacterial lipoprotein,0.001896164648596886,True,"""Any process that results in a change in state or activity of an organism (in terms of movement, secretion, enzyme production, gene expression, etc.) as a result of a bacterial lipoprotein stimulus."" [GOC:add, PMID:12077222]",8,575,5,20972,0.008695652173913044,0.625,query_1,['GO:0002237']
GO:BP,GO:0097527,necroptotic signaling pathway,0.001896164648596886,True,"""The series of molecular signals which triggers the necroptotic death of a cell. The pathway starts with reception of a signal, is characterized by activation of receptor-interacting serine/threonine-protein kinase 1 and/or 3 (RIPK1/3, also called RIP1/3), and ends when the execution phase of necroptosis is triggered."" [GOC:mtg_apoptosis, PMID:20823910]",8,575,5,20972,0.008695652173913044,0.625,query_1,"['GO:0007165', 'GO:0070266']"
GO:BP,GO:0035744,T-helper 1 cell cytokine production,0.001896164648596886,True,"""Any process that contributes to cytokine production by a T-helper 1 cell."" [CL:0000545, GOC:BHF]",8,575,5,20972,0.008695652173913044,0.625,query_1,"['GO:0035743', 'GO:0042088']"
GO:BP,GO:0060600,dichotomous subdivision of an epithelial terminal unit,0.001896164648596886,True,"""The process in which an epithelial cord, rod or tube bifurcates at its end."" [GOC:dph]",8,575,5,20972,0.008695652173913044,0.625,query_1,"['GO:0002009', 'GO:0061138']"
GO:BP,GO:0045602,negative regulation of endothelial cell differentiation,0.001896164648596886,True,"""Any process that stops, prevents, or reduces the frequency, rate or extent of endothelial cell differentiation."" [GOC:go_curators]",8,575,5,20972,0.008695652173913044,0.625,query_1,"['GO:0030857', 'GO:0045446', 'GO:0045601']"
GO:BP,GO:0060353,regulation of cell adhesion molecule production,0.001896164648596886,True,"""Any process that modulates the rate, frequency or extent of cell adhesion molecule production. Cell adhesion molecule production is the appearance of a cell adhesion molecule as a result of its biosynthesis or a decrease in its catabolism."" [GOC:BHF, GOC:rl]",8,575,5,20972,0.008695652173913044,0.625,query_1,"['GO:0050794', 'GO:0060352']"
HP,HP:0000988,Skin rash,0.0019563479141242366,True,A red eruption of the skin.,173,241,24,5200,0.0995850622406639,0.13872832369942195,query_1,['HP:0011123']
GO:BP,GO:0030879,mammary gland development,0.002021441442373381,True,"""The process whose specific outcome is the progression of the mammary gland over time, from its formation to the mature structure. The mammary gland is a large compound sebaceous gland that in female mammals is modified to secrete milk. Its development starts with the formation of the mammary line and ends as the mature gland cycles between nursing and weaning stages."" [PMID:9576833]",134,575,16,20972,0.02782608695652174,0.11940298507462686,query_1,['GO:0048732']
KEGG,KEGG:05322,Systemic lupus erythematosus,0.002038510894826975,True,Systemic lupus erythematosus,136,482,21,8716,0.043568464730290454,0.15441176470588236,query_1,['KEGG:00000']
KEGG,KEGG:05135,Yersinia infection,0.002038510894826975,True,Yersinia infection,136,482,21,8716,0.043568464730290454,0.15441176470588236,query_1,['KEGG:00000']
HP,HP:0002315,Headache,0.0020413012833229564,True,"Cephalgia, or pain sensed in various parts of the head, not confined to the area of distribution of any nerve.",362,241,38,5200,0.15767634854771784,0.10497237569060773,query_1,['HP:0012638']
GO:BP,GO:1904377,positive regulation of protein localization to cell periphery,0.0020744777141514527,True,"""Any process that activates or increases the frequency, rate or extent of protein localization to cell periphery."" [GO_REF:0000058, GOC:TermGenie, PMID:18216290]",75,575,12,20972,0.020869565217391306,0.16,query_1,"['GO:1903829', 'GO:1904375', 'GO:1990778']"
GO:BP,GO:0042982,amyloid precursor protein metabolic process,0.0020744777141514527,True,"""The chemical reactions and pathways involving amyloid precursor protein (APP), the precursor of amyloid-beta, a glycoprotein associated with Alzheimer's disease."" [GOC:go_curators]",75,575,12,20972,0.020869565217391306,0.16,query_1,['GO:0019538']
GO:CC,GO:0048770,pigment granule,0.0020816330316884984,True,"""A small, subcellular membrane-bounded vesicle containing pigment and/or pigment precursor molecules. Pigment granule biogenesis is poorly understood, as pigment granules are derived from multiple sources including the endoplasmic reticulum, coated vesicles, lysosomes, and endosomes."" [GOC:jid, GOC:mh]",111,579,13,22155,0.022452504317789293,0.11711711711711711,query_1,['GO:0031410']
GO:CC,GO:0042470,melanosome,0.0020816330316884984,True,"""A tissue-specific, membrane-bounded cytoplasmic organelle within which melanin pigments are synthesized and stored. Melanosomes are synthesized in melanocyte cells."" [GOC:jl, PMID:11584301]",111,579,13,22155,0.022452504317789293,0.11711711711711711,query_1,['GO:0048770']
WP,WP:WP4298,Acute viral myocarditis,0.0021640844404506206,True,Acute viral myocarditis,85,475,16,8899,0.03368421052631579,0.18823529411764706,query_1,['WP:000000']
REAC,REAC:R-HSA-1236977,Endosomal/Vacuolar pathway,0.0021817818702962455,True,Endosomal/Vacuolar pathway,11,520,6,11056,0.011538461538461539,0.5454545454545454,query_1,['REAC:R-HSA-1236975']
REAC,REAC:R-HSA-2979096,NOTCH2 Activation and Transmission of Signal to the Nucleus,0.002221479411421571,True,NOTCH2 Activation and Transmission of Signal to the Nucleus,22,520,8,11056,0.015384615384615385,0.36363636363636365,query_1,['REAC:R-HSA-1980145']
GO:BP,GO:0048245,eosinophil chemotaxis,0.002225505941260495,True,"""The movement of an eosinophil in response to an external stimulus."" [GOC:jid, PMID:11292027, PMID:12391252]",21,575,7,20972,0.01217391304347826,0.3333333333333333,query_1,"['GO:0071621', 'GO:0072677']"
GO:BP,GO:0034162,toll-like receptor 9 signaling pathway,0.002225505941260495,True,"""The series of molecular signals initiated by a ligand binding to the endolysosomal toll-like receptor 9."" [GOC:add, PMID:16551253, PMID:17328678]",21,575,7,20972,0.01217391304347826,0.3333333333333333,query_1,['GO:0140894']
GO:BP,GO:0002922,positive regulation of humoral immune response,0.002225505941260495,True,"""Any process that activates or increases the frequency, rate, or extent of a humoral immune response."" [GOC:add]",21,575,7,20972,0.01217391304347826,0.3333333333333333,query_1,"['GO:0002920', 'GO:0006959', 'GO:0050778']"
GO:MF,GO:0008035,high-density lipoprotein particle binding,0.002266415210500117,True,"""Binding to high-density lipoprotein particle, a lipoprotein particle with a high density (typically 1.063-1.21 g/ml) and a diameter of 5-10 nm that contains APOAs and may contain APOCs and APOE."" [GOC:mah]",10,573,5,20208,0.008726003490401396,0.5,query_1,['GO:0071813']
HP,HP:0002720,Decreased circulating IgA concentration,0.0023025458387516563,True,Decreased levels of immunoglobulin A (IgA).,95,241,17,5200,0.07053941908713693,0.17894736842105263,query_1,"['HP:0004313', 'HP:0410240']"
GO:BP,GO:1904375,regulation of protein localization to cell periphery,0.0023462916509712265,True,"""Any process that modulates the frequency, rate or extent of protein localization to cell periphery."" [GO_REF:0000058, GOC:TermGenie, PMID:18216290]",152,575,17,20972,0.029565217391304348,0.1118421052631579,query_1,"['GO:0032880', 'GO:1990778']"
GO:BP,GO:0035296,regulation of tube diameter,0.0023462916509712265,True,"""Any process that modulates the diameter of a tube."" [GOC:bf]",152,575,17,20972,0.029565217391304348,0.1118421052631579,query_1,['GO:0035150']
GO:BP,GO:0097746,blood vessel diameter maintenance,0.0023462916509712265,True,"""Any process that modulates the diameter of blood vessels."" [GOC:pr]",152,575,17,20972,0.029565217391304348,0.1118421052631579,query_1,"['GO:0003018', 'GO:0008015', 'GO:0035296']"
GO:MF,GO:0019904,protein domain specific binding,0.0023614843909050883,True,"""Binding to a specific domain of a protein."" [GOC:go_curators]",627,573,39,20208,0.06806282722513089,0.06220095693779904,query_1,['GO:0005515']
KEGG,KEGG:04979,Cholesterol metabolism,0.0024070642743494724,True,Cholesterol metabolism,52,482,12,8716,0.024896265560165973,0.23076923076923078,query_1,['KEGG:00000']
REAC,REAC:R-HSA-420597,Nectin/Necl  trans heterodimerization,0.0024088293985520385,True,Nectin/Necl  trans heterodimerization,7,520,5,11056,0.009615384615384616,0.7142857142857143,query_1,['REAC:R-HSA-418990']
GO:BP,GO:1903078,positive regulation of protein localization to plasma membrane,0.0024095141012417786,True,"""Any process that activates or increases the frequency, rate or extent of protein localization to plasma membrane."" [GO_REF:0000058, GOC:BHF, GOC:rl, GOC:TermGenie, PMID:11602640]",63,575,11,20972,0.019130434782608695,0.1746031746031746,query_1,"['GO:0072659', 'GO:1903076', 'GO:1904377', 'GO:1905477']"
GO:BP,GO:0016447,somatic recombination of immunoglobulin gene segments,0.0024095141012417786,True,"""The process in which immunoglobulin genes are formed through recombination of the germline genetic elements, as known as immunoglobulin gene segments, within a single locus."" [GOC:add, ISBN:0781735149]",63,575,11,20972,0.019130434782608695,0.1746031746031746,query_1,"['GO:0002562', 'GO:0016445']"
HP,HP:0002664,Neoplasm,0.0024224414609013587,True,An organ or organ-system abnormality that consists of uncontrolled autonomous cell-proliferation which can occur in any part of the body as a benign or malignant neoplasm (tumor).,988,241,76,5200,0.3153526970954357,0.07692307692307693,query_1,['HP:0000118']
HPA,HPA:0641531,Endometrium; stromal fibroblasts[≥Low],0.002423728409050472,True,Endometrium; stromal fibroblasts[≥Low],49,397,10,11007,0.02518891687657431,0.20408163265306123,query_1,['HPA:0640000']
HPA,HPA:0640201,Endometrium; endothelial cells[≥Low],0.002423728409050472,True,Endometrium; endothelial cells[≥Low],49,397,10,11007,0.02518891687657431,0.20408163265306123,query_1,['HPA:0640000']
GO:BP,GO:0034116,positive regulation of heterotypic cell-cell adhesion,0.0024534435355098236,True,"""Any process that activates or increases the frequency, rate, or extent of heterotypic cell-cell adhesion."" [GOC:add]",14,575,6,20972,0.010434782608695653,0.42857142857142855,query_1,"['GO:0022409', 'GO:0034113', 'GO:0034114']"
GO:MF,GO:0001848,complement binding,0.0024599059885121485,True,"""Binding to a component or product of the complement cascade."" [GOC:add, ISBN:0781735149]",25,573,7,20208,0.012216404886561954,0.28,query_1,['GO:0005515']
GO:BP,GO:0001952,regulation of cell-matrix adhesion,0.0024628336415255187,True,"""Any process that modulates the frequency, rate or extent of attachment of a cell to the extracellular matrix."" [GOC:hjd]",120,575,15,20972,0.02608695652173913,0.125,query_1,"['GO:0007160', 'GO:0010810']"
CORUM,CORUM:6347,TNF-R1 signaling complex,0.002485703725519946,True,TNF-R1 signaling complex,4,172,4,3383,0.023255813953488372,1.0,query_1,['CORUM:0000000']
CORUM,CORUM:2383,ITGA5-ITGB1-FN1-TGM2 complex,0.002485703725519946,True,ITGA5-ITGB1-FN1-TGM2 complex,4,172,4,3383,0.023255813953488372,1.0,query_1,['CORUM:0000000']
GO:BP,GO:0045672,positive regulation of osteoclast differentiation,0.0024880311166386357,True,"""Any process that activates or increases the frequency, rate or extent of osteoclast differentiation."" [GOC:go_curators]",30,575,8,20972,0.01391304347826087,0.26666666666666666,query_1,"['GO:0002763', 'GO:0030316', 'GO:0045670']"
GO:BP,GO:0050820,positive regulation of coagulation,0.0024880311166386357,True,"""Any process that activates or increases the frequency, rate or extent of coagulation."" [GOC:ai]",30,575,8,20972,0.01391304347826087,0.26666666666666666,query_1,"['GO:0050817', 'GO:0050818', 'GO:0051240']"
GO:BP,GO:1902547,regulation of cellular response to vascular endothelial growth factor stimulus,0.0024880311166386357,True,"""Any process that modulates the frequency, rate or extent of cellular response to vascular endothelial growth factor stimulus."" [GOC:BHF, GOC:rl, GOC:TermGenie, PMID:17895370]",30,575,8,20972,0.01391304347826087,0.26666666666666666,query_1,"['GO:0035924', 'GO:0090287']"
REAC,REAC:R-HSA-1643685,Disease,0.002488838640134715,True,Disease,1848,520,126,11056,0.2423076923076923,0.06818181818181818,query_1,['REAC:0000000']
GO:BP,GO:0010876,lipid localization,0.002492877541940815,True,"""Any process in which a lipid is transported to, or maintained in, a specific location."" [GOC:BHF, GOC:dph, GOC:tb]",451,575,32,20972,0.05565217391304348,0.07095343680709534,query_1,['GO:0033036']
GO:BP,GO:0048880,sensory system development,0.0025024498834330593,True,"""The process whose specific outcome is the progression of a sensory system over time from its formation to the mature structure."" [GOC:dgh]",429,575,31,20972,0.05391304347826087,0.07226107226107226,query_1,['GO:0048731']
GO:BP,GO:0034381,plasma lipoprotein particle clearance,0.002507182532524928,True,"""The process in which a lipoprotein particle is removed from the blood via receptor-mediated endocytosis and its constituent parts degraded."" [GOC:ascb_2009, GOC:BHF, GOC:dph, GOC:mah, GOC:tb]",40,575,9,20972,0.01565217391304348,0.225,query_1,"['GO:0032501', 'GO:0097006']"
WP,WP:WP5576,Killer cell immunoglobulin like receptors and human leukocyte antigen C pathway,0.0025431774969211073,True,Killer cell immunoglobulin like receptors and human leukocyte antigen C pathway,22,475,8,8899,0.016842105263157894,0.36363636363636365,query_1,['WP:000000']
GO:BP,GO:0030308,negative regulation of cell growth,0.002543615497082279,True,"""Any process that stops, prevents, or reduces the frequency, rate, extent or direction of cell growth."" [GOC:go_curators]",170,575,18,20972,0.03130434782608696,0.10588235294117647,query_1,"['GO:0001558', 'GO:0016049', 'GO:0045926', 'GO:0048523']"
HP,HP:0004418,Thrombophlebitis,0.002557476976476012,True,Inflammation of a vein associated with venous thrombosis (blood clot formation within the vein).,26,241,9,5200,0.03734439834024896,0.34615384615384615,query_1,['HP:0004936']
GO:BP,GO:0035150,regulation of tube size,0.0025736545944171465,True,"""Ensuring that a tube is of the correct length and diameter. Tube size must be maintained not only during tube formation, but also throughout development and in some physiological processes."" [PMID:10887083]",153,575,17,20972,0.029565217391304348,0.1111111111111111,query_1,['GO:0090066']
GO:BP,GO:0030278,regulation of ossification,0.0027414606968784315,True,"""Any process that modulates the frequency, rate or extent of ossification, the formation of bone or of a bony substance or the conversion of fibrous tissue or of cartilage into bone or a bony substance."" [GOC:go_curators]",121,575,15,20972,0.02608695652173913,0.12396694214876033,query_1,"['GO:0001503', 'GO:0051239']"
GO:BP,GO:0033036,macromolecule localization,0.0027806323340927273,True,"""Any process in which a macromolecule is transported to, or maintained in, a specific location."" [GOC:mah]",2876,575,120,20972,0.20869565217391303,0.04172461752433936,query_1,['GO:0051179']
GO:BP,GO:0048524,positive regulation of viral process,0.002838396299621863,True,"""Any process that activates or increases the frequency, rate or extent of a multi-organism process in which a virus is a participant."" [GOC:bf, GOC:jl]",64,575,11,20972,0.019130434782608695,0.171875,query_1,"['GO:0016032', 'GO:0048518', 'GO:0050792']"
GO:MF,GO:0019901,protein kinase binding,0.0028653660857155296,True,"""Binding to a protein kinase, any enzyme that catalyzes the transfer of a phosphate group, usually from ATP, to a protein substrate."" [GOC:jl]",680,573,41,20208,0.07155322862129145,0.060294117647058824,query_1,['GO:0019900']
HP,HP:0011034,Amyloid deposition,0.002874360576939965,True,"Pathologic deposits of specific fibrillar protein aggregates with distinct microscopic properties, particularly affinity for the dye Congo red with typical birefringence.",49,241,12,5200,0.04979253112033195,0.24489795918367346,query_1,['HP:0001939']
GO:BP,GO:0090100,positive regulation of transmembrane receptor protein serine/threonine kinase signaling pathway,0.0028757568710940785,True,"""Any process that increases the rate, frequency, or extent of the series of molecular signals generated as a consequence of a transmembrane receptor serine/threonine kinase binding to its physiological ligand."" [GOC:dph, GOC:tb]",106,575,14,20972,0.02434782608695652,0.1320754716981132,query_1,"['GO:0007178', 'GO:0009967', 'GO:0090092']"
GO:BP,GO:0021700,developmental maturation,0.0029126346198585246,True,"""A developmental process, independent of morphogenetic (shape) change, that is required for an anatomical structure, cell or cellular component to attain its fully functional state."" [GO_REF:0000021, GOC:cls, GOC:dgh, GOC:dph, GOC:jid]",346,575,27,20972,0.04695652173913043,0.07803468208092486,query_1,['GO:0032502']
GO:BP,GO:0050771,negative regulation of axonogenesis,0.002965757112853263,True,"""Any process that stops, prevents, or reduces the frequency, rate or extent of axonogenesis."" [GOC:ai]",52,575,10,20972,0.017391304347826087,0.19230769230769232,query_1,"['GO:0007409', 'GO:0010977', 'GO:0050768', 'GO:0050770']"
HP,HP:0100820,Glomerulopathy,0.002981558573556041,True,Inflammatory or noninflammatory diseases affecting the glomeruli of the nephron.,41,241,11,5200,0.04564315352697095,0.2682926829268293,query_1,['HP:0000095']
GO:BP,GO:0060322,head development,0.003017134165208678,True,"""The biological process whose specific outcome is the progression of a head from an initial condition to its mature state. The head is the anterior-most division of the body."" [GOC:dph]",787,575,46,20972,0.08,0.05844980940279543,query_1,['GO:0048856']
REAC,REAC:R-HSA-186797,Signaling by PDGF,0.0031849849312894,True,Signaling by PDGF,54,520,12,11056,0.023076923076923078,0.2222222222222222,query_1,['REAC:R-HSA-9006934']
GO:BP,GO:0061450,trophoblast cell migration,0.003187080460208086,True,"""Trophoblast cell migration that is accomplished by extension and retraction of a pseudopodium. Trophoblast cells line the outside of the blastocyst."" [GOC:dph]",22,575,7,20972,0.01217391304347826,0.3181818181818182,query_1,"['GO:0001667', 'GO:0007566']"
GO:BP,GO:0002200,somatic diversification of immune receptors,0.003200535220626338,True,"""The somatic process allowing for the production of immune receptors whose specificity is not encoded in the germline genomic sequences."" [GOC:add, ISBN:0781735149, PMID:16102575, PMID:16166509]",78,575,12,20972,0.020869565217391306,0.15384615384615385,query_1,"['GO:0002376', 'GO:0002520']"
GO:BP,GO:0097006,regulation of plasma lipoprotein particle levels,0.003200535220626338,True,"""Any process involved in the maintenance of internal levels of plasma lipoprotein particles within an organism."" [GOC:BHF]",78,575,12,20972,0.020869565217391306,0.15384615384615385,query_1,['GO:0050789']
GO:CC,GO:0005912,adherens junction,0.003202573866704035,True,"""A cell-cell junction composed of the epithelial cadherin-catenin complex. The epithelial cadherins, or E-cadherins, of each interacting cell extend through the plasma membrane into the extracellular space and bind to each other. The E-cadherins bind to catenins on the cytoplasmic side of the membrane, where the E-cadherin-catenin complex binds to cytoskeletal components and regulatory and signaling molecules."" [GOC:aruk, GOC:bc, GOC:mah, ISBN:0198506732, PMID:17854762, PMID:20571587, PMID:21422226, PMID:28096264]",189,579,17,22155,0.02936096718480138,0.08994708994708994,query_1,['GO:0005911']
GO:BP,GO:0061440,kidney vasculature development,0.0032733072763458503,True,"""The process whose specific outcome is the progression of the vasculature of the kidney over time, from its formation to the mature structure."" [GOC:dph, GOC:mtg_kidney_jan10, PMID:11891195]",31,575,8,20972,0.01391304347826087,0.25806451612903225,query_1,"['GO:0001822', 'GO:0061437']"
GO:BP,GO:0061437,renal system vasculature development,0.0032733072763458503,True,"""The process whose specific outcome is the progression of vasculature of the renal system over time, from its formation to the mature structure."" [GOC:dph, GOC:mtg_kidney_jan10, PMID:11891195]",31,575,8,20972,0.01391304347826087,0.25806451612903225,query_1,"['GO:0001944', 'GO:0072001']"
GO:BP,GO:0072593,reactive oxygen species metabolic process,0.003318051822642411,True,"""The chemical reactions and pathways involving a reactive oxygen species, any molecules or ions formed by the incomplete one-electron reduction of oxygen. They contribute to the microbicidal activity of phagocytes, regulation of signal transduction and gene expression, and the oxidative damage to biopolymers."" [GOC:mah]",228,575,21,20972,0.036521739130434785,0.09210526315789473,query_1,['GO:0008152']
MIRNA,MIRNA:hsa-mir-335-5p,hsa-mir-335-5p,0.0033685487106438618,True,hsa-mir-335-5p,2422,554,120,16638,0.21660649819494585,0.0495458298926507,query_1,['MIRNA:000000']
WP,WP:WP5098,T cell activation SARS CoV 2,0.0034328219362587576,True,T cell activation SARS CoV 2,88,475,16,8899,0.03368421052631579,0.18181818181818182,query_1,['WP:000000']
HPA,HPA:0600441,Tonsil; non-germinal center cells[≥Low],0.003512388808944162,True,Tonsil; non-germinal center cells[≥Low],6120,397,262,11007,0.6599496221662469,0.04281045751633987,query_1,['HPA:0600000']
HP,HP:0410042,Abnormal liver morphology,0.003525585313075326,True,"Any structural anomaly of the bile-secreting organ that is important for detoxification, for fat, carbohydrate, and protein metabolism, and for glycogen storage.",926,241,72,5200,0.2987551867219917,0.07775377969762419,query_1,['HP:0001392']
GO:BP,GO:0046638,positive regulation of alpha-beta T cell differentiation,0.0035665839643622345,True,"""Any process that activates or increases the frequency, rate or extent of alpha-beta T cell differentiation."" [GOC:ai]",53,575,10,20972,0.017391304347826087,0.18867924528301888,query_1,"['GO:0045582', 'GO:0046632', 'GO:0046635', 'GO:0046637']"
WP,WP:WP3413,NOTCH1 regulation of endothelial cell calcification,0.0035788435464895563,True,NOTCH1 regulation of endothelial cell calcification,17,475,7,8899,0.014736842105263158,0.4117647058823529,query_1,['WP:000000']
KEGG,KEGG:04660,T cell receptor signaling pathway,0.0035850376036510273,True,T cell receptor signaling pathway,120,482,19,8716,0.03941908713692946,0.15833333333333333,query_1,['KEGG:00000']
GO:BP,GO:0007044,cell-substrate junction assembly,0.0035895039063784735,True,"""The aggregation, arrangement and bonding together of a set of components to form a junction between a cell and its substrate."" [GOC:mah]",93,575,13,20972,0.022608695652173914,0.13978494623655913,query_1,"['GO:0034329', 'GO:0150115']"
GO:CC,GO:0043202,lysosomal lumen,0.003647093956093199,True,"""The volume enclosed within the lysosomal membrane."" [GOC:jl, PMID:15213228]",100,579,12,22155,0.02072538860103627,0.12,query_1,"['GO:0005764', 'GO:0005775']"
GO:BP,GO:0003151,outflow tract morphogenesis,0.003680968843643906,True,"""The process in which the anatomical structures of the outflow tract are generated and organized. The outflow tract is the portion of the heart through which blood flows into the arteries."" [GOC:mtg_heart, UBERON:0004145]",79,575,12,20972,0.020869565217391306,0.1518987341772152,query_1,"['GO:0003007', 'GO:0009653']"
HP,HP:0002783,Recurrent lower respiratory tract infections,0.003713943716032998,True,An increased susceptibility to lower respiratory tract infections as manifested by a history of recurrent lower respiratory tract infections.,271,241,31,5200,0.12863070539419086,0.11439114391143912,query_1,['HP:0002205']
WP,WP:WP4585,Cancer immunotherapy by PD 1 blockade,0.0037188645023502544,True,Cancer immunotherapy by PD 1 blockade,23,475,8,8899,0.016842105263157894,0.34782608695652173,query_1,['WP:000000']
HP,HP:0011032,Abnormality of fluid regulation,0.003727262252177472,True,An abnormality of the regulation of body fluids.,788,241,64,5200,0.26556016597510373,0.08121827411167512,query_1,['HP:0012337']
REAC,REAC:R-HSA-1442490,Collagen degradation,0.003768888013915098,True,Collagen degradation,64,520,13,11056,0.025,0.203125,query_1,['REAC:R-HSA-1474228']
GO:BP,GO:0071375,cellular response to peptide hormone stimulus,0.0038339793597241194,True,"""Any process that results in a change in state or activity of a cell (in terms of movement, secretion, enzyme production, gene expression, etc.) as a result of a peptide hormone stimulus. A peptide hormone is any of a class of peptides that are secreted into the blood stream and have endocrine functions in living animals."" [GOC:mah]",351,575,27,20972,0.04695652173913043,0.07692307692307693,query_1,"['GO:0032870', 'GO:0043434', 'GO:1901699', 'GO:1901701']"
GO:BP,GO:0014909,smooth muscle cell migration,0.0039017402636051584,True,"""The orderly movement of a smooth muscle cell from one site to another, often during the development of a multicellular organism."" [CL:0000192, GOC:mtg_muscle]",66,575,11,20972,0.019130434782608695,0.16666666666666666,query_1,['GO:0014812']
GO:MF,GO:0004675,transmembrane receptor protein serine/threonine kinase activity,0.003948095612015213,True,"""Combining with a signal and transmitting the signal from one side of the membrane to the other to initiate a change in cell activity by catalysis of the reaction: ATP protein serine = ADP + protein serine phosphate, and ATP + protein threonine = ADP + protein threonine phosphate."" [RHEA:18673]",18,573,6,20208,0.010471204188481676,0.3333333333333333,query_1,"['GO:0004674', 'GO:0019199']"
GO:BP,GO:0002428,antigen processing and presentation of peptide antigen via MHC class Ib,0.003994304004962018,True,"""The process in which an antigen-presenting cell expresses peptide antigen in association with an MHC class Ib protein complex on its cell surface. The peptide antigen may originate from an endogenous or exogenous protein. Class Ib here refers to non-classical class I molecules, such as those of the HLA-E family."" [GOC:add, PMID:15928678]",15,575,6,20972,0.010434782608695653,0.4,query_1,"['GO:0002475', 'GO:0048002']"
GO:BP,GO:0050930,induction of positive chemotaxis,0.003994304004962018,True,"""Any process that initiates the directed movement of a motile cell or organism towards a higher concentration in a concentration gradient of a specific chemical."" [GOC:ai]",15,575,6,20972,0.010434782608695653,0.4,query_1,['GO:0050927']
WP,WP:WP4331,Neovascularization processes,0.00401161457842206,True,Neovascularization processes,37,475,10,8899,0.021052631578947368,0.2702702702702703,query_1,['WP:000000']
KEGG,KEGG:05130,Pathogenic Escherichia coli infection,0.004044710615007827,True,Pathogenic Escherichia coli infection,198,482,26,8716,0.05394190871369295,0.13131313131313133,query_1,['KEGG:00000']
GO:BP,GO:0006887,exocytosis,0.004047736649589612,True,"""A process of secretion by a cell that results in the release of intracellular molecules (e.g. hormones, matrix proteins) contained within a membrane-bounded vesicle. Exocytosis can occur either by full fusion, when the vesicle collapses into the plasma membrane, or by a kiss-and-run mechanism that involves the formation of a transient contact, a pore, between a granule (for example of chromaffin cells) and the plasma membrane. The latter process most of the time leads to only partial secretion of the granule content. Exocytosis begins with steps that prepare vesicles for fusion with the membrane (tethering and docking) and ends when molecules are secreted from the cell."" [GOC:mah, ISBN:0716731363, PMID:22323285]",352,575,27,20972,0.04695652173913043,0.07670454545454546,query_1,"['GO:0016192', 'GO:0032940']"
GO:MF,GO:0048407,platelet-derived growth factor binding,0.004058061839156778,True,"""Binding to platelet-derived growth factor."" [GOC:dgh]",11,573,5,20208,0.008726003490401396,0.45454545454545453,query_1,['GO:0019838']
GO:MF,GO:0042608,T cell receptor binding,0.004058061839156778,True,"""Binding to a T cell receptor, the antigen-recognizing receptor on the surface of T cells."" [GOC:jl]",11,573,5,20208,0.008726003490401396,0.45454545454545453,query_1,"['GO:0005102', 'GO:0044877']"
GO:BP,GO:0046330,positive regulation of JNK cascade,0.0040627467418652445,True,"""Any process that activates or increases the frequency, rate or extent of signal transduction mediated by the JNK cascade."" [GOC:bf]",94,575,13,20972,0.022608695652173914,0.13829787234042554,query_1,"['GO:0007254', 'GO:0043410', 'GO:0046328']"
GO:BP,GO:2000510,positive regulation of dendritic cell chemotaxis,0.0041698985004519455,True,"""Any process that activates or increases the frequency, rate or extent of dendritic cell chemotaxis."" [GOC:obol]",9,575,5,20972,0.008695652173913044,0.5555555555555556,query_1,"['GO:0002407', 'GO:0002690', 'GO:0071677', 'GO:2000508']"
GO:BP,GO:0002578,negative regulation of antigen processing and presentation,0.0041698985004519455,True,"""Any process that stops, prevents, or reduces the frequency, rate, or extent of antigen processing and presentation."" [GOC:add]",9,575,5,20972,0.008695652173913044,0.5555555555555556,query_1,"['GO:0002577', 'GO:0002683', 'GO:0019882']"
GO:BP,GO:0031652,positive regulation of heat generation,0.0041698985004519455,True,"""Any process that activates or increases the rate or extent of heat generation."" [GOC:dph, GOC:mah, GOC:tb]",9,575,5,20972,0.008695652173913044,0.5555555555555556,query_1,"['GO:0031649', 'GO:0031650', 'GO:0051240']"
GO:BP,GO:0007423,sensory organ development,0.004210121905893022,True,"""The process whose specific outcome is the progression of sensory organs over time, from its formation to the mature structure."" [GOC:go_curators]",625,575,39,20972,0.06782608695652174,0.0624,query_1,['GO:0048513']
GO:BP,GO:0014812,muscle cell migration,0.004224079278126484,True,"""The orderly movement of a muscle cell from one site to another, often during the development of a multicellular organism."" [CL:0000187, GOC:mtg_muscle]",80,575,12,20972,0.020869565217391306,0.15,query_1,['GO:0016477']
GO:BP,GO:0002313,mature B cell differentiation involved in immune response,0.00426015865007462,True,"""The process in which a naive B cell acquires the specialized features of a mature or memory B cell during an immune response."" [GOC:jal]",32,575,8,20972,0.01391304347826087,0.25,query_1,"['GO:0002312', 'GO:0002335']"
GO:BP,GO:0010596,negative regulation of endothelial cell migration,0.004270760219949264,True,"""Any process that decreases the rate, frequency, or extent of the orderly movement of an endothelial cell into the extracellular matrix to form an endothelium."" [GOC:BHF, GOC:dph, GOC:tb]",54,575,10,20972,0.017391304347826087,0.18518518518518517,query_1,"['GO:0010594', 'GO:0030336', 'GO:0043542']"
GO:MF,GO:0046625,sphingolipid binding,0.0043257573478455835,True,"""Binding to a sphingolipid, a class of lipids containing the long-chain amine diol sphingosine or a closely related base (a sphingoid)."" [ISBN:0198506732]",27,573,7,20208,0.012216404886561954,0.25925925925925924,query_1,['GO:0008289']
GO:BP,GO:0050792,regulation of viral process,0.004411971279780911,True,"""Any process that modulates the rate or extent of the viral life cycle, the set of processes by which a virus reproduces and spreads among hosts."" [GOC:go_curators, GOC:tb]",142,575,16,20972,0.02782608695652174,0.11267605633802817,query_1,"['GO:0016032', 'GO:0050789']"
GO:BP,GO:0002577,regulation of antigen processing and presentation,0.004473398660071353,True,"""Any process that modulates the frequency, rate, or extent of antigen processing and presentation."" [GOC:add]",23,575,7,20972,0.01217391304347826,0.30434782608695654,query_1,"['GO:0002682', 'GO:0019882']"
GO:BP,GO:2000353,positive regulation of endothelial cell apoptotic process,0.004473398660071353,True,"""Any process that activates or increases the frequency, rate or extent of endothelial cell apoptotic process."" [GOC:BHF, GOC:mah, GOC:mtg_apoptosis]",23,575,7,20972,0.01217391304347826,0.30434782608695654,query_1,"['GO:0043065', 'GO:0072577', 'GO:2000351']"
GO:BP,GO:0003279,cardiac septum development,0.00452050068376427,True,"""The progression of a cardiac septum over time, from its initial formation to the mature structure."" [GOC:mtg_heart]",110,575,14,20972,0.02434782608695652,0.12727272727272726,query_1,"['GO:0003205', 'GO:0048856']"
REAC,REAC:R-HSA-451927,Interleukin-2 family signaling,0.004586149484773611,True,Interleukin-2 family signaling,47,520,11,11056,0.021153846153846155,0.23404255319148937,query_1,['REAC:R-HSA-449147']
REAC,REAC:R-HSA-5675482,Regulation of necroptotic cell death,0.004598491166597166,True,Regulation of necroptotic cell death,31,520,9,11056,0.01730769230769231,0.2903225806451613,query_1,['REAC:R-HSA-5213460']
REAC,REAC:R-HSA-1251985,Nuclear signaling by ERBB4,0.004598491166597166,True,Nuclear signaling by ERBB4,31,520,9,11056,0.01730769230769231,0.2903225806451613,query_1,['REAC:R-HSA-1236394']
REAC,REAC:R-HSA-5213460,RIPK1-mediated regulated necrosis,0.004598491166597166,True,RIPK1-mediated regulated necrosis,31,520,9,11056,0.01730769230769231,0.2903225806451613,query_1,['REAC:R-HSA-5218859']
GO:CC,GO:0048179,activin receptor complex,0.004713349080847339,True,"""A protein complex that acts as an activin receptor. Heterodimeric activin receptors, comprising one Type I activin receptor and one Type II receptor polypeptide, and heterotrimeric receptors have been observed."" [PMID:8307945, PMID:8622651]",7,579,4,22155,0.0069084628670120895,0.5714285714285714,query_1,"['GO:0098802', 'GO:1902554']"
KEGG,KEGG:04657,IL-17 signaling pathway,0.0047147526516126805,True,IL-17 signaling pathway,92,482,16,8716,0.03319502074688797,0.17391304347826086,query_1,['KEGG:00000']
GO:BP,GO:0044092,negative regulation of molecular function,0.004756528841284548,True,"""Any process that stops or reduces the rate or extent of a molecular function, an elemental biological activity occurring at the molecular level, such as catalysis or binding."" [GO:jl]",355,575,27,20972,0.04695652173913043,0.07605633802816901,query_1,['GO:0065009']
HPA,HPA:0641472,Endometrium; lymphocytes[≥Medium],0.0047841598249777776,True,Endometrium; lymphocytes[≥Medium],24,397,7,11007,0.017632241813602016,0.2916666666666667,query_1,['HPA:0641471']
GO:BP,GO:1990000,amyloid fibril formation,0.0048053666156313455,True,"""The generation of amyloid fibrils, insoluble fibrous protein aggregates exhibiting beta sheet structure, from proteins."" [GOC:cvs, GOC:jj, GOC:ppm, GOC:sj, PMID:21148556, PMID:22817896, PMID:28937655, PMID:29654159]",43,575,9,20972,0.01565217391304348,0.20930232558139536,query_1,"['GO:0019538', 'GO:0097435']"
HP,HP:0033476,Extractable nuclear antigen positivity,0.0048101122861609925,True,The presence of autoantibodies in the serum that react against extractable nuclear components that are referred to as extractable because they can be extracted from cell nuclei with saline solution.,35,241,10,5200,0.04149377593360996,0.2857142857142857,query_1,['HP:0003493']
KEGG,KEGG:05170,Human immunodeficiency virus 1 infection,0.004953683455571269,True,Human immunodeficiency virus 1 infection,212,482,27,8716,0.056016597510373446,0.12735849056603774,query_1,['KEGG:00000']
GO:CC,GO:0072562,blood microparticle,0.0049674103543827395,True,"""A phospholipid microvesicle that is derived from any of several cell types, such as platelets, blood cells, endothelial cells, or others, and contains membrane receptors as well as other proteins characteristic of the parental cell. Microparticles are heterogeneous in size, and are characterized as microvesicles free of nucleic acids."" [GOC:BHF, GOC:mah, PMID:16373184]",138,579,14,22155,0.024179620034542316,0.10144927536231885,query_1,"['GO:0005615', 'GO:0110165']"
WP,WP:WP1533,Vitamin B12 metabolism,0.005092865736526121,True,Vitamin B12 metabolism,54,475,12,8899,0.02526315789473684,0.2222222222222222,query_1,['WP:000000']
GO:BP,GO:0008543,fibroblast growth factor receptor signaling pathway,0.00509344760497409,True,"""The series of molecular signals generated as a consequence of a fibroblast growth factor receptor binding to one of its physiological ligands."" [GOC:ceb]",127,575,15,20972,0.02608695652173913,0.11811023622047244,query_1,"['GO:0007169', 'GO:0044344']"
GO:BP,GO:0003206,cardiac chamber morphogenesis,0.00509344760497409,True,"""The process in which a cardiac chamber is generated and organized. A cardiac chamber is an enclosed cavity within the heart."" [GOC:mtg_heart]",127,575,15,20972,0.02608695652173913,0.11811023622047244,query_1,"['GO:0003007', 'GO:0003205', 'GO:0009653']"
GO:MF,GO:0001875,lipopolysaccharide immune receptor activity,0.0051521013789328374,True,"""Combining with a lipopolysaccharide and transmitting the signal across the cell membrane to initiate an innate immune response. Lipopolysaccharides (LPS) are major components of the outer membrane of Gram-negative bacteria, making them prime targets for recognition by the immune system."" [PMID:14609719, PMID:15379975]",6,573,4,20208,0.006980802792321117,0.6666666666666666,query_1,['GO:0038187']
GO:MF,GO:0031726,CCR1 chemokine receptor binding,0.0051521013789328374,True,"""Binding to a CCR1 chemokine receptor."" [GOC:mah, GOC:nln]",6,573,4,20208,0.006980802792321117,0.6666666666666666,query_1,['GO:0048020']
GO:MF,GO:0019958,C-X-C chemokine binding,0.0051521013789328374,True,"""Binding to a C-X-C chemokine; C-X-C chemokines have a single amino acid between the first two cysteines of the characteristic four cysteine motif."" [GOC:ai]",6,573,4,20208,0.006980802792321117,0.6666666666666666,query_1,['GO:0019956']
GO:MF,GO:0042289,MHC class II protein binding,0.0051521013789328374,True,"""Binding to a major histocompatibility complex class II molecule; a set of molecules displayed on cell surfaces that are responsible for lymphocyte recognition and antigen presentation."" [GOC:jl]",6,573,4,20208,0.006980802792321117,0.6666666666666666,query_1,['GO:0042287']
GO:MF,GO:0032394,MHC class Ib receptor activity,0.0051521013789328374,True,"""Combining with an MHC class Ib protein complex and transmitting the signal from one side of the membrane to the other to initiate a change in cell activity. Class Ib here refers to non-classical class I molecules, such as those of the CD1 or HLA-E gene families."" [GOC:add, GOC:signaling, ISBN:0781735149]",6,573,4,20208,0.006980802792321117,0.6666666666666666,query_1,"['GO:0004888', 'GO:0140375']"
GO:BP,GO:0016445,somatic diversification of immunoglobulins,0.005299942422051608,True,"""The somatic process that results in the generation of sequence diversity of immunoglobulins."" [GOC:add, GOC:ma, ISBN:0781735149]",68,575,11,20972,0.019130434782608695,0.16176470588235295,query_1,"['GO:0002200', 'GO:0002377']"
GO:BP,GO:0045861,negative regulation of proteolysis,0.005299942422051608,True,"""Any process that stops, prevents, or reduces the frequency, rate or extent of the hydrolysis of a peptide bond or bonds within a protein."" [GOC:go_curators]",68,575,11,20972,0.019130434782608695,0.16176470588235295,query_1,"['GO:0006508', 'GO:0030162', 'GO:0051248']"
GO:BP,GO:0023061,signal release,0.005308799101130434,True,"""The process in which a signal is secreted or discharged into the extracellular medium from a cellular source."" [GOC:mtg_signal]",490,575,33,20972,0.057391304347826085,0.0673469387755102,query_1,"['GO:0007267', 'GO:0032940']"
GO:BP,GO:0050890,cognition,0.005323354194844206,True,"""The operation of the mind by which an organism becomes aware of objects of thought or perception; it includes the mental activities associated with thinking, learning, and memory."" [ISBN:0721619908]",315,575,25,20972,0.043478260869565216,0.07936507936507936,query_1,['GO:0050877']
WP,WP:WP5289,Axon guidance,0.005367018482880876,True,Axon guidance,72,475,14,8899,0.029473684210526315,0.19444444444444445,query_1,['WP:000000']
WP,WP:WP5491,Transcriptional regulation of memory B cell differentiation,0.005395929194467591,True,Transcriptional regulation of memory B cell differentiation,46,475,11,8899,0.023157894736842106,0.2391304347826087,query_1,['WP:000000']
GO:BP,GO:0045216,cell-cell junction organization,0.005433705778850664,True,"""A process that is carried out at the cellular level which results in the assembly, arrangement of constituent parts, or disassembly of a cell-cell junction. A cell-cell junction is a specialized region of connection between two cells."" [GOC:ai, GOC:dph, GOC:jl, GOC:mah]",216,575,20,20972,0.034782608695652174,0.09259259259259259,query_1,['GO:0034330']
GO:BP,GO:0042176,regulation of protein catabolic process,0.005483490482693384,True,"""Any process that modulates the frequency, rate or extent of the chemical reactions and pathways resulting in the breakdown of a protein by the destruction of the native, active configuration, with or without the hydrolysis of peptide bonds."" [GOC:go_curators, GOC:jl]",401,575,29,20972,0.050434782608695654,0.07231920199501247,query_1,"['GO:0009894', 'GO:0030163', 'GO:0051246']"
GO:CC,GO:0043260,laminin-521 trimer,0.0055153095229649365,True,"""A laminin complex composed of alpha5, beta2 and gamma1 polypeptide chains."" [PMID:15979864, PMID:21421915, PMID:23263632]",3,579,3,22155,0.0051813471502590676,1.0,query_1,['GO:0043256']
GO:BP,GO:1905477,positive regulation of protein localization to membrane,0.00552670555260928,True,"""Any process that activates or increases the frequency, rate or extent of protein localization to membrane."" [GO_REF:0000058, GOC:bc, GOC:PARL, GOC:TermGenie, PMID:26911690]",82,575,12,20972,0.020869565217391306,0.14634146341463414,query_1,"['GO:0048522', 'GO:0072657', 'GO:1903829', 'GO:1905475']"
WP,WP:WP5174,Ulcerative colitis signaling,0.005588473945450112,True,Ulcerative colitis signaling,18,475,7,8899,0.014736842105263158,0.3888888888888889,query_1,['WP:000000']
WP,WP:WP3877,MYD88 distinct input output pathway,0.005588473945450112,True,MYD88 distinct input output pathway,18,475,7,8899,0.014736842105263158,0.3888888888888889,query_1,['WP:000000']
WP,WP:WP5033,Genes associated with the development of rheumatoid arthritis,0.005588473945450112,True,Genes associated with the development of rheumatoid arthritis,18,475,7,8899,0.014736842105263158,0.3888888888888889,query_1,['WP:000000']
GO:MF,GO:0005520,insulin-like growth factor binding,0.005632283864571594,True,"""Binding to an insulin-like growth factor, any member of a group of polypeptides that are structurally homologous to insulin and share many of its biological activities, but are immunologically distinct from it."" [ISBN:0198506732]",19,573,6,20208,0.010471204188481676,0.3157894736842105,query_1,['GO:0019838']
GO:CC,GO:0035577,azurophil granule membrane,0.005645634025491813,True,"""The lipid bilayer surrounding an azurophil granule, a primary lysosomal granule found in neutrophil granulocytes that contains a wide range of hydrolytic enzymes and is released into the extracellular fluid."" [GOC:bf, PMID:17152095]",58,579,9,22155,0.015544041450777202,0.15517241379310345,query_1,"['GO:0005765', 'GO:0030667', 'GO:0042582']"
HP,HP:0003212,Increased circulating IgE concentration,0.0056780545552426245,True,An abnormally increased overall level of immunoglobulin E in blood.,52,241,12,5200,0.04979253112033195,0.23076923076923078,query_1,"['HP:0010702', 'HP:0410241']"
WP,WP:WP430,Statin inhibition of cholesterol production,0.005694676692399257,True,Statin inhibition of cholesterol production,31,475,9,8899,0.018947368421052633,0.2903225806451613,query_1,['WP:000000']
WP,WP:WP3858,Toll like receptor signaling related to MyD88,0.005694676692399257,True,Toll like receptor signaling related to MyD88,31,475,9,8899,0.018947368421052633,0.2903225806451613,query_1,['WP:000000']
GO:MF,GO:0097367,carbohydrate derivative binding,0.005799126836898998,True,"""Binding to a carbohydrate derivative."" [GOC:pr]",2284,573,99,20208,0.17277486910994763,0.043345008756567424,query_1,['GO:0005488']
GO:BP,GO:0042092,type 2 immune response,0.0058953600868950915,True,"""An immune response which is associated with resistance to extracellular organisms such as helminths and pathological conditions such as allergy, which is orchestrated by the production of particular cytokines, most notably IL-4, IL-5, IL-10, and IL-13, by any of a variety of cell types including T-helper 2 cells, eosinophils, basophils, mast cells, and nuocytes, resulting in enhanced production of certain antibody isotypes and other effects."" [GOC:add, ISBN:0781735149, PMID:18000958, PMID:18007680, PMID:20065995, PMID:20200518]",44,575,9,20972,0.01565217391304348,0.20454545454545456,query_1,['GO:0006955']
HP,HP:0001574,Abnormality of the integument,0.006032828197506019,True,"An abnormality of the integument, which consists of the skin and the superficial fascia.",2666,241,158,5200,0.6556016597510373,0.05926481620405101,query_1,['HP:0000118']
GO:BP,GO:0002886,regulation of myeloid leukocyte mediated immunity,0.006049444418671887,True,"""Any process that modulates the frequency, rate, or extent of myeloid leukocyte mediated immunity."" [GOC:add]",56,575,10,20972,0.017391304347826087,0.17857142857142858,query_1,"['GO:0002444', 'GO:0002703']"
KEGG,KEGG:04010,MAPK signaling pathway,0.006055709533262039,True,MAPK signaling pathway,300,482,34,8716,0.07053941908713693,0.11333333333333333,query_1,['KEGG:00000']
REAC,REAC:R-HSA-75158,TRAIL  signaling,0.006174626044302914,True,TRAIL  signaling,8,520,5,11056,0.009615384615384616,0.625,query_1,['REAC:R-HSA-73887']
REAC,REAC:R-HSA-9012546,Interleukin-18 signaling,0.006174626044302914,True,Interleukin-18 signaling,8,520,5,11056,0.009615384615384616,0.625,query_1,['REAC:R-HSA-446652']
GO:BP,GO:0002517,T cell tolerance induction,0.0062428412420087185,True,"""A process involving any mechanism for tolerance induction in T cells."" [GOC:jal, ISBN:0781735149, PMID:16551263]",16,575,6,20972,0.010434782608695653,0.375,query_1,['GO:0002507']
GO:BP,GO:0051044,positive regulation of membrane protein ectodomain proteolysis,0.0062428412420087185,True,"""Any process that activates or increases the frequency, rate or extent of membrane protein ectodomain peptidolysis."" [GOC:ai]",16,575,6,20972,0.010434782608695653,0.375,query_1,"['GO:0006509', 'GO:0045732', 'GO:0045862', 'GO:0051043']"
GO:BP,GO:0034349,glial cell apoptotic process,0.0062428412420087185,True,"""Any apoptotic process in a glial cell, a non-neuronal cell of the nervous system."" [CL:0000125, GOC:mtg_apoptosis, GOC:sart]",16,575,6,20972,0.010434782608695653,0.375,query_1,['GO:0006915']
GO:BP,GO:0023035,CD40 signaling pathway,0.0062428412420087185,True,"""The series of molecular signals initiated by the binding of the cell surface receptor CD40 to one of its physiological ligands, and ending with the regulation of a downstream cellular process, e.g. transcription."" [GOC:mtg_signal, GOC:signaling, PMID:11348017]",16,575,6,20972,0.010434782608695653,0.375,query_1,['GO:0007166']
GO:BP,GO:0060395,SMAD protein signal transduction,0.006302019852876899,True,"""An intracellular signaling cassette that starts with the activation of a SMAD protein, leading to the formation of a complex with co-SMADs, which translocates to the nucleus and regulates transcription of specific target genes."" [GOC:BHF]",83,575,12,20972,0.020869565217391306,0.14457831325301204,query_1,"['GO:0007178', 'GO:0141124']"
GO:BP,GO:0062207,regulation of pattern recognition receptor signaling pathway,0.00631022760479847,True,"""Any process that modulates the rate, frequency or extent of a pattern recognition receptor signaling pathway."" [PMID:30610168]",181,575,18,20972,0.03130434782608696,0.09944751381215469,query_1,"['GO:0002221', 'GO:0009966', 'GO:0045088']"
GO:MF,GO:0001530,lipopolysaccharide binding,0.006331166106941226,True,"""Binding to a lipopolysaccharide."" [PMID:11079463]",39,573,8,20208,0.013961605584642234,0.20512820512820512,query_1,"['GO:0008289', 'GO:0097367']"
HP,HP:4000041,AA amyloidosis,0.006473972589775378,True,"Extracellular tissue deposition of fibrils that are composed of fragments of and/or intact serum amyloid A protein, a hepatic acute phase reactant.",16,241,7,5200,0.029045643153526972,0.4375,query_1,['HP:0011034']
HP,HP:0100796,Orchitis,0.006473972589775378,True,Testicular inflammation.,16,241,7,5200,0.029045643153526972,0.4375,query_1,['HP:0000035']
GO:BP,GO:0045917,positive regulation of complement activation,0.006514034040629456,True,"""Any process that activates or increases the frequency, rate or extent of complement activation."" [GOC:go_curators]",5,575,4,20972,0.006956521739130435,0.8,query_1,"['GO:0002699', 'GO:0002922', 'GO:0006956', 'GO:0030449']"
GO:BP,GO:0048006,"antigen processing and presentation, endogenous lipid antigen via MHC class Ib",0.006514034040629456,True,"""The process in which an antigen-presenting cell expresses lipid antigen of endogenous origin in association with an MHC class Ib protein complex on its cell surface. Class Ib here refers to non-classical class I molecules, such as those of the CD1 family."" [GOC:add, PMID:10375559, PMID:15928678, PMID:15928680]",5,575,4,20972,0.006956521739130435,0.8,query_1,"['GO:0019883', 'GO:0048003']"
GO:BP,GO:0045590,negative regulation of regulatory T cell differentiation,0.006514034040629456,True,"""Any process that stops, prevents, or reduces the rate of differentiation of regulatory T cells."" [ISBN:0781735149]",5,575,4,20972,0.006956521739130435,0.8,query_1,"['GO:0045066', 'GO:0045581', 'GO:0045589']"
HP,HP:0011873,Abnormal platelet count,0.006550592229987739,True,"Abnormal number of platelets per volume of blood. In a healthy adult, a normal platelet count is between 150,000 and 450,000 per microliter of blood.",471,241,44,5200,0.1825726141078838,0.09341825902335456,query_1,['HP:0011875']
GO:BP,GO:0097305,response to alcohol,0.0066034982675661075,True,"""Any process that results in a change in state or activity of a cell or an organism (in terms of movement, secretion, enzyme production, gene expression, etc.) as a result of an alcohol stimulus."" [GOC:pr, PMID:24014527]",238,575,21,20972,0.036521739130434785,0.08823529411764706,query_1,['GO:1901700']
REAC,REAC:R-HSA-2424491,DAP12 signaling,0.006629182378825466,True,DAP12 signaling,25,520,8,11056,0.015384615384615385,0.32,query_1,['REAC:R-HSA-2172127']
KEGG,KEGG:05162,Measles,0.006639384192855471,True,Measles,136,482,20,8716,0.04149377593360996,0.14705882352941177,query_1,['KEGG:00000']
GO:CC,GO:0005911,cell-cell junction,0.006662076385921918,True,"""A cell junction that forms a connection between two or more cells of an organism; excludes direct cytoplasmic intercellular bridges, such as ring canals in insects."" [GOC:aruk, GOC:bc, GOC:dgh, GOC:hb, GOC:mah, PMID:21422226, PMID:28096264]",522,579,31,22155,0.0535405872193437,0.05938697318007663,query_1,['GO:0070161']
HP,HP:0002240,Hepatomegaly,0.006676507600859081,True,Abnormally increased size of the liver.,682,241,57,5200,0.23651452282157676,0.08357771260997067,query_1,"['HP:0003271', 'HP:0410042']"
GO:CC,GO:0031901,early endosome membrane,0.006707664793463721,True,"""The lipid bilayer surrounding an early endosome."" [GOC:pz]",200,579,17,22155,0.02936096718480138,0.085,query_1,"['GO:0005769', 'GO:0010008']"
GO:MF,GO:0016361,"activin receptor activity, type I",0.006794327822173497,True,"""Combining with activin-bound type II activin receptor to initiate a change in cell activity; upon binding, acts as a downstream transducer of activin signals."" [GOC:mah, PMID:8622651]",12,573,5,20208,0.008726003490401396,0.4166666666666667,query_1,['GO:0017002']
GO:MF,GO:0017002,activin receptor activity,0.006794327822173497,True,"""Combining with activin and transmitting the signal from one side of the membrane to the other to initiate a change in cell activity. Activin is one of two gonadal glycoproteins related to transforming growth factor beta."" [GOC:mah, GOC:signaling, ISBN:0198506732]",12,573,5,20208,0.008726003490401396,0.4166666666666667,query_1,['GO:0004675']
GO:MF,GO:0005025,"transforming growth factor beta receptor activity, type I",0.006794327822173497,True,"""Combining with a complex of transforming growth factor beta and a type II TGF-beta receptor to initiate a change in cell activity; upon binding, acts as a downstream transducer of TGF-beta signals."" [GOC:mah]",12,573,5,20208,0.008726003490401396,0.4166666666666667,query_1,['GO:0005024']
GO:MF,GO:0005026,"transforming growth factor beta receptor activity, type II",0.006794327822173497,True,"""Combining with transforming growth factor beta to initiate a change in cell activity; upon ligand binding, binds to and catalyzes the phosphorylation of a type I TGF-beta receptor."" [GOC:mah]",12,573,5,20208,0.008726003490401396,0.4166666666666667,query_1,['GO:0005024']
GO:MF,GO:0016362,"activin receptor activity, type II",0.006794327822173497,True,"""Combining with activin to initiate a change in cell activity; upon ligand binding, binds to and catalyses the phosphorylation of a type I activin receptor."" [GOC:mah, PMID:8622651]",12,573,5,20208,0.008726003490401396,0.4166666666666667,query_1,['GO:0017002']
REAC,REAC:R-HSA-418555,G alpha (s) signalling events,0.006980975961463529,True,G alpha (s) signalling events,156,520,21,11056,0.04038461538461539,0.1346153846153846,query_1,['REAC:R-HSA-388396']
GO:CC,GO:1904813,ficolin-1-rich granule lumen,0.006982713184374619,True,"""Any membrane-enclosed lumen that is part of a ficolin-1-rich granule."" [GO_REF:0000064, GOC:TermGenie, PMID:23650620]",124,579,13,22155,0.022452504317789293,0.10483870967741936,query_1,"['GO:0070013', 'GO:0101002']"
GO:BP,GO:0032376,positive regulation of cholesterol transport,0.007006728707905925,True,"""Any process that activates or increases the frequency, rate or extent of the directed movement of cholesterol into, out of or within a cell, or between cells, by means of some agent such as a transporter or pore."" [GOC:mah]",34,575,8,20972,0.01391304347826087,0.23529411764705882,query_1,"['GO:0030301', 'GO:0032373', 'GO:0032374']"
GO:BP,GO:0032373,positive regulation of sterol transport,0.007006728707905925,True,"""Any process that activates or increases the frequency, rate or extent of the directed movement of sterols into, out of or within a cell, or between cells, by means of some agent such as a transporter or pore."" [GOC:mah]",34,575,8,20972,0.01391304347826087,0.23529411764705882,query_1,"['GO:0015918', 'GO:0032370', 'GO:0032371']"
GO:BP,GO:0002828,regulation of type 2 immune response,0.007006728707905925,True,"""Any process that modulates the frequency, rate, or extent of a type 2 immune response."" [GOC:add]",34,575,8,20972,0.01391304347826087,0.23529411764705882,query_1,"['GO:0042092', 'GO:0050776']"
GO:BP,GO:0045921,positive regulation of exocytosis,0.007171696206181495,True,"""Any process that activates or increases the frequency, rate or extent of exocytosis."" [GOC:go_curators]",84,575,12,20972,0.020869565217391306,0.14285714285714285,query_1,"['GO:0006887', 'GO:0017157', 'GO:1903532']"
GO:BP,GO:0031638,zymogen activation,0.007191544452766419,True,"""The proteolytic processing of an inactive enzyme to an active form."" [GOC:hjd]",45,575,9,20972,0.01565217391304348,0.2,query_1,['GO:0016485']
HP,HP:0001878,Hemolytic anemia,0.007316750096242819,True,A type of anemia caused by premature destruction of red blood cells (hemolysis).,161,241,22,5200,0.0912863070539419,0.13664596273291926,query_1,['HP:0011895']
HP,HP:0001733,Pancreatitis,0.0073880921541840975,True,The presence of inflammation in the pancreas.,103,241,17,5200,0.07053941908713693,0.1650485436893204,query_1,"['HP:0012091', 'HP:0012649']"
REAC,REAC:R-HSA-879415,Advanced glycosylation endproduct receptor signaling,0.007473176520918487,True,Advanced glycosylation endproduct receptor signaling,13,520,6,11056,0.011538461538461539,0.46153846153846156,query_1,['REAC:R-HSA-168249']
KEGG,KEGG:04810,Regulation of actin cytoskeleton,0.007492091951123398,True,Regulation of actin cytoskeleton,229,482,28,8716,0.058091286307053944,0.1222707423580786,query_1,['KEGG:00000']
GO:BP,GO:0043523,regulation of neuron apoptotic process,0.007540449786691278,True,"""Any process that modulates the occurrence or rate of cell death by apoptotic process in neurons."" [GOC:go_curators, GOC:mtg_apoptosis]",240,575,21,20972,0.036521739130434785,0.0875,query_1,"['GO:0042981', 'GO:0051402']"
GO:BP,GO:0043010,camera-type eye development,0.007623866479885371,True,"""The process whose specific outcome is the progression of the camera-type eye over time, from its formation to the mature structure. The camera-type eye is an organ of sight that receives light through an aperture and focuses it through a lens, projecting it on a photoreceptor field."" [GOC:go_curators, GOC:mtg_sensu]",364,575,27,20972,0.04695652173913043,0.07417582417582418,query_1,['GO:0001654']
GO:BP,GO:0010976,positive regulation of neuron projection development,0.007630013918956995,True,"""Any process that increases the rate, frequency or extent of neuron projection development. Neuron projection development is the process whose specific outcome is the progression of a neuron projection over time, from its formation to the mature structure. A neuron projection is any process extending from a neural cell, such as axons or dendrites (collectively called neurites)."" [GOC:dph, GOC:tb]",148,575,16,20972,0.02782608695652174,0.10810810810810811,query_1,"['GO:0010975', 'GO:0031175', 'GO:0031346']"
HP,HP:0003791,Deposits immunoreactive to beta-amyloid protein,0.007682134079889502,True,Deposits immunoreactive to beta-amyloid protein,7,241,5,5200,0.02074688796680498,0.7142857142857143,query_1,['HP:0004303']
HP,HP:0012252,Abnormal respiratory system morphology,0.008071432946874253,True,A structural anomaly of the respiratory system.,1527,241,103,5200,0.42738589211618255,0.06745252128356254,query_1,['HP:0002086']
WP,WP:WP4630,Measles virus infection,0.008072860283173154,True,Measles virus infection,136,475,20,8899,0.042105263157894736,0.14705882352941177,query_1,['WP:000000']
HP,HP:0032140,Decreased specific antibody response to vaccination,0.008121035921235597,True,"A reduced ability to synthesize postvaccination antibodies against toxoids and polysaccharides in vaccines, as measured by antibody titer determination following vaccination.",45,241,11,5200,0.04564315352697095,0.24444444444444444,query_1,['HP:0012475']
GO:BP,GO:0002246,wound healing involved in inflammatory response,0.008151335221989114,True,"""The series of events that restore integrity to damaged tissue that contribute to an inflammatory response."" [GOC:jal, ISBN:0721601871]",10,575,5,20972,0.008695652173913044,0.5,query_1,"['GO:0042060', 'GO:0090594']"
GO:BP,GO:0002765,immune response-inhibiting signal transduction,0.008151335221989114,True,"""The cascade of processes by which a signal interacts with a receptor, causing a change in the level or activity of a second messenger or other downstream target, and ultimately leading to inhibition of an immune response."" [GOC:add, ISBN:0781735149]",10,575,5,20972,0.008695652173913044,0.5,query_1,['GO:0002764']
GO:BP,GO:0034351,negative regulation of glial cell apoptotic process,0.008151335221989114,True,"""Any process that stops, prevents, or reduces the frequency, rate, or extent of glial cell apoptotic process."" [GOC:mah, GOC:mtg_apoptosis]",10,575,5,20972,0.008695652173913044,0.5,query_1,"['GO:0034349', 'GO:0034350', 'GO:0043066']"
GO:BP,GO:0140105,interleukin-10-mediated signaling pathway,0.008151335221989114,True,"""The series of molecular signals initiated by interleukin-10 binding to its receptor on the surface of a target cell, and ending with the regulation of a downstream cellular process, e.g. transcription."" [PMID:11244051]",10,575,5,20972,0.008695652173913044,0.5,query_1,['GO:0019221']
GO:BP,GO:0048843,negative regulation of axon extension involved in axon guidance,0.008151335221989114,True,"""Any process that stops, prevents, or reduces the frequency, rate or extent of axon extension involved in axon guidance."" [GOC:devbiol]",10,575,5,20972,0.008695652173913044,0.5,query_1,"['GO:0030517', 'GO:0048841', 'GO:0048846', 'GO:0050922']"
GO:BP,GO:0071223,cellular response to lipoteichoic acid,0.008151335221989114,True,"""Any process that results in a change in state or activity of a cell (in terms of movement, secretion, enzyme production, gene expression, etc.) as a result of a lipoteichoic acid stimulus; lipoteichoic acid is a major component of the cell wall of gram-positive bacteria and typically consists of a chain of glycerol-phosphate repeating units linked to a glycolipid anchor."" [GOC:mah]",10,575,5,20972,0.008695652173913044,0.5,query_1,"['GO:0070391', 'GO:0071219', 'GO:1901701']"
GO:BP,GO:0070391,response to lipoteichoic acid,0.008151335221989114,True,"""Any process that results in a change in state or activity of an organism (in terms of movement, secretion, enzyme production, gene expression, etc.) as a result of a lipoteichoic acid stimulus; lipoteichoic acid is a major component of the cell wall of gram-positive bacteria and typically consists of a chain of glycerol-phosphate repeating units linked to a glycolipid anchor."" [GOC:add, PMID:14665680, PMID:16020688]",10,575,5,20972,0.008695652173913044,0.5,query_1,"['GO:0002237', 'GO:1901700']"
GO:BP,GO:0035696,monocyte extravasation,0.008151335221989114,True,"""The migration of a monocyte from the blood vessels into the surrounding tissue."" [CL:0000576, GOC:BHF, PMID:10657654]",10,575,5,20972,0.008695652173913044,0.5,query_1,"['GO:0045123', 'GO:0071674', 'GO:0097529']"
HP,HP:0000022,Abnormal male internal genitalia morphology,0.008212222043092845,True,An abnormality of the male internal genitalia.,93,241,16,5200,0.06639004149377593,0.17204301075268819,query_1,"['HP:0000812', 'HP:0010461']"
HP,HP:0011875,Abnormal platelet morphology,0.008217114390229032,True,"An anomaly in platelet form, ultrastructure, or intracellular organelles.",475,241,44,5200,0.1825726141078838,0.09263157894736843,query_1,['HP:0001872']
GO:BP,GO:0045685,regulation of glial cell differentiation,0.00821859350869432,True,"""Any process that modulates the frequency, rate or extent of glia cell differentiation."" [GOC:go_curators]",71,575,11,20972,0.019130434782608695,0.15492957746478872,query_1,"['GO:0010001', 'GO:0045595']"
GO:BP,GO:0034446,substrate adhesion-dependent cell spreading,0.008255132839001568,True,"""The morphogenetic process that results in flattening of a cell as a consequence of its adhesion to a substrate."" [GOC:mah, GOC:pf, PMID:17050732]",100,575,13,20972,0.022608695652173914,0.13,query_1,['GO:0031589']
GO:BP,GO:0009743,response to carbohydrate,0.008277246064639362,True,"""Any process that results in a change in state or activity of a cell or an organism (in terms of movement, secretion, enzyme production, gene expression, etc.) as a result of a carbohydrate stimulus."" [GOC:jl]",222,575,20,20972,0.034782608695652174,0.09009009009009009,query_1,['GO:1901700']
TF,TF:M09724_1,Factor: DATF1; motif: SNGGRRGCWGNGGG; match class: 1,0.00830111891172405,True,Factor: DATF1; motif: SNGGRRGCWGNGGG; match class: 1,2921,579,125,20093,0.2158894645941278,0.04279356384799726,query_1,['TF:M09724']
GO:BP,GO:0050927,positive regulation of positive chemotaxis,0.008362816556698115,True,"""Any process that activates or increases the frequency, rate or extent of the directed movement of a motile cell or organism towards a higher concentration in a concentration gradient of a specific chemical."" [GOC:ai]",25,575,7,20972,0.01217391304347826,0.28,query_1,"['GO:0050918', 'GO:0050921', 'GO:0050926']"
GO:BP,GO:0090023,positive regulation of neutrophil chemotaxis,0.008362816556698115,True,"""Any process that increases the frequency, rate, or extent of neutrophil chemotaxis. Neutrophil chemotaxis is the directed movement of a neutrophil cell, the most numerous polymorphonuclear leukocyte found in the blood, in response to an external stimulus, usually an infection or wounding."" [GOC:dph, GOC:tb]",25,575,7,20972,0.01217391304347826,0.28,query_1,"['GO:0030593', 'GO:0071624', 'GO:0090022', 'GO:1902624']"
HPA,HPA:0471462,Skin 2; langerhans cells[≥Medium],0.0083758048297356,True,Skin 2; langerhans cells[≥Medium],661,397,45,11007,0.11335012594458438,0.0680786686838124,query_1,['HPA:0471461']
GO:BP,GO:0072132,mesenchyme morphogenesis,0.008439526423036104,True,"""The process in which the anatomical structures of a mesenchymal tissue are generated and organized. A mesenchymal tissue is made up of loosely packed stellate cells."" [GOC:mtg_kidney_jan10]",58,575,10,20972,0.017391304347826087,0.1724137931034483,query_1,"['GO:0009887', 'GO:0048729', 'GO:0060485']"
HPA,HPA:0310441,Lymph node; non-germinal center cells[≥Low],0.008445293732668602,True,Lymph node; non-germinal center cells[≥Low],6060,397,258,11007,0.6498740554156172,0.04257425742574258,query_1,['HPA:0310000']
WP,WP:WP3941,Oxidative damage response,0.008447357359449443,True,Oxidative damage response,40,475,10,8899,0.021052631578947368,0.25,query_1,['WP:000000']
HP,HP:0100326,Immunologic hypersensitivity,0.008543573413756396,True,Immunological states where the immune system produces harmful responses upon reexposure to sensitizing antigens.,254,241,29,5200,0.12033195020746888,0.1141732283464567,query_1,['HP:0010978']
GO:BP,GO:0017157,regulation of exocytosis,0.008618371391751945,True,"""Any process that modulates the frequency, rate or extent of exocytosis."" [GOC:go_curators]",185,575,18,20972,0.03130434782608696,0.0972972972972973,query_1,"['GO:0006887', 'GO:0060627', 'GO:1903530']"
HPA,HPA:0310000,Lymph node,0.008645779773695898,True,Lymph node,6524,397,274,11007,0.690176322418136,0.04199877375843041,query_1,['HPA:0000000']
GO:BP,GO:2001239,regulation of extrinsic apoptotic signaling pathway in absence of ligand,0.008725347859858238,True,"""Any process that modulates the frequency, rate or extent of extrinsic apoptotic signaling pathway in absence of ligand."" [GOC:mtg_apoptosis]",46,575,9,20972,0.01565217391304348,0.1956521739130435,query_1,"['GO:0097192', 'GO:2001236']"
GO:BP,GO:0043009,chordate embryonic development,0.00880630774284438,True,"""The process whose specific outcome is the progression of the embryo over time, from zygote formation through a stage including a notochord and neural tube until birth or egg hatching."" [GOC:mtg_sensu]",669,575,40,20972,0.06956521739130435,0.059790732436472344,query_1,['GO:0009792']
HP,HP:0012091,Abnormality of pancreas physiology,0.008852121209660151,True,An anomaly of the function of the pancreas.,188,241,24,5200,0.0995850622406639,0.1276595744680851,query_1,['HP:0001732']
GO:BP,GO:1904707,positive regulation of vascular associated smooth muscle cell proliferation,0.008866033789274393,True,"""Any process that activates or increases the frequency, rate or extent of vascular smooth muscle cell proliferation."" [GO_REF:0000058, GOC:TermGenie, PMID:23246467]",35,575,8,20972,0.01391304347826087,0.22857142857142856,query_1,"['GO:0048661', 'GO:1904705', 'GO:1990874']"
GO:BP,GO:0032743,positive regulation of interleukin-2 production,0.008866033789274393,True,"""Any process that activates or increases the frequency, rate, or extent of interleukin-2 production."" [GOC:mah]",35,575,8,20972,0.01391304347826087,0.22857142857142856,query_1,"['GO:0001819', 'GO:0032623', 'GO:0032663']"
GO:BP,GO:0030224,monocyte differentiation,0.008866033789274393,True,"""The process in which a relatively unspecialized myeloid precursor cell acquires the specialized features of a monocyte."" [GOC:mah]",35,575,8,20972,0.01391304347826087,0.22857142857142856,query_1,"['GO:0002573', 'GO:1903131']"
HP,HP:0001289,Confusion,0.008886770748681078,True,"Lack of clarity and coherence of thought, perception, understanding, or action.",73,241,14,5200,0.058091286307053944,0.1917808219178082,query_1,['HP:0100543']
TF,TF:M09915,Factor: PEA3; motif: NNCAGGAARNN,0.008924941762158576,True,Factor: PEA3; motif: NNCAGGAARNN,12897,579,423,20093,0.7305699481865285,0.03279832519190509,query_1,['TF:M00000']
GO:CC,GO:0150053,cerebellar climbing fiber to Purkinje cell synapse,0.009231437496305374,True,"""A synapse of a climbing fiber onto the dendrites of a Purkinje cell in cerebellum. The climbing fiber originates from the inferior olivary nucleus of the medulla oblongata."" [GOC:aruk, GOC:bc, PMID:19597563, PMID:23811844, PMID:5044254]",8,579,4,22155,0.0069084628670120895,0.5,query_1,['GO:0098985']
GO:BP,GO:0034109,homotypic cell-cell adhesion,0.009240918056881198,True,"""The attachment of a cell to a second cell of the identical type via adhesion molecules."" [GOC:add]",101,575,13,20972,0.022608695652173914,0.12871287128712872,query_1,['GO:0098609']
HP,HP:0012378,Fatigue,0.009395315121677576,True,A subjective feeling of tiredness characterized by a lack of energy and motivation.,509,241,46,5200,0.1908713692946058,0.09037328094302555,query_1,['HP:0025142']
GO:BP,GO:0002921,negative regulation of humoral immune response,0.009424637119200446,True,"""Any process that stops, prevents, or reduces the frequency, rate, or extent of a humoral immune response."" [GOC:add]",17,575,6,20972,0.010434782608695653,0.35294117647058826,query_1,"['GO:0002920', 'GO:0006959', 'GO:0050777']"
GO:BP,GO:1900221,regulation of amyloid-beta clearance,0.009424637119200446,True,"""Any process that modulates the frequency, rate or extent of amyloid-beta clearance."" [GOC:BHF, GOC:TermGenie]",17,575,6,20972,0.010434782608695653,0.35294117647058826,query_1,"['GO:0051239', 'GO:0097242']"
GO:BP,GO:0050772,positive regulation of axonogenesis,0.009463563194652361,True,"""Any process that activates or increases the frequency, rate or extent of axonogenesis."" [GOC:ai]",72,575,11,20972,0.019130434782608695,0.1527777777777778,query_1,"['GO:0007409', 'GO:0031346', 'GO:0050769', 'GO:0050770']"
HP,HP:0004796,Gastrointestinal obstruction,0.009492449736254812,True,Gastrointestinal obstruction,94,241,16,5200,0.06639004149377593,0.1702127659574468,query_1,['HP:0012719']
GO:BP,GO:0014910,regulation of smooth muscle cell migration,0.009915092923539155,True,"""Any process that modulates the frequency, rate or extent of smooth muscle cell migration."" [CL:0000192, GOC:mtg_muscle]",59,575,10,20972,0.017391304347826087,0.1694915254237288,query_1,"['GO:0014909', 'GO:0030334']"
HP,HP:0032235,Anti-La/SS-B antibody positivity,0.009945576225689309,True,The presence of autoantibodies in the blood circulation that react against La/SSB autoantigens.,30,241,9,5200,0.03734439834024896,0.3,query_1,['HP:0033476']
HP,HP:0011895,Anemia due to reduced life span of red cells,0.009972830616069453,True,"A type of anemia related to a reduction in the average life span of red blood cells in the peripheral circulation, which is normally around 120 days.",164,241,22,5200,0.0912863070539419,0.13414634146341464,query_1,['HP:0001903']
GO:BP,GO:0002753,cytoplasmic pattern recognition receptor signaling pathway,0.010036874827018125,True,"""The series of molecular signals initiated by the binding of a ligand from another organism to a cytoplasmic pattern recognition receptor (PRR). PRRs bind pathogen-associated molecular pattern (PAMPs), structures conserved among microbial species."" [GOC:add, GOC:ar, ISBN:0781735149, PMID:15199967, PMID:17328678, PMID:18272355, PMID:19531363, PMID:21187438]",187,575,18,20972,0.03130434782608696,0.0962566844919786,query_1,"['GO:0002221', 'GO:0030522']"
GO:BP,GO:0055074,calcium ion homeostasis,0.010154551605584495,True,"""Any process involved in the maintenance of an internal steady state of calcium ions within an organism or cell."" [GOC:ceb, GOC:jid, GOC:mah]",225,575,20,20972,0.034782608695652174,0.08888888888888889,query_1,"['GO:0055080', 'GO:0098771']"
GO:BP,GO:1905475,regulation of protein localization to membrane,0.010197509788417729,True,"""Any process that modulates the frequency, rate or extent of protein localization to membrane."" [GO_REF:0000058, GOC:bc, GOC:PARL, GOC:TermGenie, PMID:26911690]",169,575,17,20972,0.029565217391304348,0.10059171597633136,query_1,"['GO:0032880', 'GO:0060341', 'GO:0072657']"
GO:BP,GO:0032963,collagen metabolic process,0.010329494545725574,True,"""The chemical reactions and pathways involving collagen, any of a group of fibrous proteins of very high tensile strength that form the main component of connective tissue in animals. Collagen is highly enriched in glycine (some regions are 33% glycine) and proline, occurring predominantly as 3-hydroxyproline (about 20%)."" [GOC:mah, ISBN:0198506732]",102,575,13,20972,0.022608695652173914,0.12745098039215685,query_1,['GO:0008152']
GO:CC,GO:0036477,somatodendritic compartment,0.01045105770975896,True,"""The region of a neuron that includes the cell body (cell soma) and dendrite(s), but excludes the axon."" [GOC:pad, GOC:PARL]",826,579,42,22155,0.07253886010362694,0.05084745762711865,query_1,['GO:0110165']
GO:MF,GO:0033691,sialic acid binding,0.010732573718814373,True,"""Binding to a sialic acid, a N- or O- substituted derivative of neuraminic acid, a nine carbon monosaccharide. Sialic acids often occur in polysaccharides, glycoproteins, and glycolipids in animals and bacteria."" [GOC:add, ISBN:9780721601465]",21,573,6,20208,0.010471204188481676,0.2857142857142857,query_1,"['GO:0031406', 'GO:0097367']"
GO:CC,GO:0045177,apical part of cell,0.010767993010577702,True,"""The region of a polarized cell that forms a tip or is distal to a base. For example, in a polarized epithelial cell, the apical region has an exposed surface and lies opposite to the basal lamina that separates the epithelium from other tissue."" [GOC:mah, ISBN:0815316194]",510,579,30,22155,0.05181347150259067,0.058823529411764705,query_1,['GO:0110165']
GO:BP,GO:0072073,kidney epithelium development,0.01081444278253477,True,"""The process whose specific outcome is the progression of an epithelium in the kidney over time, from its formation to the mature structure. An epithelium is a tissue that covers the internal or external surfaces of an anatomical structure."" [GOC:mtg_kidney_jan10]",152,575,16,20972,0.02782608695652174,0.10526315789473684,query_1,"['GO:0001822', 'GO:0060429']"
WP,WP:WP455,GPCRs class A rhodopsin like,0.011064421864655283,True,GPCRs class A rhodopsin like,258,475,30,8899,0.06315789473684211,0.11627906976744186,query_1,['WP:000000']
WP,WP:WP4146,Macrophage markers,0.011120750618206466,True,Macrophage markers,9,475,5,8899,0.010526315789473684,0.5555555555555556,query_1,['WP:000000']
GO:BP,GO:0001569,branching involved in blood vessel morphogenesis,0.011127224773386001,True,"""The process of coordinated growth and sprouting of blood vessels giving rise to the organized vascular system."" [GOC:dph]",36,575,8,20972,0.01391304347826087,0.2222222222222222,query_1,"['GO:0001525', 'GO:0048754']"
GO:BP,GO:0043537,negative regulation of blood vessel endothelial cell migration,0.011127224773386001,True,"""Any process that stops, prevents, or reduces the frequency, rate or extent of the migration of the endothelial cells of blood vessels."" [GOC:go_curators]",36,575,8,20972,0.01391304347826087,0.2222222222222222,query_1,"['GO:0010596', 'GO:0043534', 'GO:0043535']"
KEGG,KEGG:05418,Fluid shear stress and atherosclerosis,0.011156719218808961,True,Fluid shear stress and atherosclerosis,141,482,20,8716,0.04149377593360996,0.14184397163120568,query_1,['KEGG:00000']
GO:BP,GO:0001783,B cell apoptotic process,0.011174311564281423,True,"""Any apoptotic process in a B cell, a lymphocyte of B lineage with the phenotype CD19-positive and capable of B cell mediated immunity."" [CL:0000236, GOC:add, GOC:mtg_apoptosis, ISBN:0781735149]",26,575,7,20972,0.01217391304347826,0.2692307692307692,query_1,['GO:0070227']
GO:BP,GO:0010875,positive regulation of cholesterol efflux,0.011174311564281423,True,"""Any process that increases the frequency, rate or extent of cholesterol efflux. Cholesterol efflux is the directed movement of cholesterol, cholest-5-en-3-beta-ol, out of a cell or organelle."" [GOC:BHF, GOC:dph, GOC:tb]",26,575,7,20972,0.01217391304347826,0.2692307692307692,query_1,"['GO:0010874', 'GO:0032376', 'GO:0033344']"
GO:BP,GO:0035313,"wound healing, spreading of epidermal cells",0.011174311564281423,True,"""The migration of an epidermal cell along or through a wound gap that contributes to the reestablishment of a continuous epidermis."" [GOC:bf, PMID:15269788]",26,575,7,20972,0.01217391304347826,0.2692307692307692,query_1,['GO:0044319']
GO:BP,GO:0050857,positive regulation of antigen receptor-mediated signaling pathway,0.011174311564281423,True,"""Any process that activates or increases the frequency, rate or extent of signaling pathways initiated by the cross-linking of an antigen receptor on a B- or T cell."" [GOC:ai]",26,575,7,20972,0.01217391304347826,0.2692307692307692,query_1,"['GO:0009967', 'GO:0050778', 'GO:0050851', 'GO:0050854']"
GO:BP,GO:0031639,plasminogen activation,0.011174311564281423,True,"""The process in which inactive plasminogen is processed to active plasmin. This process includes cleavage at an internal Arg-Val site to form an N-terminal A-chain and C-terminal B-chain held together by a disulfide bond, and can include further proteolytic cleavage events to remove the preactivation peptide."" [PMID:9548733]",26,575,7,20972,0.01217391304347826,0.2692307692307692,query_1,['GO:0031638']
WP,WP:WP3888,VEGFA VEGFR2 signaling,0.011209586943473076,True,VEGFA VEGFR2 signaling,430,475,43,8899,0.09052631578947369,0.1,query_1,['WP:000000']
GO:BP,GO:0051146,striated muscle cell differentiation,0.011475659759522208,True,"""The process in which a relatively unspecialized cell acquires specialized features of a striated muscle cell; striated muscle fibers are divided by transverse bands into striations, and cardiac and voluntary muscle are types of striated muscle."" [CL:0000737, GOC:ai]",287,575,23,20972,0.04,0.08013937282229965,query_1,['GO:0042692']
HPA,HPA:0641511,Endometrium; nonciliated glandular epithelial cells[≥Low],0.011518050526946613,True,Endometrium; nonciliated glandular epithelial cells[≥Low],58,397,10,11007,0.02518891687657431,0.1724137931034483,query_1,['HPA:0640000']
GO:BP,GO:0030301,cholesterol transport,0.011529992206491176,True,"""The directed movement of cholesterol, cholest-5-en-3-beta-ol, into, out of or within a cell, or between cells, by means of some agent such as a transporter or pore."" [GOC:mah, ISBN:0198506732]",103,575,13,20972,0.022608695652173914,0.1262135922330097,query_1,['GO:0015918']
GO:BP,GO:0008347,glial cell migration,0.011609220788486224,True,"""The orderly movement of a glial cell, non-neuronal cells that provide support and nutrition, maintain homeostasis, form myelin, and participate in signal transmission in the nervous system."" [GOC:jl, GOC:mtg_sensu]",60,575,10,20972,0.017391304347826087,0.16666666666666666,query_1,"['GO:0016477', 'GO:0042063']"
GO:MF,GO:0046977,TAP binding,0.01175122096221648,True,"""Binding to TAP protein, transporter associated with antigen processing protein. TAP protein is a heterodimeric peptide transporter consisting of the subunits TAP1 and TAP2."" [PMID:11133832]",7,573,4,20208,0.006980802792321117,0.5714285714285714,query_1,['GO:0005515']
GO:MF,GO:0023024,MHC class I protein complex binding,0.01175122096221648,True,"""Binding to a class I major histocompatibility complex."" [GOC:mtg_signal, GOC:vw]",7,573,4,20208,0.006980802792321117,0.5714285714285714,query_1,['GO:0023023']
GO:MF,GO:1990405,protein antigen binding,0.01175122096221648,True,"""Binding to a protein antigen."" [PMID:9360996]",7,573,4,20208,0.006980802792321117,0.5714285714285714,query_1,"['GO:0003823', 'GO:0005515']"
GO:BP,GO:0003205,cardiac chamber development,0.011961549422440777,True,"""The progression of a cardiac chamber over time, from its formation to the mature structure. A cardiac chamber is an enclosed cavity within the heart."" [GOC:mtg_heart]",171,575,17,20972,0.029565217391304348,0.09941520467836257,query_1,"['GO:0007507', 'GO:0048856']"
HPA,HPA:0030431,Appendix; germinal center cells[≥Low],0.012132571399018455,True,Appendix; germinal center cells[≥Low],286,397,25,11007,0.06297229219143577,0.08741258741258741,query_1,['HPA:0030000']
HP,HP:0002841,Recurrent fungal infections,0.0121597139223367,True,"Increased susceptibility to fungal infections, as manifested by multiple episodes of fungal infection.",118,241,18,5200,0.07468879668049792,0.15254237288135594,query_1,"['HP:0002719', 'HP:0020100']"
REAC,REAC:R-HSA-3560801,Defective B3GAT3 causes JDSSDHD,0.012193078126918905,True,Defective B3GAT3 causes JDSSDHD,20,520,7,11056,0.013461538461538462,0.35,query_1,['REAC:R-HSA-3560782']
REAC,REAC:R-HSA-3560783,"Defective B4GALT7 causes EDS, progeroid type",0.012193078126918905,True,"Defective B4GALT7 causes EDS, progeroid type",20,520,7,11056,0.013461538461538462,0.35,query_1,['REAC:R-HSA-3560782']
REAC,REAC:R-HSA-4420332,Defective B3GALT6 causes EDSP2 and SEMDJL1,0.012193078126918905,True,Defective B3GALT6 causes EDSP2 and SEMDJL1,20,520,7,11056,0.013461538461538462,0.35,query_1,['REAC:R-HSA-3560782']
KEGG,KEGG:04936,Alcoholic liver disease,0.01233328962339071,True,Alcoholic liver disease,142,482,20,8716,0.04149377593360996,0.14084507042253522,query_1,['KEGG:00000']
HPA,HPA:0381222,Placenta; syncytiotrophoblasts - microvilli[≥Medium],0.012352952936241396,True,Placenta; syncytiotrophoblasts - microvilli[≥Medium],304,397,26,11007,0.0654911838790932,0.08552631578947369,query_1,['HPA:0381221']
WP,WP:WP3611,Photodynamic therapy induced AP 1 survival signaling,0.012444471322677966,True,Photodynamic therapy induced AP 1 survival signaling,50,475,11,8899,0.023157894736842106,0.22,query_1,['WP:000000']
REAC,REAC:R-HSA-399955,SEMA3A-Plexin repulsion signaling by inhibiting Integrin adhesion,0.012559575124226173,True,SEMA3A-Plexin repulsion signaling by inhibiting Integrin adhesion,14,520,6,11056,0.011538461538461539,0.42857142857142855,query_1,['REAC:R-HSA-373755']
GO:BP,GO:0045622,regulation of T-helper cell differentiation,0.012650002177786347,True,"""Any process that modulates the frequency, rate or extent of T-helper cell differentiation."" [GOC:go_curators]",48,575,9,20972,0.01565217391304348,0.1875,query_1,"['GO:0042093', 'GO:0043370', 'GO:0050776']"
GO:BP,GO:0030857,negative regulation of epithelial cell differentiation,0.012650002177786347,True,"""Any process that stops, prevents, or reduces the frequency, rate or extent of epithelial cell differentiation."" [GOC:mah]",48,575,9,20972,0.01565217391304348,0.1875,query_1,"['GO:0030855', 'GO:0030856', 'GO:0045596']"
GO:BP,GO:0045747,positive regulation of Notch signaling pathway,0.012650002177786347,True,"""Any process that activates or increases the frequency, rate or extent of the Notch signaling pathway."" [GOC:go_curators]",48,575,9,20972,0.01565217391304348,0.1875,query_1,"['GO:0007219', 'GO:0008593', 'GO:0009967']"
GO:BP,GO:0048839,inner ear development,0.012679239421376066,True,"""The process whose specific outcome is the progression of the inner ear over time, from its formation to the mature structure."" [GOC:sr]",209,575,19,20972,0.03304347826086956,0.09090909090909091,query_1,"['GO:0043583', 'GO:0048856']"
GO:MF,GO:0004878,complement component C5a receptor activity,0.012742693389131435,True,"""Combining with the C5a product of the complement cascade and transmitting the signal from one side of the membrane to the other to initiate a change in cell activity."" [GOC:add, GOC:mah, GOC:pg, GOC:signaling, ISBN:0781735149]",3,573,3,20208,0.005235602094240838,1.0,query_1,"['GO:0001847', 'GO:0004875']"
GO:BP,GO:0048534,hematopoietic or lymphoid organ development,0.012852204772534107,True,"""The process whose specific outcome is the progression of any organ involved in hematopoiesis (also known as hemopoiesis) or lymphoid cell activation over time, from its formation to the mature structure. Such development includes differentiation of resident cell types (stromal cells) and of migratory cell types dependent on the unique microenvironment afforded by the organ for their proper differentiation."" [GOC:add, GOC:rl, ISBN:0781735149]",104,575,13,20972,0.022608695652173914,0.125,query_1,"['GO:0002520', 'GO:0048513']"
GO:CC,GO:0098685,Schaffer collateral - CA1 synapse,0.012984509976021836,True,"""A synapse between the Schaffer collateral axon of a CA3 pyramidal cell and a CA1 pyramidal cell."" [PMID:16399689]",96,579,11,22155,0.018998272884283247,0.11458333333333333,query_1,['GO:0045202']
WP,WP:WP4816,TGF beta receptor signaling in skeletal dysplasias,0.013026842455543045,True,TGF beta receptor signaling in skeletal dysplasias,59,475,12,8899,0.02526315789473684,0.2033898305084746,query_1,['WP:000000']
WP,WP:WP5353,Macrophage stimulating protein MSP signaling,0.013059802162279659,True,Macrophage stimulating protein MSP signaling,108,475,17,8899,0.035789473684210524,0.1574074074074074,query_1,['WP:000000']
HP,HP:0012190,T-cell lymphoma,0.013088162777123697,True,A type of lymphoma that originates in T-cells.,12,241,6,5200,0.024896265560165973,0.5,query_1,['HP:0012539']
GO:BP,GO:0046849,bone remodeling,0.013304924313388962,True,"""The continuous turnover of bone matrix and mineral that involves first, an increase in resorption (osteoclastic activity) and later, reactive bone formation (osteoblastic activity). The process of bone remodeling takes place in the adult skeleton at discrete foci. The process ensures the mechanical integrity of the skeleton throughout life and plays an important role in calcium homeostasis. An imbalance in the regulation of bone resorption and bone formation results in many of the metabolic bone diseases, such as osteoporosis."" [GOC:curators]",89,575,12,20972,0.020869565217391306,0.1348314606741573,query_1,['GO:0048771']
REAC,REAC:R-HSA-447041,CHL1 interactions,0.01335513583244447,True,CHL1 interactions,9,520,5,11056,0.009615384615384616,0.5555555555555556,query_1,['REAC:R-HSA-373760']
HPA,HPA:0641521,Endometrium; nonciliated luminal epithelial cells[≥Low],0.013429831341655145,True,Endometrium; nonciliated luminal epithelial cells[≥Low],59,397,10,11007,0.02518891687657431,0.1694915254237288,query_1,['HPA:0640000']
GO:BP,GO:0000768,syncytium formation by plasma membrane fusion,0.013548463084948666,True,"""The formation of a syncytium, a mass of cytoplasm containing several nuclei enclosed within a single plasma membrane, by the fusion of the plasma membranes of two or more individual cells."" [GOC:mtg_muscle, GOC:tb]",61,575,10,20972,0.017391304347826087,0.16393442622950818,query_1,"['GO:0006949', 'GO:0140253']"
GO:BP,GO:0140253,cell-cell fusion,0.013548463084948666,True,"""A cellular process in which two or more cells combine together, their plasma membrane fusing, producing a single cell. In some cases, nuclei fuse, producing a polyploid cell, while in other cases, nuclei remain separate, producing a syncytium."" [Wikipedia:Cell_fusion]",61,575,10,20972,0.017391304347826087,0.16393442622950818,query_1,['GO:0009987']
GO:CC,GO:0005901,caveola,0.013600958617998307,True,"""A membrane raft that forms small pit, depression, or invagination that communicates with the outside of a cell and extends inward, indenting the cytoplasm and the cell membrane. Examples include flask-shaped invaginations of the plasma membrane in adipocytes associated with caveolin proteins, and minute pits or incuppings of the cell membrane formed during pinocytosis. Caveolae may be pinched off to form free vesicles within the cytoplasm."" [GOC:mah, ISBN:0721662544, PMID:16645198]",80,579,10,22155,0.017271157167530225,0.125,query_1,['GO:0044853']
KEGG,KEGG:05143,African trypanosomiasis,0.013741093085448965,True,African trypanosomiasis,36,482,9,8716,0.01867219917012448,0.25,query_1,['KEGG:00000']
GO:BP,GO:0002830,positive regulation of type 2 immune response,0.013809786020780514,True,"""Any process that activates or increases the frequency, rate, or extent of a type 2 immune response."" [GOC:add]",18,575,6,20972,0.010434782608695653,0.3333333333333333,query_1,"['GO:0002828', 'GO:0042092', 'GO:0050778']"
GO:BP,GO:0010544,negative regulation of platelet activation,0.013809786020780514,True,"""Any process that decreases the rate or frequency of platelet activation. Platelet activation is a series of progressive, overlapping events triggered by exposure of the platelets to subendothelial tissue."" [GOC:BHF, GOC:dph, GOC:tb]",18,575,6,20972,0.010434782608695653,0.3333333333333333,query_1,"['GO:0010543', 'GO:0030168', 'GO:0030195', 'GO:0050866']"
GO:BP,GO:0002827,positive regulation of T-helper 1 type immune response,0.013809786020780514,True,"""Any process that activates or increases the frequency, rate, or extent of a T-helper 1 type immune response."" [GOC:add]",18,575,6,20972,0.010434782608695653,0.3333333333333333,query_1,"['GO:0002824', 'GO:0002825', 'GO:0042088']"
HP,HP:0001697,Abnormal pericardium morphology,0.013863808378564968,True,"An abnormality of the pericardium, i.e., of the fluid filled sac that surrounds the heart and the proximal ends of the aorta, vena cava, and the pulmonary artery.",86,241,15,5200,0.06224066390041494,0.1744186046511628,query_1,['HP:0001627']
HPA,HPA:0471473,Skin 2; lymphocytes[High],0.013887578823777655,True,Skin 2; lymphocytes[High],455,397,34,11007,0.08564231738035265,0.07472527472527472,query_1,['HPA:0471472']
GO:BP,GO:0055080,monoatomic cation homeostasis,0.014082799037423223,True,"""Any process involved in the maintenance of an internal steady state of monoatomic cations within an organism or cell. Monatomic cations (also called simple cations) are cations consisting of exactly one atom."" [GOC:ceb, GOC:jid, GOC:mah]",513,575,33,20972,0.057391304347826085,0.06432748538011696,query_1,['GO:0050801']
GO:BP,GO:0071214,cellular response to abiotic stimulus,0.014243977490818037,True,"""Any process that results in a change in state or activity of a cell (in terms of movement, secretion, enzyme production, gene expression, etc.) as a result of an abiotic (non-living) stimulus."" [GOC:mah]",333,575,25,20972,0.043478260869565216,0.07507507507507508,query_1,"['GO:0009628', 'GO:0104004']"
GO:BP,GO:0104004,cellular response to environmental stimulus,0.014243977490818037,True,"""Any process that results in a change in state or activity of a cell (in terms of movement, secretion, enzyme production, gene expression, etc.) as a result of an environmental stimulus."" [GOC:dos]",333,575,25,20972,0.043478260869565216,0.07507507507507508,query_1,['GO:0051716']
HP,HP:0001872,Abnormality of thrombocytes,0.014349606591222683,True,An abnormality of platelets.,501,241,45,5200,0.18672199170124482,0.08982035928143713,query_1,['HP:0001871']
HPA,HPA:0641471,Endometrium; lymphocytes[≥Low],0.014444009372300318,True,Endometrium; lymphocytes[≥Low],28,397,7,11007,0.017632241813602016,0.25,query_1,['HPA:0640000']
GO:BP,GO:0001764,neuron migration,0.014547477409919818,True,"""The characteristic movement of an immature neuron from germinal zones to specific positions where they will reside as they mature."" [CL:0000540, GOC:go_curators]",192,575,18,20972,0.03130434782608696,0.09375,query_1,"['GO:0016477', 'GO:0048699']"
GO:BP,GO:0034350,regulation of glial cell apoptotic process,0.014606623968736165,True,"""Any process that modulates the frequency, rate, or extent of glial cell apoptotic process."" [GOC:mah, GOC:mtg_apoptosis]",11,575,5,20972,0.008695652173913044,0.45454545454545453,query_1,"['GO:0034349', 'GO:0042981']"
GO:BP,GO:0034384,high-density lipoprotein particle clearance,0.014606623968736165,True,"""The process in which a high-density lipoprotein particle is removed from the blood via receptor-mediated endocytosis and its constituent parts degraded."" [GOC:BHF, GOC:mah]",11,575,5,20972,0.008695652173913044,0.45454545454545453,query_1,['GO:0034381']
GO:BP,GO:2000508,regulation of dendritic cell chemotaxis,0.014606623968736165,True,"""Any process that modulates the frequency, rate or extent of dendritic cell chemotaxis."" [GOC:obol]",11,575,5,20972,0.008695652173913044,0.45454545454545453,query_1,"['GO:0002407', 'GO:0002688', 'GO:0071675']"
GO:BP,GO:0036462,TRAIL-activated apoptotic signaling pathway,0.014606623968736165,True,"""An extrinsic apoptotic signaling pathway initiated by the binding of the ligand TRAIL (tumor necrosis factor-related apoptosis-inducing ligand) to a death receptor on the cell surface."" [GOC:bf, GOC:PARL, PMID:21785459]",11,575,5,20972,0.008695652173913044,0.45454545454545453,query_1,['GO:0008625']
GO:BP,GO:0060352,cell adhesion molecule production,0.014606623968736165,True,"""The appearance of a cell adhesion molecule due to biosynthesis or secretion."" [GOC:BHF, GOC:rl]",11,575,5,20972,0.008695652173913044,0.45454545454545453,query_1,['GO:0009987']
GO:BP,GO:0071624,positive regulation of granulocyte chemotaxis,0.014730142694038498,True,"""Any process that increases the rate, frequency or extent of granulocyte chemotaxis. Granulocyte chemotaxis is the movement of a granulocyte in response to an external stimulus."" [GOC:mah]",27,575,7,20972,0.01217391304347826,0.25925925925925924,query_1,"['GO:0002690', 'GO:0071621', 'GO:0071622']"
GO:BP,GO:0043254,regulation of protein-containing complex assembly,0.014849646124369604,True,"""Any process that modulates the frequency, rate or extent of protein complex assembly."" [GOC:jl]",422,575,29,20972,0.050434782608695654,0.06872037914691943,query_1,"['GO:0044087', 'GO:0051128', 'GO:0065003']"
HPA,HPA:0381221,Placenta; syncytiotrophoblasts - microvilli[≥Low],0.014893910927494558,True,Placenta; syncytiotrophoblasts - microvilli[≥Low],362,397,29,11007,0.07304785894206549,0.08011049723756906,query_1,['HPA:0380000']
WP,WP:WP5130,Th17 cell differentiation pathway,0.014904994612350656,True,Th17 cell differentiation pathway,69,475,13,8899,0.02736842105263158,0.18840579710144928,query_1,['WP:000000']
GO:BP,GO:0098771,inorganic ion homeostasis,0.015034097162832164,True,"""Any process involved in the maintenance of an internal steady state of inorganic ions within an organism or cell."" [GOC:dos]",445,575,30,20972,0.05217391304347826,0.06741573033707865,query_1,['GO:0048878']
GO:BP,GO:1905314,semi-lunar valve development,0.015123043409758095,True,"""The process whose specific outcome is the progression of a semi-lunar valve over time, from its formation to the mature structure."" [GO_REF:0000094, GOC:BHF, GOC:rl, GOC:TermGenie, PMID:19409885]",49,575,9,20972,0.01565217391304348,0.1836734693877551,query_1,['GO:0003170']
GO:BP,GO:0048639,positive regulation of developmental growth,0.015141035107105572,True,"""Any process that activates, maintains or increases the rate of developmental growth."" [GOC:go_curators]",156,575,16,20972,0.02782608695652174,0.10256410256410256,query_1,"['GO:0045927', 'GO:0048589', 'GO:0048638', 'GO:0051094']"
WP,WP:WP3929,Chemokine signaling,0.01539064994291384,True,Chemokine signaling,165,475,22,8899,0.04631578947368421,0.13333333333333333,query_1,['WP:000000']
GO:BP,GO:0014015,positive regulation of gliogenesis,0.015761877858911325,True,"""Any process that activates or increases the frequency, rate or extent of gliogenesis, the formation of mature glia."" [GOC:ef]",62,575,10,20972,0.017391304347826087,0.16129032258064516,query_1,"['GO:0014013', 'GO:0042063', 'GO:0050769']"
HP,HP:0031690,Opportunistic infection,0.015820464395844756,True,"An infection that is caused by a pathogen that would generally not be able to cause an infection in a host with a normal immune system. Such pathogens take advantage of the opportunity, so to speak, that is provided by a weakened immune system.",57,241,12,5200,0.04979253112033195,0.21052631578947367,query_1,['HP:0032101']
GO:BP,GO:0007420,brain development,0.01597137602648091,True,"""The process whose specific outcome is the progression of the brain over time, from its formation to the mature structure. Brain development begins with patterning events in the neural tube and ends with the mature structure that is the center of thought and emotion. The brain is responsible for the coordination and control of bodily activities and the interpretation of information from the senses (sight, hearing, smell, etc.)."" [GOC:dph, GOC:jid, GOC:tb, UBERON:0000955]",736,575,42,20972,0.07304347826086957,0.057065217391304345,query_1,"['GO:0007417', 'GO:0048513', 'GO:0060322']"
HP,HP:0000488,Retinopathy,0.01602950261435433,True,"Any noninflammatory disease of the retina. This nonspecific term is retained here because of its wide use in the literature, but if possible new annotations should indicate the precise type of retinal abnormality.",144,241,20,5200,0.08298755186721991,0.1388888888888889,query_1,['HP:0000479']
HP,HP:0011840,Abnormal T cell physiology,0.016068580634894167,True,A functional anomaly of T cells.,87,241,15,5200,0.06224066390041494,0.1724137931034483,query_1,['HP:0031409']
GO:BP,GO:0019216,regulation of lipid metabolic process,0.016117870173174932,True,"""Any process that modulates the frequency, rate or extent of the chemical reactions and pathways involving lipids."" [GOC:go_curators]",314,575,24,20972,0.04173913043478261,0.07643312101910828,query_1,"['GO:0006629', 'GO:0080090']"
GO:BP,GO:0032869,cellular response to insulin stimulus,0.016183527029769884,True,"""Any process that results in a change in state or activity of a cell (in terms of movement, secretion, enzyme production, gene expression, etc.) as a result of an insulin stimulus. Insulin is a polypeptide hormone produced by the islets of Langerhans of the pancreas in mammals, and by the homologous organs of other organisms."" [GOC:mah, ISBN:0198506732]",252,575,21,20972,0.036521739130434785,0.08333333333333333,query_1,"['GO:0032868', 'GO:0071375']"
GO:CC,GO:0031264,death-inducing signaling complex,0.016272694789718347,True,"""A protein complex formed by the association of signaling proteins with a death receptor upon ligand binding. The complex includes procaspases and death domain-containing proteins in addition to the ligand-bound receptor, and may control the activation of caspases 8 and 10."" [GOC:mtg_apoptosis, PMID:12628743, PMID:12655293, PMID:8521815]",9,579,4,22155,0.0069084628670120895,0.4444444444444444,query_1,['GO:0098797']
HP,HP:0002027,Abdominal pain,0.0163268135912433,True,"An unpleasant sensation characterized by physical discomfort (such as pricking, throbbing, or aching) and perceived to originate in the abdomen.",349,241,35,5200,0.14522821576763487,0.10028653295128939,query_1,"['HP:0011458', 'HP:0012531']"
GO:MF,GO:0098821,BMP receptor activity,0.016383075700461467,True,"""Combining with a member of the bone morphogenetic protein (BMP) family, and transmitting a signal across the plasma membrane to initiate a change in cell activity."" [GOC:BHF, GOC:dos]",14,573,5,20208,0.008726003490401396,0.35714285714285715,query_1,['GO:0004675']
GO:MF,GO:0032393,MHC class I receptor activity,0.016383075700461467,True,"""Combining with an MHC class I protein complex to initiate a change in cellular activity. Class I here refers to classical class I molecules."" [GOC:add, ISBN:0781735149]",14,573,5,20208,0.008726003490401396,0.35714285714285715,query_1,"['GO:0004888', 'GO:0140375']"
GO:BP,GO:0009792,embryo development ending in birth or egg hatching,0.016582826614114622,True,"""The process whose specific outcome is the progression of an embryo over time, from zygote formation until the end of the embryonic life stage. The end of the embryonic life stage is organism-specific and may be somewhat arbitrary; for mammals it is usually considered to be birth, for insects the hatching of the first instar larva from the eggshell."" [GOC:go_curators, GOC:isa_complete, GOC:mtg_sensu]",687,575,40,20972,0.06956521739130435,0.05822416302765648,query_1,['GO:0009790']
HP,HP:0410299,Decreased specific antibody response to polysaccharide vaccine,0.016623784988380654,True,"A reduced ability to synthesize postvaccination antibodies against polysaccharides in vaccines, as measured by antibody titer determination following vaccination.",18,241,7,5200,0.029045643153526972,0.3888888888888889,query_1,['HP:0032140']
HP,HP:0002719,Recurrent infections,0.016637578186166836,True,Increased susceptibility to infections as manifested by repeated bouts of infection.,1074,241,78,5200,0.3236514522821577,0.07262569832402235,query_1,['HP:0032101']
GO:BP,GO:0030324,lung development,0.016812081349848247,True,"""The process whose specific outcome is the progression of the lung over time, from its formation to the mature structure. In all air-breathing vertebrates the lungs are developed from the ventral wall of the oesophagus as a pouch which divides into two sacs. In amphibians and many reptiles the lungs retain very nearly this primitive sac-like character, but in the higher forms the connection with the esophagus becomes elongated into the windpipe and the inner walls of the sacs become more and more divided, until, in the mammals, the air spaces become minutely divided into tubes ending in small air cells, in the walls of which the blood circulates in a fine network of capillaries. In mammals the lungs are more or less divided into lobes, and each lung occupies a separate cavity in the thorax."" [GOC:jid, UBERON:0002048]",194,575,18,20972,0.03130434782608696,0.09278350515463918,query_1,"['GO:0030323', 'GO:0048513', 'GO:0060541']"
GO:BP,GO:0045730,respiratory burst,0.01713517875148838,True,"""A phase of elevated metabolic activity, during which oxygen consumption increases; this leads to the production, by an NADH dependent system, of hydrogen peroxide (H2O2), superoxide anions and hydroxyl radicals."" [ISBN:0198506732]",38,575,8,20972,0.01391304347826087,0.21052631578947367,query_1,['GO:0008152']
GO:BP,GO:0070229,negative regulation of lymphocyte apoptotic process,0.01713517875148838,True,"""Any process that stops, prevents, or reduces the frequency, rate or extent of lymphocyte death by apoptotic process."" [GOC:add, GOC:mtg_apoptosis, ISBN:0781765196]",38,575,8,20972,0.01391304347826087,0.21052631578947367,query_1,"['GO:0070227', 'GO:0070228', 'GO:2000107']"
GO:MF,GO:0019900,kinase binding,0.017146808727768945,True,"""Binding to a kinase, any enzyme that catalyzes the transfer of a phosphate group."" [GOC:jl]",759,573,42,20208,0.07329842931937172,0.05533596837944664,query_1,['GO:0019899']
GO:BP,GO:0099175,regulation of postsynapse organization,0.0172152030879414,True,"""Any process that modulates the physical form of a postsynapse."" [GOC:ai, GOC:dph, GOC:tb]",140,575,15,20972,0.02608695652173913,0.10714285714285714,query_1,"['GO:0050807', 'GO:0099173']"
REAC,REAC:R-HSA-164938,Nef-mediates down modulation of cell surface receptors by recruiting them to clathrin adapters,0.017552612091436593,True,Nef-mediates down modulation of cell surface receptors by recruiting them to clathrin adapters,21,520,7,11056,0.013461538461538462,0.3333333333333333,query_1,['REAC:R-HSA-164952']
GO:BP,GO:0048144,fibroblast proliferation,0.0176578055296467,True,"""The multiplication or reproduction of fibroblast cells, resulting in the expansion of the fibroblast population."" [GOC:jid]",107,575,13,20972,0.022608695652173914,0.12149532710280374,query_1,['GO:0008283']
HP,HP:0011893,Abnormal leukocyte count,0.01771884354952725,True,Number of leukocytes per volume of blood beyond normal limits.,505,241,45,5200,0.18672199170124482,0.0891089108910891,query_1,['HP:0001881']
GO:CC,GO:0140139,solid phase of basement membrane,0.01774221954530035,True,"""The solid compartment of the basement membrane ECM, including a specific subset of basement membrane collagens and basement membrane glycoproteins like laminins or nidogens."" [PMID:33972551]",17,579,5,22155,0.008635578583765112,0.29411764705882354,query_1,"['GO:0005604', 'GO:0030312']"
GO:CC,GO:0098637,protein complex involved in cell-matrix adhesion,0.01774221954530035,True,"""Any protein complex that is capable of carrying out some part of the process of cell-matrix adhesion."" [GOC:dos]",17,579,5,22155,0.008635578583765112,0.29411764705882354,query_1,['GO:0098636']
GO:BP,GO:0010605,negative regulation of macromolecule metabolic process,0.01787394606422064,True,"""Any process that decreases the frequency, rate or extent of the chemical reactions and pathways involving macromolecules, any molecule of high relative molecular mass, the structure of which essentially comprises the multiple repetition of units derived, actually or conceptually, from molecules of low relative molecular mass."" [GOC:dph, GOC:tb]",3080,575,123,20972,0.21391304347826087,0.039935064935064934,query_1,"['GO:0009892', 'GO:0043170', 'GO:0060255']"
HP,HP:0001626,Abnormality of the cardiovascular system,0.017923913112169575,True,Any abnormality of the cardiovascular system.,2908,241,167,5200,0.6929460580912863,0.05742778541953233,query_1,['HP:0000118']
HP,HP:0033040,Anti-Sm antibody positivity,0.017970134365411488,True,The presence of autoantibodies in the serum that react to seven proteins that consist of a core of small nuclear ribonucleoprotein (snRNP) particles.,32,241,9,5200,0.03734439834024896,0.28125,query_1,['HP:0033476']
HP,HP:0004420,Arterial thrombosis,0.017970134365411488,True,The formation of a blood clot inside an artery.,32,241,9,5200,0.03734439834024896,0.28125,query_1,['HP:0001977']
GO:BP,GO:0046850,regulation of bone remodeling,0.017998676034379525,True,"""Any process that modulates the frequency, rate or extent of bone remodeling, the processes of bone formation and resorption that combine to maintain skeletal integrity."" [GOC:ai]",50,575,9,20972,0.01565217391304348,0.18,query_1,"['GO:0034103', 'GO:0046849']"
WP,WP:WP61,Notch signaling,0.018265494231655636,True,Notch signaling,52,475,11,8899,0.023157894736842106,0.21153846153846154,query_1,['WP:000000']
WP,WP:WP1772,Apoptosis modulation and signaling,0.01828203166770656,True,Apoptosis modulation and signaling,90,475,15,8899,0.031578947368421054,0.16666666666666666,query_1,['WP:000000']
GO:BP,GO:0007610,behavior,0.01830137682361103,True,"""The internally coordinated responses (actions or inactions) of animals (individuals or groups) to internal or external stimuli, via a mechanism that involves nervous system activity."" [GOC:ems, GOC:jl, ISBN:0395448956, PMID:20160973]",665,575,39,20972,0.06782608695652174,0.058646616541353384,query_1,['GO:0032501']
WP,WP:WP5063,FOXP3 in COVID 19,0.018455481820187622,True,FOXP3 in COVID 19,15,475,6,8899,0.01263157894736842,0.4,query_1,['WP:000000']
WP,WP:WP5112,Familial hyperlipidemia type 5,0.018455481820187622,True,Familial hyperlipidemia type 5,15,475,6,8899,0.01263157894736842,0.4,query_1,['WP:000000']
WP,WP:WP5182,Pro survival signaling of neuroprotectin D1,0.018455481820187622,True,Pro survival signaling of neuroprotectin D1,15,475,6,8899,0.01263157894736842,0.4,query_1,['WP:000000']
HPA,HPA:0471461,Skin 2; langerhans cells[≥Low],0.018546569618586792,True,Skin 2; langerhans cells[≥Low],788,397,50,11007,0.12594458438287154,0.06345177664974619,query_1,['HPA:0470000']
WP,WP:WP2583,T cell receptor and co stimulatory signaling,0.0186040213542859,True,T cell receptor and co stimulatory signaling,28,475,8,8899,0.016842105263157894,0.2857142857142857,query_1,['WP:000000']
GO:BP,GO:0048640,negative regulation of developmental growth,0.01887527731940004,True,"""Any process that stops, prevents, or reduces the frequency, rate or extent of developmental growth."" [GOC:go_curators]",92,575,12,20972,0.020869565217391306,0.13043478260869565,query_1,"['GO:0045926', 'GO:0048589', 'GO:0048638', 'GO:0051093']"
GO:BP,GO:0060348,bone development,0.019104835242859546,True,"""The process whose specific outcome is the progression of bone over time, from its formation to the mature structure. Bone is the hard skeletal connective tissue consisting of both mineral and cellular components."" [GOC:dph]",215,575,19,20972,0.03304347826086956,0.08837209302325581,query_1,"['GO:0001501', 'GO:0048513']"
HP,HP:0002354,Memory impairment,0.019116006185265978,True,"An impairment of memory as manifested by a reduced ability to remember things such as dates and names, and increased forgetfulness.",158,241,21,5200,0.08713692946058091,0.13291139240506328,query_1,['HP:0100543']
GO:BP,GO:0021637,trigeminal nerve structural organization,0.0191167443656926,True,"""The process that contributes to the act of creating the structural organization of the oculomotor nerve. This process pertains to the physical shaping of a rudimentary structure. The trigeminal nerve is composed of three large branches. They are the ophthalmic (V1, sensory), maxillary (V2, sensory) and mandibular (V3, motor and sensory) branches. The sensory ophthalmic branch travels through the superior orbital fissure and passes through the orbit to reach the skin of the forehead and top of the head. The maxillary nerve contains sensory branches that reach the pterygopalatine fossa via the inferior orbital fissure (face, cheek and upper teeth) and pterygopalatine canal (soft and hard palate, nasal cavity and pharynx). The motor part of the mandibular branch is distributed to the muscles of mastication, the mylohyoid muscle and the anterior belly of the digastric. The mandibular nerve also innervates the tensor veli palatini and tensor tympani muscles. The sensory part of the mandibular nerve is composed of branches that carry general sensory information from the mucous membranes of the mouth and cheek, anterior two-thirds of the tongue, lower teeth, skin of the lower jaw, side of the head and scalp and meninges of the anterior and middle cranial fossae."" [GO_REF:0000021, GOC:cls, GOC:dgh, GOC:dph, GOC:jid, ISBN:0838580343]",6,575,4,20972,0.006956521739130435,0.6666666666666666,query_1,"['GO:0021604', 'GO:0021636']"
GO:BP,GO:1990773,matrix metallopeptidase secretion,0.0191167443656926,True,"""The regulated release of matrix metallopeptidases, a family of zinc-dependent endopeptidases that can degrade extracellular matrix proteins and process other types of proteins."" [PMID:8679543]",6,575,4,20972,0.006956521739130435,0.6666666666666666,query_1,['GO:0009306']
GO:BP,GO:0021856,hypothalamic tangential migration using cell-axon interactions,0.0191167443656926,True,"""The movement of a hypothalamic neuronal precursor tangentially through the forebrain using an interaction of the migrating cells with axons of other neurons."" [GO_REF:0000021, GOC:cls, GOC:dgh, GOC:dph, GOC:jid]",6,575,4,20972,0.006956521739130435,0.6666666666666666,query_1,['GO:0021855']
GO:BP,GO:2000503,positive regulation of natural killer cell chemotaxis,0.0191167443656926,True,"""Any process that activates or increases the frequency, rate or extent of natural killer cell chemotaxis."" [GOC:BHF]",6,575,4,20972,0.006956521739130435,0.6666666666666666,query_1,"['GO:0035747', 'GO:0140131', 'GO:2000501']"
GO:BP,GO:0002925,positive regulation of humoral immune response mediated by circulating immunoglobulin,0.0191167443656926,True,"""Any process that activates or increases the frequency, rate, or extent of a humoral immune response mediated by circulating immunoglobulin."" [GOC:add]",6,575,4,20972,0.006956521739130435,0.6666666666666666,query_1,"['GO:0002455', 'GO:0002891', 'GO:0002922', 'GO:0002923']"
GO:BP,GO:0007171,activation of transmembrane receptor protein tyrosine kinase activity,0.0191167443656926,True,"""Any process that initiates the activity of the inactive transmembrane receptor protein tyrosine kinase activity."" [GOC:dph, GOC:tb]",6,575,4,20972,0.006956521739130435,0.6666666666666666,query_1,"['GO:0007169', 'GO:0032147', 'GO:0065003']"
GO:BP,GO:0002860,positive regulation of natural killer cell mediated cytotoxicity directed against tumor cell target,0.0191167443656926,True,"""Any process that activates or increases the frequency, rate, or extent of natural killer cell mediated cytotoxicity directed against tumor cell target."" [GOC:add]",6,575,4,20972,0.006956521739130435,0.6666666666666666,query_1,"['GO:0002420', 'GO:0002857', 'GO:0002858', 'GO:0045954']"
GO:BP,GO:1903969,regulation of response to macrophage colony-stimulating factor,0.0191167443656926,True,"""Any process that modulates the frequency, rate or extent of response to macrophage colony-stimulating factor."" [GO_REF:0000058, GOC:BHF, GOC:nc, GOC:TermGenie, PMID:19100238]",6,575,4,20972,0.006956521739130435,0.6666666666666666,query_1,"['GO:0036005', 'GO:0060759']"
GO:BP,GO:0021636,trigeminal nerve morphogenesis,0.0191167443656926,True,"""The process in which the anatomical structure of the trigeminal nerve is generated and organized. The trigeminal nerve is composed of three large branches. They are the ophthalmic (V1, sensory), maxillary (V2, sensory) and mandibular (V3, motor and sensory) branches. The sensory ophthalmic branch travels through the superior orbital fissure and passes through the orbit to reach the skin of the forehead and top of the head. The maxillary nerve contains sensory branches that reach the pterygopalatine fossa via the inferior orbital fissure (face, cheek and upper teeth) and pterygopalatine canal (soft and hard palate, nasal cavity and pharynx). The motor part of the mandibular branch is distributed to the muscles of mastication, the mylohyoid muscle and the anterior belly of the digastric. The mandibular nerve also innervates the tensor veli palatini and tensor tympani muscles. The sensory part of the mandibular nerve is composed of branches that carry general sensory information from the mucous membranes of the mouth and cheek, anterior two-thirds of the tongue, lower teeth, skin of the lower jaw, side of the head and scalp and meninges of the anterior and middle cranial fossae."" [GO_REF:0000021, GOC:cls, GOC:dgh, GOC:dph, GOC:jid, ISBN:0838580343]",6,575,4,20972,0.006956521739130435,0.6666666666666666,query_1,"['GO:0021559', 'GO:0021602']"
GO:BP,GO:0021828,gonadotrophin-releasing hormone neuronal migration to the hypothalamus,0.0191167443656926,True,"""The directional movement of a gonadotrophin-releasing hormone producing neuron from the nasal placode to the hypothalamus."" [GO_REF:0000021, GOC:cls, GOC:dgh, GOC:dph, GOC:jid, PMID:12626695]",6,575,4,20972,0.006956521739130435,0.6666666666666666,query_1,"['GO:0001764', 'GO:0021856', 'GO:0021888']"
GO:BP,GO:1903972,regulation of cellular response to macrophage colony-stimulating factor stimulus,0.0191167443656926,True,"""Any process that modulates the frequency, rate or extent of cellular response to macrophage colony-stimulating factor stimulus."" [GO_REF:0000058, GOC:BHF, GOC:nc, GOC:TermGenie, PMID:19100238]",6,575,4,20972,0.006956521739130435,0.6666666666666666,query_1,"['GO:0036006', 'GO:1903969']"
GO:BP,GO:1904464,regulation of matrix metallopeptidase secretion,0.0191167443656926,True,"""Any process that modulates the frequency, rate or extent of matrix metallopeptidase secretion."" [GO_REF:0000058, GOC:TermGenie, PMID:8679543]",6,575,4,20972,0.006956521739130435,0.6666666666666666,query_1,"['GO:0050708', 'GO:1990773']"
GO:BP,GO:0090716,adaptive immune memory response,0.0191167443656926,True,"""An immune response directed against a previously encountered antigen, being quicker and quantitatively better compared with the primary response."" [GOC:add, PMID:26831526]",6,575,4,20972,0.006956521739130435,0.6666666666666666,query_1,"['GO:0002250', 'GO:0090713']"
GO:BP,GO:0032687,negative regulation of interferon-alpha production,0.0191167443656926,True,"""Any process that stops, prevents, or reduces the frequency, rate, or extent of interferon-alpha production."" [GOC:mah, PMID:15546383]",6,575,4,20972,0.006956521739130435,0.6666666666666666,query_1,"['GO:0032480', 'GO:0032607', 'GO:0032647']"
GO:BP,GO:0044089,positive regulation of cellular component biogenesis,0.019121802272264805,True,"""Any process that activates or increases the frequency, rate or extent of cellular component biogenesis, a process that results in the biosynthesis of constituent macromolecules, assembly, and arrangement of constituent parts of a cellular component."" [GOC:jl]",497,575,32,20972,0.05565217391304348,0.06438631790744467,query_1,"['GO:0044085', 'GO:0044087', 'GO:0048522']"
GO:BP,GO:0001701,in utero embryonic development,0.019147233548239086,True,"""The process whose specific outcome is the progression of the embryo in the uterus over time, from formation of the zygote in the oviduct, to birth. An example of this process is found in Mus musculus."" [GOC:go_curators, GOC:mtg_sensu]",405,575,28,20972,0.04869565217391304,0.0691358024691358,query_1,['GO:0043009']
GO:BP,GO:0003272,endocardial cushion formation,0.019177945022446612,True,"""The developmental process pertaining to the initial formation of an endocardial cushion. The endocardial cushion is a specialized region of mesenchymal cells that will give rise to the heart septa and valves."" [GOC:mtg_heart, PMID:15797462]",28,575,7,20972,0.01217391304347826,0.25,query_1,"['GO:0003203', 'GO:0048646']"
GO:MF,GO:0072341,modified amino acid binding,0.01937360153252175,True,"""Binding to a modified amino acid."" [GOC:mah]",87,573,11,20208,0.019197207678883072,0.12643678160919541,query_1,['GO:0005488']
GO:CC,GO:0097060,synaptic membrane,0.019438141201906796,True,"""A specialized area of membrane on either the presynaptic or the postsynaptic side of a synapse, the junction between a nerve fiber of one neuron and another neuron or muscle fiber or glial cell."" [GOC:BHF, PMID:20410104]",426,579,26,22155,0.044905008635578586,0.06103286384976526,query_1,"['GO:0045202', 'GO:0098590']"
HP,HP:0002511,Alzheimer disease,0.019711663078465152,True,"A degenerative disease of the brain characterized by the insidious onset of dementia. Impairment of memory, judgment, attention span, and problem solving skills are followed by severe apraxia and a global loss of cognitive abilities. The condition primarily occurs after age 60, and is marked pathologically by severe cortical atrophy and the triad of senile plaques, neurofibrillary tangles, and neuropil threads.",8,241,5,5200,0.02074688796680498,0.625,query_1,['HP:0002011']
GO:BP,GO:0002281,macrophage activation involved in immune response,0.019716654129152637,True,"""A change in morphology and behavior of a macrophage resulting from exposure to a cytokine, chemokine, cellular ligand, or soluble factor, leading to the initiation or perpetuation of an immune response."" [GOC:add, ISBN:0781735149]",19,575,6,20972,0.010434782608695653,0.3157894736842105,query_1,"['GO:0002275', 'GO:0002366', 'GO:0042116']"
GO:BP,GO:0035743,"CD4-positive, alpha-beta T cell cytokine production",0.019716654129152637,True,"""Any process that contributes to cytokine production by a CD4-positive, alpha-beta T cell."" [CL:0000624, GOC:BHF]",19,575,6,20972,0.010434782608695653,0.3157894736842105,query_1,['GO:0002369']
GO:BP,GO:0050862,positive regulation of T cell receptor signaling pathway,0.019716654129152637,True,"""Any process that activates or increases the frequency, rate or extent of signaling pathways initiated by the cross-linking of an antigen receptor on a T cell."" [GOC:ai]",19,575,6,20972,0.010434782608695653,0.3157894736842105,query_1,"['GO:0050852', 'GO:0050856', 'GO:0050857']"
GO:BP,GO:0002888,positive regulation of myeloid leukocyte mediated immunity,0.019716654129152637,True,"""Any process that activates or increases the frequency, rate, or extent of myeloid leukocyte mediated immunity."" [GOC:add]",19,575,6,20972,0.010434782608695653,0.3157894736842105,query_1,"['GO:0002444', 'GO:0002705', 'GO:0002886']"
HP,HP:0100653,Optic neuritis,0.0198548571456489,True,Inflammation of the optic nerve.,25,241,8,5200,0.03319502074688797,0.32,query_1,"['HP:0000587', 'HP:0033429']"
GO:BP,GO:0090287,regulation of cellular response to growth factor stimulus,0.019953980122609516,True,"""Any process that modulates the rate, frequency, or extent of a change in state or activity of a cell (in terms of movement, secretion, enzyme production, gene expression, etc.) as a result of a growth factor stimulus."" [GOC:tb]",318,575,24,20972,0.04173913043478261,0.07547169811320754,query_1,"['GO:0048583', 'GO:0071363']"
HP,HP:0011839,Abnormal total T cell count,0.019985807170640857,True,"Abnormal increase or decrease of absolute number of T cells or of a subset of T cells, commonly characterized as CD3+ lymphocytes, in the blood, per microlitre, compared to a reference range for a given sex and age-group. These may include both TCR alpha/beta and gamma/delta T cells.",78,241,14,5200,0.058091286307053944,0.1794871794871795,query_1,"['HP:0002843', 'HP:0040088']"
REAC,REAC:R-HSA-2691230,Signaling by NOTCH1 HD Domain Mutants in Cancer,0.020103442609371046,True,Signaling by NOTCH1 HD Domain Mutants in Cancer,15,520,6,11056,0.011538461538461539,0.4,query_1,['REAC:R-HSA-2644603']
REAC,REAC:R-HSA-2691232,Constitutive Signaling by NOTCH1 HD Domain Mutants,0.020103442609371046,True,Constitutive Signaling by NOTCH1 HD Domain Mutants,15,520,6,11056,0.011538461538461539,0.4,query_1,['REAC:R-HSA-2691230']
WP,WP:WP268,Notch signaling,0.02039503606306867,True,Notch signaling,44,475,10,8899,0.021052631578947368,0.22727272727272727,query_1,['WP:000000']
GO:BP,GO:0001649,osteoblast differentiation,0.02080299215459388,True,"""The process whereby a relatively unspecialized cell acquires the specialized features of an osteoblast, a mesodermal or neural crest cell that gives rise to bone."" [CL:0000062, GO_REF:0000034, GOC:jid]",236,575,20,20972,0.034782608695652174,0.0847457627118644,query_1,"['GO:0001503', 'GO:0030154']"
GO:BP,GO:0002446,neutrophil mediated immunity,0.02104332118510056,True,"""Any process involved in the carrying out of an immune response by a neutrophil."" [GO_REF:0000022, GOC:add, ISBN:0781735149]",39,575,8,20972,0.01391304347826087,0.20512820512820512,query_1,['GO:0002444']
GO:BP,GO:0045761,regulation of adenylate cyclase activity,0.02104332118510056,True,"""Any process that modulates the frequency, rate or extent of adenylate cyclase activity."" [GOC:go_curators]",39,575,8,20972,0.01391304347826087,0.20512820512820512,query_1,['GO:0050790']
GO:BP,GO:0006949,syncytium formation,0.021140968715421385,True,"""The formation of a syncytium, a mass of cytoplasm containing several nuclei enclosed within a single plasma membrane. Syncytia are normally derived from single cells that fuse or fail to complete cell division."" [ISBN:0198506732]",64,575,10,20972,0.017391304347826087,0.15625,query_1,"['GO:0009987', 'GO:0048646']"
GO:CC,GO:0035867,alphav-beta3 integrin-IGF-1-IGF1R complex,0.021631008096568878,True,"""A protein complex that consists of an alphav-beta3 integrin complex bound to insulin-like growth factor-1 (IGF-1) and type I insulin-like growth factor receptor (IGF1R). IGF1R is a heterotetramer that consists of two alpha-subunits and two beta-subunits."" [GOC:BHF, GOC:ebc, PMID:19578119]",4,579,3,22155,0.0051813471502590676,0.75,query_1,['GO:0098797']
GO:CC,GO:0070724,BMP receptor complex,0.021631008096568878,True,"""A protein complex that acts as a receptor for bone morphogenetic proteins (BMPs); a homo- or heterodimer of type I and/or type II BMP receptor subunits."" [GOC:mah, GOC:mh, PMID:19377468]",4,579,3,22155,0.0051813471502590676,0.75,query_1,['GO:0098802']
GO:BP,GO:0050801,monoatomic ion homeostasis,0.02189228523168773,True,"""Any process involved in the maintenance of an internal steady state of monoatomic ions within an organism or cell. Monatomic ions (also called simple ions) are ions consisting of exactly one atom."" [GOC:ai]",524,575,33,20972,0.057391304347826085,0.06297709923664122,query_1,['GO:0048878']
GO:BP,GO:0071560,cellular response to transforming growth factor beta stimulus,0.021904274657893755,True,"""Any process that results in a change in state or activity of a cell (in terms of movement, secretion, enzyme production, gene expression, etc.) as a result of a transforming growth factor beta stimulus."" [GOC:ecd, PMID:15451575]",257,575,21,20972,0.036521739130434785,0.08171206225680934,query_1,"['GO:0071363', 'GO:0071559']"
GO:CC,GO:0042995,cell projection,0.021994167784079022,True,"""A prolongation or process extending from a cell, e.g. a flagellum or axon."" [GOC:jl, PMID:16318917]",2566,579,98,22155,0.1692573402417962,0.03819173811379579,query_1,['GO:0110165']
REAC,REAC:R-HSA-983170,"Antigen Presentation: Folding, assembly and peptide loading of class I MHC",0.022267905656043304,True,"Antigen Presentation: Folding, assembly and peptide loading of class I MHC",29,520,8,11056,0.015384615384615385,0.27586206896551724,query_1,['REAC:R-HSA-983169']
GO:BP,GO:0030323,respiratory tube development,0.022314396236552115,True,"""The process whose specific outcome is the progression of the respiratory tube over time, from its formation to the mature structure. The respiratory tube is assumed to mean any tube in the respiratory tract."" [GOC:jid]",198,575,18,20972,0.03130434782608696,0.09090909090909091,query_1,"['GO:0035295', 'GO:0048513']"
KEGG,KEGG:04670,Leukocyte transendothelial migration,0.022377727681529888,True,Leukocyte transendothelial migration,115,482,17,8716,0.035269709543568464,0.14782608695652175,query_1,['KEGG:00000']
GO:MF,GO:0008528,G protein-coupled peptide receptor activity,0.02245211787397123,True,"""Combining with a peptide and transmitting the signal across the membrane by activating an associated G-protein; promotes the exchange of GDP for GTP on the alpha subunit of a heterotrimeric G-protein complex."" [GOC:dph, GOC:tb]",121,573,13,20208,0.02268760907504363,0.10743801652892562,query_1,"['GO:0001653', 'GO:0004930']"
REAC,REAC:R-HSA-9006936,Signaling by TGFB family members,0.02293651651752549,True,Signaling by TGFB family members,156,520,20,11056,0.038461538461538464,0.1282051282051282,query_1,['REAC:R-HSA-162582']
HP,HP:0100765,Abnormality of the tonsils,0.022960316835701048,True,An abnormality of the tonsils.,41,241,10,5200,0.04149377593360996,0.24390243902439024,query_1,['HP:0100763']
GO:MF,GO:0016494,C-X-C chemokine receptor activity,0.022974395676502578,True,"""Combining with a C-X-C chemokine and transmitting the signal from one side of the membrane to the other to initiate a change in cell activity. A C-X-C chemokine has a single amino acid between the first two cysteines of the characteristic four cysteine motif."" [GOC:signaling, PMID:8662823]",8,573,4,20208,0.006980802792321117,0.5,query_1,['GO:0004950']
GO:CC,GO:0005737,cytoplasm,0.023489554503030214,True,"""The contents of a cell excluding the plasma membrane and nucleus, but including other subcellular structures."" [ISBN:0198547684]",12601,579,374,22155,0.6459412780656304,0.029680184112372034,query_1,"['GO:0005622', 'GO:0110165']"
TF,TF:M02078,Factor: SPI1; motif: NGRGGAAGTN,0.02355158527160823,True,Factor: SPI1; motif: NGRGGAAGTN,3584,579,145,20093,0.2504317789291883,0.04045758928571429,query_1,['TF:M00000']
GO:BP,GO:0006869,lipid transport,0.024255664347131067,True,"""The directed movement of lipids into, out of or within a cell, or between cells, by means of some agent such as a transporter or pore. Lipids are compounds soluble in an organic solvent but not, or sparingly, in an aqueous solvent."" [ISBN:0198506732]",433,575,29,20972,0.050434782608695654,0.06697459584295612,query_1,"['GO:0006810', 'GO:0010876']"
GO:BP,GO:1900748,positive regulation of vascular endothelial growth factor signaling pathway,0.024474799022980425,True,"""Any process that activates or increases the frequency, rate or extent of vascular endothelial growth factor signaling pathway."" [GOC:TermGenie]",12,575,5,20972,0.008695652173913044,0.4166666666666667,query_1,"['GO:0009967', 'GO:0038084', 'GO:1900746']"
GO:BP,GO:0002863,positive regulation of inflammatory response to antigenic stimulus,0.024474799022980425,True,"""Any process that activates or increases the frequency, rate, or extent of an inflammatory response to an antigenic stimulus."" [GOC:add]",12,575,5,20972,0.008695652173913044,0.4166666666666667,query_1,"['GO:0002437', 'GO:0002861', 'GO:0050729', 'GO:0050778']"
GO:BP,GO:0140052,cellular response to oxidised low-density lipoprotein particle stimulus,0.024474799022980425,True,"""Any process that results in a change in state or activity of a cell (in terms of movement, secretion, enzyme production, gene expression, etc.) as a result of an oxidized lipoprotein particle stimulus."" [GOC:aruk, GOC:BHF, PMID:20037584, PMID:27607416]",12,575,5,20972,0.008695652173913044,0.4166666666666667,query_1,['GO:0071404']
GO:BP,GO:0106014,regulation of inflammatory response to wounding,0.024474799022980425,True,"""Any process that modulates the frequency, rate or extent of the inflammatory response to wounding."" [GOC:BHF, GOC:BHF_miRNA, GOC:rph, PMID:26022821]",12,575,5,20972,0.008695652173913044,0.4166666666666667,query_1,"['GO:0050727', 'GO:0090594', 'GO:1903034']"
GO:BP,GO:0097084,vascular associated smooth muscle cell development,0.024474799022980425,True,"""The process aimed at the progression of a vascular smooth muscle cell over time, from initial commitment of the cell to a specific fate, to the fully functional differentiated cell. A vascular smooth muscle cell is a non-striated, elongated, spindle-shaped cell found lining the blood vessels."" [GOC:BHF]",12,575,5,20972,0.008695652173913044,0.4166666666666667,query_1,"['GO:0035886', 'GO:0055001']"
HP,HP:0001824,Weight loss,0.02448793441848567,True,Reduction of total body weight.,401,241,38,5200,0.15767634854771784,0.09476309226932668,query_1,['HP:0004325']
WP,WP:WP2870,Extracellular vesicle mediated signaling in recipient cells,0.02450526062708767,True,Extracellular vesicle mediated signaling in recipient cells,29,475,8,8899,0.016842105263157894,0.27586206896551724,query_1,['WP:000000']
GO:BP,GO:0072012,glomerulus vasculature development,0.024685262732925678,True,"""The biological process whose specific outcome is the progression of a glomerulus vasculature from an initial condition to its mature state. This process begins with the formation of the glomerulus vasculature and ends with the mature structure. The glomerulus vasculature is composed of the tubule structures that carry blood or lymph in the glomerulus."" [GOC:mtg_kidney_jan10]",29,575,7,20972,0.01217391304347826,0.2413793103448276,query_1,"['GO:0001568', 'GO:0032835', 'GO:0061440']"
GO:BP,GO:0036037,"CD8-positive, alpha-beta T cell activation",0.024685262732925678,True,"""The change in morphology and behavior of a CD8-positive, alpha-beta T cell resulting from exposure to a mitogen, cytokine, chemokine, cellular ligand, or an antigen for which it is specific."" [CL:0000625, GOC:yaf]",29,575,7,20972,0.01217391304347826,0.2413793103448276,query_1,['GO:0046631']
GO:BP,GO:0006910,"phagocytosis, recognition",0.024685262732925678,True,"""The initial step in phagocytosis involving adhesion to bacteria, immune complexes and other particulate matter, or an apoptotic cell and based on recognition of factors such as bacterial cell wall components, opsonins like complement and antibody or protein receptors and lipids like phosphatidyl serine, and leading to intracellular signaling in the phagocytosing cell."" [GOC:curators, ISBN:0781735149]",29,575,7,20972,0.01217391304347826,0.2413793103448276,query_1,"['GO:0006909', 'GO:0008037']"
GO:BP,GO:1904994,regulation of leukocyte adhesion to vascular endothelial cell,0.024685262732925678,True,"""Any process that modulates the frequency, rate or extent of leukocyte adhesion to vascular endothelial cell."" [GO_REF:0000058, GOC:bc, GOC:BHF, GOC:BHF_miRNA, GOC:TermGenie, PMID:23897866]",29,575,7,20972,0.01217391304347826,0.2413793103448276,query_1,"['GO:0061756', 'GO:1903037']"
HPA,HPA:0461423,Skin 1; eccrine glands[High],0.024695782351769623,True,Skin 1; eccrine glands[High],89,397,12,11007,0.030226700251889168,0.1348314606741573,query_1,['HPA:0461422']
REAC,REAC:R-HSA-140875,Common Pathway of Fibrin Clot Formation,0.02470714067544363,True,Common Pathway of Fibrin Clot Formation,22,520,7,11056,0.013461538461538462,0.3181818181818182,query_1,['REAC:R-HSA-140877']
WP,WP:WP5580,HLA C allotypes interactions with KIR on dNK cells,0.024843548324259664,True,HLA C allotypes interactions with KIR on dNK cells,22,475,7,8899,0.014736842105263158,0.3181818181818182,query_1,['WP:000000']
WP,WP:WP5111,Familial hyperlipidemia type 4,0.024843548324259664,True,Familial hyperlipidemia type 4,22,475,7,8899,0.014736842105263158,0.3181818181818182,query_1,['WP:000000']
TF,TF:M07282,Factor: ER71; motif: CWTCCTGT,0.024928043124505722,True,Factor: ER71; motif: CWTCCTGT,2867,579,121,20093,0.20898100172711573,0.04220439483780956,query_1,['TF:M00000']
TF,TF:M03844,Factor: SAP-1a; motif: CWTCCKGT,0.024928043124505722,True,Factor: SAP-1a; motif: CWTCCKGT,2867,579,121,20093,0.20898100172711573,0.04220439483780956,query_1,['TF:M00000']
GO:BP,GO:0003197,endocardial cushion development,0.025172996924809597,True,"""The progression of a cardiac cushion over time, from its initial formation to the mature structure. The endocardial cushion is a specialized region of mesenchymal cells that will give rise to the heart septa and valves."" [GOC:mtg_heart]",52,575,9,20972,0.01565217391304348,0.17307692307692307,query_1,"['GO:0007507', 'GO:0060485']"
HP,HP:0040088,Abnormal lymphocyte count,0.025271247830995883,True,Any abnormality in the total number of lymphocytes in the blood.,213,241,25,5200,0.1037344398340249,0.11737089201877934,query_1,"['HP:0004332', 'HP:0011893']"
HP,HP:0012122,Anterior uveitis,0.02528900026541283,True,Inflammation of the uveal tract in which the primary site of inflammation is the anterior chamber.,19,241,7,5200,0.029045643153526972,0.3684210526315789,query_1,['HP:0000554']
GO:BP,GO:0044319,"wound healing, spreading of cells",0.02567735584824441,True,"""The migration of a cell along or through a wound gap that contributes to the reestablishment of a continuous surface."" [GOC:jl]",40,575,8,20972,0.01391304347826087,0.2,query_1,"['GO:0016477', 'GO:0090505']"
GO:BP,GO:0090505,epiboly involved in wound healing,0.02567735584824441,True,"""The expansion of one cell sheet over other cells involved in wound healing."" [GOC:dph, GOC:tb]",40,575,8,20972,0.01391304347826087,0.2,query_1,"['GO:0042060', 'GO:0090504']"
REAC,REAC:R-HSA-8877330,RUNX1 and FOXP3 control the development of regulatory T lymphocytes (Tregs),0.025677506825444642,True,RUNX1 and FOXP3 control the development of regulatory T lymphocytes (Tregs),10,520,5,11056,0.009615384615384616,0.5,query_1,['REAC:R-HSA-8878171']
GO:BP,GO:0014013,regulation of gliogenesis,0.026392890980575887,True,"""Any process that modulates the frequency, rate or extent of gliogenesis, the formation of mature glia."" [GOC:ef]",95,575,12,20972,0.020869565217391306,0.12631578947368421,query_1,"['GO:0042063', 'GO:0050767']"
GO:BP,GO:0048608,reproductive structure development,0.02647411987207572,True,"""The reproductive developmental process whose specific outcome is the progression of somatic structures that will be used in the process of creating new individuals from one or more parents, from their formation to the mature structures."" [GOC:dph, GOC:isa_complete, GOC:jid]",302,575,23,20972,0.04,0.076158940397351,query_1,"['GO:0003006', 'GO:0048856', 'GO:0061458']"
GO:CC,GO:0097197,tetraspanin-enriched microdomain,0.02656035132427619,True,"""A pre-organized unit composed either of adhesion molecules (mainly integrins and members of the Ig superfamily), signaling receptors and/or enzyme-enriched plasma membrane domains that compartmentalizes cellular processes. Tetraspanin-enriched microdomains might be specially suited for the regulation of avidity of adhesion receptors and the compartmentalization of enzymatic activities."" [GOC:ans, PMID:19709882, PMID:21930792]",10,579,4,22155,0.0069084628670120895,0.4,query_1,"['GO:0005886', 'GO:0110165']"
GO:CC,GO:0005641,nuclear envelope lumen,0.02656035132427619,True,"""The region between the two lipid bilayers of the nuclear envelope; 20-40 nm wide."" [GOC:ai]",10,579,4,22155,0.0069084628670120895,0.4,query_1,"['GO:0005635', 'GO:0031970']"
GO:BP,GO:0090026,positive regulation of monocyte chemotaxis,0.027515422770874903,True,"""Any process that increases the frequency, rate, or extent of monocyte chemotaxis."" [GOC:dph, GOC:tb]",20,575,6,20972,0.010434782608695653,0.3,query_1,"['GO:0002548', 'GO:0002690', 'GO:0071677', 'GO:0090025']"
GO:BP,GO:0002689,negative regulation of leukocyte chemotaxis,0.027515422770874903,True,"""Any process that stops, prevents, or reduces the frequency, rate, or extent of leukocyte chemotaxis."" [GOC:add]",20,575,6,20972,0.010434782608695653,0.3,query_1,"['GO:0002686', 'GO:0002688', 'GO:0030595', 'GO:0050922']"
GO:BP,GO:0002902,regulation of B cell apoptotic process,0.027515422770874903,True,"""Any process that modulates the frequency, rate, or extent of B cell apoptotic process."" [GOC:add, GOC:mtg_apoptosis]",20,575,6,20972,0.010434782608695653,0.3,query_1,"['GO:0001783', 'GO:0070228']"
GO:BP,GO:0032693,negative regulation of interleukin-10 production,0.027515422770874903,True,"""Any process that stops, prevents, or reduces the frequency, rate, or extent of interleukin-10 production."" [GOC:mah]",20,575,6,20972,0.010434782608695653,0.3,query_1,"['GO:0001818', 'GO:0032613', 'GO:0032653']"
GO:BP,GO:0043011,myeloid dendritic cell differentiation,0.027515422770874903,True,"""The process in which a monocyte acquires the specialized features of a dendritic cell, an immunocompetent cell of the lymphoid and hemopoietic systems and skin."" [CL:0000782, GOC:jl]",20,575,6,20972,0.010434782608695653,0.3,query_1,"['GO:0001773', 'GO:0002573', 'GO:0097028']"
GO:BP,GO:0008217,regulation of blood pressure,0.02752576492310866,True,"""Any process that modulates the force with which blood travels through the circulatory system. The process is controlled by a balance of processes that increase pressure and decrease pressure."" [GOC:dph, GOC:mtg_cardio, ISBN:0721643949]",182,575,17,20972,0.029565217391304348,0.09340659340659341,query_1,"['GO:0008015', 'GO:0065008']"
GO:BP,GO:0051149,positive regulation of muscle cell differentiation,0.02803539792618228,True,"""Any process that activates or increases the frequency, rate or extent of muscle cell differentiation."" [CL:0000187, GOC:ai]",66,575,10,20972,0.017391304347826087,0.15151515151515152,query_1,"['GO:0042692', 'GO:0045597', 'GO:0051147']"
GO:BP,GO:0150116,regulation of cell-substrate junction organization,0.02803539792618228,True,"""Any process that modulates the frequency, rate or extent of cell-substrate junction organization."" [GOC:aruk]",66,575,10,20972,0.017391304347826087,0.15151515151515152,query_1,"['GO:0051128', 'GO:0150115']"
GO:BP,GO:1903531,negative regulation of secretion by cell,0.028721190948967346,True,"""Any process that stops, prevents or reduces the frequency, rate or extent of secretion by cell."" [GO_REF:0000058, GOC:pm, GOC:TermGenie, PMID:12130530]",146,575,15,20972,0.02608695652173913,0.10273972602739725,query_1,"['GO:0032940', 'GO:0048523', 'GO:0051048', 'GO:1903530']"
GO:BP,GO:0006873,intracellular monoatomic ion homeostasis,0.02884891626841282,True,"""A homeostatic process involved in the maintenance of a steady state level of monoatomic ions within a cell. Monatomic ions (also called simple ions) are ions consisting of exactly one atom."" [GOC:mah]",437,575,29,20972,0.050434782608695654,0.06636155606407322,query_1,"['GO:0050801', 'GO:0055082']"
REAC,REAC:R-HSA-8874081,MET activates PTK2 signaling,0.02912750687994463,True,MET activates PTK2 signaling,30,520,8,11056,0.015384615384615385,0.26666666666666666,query_1,['REAC:R-HSA-8875878']
HPA,HPA:0641533,Endometrium; stromal fibroblasts[High],0.02921259893109765,True,Endometrium; stromal fibroblasts[High],31,397,7,11007,0.017632241813602016,0.22580645161290322,query_1,['HPA:0641532']
GO:BP,GO:0015918,sterol transport,0.029236162537607926,True,"""The directed movement of sterols into, out of or within a cell, or between cells, by means of some agent such as a transporter or pore. Sterols are steroids with one or more hydroxyl groups and a hydrocarbon side-chain in the molecule."" [GOC:ai]",112,575,13,20972,0.022608695652173914,0.11607142857142858,query_1,"['GO:0006869', 'GO:0015850']"
GO:BP,GO:0010543,regulation of platelet activation,0.029592490484901226,True,"""Any process that modulates the rate or frequency of platelet activation. Platelet activation is a series of progressive, overlapping events triggered by exposure of the platelets to subendothelial tissue."" [GOC:BHF, GOC:dph, GOC:tb]",53,575,9,20972,0.01565217391304348,0.16981132075471697,query_1,"['GO:0030168', 'GO:0050865']"
GO:BP,GO:0060688,regulation of morphogenesis of a branching structure,0.029592490484901226,True,"""Any process that modulates the rate, frequency, or extent of branching morphogenesis, the process in which the anatomical structures of branches are generated and organized."" [GOC:dph]",53,575,9,20972,0.01565217391304348,0.16981132075471697,query_1,"['GO:0001763', 'GO:0022603', 'GO:0051239']"
KEGG,KEGG:04144,Endocytosis,0.029867288214658068,True,Endocytosis,248,482,28,8716,0.058091286307053944,0.11290322580645161,query_1,['KEGG:00000']
HP,HP:0002665,Lymphoma,0.03019714666937452,True,A cancer originating in lymphocytes and presenting as a solid tumor of lymhpoid cells.,114,241,17,5200,0.07053941908713693,0.14912280701754385,query_1,['HP:0004377']
GO:BP,GO:0070588,calcium ion transmembrane transport,0.030213655308942006,True,"""A process in which a calcium ion is transported from one side of a membrane to the other by means of some agent such as a transporter or pore."" [GOC:mah]",326,575,24,20972,0.04173913043478261,0.0736196319018405,query_1,"['GO:0006816', 'GO:0098655']"
HP,HP:0045042,Decreased circulating complement C4 concentration,0.030972513305559845,True,Concentration of the complement component C4 in the blood circulation below the lower limit of normal.,34,241,9,5200,0.03734439834024896,0.2647058823529412,query_1,['HP:0004431']
WP,WP:WP4239,Epithelial to mesenchymal transition in colorectal cancer,0.0310003415037412,True,Epithelial to mesenchymal transition in colorectal cancer,161,475,21,8899,0.04421052631578947,0.13043478260869565,query_1,['WP:000000']
GO:BP,GO:0032660,regulation of interleukin-17 production,0.03114221556223463,True,"""Any process that modulates the frequency, rate, or extent of production of any member of the interleukin-17 family of cytokines."" [GOC:add, GOC:mah, PMID:16482511]",41,575,8,20972,0.01391304347826087,0.1951219512195122,query_1,"['GO:0001817', 'GO:0032620']"
GO:BP,GO:0003203,endocardial cushion morphogenesis,0.03114221556223463,True,"""The process in which the anatomical structure of the endocardial cushion is generated and organized. The endocardial cushion is a specialized region of mesenchymal cells that will give rise to the heart septa and valves."" [GOC:mtg_heart]",41,575,8,20972,0.01391304347826087,0.1951219512195122,query_1,"['GO:0003007', 'GO:0003197', 'GO:0072132']"
GO:BP,GO:0090504,epiboly,0.03114221556223463,True,"""The expansion of one cell sheet over other cells or yolk."" [GOC:dph, GOC:tb]",41,575,8,20972,0.01391304347826087,0.1951219512195122,query_1,['GO:0002011']
GO:BP,GO:0085029,extracellular matrix assembly,0.03114221556223463,True,"""The aggregation, arrangement and bonding together of the extracellular matrix."" [GOC:jl]",41,575,8,20972,0.01391304347826087,0.1951219512195122,query_1,"['GO:0022607', 'GO:0030198']"
GO:BP,GO:0045687,positive regulation of glial cell differentiation,0.03114221556223463,True,"""Any process that activates or increases the frequency, rate or extent of glia cell differentiation."" [GOC:go_curators]",41,575,8,20972,0.01391304347826087,0.1951219512195122,query_1,"['GO:0010001', 'GO:0014015', 'GO:0045685']"
GO:BP,GO:1903670,regulation of sprouting angiogenesis,0.03114221556223463,True,"""Any process that modulates the frequency, rate or extent of sprouting angiogenesis."" [GO_REF:0000058, GOC:TermGenie, PMID:16756958]",41,575,8,20972,0.01391304347826087,0.1951219512195122,query_1,"['GO:0002040', 'GO:0045765']"
GO:BP,GO:0032620,interleukin-17 production,0.03114221556223463,True,"""The appearance of any member of the interleukin-17 family of cytokines due to biosynthesis or secretion following a cellular stimulus, resulting in an increase in its intracellular or extracellular levels."" [GOC:mah, GOC:rv, Wikipedia:Interleukin_17]",41,575,8,20972,0.01391304347826087,0.1951219512195122,query_1,['GO:0001816']
GO:BP,GO:0050714,positive regulation of protein secretion,0.031191904906452007,True,"""Any process that activates or increases the frequency, rate or extent of the controlled release of a protein from a cell."" [GOC:ai]",147,575,15,20972,0.02608695652173913,0.10204081632653061,query_1,"['GO:0009306', 'GO:0050708', 'GO:0051222', 'GO:1903532']"
GO:BP,GO:0055123,digestive system development,0.031191904906452007,True,"""The process whose specific outcome is the progression of the digestive system over time, from its formation to the mature structure. The digestive system is the entire structure in which digestion takes place. Digestion is all of the physical, chemical, and biochemical processes carried out by multicellular organisms to break down ingested nutrients into components that may be easily absorbed and directed into metabolism."" [GOC:jid]",147,575,15,20972,0.02608695652173913,0.10204081632653061,query_1,['GO:0048731']
GO:BP,GO:0021602,cranial nerve morphogenesis,0.03144094192049122,True,"""The process in which the anatomical structure of the cranial nerves are generated and organized. The cranial nerves are composed of twelve pairs of nerves that emanate from the nervous tissue of the hindbrain. These nerves are sensory, motor, or mixed in nature, and provide the motor and general sensory innervation of the head, neck and viscera. They mediate vision, hearing, olfaction and taste and carry the parasympathetic innervation of the autonomic ganglia that control visceral functions."" [GO_REF:0000021, GOC:cls, GOC:dgh, GOC:dph, GOC:jid, ISBN:0838580343]",30,575,7,20972,0.01217391304347826,0.23333333333333334,query_1,"['GO:0009653', 'GO:0021545']"
WP,WP:WP4341,Non genomic actions of 1 25 dihydroxyvitamin D3,0.03161064860243679,True,Non genomic actions of 1 25 dihydroxyvitamin D3,74,475,13,8899,0.02736842105263158,0.17567567567567569,query_1,['WP:000000']
TF,TF:M09727,Factor: GEMIN3; motif: NCWGGRARRGRGNGNG,0.031877599913176485,True,Factor: GEMIN3; motif: NCWGGRARRGRGNGNG,8705,579,302,20093,0.5215889464594128,0.03469270534175761,query_1,['TF:M00000']
GO:MF,GO:0031406,carboxylic acid binding,0.03192126756558907,True,"""Binding to a carboxylic acid, an organic acid containing one or more carboxyl (COOH) groups or anions (COO-)."" [GOC:mah, ISBN:0198506732]",180,573,16,20208,0.027923211169284468,0.08888888888888889,query_1,"['GO:0043168', 'GO:0043177']"
REAC,REAC:R-HSA-168188,Toll Like Receptor TLR6:TLR2 Cascade,0.03235855378382201,True,Toll Like Receptor TLR6:TLR2 Cascade,111,520,16,11056,0.03076923076923077,0.14414414414414414,query_1,['REAC:R-HSA-181438']
REAC,REAC:R-HSA-166058,MyD88:MAL(TIRAP) cascade initiated on plasma membrane,0.03235855378382201,True,MyD88:MAL(TIRAP) cascade initiated on plasma membrane,111,520,16,11056,0.03076923076923077,0.14414414414414414,query_1,"['REAC:R-HSA-166016', 'REAC:R-HSA-168179', 'REAC:R-HSA-168188']"
HP,HP:0010974,Abnormal myeloid leukocyte morphology,0.03243629934262193,True,An abnormality of myeloid leukocytes.,360,241,35,5200,0.14522821576763487,0.09722222222222222,query_1,['HP:0001881']
GO:BP,GO:0009892,negative regulation of metabolic process,0.032453885733324125,True,"""Any process that stops, prevents, or reduces the frequency, rate or extent of the chemical reactions and pathways within a cell or an organism."" [GOC:go_curators]",3276,575,128,20972,0.22260869565217392,0.03907203907203907,query_1,"['GO:0008152', 'GO:0019222', 'GO:0048523']"
GO:BP,GO:0061458,reproductive system development,0.032737255338620576,True,"""The progression of the reproductive system over time from its formation to the mature structure. The reproductive system consists of the organs that function in reproduction."" [GOC:dph]",306,575,23,20972,0.04,0.07516339869281045,query_1,['GO:0048731']
GO:BP,GO:0071559,response to transforming growth factor beta,0.03298622347099328,True,"""Any process that results in a change in state or activity of a cell or an organism (in terms of movement, secretion, enzyme production, gene expression, etc.) as a result of a transforming growth factor beta stimulus."" [GOC:mah]",264,575,21,20972,0.036521739130434785,0.07954545454545454,query_1,['GO:0070848']
HPA,HPA:0530723,Spleen; cells in white pulp[High],0.03362651556847679,True,Spleen; cells in white pulp[High],850,397,52,11007,0.1309823677581864,0.0611764705882353,query_1,['HPA:0530722']
GO:BP,GO:0035148,tube formation,0.03384926103286121,True,"""Creation of the central hole of a tube in an anatomical structure through which gases and/or liquids flow."" [GOC:bf]",148,575,15,20972,0.02608695652173913,0.10135135135135136,query_1,"['GO:0035239', 'GO:0048646']"
REAC,REAC:R-HSA-140837,Intrinsic Pathway of Fibrin Clot Formation,0.03408724702350087,True,Intrinsic Pathway of Fibrin Clot Formation,23,520,7,11056,0.013461538461538462,0.30434782608695654,query_1,['REAC:R-HSA-140877']
GO:MF,GO:0005149,interleukin-1 receptor binding,0.03409981348811652,True,"""Binding to an interleukin-1 receptor."" [GOC:go_curators]",16,573,5,20208,0.008726003490401396,0.3125,query_1,"['GO:0005126', 'GO:0070851']"
GO:BP,GO:0001654,eye development,0.034298867878751534,True,"""The process whose specific outcome is the progression of the eye over time, from its formation to the mature structure. The eye is the organ of sight."" [GOC:jid, GOC:jl]",418,575,28,20972,0.04869565217391304,0.06698564593301436,query_1,"['GO:0007423', 'GO:0150063']"
REAC,REAC:R-HSA-9012852,Signaling by NOTCH3,0.034681237152226374,True,Signaling by NOTCH3,48,520,10,11056,0.019230769230769232,0.20833333333333334,query_1,['REAC:R-HSA-157118']
HP,HP:0033401,Tissue ischemia,0.03470969975624171,True,"Ischemia is defined as a restriction of arterial blood supply to a tissue associated with insufficient oxygenation to support the metabolis requirements of the tissue. Depending on the involved tissues, clinical manifestations may include pain, pallor, lack of pulse, coldness, paresthesia, and paralysis. Additional associated manifestations include hemodynamic parameters (reduced blood pressure distal to the site of restricted arterial supply) and angiographic evidence of arterial occclusion.",127,241,18,5200,0.07468879668049792,0.14173228346456693,query_1,['HP:0025323']
HP,HP:0002637,Cerebral ischemia,0.03470969975624171,True,Restriction of arterial blood supply to the brain associated with insufficient oxygenation to support the metabolic requirements of the tissue.,127,241,18,5200,0.07468879668049792,0.14173228346456693,query_1,['HP:0033401']
GO:MF,GO:0019903,protein phosphatase binding,0.03490834579103647,True,"""Binding to a protein phosphatase."" [GOC:jl]",144,573,14,20208,0.02443280977312391,0.09722222222222222,query_1,['GO:0019902']
GO:BP,GO:0009410,response to xenobiotic stimulus,0.03554877973477046,True,"""Any process that results in a change in state or activity of a cell or an organism (in terms of movement, secretion, enzyme production, gene expression, etc.) as a result of a stimulus from a xenobiotic, a compound foreign to the organism exposed to it. It may be synthesized by another organism (like ampicilin) or it can be a synthetic chemical."" [GOC:jl, GOC:krc]",396,575,27,20972,0.04695652173913043,0.06818181818181818,query_1,['GO:0042221']
TF,TF:M00531,Factor: nerf; motif: YRNCAGGAAGYRGSTBDS,0.035661668315133316,True,Factor: nerf; motif: YRNCAGGAAGYRGSTBDS,7866,579,277,20093,0.4784110535405872,0.03521484871599288,query_1,['TF:M00000']
GO:BP,GO:0006812,monoatomic cation transport,0.03612691801917711,True,"""The directed movement of a monoatomic cation, into, out of or within a cell, or between cells, by means of some agent such as a transporter or pore. Monatomic cations (also called simple cations) are positively charged ions consisting of exactly one atom."" [GOC:ai]",1052,575,53,20972,0.09217391304347826,0.05038022813688213,query_1,['GO:0006811']
HPA,HPA:0640203,Endometrium; endothelial cells[High],0.036245028863925235,True,Endometrium; endothelial cells[High],32,397,7,11007,0.017632241813602016,0.21875,query_1,['HPA:0640202']
TF,TF:M09726_1,Factor: GATAD2A; motif: CCTKTG; match class: 1,0.03631594374407117,True,Factor: GATAD2A; motif: CCTKTG; match class: 1,9267,579,318,20093,0.5492227979274611,0.03431531239883458,query_1,['TF:M09726']
HPA,HPA:0641501,Endometrium; ciliated epithelial cells[≥Low],0.03635182626355196,True,Endometrium; ciliated epithelial cells[≥Low],79,397,11,11007,0.027707808564231738,0.13924050632911392,query_1,['HPA:0640000']
GO:MF,GO:0043177,organic acid binding,0.03644731369118718,True,"""Binding to an organic acid, any acidic compound containing carbon in covalent linkage."" [GOC:jl, ISBN:0198506732]",182,573,16,20208,0.027923211169284468,0.08791208791208792,query_1,['GO:0036094']
GO:BP,GO:0015850,organic hydroxy compound transport,0.03696981266751801,True,"""The directed movement of an organic hydroxy compound (organic alcohol) into, out of or within a cell, or between cells, by means of some agent such as a transporter or pore. An organic hydroxy compound is an organic compound having at least one hydroxy group attached to a carbon atom."" [GOC:ai]",266,575,21,20972,0.036521739130434785,0.07894736842105263,query_1,['GO:0006810']
GO:MF,GO:0001653,peptide receptor activity,0.037291172041432216,True,"""Combining with an extracellular or intracellular peptide to initiate a change in cell activity."" [GOC:jl]",127,573,13,20208,0.02268760907504363,0.10236220472440945,query_1,['GO:0038023']
HP,HP:0002923,Rheumatoid factor positive,0.03738155114709705,True,The presence in the serum of an autoantibody directed against the Fc portion of IgG.,20,241,7,5200,0.029045643153526972,0.35,query_1,['HP:0030057']
REAC,REAC:R-HSA-375165,NCAM signaling for neurite out-growth,0.037491452633411575,True,NCAM signaling for neurite out-growth,58,520,11,11056,0.021153846153846155,0.1896551724137931,query_1,['REAC:R-HSA-422475']
GO:BP,GO:0070232,regulation of T cell apoptotic process,0.037553677497168585,True,"""Any process that modulates the occurrence or rate of T cell death by apoptotic process."" [GOC:add, GOC:mtg_apoptosis, ISBN:0781765196]",42,575,8,20972,0.01391304347826087,0.19047619047619047,query_1,"['GO:0070228', 'GO:0070231']"
GO:BP,GO:0001779,natural killer cell differentiation,0.037631389502720616,True,"""The process in which a relatively unspecialized cell acquires the specialized features of a natural killer cell."" [GOC:add, ISBN:0781735149]",21,575,6,20972,0.010434782608695653,0.2857142857142857,query_1,"['GO:0030098', 'GO:0030101']"
GO:BP,GO:0032816,positive regulation of natural killer cell activation,0.037631389502720616,True,"""Any process that activates or increases the frequency, rate or extent of natural killer cell activation."" [GOC:mah]",21,575,6,20972,0.010434782608695653,0.2857142857142857,query_1,"['GO:0030101', 'GO:0032814', 'GO:0051251']"
REAC,REAC:R-HSA-2122948,Activated NOTCH1 Transmits Signal to the Nucleus,0.0376593384324135,True,Activated NOTCH1 Transmits Signal to the Nucleus,31,520,8,11056,0.015384615384615385,0.25806451612903225,query_1,['REAC:R-HSA-1980143']
HP,HP:0002846,Abnormal B cell morphology,0.03819542989769274,True,A structural abnormality of B cells.,116,241,17,5200,0.07053941908713693,0.14655172413793102,query_1,['HP:0004332']
REAC,REAC:R-HSA-977606,Regulation of Complement cascade,0.038612536838215646,True,Regulation of Complement cascade,101,520,15,11056,0.028846153846153848,0.1485148514851485,query_1,['REAC:R-HSA-166658']
HPA,HPA:0400202,Rectum; endothelial cells[≥Medium],0.03867410730869381,True,Rectum; endothelial cells[≥Medium],185,397,18,11007,0.04534005037783375,0.0972972972972973,query_1,['HPA:0400201']
GO:BP,GO:0022411,cellular component disassembly,0.038836533573173314,True,"""A cellular process that results in the breakdown of a cellular component."" [GOC:isa_complete]",444,575,29,20972,0.050434782608695654,0.06531531531531531,query_1,['GO:0016043']
GO:BP,GO:0045916,negative regulation of complement activation,0.03887451915819327,True,"""Any process that stops, prevents, or reduces the frequency, rate or extent of complement activation."" [GOC:go_curators]",13,575,5,20972,0.008695652173913044,0.38461538461538464,query_1,"['GO:0002698', 'GO:0002921', 'GO:0006956', 'GO:0030449']"
GO:BP,GO:0002486,"antigen processing and presentation of endogenous peptide antigen via MHC class I via ER pathway, TAP-independent",0.03887451915819327,True,"""The process in which an antigen-presenting cell expresses a peptide antigen of endogenous origin on its cell surface in association with an MHC class I protein complex following intracellular transport via a TAP-independent ER pathway. The peptide is typically a fragment of a larger endogenous protein which has been degraded within the cell and becomes associated with the MHC class I molecule in the ER following transport from the cytosol via a TAP-independent pathway. Class I here refers to classical class I molecules."" [GOC:add, PMID:14647477, PMID:15771591]",13,575,5,20972,0.008695652173913044,0.38461538461538464,query_1,['GO:0002484']
GO:BP,GO:0034163,regulation of toll-like receptor 9 signaling pathway,0.03887451915819327,True,"""Any process that modulates the frequency, rate, or extent of toll-like receptor 9 signaling pathway."" [GOC:add, PMID:16551253, PMID:17328678]",13,575,5,20972,0.008695652173913044,0.38461538461538464,query_1,"['GO:0034162', 'GO:0039531']"
GO:BP,GO:0045906,negative regulation of vasoconstriction,0.03887451915819327,True,"""Any process that stops, prevents, or reduces the frequency, rate or extent of vasoconstriction."" [GOC:go_curators]",13,575,5,20972,0.008695652173913044,0.38461538461538464,query_1,"['GO:0019229', 'GO:0042310', 'GO:0051241']"
GO:BP,GO:0070486,leukocyte aggregation,0.03887451915819327,True,"""The adhesion of one leukocyte to one or more other leukocytes via adhesion molecules."" [GOC:sl, PMID:12972508]",13,575,5,20972,0.008695652173913044,0.38461538461538464,query_1,['GO:0007159']
GO:BP,GO:0048259,regulation of receptor-mediated endocytosis,0.03901166804594192,True,"""Any process that modulates the frequency, rate or extent of receptor mediated endocytosis, the uptake of external materials by cells, utilizing receptors to ensure specificity of transport."" [GOC:go_curators, GOC:tb]",115,575,13,20972,0.022608695652173914,0.11304347826086956,query_1,"['GO:0006898', 'GO:0030100']"
GO:BP,GO:1903076,regulation of protein localization to plasma membrane,0.03901166804594192,True,"""Any process that modulates the frequency, rate or extent of protein localization to plasma membrane."" [GO_REF:0000058, GOC:BHF, GOC:rl, GOC:TermGenie, PMID:11602640]",115,575,13,20972,0.022608695652173914,0.11304347826086956,query_1,"['GO:0072659', 'GO:1904375', 'GO:1905475']"
GO:CC,GO:0098794,postsynapse,0.03958036027332214,True,"""The part of a synapse that is part of the post-synaptic cell."" [GOC:dos]",737,579,37,22155,0.06390328151986183,0.050203527815468114,query_1,"['GO:0045202', 'GO:0110165']"
TF,TF:M11686,Factor: IRF-4; motif: NYGAAASYGAAACYN,0.039838184018793764,True,Factor: IRF-4; motif: NYGAAASYGAAACYN,3558,579,143,20093,0.2469775474956822,0.040191118605958406,query_1,['TF:M00000']
HPA,HPA:0641532,Endometrium; stromal fibroblasts[≥Medium],0.03989382699045167,True,Endometrium; stromal fibroblasts[≥Medium],43,397,8,11007,0.020151133501259445,0.18604651162790697,query_1,['HPA:0641531']
GO:MF,GO:0005112,Notch binding,0.04035734402907244,True,"""Binding to a Notch (N) protein, a surface receptor."" [GOC:ceb]",26,573,6,20208,0.010471204188481676,0.23076923076923078,query_1,['GO:0005102']
GO:MF,GO:0030292,protein tyrosine kinase inhibitor activity,0.04042565451342532,True,"""Stops, prevents or reduces the activity of a protein tyrosine kinase."" [GOC:mah]",9,573,4,20208,0.006980802792321117,0.4444444444444444,query_1,['GO:0004860']
GO:MF,GO:0035374,chondroitin sulfate binding,0.04042565451342532,True,"""Binding to chondroitin sulfate, a glycosaminoglycan made up of two alternating monosaccharides: D-glucuronic acid (GlcA) and N-acetyl-D-galactosamine (GalNAc)."" [GOC:kmv, ISBN:0198506732]",9,573,4,20208,0.006980802792321117,0.4444444444444444,query_1,"['GO:0005539', 'GO:1901681']"
GO:BP,GO:0042311,vasodilation,0.04044107564442863,True,"""An increase in the internal diameter of blood vessels, especially arterioles or capillaries, due to relaxation of smooth muscle cells that line the vessels, and usually resulting in a decrease in blood pressure."" [GOC:pr, ISBN:0192800981]",55,575,9,20972,0.01565217391304348,0.16363636363636364,query_1,['GO:0097746']
HP,HP:0010525,Finger agnosia,0.04173631037014984,True,"The examiner identified the inability to name, move, or touch specific fingers.",5,241,4,5200,0.016597510373443983,0.8,query_1,['HP:0010524']
HP,HP:0001013,Eruptive xanthomas,0.04173631037014984,True,"Eruptive xanthomas are yellow-orange-to-red-brown papules that are often surrounded by an erythematous halo. They appear in crops on the buttocks, extensor surfaces of the extremities, and flexural creases. Acutely, variable amounts of pruritus and pain occur.",5,241,4,5200,0.016597510373443983,0.8,query_1,['HP:0000991']
HP,HP:0030219,Semantic dementia,0.04173631037014984,True,"A progressive loss of the ability to remember the meaning of words, faces and objects.",5,241,4,5200,0.016597510373443983,0.8,query_1,['HP:0002145']
GO:BP,GO:1900015,regulation of cytokine production involved in inflammatory response,0.04197735472344049,True,"""Any process that modulates the frequency, rate or extent of cytokine production involved in inflammatory response."" [GOC:TermGenie]",69,575,10,20972,0.017391304347826087,0.14492753623188406,query_1,"['GO:0001817', 'GO:0002534']"
GO:BP,GO:0002534,cytokine production involved in inflammatory response,0.04197735472344049,True,"""The synthesis or release of a cytokine following a inflammatory stimulus as part of an inflammatory response, resulting in an increase in its intracellular or extracellular levels."" [GOC:add, ISBN:0781735149]",69,575,10,20972,0.017391304347826087,0.14492753623188406,query_1,"['GO:0001816', 'GO:0002532']"
GO:BP,GO:0021855,hypothalamus cell migration,0.04363570621627583,True,"""The directed movement of a cell into the hypothalamus region of the forebrain."" [GO_REF:0000021, GOC:cls, GOC:dgh, GOC:dph, GOC:jid]",7,575,4,20972,0.006956521739130435,0.5714285714285714,query_1,"['GO:0016477', 'GO:0021854']"
GO:BP,GO:0021785,branchiomotor neuron axon guidance,0.04363570621627583,True,"""The process in which a branchiomotor neuron growth cone is directed to a specific target site. Branchiomotor neurons are located in the hindbrain and innervate branchial arch-derived muscles that control jaw movements, facial expression, the larynx, and the pharynx."" [GO_REF:0000021, GOC:cls, GOC:dgh, GOC:dph, GOC:jid, PMID:14699587]",7,575,4,20972,0.006956521739130435,0.5714285714285714,query_1,['GO:0008045']
GO:BP,GO:0010757,negative regulation of plasminogen activation,0.04363570621627583,True,"""Any process that decreases the rate, frequency or extent of plasminogen activation. Plasminogen activation is the process in which plasminogen is processed to plasmin."" [GOC:BHF, GOC:dph, GOC:tb]",7,575,4,20972,0.006956521739130435,0.5714285714285714,query_1,"['GO:0010755', 'GO:0010955', 'GO:0031639']"
GO:BP,GO:0072679,thymocyte migration,0.04363570621627583,True,"""The movement of a thymocyte through distinct intrathymic niches (e.g. medulla, cortex), where it receives a unique set of developmental cues required for T-cell development."" [CL:0000893, GOC:BHF, GOC:mah]",7,575,4,20972,0.006956521739130435,0.5714285714285714,query_1,['GO:0072678']
GO:BP,GO:0048003,antigen processing and presentation of lipid antigen via MHC class Ib,0.04363570621627583,True,"""The process in which an antigen-presenting cell expresses lipid antigen in association with an MHC class Ib protein complex on its cell surface, including lipid extraction, degradation, and transport steps for the lipid antigen both prior to and following assembly with the MHC protein complex. The lipid antigen may originate from an endogenous or exogenous source of lipid. Class Ib here refers to non-classical class I molecules, such as those of the CD1 family."" [GOC:add, PMID:10375559, PMID:15928678, PMID:15928680]",7,575,4,20972,0.006956521739130435,0.5714285714285714,query_1,['GO:0002475']
GO:BP,GO:0048842,positive regulation of axon extension involved in axon guidance,0.04363570621627583,True,"""Any process that activates, maintains or increases the frequency, rate or extent of axon extension involved in axon guidance."" [GOC:devbiol]",7,575,4,20972,0.006956521739130435,0.5714285714285714,query_1,"['GO:0045773', 'GO:0048841', 'GO:0048846', 'GO:0050921']"
GO:BP,GO:0048007,"antigen processing and presentation, exogenous lipid antigen via MHC class Ib",0.04363570621627583,True,"""The process in which an antigen-presenting cell expresses lipid antigen of exogenous origin in association with an MHC class Ib protein complex on its cell surface. Class Ib here refers to non-classical class I molecules, such as those of the CD1 family."" [GOC:add, PMID:10375559, PMID:15928678, PMID:15928680]",7,575,4,20972,0.006956521739130435,0.5714285714285714,query_1,"['GO:0019884', 'GO:0048003']"
GO:BP,GO:0002857,positive regulation of natural killer cell mediated immune response to tumor cell,0.04363570621627583,True,"""Any process that activates or increases the frequency, rate, or extent of natural killer cell mediated immune response to a tumor cell."" [GOC:add]",7,575,4,20972,0.006956521739130435,0.5714285714285714,query_1,"['GO:0002423', 'GO:0002717', 'GO:0002839', 'GO:0002855']"
GO:BP,GO:0010558,negative regulation of macromolecule biosynthetic process,0.04415016800693464,True,"""Any process that decreases the rate, frequency or extent of the chemical reactions and pathways resulting in the formation of a macromolecule, any molecule of high relative molecular mass, the structure of which essentially comprises the multiple repetition of units derived, actually or conceptually, from molecules of low relative molecular mass."" [GOC:dph, GOC:tb]",2733,575,110,20972,0.19130434782608696,0.040248810830589093,query_1,"['GO:0009059', 'GO:0009890', 'GO:0010556', 'GO:0010605']"
HPA,HPA:0471472,Skin 2; lymphocytes[≥Medium],0.04440527885404381,True,Skin 2; lymphocytes[≥Medium],646,397,42,11007,0.10579345088161209,0.06501547987616099,query_1,['HPA:0471471']
GO:BP,GO:0048545,response to steroid hormone,0.04466358975781647,True,"""Any process that results in a change in state or activity of a cell or an organism (in terms of movement, secretion, enzyme production, gene expression, etc.) as a result of a steroid hormone stimulus."" [GOC:go_curators]",312,575,23,20972,0.04,0.07371794871794872,query_1,"['GO:0009725', 'GO:0033993']"
GO:BP,GO:0070167,regulation of biomineral tissue development,0.044800974877338674,True,"""Any process that modulates the frequency, rate or extent of biomineral tissue development, the formation of hard tissues that consist mainly of inorganic compounds."" [GOC:mah]",100,575,12,20972,0.020869565217391306,0.12,query_1,"['GO:0031214', 'GO:2000026']"
REAC,REAC:R-HSA-181438,Toll Like Receptor 2 (TLR2) Cascade,0.04491024845958159,True,Toll Like Receptor 2 (TLR2) Cascade,114,520,16,11056,0.03076923076923077,0.14035087719298245,query_1,['REAC:R-HSA-168898']
REAC,REAC:R-HSA-168179,Toll Like Receptor TLR1:TLR2 Cascade,0.04491024845958159,True,Toll Like Receptor TLR1:TLR2 Cascade,114,520,16,11056,0.03076923076923077,0.14035087719298245,query_1,['REAC:R-HSA-181438']
GO:BP,GO:0045124,regulation of bone resorption,0.04503900569866299,True,"""Any process that modulates the frequency, rate or extent of bone tissue loss (resorption)."" [GOC:ai]",43,575,8,20972,0.01391304347826087,0.18604651162790697,query_1,"['GO:0045453', 'GO:0046850']"
REAC,REAC:R-HSA-9013700,NOTCH4 Activation and Transmission of Signal to the Nucleus,0.04525727762140163,True,NOTCH4 Activation and Transmission of Signal to the Nucleus,11,520,5,11056,0.009615384615384616,0.45454545454545453,query_1,['REAC:R-HSA-9013694']
REAC,REAC:R-HSA-9839383,TGFBR3 PTM regulation,0.04525727762140163,True,TGFBR3 PTM regulation,11,520,5,11056,0.009615384615384616,0.45454545454545453,query_1,['REAC:R-HSA-9839373']
HP,HP:0011355,Localized skin lesion,0.04609305686683,True,A lesion of the skin that is located in a specific region rather than being generalized.,920,241,68,5200,0.2821576763485477,0.07391304347826087,query_1,['HP:0011121']
GO:BP,GO:0048565,digestive tract development,0.04609364927887341,True,"""The process whose specific outcome is the progression of the digestive tract over time, from its formation to the mature structure. The digestive tract is the anatomical structure through which food passes and is processed."" [GOC:go_curators]",134,575,14,20972,0.02434782608695652,0.1044776119402985,query_1,"['GO:0035295', 'GO:0055123']"
GO:BP,GO:0090092,regulation of transmembrane receptor protein serine/threonine kinase signaling pathway,0.04626146978186003,True,"""Any process that modulates the rate, frequency, or extent of the series of molecular signals generated as a consequence of a transmembrane receptor serine/threonine kinase binding to its physiological ligand."" [GOC:dph, GOC:tb]",270,575,21,20972,0.036521739130434785,0.07777777777777778,query_1,"['GO:0007178', 'GO:0009966']"
GO:BP,GO:0016331,morphogenesis of embryonic epithelium,0.046596134143662586,True,"""The process in which the anatomical structures of embryonic epithelia are generated and organized."" [GOC:jl]",152,575,15,20972,0.02608695652173913,0.09868421052631579,query_1,"['GO:0002009', 'GO:0048598']"
GO:MF,GO:0045125,bioactive lipid receptor activity,0.04718448945478443,True,"""Combining with a bioactive lipid and transmitting the signal across the membrane by activating an associated G-protein; promotes the exchange of GDP for GTP on the alpha subunit of a heterotrimeric G-protein complex. A bioactive lipid is a lipid for which changes in lipid levels result in functional consequences in a variety of cellular processes."" [GOC:bf, GOC:mah, PMID:12215548, PMID:18216770]",17,573,5,20208,0.008726003490401396,0.29411764705882354,query_1,['GO:0004930']
GO:MF,GO:0038191,neuropilin binding,0.04718448945478443,True,"""Binding to a member of the neuropilin family."" [GOC:bf, PMID:23871893]",17,573,5,20208,0.008726003490401396,0.29411764705882354,query_1,['GO:0005102']
KEGG,KEGG:04330,Notch signaling pathway,0.04765528892430119,True,Notch signaling pathway,60,482,11,8716,0.022821576763485476,0.18333333333333332,query_1,['KEGG:00000']
GO:MF,GO:0048306,calcium-dependent protein binding,0.04831337569801384,True,"""Binding to a protein or protein complex in the presence of calcium."" [GOC:jid, PMID:10485905]",80,573,10,20208,0.017452006980802792,0.125,query_1,['GO:0005515']
GO:BP,GO:0030900,forebrain development,0.04849458538127218,True,"""The process whose specific outcome is the progression of the forebrain over time, from its formation to the mature structure. The forebrain is the anterior of the three primary divisions of the developing chordate brain or the corresponding part of the adult brain (in vertebrates, includes especially the cerebral hemispheres, the thalamus, and the hypothalamus and especially in higher vertebrates is the main control center for sensory and associative information processing, visceral functions, and voluntary motor functions)."" [PMID:4975589, PMID:4992177]",403,575,27,20972,0.04695652173913043,0.06699751861042183,query_1,"['GO:0007420', 'GO:0048856']"
GO:BP,GO:0002519,natural killer cell tolerance induction,0.04882335829763963,True,"""Tolerance induction of natural killer cells."" [GOC:jal, PMID:16546094]",3,575,3,20972,0.0052173913043478265,1.0,query_1,['GO:0002507']
GO:BP,GO:0150064,vertebrate eye-specific patterning,0.04882335829763963,True,"""Early postnatal vertebrate developmental process, during which axons of retinal ganglion cells (RGCs), transmitting overlapping inputs from both eyes, segregate into distinct eye-specific non-overlapping regions in the dorsal lateral geniculate nucleus (dLGN) of the thalamus."" [GOC:aruk, GOC:bc, PMID:16025107, PMID:22632727, PMID:29322522]",3,575,3,20972,0.0052173913043478265,1.0,query_1,"['GO:0003002', 'GO:0007417', 'GO:0150063']"
GO:BP,GO:0038178,complement component C5a signaling pathway,0.04882335829763963,True,"""A G protein-coupled receptor signaling pathway initiated by a C5a component of the complement pathway binding to a complement receptor, and ending with regulation of a downstream cellular process. C5a is a peptide derived from the C5 complement factor."" [GOC:jc, PMID:15313431, Wikipedia:Complement_component_5a]",3,575,3,20972,0.0052173913043478265,1.0,query_1,"['GO:0002430', 'GO:0007186']"
GO:BP,GO:1904466,positive regulation of matrix metallopeptidase secretion,0.04882335829763963,True,"""Any process that activates or increases the frequency, rate or extent of matrix metallopeptidase secretion."" [GO_REF:0000058, GOC:TermGenie, PMID:8679543]",3,575,3,20972,0.0052173913043478265,1.0,query_1,"['GO:0050714', 'GO:1904464', 'GO:1990773']"
GO:BP,GO:0150102,negative regulation of monocyte activation,0.04882335829763963,True,"""Any process that stops, prevents or reduces the frequency, rate or extent of monocyte activation."" [GOC:aruk, PMID:15597323]",3,575,3,20972,0.0052173913043478265,1.0,query_1,"['GO:0002695', 'GO:0042117']"
GO:BP,GO:2001190,positive regulation of T cell activation via T cell receptor contact with antigen bound to MHC molecule on antigen presenting cell,0.04882335829763963,True,"""Any process that activates or increases the frequency, rate or extent of T cell activation via T cell receptor contact with antigen bound to MHC molecule on antigen presenting cell."" [GOC:obol]",3,575,3,20972,0.0052173913043478265,1.0,query_1,"['GO:0002291', 'GO:0002699', 'GO:0050778', 'GO:0050870', 'GO:2001188']"
GO:BP,GO:0042271,susceptibility to natural killer cell mediated cytotoxicity,0.04882335829763963,True,"""The process of causing a cell to become susceptible to natural killer cell mediated cytotoxicity."" [GOC:add, ISBN:0781735149]",3,575,3,20972,0.0052173913043478265,1.0,query_1,['GO:0045954']
GO:BP,GO:0070340,detection of bacterial lipopeptide,0.04882335829763963,True,"""The series of events in which a bacterial lipopeptide stimulus is received by a cell and converted into a molecular signal."" [GOC:add, PMID:12077222]",3,575,3,20972,0.0052173913043478265,1.0,query_1,"['GO:0042494', 'GO:0070339']"
GO:BP,GO:0071725,response to triacyl bacterial lipopeptide,0.04882335829763963,True,"""Any process that results in a change in state or activity of a cell or an organism (in terms of movement, secretion, enzyme production, gene expression, etc.) as a result of a triacylated bacterial lipopeptide stimulus."" [GOC:add, PMID:12077222, PMID:12524386, PMID:2757794]",3,575,3,20972,0.0052173913043478265,1.0,query_1,['GO:0070339']
GO:BP,GO:0043315,positive regulation of neutrophil degranulation,0.04882335829763963,True,"""Any process that activates or increases the frequency, rate or extent of neutrophil degranulation."" [ISBN:0781735149]",3,575,3,20972,0.0052173913043478265,1.0,query_1,"['GO:0002888', 'GO:0043302', 'GO:0043312', 'GO:0043313', 'GO:0050778']"
GO:BP,GO:0071727,cellular response to triacyl bacterial lipopeptide,0.04882335829763963,True,"""Any process that results in a change in state or activity of a cell (in terms of movement, secretion, enzyme production, gene expression, etc.) as a result of a triacylated bacterial lipopeptide stimulus."" [GOC:add, PMID:12077222, PMID:12524386, PMID:2757794]",3,575,3,20972,0.0052173913043478265,1.0,query_1,"['GO:0071221', 'GO:0071725']"
GO:BP,GO:0032647,regulation of interferon-alpha production,0.04956747817002204,True,"""Any process that modulates the frequency, rate, or extent of interferon-alpha production."" [GOC:mah, PMID:15546383]",32,575,7,20972,0.01217391304347826,0.21875,query_1,"['GO:0032479', 'GO:0032607']"
GO:BP,GO:0071676,negative regulation of mononuclear cell migration,0.04956747817002204,True,"""Any process that decreases the rate, frequency or extent of mononuclear cell migration. Mononuclear cell migration is the movement of a mononuclear cell within or between different tissues and organs of the body."" [GOC:mah]",32,575,7,20972,0.01217391304347826,0.21875,query_1,"['GO:0002686', 'GO:0071674', 'GO:0071675']"
GO:BP,GO:0032607,interferon-alpha production,0.04956747817002204,True,"""The appearance of interferon-alpha due to biosynthesis or secretion following a cellular stimulus, resulting in an increase in its intracellular or extracellular levels."" [GOC:mah, PMID:15546383]",32,575,7,20972,0.01217391304347826,0.21875,query_1,['GO:0032606']
GO:BP,GO:0051281,positive regulation of release of sequestered calcium ion into cytosol,0.04956747817002204,True,"""Any process that activates or increases the frequency, rate or extent of the release into the cytosolic compartment of calcium ions sequestered in the endoplasmic reticulum or mitochondria."" [GOC:ai]",32,575,7,20972,0.01217391304347826,0.21875,query_1,"['GO:0051209', 'GO:0051279', 'GO:1904427']"
GO:BP,GO:0008593,regulation of Notch signaling pathway,0.04959558928009701,True,"""Any process that modulates the frequency, rate or extent of the Notch signaling pathway."" [GOC:go_curators]",101,575,12,20972,0.020869565217391306,0.1188118811881188,query_1,"['GO:0007219', 'GO:0009966']"
CORUM,CORUM:2447,ITGA9-ITGB1-ADAM12 complex,0.04971407451039891,True,ITGA9-ITGB1-ADAM12 complex,3,172,3,3383,0.01744186046511628,1.0,query_1,['CORUM:0000000']
CORUM,CORUM:2346,ITGAV-ITGB5-ADAM9 complex,0.04971407451039891,True,ITGAV-ITGB5-ADAM9 complex,3,172,3,3383,0.01744186046511628,1.0,query_1,['CORUM:0000000']
CORUM,CORUM:2345,ITGAV-ITGB5-ICAM4 complex,0.04971407451039891,True,ITGAV-ITGB5-ICAM4 complex,3,172,3,3383,0.01744186046511628,1.0,query_1,['CORUM:0000000']
CORUM,CORUM:2853,ITGA5-ITGB1-CAL4A3 complex,0.04971407451039891,True,ITGA5-ITGB1-CAL4A3 complex,3,172,3,3383,0.01744186046511628,1.0,query_1,['CORUM:0000000']
CORUM,CORUM:5646,FARP2-NRP1-PlexinA1 complex,0.04971407451039891,True,FARP2-NRP1-PlexinA1 complex,3,172,3,3383,0.01744186046511628,1.0,query_1,['CORUM:0000000']
CORUM,CORUM:5648,FARP2-NRP1-PlexinA3 complex,0.04971407451039891,True,FARP2-NRP1-PlexinA3 complex,3,172,3,3383,0.01744186046511628,1.0,query_1,['CORUM:0000000']
CORUM,CORUM:5541,"Ternary complex (TRAF2, FADD, TRADD)",0.04971407451039891,True,"Ternary complex (TRAF2, FADD, TRADD)",3,172,3,3383,0.01744186046511628,1.0,query_1,['CORUM:0000000']
CORUM,CORUM:2384,ITGA5-ITGB1-ADAM15 complex,0.04971407451039891,True,ITGA5-ITGB1-ADAM15 complex,3,172,3,3383,0.01744186046511628,1.0,query_1,['CORUM:0000000']
CORUM,CORUM:2440,ITGA9-ITGB1-ADAM9 complex,0.04971407451039891,True,ITGA9-ITGB1-ADAM9 complex,3,172,3,3383,0.01744186046511628,1.0,query_1,['CORUM:0000000']
CORUM,CORUM:2445,ITGA9-ITGB1-ADAM15 complex,0.04971407451039891,True,ITGA9-ITGB1-ADAM15 complex,3,172,3,3383,0.01744186046511628,1.0,query_1,['CORUM:0000000']
CORUM,CORUM:2343,ITGAV-ITGB5-PLAUR complex,0.04971407451039891,True,ITGAV-ITGB5-PLAUR complex,3,172,3,3383,0.01744186046511628,1.0,query_1,['CORUM:0000000']
CORUM,CORUM:5659,SEMA3C-PlexinD1-Nrp1 complex,0.04971407451039891,True,SEMA3C-PlexinD1-Nrp1 complex,3,172,3,3383,0.01744186046511628,1.0,query_1,['CORUM:0000000']
CORUM,CORUM:5649,FARP2-NRP1-PlexinA4 complex,0.04971407451039891,True,FARP2-NRP1-PlexinA4 complex,3,172,3,3383,0.01744186046511628,1.0,query_1,['CORUM:0000000']
HP,HP:0031983,Abnormal pulmonary thoracic imaging finding,0.04979146193844411,True,"This term groups terms representing abnormal findings derived from chest X-ray investigation of the lung. In general, lung abnormalities can manifest as opacities (areas of increased density) or as regions with decreased density.",168,241,21,5200,0.08713692946058091,0.125,query_1,['HP:0012252']
GO:MF,GO:0004982,N-formyl peptide receptor activity,0.049892327345418874,True,"""Combining with an N-formyl peptide to initiate a change in cell activity."" [GOC:ai]",4,573,3,20208,0.005235602094240838,0.75,query_1,['GO:0008528']
GO:MF,GO:0097644,calcitonin family binding,0.049892327345418874,True,"""Binding to a member of the calcitonin family (e.g. adrenomedullin, adrenomedullin 2 (intermedin), amylin, calcitonin and calcitonin gene-related peptides (CGRPs))."" [GOC:bhm, InterPro:IPR021116, PMID:10871296, PMID:12037140, PMID:18687416]",4,573,3,20208,0.005235602094240838,0.75,query_1,['GO:0017046']
GO:MF,GO:1902945,metalloendopeptidase activity involved in amyloid precursor protein catabolic process,0.049892327345418874,True,"""Any metalloendopeptidase activity that is involved in amyloid precursor protein catabolic process."" [GO_REF:0000061, GOC:sjp, GOC:TermGenie, PMID:14598310, PMID:17855360]",4,573,3,20208,0.005235602094240838,0.75,query_1,['GO:0004222']
GO:MF,GO:0070053,thrombospondin receptor activity,0.049892327345418874,True,"""Combining with thrombospondin and transmitting the signal to initiate a change in cell activity."" [GOC:BHF, GOC:signaling, GOC:vk]",4,573,3,20208,0.005235602094240838,0.75,query_1,['GO:0038023']
GO:MF,GO:0005534,galactose binding,0.049892327345418874,True,"""Binding to aldohexose galactose (galacto-hexose), a common constituent of many oligo- and polysaccharides."" [GOC:jl, ISBN:0198506732]",4,573,3,20208,0.005235602094240838,0.75,query_1,['GO:0048029']
