group,names,scores,logfoldchanges,pvals,pvals_adj
0,LMAN1L,2.796164,10.079005,0.00517131563755396,0.010849898337511387
0,AL157931.1,6.8649,10.039824,6.653777350446239e-12,1.7224918047595435e-11
0,LINC00261,3.1206586,9.090859,0.0018044706751722892,0.003860370676095379
0,AC012485.2,28.716793,8.666617,2.3544810096866581e-181,1.6308817697531497e-180
0,SERPINA4,12.857715,8.531612,7.784386827862044e-38,2.5945437688852822e-37
0,ORM2,10.084221,8.525095,6.487808651739764e-24,1.9273231641611005e-23
0,LINC01612,21.31272,8.499864,8.652118482288072e-101,4.19665765744001e-100
0,SLC5A1,35.053722,8.459971,3.4217716364866306e-269,3.1941013581664843e-268
0,OR1J1,8.910333,8.400072,5.08794759513594e-19,1.4432194963552358e-18
0,REG1A,4.41017,8.356093,1.0328936860972889e-05,2.3789883863334754e-05
0,AC005256.1,2.9738955,8.30854,0.0029404515394166096,0.006237082954412817
0,CLDN8,12.77321,8.197198,2.3141223568822656e-37,7.68977310871521e-37
0,HABP2,58.30064,8.169797,0.0,0.0
0,AC024230.1,44.682144,8.134208,0.0,0.0
0,APOBEC4,7.0485544,8.074712,1.8078607207913924e-12,4.719218859586112e-12
0,MOGAT1,50.69618,8.074011,0.0,0.0
0,SCEL,3.7555478,8.06366,0.00017296270909237176,0.0003853076582036856
0,AC025580.1,86.5392,8.051361,0.0,0.0
0,AC084866.1,18.20882,8.042737,4.393074697246467e-74,1.849315713263369e-73
0,CKMT1A,9.728766,8.013124,2.273324231826845e-22,6.657346222576491e-22
0,CLDN3,177.50667,8.000229,0.0,0.0
0,GLOD5,8.439166,7.9837384,3.1960912603298416e-17,8.87366085007316e-17
0,OVOL2,63.492107,7.974569,0.0,0.0
0,SMIM22,173.89424,7.9640007,0.0,0.0
0,AP001207.3,5.544186,7.9595666,2.9532457106001574e-08,7.19331430195595e-08
0,KLHDC7A,10.329237,7.9459767,5.197231582835895e-25,1.5602801022895484e-24
0,CKMT1B,10.459401,7.9410896,1.3269148207368338e-25,4.0022403010162315e-25
0,LINC01320,145.53354,7.9113197,0.0,0.0
0,CXCL17,25.604725,7.910565,1.3514902189604077e-144,8.0950597281801e-144
0,AC074124.1,13.816142,7.9002447,2.0369862532866363e-43,7.0937615921498664e-43
0,RAB25,153.18863,7.8917933,0.0,0.0
0,CWH43,32.737247,7.853435,4.6115737557789275e-235,3.858416623439613e-234
0,AP1M2,133.3285,7.81958,0.0,0.0
0,SLC34A2,161.44743,7.7875423,0.0,0.0
0,GJB1,67.89842,7.771298,0.0,0.0
0,UCA1,158.9178,7.709201,0.0,0.0
0,CLDN10-AS1,3.1149936,7.674608,0.0018394894517057422,0.00393338179631032
0,FXYD3,158.4785,7.672089,0.0,0.0
0,WFDC2,193.06477,7.665683,0.0,0.0
0,SHH,18.392319,7.6351886,1.5136794930082154e-75,6.428925668600373e-75
0,ALDH3B2,30.921642,7.6227155,6.114042277360218e-210,4.69599166665935e-209
0,RASSF10,14.456263,7.618601,2.2889390167770304e-47,8.202230514959731e-47
0,UGT2B7,142.11804,7.601169,0.0,0.0
0,SCGB2A1,173.07349,7.587245,0.0,0.0
0,SAA4,6.1313066,7.5785637,8.716011651489122e-10,2.1812613126524235e-09
0,FOXA2,62.312973,7.5716233,0.0,0.0
0,PAX2,126.12894,7.5601807,0.0,0.0
0,EPCAM,185.74068,7.5568805,0.0,0.0
0,C1orf87,9.162579,7.554595,5.0671687592913536e-20,1.4501017115131285e-19
0,AC019117.2,30.883244,7.550588,2.0054636658351878e-209,1.535369470398022e-208
0,FUT9,9.779819,7.550155,1.3745736389345075e-22,4.0318826476747487e-22
0,FGB,6.019594,7.548813,1.7485472582757287e-09,4.354742152419657e-09
0,CBLC,51.500454,7.5162997,0.0,0.0
0,C4BPA,86.62822,7.5138183,0.0,0.0
0,LINC00284,32.83303,7.49011,1.9897430635405144e-236,1.6720225357489582e-235
0,LINC02438,5.76722,7.4855094,8.058990422016677e-09,1.983430617719935e-08
0,MAL2,151.17538,7.4842863,0.0,0.0
0,ADGRF1,38.24769,7.475447,0.0,0.0
0,CDH16,25.440535,7.4637933,8.985191169059065e-143,5.333307153103678e-142
0,EHF,155.12743,7.454828,0.0,0.0
0,HNF1B,54.00252,7.45165,0.0,0.0
0,FAM181A,8.870864,7.426022,7.258067209489933e-19,2.054823516018186e-18
0,GRHL2,63.156227,7.422404,0.0,0.0
0,TMC5,93.01232,7.4151516,0.0,0.0
0,AC026336.2,3.529775,7.4124312,0.00041591351620628384,0.000913815244571523
0,AC004832.1,6.498283,7.401363,8.124181177819552e-11,2.0674686509910984e-10
0,C1orf210,46.32776,7.397019,0.0,0.0
0,RBBP8NL,7.7277474,7.394659,1.0946623003846417e-14,2.94967111752294e-14
0,ANXA8L1,4.415761,7.393565,1.0065516614204221e-05,2.319180870696361e-05
0,TMPRSS4,79.61898,7.382995,0.0,0.0
0,FOLR1,73.20523,7.378702,0.0,0.0
0,GJB3,15.032097,7.3736258,4.5245127680881175e-51,1.657254279726232e-50
0,TRIM55,7.9344015,7.364565,2.115127547524084e-15,5.744485686408336e-15
0,GMNC,16.168715,7.357758,8.38301123999002e-59,3.2289846509767145e-58
0,SPAG11B,3.9529893,7.3468294,7.71808753068736e-05,0.00017385243882439636
0,MUC15,39.291157,7.342113,0.0,0.0
0,VGLL1,8.117188,7.3281713,4.771094378445058e-16,1.3072714003067501e-15
0,KLK5,2.824706,7.3234787,0.004732401505718068,0.009950631562502778
0,PDZK1IP1,91.96639,7.3196077,0.0,0.0
0,LINC00488,2.9372098,7.315799,0.0033117991528819135,0.007013688941902241
0,CTSE,5.194659,7.3152714,2.0509525508569276e-07,4.913098007234154e-07
0,S100A1,96.994705,7.312446,0.0,0.0
0,MIR200CHG,79.583786,7.312446,0.0,0.0
0,OVOL1,8.918558,7.3110476,4.7239774260002415e-19,1.340223703923164e-18
0,AC073174.1,2.9118721,7.304377,0.003592697459707255,0.007595564207813683
0,C9orf152,65.36245,7.3036256,0.0,0.0
0,SLC15A1,25.687971,7.3019347,1.5929828533741556e-145,9.584255606236135e-145
0,FEZF1-AS1,2.4293344,7.299448,0.015126575252346772,0.030977806872798944
0,ESRP1,87.22352,7.2971773,0.0,0.0
0,AP000851.1,4.788112,7.284913,1.6835774872099465e-06,3.950974137980092e-06
0,AZGP1,25.19061,7.2847123,5.076658947581652e-140,2.9818376680521878e-139
0,KLK11,104.26449,7.2794104,0.0,0.0
0,TMEM211,13.869992,7.276346,9.62870529330274e-44,3.3577162868115512e-43
0,PRSS8,94.650604,7.249035,0.0,0.0
0,LINC01913,5.5218453,7.245748,3.3545764212083516e-08,8.157989885143325e-08
0,RIPK4,50.874653,7.2454286,0.0,0.0
0,LAD1,102.96599,7.237627,0.0,0.0
0,LINC00645,23.713902,7.234794,2.591857872199704e-124,1.413811352913453e-123
0,CLDN4,154.1173,7.231679,0.0,0.0
0,ELF3,151.68918,7.2284284,0.0,0.0
0,FGA,2.6215804,7.220269,0.00875231165606958,0.018163412096564996
0,BBOX1,7.073521,7.2128816,1.510509657884159e-12,3.949020639166444e-12
0,DNAH5,48.26936,7.204868,0.0,0.0
0,PRR15L,48.75156,7.192593,0.0,0.0
0,VTCN1,61.808006,7.178074,0.0,0.0
0,DLX6,113.03829,7.1695185,0.0,0.0
0,RNF186,7.408991,7.169302,1.2726386180112163e-13,3.378871382774045e-13
0,AC078864.1,4.875876,7.1673193,1.0832661388947834e-06,2.55381438251877e-06
0,LINC01541,163.32494,7.1660714,0.0,0.0
0,AP000432.1,2.3447416,7.1271644,0.01904026612785931,0.03877522313902484
0,LHX1-DT,2.2883613,7.123074,0.022116494620410657,0.04483794681751605
0,EPPIN,9.508918,7.12072,1.926562890871754e-21,5.592587514621329e-21
0,WDR72,49.473614,7.1180058,0.0,0.0
0,CLDN2,3.2224324,7.1146874,0.0012710715704847585,0.002739349350043402
0,MUC13,17.835045,7.0977454,3.7774476369506765e-71,1.5629126387581603e-70
0,STOML3,8.825183,7.079554,1.0928110092586891e-18,3.085930549397744e-18
0,FYB2,66.698166,7.071774,0.0,0.0
0,AL135924.2,9.558663,7.06868,1.19287647870382e-21,3.471258198597021e-21
0,CRISP3,46.714,7.0591354,0.0,0.0
0,AC092306.1,7.964735,7.0552154,1.655784733340507e-15,4.504474848460087e-15
0,AC008397.1,14.086678,7.05407,4.5863423009635155e-45,1.61575380708856e-44
0,KAAG1,3.7245233,7.053682,0.00019568454465765088,0.00043517212704950465
0,SOSTDC1,31.770601,7.042937,1.6494104322251592e-221,1.3210243127437938e-220
0,ARHGEF38,29.465363,7.0265584,8.002851636613205e-191,5.728210642260406e-190
0,CRB3,110.852264,7.024183,0.0,0.0
0,DEFB1,135.83827,7.0187116,0.0,0.0
0,S100A14,94.87315,7.0140147,0.0,0.0
0,AC092894.1,35.94246,7.011753,6.639059148571426e-283,6.4852528794215256e-282
0,GPR87,4.1675434,7.0113673,3.079002033198531e-05,7.008079817369983e-05
0,RNF223,7.5978627,7.007296,3.010617256650057e-14,8.060390467020385e-14
0,DCDC2,128.10916,7.004053,0.0,0.0
0,HPN,89.57508,7.003776,0.0,0.0
0,GABRP,155.43925,6.9973106,0.0,0.0
0,GCNT3,63.49522,6.9876404,0.0,0.0
0,CYP4F11,16.915825,6.967374,3.439657116929598e-64,1.3675004182266929e-63
0,SLPI,184.17523,6.967025,0.0,0.0
0,AGR2,147.22702,6.94581,0.0,0.0
0,CP,157.01068,6.9455676,0.0,0.0
0,LHX1,5.4121327,6.943688,6.22785142191847e-08,1.5073156139172603e-07
0,HGD,100.37397,6.929286,0.0,0.0
0,AGR3,99.023445,6.911592,0.0,0.0
0,PLA2G10,19.358921,6.902669,1.714388846066814e-83,7.591205740026794e-83
0,C8orf34-AS1,11.719417,6.889445,1.0136722493361282e-31,3.2165881119334407e-31
0,OPRK1,22.073393,6.8752685,5.695229488442257e-108,2.8705554109472413e-107
0,BICDL2,84.6136,6.873029,0.0,0.0
0,CLDN22,13.887191,6.87203,7.574807152743371e-44,2.643868601579214e-43
0,LINC02128,14.599126,6.8705783,2.8447106280276985e-48,1.024964693173841e-47
0,LDLRAD1,16.388813,6.8391294,2.29890810227276e-60,8.936278797251187e-60
0,MYH14,114.97802,6.830579,0.0,0.0
0,MMP26,45.98714,6.828748,0.0,0.0
0,ALKAL1,7.0789165,6.822548,1.452859053031078e-12,3.798943718445984e-12
0,EYA2,135.34709,6.82123,0.0,0.0
0,C6orf15,6.050193,6.8166127,1.4467264228680393e-09,3.607711275744916e-09
0,HNF4G,18.1701,6.804346,8.903846974040432e-74,3.7400271599166573e-73
0,AC013724.1,3.140387,6.802241,0.0016872471220545668,0.0036158470948093537
0,PLEKHS1,31.736921,6.8013973,4.811213940490822e-221,3.847352891558858e-220
0,TMEM61,26.404778,6.8012366,1.207598171308145e-153,7.512728800447028e-153
0,AC008655.1,3.803433,6.781225,0.0001427045949702558,0.00031879804241024184
0,DLX6-AS1,98.921585,6.780613,0.0,0.0
0,CDH1,137.40555,6.7785373,0.0,0.0
0,AC010503.4,48.76891,6.771935,0.0,0.0
0,C1orf189,3.5043173,6.771829,0.0004577796780860645,0.0010047291940495666
0,WNT7A,50.336617,6.7632113,0.0,0.0
0,LINC02303,2.6353269,6.756099,0.008405626892423324,0.01746036093582416
0,AC026336.3,13.903196,6.7538095,6.057490377215971e-44,2.1161846398622588e-43
0,AC130456.2,5.7528796,6.7423477,8.773603267486164e-09,2.157417107074508e-08
0,SOX9,69.83413,6.734484,0.0,0.0
0,C1orf116,18.599134,6.732426,3.2654045670414038e-77,1.4017202632437315e-76
0,IHH,48.200447,6.723176,0.0,0.0
0,SFN,70.23204,6.714328,0.0,0.0
0,LINC01571,7.0999465,6.713922,1.2480533389764768e-12,3.265903356849206e-12
0,TMEM139,83.3017,6.71374,0.0,0.0
0,GDA,83.75833,6.7104573,0.0,0.0
0,CHST9,14.315193,6.7018566,1.758755330289434e-46,6.26026154477203e-46
0,C2orf54,5.0080833,6.684258,5.49746634596363e-07,1.3038921982556822e-06
0,SLC9A4,4.4383225,6.6831355,9.066270251780228e-06,2.090972424981505e-05
0,TSPAN1,144.5365,6.6819224,0.0,0.0
0,ERBB4,64.158775,6.6806803,0.0,0.0
0,SCNN1G,42.541363,6.67419,0.0,0.0
0,MSX2,94.88348,6.667,0.0,0.0
0,C2CD4A,42.656044,6.6536546,0.0,0.0
0,MISP,42.18371,6.645036,0.0,0.0
0,STX19,62.397827,6.64426,0.0,0.0
0,C1orf158,9.242715,6.622095,2.4032031675055502e-20,6.9016725792691e-20
0,ODAM,11.959777,6.6194963,5.771646315107247e-33,1.8518039308732452e-32
0,ILDR1,41.827774,6.616479,0.0,0.0
0,MAP3K19,9.336202,6.613147,9.985239614985016e-21,2.878054656162845e-20
0,PKP3,97.85704,6.611483,0.0,0.0
0,C2orf88,168.48882,6.60085,0.0,0.0
0,HSD17B2,43.724174,6.6004596,0.0,0.0
0,TMEM252,7.603407,6.595909,2.8843479223905475e-14,7.728352079525328e-14
0,SPDEF,71.84149,6.5912857,0.0,0.0
0,KIF12,110.68781,6.587239,0.0,0.0
0,ENPP3,110.179085,6.582972,0.0,0.0
0,XDH,14.831356,6.5802336,9.18580400731199e-50,3.339280692237023e-49
0,PIGR,150.68323,6.5796,0.0,0.0
0,C11orf97,12.885573,6.5793653,5.42703496346488e-38,1.812354074725111e-37
0,TUBA4B,10.21836,6.574355,1.6409330651257005e-24,4.9048663678762115e-24
0,ERICH5,60.553974,6.5740194,0.0,0.0
0,CFAP126,12.535863,6.5653367,4.751628143128041e-36,1.5641556184860833e-35
0,MUC16,130.92177,6.5641065,0.0,0.0
0,AL365259.1,61.660698,6.560675,0.0,0.0
0,CFTR,47.992435,6.560223,0.0,0.0
0,GOLT1A,8.898301,6.541247,5.670782370475739e-19,1.6069209748262004e-18
0,SLC9A2,11.144208,6.5367765,7.642095795231869e-29,2.3680996064089773e-28
0,CAPN13,13.265647,6.532865,3.6624718159625216e-40,1.2441857157172307e-39
0,AC007218.1,2.728467,6.5236506,0.006362947355923795,0.013290505773436287
0,RNF183,37.07507,6.5144467,7.086539687016313e-301,7.293495907646126e-300
0,ITGB6,42.352436,6.5069704,0.0,0.0
0,KRT7,135.49542,6.503309,0.0,0.0
0,CACNG6,7.003194,6.5001893,2.5019186339102558e-12,6.516669409932941e-12
0,NOS1,39.81137,6.4955177,0.0,0.0
0,FABP2,2.5988548,6.4935994,0.00935353047707517,0.019382471770362873
0,TMEM125,91.142334,6.492325,0.0,0.0
0,DAW1,6.1942616,6.4817376,5.855894196639829e-10,1.4706112126070303e-09
0,CCDC60,5.561555,6.473029,2.6738142809475202e-08,6.517316875492509e-08
0,SYT8,6.692721,6.4650655,2.19058497594614e-11,5.623756944228536e-11
0,ANKRD66,9.10986,6.459935,8.24877585184315e-20,2.35493178692884e-19
0,SPX,29.423674,6.4585204,2.7350468547402607e-190,1.953144481041064e-189
0,CFAP47,8.533341,6.448059,1.421806168035804e-17,3.9642546897142616e-17
0,CFAP65,13.101712,6.445488,3.219136140675463e-39,1.0860587348527075e-38
0,FAM83E,16.822206,6.4377356,1.6778996150746584e-63,6.646013508024153e-63
0,ZNF750,11.358699,6.433857,6.713689274076216e-30,2.0987154282782806e-29
0,LINC01510,4.8220215,6.4320564,1.4211075461154066e-06,3.3405971195458527e-06
0,AC023300.2,17.121292,6.4307585,1.0296498424331595e-65,4.135055571736183e-65
0,CATSPERD,8.516676,6.4202375,1.6419793450306603e-17,4.574423617889185e-17
0,AL021328.1,15.380337,6.4188013,2.2179012440229657e-53,8.2350641216984375e-53
0,TMPRSS2,14.334538,6.4084954,1.3312911423374783e-46,4.742532887992674e-46
0,NECTIN4,40.48729,6.4063053,0.0,0.0
0,C8B,3.247542,6.4037814,0.0011640647263886162,0.0025136413399352306
0,FAM83B,18.167833,6.403236,9.278919336274607e-74,3.8959864138872335e-73
0,SNTN,11.917478,6.3983097,9.596993029469654e-33,3.0724493843155023e-32
0,SFTA2,45.005352,6.392786,0.0,0.0
0,IQANK1,25.009289,6.392666,4.844484555963764e-138,2.8197454646171763e-137
0,AP003306.2,33.78626,6.389542,3.1391546452048254e-250,2.757869602596519e-249
0,C11orf16,8.225368,6.3842993,1.9459243240700398e-16,5.356968298212588e-16
0,PRR5-ARHGAP8,6.825192,6.370715,8.780795139720356e-12,2.268751340773592e-11
0,RHEX,147.51997,6.367593,0.0,0.0
0,DACT2,54.002266,6.3650675,0.0,0.0
0,BX005040.1,2.6974497,6.353066,0.006987282841149806,0.01456585215076745
0,CFAP77,9.222505,6.340427,2.902392807543398e-20,8.329859272239186e-20
0,MSLN,66.18569,6.3395166,0.0,0.0
0,FAM81B,11.488213,6.339338,1.5120840989534184e-30,4.7498712517891355e-30
0,PYY,10.963189,6.33006,5.743879214349643e-28,1.76713194184655e-27
0,DNAJB13,54.491737,6.3279176,0.0,0.0
0,AL157714.2,5.9136777,6.3207483,3.345521432416315e-09,8.299890103683661e-09
0,MUC1,170.94394,6.31054,0.0,0.0
0,KDF1,56.460537,6.307598,0.0,0.0
0,LINC00958,70.60872,6.2984834,0.0,0.0
0,AC108752.1,3.2986193,6.2969556,0.0009716159358859303,0.0021052206268754835
0,AKAP14,9.388085,6.2859087,6.110090296012254e-21,1.7639133269087496e-20
0,AP003064.1,2.9033315,6.2827125,0.0036921543512207816,0.0077994268698777045
0,ARMC3,25.635818,6.2787623,6.0857892984458014e-145,3.650882955106063e-144
0,C19orf33,150.86226,6.2767577,0.0,0.0
0,AC025154.2,11.445854,6.2638183,2.4666151884991453e-30,7.736520766282026e-30
0,SCNN1A,133.08377,6.261836,0.0,0.0
0,NWD1,21.28091,6.261162,1.7059779685665046e-100,8.255309390086889e-100
0,MUC6,13.692121,6.2582192,1.131575829800677e-42,3.921248365472533e-42
0,LINC02532,5.8402205,6.2543554,5.213176012331608e-09,1.2891953193561609e-08
0,ASRGL1,180.88452,6.2399282,0.0,0.0
0,VEPH1,23.771767,6.2383556,6.544627585921241e-125,3.580718796212919e-124
0,LRRC31,9.352611,6.2357492,8.551066790857847e-21,2.4656014675346905e-20
0,FUT3,5.0476947,6.229893,4.4717248840670554e-07,1.0633807878114986e-06
0,FGFBP1,14.322231,6.219889,1.5893759332992128e-46,5.6593135910689825e-46
0,IRF6,87.62257,6.2190766,0.0,0.0
0,DYDC1,4.4580774,6.2156973,8.269804113386748e-06,1.9084210836440248e-05
0,GAS2L2,6.170645,6.207761,6.801195746852128e-10,1.7057904483320516e-09
0,LIX1,16.515017,6.1992683,2.860788730153279e-61,1.1178052753836585e-60
0,TP53AIP1,7.6016364,6.1925488,2.92409276969659e-14,7.83145019350195e-14
0,PAX8,159.77217,6.1788917,0.0,0.0
0,PRAME,69.38922,6.178193,0.0,0.0
0,CHIA,8.012344,6.170259,1.125419782613122e-15,3.0705640202351484e-15
0,TTC29,8.900873,6.168733,5.540895584505241e-19,1.5705471371084324e-18
0,WDR38,10.278413,6.16709,8.816774617226991e-25,2.6420404604870527e-24
0,AC013470.2,11.68401,6.163599,1.538630174614186e-31,4.872381435123016e-31
0,SRARP,20.897526,6.1547885,5.639350022833261e-97,2.6827057281161707e-96
0,TFF1,3.6769502,6.1453323,0.00023603915768009604,0.0005232579433667141
0,SCNN1B,55.766632,6.1376076,0.0,0.0
0,TCN1,21.78706,6.135447,3.0779107490537804e-105,1.530635358342803e-104
0,AC021146.12,4.2716856,6.124072,1.9400083315896287e-05,4.443115042937433e-05
0,ANKUB1,8.94142,6.1172185,3.8420271287825148e-19,1.0911102864033923e-18
0,WFDC6,4.7459664,6.1172137,2.075133073462808e-06,4.858430262973639e-06
0,RNF157-AS1,34.069004,6.115471,2.1233790628932224e-254,1.893458646764017e-253
0,AL355601.1,4.4834266,6.1105657,7.345381869068486e-06,1.697627439073504e-05
0,AC007906.2,36.878716,6.1094413,1.0138430585214476e-297,1.0331304783950668e-296
0,AC133794.1,7.217294,6.1082726,5.303225038631216e-13,1.394832578239937e-12
0,PRSS22,66.46025,6.10284,0.0,0.0
0,AC010280.1,6.068591,6.095458,1.2903738997712781e-09,3.220412315910117e-09
0,AL390719.2,53.977623,6.087312,0.0,0.0
0,KRT80,21.49959,6.0846286,1.570704398705408e-102,7.694683919922023e-102
0,LGR5,71.06911,6.0808525,0.0,0.0
0,DYDC2,13.34917,6.0738206,1.1977634917481764e-40,4.086915018708422e-40
0,SMIM31,18.55872,6.0732613,6.933762673339923e-77,2.9726980572189905e-76
0,MSX1,172.05847,6.063797,0.0,0.0
0,SULT1E1,16.992132,6.0601096,9.39114783791369e-65,3.7456730704142264e-64
0,ZBBX,10.102767,6.055294,5.3704887634113226e-24,1.5966303983335297e-23
0,SERPINB5,3.1263862,6.0549073,0.0017696894018194935,0.0037880594460859536
0,PIH1D3,8.265118,6.048314,1.3955716029399526e-16,3.8463466677425645e-16
0,AL035661.1,34.690197,6.047661,1.1072677566710827e-263,1.0154992449683427e-262
0,OBP2A,3.4850147,6.0463505,0.0004921101221809207,0.0010786984075351572
0,DUOXA1,54.570026,6.045542,0.0,0.0
0,PKHD1L1,85.003426,6.0348053,0.0,0.0
0,CST4,6.512431,6.0266647,7.394422111308529e-11,1.8826872410759759e-10
0,AC096637.2,6.8375845,6.0223684,8.053956243405336e-12,2.082520083785901e-11
0,DLX5,158.83195,6.014743,0.0,0.0
0,UGT2B17,15.418996,6.010377,1.2198584876252506e-53,4.539694915958293e-53
0,FRMPD2,9.857657,6.009152,6.351389534136997e-23,1.8697247007483776e-22
0,TEKT1,11.245597,6.008258,2.4344465514370934e-29,7.571846590043901e-29
0,CAPSL,12.528123,6.006898,5.2387959216287415e-36,1.723788625037576e-35
0,IL12A-AS1,16.037947,5.990495,6.941107664253488e-58,2.6573617562130874e-57
0,CLDN7,166.82661,5.9818454,0.0,0.0
0,LINC01508,8.986824,5.9619107,2.5447844063256257e-19,7.23632824052867e-19
0,TACSTD2,138.44402,5.9604564,0.0,0.0
0,SYT14,74.22434,5.953604,0.0,0.0
0,ATP6V0A4,2.3730094,5.9534183,0.017643814778065408,0.03600167580020252
0,AMBP,4.130935,5.923927,3.612900811687268e-05,8.206358887838494e-05
0,IL20RA,135.46649,5.919137,0.0,0.0
0,MS4A8,26.078352,5.91779,6.418501672810592e-150,3.92747240549509e-149
0,CGN,49.754726,5.915317,0.0,0.0
0,AC016866.1,3.0839112,5.90851,0.0020429855985898307,0.004361878688561474
0,MUC4,23.829565,5.896685,1.6497028452168606e-125,9.054762180273045e-125
0,FAM92B,12.154867,5.885683,5.404952405742652e-34,1.7470284878089118e-33
0,AOC1,26.152338,5.882478,9.269795196142489e-151,5.698121720906443e-150
0,ALPP,14.185597,5.8798366,1.1250297289533505e-45,3.977953761899234e-45
0,VSIG2,104.95673,5.87976,0.0,0.0
0,SYNE4,61.182884,5.8788576,0.0,0.0
0,DNAI2,8.42382,5.8719974,3.6440549410432076e-17,1.0111033850688789e-16
0,KRT23,51.882317,5.8699427,0.0,0.0
0,HOXB6,143.88138,5.8559732,0.0,0.0
0,HOXB-AS3,71.99541,5.855276,0.0,0.0
0,C4orf19,41.942863,5.8542767,0.0,0.0
0,USP43,48.84603,5.8398438,0.0,0.0
0,SLC6A14,5.651784,5.836094,1.587910838684725e-08,3.88827896064289e-08
0,ADCYAP1R1,55.01722,5.8271275,0.0,0.0
0,KIAA1324,108.36371,5.8259068,0.0,0.0
0,HOXB8,107.34162,5.825382,0.0,0.0
0,GGT6,20.350452,5.801795,4.600097712018413e-92,2.137009168575877e-91
0,SMIM6,43.871532,5.786481,0.0,0.0
0,LINC01502,10.283571,5.7860413,8.357259524451407e-25,2.505556505211171e-24
0,SRD5A2,6.8511057,5.7849345,7.328145243322354e-12,1.8959566803563032e-11
0,EN2,17.70774,5.781707,3.6544372264590315e-70,1.5017642781301594e-69
0,TMC4,136.41937,5.7778177,0.0,0.0
0,SCGB2A2,46.67826,5.7753167,0.0,0.0
0,SMPDL3B,67.08764,5.769137,0.0,0.0
0,PRR15,136.34033,5.7670493,0.0,0.0
0,RAP1GAP,39.373905,5.763923,0.0,0.0
0,FAT2,10.41651,5.75447,2.084632337065394e-25,6.276642147265478e-25
0,AC007255.1,14.277112,5.7503314,3.0393776482109483e-46,1.079747643370756e-45
0,LAMB3,86.28622,5.750266,0.0,0.0
0,RHOV,15.757662,5.7498164,6.084288050843515e-56,2.2974598752281064e-55
0,SLC17A8,3.637115,5.7305655,0.0002757088984633284,0.0006096247621123258
0,UPK1B,42.341248,5.7291865,0.0,0.0
0,HOXB5,104.438416,5.728823,0.0,0.0
0,RHPN2,91.86119,5.7221813,0.0,0.0
0,EVPL,25.473629,5.709389,3.864394750208387e-143,2.296862472013281e-142
0,SAA2,22.832659,5.7058744,2.1732913488383767e-115,1.1327135871593206e-114
0,PKHD1,6.988167,5.701259,2.785009723542044e-12,7.24914060346252e-12
0,KRTCAP3,147.99756,5.7004404,0.0,0.0
0,ARHGAP8,53.34437,5.700313,0.0,0.0
0,PLS1,69.83976,5.6993914,0.0,0.0
0,KRT18,192.28511,5.6991215,0.0,0.0
0,SPAG6,6.867755,5.6983976,6.5220110710029476e-12,1.68866378630718e-11
0,CD164L2,10.212034,5.692656,1.751532422970897e-24,5.233431225518321e-24
0,GPR39,15.331223,5.6919484,4.730001465874688e-53,1.7518293026457635e-52
0,IDO1,104.36452,5.6885343,0.0,0.0
0,BSPRY,58.417202,5.687218,0.0,0.0
0,TRH,44.546444,5.6862125,0.0,0.0
0,LINC01480,108.24184,5.68436,0.0,0.0
0,PIP,5.1506243,5.6793284,2.5962084497749326e-07,6.206761645822543e-07
0,LIMS4,13.737897,5.6789722,6.01991737731577e-43,2.090065000906521e-42
0,DNAH3,7.7332206,5.675063,1.0485919666598988e-14,2.8267624870089396e-14
0,CA8,77.416855,5.6728673,0.0,0.0
0,TUSC8,4.404379,5.671132,1.0608741756621248e-05,2.442887658112747e-05
0,PLCH1,43.1595,5.670432,0.0,0.0
0,SIAH3,46.540096,5.6671844,0.0,0.0
0,SLC30A2,36.93713,5.665654,1.172204063033784e-298,1.1992489565105978e-297
0,CASC8,37.4806,5.6648602,1.9071604922359135e-307,1.996092425788533e-306
0,ORM1,9.806118,5.65838,1.0596657010223503e-22,3.1120379914003975e-22
0,CCNO,44.246487,5.6471863,0.0,0.0
0,C11orf88,13.392941,5.6469264,6.649391627091197e-41,2.2726169083103796e-40
0,SPINT1-AS1,122.43078,5.6348095,0.0,0.0
0,IGLV3-1,2.4778357,5.623569,0.01321820533730983,0.027168655473846837
0,MFAP3L,71.818634,5.6172953,0.0,0.0
0,AC104667.2,17.974087,5.616757,3.1094350056188146e-72,1.2944949854345461e-71
0,WWC1,88.70822,5.611453,0.0,0.0
0,SERINC2,158.04013,5.6102505,0.0,0.0
0,LCN2,111.45295,5.608082,0.0,0.0
0,LAMC2,73.81699,5.6064787,0.0,0.0
0,MKRN2OS,10.795018,5.6059585,3.6338866613326244e-27,1.1118952088091023e-26
0,MUC5AC,10.414588,5.6047554,2.127163846499875e-25,6.404076856007368e-25
0,FGF18,69.66315,5.6045723,0.0,0.0
0,DNAI1,9.182002,5.6044126,4.231504673105361e-20,1.2120770614612363e-19
0,OBP2B,3.3382268,5.594978,0.0008431491666950242,0.0018315442293395498
0,AL162411.1,6.468668,5.5942335,9.88706608647085e-11,2.5148510536956185e-10
0,PLA2G4F,10.152889,5.593493,3.2169534868985664e-24,9.588811015485966e-24
0,SLC5A8,6.290837,5.580547,3.157588502396287e-10,7.966660232127514e-10
0,TMEM190,8.4143,5.576027,3.952486536439489e-17,1.0962891625391304e-16
0,FREM2,55.165806,5.5738316,0.0,0.0
0,MRLN,8.15048,5.573689,3.624830093825182e-16,9.941665073196816e-16
0,PSAT1,101.34806,5.5712514,0.0,0.0
0,ADGB,7.9787664,5.5688396,1.4780281610727775e-15,4.025503734074404e-15
0,CXADR,144.71085,5.560492,0.0,0.0
0,LYPD6B,22.581417,5.553139,6.599852424395201e-113,3.401961955983697e-112
0,AC129507.2,8.226305,5.5506506,1.9307750549530422e-16,5.316210656876051e-16
0,AL445205.1,2.3447328,5.545931,0.019040720923447114,0.03877522313902484
0,AQP5,21.313492,5.5455546,8.510392857731724e-101,4.128562424327647e-100
0,ACBD3-AS1,8.254086,5.541108,1.5306915052373313e-16,4.217247490851328e-16
0,AL512274.1,18.389973,5.5396543,1.580569479220104e-75,6.711177482381612e-75
0,TJP3,81.927284,5.5321746,0.0,0.0
0,VWA3A,14.0237255,5.5296063,1.1159918159878999e-44,3.9235535271002183e-44
0,GLDC,25.18345,5.524149,6.081478745114585e-140,3.5706737001378515e-139
0,SRGAP3-AS2,4.9854336,5.5225973,6.182295286765006e-07,1.4649712522276012e-06
0,FAM216B,9.892239,5.519837,4.4985300466251656e-23,1.3266800396091983e-22
0,TRPV6,5.518625,5.5190506,3.416625258012188e-08,8.30757901419107e-08
0,AL353747.3,2.6607435,5.5186515,0.00779683444935835,0.016217562576641666
0,SLC51B,7.839293,5.518237,4.530898037592357e-15,1.2266684096694725e-14
0,SIX1,13.086288,5.5125494,3.944125751686091e-39,1.3296367212844897e-38
0,CPA4,4.423872,5.504837,9.694746310813976e-06,2.2345851609242117e-05
0,ESRP2,28.746855,5.5024023,9.915991880795288e-182,6.871604508065918e-181
0,TFCP2L1,82.985275,5.4996147,0.0,0.0
0,UGT8,61.1768,5.488152,0.0,0.0
0,ERBB3,121.201965,5.482556,0.0,0.0
0,UPK3B,12.818704,5.472734,1.2883667423545893e-37,4.290899882107036e-37
0,C15orf59-AS1,4.2943463,5.4676332,1.7520885685491505e-05,4.016897959212862e-05
0,CHST6,37.680546,5.4570513,0.0,0.0
0,FXYD4,2.7283933,5.452298,0.006364367921496252,0.013292574628306842
0,C1orf194,14.650368,5.451727,1.3398877898081702e-48,4.838405411800574e-48
0,MNX1,2.9879205,5.4503336,0.0028088265391034545,0.005961571339381299
0,CPA3,3.1211996,5.447222,0.001801158328810455,0.0038543516214460103
0,CHST4,5.0557227,5.4469666,4.2876446652802963e-07,1.019920216038006e-06
0,SCGB1D2,119.17183,5.446862,0.0,0.0
0,HOMER2,159.8521,5.444739,0.0,0.0
0,DRC7,7.009236,5.4356637,2.3962306058893956e-12,6.245597852607822e-12
0,LINC00992,4.0711627,5.4276643,4.6779019058782026e-05,0.00010602032280191949
0,CAMSAP3,47.719006,5.422132,0.0,0.0
0,PLA2G4E,2.3757558,5.421819,0.017513045612470052,0.03574428453705421
0,MROH9,3.8599706,5.419828,0.00011340062953381915,0.000254236249477978
0,NCMAP,15.834408,5.4176207,1.801471122346589e-56,6.823292644407601e-56
0,AC108860.2,21.628149,5.4089575,9.762057460174455e-104,4.817434295411334e-103
0,SAA1,36.781525,5.4069643,3.645079868062074e-296,3.6997859928471104e-295
0,FAM83A-AS1,2.928771,5.4053745,0.0034030509113619108,0.007203485687107909
0,TMPRSS13,27.981419,5.401158,2.7349788450063325e-172,1.8284661726716572e-171
0,COBL,89.20413,5.400162,0.0,0.0
0,FGFR2,104.16562,5.3912873,0.0,0.0
0,KCNJ16,5.6001616,5.3823814,2.1415238442557467e-08,5.230191817812119e-08
0,PTPN3,110.65828,5.3783793,0.0,0.0
0,EPS8L3,5.780391,5.376525,7.45270597918101e-09,1.8358235729540723e-08
0,LRRN4,4.452411,5.373531,8.491145988469776e-06,1.9590612799763763e-05
0,FAM83F,24.568483,5.370902,2.744854550737097e-133,1.5603314254116508e-132
0,POU5F1,66.086136,5.3693223,0.0,0.0
0,AL353770.4,2.779388,5.3690944,0.005446143094680939,0.011414114370875689
0,RIIAD1,10.092962,5.3665013,5.935076320331072e-24,1.7638019599276197e-23
0,RAB17,65.3814,5.3547177,0.0,0.0
0,SST,27.280602,5.3539753,7.206903896592631e-164,4.671639654613851e-163
0,CFAP52,10.695002,5.3455358,1.0741833741655228e-26,3.2734949265760026e-26
0,DNAH12,10.761253,5.341583,5.2451753731984606e-27,1.602378523865225e-26
0,FRGCA,7.6518283,5.3343434,1.9814203808459016e-14,5.320569914057713e-14
0,PPP1R14C,25.496971,5.326358,2.129730597697571e-143,1.2680328180126918e-142
0,HOOK1,123.67385,5.3222566,0.0,0.0
0,FOXA3,5.5921316,5.320223,2.242989601714683e-08,5.4749707487123446e-08
0,KRT8,183.75905,5.3145814,0.0,0.0
0,AL449403.2,8.44678,5.3120537,2.994472533620789e-17,8.318368020548061e-17
0,CST1,17.257425,5.3063397,9.840310139192989e-67,3.970942230996706e-66
0,FABP6,10.0181055,5.305401,1.2691205995006242e-23,3.75931669242532e-23
0,BX322559.1,3.2616844,5.305177,0.0011075233614910932,0.002394559253837371
0,HDC,3.1357248,5.304304,0.001714299441600642,0.00367203914627147
0,ERVE-1,5.2633963,5.296874,1.4141848563815218e-07,3.39956532287343e-07
0,C20orf85,14.43832,5.287776,2.969942075522925e-47,1.0636384673022832e-46
0,LARGE2,53.849564,5.2823277,0.0,0.0
0,RNF39,22.526543,5.279717,2.280781431851008e-112,1.172133550286317e-111
0,ANKRD18B,8.6037855,5.27683,7.712931313093573e-18,2.1584893887521103e-17
0,CCDC187,8.938763,5.272501,3.935517510081674e-19,1.117558247740668e-18
0,LINC02313,4.516972,5.2707443,6.273023146995966e-06,1.452722361787834e-05
0,TRIM31,10.40269,5.267093,2.4103011489393296e-25,7.252256387292432e-25
0,ANXA3,117.01321,5.255318,0.0,0.0
0,LRRC71,8.015255,5.254704,1.0990890991956554e-15,2.998988857494493e-15
0,LINC00930,11.649801,5.25165,2.299940844783037e-31,7.273536446301988e-31
0,TGM3,2.7538297,5.2495103,0.005890239457546651,0.012321464021278804
0,BNC1,6.3917637,5.247603,1.6398334867823581e-10,4.15701554921115e-10
0,SLC44A4,117.407745,5.24713,0.0,0.0
0,FOXJ1,52.850697,5.237689,0.0,0.0
0,LCN12,73.62236,5.227761,0.0,0.0
0,RASEF,48.80581,5.225529,0.0,0.0
0,CCKBR,2.503144,5.2243643,0.012309546971084155,0.0253448250106787
0,IL5RA,10.075609,5.217807,7.082083846368616e-24,2.1026509648387588e-23
0,PROM1,97.48659,5.2135587,0.0,0.0
0,CHP2,4.529233,5.2073183,5.919822981258071e-06,1.3719553755379664e-05
0,LINC01170,3.0643349,5.202612,0.0021815455840459687,0.0046528900259546445
0,SERPINB3,6.2790227,5.1988187,3.4070830403487746e-10,8.591230768382114e-10
0,MARVELD3,80.4402,5.194275,0.0,0.0
0,CYP24A1,18.507341,5.1920867,1.8017943211575108e-76,7.705556535770746e-76
0,NRXN3,61.626625,5.1905503,0.0,0.0
0,GRIN3B,7.085469,5.190386,1.385743473209473e-12,3.6249829476500367e-12
0,MARVELD2,88.33722,5.1857,0.0,0.0
0,SLC3A1,53.514854,5.1823936,0.0,0.0
0,OLFM4,6.1106944,5.173143,9.919856461820702e-10,2.480525919623725e-09
0,TNNI3,16.401249,5.170682,1.8734939835188692e-60,7.286281433071309e-60
0,ATP6V1C2,48.37601,5.170239,0.0,0.0
0,PTPRT,6.357142,5.1659365,2.055420678633006e-10,5.204135898624585e-10
0,ZNF295-AS1,6.035331,5.162869,1.5863739881743354e-09,3.953718317273138e-09
0,PLPP2,165.69795,5.15611,0.0,0.0
0,SCGB1D4,30.463692,5.154498,7.890615570383499e-204,5.906399986288274e-203
0,DNAAF3,16.102297,5.1538153,2.4580607137072906e-58,9.442118130568137e-58
0,GJB6,8.561141,5.1472774,1.1175550044962217e-17,3.1204510365854843e-17
0,MMEL1,49.594196,5.1456904,0.0,0.0
0,PAK5,6.3534336,5.1425147,2.105609481171253e-10,5.329899445909903e-10
0,IRX6,2.5083454,5.1412477,0.012129805785831992,0.02498639745552582
0,CAPS,156.39941,5.14018,0.0,0.0
0,ADH6,6.1443367,5.133466,8.029840761855601e-10,2.011006307646634e-09
0,SHROOM3,125.52852,5.123839,0.0,0.0
0,FGF9,75.83076,5.122291,0.0,0.0
0,ENTPD8,22.153242,5.1207185,9.707603175889158e-109,4.909718398906991e-108
0,GPR37,11.241061,5.1165614,2.56282184348756e-29,7.969527589965792e-29
0,GP2,5.6516657,5.111608,1.5890043872939452e-08,3.8906249384531386e-08
0,PCAT14,54.270397,5.10923,0.0,0.0
0,NEBL-AS1,7.3174458,5.1088777,2.5273562228787903e-13,6.682035823825044e-13
0,GRB7,69.18385,5.1085544,0.0,0.0
0,SERPINB4,3.845405,5.10715,0.00012035341171419512,0.0002696261884495961
0,LINC01765,8.661225,5.1047096,4.667187397149457e-18,1.3094477204402528e-17
0,CNKSR1,63.394726,5.102017,0.0,0.0
0,TPSAB1,2.7701225,5.0966954,0.005603522623230282,0.011737585477206257
0,FAM183A,11.871963,5.095089,1.655383023494567e-32,5.289250812276087e-32
0,AL357093.2,10.410685,5.087029,2.2162261561468435e-25,6.6709097982109945e-25
0,LEFTY1,40.90473,5.0833073,0.0,0.0
0,PTPRQ,4.9100146,5.0812535,9.106952552690058e-07,2.1504208308197082e-06
0,FGL1,23.315067,5.079507,3.118311321922287e-120,1.66916605518968e-119
0,ERN2,10.886162,5.07455,1.3417605448171409e-27,4.1177433381653634e-27
0,PAGE1,2.6409128,5.0669203,0.008268302699505223,0.017182036679459955
0,SLC23A1,9.013078,5.0664983,2.003538935452023e-19,5.700918604125913e-19
0,KLF5,130.24829,5.063693,0.0,0.0
0,SLC47A2,6.289422,5.05993,3.186501429630621e-10,8.038951896628325e-10
0,DLGAP1,65.67144,5.057967,0.0,0.0
0,LTF,24.14214,5.056332,9.029979047338361e-129,5.035899718803442e-128
0,MYOCOS,14.334414,5.0375204,1.3336871338888495e-46,4.7505207153512355e-46
0,LPAR3,56.550728,5.0291114,0.0,0.0
0,ATP2B2,12.923306,5.0286283,3.3253875810445203e-38,1.112313354624924e-37
0,LINC00871,4.1473613,5.026032,3.363287817177051e-05,7.644443047910804e-05
0,CCDC198,13.164835,5.0231285,1.3984345399720673e-39,4.728820167058718e-39
0,SLC6A2,6.689813,5.02196,2.2345539718564485e-11,5.735683050258886e-11
0,PI3,6.621903,5.0204697,3.5460338843760247e-11,9.0801382986255e-11
0,ABCA13,10.987423,5.0187826,4.392901813701174e-28,1.3529787379776999e-27
0,CHMP4C,93.1792,5.0130973,0.0,0.0
0,KLC3,12.42338,5.011264,1.951400894608651e-35,6.388977484075166e-35
0,LINC01607,7.6029162,5.0080814,2.895304463204799e-14,7.755692064852724e-14
0,SULT2B1,27.305084,5.0057645,3.691129728417058e-164,2.3976827767168143e-163
0,AL355102.4,3.4339075,5.003386,0.0005949473977869871,0.0013005190765543824
0,CES3,12.528637,5.0028234,5.2049639786009814e-36,1.7128388169359085e-35
0,TNNC1,35.55535,5.002143,6.868454840554231e-277,6.588557844724073e-276
0,FAM95C,19.484787,4.9856253,1.4779378103571738e-84,6.58383163803822e-84
0,CFAP57,12.882509,4.979249,5.646919680189774e-38,1.8849697219529683e-37
0,CCNA1,19.21906,4.9711447,2.5637264991479892e-82,1.1264869904629926e-81
0,AL606970.4,4.071094,4.9544487,4.679288442413006e-05,0.00010604397117587533
0,GRAMD2A,7.7802496,4.9540734,7.238168302772342e-15,1.9539703706331102e-14
0,FA2H,6.8155813,4.9320116,9.38834278034562e-12,2.424106184729675e-11
0,LRRC26,25.736338,4.926017,4.584490512831451e-146,2.7636600015619595e-145
0,C4orf54,2.6859634,4.9233255,0.007232098939130211,0.015063176892762143
0,SLC25A48,4.0487638,4.915477,5.148887085544741e-05,0.00011652387285123475
0,LINC01513,8.110392,4.9145694,5.045701073341213e-16,1.3820230687146125e-15
0,SGPP2,59.26226,4.9039774,0.0,0.0
0,ESPN,35.45633,4.8992968,2.3172444408609576e-275,2.209101601902826e-274
0,VWA5B2,6.3588586,4.894276,2.0325813097976302e-10,5.147152031291713e-10
0,HKDC1,36.457916,4.8913546,5.1537451379393056e-291,5.146584845825206e-290
0,MORN5,10.62351,4.8844523,2.3168177458791932e-26,7.036050513106831e-26
0,TMEM30B,85.8097,4.8826103,0.0,0.0
0,INAVA,43.772953,4.8773656,0.0,0.0
0,AL603756.1,20.56265,4.876339,5.930275261994744e-94,2.7762347398132623e-93
0,NMU,14.749152,4.8710184,3.1155317463475303e-49,1.1293893934361145e-48
0,AC112229.3,40.487896,4.870033,0.0,0.0
0,MMP7,111.97998,4.865729,0.0,0.0
0,SPINK13,6.703188,4.8652368,2.0392110940958446e-11,5.2368838625027226e-11
0,BPIFB1,15.347672,4.864441,3.671226978159387e-53,1.3606740881876984e-52
0,AKR1B10,3.8400226,4.855784,0.00012302295275148537,0.000275486914989868
0,LINC02057,2.6552935,4.8556166,0.007923942097533795,0.01647640462920324
0,LRRIQ1,33.812843,4.8537183,1.2771138068337484e-250,1.1242311713987657e-249
0,KRT6A,3.260557,4.850027,0.0011119364199685257,0.0024035962324777745
0,FAM83H,59.00486,4.843796,0.0,0.0
0,CNTN5,2.7679188,4.843154,0.00564155077398781,0.011814840071259063
0,PRR18,2.7933238,4.8401594,0.005216945959040628,0.010942663641402693
0,IRX3,71.94365,4.8379593,0.0,0.0
0,ANXA8,7.6940184,4.8337584,1.4258450717070605e-14,3.836054459544753e-14
0,PERP,179.01732,4.8322434,0.0,0.0
0,UBXN10,61.88068,4.8309646,0.0,0.0
0,RNF43,76.3283,4.827402,0.0,0.0
0,KRT5,19.245392,4.8246493,1.5429059069444477e-82,6.790060211580813e-82
0,CA12,101.559364,4.823744,0.0,0.0
0,SLCO1B3,3.0584612,4.818254,0.0022247688474674988,0.00474344169209975
0,ANKRD18A,24.158115,4.815452,6.135464498300913e-129,3.424757111233273e-128
0,FAM110C,96.71086,4.8152895,0.0,0.0
0,AL023284.4,8.151774,4.814826,3.586219148514724e-16,9.836641393605304e-16
0,PLLP,133.2613,4.814715,0.0,0.0
0,C12orf56,4.2011547,4.8119936,2.655572816592161e-05,6.05635987621118e-05
0,MFSD6L,18.30808,4.8058825,7.134006615018783e-75,3.015876657781227e-74
0,AC112206.2,2.5508146,4.7947845,0.010747147840501643,0.022195930391338742
0,SLC44A3,89.63555,4.7925353,0.0,0.0
0,DMRTA1,30.677736,4.789259,1.12795794330269e-206,8.53827973393491e-206
0,CDHR4,9.706693,4.789177,2.823490089089222e-22,8.259095985565076e-22
0,KSR2,10.911513,4.7880535,1.0155169612249901e-27,3.119318497374356e-27
0,AL353588.1,2.3700817,4.783879,0.01778415544627358,0.0362760620629605
0,ART3,12.633508,4.780494,1.3798656780398418e-36,4.561230856810416e-36
0,ATP2C2,28.438267,4.7698073,6.806474179414994e-178,4.65106560829492e-177
0,CELSR2,79.27528,4.769119,0.0,0.0
0,ERICH3,21.34036,4.766637,4.79236322823804e-101,2.329258850371963e-100
0,TMEM45B,36.57304,4.762134,7.6752303010066e-293,7.709403409594117e-292
0,FGF14,16.432053,4.756673,1.1277554608468797e-60,4.393186038365832e-60
0,SPINT1,146.25546,4.7534814,0.0,0.0
0,KCNMB2-AS1,5.128416,4.745239,2.92190330324274e-07,6.978383849263842e-07
0,CAPN8,7.9741545,4.743021,1.5342754602572264e-15,4.176488607554175e-15
0,AL161938.1,5.8425097,4.7417173,5.142020012727149e-09,1.2718022769955026e-08
0,BARX2,13.087758,4.7397456,3.8686041592116495e-39,1.3044615835561255e-38
0,BLACAT1,5.535157,4.732215,3.1094913222679665e-08,7.568518530267447e-08
0,C8orf34,20.038292,4.7320795,2.5538454599527944e-89,1.1691853300364541e-88
0,LEMD1,15.964526,4.731879,2.2574843085060242e-57,8.606397868878216e-57
0,SLC39A2,4.1980834,4.7268724,2.6918351324916782e-05,6.138607573225139e-05
0,GSTA3,8.111367,4.726178,5.00533047657067e-16,1.3712085537969304e-15
0,SYT13,2.5903091,4.725271,0.009588974558278559,0.01985172728734111
0,SOX17,154.48938,4.721663,0.0,0.0
0,TCTE1,5.1627264,4.7185807,2.4337892353597514e-07,5.821617823486095e-07
0,PLEKHG7,16.737097,4.7173834,7.033631580241792e-63,2.7767077691982764e-62
0,TMED6,20.253477,4.711151,3.3103231395596525e-91,1.5313898708931324e-90
0,B4GALNT3,54.257565,4.705497,0.0,0.0
0,LINC02568,4.733516,4.704737,2.2066321604494166e-06,5.16395700636103e-06
0,AC092611.2,7.6886606,4.702471,1.4868315464556348e-14,3.998738479490455e-14
0,AC012409.1,3.436527,4.697115,0.0005892237278941879,0.0012883719673169908
0,SPATA4,7.049751,4.6919007,1.7923863950538523e-12,4.679220061823584e-12
0,IFNE,6.6542044,4.6903605,2.8483704315056633e-11,7.297901428048208e-11
0,WFDC8,4.0118976,4.6900597,6.023265875158456e-05,0.00013603294000988117
0,CTNNA2,47.246372,4.684628,0.0,0.0
0,FAAH2,55.39747,4.683961,0.0,0.0
0,NUPR2,11.396086,4.682954,4.373436478686846e-30,1.3689467414095034e-29
0,TMEM151A,2.729673,4.679725,0.006339720442676324,0.013245571535307046
0,VWA3B,11.325393,4.677825,9.823778662460251e-30,3.0659752309467734e-29
0,C1orf141,4.9291673,4.6530137,8.258089553999478e-07,1.9517685542973303e-06
0,AC027281.1,5.098458,4.6490726,3.424319329188793e-07,8.164424709344906e-07
0,CLDN10,136.50491,4.646005,0.0,0.0
0,DRC1,9.780778,4.6409593,1.3616014287216623e-22,3.9945909214523415e-22
0,AC008637.1,18.034046,4.639484,1.0529564882101177e-72,4.3942379396583995e-72
0,RSPH1,35.561375,4.637036,5.543188049170385e-277,5.3222526572137016e-276
0,AC034213.1,3.0921712,4.633745,0.0019869829332034416,0.004244362534834388
0,CDS1,89.21688,4.625209,0.0,0.0
0,PAEP,88.20181,4.622566,0.0,0.0
0,MFAP5,55.703964,4.6203537,0.0,0.0
0,SPEF1,11.891332,4.6166277,1.312955470907012e-32,4.1977360855821887e-32
0,HOXB7,138.66199,4.6055307,0.0,0.0
0,ARHGAP26-AS1,3.123259,4.604433,0.001788602466006213,0.0038280130473550326
0,FAM155B,7.328195,4.6032634,2.332729667868017e-13,6.171689423454614e-13
0,TEKT2,16.05258,4.60254,5.483642957648826e-58,2.1017231261415214e-57
0,COL9A1,11.341691,4.6013484,8.155291217725303e-30,2.547045125972473e-29
0,PHYHIPL,54.305157,4.601255,0.0,0.0
0,ALDH3A1,11.476419,4.590743,1.7331020306277374e-30,5.441936854679618e-30
0,TMPRSS3,37.212284,4.5866613,4.31916465107803e-303,4.469113554431492e-302
0,ARHGEF35,126.93848,4.5862355,0.0,0.0
0,SPATA18,49.145172,4.5846844,0.0,0.0
0,B3GNT3,24.805868,4.584127,7.748960292711547e-136,4.454102952702916e-135
0,MUC5B,28.234175,4.5807023,2.2266981504250262e-175,1.5049324236865576e-174
0,INPP5J,19.400505,4.5797615,7.64182449658881e-84,3.391039048328361e-83
0,LINC00939,11.578075,4.578253,5.322783755303399e-31,1.6781727789978797e-30
0,AC108125.1,4.4804287,4.578016,7.4493264882755165e-06,1.721393149705655e-05
0,KRT16,2.7747755,4.576616,0.005523982949364458,0.011574113010372674
0,DMBT1,10.836319,4.575958,2.316034751268965e-27,7.092913798798049e-27
0,CFAP221,26.836168,4.568044,1.2232738572636353e-158,7.742724781168784e-158
0,CRISP2,9.2414055,4.553992,2.4327994237821652e-20,6.986019863498595e-20
0,SLC26A4-AS1,16.69961,4.5500097,1.3192326034309845e-62,5.197389684415735e-62
0,ALPL,61.61958,4.5493617,0.0,0.0
0,LRP2,6.153898,4.545555,7.560145672550029e-10,1.893988994905599e-09
0,CFAP61,5.011271,4.540804,5.40717269875027e-07,1.2828700898155723e-06
0,DIRAS2,12.859707,4.5393357,7.586384498888993e-38,2.5288221064189185e-37
0,AC009090.3,3.5211406,4.5378823,0.0004296947857573359,0.0009436248929516825
0,PROM2,33.303356,4.531851,3.452204224324491e-243,2.9687611564050375e-242
0,S100A2,45.75709,4.5278206,0.0,0.0
0,SPINK1,3.4340801,4.517255,0.0005945682747544666,0.0012997822653724926
0,AC064807.2,6.138808,4.5155077,8.314312097146299e-10,2.0812379038349453e-09
0,CCDC146,116.19911,4.515292,0.0,0.0
0,AC125611.4,4.0962486,4.5140185,4.198986762393463e-05,9.525696114598853e-05
0,ZG16B,60.366272,4.507915,0.0,0.0
0,AL121820.2,11.583528,4.500563,4.994733013501641e-31,1.575387419617259e-30
0,LINC00867,5.4869056,4.49827,4.090357992952428e-08,9.929366516508066e-08
0,CFAP157,14.614544,4.491194,2.2686948589049024e-48,8.178998250807631e-48
0,OMG,10.140035,4.4891615,3.669694239465016e-24,1.0934082701161212e-23
0,TMEM40,3.4877584,4.488641,0.0004870879462428511,0.0010678413359716129
0,EFCAB10,10.314627,4.482774,6.051631572897912e-25,1.8159007478015123e-24
0,TRIM29,7.7526393,4.4812593,9.000187633060916e-15,2.4279374982544623e-14
0,SLC4A11,17.747953,4.47489,1.7874891494688116e-70,7.363178347678603e-70
0,CAPN6,34.071495,4.4677362,1.950472955015179e-254,1.7397768433089218e-253
0,AC018553.1,4.5902934,4.4587097,4.426234018076816e-06,1.0285062386038656e-05
0,EXPH5,92.90386,4.4573464,0.0,0.0
0,TRPM8,8.061662,4.4566984,7.526409921479641e-16,2.0571166558469337e-15
0,STXBP6,126.647064,4.45076,0.0,0.0
0,SPAG17,16.851372,4.4458523,1.0250862448405481e-63,4.062880298703106e-63
0,LMNTD1,3.7467616,4.4424005,0.00017913228916427874,0.00039887908221904634
0,AC245041.2,8.3823,4.4407654,5.1903157118493346e-17,1.4375579147426057e-16
0,ROPN1L,11.05908,4.4384146,1.9811954912189169e-28,6.118386195753704e-28
0,ANKRD1,2.257502,4.4373126,0.02397672489734824,0.04851064653065868
0,CFAP45,11.899014,4.4350967,1.1975325364371895e-32,3.829502131781088e-32
0,FAM201A,14.125571,4.430708,2.6424878033761794e-45,9.323215814948354e-45
0,GPX3,121.184685,4.421937,0.0,0.0
0,MS4A2,3.3200338,4.41559,0.0009000652007274097,0.0019527105965802365
0,MAPK15,16.373993,4.4154043,2.9332652630216105e-60,1.1392112274969704e-59
0,MPZL2,150.11255,4.412679,0.0,0.0
0,C6orf132,72.65673,4.411788,0.0,0.0
0,SLC5A9,8.11186,4.410078,4.985042373129625e-16,1.3657716924591553e-15
0,CERKL,14.249284,4.4036813,4.5290514774196576e-46,1.6065579480386704e-45
0,AC010542.5,9.068566,4.3992004,1.2059298776774305e-19,3.4370780827532595e-19
0,SERPINA6,7.858076,4.394154,3.900790401901539e-15,1.0567247694940036e-14
0,GAL3ST1,23.259756,4.392566,1.1333336035619018e-119,6.045554312269192e-119
0,TMEM184A,44.575394,4.3924985,0.0,0.0
0,C15orf59,18.42008,4.390622,9.067029345669786e-76,3.8589186998983215e-75
0,LRRC46,13.430361,4.3902917,4.0145249938460034e-41,1.3743567122817727e-40
0,LYPD1,33.029636,4.388162,3.050249186305534e-239,2.5878136591036273e-238
0,SH3RF2,21.941118,4.3838186,1.0528302675427699e-106,5.272168677729162e-106
0,SRRM4,15.28696,4.379646,9.341036876297171e-53,3.452977236403739e-52
0,SLC5A5,6.3839135,4.371075,1.7261844279659485e-10,4.3744819707398793e-10
0,AL136962.1,15.205179,4.371062,3.267364529512913e-52,1.2052086825833108e-51
0,C2CD4B,98.25327,4.3703303,0.0,0.0
0,TCTEX1D4,9.446222,4.3696384,3.512805893682272e-21,1.0170519134055081e-20
0,COL17A1,12.110354,4.3693347,9.309076953485774e-34,3.0039219189954564e-33
0,PRSS16,44.42713,4.356937,0.0,0.0
0,DCAF12L1,16.071482,4.3535075,4.043073829266496e-58,1.5509405838542832e-57
0,MST1R,18.48975,4.352667,2.4970775186448882e-76,1.0668672224047215e-75
0,BIK,29.372246,4.352627,1.2425391338291912e-189,8.838471118356458e-189
0,SLC6A20,19.336529,4.3479257,2.6470154434410003e-83,1.1705724182348118e-82
0,DNAH10,9.9967985,4.342456,1.5740361038803078e-23,4.6593941061803154e-23
0,AL121899.1,18.416157,4.340664,9.748556130095903e-76,4.1478334844833984e-75
0,CFAP206,9.694125,4.3387637,3.1936275678565783e-22,9.333848438746409e-22
0,ST6GALNAC1,93.97167,4.3338866,0.0,0.0
0,TPSB2,2.8339365,4.332113,0.004597848122683207,0.009671001220074173
0,ARHGEF16,35.462044,4.3277397,1.8919152492335565e-275,1.8047353274093066e-274
0,KCNC3,86.99643,4.3249183,0.0,0.0
0,C9orf24,12.641054,4.321563,1.253624331038926e-36,4.146593236239307e-36
0,CD24,172.09781,4.319804,0.0,0.0
0,RXFP1,124.38206,4.317479,0.0,0.0
0,SLC16A12,36.94882,4.309888,7.608758524410776e-299,7.792044390787403e-298
0,MAP7,90.26364,4.309545,0.0,0.0
0,PPP1R42,9.713514,4.3089595,2.640718411432479e-22,7.728852646036328e-22
0,PLEKHH1,41.364407,4.305463,0.0,0.0
0,EDN2,5.387712,4.298982,7.136023179639302e-08,1.725092439680187e-07
0,PCDH10,38.99538,4.298262,0.0,0.0
0,SLC15A2,62.139023,4.297337,0.0,0.0
0,CFAP100,8.712459,4.2959075,2.973543518938991e-18,8.361687702651934e-18
0,AL136088.1,5.7177663,4.2932363,1.0793358138561394e-08,2.6504872079176627e-08
0,ACSL5,143.8173,4.2862296,0.0,0.0
0,AC006116.8,16.439413,4.28579,9.988033514648074e-61,3.891832473994302e-60
0,AC022784.1,5.8274856,4.281656,5.626875120378749e-09,1.3903887859413654e-08
0,RORC,63.980213,4.265836,0.0,0.0
0,LINC01123,5.7882986,4.2540226,7.110290136994769e-09,1.7525938054398065e-08
0,A2ML1,4.9969587,4.248834,5.824155759048346e-07,1.3808467478130348e-06
0,LINC00511,24.943678,4.2422895,2.500771356988423e-137,1.4498469392316862e-136
0,AC004982.1,17.252918,4.2367883,1.0638773070234534e-66,4.292031840252431e-66
0,ARL14EPL,2.7818882,4.235783,0.005404362926949051,0.011329623888164846
0,EPPK1,19.6484,4.227085,5.966507574330779e-86,2.681111509157333e-85
0,MECOM,139.77621,4.2258353,0.0,0.0
0,TMEM212,3.738762,4.213629,0.00018492885557129797,0.0004114900028180062
0,SPINT2,186.2562,4.2110105,0.0,0.0
0,TP63,2.5577152,4.2003217,0.010536234172474186,0.02177488395644665
0,CFAP73,11.517615,4.1996303,1.0754577240472854e-30,3.3841551493717625e-30
0,SVOPL,7.708043,4.1973543,1.2776181944255428e-14,3.439065104956475e-14
0,MAB21L3,6.0342402,4.196534,1.597123779621679e-09,3.980189054730465e-09
0,CAPN9,4.615783,4.1960783,3.916156460778924e-06,9.112146934675464e-06
0,MT1H,14.298777,4.1911774,2.2268906905020233e-46,7.91837443296664e-46
0,CFAP97D2,3.9353552,4.1785197,8.307377943657264e-05,0.00018693566079695307
0,TMEM92,44.205193,4.1767054,0.0,0.0
0,FUT2,32.426773,4.1729183,1.1514476041579989e-230,9.50528608485878e-230
0,AL031666.1,28.378061,4.1643586,3.7723955081627053e-177,2.569269016544397e-176
0,AC013271.1,94.486786,4.1636314,0.0,0.0
0,ANKFN1,13.392734,4.1626725,6.668080152995276e-41,2.2787522477733855e-40
0,MARCH10,10.665158,4.161774,1.481460848228426e-26,4.5079758231954286e-26
0,SHISA8,16.41885,4.151618,1.40197231485709e-60,5.455900067399657e-60
0,LINC00336,2.680556,4.1459455,0.007349995019619168,0.015306670444806256
0,AMN,45.62256,4.145004,0.0,0.0
0,DDR1,137.38408,4.1403995,0.0,0.0
0,CNTN3,34.460697,4.1335297,3.1136641068873686e-260,2.821284566155611e-259
0,FP236315.1,4.6837373,4.133383,2.816907347721127e-06,6.577678709279002e-06
0,C6orf118,9.361847,4.1168103,7.835515669931476e-21,2.2601239646343642e-20
0,AC093159.1,2.3365915,4.1131306,0.01946043495691216,0.039601336312159674
0,EVA1A,76.699776,4.1043024,0.0,0.0
0,LINC01836,22.620903,4.097849,2.699014516288598e-113,1.3923959548478e-112
0,C2orf70,7.013039,4.0942583,2.331958829615211e-12,6.0796163261845055e-12
0,LINC02489,3.0614858,4.093281,0.0022024151237454866,0.004696753207038001
0,DAB1,12.290156,4.092386,1.0230789528668542e-34,3.324253700195108e-34
0,LRRC8E,26.564148,4.0898285,1.7628926514563516e-155,1.1033965811778344e-154
0,BMPR1B-DT,19.256523,4.0737033,1.2446010910113137e-82,5.481956095181227e-82
0,SLC47A1,47.250343,4.072833,0.0,0.0
0,FRK,63.149612,4.0726724,0.0,0.0
0,LINC02562,5.0721393,4.071128,3.93368429942465e-07,9.367314942778154e-07
0,LINC01764,8.412582,4.068173,4.010815977808326e-17,1.1123679955682156e-16
0,AL589765.7,2.54216,4.067168,0.011016972324048526,0.022734964520222195
0,AK7,25.758799,4.0627294,2.5689894682985584e-146,1.5510794588142909e-145
0,FRAS1,38.30493,4.0623226,0.0,0.0
0,GRAMD1C,72.67443,4.0530844,0.0,0.0
0,AC005082.1,65.71093,4.0500174,0.0,0.0
0,IDO2,7.954353,4.0491486,1.80070298600745e-15,4.8965623076308515e-15
0,HOXB9,20.118532,4.0481625,5.078853054489709e-90,2.332770268317929e-89
0,CADM1,128.54825,4.0452,0.0,0.0
0,LIMS3,6.0321712,4.0337796,1.6177126407832575e-09,4.031173473247451e-09
0,ZNF888,88.898705,4.032813,0.0,0.0
0,DCDC2B,6.757312,4.0310454,1.4057530646918913e-11,3.617619481301606e-11
0,PCDH8,2.5459664,4.0287375,0.010897569121866376,0.022496070588399954
0,KCTD14,34.04639,4.027612,4.58992398297807e-254,4.0893854292851895e-253
0,CCDC114,11.050565,4.0267806,2.178389861088511e-28,6.725351656843733e-28
0,DSP,155.3648,4.024949,0.0,0.0
0,MET,113.176346,4.0202465,0.0,0.0
0,PPP1R36,22.91335,4.013038,3.4200671186941044e-116,1.7912898565917418e-115
0,HOXB3,119.88366,4.010033,0.0,0.0
0,TP73,9.030715,4.0089374,1.7055326066149183e-19,4.855199067205239e-19
0,TMEM56,59.076744,4.0063677,0.0,0.0
0,SLC28A3,18.737206,4.002177,2.462211744350704e-78,1.062694852431884e-77
0,PRUNE2,73.96308,3.9976263,0.0,0.0
0,KRT19,168.1942,3.99358,0.0,0.0
0,AL137793.1,3.6810474,3.990158,0.0002322777967970903,0.0005151413508616296
0,SERPINA5,88.16495,3.9843144,0.0,0.0
0,CCDC160,24.498453,3.984303,1.5343264841666825e-132,8.690018076990958e-132
0,PRRG4,97.84956,3.983228,0.0,0.0
0,IGFALS,3.250393,3.9805143,0.0011524563044458523,0.0024896181590485745
0,AC010501.1,4.513467,3.9778755,6.377641297727017e-06,1.4766181705659519e-05
0,C9orf116,54.715183,3.9757326,0.0,0.0
0,GLYATL2,9.6538925,3.9747293,4.732465159436209e-22,1.3816956421943597e-21
0,IGSF9,23.284372,3.9726803,6.383946866194171e-120,3.4118735222801875e-119
0,TFPI2,111.84061,3.970206,0.0,0.0
0,STMND1,9.807708,3.9648404,1.0431066893244871e-22,3.0639895881915914e-22
0,AL583810.1,12.745691,3.9643185,3.2945813470602178e-37,1.0933708331750259e-36
0,C15orf62,6.58249,3.9614832,4.6263443502332654e-11,1.1823900176354877e-10
0,KRT15,7.180173,3.958673,6.962338450809391e-13,1.8288712774023954e-12
0,KREMEN2,8.746712,3.9549112,2.1965983756261812e-18,6.184774163749512e-18
0,PLSCR2,6.520678,3.9540985,6.999034364541989e-11,1.7836341944665177e-10
0,LINC01186,6.3798804,3.9532433,1.7722604822506955e-10,4.4905111268176954e-10
0,LINC00885,3.1036503,3.9489338,0.0019114907261849365,0.004085646187703861
0,FAM239A,52.42208,3.945509,0.0,0.0
0,CFAP43,15.982131,3.944251,1.702254900529681e-57,6.496862461184347e-57
0,NAPSA,20.071259,3.941876,1.3162937313959406e-89,6.034216902440572e-89
0,RIMBP2,28.458725,3.934177,3.8005234739648886e-178,2.6021882811216843e-177
0,DCDC1,16.492739,3.9323082,4.137586503994097e-61,1.6152631814948282e-60
0,CFAP299,8.03754,3.9220188,9.165983541213983e-16,2.5032522162083643e-15
0,TSPAN12,119.13887,3.9213765,0.0,0.0
0,FZD5,67.545555,3.9210606,0.0,0.0
0,CYP2J2,22.960917,3.9197807,1.146319116983098e-116,6.018224044266453e-116
0,AC002076.1,3.5575593,3.9188175,0.00037431675579897524,0.000823592793584319
0,ARFGEF3,54.196075,3.9088945,0.0,0.0
0,NOXO1,7.916251,3.904842,2.447786546144234e-15,6.643285808015441e-15
0,AC008897.3,7.321336,3.9044445,2.4551495084588503e-13,6.493351519590766e-13
0,CTSV,46.996895,3.90194,0.0,0.0
0,RSPH10B,3.317922,3.9008563,0.0009068975282281828,0.0019668431622306116
0,TTLL10,13.084555,3.8915825,4.0351671881710447e-39,1.3600317588309977e-38
0,NXPE2,2.5711582,3.8906615,0.010135900792753186,0.020961544717405335
0,ALOX15,3.7504919,3.8887198,0.00017648808801730203,0.00039304779769064373
0,PROSER2,50.983215,3.8808444,0.0,0.0
0,CROCC2,6.7844825,3.8783832,1.1650355605772502e-11,3.002898346323165e-11
0,DYNC1I1,75.84443,3.8758392,0.0,0.0
0,GREM2,25.63021,3.8724284,7.02809841365902e-145,4.213723330183498e-144
0,FAM3D,3.705174,3.8714573,0.00021124561090343083,0.00046913617131510646
0,PALM3,19.880537,3.8703022,5.998930396064905e-88,2.7229981164808045e-87
0,NUP62CL,18.705893,3.867857,4.432505437361749e-78,1.9088121158219253e-77
0,PRG4,4.8860116,3.866403,1.0289903873839268e-06,2.4273397880380876e-06
0,TOM1L1,106.10651,3.8661582,0.0,0.0
0,AC009549.1,10.673374,3.861373,1.356102933016614e-26,4.1277401369651856e-26
0,AC078845.1,5.529397,3.860491,3.2133359818898635e-08,7.818198472193183e-08
0,MT1G,41.41671,3.858941,0.0,0.0
0,CFAP161,5.616678,3.8559277,1.9466354363446734e-08,4.75986245499247e-08
0,BAIAP2L2,22.577051,3.8557553,7.285140876213199e-113,3.7539488006188946e-112
0,LINC00844,20.24757,3.8531334,3.732049753116952e-91,1.7259683034503313e-90
0,EFCAB12,9.892584,3.853059,4.483057586184635e-23,1.3222431607616044e-22
0,FBXO16,31.315002,3.852655,2.9159238122139076e-215,2.2833153601240244e-214
0,AC023510.2,3.4532847,3.8457682,0.0005538042559809988,0.0012122116246178988
0,CFB,43.307507,3.8436153,0.0,0.0
0,SLC26A2,127.93707,3.8363981,0.0,0.0
0,MGST1,145.41505,3.8349693,0.0,0.0
0,ZNF474,5.5052457,3.8312354,3.6865333402449087e-08,8.957444773442011e-08
0,C11orf52,7.4829264,3.8311877,7.268559404761998e-14,1.9356312728156045e-13
0,RASAL1,12.319143,3.83038,7.144937402817384e-35,2.325735442958156e-34
0,AL117382.1,3.4054456,3.8205466,0.0006605615617167917,0.0014406870501715392
0,DNAAF1,15.879191,3.8183703,8.830961557626119e-57,3.3505834625773446e-56
0,MAP3K21,46.94424,3.8134422,0.0,0.0
0,CXCL6,7.629256,3.8128612,2.3611307318381748e-14,6.33302677505185e-14
0,OVGP1,15.943803,3.8065436,3.146106815273146e-57,1.1977916154181712e-56
0,POU5F1B,21.061317,3.806482,1.8009598504213428e-98,8.62980869720503e-98
0,GPX2,6.5296392,3.805818,6.592820127167994e-11,1.6808074871762863e-10
0,BTC,39.12941,3.7957344,0.0,0.0
0,CPB1,2.4173725,3.794084,0.01563301009974615,0.03199585743678261
0,AC022509.2,8.191375,3.7905633,2.5825938016213033e-16,7.094500633428995e-16
0,DNAH11,18.420265,3.7900972,9.03612546757067e-76,3.8462956869054774e-75
0,OCA2,8.435615,3.7788265,3.2946701474780597e-17,9.146534649070726e-17
0,OGDHL,12.4851675,3.7784004,8.99538701199967e-36,2.952638343031795e-35
0,PPP1R1C,4.2209296,3.777477,2.4329693545589052e-05,5.554423389079043e-05
0,AC020978.5,37.361076,3.7772815,1.675803798464796e-305,1.7462598785958009e-304
0,ADGRG2,28.047052,3.777055,4.339159974136555e-173,2.908488772948135e-172
0,TTC36,6.205587,3.7714984,5.449317260585369e-10,1.3693962807782095e-09
0,TFAP2A,8.291162,3.7709336,1.121482007288027e-16,3.0945133826668197e-16
0,CFAP99,4.7820244,3.7676284,1.7353866150289012e-06,4.071321854463204e-06
0,CCDC39-1,6.014388,3.7659502,1.805673368387561e-09,4.495927398433444e-09
0,KAZALD1,35.715168,3.7632473,2.29886137667487e-279,2.2245118525012586e-278
0,CDCP1,84.8928,3.760414,0.0,0.0
0,AC121338.2,4.177486,3.7588644,2.9474906896409646e-05,6.710725211398402e-05
0,GRIN2B,6.586441,3.7554016,4.504942854480753e-11,1.1518387558192971e-10
0,TESMIN,42.966915,3.7507277,0.0,0.0
0,AC226118.1,3.6649086,3.747411,0.00024742696905181863,0.0005481096138535377
0,GPR160,104.57406,3.7330055,0.0,0.0
0,CR1L,5.533881,3.730803,3.132212308642483e-08,7.622620930961672e-08
0,GJB7,4.970292,3.727918,6.685204355726341e-07,1.5826856455184528e-06
0,TLCD1,43.818737,3.7269912,0.0,0.0
0,CRYM,32.808254,3.7238054,4.490087715002081e-236,3.767991881823766e-235
0,AC026704.1,4.0844703,3.721069,4.417751437717375e-05,0.00010019772780915163
0,CCL15,4.320372,3.7182698,1.5576645666139563e-05,3.576195124077964e-05
0,HEY2,77.19817,3.7178402,0.0,0.0
0,AC096772.1,5.7687535,3.7171695,7.986000288459167e-09,1.9657797938468263e-08
0,C12orf74,3.554216,3.7143614,0.00037910792371988015,0.0008339564838726218
0,POU2F3,5.8413234,3.7131686,5.178773518393219e-09,1.2807902147153654e-08
0,FAM166B,9.850773,3.706266,6.801880461071912e-23,2.0015778292901988e-22
0,ERP27,34.159462,3.7059274,9.676310416617461e-256,8.641020689003059e-255
0,AL022068.1,31.335142,3.7046483,1.5506489233919763e-215,1.215776414897915e-214
0,CATIP,10.068509,3.7010145,7.612308869732508e-24,2.2594221668762375e-23
0,STC1,78.71866,3.6993012,0.0,0.0
0,AL355922.2,8.286136,3.698859,1.1698702712184826e-16,3.2277433023165184e-16
0,ARHGEF5,84.20422,3.6981812,0.0,0.0
0,AC012236.1,6.6154737,3.6964688,3.703634698745795e-11,9.479771232640686e-11
0,ENKUR,10.500076,3.6963854,8.631045025077547e-26,2.6086417816357494e-25
0,SDR16C5,6.2585773,3.681219,3.8850557804733133e-10,9.79008715915929e-10
0,CFAP53,24.886217,3.6799934,1.0491146116922976e-136,6.060744916555859e-136
0,PCAT18,5.1358714,3.6786072,2.8083943151541226e-07,6.708327003514064e-07
0,ACADL,38.378777,3.6724324,0.0,0.0
0,COL28A1,16.0313,3.669235,7.725065051865174e-58,2.9567626694488784e-57
0,WDR93,13.906667,3.668337,5.770683716652186e-44,2.01644456337557e-43
0,AC011498.4,12.38831,3.6681526,3.023452911812297e-35,9.884266886543544e-35
0,SLC6A13,3.1372738,3.6641235,0.0017052685011485647,0.0036536468166471388
0,CD9,170.07706,3.6613379,0.0,0.0
0,MPPED2,75.380455,3.6601448,0.0,0.0
0,DYNLRB2,26.802547,3.6600482,3.017744144494625e-158,1.908520938692355e-157
0,MAGIX,58.89007,3.6567197,0.0,0.0
0,AL109615.3,2.412918,3.6563323,0.01582537055560715,0.032370266562683665
0,LINC00964,3.210589,3.655994,0.0013246331615908602,0.0028523958144839904
0,BCL2L15,30.928263,3.6535764,4.981118508616167e-210,3.8277332109845816e-209
0,GALNT3,116.79386,3.6531174,0.0,0.0
0,AC105383.1,4.9952254,3.6490548,5.876703645116285e-07,1.393091575085205e-06
0,ELF3-AS1,11.474515,3.6490278,1.7716918418213463e-30,5.562543656559564e-30
0,PRR29,10.269625,3.6461573,9.657949471730559e-25,2.8932659137615234e-24
0,CCDC129,2.2460186,3.6442392,0.024702809672900783,0.049937192658796814
0,DMKN,145.54843,3.6416533,0.0,0.0
0,DEGS2,69.00088,3.6379538,0.0,0.0
0,FBXO15,11.920672,3.6373882,9.23604709301845e-33,2.957199911985095e-32
0,STX18,153.81454,3.6348019,0.0,0.0
0,TPD52L1,137.1457,3.631778,0.0,0.0
0,ST14,105.44488,3.631499,0.0,0.0
0,PAQR5,11.289712,3.6297016,1.475200547177119e-29,4.598953329796573e-29
0,CELSR1,78.16324,3.6223783,0.0,0.0
0,UNC5B-AS1,10.983893,3.6206968,4.568013168816472e-28,1.4066312942972074e-27
0,MFSD4A,32.730778,3.6187944,5.7008091947055045e-235,4.76588882284996e-234
0,DEUP1,3.458546,3.6162958,0.0005430994692211989,0.0011892012253077997
0,ELN-AS1,6.787617,3.6147776,1.1400076936657987e-11,2.939614365770802e-11
0,MOBP,3.2492473,3.6025293,0.0011571082712279268,0.0024991566719718295
0,ZBED2,14.257306,3.5999322,4.037418806158336e-46,1.4329869435224587e-45
0,GRHL1,29.789473,3.5965962,5.347813937274921e-195,3.8826611547887234e-194
0,LIPH,7.24949,3.59581,4.183445807207581e-13,1.1023766694804733e-12
0,FAM47E,24.705328,3.5926306,9.373893991793173e-135,5.363179222590737e-134
0,PPP1R9A,103.65477,3.5881433,0.0,0.0
0,CASC1,22.745056,3.585668,1.6061510570791715e-114,8.323492743317564e-114
0,PARD6B,76.584465,3.5832775,0.0,0.0
0,MYO5B,65.432106,3.5822365,0.0,0.0
0,MYEOV,5.0699263,3.5792806,3.9796988069235345e-07,9.476159555129868e-07
0,ARG2,66.53461,3.577759,0.0,0.0
0,CCDC78,10.588996,3.5747843,3.351681533844141e-26,1.0164892666717777e-25
0,LYPD6,15.952324,3.5723615,2.7448805152298835e-57,1.045680045411192e-56
0,RIMS4,16.09159,3.5703053,2.922338726296066e-58,1.1221359549463597e-57
0,TMEM213,4.483169,3.5703032,7.354256370228448e-06,1.699551380549205e-05
0,EGOT,17.331501,3.5669959,2.721311718028119e-67,1.1026164298517971e-66
0,SERPINI2,4.547002,3.566146,5.4415545195638025e-06,1.2619653750743486e-05
0,AC022613.1,23.023457,3.5640647,2.714241200513518e-117,1.428385029529564e-116
0,RASSF6,40.050472,3.5545433,0.0,0.0
0,TMEM238,145.73386,3.553429,0.0,0.0
0,AC006273.1,4.7054915,3.548825,2.5325512619296443e-06,5.919948710668546e-06
0,TTC39A-AS1,2.6578376,3.548778,0.007864379403075874,0.016356720340596508
0,TSPAN15,87.84313,3.5460367,0.0,0.0
0,PCP2,12.358422,3.54383,4.3868448032115035e-35,1.4320259012764886e-34
0,LINC01659,36.10681,3.5412462,1.773324280447504e-285,1.7427069486737998e-284
0,ACE2,2.8776922,3.5408611,0.00400595773550471,0.008450186713844123
0,CA9,7.5463433,3.5407414,4.4764861797385247e-14,1.1957026908407102e-13
0,SAMMSON,16.357096,3.5399246,3.8716135695971457e-60,1.5021335751385764e-59
0,DBNDD1,21.634756,3.5358942,8.459662955046402e-104,4.175388102069932e-103
0,AC079035.1,2.7480268,3.5342956,0.005995511649767057,0.012539979600686908
0,PPP1R1B,30.201101,3.5292206,2.2909960551024837e-200,1.6939668678242215e-199
0,AC012560.1,2.3037474,3.5270412,0.021236823304332072,0.04311393180944504
0,ELMO3,55.387695,3.5265937,0.0,0.0
0,SEMA3B-AS1,11.704844,3.5242207,1.2037999492739285e-31,3.8163755289988004e-31
0,F2RL1,50.60856,3.523016,0.0,0.0
0,PTPRF,136.44635,3.5214305,0.0,0.0
0,TMEM101,148.10721,3.5213108,0.0,0.0
0,CITED4,145.78012,3.510634,0.0,0.0
0,SHANK2,35.220474,3.50916,9.718766585853939e-272,9.138360780924481e-271
0,POPDC3,14.961669,3.5089598,1.307073726152263e-50,4.774580741542133e-50
0,ZMYND10,11.264721,3.5084882,1.9597179620917996e-29,6.100826254469304e-29
0,FUT6,7.0338635,3.5075104,2.008917533884681e-12,5.241399140619098e-12
0,CNDP2,162.06635,3.5073261,0.0,0.0
0,FAM3B,8.835011,3.5041435,1.0008905082413431e-18,2.8276529193980983e-18
0,LINC00621,12.713648,3.5037627,4.966232477188286e-37,1.6469028666572786e-36
0,AL049839.2,4.0819755,3.502103,4.4654526138470685e-05,0.00010125733230826952
0,IGSF3,35.668297,3.50005,1.2264800103684166e-278,1.1845880525142705e-277
0,SPATA17,23.175543,3.4950762,8.036473246991985e-119,4.267020763524846e-118
0,CDC42BPG,14.196711,3.4918244,9.601426444288106e-46,3.3968782865569194e-45
0,AC007342.5,7.6877084,3.4847484,1.497938176952925e-14,4.02790805942962e-14
0,AC135782.1,9.934176,3.4786475,2.956082925708845e-23,8.732905274792894e-23
0,SPTBN2,23.379808,3.4757314,6.8591083831888136e-121,3.6836570425580656e-120
0,EFHC2,39.28184,3.4736595,0.0,0.0
0,SYT10,3.4116654,3.470456,0.0006456732357882347,0.001408613164290744
0,VSTM2L,7.4490595,3.46914,9.400789206414106e-14,2.5002167799900247e-13
0,HES2,21.957977,3.4644415,7.266125555820577e-107,3.639775406057481e-106
0,MAP2K6,123.33142,3.4558375,0.0,0.0
0,HOXB4,113.94587,3.4554937,0.0,0.0
0,AC012123.1,12.544695,3.4528952,4.2504906689980186e-36,1.3999351567212463e-35
0,NIPAL1,23.44932,3.4519687,1.3431973163422273e-121,7.2299197938330225e-121
0,UBD,7.85691,3.451897,3.937241294537051e-15,1.0664123800741096e-14
0,CTNND2,16.594948,3.4489346,7.5809772728348524e-62,2.9734170630901876e-61
0,LGALS7B,3.3184216,3.4447165,0.0009052770918798182,0.001963604398816025
0,SLC25A35,67.0577,3.4442246,0.0,0.0
0,PLA2G4A,68.46613,3.4404905,0.0,0.0
0,AC112487.1,3.097969,3.4400198,0.0019485176623015331,0.0041639241781617565
0,AC073911.1,2.725693,3.439938,0.006416665319923121,0.013398180991951352
0,FAM174B,81.76689,3.4397254,0.0,0.0
0,LRGUK,6.9750295,3.4364424,3.0580690670474638e-12,7.955200795828293e-12
0,GSTO2,90.59468,3.434964,0.0,0.0
0,PPM1H,81.14357,3.428852,0.0,0.0
0,PAK6,20.458174,3.4283009,5.080609455386971e-93,2.3684222690444214e-92
0,XKR4,12.389305,3.4261944,2.9861805649837327e-35,9.764481879173956e-35
0,CLDN16,4.620377,3.4240546,3.830436541765368e-06,8.91470649068842e-06
0,RSPH4A,9.516244,3.4170516,1.7955188584024028e-21,5.2141408772567005e-21
0,LINC02166,7.398863,3.4127045,1.3735570745283037e-13,3.6461847034652824e-13
0,TFF3,36.079327,3.4117675,4.785168641742743e-285,4.6965769199854853e-284
0,KCNG3,19.299194,3.4098573,5.455218938438759e-83,2.408290983149932e-82
0,TEX45,5.019631,3.4096224,5.177083199332653e-07,1.228846558956872e-06
0,C2orf50,6.763601,3.4032106,1.3460361648866061e-11,3.4642301397410556e-11
0,NLRP2,38.057888,3.4023137,0.0,0.0
0,AC096536.1,2.4126563,3.3991482,0.015836743219494947,0.03238924183992392
0,RANBP17,104.13732,3.394598,0.0,0.0
0,TNS4,9.262761,3.3910117,1.9921200496923285e-20,5.726418747753051e-20
0,KCNG1,34.170864,3.3899517,6.55248239940083e-256,5.859883493005829e-255
0,PRR36,25.670933,3.3897223,2.468880901763701e-145,1.48454673211694e-144
0,TGM1,12.360117,3.389342,4.2953163516180207e-35,1.402295790424191e-34
0,DSG2,130.35313,3.3869817,0.0,0.0
0,CFAP46,14.900132,3.3845286,3.2892640854481654e-50,1.1991187200866532e-49
0,CLDN1,35.450474,3.3812602,2.8525013992150727e-275,2.718540263507254e-274
0,PPL,73.50612,3.3794432,0.0,0.0
0,PLEKHG6,11.00107,3.3753328,3.7762269481212355e-28,1.1633955969456042e-27
0,NEBL,49.488297,3.371835,0.0,0.0
0,M1AP,11.34622,3.3683157,7.743825091620085e-30,2.41878122391816e-29
0,WIF1,4.562778,3.3682482,5.048119166481675e-06,1.171337981069438e-05
0,DSC2,92.09525,3.3676496,0.0,0.0
0,PRRG2,51.67298,3.3673692,0.0,0.0
0,AC117498.2,7.5938034,3.3669443,3.1064909467017314e-14,8.314194292493108e-14
0,CYP4B1,13.216644,3.366871,7.033250325296854e-40,2.3840389098919702e-39
0,RAD54B,47.76819,3.366406,0.0,0.0
0,LINC01106,17.843815,3.3657303,3.228822379266218e-71,1.3366355916954327e-70
0,KCNK15,50.39522,3.3567495,0.0,0.0
0,FAM239B,12.159525,3.356081,5.1054476060830175e-34,1.6505655770000818e-33
0,SMIM24,12.105867,3.3529098,9.832480633294864e-34,3.171824224331952e-33
0,AC138150.2,8.305689,3.3516045,9.92421161976179e-17,2.7401072765050707e-16
0,PKP2,101.50951,3.3455415,0.0,0.0
0,GPT2,57.108536,3.3435302,0.0,0.0
0,CXCL1,15.909378,3.341029,5.455257818043704e-57,2.07259561625417e-56
0,SRGAP3-AS4,2.995951,3.3356383,0.002735905371386028,0.005810391487214181
0,NME9,7.7143693,3.3319805,1.2158179917815956e-14,3.274423725339297e-14
0,LGR4,101.12079,3.3248885,0.0,0.0
0,SLC46A2,26.727278,3.3164315,2.268899240439389e-157,1.4299524637899712e-156
0,SYBU,54.557434,3.313344,0.0,0.0
0,TOX3,27.79502,3.311586,4.982695440442319e-170,3.305433955306949e-169
0,TMEM232,14.235044,3.3094745,5.552813527949532e-46,1.9676772266491195e-45
0,DNAJC22,65.361725,3.3091648,0.0,0.0
0,AC016705.2,20.176735,3.2991598,1.567664962672326e-90,7.226222371560564e-90
0,SLITRK2,3.6448977,3.2952704,0.000267498288045257,0.0005918628272960904
0,C5orf49,22.4038,3.2937279,3.614060950980887e-111,1.8462773853217567e-110
0,LRRC18,3.022321,3.2914116,0.0025084448517507254,0.005335019614165956
0,FAM149A,42.62169,3.2894847,0.0,0.0
0,NOXA1,70.181465,3.2777174,0.0,0.0
0,AP006333.2,3.3547707,3.2776496,0.0007943083871474568,0.0017267840839534673
0,C9orf135,7.0086594,3.2769005,2.406121357203037e-12,6.2703197965492636e-12
0,LINC01725,14.228078,3.2756655,6.134441152059354e-46,2.173033497841816e-45
0,PIFO,20.981604,3.2726724,9.658274924422516e-98,4.611591272812092e-97
0,HP,13.59721,3.270086,4.1600418062012703e-42,1.4345019759484845e-41
0,AC078864.2,4.880154,3.2667992,1.0600303874213712e-06,2.499607780882911e-06
0,PTGS1,52.46837,3.2621818,0.0,0.0
0,SYCE3,7.9462504,3.258258,1.9224182643749458e-15,5.224319115188292e-15
0,LRG1,65.087036,3.2557063,0.0,0.0
0,LLGL2,125.71175,3.253399,0.0,0.0
0,AC004816.1,13.562215,3.251462,6.70795507047814e-42,2.309231091148005e-41
0,HNF1A,4.637176,3.2498636,3.5320168542495894e-06,8.228238856884907e-06
0,GALNT5,6.4608006,3.2477171,1.0415039147011422e-10,2.648273261346623e-10
0,RNASET2,163.86935,3.2461529,0.0,0.0
0,EPS8L1,89.105736,3.2356687,0.0,0.0
0,C10orf67,4.5449777,3.2346199,5.494105674070682e-06,1.2740570533351034e-05
0,AC012377.1,4.358228,3.2320926,1.311195360652113e-05,3.0139160353766815e-05
0,SBSPON,81.79481,3.2300158,0.0,0.0
0,WDR63,8.33555,3.2290132,7.713851946151799e-17,2.132486780856115e-16
0,RIBC2,14.986877,3.228511,8.946175577456985e-51,3.2714085254669075e-50
0,TIGD4,13.705289,3.227909,9.439066113514406e-43,3.2720190261371663e-42
0,CCDC158,3.374913,3.2277863,0.0007383906266123744,0.0016073699884989897
0,C16orf71,6.7150655,3.2276442,1.8798195531417267e-11,4.829156589556259e-11
0,ANKRD30BL,2.3053753,3.2233539,0.021145556299544746,0.04293710719072528
0,CCDC33,17.280571,3.2215497,6.58928079972959e-67,2.6614597710042137e-66
0,EPN3,21.127691,3.2212074,4.426758951160033e-99,2.1271430177783447e-98
0,KCTD1,92.81904,3.2176461,0.0,0.0
0,CLGN,14.694595,3.2160761,6.981460450279475e-49,2.5254681429867477e-48
0,FOXP4-AS1,3.8080971,3.215706,0.0001400403173572811,0.0003129365981173803
0,DNAH9,12.327047,3.215614,6.477682068094096e-35,2.1092048006593367e-34
0,DPP10-AS1,3.875563,3.214947,0.00010637852407487686,0.0002386817454506148
0,SH3YL1,154.5487,3.2139943,0.0,0.0
0,TUNAR,44.829853,3.2089145,0.0,0.0
0,TTLL9,8.5471325,3.2038972,1.2618439049474936e-17,3.520791691812962e-17
0,CMTM4,72.75117,3.197717,0.0,0.0
0,TRMT9B,59.655067,3.1913176,0.0,0.0
0,ST3GAL6-AS1,6.883184,3.1912148,5.85294091707178e-12,1.516446013278041e-11
0,SLC52A3,45.490456,3.1881683,0.0,0.0
0,GAL,26.00714,3.1855862,4.111903621442045e-149,2.5101047842763042e-148
0,DSC3,7.307044,3.1846793,2.7308293719914013e-13,7.216291330381176e-13
0,AL033384.1,4.6446366,3.1803434,3.4067525272921505e-06,7.939413388705965e-06
0,RHBDL2,23.014297,3.1772125,3.35257347141845e-117,1.763410283885807e-116
0,AFDN-DT,36.94384,3.1761193,9.146783576417031e-299,9.364015899182549e-298
0,DPP10,5.9522896,3.1731002,2.6441717313325396e-09,6.5704627512698824e-09
0,NTF4,3.1401896,3.1729174,0.0016883846678508705,0.0036180340379440377
0,DEPTOR,92.20871,3.1683311,0.0,0.0
0,PCDH7,109.27819,3.1671138,0.0,0.0
0,KBTBD12,7.12612,3.165896,1.0323749681317041e-12,2.7049519447309746e-12
0,KIF1A,3.861741,3.164096,0.0001125818835272834,0.00025243530718062595
0,CXCL5,5.543789,3.1605394,2.959954212845988e-08,7.209086277102517e-08
0,PCK1,3.0490875,3.155743,0.0022953767958251983,0.004891960462596152
0,ABCC3,87.931046,3.1486936,0.0,0.0
0,NAV2,77.537186,3.148299,0.0,0.0
0,PTPRR,4.890723,3.1457238,1.0046625072913676e-06,2.370675226206619e-06
0,DUOX2,6.808984,3.1439948,9.829060400052546e-12,2.5368415013313073e-11
0,KISS1,2.353248,3.141185,0.01861021868674386,0.03792352007326383
0,MEIG1,9.376392,3.141146,6.82687118533244e-21,1.970287680689791e-20
0,SLC7A4,9.908476,3.1372893,3.824352330689432e-23,1.1282861539196093e-22
0,SDC4,105.24959,3.1364253,0.0,0.0
0,PRKAA2,59.337162,3.1288798,0.0,0.0
0,OCLN,91.76681,3.1258614,0.0,0.0
0,KLK10,44.143024,3.1239722,0.0,0.0
0,GNMT,8.526579,3.1236515,1.5073975275066125e-17,4.201004092213424e-17
0,HRASLS2,8.179403,3.1220617,2.8525265204336966e-16,7.832537061748779e-16
0,FAM169A,49.365723,3.1193237,0.0,0.0
0,AL078590.3,4.79425,3.1161027,1.6328443973466386e-06,3.83395288222993e-06
0,AC010329.1,20.34906,3.1114354,4.732712165474921e-92,2.1972951013719904e-91
0,C19orf81,46.8808,3.109425,0.0,0.0
0,BMPR1B,77.54665,3.1083632,0.0,0.0
0,AP006284.1,18.723642,3.1070902,3.176662514939895e-78,1.3700964045387571e-77
0,C6orf141,49.582916,3.1040494,0.0,0.0
0,AK4,76.55913,3.1020143,0.0,0.0
0,SLAIN1,48.555626,3.098547,0.0,0.0
0,AC012485.3,7.780833,3.092292,7.204865185098925e-15,1.945319894084498e-14
0,C4orf47,12.744015,3.0831413,3.366183499681977e-37,1.117013457426142e-36
0,CYB561,105.541504,3.0821846,0.0,0.0
0,PART1,34.771927,3.079149,6.463313603508734e-265,5.954147050481205e-264
0,THSD4,71.78015,3.0760033,0.0,0.0
0,LINC01091,8.486701,3.075964,2.1258503645755345e-17,5.913388283497078e-17
0,ITGB8,138.93353,3.0734754,0.0,0.0
0,SMIM5,24.941778,3.0702858,2.6223026343070297e-137,1.5200207711651795e-136
0,NR2E3,8.410992,3.0701818,4.0655871264072e-17,1.1273560139589747e-16
0,CCDC113,28.714293,3.0690956,2.5299449370378403e-181,1.7512431840767866e-180
0,NRCAM,37.924904,3.0667932,0.0,0.0
0,KIF6,10.4211,3.0664616,1.9864275376603223e-25,5.983287779599218e-25
0,JSRP1,3.9043143,3.0609753,9.449290472425764e-05,0.0002123531016005694
0,SLC7A1,98.21041,3.0603695,0.0,0.0
0,AC128688.2,3.134215,3.054695,0.0017231441934838503,0.0036902174049338525
0,SFTPD,12.430633,3.0475528,1.7821747446494428e-35,5.836778089740418e-35
0,KIAA1217,115.78093,3.043302,0.0,0.0
0,SHANK2-AS1,2.9042099,3.0425417,0.003681811586547584,0.007778641787232633
0,HES5,10.497722,3.0424745,8.849045508025304e-26,2.674268597990985e-25
0,KLHL31,6.5836616,3.03743,4.590010751514775e-11,1.1732009783085276e-10
0,AL035420.3,3.6851335,3.035584,0.0002285827319001164,0.0005070556588557308
0,CNGA1,12.489343,3.03554,8.535623847216588e-36,2.802916768443722e-35
0,AC009686.1,3.05801,3.0353236,0.0022281207422141258,0.004750260590440228
0,NTN1,44.887726,3.0345817,0.0,0.0
0,AL021392.1,6.234155,3.0323226,4.5422317452823076e-10,1.1431215418242837e-09
0,CCDC81,6.7397947,3.029739,1.586104529811216e-11,4.078686471659477e-11
0,ABHD11,115.42751,3.0288658,0.0,0.0
0,ITGA2B,13.001929,3.0277863,1.1929599381476882e-38,4.0059553246773794e-38
0,CUX2,4.791083,3.0275805,1.658837420486587e-06,3.893506087103505e-06
0,PAPSS1,138.28134,3.026123,0.0,0.0
0,SIX4,34.766327,3.0253637,7.854454733837864e-265,7.2335408956712415e-264
0,IGF2BP2,95.33887,3.0243292,0.0,0.0
0,AMH,3.2150352,3.0219698,0.0013042856910508542,0.0028093635691204093
0,DLEC1,8.851391,3.021413,8.643554347581889e-19,2.4450515670942104e-18
0,SULT1C2,20.585108,3.018322,3.732047623932323e-94,1.7497936273191186e-93
0,AC025580.2,5.2779155,3.016353,1.306615428998348e-07,3.1436683064029223e-07
0,SH2D4A,94.009285,3.0103145,0.0,0.0
0,MDH1B,13.466749,3.0083766,2.454348756934515e-41,8.413548916434677e-41
0,CYP4X1,21.98478,3.0073178,4.027428042267228e-107,2.020053854306284e-106
0,ZNF165,21.33575,3.004117,5.288816577408999e-101,2.5681296772659846e-100
0,SCGB3A1,15.3032465,3.0026476,7.273606004499395e-53,2.690990433098669e-52
0,CMTM8,105.19068,3.0022326,0.0,0.0
0,SORD,88.59192,3.0003939,0.0,0.0
0,CLDN9,2.6099741,2.9987206,0.009054909164805763,0.01877625478407593
0,HMGA2,26.894281,2.9980617,2.561911459949734e-159,1.6248922120391224e-158
0,SDC1,39.971542,2.9968898,0.0,0.0
0,RIBC1,14.000655,2.995522,1.544393429908489e-44,5.422922942306484e-44
0,ID1,135.09192,2.9920928,0.0,0.0
0,LINC00240,31.62344,2.9920232,1.7585366526600576e-219,1.3979190412490846e-218
0,KRTDAP,2.6578197,2.9896932,0.007864795062011994,0.016356720340596508
0,AL358075.2,2.937056,2.9880173,0.0033134419362401053,0.007016687216401024
0,CABP4,17.073751,2.9837077,2.3275002480815892e-65,9.319348382880902e-65
0,AC087857.1,2.342815,2.9813657,0.019138875064124483,0.03896483839054709
0,VWA8-AS1,2.4856346,2.9778228,0.012932064789528932,0.02660175217637076
0,AL355338.1,69.31964,2.9708693,0.0,0.0
0,RDH10,76.94485,2.9695666,0.0,0.0
0,CLIC6,20.800425,2.9677663,4.289963920789163e-96,2.0317179727218915e-95
0,S100P,8.225857,2.96451,1.9380062130617227e-16,5.33564564645454e-16
0,DNMBP-AS1,4.987403,2.9630616,6.119637419565668e-07,1.4502348851902782e-06
0,MYB,13.738935,2.9623165,5.934207390035706e-43,2.0605386788432036e-42
0,C7orf57,7.9419675,2.9622643,1.9899916963542994e-15,5.407004251360205e-15
0,KRT13,4.4752274,2.9543245,7.63300117618006e-06,1.7627823907359867e-05
0,LINP1,2.4805582,2.9518728,0.013117682364985351,0.026969214984008665
0,KCNK13,16.721352,2.9509904,9.16175373134485e-63,3.614530540907267e-62
0,KCNK5,22.155127,2.9507892,9.309723806507156e-109,4.7100283792391005e-108
0,TEKT4,8.220225,2.9487734,2.0312078741197633e-16,5.589257635810142e-16
0,SYT17,34.29449,2.946948,9.480566105825262e-258,8.525337696617438e-257
0,AC004982.2,41.3307,2.945477,0.0,0.0
0,NPAS3,59.167107,2.944821,0.0,0.0
0,SDCBP2,40.877537,2.9428709,0.0,0.0
0,PATJ,122.60644,2.9415798,0.0,0.0
0,SEMA3E,21.15518,2.9401674,2.472490158745563e-99,1.1891885050785732e-98
0,KIAA1522,103.69482,2.9401329,0.0,0.0
0,PLEKHB1,30.884531,2.9393532,1.9272353379972606e-209,1.4758439690654443e-208
0,DCT,3.8722787,2.9364905,0.00010782255439890174,0.00024188660004404851
0,RASGRF1,15.905131,2.933255,5.838063428818983e-57,2.217760894721095e-56
0,BCO1,8.9659605,2.9311733,3.075881935407309e-19,8.741727170357122e-19
0,KLK7,4.8751884,2.928851,1.0870461875173924e-06,2.56253043380368e-06
0,AL356740.1,3.506221,2.927837,0.0004545176727201959,0.0009977114851394242
0,AC021242.3,5.4143424,2.9266093,6.151431095321109e-08,1.4889363369338985e-07
0,FHAD1,14.4142475,2.9256127,4.210038002384258e-47,1.5058401173439447e-46
0,FOXQ1,38.035152,2.925228,0.0,0.0
0,EFCAB6,15.8869505,2.923962,7.803187906373379e-57,2.96172330372445e-56
0,ICA1,107.517685,2.9192033,0.0,0.0
0,SOX6,65.87815,2.9180062,0.0,0.0
0,ANAPC4,117.80718,2.9146202,0.0,0.0
0,GATA5,2.714021,2.913555,0.006647194716749149,0.013869226160167822
0,CFAP58,6.5020766,2.912684,7.921869779035734e-11,2.016481874984825e-10
0,WDR49,8.322229,2.9121315,8.632414901434725e-17,2.384716190191661e-16
0,SLC25A10,36.44706,2.9119437,7.657731868282122e-291,7.64462270197014e-290
0,AC007342.4,4.8661447,2.9118333,1.137961460604709e-06,2.681327655935789e-06
0,DUOX1,60.639313,2.910099,0.0,0.0
0,FSBP,22.830256,2.909564,2.29615211444932e-115,1.1963447977290146e-114
0,GPRC5C,103.19434,2.90877,0.0,0.0
0,NXNL2,70.27099,2.907339,0.0,0.0
0,EEF1A2,7.1679077,2.9032743,7.615273561163871e-13,1.999025479487785e-12
0,TTC39A,26.170626,2.903121,5.741097461544601e-151,3.5339593555857193e-150
0,C3,118.33295,2.902422,0.0,0.0
0,XK,6.339406,2.898115,2.3065293038754414e-10,5.834662071933071e-10
0,C3orf52,12.352452,2.897188,4.7248886374290605e-35,1.541398914049187e-34
0,AC025034.1,13.570517,2.8971272,5.989800772174442e-42,2.0624640426202703e-41
0,CCDC173,9.710233,2.8951797,2.727137554388823e-22,7.978006662895917e-22
0,SDR42E1,26.242691,2.8940241,8.661607500232864e-152,5.344466021355503e-151
0,AC027031.2,65.48046,2.8939896,0.0,0.0
0,FAAH,46.50644,2.8926566,0.0,0.0
0,HRH1,79.17731,2.8908243,0.0,0.0
0,SAMD12,64.135345,2.8890946,0.0,0.0
0,DNAH7,19.125053,2.8831205,1.562137900905568e-81,6.837699490622913e-81
0,RHOXF1-AS1,3.789416,2.8821678,0.00015100187540145356,0.0003370902826314716
0,SPA17,62.073975,2.8787055,0.0,0.0
0,RASSF7,111.263275,2.873146,0.0,0.0
0,HMGCR,106.15918,2.8713176,0.0,0.0
0,CATSPERB,7.2756295,2.8703198,3.4480816827208815e-13,9.098425729348099e-13
0,GALNT12,36.56895,2.869902,8.913831770692505e-293,8.947703752412902e-292
0,SNORC,7.3799357,2.8679657,1.5836578421665297e-13,4.1999410440913793e-13
0,VWA2,4.999679,2.8659081,5.742575981794226e-07,1.361713947132992e-06
0,PLEK2,23.70289,2.8630195,3.3665420536095803e-124,1.8344449092191696e-123
0,DNAH6,18.014973,2.8577037,1.4865308010728842e-72,6.196952720361429e-72
0,HOXB2,121.81596,2.8566701,0.0,0.0
0,ADGRV1,11.435915,2.8561609,2.7660523710865328e-30,8.672183062809035e-30
0,AL022323.1,4.6981688,2.8531325,2.6250422074018042e-06,6.134294533809736e-06
0,PODXL,117.65862,2.8502202,0.0,0.0
0,LINC01133,17.921724,2.8470874,7.981521384567399e-72,3.3169945062905015e-71
0,CXCL3,14.221384,2.8443613,6.7504073229752115e-46,2.3904083310173563e-45
0,GJB2,18.433943,2.8418427,7.017643267909708e-76,2.989995870985461e-75
0,KRTAP5-AS1,3.4525115,2.8374364,0.0005553936348396863,0.0012156044948651076
0,ZNF816-ZNF321P,46.00787,2.8360136,0.0,0.0
0,TTC25,11.523872,2.8343854,1.000126330186478e-30,3.148070525213716e-30
0,CCDC148,27.32067,2.8284082,2.41020523527229e-164,1.566937593743388e-163
0,LMTK3,17.658691,2.825735,8.724027122979248e-70,3.5769900011928844e-69
0,KLHL14,31.199656,2.824573,1.0769888049186581e-213,8.388733113311736e-213
0,CLU,123.61943,2.8238473,0.0,0.0
0,UBXN10-AS1,32.851852,2.823241,1.0716837916741697e-236,9.012933591639064e-236
0,GDF5,3.7532308,2.822738,0.00017456996894674526,0.000388804066457956
0,MAP3K9,20.990524,2.8219137,8.005814773075823e-98,3.826128300470921e-97
0,PCLO,34.60914,2.8197887,1.8409151030837866e-262,1.6823525455650679e-261
0,GRIP1,25.601675,2.8195505,1.4614435926488386e-144,8.751954489052054e-144
0,VWDE,12.545067,2.818637,4.230569593713927e-36,1.3935224814336177e-35
0,SCIN,32.54139,2.814719,2.771745445285925e-232,2.2985333103689854e-231
0,SLC29A2,14.566261,2.8088999,4.6040507696701007e-48,1.6577049992799836e-47
0,CCND1,95.444786,2.8079467,0.0,0.0
0,AC116407.1,6.923734,2.8071177,4.398908860000494e-12,1.1415371631908923e-11
0,AC027117.2,5.856143,2.802208,4.737403820280607e-09,1.1722893504676758e-08
0,AC099518.4,3.3683186,2.7996023,0.0007562812997736466,0.001645272480615478
0,GMPR,102.474846,2.7982028,0.0,0.0
0,BAIAP2L1,39.38289,2.7963789,0.0,0.0
0,PLPPR3,5.6609006,2.7954125,1.505807148063247e-08,3.689257354355194e-08
0,CLUL1,16.229706,2.7952375,3.1094890417259847e-59,1.2007118667244502e-58
0,CLIC5,37.84983,2.7928462,0.0,0.0
0,ST3GAL6,75.848724,2.7911546,0.0,0.0
0,STOX1,20.265635,2.790699,2.5860868783080256e-91,1.1967088957608346e-90
0,MB,4.8414474,2.7886662,1.2889697995543118e-06,3.03182569214803e-06
0,ESRRG,22.580557,2.7861676,6.729537805140338e-113,3.468231197990202e-112
0,KLHDC9,56.045116,2.7850637,0.0,0.0
0,TRIM2,109.42314,2.784641,0.0,0.0
0,KCNK1,97.00768,2.7826536,0.0,0.0
0,RGL3,74.28662,2.7814481,0.0,0.0
0,RAB3IP,85.084145,2.7784882,0.0,0.0
0,EPB41L4B,28.85451,2.776441,4.4481343325146825e-183,3.0984558894530376e-182
0,SPAG4,35.21363,2.7736478,1.2369487553135913e-271,1.162724305975583e-270
0,GLRA2,2.7253664,2.7714593,0.006423016249249123,0.013409630046983426
0,IQCH,12.7928505,2.7709737,1.7975815017726107e-37,5.979105841076848e-37
0,KLHL32,5.82833,2.7696664,5.598475746404643e-09,1.3834819692502465e-08
0,CALN1,3.5918984,2.7693093,0.00032827773979145843,0.0007236345555762503
0,LINC02345,6.1430407,2.763651,8.09565316774899e-10,2.027159948599352e-09
0,ACY3,16.655489,2.7621567,2.7607556561033576e-62,1.0854430105989883e-61
0,LZTS3,59.42115,2.759799,0.0,0.0
0,CFAP74,7.61122,2.755567,2.715212937711818e-14,7.276431654024032e-14
0,MLPH,77.11005,2.7521183,0.0,0.0
0,VNN1,31.096886,2.7514732,2.6536620936848983e-212,2.0596869495107775e-211
0,ABO,54.609825,2.7506564,0.0,0.0
0,EYA1,3.004432,2.7498534,0.002660773183172436,0.00565315987985911
0,JPT2,108.66941,2.7467818,0.0,0.0
0,SPP1,75.168396,2.7438653,0.0,0.0
0,AL355916.1,5.5415215,2.743557,2.9985432911176826e-08,7.302496060087795e-08
0,APOL1,113.601944,2.7429953,0.0,0.0
0,IRX5,6.5431724,2.7425635,6.022732187780021e-11,1.5368608299844543e-10
0,MT1F,82.102356,2.739889,0.0,0.0
0,MCCC2,112.93387,2.7397828,0.0,0.0
0,ZDHHC11,7.6171594,2.7394586,2.593187164521915e-14,6.951225992530687e-14
0,VPS9D1-AS1,9.867737,2.7393966,5.744594527106625e-23,1.6917406674538777e-22
0,FBXL16,19.988577,2.7362592,6.924135294544138e-89,3.1624685909335845e-88
0,STON2,47.296185,2.7323563,0.0,0.0
0,GAD1,4.503498,2.7321687,6.684399971010889e-06,1.547062677130699e-05
0,ADAMTS8,39.406662,2.731026,0.0,0.0
0,DGUOK-AS1,16.947573,2.7309358,2.005670226410182e-64,7.98418981036315e-64
0,RBBP8,96.922905,2.7294633,0.0,0.0
0,NME5,56.387302,2.7210534,0.0,0.0
0,DHCR24,61.411488,2.7144754,0.0,0.0
0,PDZK1,6.223446,2.7139337,4.863523168867747e-10,1.2228840756605555e-09
0,CREB3L1,70.076675,2.712723,0.0,0.0
0,AC091563.1,23.482176,2.7119148,6.20422222484149e-122,3.3435727341443058e-121
0,C2orf73,8.592531,2.7081504,8.507428819205173e-18,2.3797547516985637e-17
0,HOGA1,2.4124866,2.7075427,0.01584412253022217,0.0324021898393156
0,LRRC1,73.83436,2.7058797,0.0,0.0
0,LOXL4,27.017805,2.705113,9.130603624550408e-161,5.834185780938173e-160
0,PCAT1,58.061554,2.704105,0.0,0.0
0,SLC35F2,73.25559,2.704095,0.0,0.0
0,FAM189A2,75.09185,2.7038496,0.0,0.0
0,CEP70,107.441505,2.6993423,0.0,0.0
0,POF1B,3.8409634,2.6972961,0.00012255241892906684,0.00027445312744298734
0,ARMC4,8.6891985,2.6972663,3.650043365036156e-18,1.02518984263152e-17
0,C2CD4D,7.1757917,2.6968958,7.18899629875197e-13,1.8879285292338104e-12
0,C6orf223,3.8781443,2.6953754,0.00010525631133263273,0.0002361981278122181
0,ATP7B,25.636246,2.6952157,6.019332010766097e-145,3.6117160640020924e-144
0,PCA3,7.887443,2.6951866,3.08440726894034e-15,8.366664513001501e-15
0,MYO3B,7.9473224,2.6951797,1.9058583096926256e-15,5.179771612528137e-15
0,FHDC1,13.94545,2.685116,3.353252231994431e-44,1.1743792264504462e-43
0,LINC00472,37.538685,2.6849792,2.155368047443934e-308,2.264308641820179e-307
0,ITGB4,82.77791,2.6843817,0.0,0.0
0,COL9A2,40.20345,2.6829202,0.0,0.0
0,SEMA3B,69.051254,2.682283,0.0,0.0
0,AL133255.1,4.6354556,2.6809244,3.5615201434307497e-06,8.295719577437198e-06
0,PNPLA3,6.5413575,2.679818,6.096293389872316e-11,1.5553751015418829e-10
0,AIFM1,117.29805,2.677899,0.0,0.0
0,PDE8B,24.695383,2.6776567,1.1988997592542416e-134,6.858114910100101e-134
0,AC004264.1,5.34966,2.6761084,8.811968661152206e-08,2.127081501173315e-07
0,WDR78,33.855602,2.6751726,3.001862230103661e-251,2.649301997310504e-250
0,MIR210HG,42.37268,2.6731875,0.0,0.0
0,ATP13A4,7.6236553,2.673027,2.4659148297929342e-14,6.611783607565734e-14
0,TM4SF1-AS1,6.9469566,2.6729543,3.732505697147061e-12,9.700685635866481e-12
0,ENTPD2,23.095655,2.671463,5.1196937902898805e-118,2.7034747305055412e-117
0,AQP7,10.598537,2.668526,3.0267608253034504e-26,9.182184612058672e-26
0,AFDN,139.0017,2.6680074,0.0,0.0
0,PIH1D2,18.632164,2.6664066,1.7625485002580057e-77,7.570189896814089e-77
0,ANXA4,136.50752,2.665477,0.0,0.0
0,DDAH1,63.62024,2.6649358,0.0,0.0
0,C6orf52,13.11084,2.6607451,2.85418660597972e-39,9.63249021959109e-39
0,NSUN7,27.99745,2.658661,1.745219477329766e-172,1.1670164081746229e-171
0,EPS8L2,97.028885,2.6577604,0.0,0.0
0,AC026191.1,2.463355,2.657566,0.013764352728847738,0.028270524308246746
0,CEL,5.665666,2.6568537,1.4645449609019646e-08,3.5898716081050854e-08
0,SLITRK5,11.050045,2.65411,2.191048142626909e-28,6.7637559872323095e-28
0,AGBL4,4.023377,2.6494222,5.7369538377641844e-05,0.0001296424890427562
0,RBM47,114.05957,2.648797,0.0,0.0
0,RDH12,3.547521,2.6479194,0.00038887454141712315,0.0008551366383193899
0,AC010487.2,5.083127,2.6437986,3.7127125895767565e-07,8.847248111491812e-07
0,JUP,110.22153,2.6401677,0.0,0.0
0,AC004233.3,4.4326243,2.6371038,9.309294378972654e-06,2.1467011965299397e-05
0,CYSRT1,2.412672,2.633273,0.015836059625204308,0.03238924183992392
0,L3MBTL4,46.81932,2.6332386,0.0,0.0
0,ACTR3C,42.217308,2.6325526,0.0,0.0
0,MUC20,27.478357,2.6306562,3.185319405331196e-166,2.087103389030555e-165
0,PLXNB1,80.99569,2.6305146,0.0,0.0
0,ZMYND12,12.117247,2.629994,8.558615846969805e-34,2.762334377425812e-33
0,STK31,2.6928406,2.6272192,0.007084615322999875,0.01476295885841135
0,ZNF385B,6.51984,2.6271794,7.038245619638864e-11,1.7933310582537376e-10
0,CCL28,59.936882,2.626687,0.0,0.0
0,HCG14,5.4951935,2.6262949,3.9028237097481445e-08,9.478592833347942e-08
0,CCDC17,10.127732,2.6260855,4.161889691240641e-24,1.2391053336593247e-23
0,GALNT14,4.810103,2.6259768,1.5085269384182654e-06,3.5442069240359807e-06
0,MT3,4.570731,2.6254532,4.860257854147859e-06,1.1281711565764016e-05
0,RNF180,72.64168,2.6241493,0.0,0.0
0,AC074386.1,16.264473,2.6221547,1.7637956026214725e-59,6.820171486328268e-59
0,LMNTD2,23.23572,2.6206498,1.9837152971718355e-119,1.056534356189728e-118
0,AL606760.1,8.989949,2.6147578,2.47343605555264e-19,7.034737109502663e-19
0,CRB2,6.094127,2.6143875,1.1003608762964476e-09,2.7493010188920218e-09
0,AC106869.1,32.04637,2.6135552,2.466236226652735e-225,2.003257899005416e-224
0,SH2D3A,62.318184,2.6119144,0.0,0.0
0,PPP1R26-AS1,19.270655,2.6089156,9.472907412323147e-83,4.1754014459878993e-82
0,EDA,34.557213,2.6087208,1.110694032481049e-261,1.0120348013529417e-260
0,ERBB2,95.064285,2.6042216,0.0,0.0
0,LCA5L,21.768475,2.6029694,4.61747386553429e-105,2.2944094013194257e-104
0,BACE2,119.68737,2.602019,0.0,0.0
0,AC024560.1,3.2040467,2.6016319,0.0013551048308852775,0.00291719892792166
0,CPM,100.32104,2.59484,0.0,0.0
0,KIAA2012,3.6886508,2.5913224,0.00022544630815228377,0.0005002418727878982
0,LINC00639,4.7442975,2.5907393,2.092313409168661e-06,4.89828287662292e-06
0,CFAP70,27.099203,2.5900586,1.0061811199758359e-161,6.465288955320823e-161
0,WDR66,25.494942,2.5896444,2.243060997290698e-143,1.3349949209178434e-142
0,SLC26A4,12.587304,2.5880847,2.4799924579349282e-36,8.178523996734403e-36
0,ALCAM,117.15892,2.5875533,0.0,0.0
0,RGMB-AS1,16.239662,2.5869467,2.643788194887519e-59,1.0211392369331235e-58
0,AC010754.1,3.3479178,2.5844092,0.0008142112996903154,0.0017695540847710131
0,CEACAM1,56.133537,2.5832741,0.0,0.0
0,TSPAN13,98.89748,2.5831988,0.0,0.0
0,CHAC1,4.440963,2.58276,8.955732294255352e-06,2.0657871335066063e-05
0,BDH1,49.387096,2.580784,0.0,0.0
0,STPG2,2.4806483,2.5804665,0.01311437276173511,0.026964204293969334
0,HMGB3,101.50006,2.5789208,0.0,0.0
0,STEAP3,41.658974,2.5717564,0.0,0.0
0,GCNT2,72.07419,2.5681624,0.0,0.0
0,AL135905.1,7.108633,2.5663977,1.1719780569477958e-12,3.0689083966860564e-12
0,PLEKHA6,22.484682,2.5658224,5.861960240819358e-112,3.007563166716532e-111
0,C15orf65,32.90864,2.5656743,1.6534050748702487e-237,1.3943189808735273e-236
0,RASD1,88.74279,2.5638654,0.0,0.0
0,TNNT1,13.892664,2.563187,7.017633239312358e-44,2.4505026610261786e-43
0,CCDC40,25.703718,2.562461,1.0622165785044404e-145,6.3958557942405496e-145
0,MYLK3,8.683183,2.5579288,3.848451488707214e-18,1.0805240748680402e-17
0,SRD5A3,99.42482,2.5556688,0.0,0.0
0,PIK3C2G,9.794617,2.555148,1.187471358640515e-22,3.4847300874954803e-22
0,TTC23L,4.0186796,2.55416,5.8525184364520876e-05,0.0001322346570037464
0,HID1,47.14622,2.5534055,0.0,0.0
0,CA10,2.911872,2.5529513,0.003592699166985739,0.007595564207813683
0,SPTLC3,51.61569,2.5527434,0.0,0.0
0,ZBED6CL,25.577106,2.551901,2.7430452994520054e-144,1.6404663519768408e-143
0,LRRC66,2.808282,2.5506854,0.004980661500626458,0.010459118426407251
0,PRKX,120.74004,2.5506663,0.0,0.0
0,TSACC,3.6161723,2.5486403,0.00029899147916866744,0.0006601607120064299
0,AC083837.1,2.925289,2.5437825,0.003441366747397047,0.007281599374395874
0,MTCL1,22.678728,2.542294,7.265962326433096e-114,3.7547082030273817e-113
0,MYO6,118.486206,2.541939,0.0,0.0
0,LAMA3,62.635452,2.5411608,0.0,0.0
0,MYO5C,87.85017,2.5377393,0.0,0.0
0,CASZ1,67.77495,2.5370948,0.0,0.0
0,ZBED9,8.988285,2.5360444,2.511179727005867e-19,7.141427293206692e-19
0,TUFT1,22.023323,2.5347693,1.7216753687713362e-107,8.650921902554982e-107
0,FOXB1,4.7639937,2.5331635,1.8979825661032173e-06,4.449066907133268e-06
0,AC090912.2,3.929605,2.532424,8.508549810149614e-05,0.00019140676103231248
0,NTN4,84.093346,2.5319831,0.0,0.0
0,AC005920.1,3.7054477,2.5316749,0.0002110177157758796,0.00046866373537547505
0,LEKR1,11.650105,2.5279741,2.2917426548749494e-31,7.248351436166606e-31
0,PANX2,21.249056,2.5233495,3.3635491386476033e-100,1.6248392189462564e-99
0,ITLN2,3.0864518,2.5222132,0.002025607947469817,0.004325374107534174
0,NKPD1,3.1874216,2.520545,0.0014354738343125527,0.003085699665954797
0,NAT8L,8.444885,2.5194542,3.043445320265383e-17,8.452890412782369e-17
0,NAV2-AS3,7.6551476,2.5179682,1.9309067375171013e-14,5.186280919131055e-14
0,SPATA6L,27.614168,2.5177536,7.521322347772718e-168,4.955478784962937e-167
0,C22orf15,5.7023163,2.5166576,1.1819036394865554e-08,2.900976475985623e-08
0,CNFN,44.30963,2.5163975,0.0,0.0
0,INHBB,37.91859,2.516019,0.0,0.0
0,PLEKHA7,43.415703,2.5141432,0.0,0.0
0,TMEM74,2.4099343,2.5130663,0.015955389841861605,0.03261894654335339
0,HRK,3.3337805,2.5120595,0.0008567424750074582,0.0018602880198858728
0,MAPK13,80.57424,2.5103495,0.0,0.0
0,PLAC4,3.7676904,2.5089283,0.00016476478765448552,0.00036730996047584997
0,DMTN,56.6079,2.5075266,0.0,0.0
0,DNER,6.515802,2.505212,7.230228087492748e-11,1.8416405101379459e-10
0,AK8,9.126656,2.5049741,7.064813401813454e-20,2.0187887186561428e-19
0,TRPM2-AS,5.2802525,2.5022118,1.290059997815319e-07,3.104561578484627e-07
0,P2RY2,9.44576,2.5003626,3.528346664633503e-21,1.0214556984247629e-20
0,PPIL6,24.093702,2.4994254,2.910042951154384e-128,1.6193859829191313e-127
0,KCNRG,9.884473,2.4979317,4.8613388587559476e-23,1.4325839064413623e-22
0,RIMKLB,88.97107,2.4956183,0.0,0.0
0,C2orf15,24.967777,2.4949148,1.3692216563976645e-137,7.962094775970389e-137
0,NRSN1,2.8659112,2.487688,0.004158107287013619,0.008766943305800527
0,RIMS2,14.771708,2.487242,2.229917847706451e-49,8.088260875374168e-49
0,PHYHD1,109.032234,2.486417,0.0,0.0
0,CXCL2,18.17722,2.4858515,7.819847835859765e-74,3.286037213635864e-73
0,SAPCD2,16.393618,2.4838955,2.1241938937840858e-60,8.259210048457005e-60
0,CASC2,17.55955,2.4805987,5.02727625611093e-69,2.055536807085865e-68
0,PTGS2,16.885344,2.4754763,5.7680237105873485e-64,2.2905346116294898e-63
0,AL031123.2,4.244384,2.4753137,2.1919492390753125e-05,5.010841355924606e-05
0,PABPC4L,39.8628,2.4734275,0.0,0.0
0,CAMK2B,2.3311741,2.4707885,0.0197441799847382,0.04017336213221222
0,PPA1,148.18674,2.4706295,0.0,0.0
0,SORBS2,112.09923,2.4679909,0.0,0.0
0,SGSM1,19.949871,2.465934,1.502777267969851e-88,6.847462335418573e-88
0,TCIM,101.02649,2.4625397,0.0,0.0
0,AC008556.1,7.313131,2.4607878,2.609890144319399e-13,6.899065573937707e-13
0,MYEF2,53.972668,2.4545152,0.0,0.0
0,LRRC36,5.812744,2.454133,6.145699969957659e-09,1.517254964226227e-08
0,GDF15,26.097984,2.4539943,3.843085991763227e-150,2.355309513135555e-149
0,UNC5A,2.5222027,2.4524088,0.011662245333954609,0.024039283482495337
0,HAL,19.77318,2.4495668,5.0679385567881285e-87,2.286972944585351e-86
0,LIF,12.984022,2.4490314,1.5075031483556958e-38,5.057794160467813e-38
0,LSR,107.77462,2.444703,0.0,0.0
0,SGK2,4.564675,2.4444714,5.002693201295723e-06,1.1609719084881131e-05
0,SMAD9,75.408165,2.4427416,0.0,0.0
0,AC073349.1,6.5578675,2.4405334,5.458260250966651e-11,1.3935110653942365e-10
0,AC007009.1,2.6035423,2.437181,0.009226586148929627,0.01912454551035933
0,PEBP4,14.173923,2.43592,1.3286733196031838e-45,4.69586121086056e-45
0,SLC25A29,107.39103,2.4350753,0.0,0.0
0,HRASLS,5.7184315,2.4336445,1.0751199862184572e-08,2.6403443316689595e-08
0,WNK4,7.2806387,2.4266386,3.3224331238815427e-13,8.768896141244489e-13
0,ELP3,94.25061,2.4256454,0.0,0.0
0,C9orf163,4.9705296,2.424693,6.67702489619061e-07,1.5808702962047126e-06
0,KIF13B,103.073235,2.422597,0.0,0.0
0,AC034243.1,5.321517,2.42184,1.0290541367387336e-07,2.4812744737232047e-07
0,FZD6,88.16739,2.420782,0.0,0.0
0,IQUB,11.471084,2.4202783,1.8433636311044294e-30,5.786394449171704e-30
0,FAM160A1,6.6161566,2.4192975,3.68658388312814e-11,9.436909729653919e-11
0,TNFSF10,111.27805,2.4182792,0.0,0.0
0,CABLES1,40.527092,2.4171937,0.0,0.0
0,F11R,91.75946,2.415155,0.0,0.0
0,HYDIN,16.222645,2.4120908,3.48845732176194e-59,1.3463755050411625e-58
0,SHMT1,66.089554,2.4109476,0.0,0.0
0,BX890604.1,70.881294,2.409459,0.0,0.0
0,MOCOS,33.86613,2.4091449,2.100988247402555e-251,1.855822914046035e-250
0,RAET1E,3.9839313,2.404568,6.778445064744448e-05,0.00015284263632892438
0,NRAV,35.552513,2.403279,7.597765343065237e-277,7.285886858768765e-276
0,SMIM2-AS1,5.745982,2.4005907,9.138886839353025e-09,2.2468823128142864e-08
0,FGFR3,10.659067,2.4004717,1.581752244670113e-26,4.8126812980920634e-26
0,AL157373.2,5.241978,2.398359,1.588640528434326e-07,3.8147861714178936e-07
0,PLCB1,103.17899,2.3942413,0.0,0.0
0,AC008771.1,45.41515,2.392038,0.0,0.0
0,PPP1R13L,52.047813,2.383579,0.0,0.0
0,LRRC43,6.2789207,2.381686,3.409318245336967e-10,8.596165688418147e-10
0,CST6,8.4205,2.3810966,3.748826250432916e-17,1.0400805468772903e-16
0,LINC01426,3.645869,2.3794086,0.00026648971227612617,0.000589704126678473
0,USP53,108.73266,2.3716679,0.0,0.0
0,ACOT4,26.136011,2.370344,1.421426463006668e-150,8.730530145498229e-150
0,ADAM28,81.85786,2.3697357,0.0,0.0
0,ADARB2,5.581818,2.3680065,2.38016997087347e-08,5.807524535390095e-08
0,ZNF486,48.476555,2.3679235,0.0,0.0
0,ALS2CR12,5.2890425,2.367021,1.2295846428460024e-07,2.9608704757648145e-07
0,SERTM1,8.55957,2.3664145,1.1328849806639112e-17,3.162969837161654e-17
0,FAM84B,68.8931,2.364954,0.0,0.0
0,FAM81A,16.426743,2.364309,1.2309680792466685e-60,4.794043652378627e-60
0,C12orf75,100.08131,2.3629322,0.0,0.0
0,DPYS,3.1290424,2.3620656,0.0017537703978518897,0.003754504515232275
0,AL359636.1,3.3713071,2.3619244,0.0007481237463375764,0.0016282135503172645
0,AC005476.2,4.344629,2.360646,1.3951131582404414e-05,3.2046646140273e-05
0,SAT1,138.2168,2.3566544,0.0,0.0
0,SLC41A2,55.682205,2.3530521,0.0,0.0
0,OCIAD2,131.43817,2.352724,0.0,0.0
0,GPRC5D-AS1,31.070042,2.3523297,6.11791525947119e-212,4.743763344818768e-211
0,DNAJC15,122.845825,2.3519623,0.0,0.0
0,FAM84A,52.13411,2.3505726,0.0,0.0
0,CDHR3,8.948586,2.3486469,3.6006383039504656e-19,1.0226514249237e-18
0,CCDC153,17.153522,2.3477116,5.915617808227424e-66,2.3797214577493814e-65
0,AGRN,91.91189,2.3458738,0.0,0.0
0,AC092802.1,9.57888,2.343457,9.810248249367762e-22,2.856923986085079e-21
0,PORCN,49.733955,2.33773,0.0,0.0
0,CCDC24,30.257814,2.3355699,4.1177653612926635e-201,3.054182241935982e-200
0,FAM69B,70.220505,2.3349159,0.0,0.0
0,CECR2,35.175014,2.3348439,4.819962776249547e-271,4.521110456010463e-270
0,BAIAP3,10.835494,2.333855,2.3370080357362893e-27,7.156435882344346e-27
0,AL034417.2,10.763406,2.333726,5.1240602045069005e-27,1.5655331034074217e-26
0,GALE,80.89355,2.3320758,0.0,0.0
0,PAQR4,29.975475,2.3317106,2.049178262701192e-197,1.4990284630841594e-196
0,ZDHHC23,27.409376,2.33053,2.120403418488023e-165,1.3840614246084335e-164
0,SAXO2,14.344362,2.3291388,1.1555695598722065e-46,4.119398891230714e-46
0,ACKR2,9.096467,2.328842,9.331761796958074e-20,2.662144746710201e-19
0,TPPP,8.359395,2.3271124,6.304086711153079e-17,1.7449436502024738e-16
0,SPAG1,49.14308,2.3266296,0.0,0.0
0,MAST4-AS1,7.0304956,2.3252358,2.058012196917472e-12,5.368583977897392e-12
0,METTL27,30.608297,2.3206098,9.491922114654575e-206,7.155288702381194e-205
0,ID4,118.01194,2.3202434,0.0,0.0
0,TSTD1,135.66257,2.3201015,0.0,0.0
0,SAMD13,16.532408,2.3197162,2.1440499294284274e-61,8.384936248113932e-61
0,ZDHHC9,68.809784,2.3182156,0.0,0.0
0,AC010273.2,20.887634,2.3163722,6.937148394308832e-97,3.2985606988138935e-96
0,AL354707.1,10.099912,2.3155334,5.529215528057874e-24,1.64350321528837e-23
0,SLC1A1,31.836267,2.3154867,2.0391643359586323e-222,1.6391274936664096e-221
0,SPRY3,20.669996,2.3142188,6.452106491680327e-95,3.038477149754135e-94
0,EFNA1,73.171616,2.3137352,0.0,0.0
0,LRP4,14.33919,2.313725,1.2450150337402115e-46,4.43723243171226e-46
0,CRISPLD1,48.454597,2.3117108,0.0,0.0
0,ARSD-AS1,6.099089,2.3105705,1.066746095691662e-09,2.665743982821976e-09
0,AP005717.1,2.8801558,2.3072798,0.003974785688657791,0.00838557687913627
0,NDP,46.704277,2.3046713,0.0,0.0
0,MREG,33.951256,2.304308,1.1687787971139537e-252,1.037135982842405e-251
0,BTNL9,27.809732,2.3031988,3.308230697470875e-170,2.196508832797687e-169
0,TPD52,99.09231,2.3020158,0.0,0.0
0,SLC45A4,41.967625,2.301266,0.0,0.0
0,RNF208,24.93847,2.300869,2.848200632900471e-137,1.650653233846894e-136
0,TRPM6,15.002308,2.300821,7.091039848088555e-51,2.5933353281845106e-50
0,ACE,60.3268,2.2966096,0.0,0.0
0,ANXA9,9.297437,2.2961154,1.438722744249551e-20,4.1395088304338924e-20
0,ARSD,112.37287,2.295395,0.0,0.0
0,PPARGC1A,8.191791,2.2926471,2.5736887868916047e-16,7.070666607685229e-16
0,AC104590.1,3.4491062,2.2922328,0.000562445483708584,0.0012307775817743702
0,FAIM,99.05718,2.2890465,0.0,0.0
0,GALNT9,5.5479817,2.2889416,2.8898574889023636e-08,7.040027225467435e-08
0,BHLHE41,68.32208,2.2888832,0.0,0.0
0,MFSD2A,44.813995,2.28695,0.0,0.0
0,HEY1,24.661367,2.2868853,2.779344306719382e-134,1.586356315563729e-133
0,LINC01127,12.209731,2.286713,2.7579774026258248e-34,8.936968712828305e-34
0,ZFHX2,12.6017685,2.285816,2.0646279866324053e-36,6.813823511249093e-36
0,EXOC3L4,3.629205,2.2847366,0.0002842952967731243,0.0006282507319724691
0,C17orf97,41.90128,2.2841592,0.0,0.0
0,AL355353.1,18.424496,2.2834175,8.356640772297683e-76,3.559028473879075e-75
0,ANKEF1,19.554422,2.281771,3.782651839301166e-85,1.6904340716784433e-84
0,PNMT,11.273427,2.279685,1.775224157658886e-29,5.530375268699042e-29
0,PRKAB1,75.74812,2.2793915,0.0,0.0
0,NHSL1,37.927776,2.277699,0.0,0.0
0,BEST4,6.5857267,2.276505,4.5266520375114566e-11,1.1571979695894674e-10
0,MRVI1-AS1,3.216632,2.274958,0.0012970489934164375,0.002794165556529019
0,TNK1,16.245096,2.2749448,2.41962461019213e-59,9.34791722840102e-59
0,CKMT2,46.932518,2.2748127,0.0,0.0
0,WDR34,90.28587,2.2746627,0.0,0.0
0,C6,5.5696845,2.2744951,2.552012134026893e-08,6.224847212246009e-08
0,GCNT4,26.259619,2.2717457,5.550316784766082e-152,3.427445371963343e-151
0,IL19,4.9609847,2.269575,7.013665895553455e-07,1.6596843414276902e-06
0,DLG5,91.23119,2.269406,0.0,0.0
0,NOG,7.5593476,2.2690544,4.050958145465527e-14,1.0826023640458542e-13
0,LETM2,30.729464,2.2690413,2.3004374625606776e-207,1.746919426421692e-206
0,NR2F6,119.46221,2.267338,0.0,0.0
0,RBFOX3,6.776489,2.2657366,1.2313158181797575e-11,3.17214953675767e-11
0,AL354836.1,12.521508,2.2654529,5.694295958999144e-36,1.872670836399091e-35
0,AC234582.1,10.959184,2.2648742,6.00387353821751e-28,1.846569006325889e-27
0,DNAH2,7.330953,2.260751,2.2852156480289154e-13,6.048052751638097e-13
0,TSGA10,59.948463,2.2587767,0.0,0.0
0,CCDC96,10.689378,2.2563055,1.1413379407287751e-26,3.477457781358858e-26
0,ENO4,9.420399,2.2562346,4.493797137852225e-21,1.2988851411166061e-20
0,LINC02362,2.567941,2.2533355,0.010230455335095916,0.02115425724505315
0,GPC4,36.31854,2.2528236,8.248945181154293e-289,8.20039075953476e-288
0,ANO3,5.5390654,2.2522883,3.04090448023768e-08,7.403910096951787e-08
0,STX17-AS1,13.126558,2.2515516,2.319603634872069e-39,7.832622041187701e-39
0,BCL2L14,5.2839026,2.2492878,1.2646036891299208e-07,3.044011387845675e-07
0,ACOT11,41.805225,2.2455814,0.0,0.0
0,MYO3A,3.0459747,2.2449632,0.002319273140057293,0.0049408447022160715
0,LRRC61,57.27886,2.2400408,0.0,0.0
0,DCST1-AS1,5.1245055,2.2390437,2.9831982513060225e-07,7.121472800889413e-07
0,ARHGEF37,37.62736,2.2388172,7.6754293337279e-310,8.1046974519142e-309
0,NOV,36.364525,2.2357795,1.5490666372588362e-289,1.5424292061133652e-288
0,FANK1,29.157352,2.23135,6.740598929400415e-187,4.7542604087398136e-186
0,TDRD9,9.222038,2.2283435,2.915043856829964e-20,8.365390945500807e-20
0,CRYZ,76.29057,2.2281497,0.0,0.0
0,SRGAP3,94.65054,2.2278075,0.0,0.0
0,ZNRF3,61.84848,2.2239807,0.0,0.0
0,C22orf23,4.659498,2.2232952,3.16981212803691e-06,7.392242016240608e-06
0,REC8,60.097813,2.2218046,0.0,0.0
0,HPGD,25.151728,2.2207708,1.353042180841826e-139,7.93218412050044e-139
0,CYB5A,123.70435,2.2187068,0.0,0.0
0,KCNMA1,72.55292,2.2179434,0.0,0.0
0,ENPP5,39.783817,2.2175004,0.0,0.0
0,CNTD2,2.2524903,2.2164807,0.024291313566499464,0.04912783852897519
0,MYRF,28.394552,2.213516,2.3609093964517254e-177,1.6093653885340423e-176
0,ITPR3,64.52194,2.212318,0.0,0.0
0,STPG3-AS1,3.0919466,2.209881,0.0019884868614200744,0.004247281508355925
0,AL109613.1,4.354178,2.2071679,1.3356716052603991e-05,3.069720575831585e-05
0,TM7SF2,68.43178,2.2069626,0.0,0.0
0,RAB36,18.027517,2.2047923,1.184919700917474e-72,4.944284217126552e-72
0,SEC14L2,30.507193,2.204249,2.0920429659777144e-204,1.5693876686765346e-203
0,SLC22A5,47.276817,2.203628,0.0,0.0
0,FAM69C,5.415179,2.2035067,6.122752471888577e-08,1.4822269182161845e-07
0,AL023581.2,3.4630685,2.2028759,0.000534052524234589,0.0011698059083287344
0,LMO7,74.013374,2.2006862,0.0,0.0
0,LINC01315,28.946062,2.196159,3.145473466237107e-184,2.198985487921065e-183
0,RPS6KA5,97.35079,2.1960382,0.0,0.0
0,ATP9A,65.658676,2.1944234,0.0,0.0
0,SERPINA1,96.77959,2.1931229,0.0,0.0
0,LRIG1,88.15966,2.1912634,0.0,0.0
0,TCEAL6,2.7095585,2.1906304,0.006737280742583096,0.014053393798408297
0,FZD9,2.5204382,2.188641,0.011720884426798589,0.024158544513442078
0,RAB11FIP4,62.84331,2.1883473,0.0,0.0
0,RGS6,13.994076,2.1858475,1.6941800111198497e-44,5.946850835171061e-44
0,ADGRG1,84.765976,2.1856577,0.0,0.0
0,CRNDE,55.03605,2.183924,0.0,0.0
0,ARL4D,82.196686,2.1835177,0.0,0.0
0,TST,107.38832,2.1832733,0.0,0.0
0,FAM221A,48.798725,2.1831622,0.0,0.0
0,TMEM63C,2.3365905,2.1829672,0.019460481311970788,0.039601336312159674
0,CCDC65,9.88421,2.1825492,4.874143444505628e-23,1.4362203397782006e-22
0,IFI27,101.88809,2.180483,0.0,0.0
0,RXRG,3.8968213,2.1789694,9.746354099606347e-05,0.00021893347347665771
0,LIPG,14.430496,2.1782663,3.3267851637656093e-47,1.191160206864037e-46
0,LRTOMT,38.49773,2.1759849,0.0,0.0
0,ZNF497,10.878099,2.1752052,1.46588078779525e-27,4.497317600594381e-27
0,BICD1,99.003494,2.174431,0.0,0.0
0,GLIS3,97.88495,2.1741743,0.0,0.0
0,EFHB,10.569777,2.1739209,4.1147558987686706e-26,1.2471781951872443e-25
0,SHB,45.519123,2.1729355,0.0,0.0
0,KIF9,72.08243,2.1728036,0.0,0.0
0,TRPM4,55.47721,2.172298,0.0,0.0
0,CCDC169,7.9708962,2.1709433,1.5752761776889e-15,4.287342446621243e-15
0,TACC2,48.88357,2.1704905,0.0,0.0
0,TMEM63A,95.866035,2.1697347,0.0,0.0
0,LRRC6,26.380945,2.168775,2.2671251074316452e-153,1.4078769478679898e-152
0,AC096564.1,2.347719,2.1649537,0.018888766776720137,0.03847845470393418
0,AGBL2,7.330071,2.1647818,2.3003065835838176e-13,6.087471151539092e-13
0,C6orf99,3.1953523,2.1617992,0.0013966022008226188,0.003004296977698921
0,REPS2,37.21721,2.160425,3.5954913485460004e-303,3.722809082395686e-302
0,TEX9,39.829662,2.1576,0.0,0.0
0,ARHGEF28,66.826675,2.157347,0.0,0.0
0,ZDHHC13,74.80498,2.1572993,0.0,0.0
0,ALKAL2,71.78502,2.1539192,0.0,0.0
0,AL353751.1,5.7019267,2.152833,1.1846071459553742e-08,2.907381327725145e-08
0,FGFR4,16.567652,2.1526809,1.1939891629229685e-61,4.677731405559664e-61
0,KLHL35,20.733316,2.1524243,1.7342054844979168e-95,8.19307381678036e-95
0,PDZD8,109.070885,2.150671,0.0,0.0
0,AC104938.1,2.7250686,2.1506212,0.00642881496138,0.013420829720457389
0,AC002070.1,5.7818594,2.1494367,7.3879431325543975e-09,1.8203057907992568e-08
0,CCDC39,4.202216,2.1485994,2.64314567335302e-05,6.0284630895374355e-05
0,SLC39A8,71.59869,2.1448395,0.0,0.0
0,USP54,45.96437,2.1440094,0.0,0.0
0,ACP6,56.317165,2.142566,0.0,0.0
0,ATP8B1,71.729706,2.142032,0.0,0.0
0,LRRC56,9.755206,2.1405573,1.7524496007585347e-22,5.136851271874434e-22
0,AC108062.1,5.5317106,2.1401234,3.1712245030105544e-08,7.7169542330956e-08
0,FGGY,59.867493,2.1378732,0.0,0.0
0,CREB3L4,61.677876,2.1370444,0.0,0.0
0,STAP2,58.60717,2.135119,0.0,0.0
0,AL031708.1,25.803314,2.1337543,8.139230058999698e-147,4.9257721447719535e-146
0,CD200,75.48727,2.133517,0.0,0.0
0,DCST2,4.485236,2.128586,7.283318305433818e-06,1.6836613228574646e-05
0,ESR1,112.708336,2.12696,0.0,0.0
0,LINC01814,8.572708,2.12646,1.010795604708308e-17,2.8243974102449756e-17
0,NPFFR1,5.63624,2.1260295,1.738030526667724e-08,4.253488755065274e-08
0,AC106047.1,6.623016,2.1257365,3.519428854176158e-11,9.012758935787762e-11
0,AC239800.2,16.304062,2.1240604,9.234568821664763e-60,3.5743621611921452e-59
0,MACC1,51.660053,2.124013,0.0,0.0
0,GAREM1,38.65235,2.12313,0.0,0.0
0,MAOA,74.72742,2.122969,0.0,0.0
0,VANGL1,60.807186,2.1208737,0.0,0.0
0,PROC,3.55007,2.1199238,0.0003851286866621269,0.000846959749442604
0,ETV4,12.269418,2.1190038,1.3220124158694203e-34,4.292408628771528e-34
0,DNALI1,60.61076,2.1183136,0.0,0.0
0,ARHGAP39,21.216358,2.1179478,6.745049117771539e-100,3.2558056080425573e-99
0,LMO7-AS1,20.668009,2.1178007,6.723255314440079e-95,3.1652041432353316e-94
0,OSCP1,37.706093,2.1131294,0.0,0.0
0,MISP3,23.669512,2.1113422,7.432871605028862e-124,4.0430792449247984e-123
0,CUEDC1,61.717762,2.1084213,0.0,0.0
0,XBP1,131.80222,2.1081302,0.0,0.0
0,NEK10,11.556283,2.1059783,6.861478798468805e-31,2.162191325696119e-30
0,CEACAM21,32.487217,2.105412,1.6160052258376088e-231,1.3372389160632657e-230
0,RAB26,2.8101373,2.1050975,0.004952035936791531,0.010401126381135974
0,HIP1R,57.041355,2.1043158,0.0,0.0
0,DANT2,31.244764,2.1010516,2.629767552834418e-214,2.0535175784601656e-213
0,UNC5CL,10.159654,2.0996075,3.00141469367999e-24,8.94807793359385e-24
0,MCF2L-AS1,12.452404,2.0992153,1.3569479739888228e-35,4.4469505918855416e-35
0,AFF2,11.654161,2.0988488,2.185220709209645e-31,6.912857365357472e-31
0,ENTPD3,21.303215,2.0965662,1.0598954751954582e-100,5.136122523026972e-100
0,PTGR1,110.66706,2.0947168,0.0,0.0
0,AC136475.3,13.480981,2.092672,2.0239696286421613e-41,6.943592997274201e-41
0,PCP4,2.9248857,2.0912645,0.00344582663685612,0.007290037912609494
0,SIAE,47.067238,2.087778,0.0,0.0
0,TSNAXIP1,9.699633,2.0877178,3.025874007818221e-22,8.847747205263742e-22
0,DOK7,11.1875105,2.0876863,4.694301372301601e-29,1.4574261427797647e-28
0,ITGA2,60.6151,2.084495,0.0,0.0
0,MSANTD1,2.9622314,2.0828862,0.003054182494501079,0.006475210478635262
0,DRC3,26.151062,2.0800862,9.584810411259911e-151,5.890589289735735e-150
0,EGLN3,49.13409,2.074928,0.0,0.0
0,LAPTM4B,117.19982,2.0746508,0.0,0.0
0,ZBTB7C,18.292927,2.0721948,9.42180413523053e-75,3.979225203710986e-74
0,HOOK2,105.20951,2.0714443,0.0,0.0
0,KCNB1,11.485709,2.0708022,1.5565329402127218e-30,4.8890003641417266e-30
0,ODF3B,62.377613,2.0680392,0.0,0.0
0,LAMA1,19.23626,2.0673385,1.8402067199497764e-82,8.092667770843447e-82
0,B9D1,44.780117,2.0669053,0.0,0.0
0,CDC14B,51.54978,2.065304,0.0,0.0
0,EMX2,114.32829,2.0652149,0.0,0.0
0,GALNT7,92.622116,2.0643945,0.0,0.0
0,AC009237.14,9.784924,2.063548,1.3069376491450448e-22,3.834585335307186e-22
0,POC1B-AS1,56.204746,2.0571802,0.0,0.0
0,SGPL1,91.05866,2.0568395,0.0,0.0
0,STARD10,83.06466,2.0555177,0.0,0.0
0,ALDH6A1,92.5659,2.0547044,0.0,0.0
0,HMGA1,92.61675,2.0517259,0.0,0.0
0,SLC11A2,89.141975,2.0514474,0.0,0.0
0,IL1R1,114.74461,2.04958,0.0,0.0
0,SLC39A4,83.14816,2.0484493,0.0,0.0
0,LNX1,41.430145,2.046409,0.0,0.0
0,ATP1B1,109.89361,2.0459535,0.0,0.0
0,ANK3,92.85389,2.0443108,0.0,0.0
0,TTC22,17.992887,2.041913,2.2151044685441166e-72,9.23044813392113e-72
0,IFT172,55.423702,2.041739,0.0,0.0
0,CLMN,78.82322,2.0414743,0.0,0.0
0,HS6ST1,67.951904,2.041071,0.0,0.0
0,ERRFI1,84.819786,2.0409262,0.0,0.0
0,MAK,9.302198,2.0408394,1.375714604738863e-20,3.9593268729550264e-20
0,ARTN,11.59526,2.0392787,4.35543169331488e-31,1.374868014965611e-30
0,TLR3,34.26853,2.038938,2.310141222941806e-257,2.0731572235035538e-256
0,AL035701.1,4.48553,2.0378246,7.273300085995385e-06,1.6814712077033387e-05
0,ALPK3,16.622248,2.0363703,4.809579778833927e-62,1.8883343778508664e-61
0,PLIN5,35.24904,2.035494,3.549246511276261e-272,3.3413512617732383e-271
0,SERTAD4,29.90549,2.034329,1.6695622797616284e-196,1.2164347331587141e-195
0,AQP3,57.955933,2.034261,0.0,0.0
0,ZNF280B,25.513193,2.0340543,1.4072283322004052e-143,8.389893144930154e-143
0,CFAP54,11.718695,2.0332308,1.022351396065089e-31,3.24379577026832e-31
0,BEND7,64.68722,2.032227,0.0,0.0
0,PCBD1,123.94673,2.0309236,0.0,0.0
0,CD2AP,112.01529,2.030767,0.0,0.0
0,AC010719.1,2.742239,2.0297973,0.0061021919882368915,0.012760517441166278
0,RNF144B,75.76775,2.029612,0.0,0.0
0,SHTN1,95.13706,2.029215,0.0,0.0
0,LRRIQ3,15.183665,2.0281084,4.5370296170228156e-52,1.6719443707323736e-51
0,GRIK1,2.3269196,2.0247102,0.01996954261395021,0.040613190338182475
0,LRRN2,14.294362,2.023855,2.37270529165097e-46,8.434920916615658e-46
0,ECI1,119.10525,2.0237138,0.0,0.0
0,NTNG1,4.1153,2.023583,3.866755420050077e-05,8.778449373254572e-05
0,AMOT,39.84442,2.020332,0.0,0.0
0,PKP4,94.44853,2.0191057,0.0,0.0
0,HLA-DOB,21.664047,2.0186152,4.4808306795039186e-104,2.2161791296435848e-103
0,XPR1,71.970406,2.0182495,0.0,0.0
0,PERM1,2.344546,2.0175574,0.01905025865836543,0.038789534511766276
0,MATN4,2.5672555,2.0156436,0.010250703843873747,0.02119470856988265
0,FAM129B,86.962135,2.014087,0.0,0.0
0,WASIR2,9.521923,2.0129,1.700037540384122e-21,4.938257543294366e-21
0,ZNF552,57.78797,2.012768,0.0,0.0
0,JPH3,2.4181225,2.0115788,0.015600820915146882,0.031932090862546
0,PPP1R26,33.800766,2.005772,1.9216914557833778e-250,1.6902025561723636e-249
0,PITPNM3,33.058296,2.0033646,1.182243494570274e-239,1.0052159473640565e-238
0,ZNF185,43.64804,2.00238,0.0,0.0
0,NEDD4L,53.2288,2.0017169,0.0,0.0
0,MRAP2,10.117503,1.9994593,4.620536394098827e-24,1.374597346543579e-23
0,ZC2HC1C,13.707221,1.998086,9.191136284639463e-43,3.186789871543099e-42
0,AC011447.3,22.865002,1.9975623,1.0364641727420283e-115,5.4129770508512795e-115
0,TNFRSF17,2.4418876,1.9957343,0.014610694363187132,0.029953086407735786
0,USP2-AS1,4.2227225,1.9940908,2.4136896992750785e-05,5.510815360530018e-05
0,LRRC74B,6.545252,1.9931372,5.939522761535656e-11,1.5157528692162705e-10
0,CHD7,74.326324,1.992128,0.0,0.0
0,RSPH14,5.771252,1.9909906,7.868458561322453e-09,1.9373093981900184e-08
0,CEP170B,37.120426,1.9885613,1.3158107178165786e-301,1.3574019310933576e-300
0,MGLL,94.31509,1.9870725,0.0,0.0
0,IGSF22,15.511336,1.9859903,2.907655497721481e-54,1.0867929431379587e-53
0,AP001453.2,10.246338,1.9857019,1.2291223271160868e-24,3.67820330791798e-24
0,CABCOCO1,12.978396,1.9834404,1.6224256010900827e-38,5.442777385530358e-38
0,FZD10,25.73272,1.9832199,5.032621831973478e-146,3.033214566318336e-145
0,RAI2,76.15565,1.9830785,0.0,0.0
0,SLC2A9,16.257921,1.9826795,1.9628506501750337e-59,7.587021641440691e-59
0,FAM27C,20.180273,1.982676,1.459395189942346e-90,6.730159226432123e-90
0,DNAAF4,44.232777,1.9825032,0.0,0.0
0,NGEF,7.1513133,1.9818075,8.595153311159723e-13,2.2545226460834556e-12
0,ADM2,4.5200396,1.9805199,6.182811594232018e-06,1.4320455481334607e-05
0,AC004130.1,27.157333,1.9805034,2.0742832726347483e-162,1.3375729836703978e-161
0,LINC02323,2.3585258,1.9802076,0.018347683694438968,0.03739839477306768
0,AL109936.2,2.4771109,1.9796293,0.013245075545702976,0.027222074071754348
0,FNDC11,3.2408476,1.9772106,0.0011917487509383049,0.0025721633132157955
0,DUSP4,51.611866,1.9752096,0.0,0.0
0,CENPM,33.449036,1.9728642,2.6581059649630977e-245,2.3018795477476736e-244
0,DAPL1,20.95774,1.9725246,1.5948125168667296e-97,7.603095859756287e-97
0,KCNC4,49.162907,1.9712601,0.0,0.0
0,SGMS2,52.439056,1.9659157,0.0,0.0
0,PRKAG2-AS1,46.19666,1.9649341,0.0,0.0
0,CNKSR3,66.293434,1.9643033,0.0,0.0
0,AL157786.1,9.228679,1.9642988,2.739895441150611e-20,7.866414156956984e-20
0,PTPRZ1,3.6026773,1.9642888,0.00031495647543199187,0.000694666365958508
0,PAM,111.563995,1.9637975,0.0,0.0
0,ITGA3,63.307495,1.9628243,0.0,0.0
0,LINC02298,17.796143,1.960652,7.570674384684172e-71,3.1260765959576984e-70
0,FAM241B,23.907696,1.9598048,2.5473193192550685e-126,1.4036369798576646e-125
0,LINC00937,49.070225,1.9596853,0.0,0.0
0,AC080013.4,3.018724,1.9581039,0.002538416716700269,0.005397278856841993
0,GSTA1,6.689356,1.9579829,2.2415503214103094e-11,5.752685857662413e-11
0,MMP24,9.530383,1.9572259,1.5670442390624995e-21,4.553651400592767e-21
0,LRRC10B,7.506525,1.956869,6.071745919693706e-14,1.6194291606832358e-13
0,MESP1,13.392352,1.9514363,6.702371042475547e-41,2.2899644241630748e-40
0,AL358113.1,5.9007945,1.9511681,3.6175559275526355e-09,8.96830039727836e-09
0,TLE6,5.812332,1.9507089,6.160840891878879e-09,1.520750015536303e-08
0,LDHD,17.942583,1.9484179,5.484486093400922e-72,2.280492556016982e-71
0,PRR34-AS1,65.04,1.9466385,0.0,0.0
0,LINC00467,58.621277,1.9447414,0.0,0.0
0,GPRC5A,47.30758,1.9440521,0.0,0.0
0,SYNDIG1,6.515878,1.9435432,7.226567717402372e-11,1.840859873417581e-10
0,ST6GALNAC2,4.719606,1.9423733,2.363022214454495e-06,5.527011319974654e-06
0,SMIM1,42.391914,1.9408653,0.0,0.0
0,NQO1,41.742184,1.9399992,0.0,0.0
0,GGT1,16.139008,1.9379069,1.3570436240391337e-58,5.221880887472299e-58
0,KIAA1211L,30.865541,1.9366486,3.4659417898272836e-209,2.6495637620131546e-208
0,WHRN,30.210207,1.9356949,1.7396008688774124e-200,1.2868799438581663e-199
0,SFXN2,39.037395,1.9320213,0.0,0.0
0,C11orf80,28.357061,1.9307115,6.849737303065983e-177,4.65899715725925e-176
0,CYP2D6,6.931491,1.9296842,4.164283015486227e-12,1.0811045372501709e-11
0,C1orf226,13.025258,1.9289372,8.790307275202707e-39,2.9546713100020667e-38
0,PLEKHG4B,21.7496,1.9287435,6.9684258787015855e-105,3.4598094559522875e-104
0,FMO5,25.33776,1.928644,1.2260310976497674e-141,7.245304614734485e-141
0,AC112220.3,3.4553926,1.9267948,0.000549492193860354,0.0012029434222724155
0,MFHAS1,74.53194,1.9255688,0.0,0.0
0,RBKS,30.946047,1.9246625,2.87169507985805e-210,2.2111479779066457e-209
0,FAM213A,118.34783,1.9245254,0.0,0.0
0,ATP6V1B1,2.2844226,1.9243654,0.022346705975084397,0.045289812562093995
0,NUAK2,30.291327,1.9229808,1.4913075981573972e-201,1.1077107410778821e-200
0,C10orf95,20.392038,1.922861,1.9677771188315385e-92,9.149704740744148e-92
0,DUSP23,101.27045,1.9225692,0.0,0.0
0,RHPN1,27.612673,1.9224898,7.838536541440165e-168,5.163377000986598e-167
0,AC016708.1,4.7442217,1.9223399,2.093095966240534e-06,4.899743772521108e-06
0,AL121992.1,3.7443361,1.9176792,0.00018087132125669527,0.0004026354023394325
0,AC016957.2,36.36062,1.9156228,1.7856536366714259e-289,1.7774298534171904e-288
0,BLNK,36.107903,1.9153571,1.7046707353765945e-285,1.6757715781897075e-284
0,PCDHA12,4.5637455,1.9150811,5.024894900676306e-06,1.1660366896553991e-05
0,ECT2L,6.774237,1.91195,1.2506428711972458e-11,3.221403385289881e-11
0,PQLC2L,4.629669,1.9110564,3.6625019525693272e-06,8.528361926321118e-06
0,SLC7A2,70.17822,1.90939,0.0,0.0
0,LINC00665,72.83429,1.9089414,0.0,0.0
0,CYP3A5,31.331274,1.9079297,1.7507313305183686e-215,1.3719536823613391e-214
0,FAM227A,25.956627,1.9077021,1.5305869636836733e-148,9.326863424008536e-148
0,FOLH1,22.32269,1.907688,2.2249791986721905e-110,1.1323469799664317e-109
0,GAS8,47.90903,1.907667,0.0,0.0
0,PCCA,77.97686,1.9062624,0.0,0.0
0,KIAA1671,60.524734,1.9061532,0.0,0.0
0,IDH1-AS1,12.70474,1.9049354,5.565411830395137e-37,1.8450089396334067e-36
0,MEGF10,2.425177,1.9002252,0.015300920399681407,0.03132654655491211
0,CLDN12,57.38227,1.8994495,0.0,0.0
0,ARNT2,39.318157,1.8982531,0.0,0.0
0,FLRT1,4.6022243,1.8970138,4.180025259633774e-06,9.720264893499439e-06
0,PODXL2,39.87056,1.895166,0.0,0.0
0,FNBP1L,100.463844,1.8935745,0.0,0.0
0,MROH7,4.063314,1.8934983,4.838086377317629e-05,0.0001095704079019242
0,AL451069.2,2.6683376,1.8913511,0.007622759794297532,0.01586295697295676
0,AKAP3,4.1489797,1.8908151,3.339602434271195e-05,7.591724951163565e-05
0,TGFA,16.066147,1.890154,4.40634223963712e-58,1.689453164625536e-57
0,CXCL14,24.10066,1.8896804,2.4601390700775136e-128,1.3697625335774762e-127
0,TMTC4,66.35624,1.8894696,0.0,0.0
0,ZMYND8,102.19712,1.8861847,0.0,0.0
0,HCAR1,3.8809369,1.8860648,0.00010405485420922946,0.0002335528960816743
0,F12,8.053681,1.8860054,8.034025921313529e-16,2.1952757417561425e-15
0,NEK11,34.434055,1.8857787,7.801483344865012e-260,7.056495339178898e-259
0,BBOF1,30.9291,1.8838506,4.853662836584258e-210,3.730717664519016e-209
0,AP000688.2,3.0301883,1.8834609,0.0024440132400843986,0.005201922540547381
0,TRAF3IP2,67.52911,1.883284,0.0,0.0
0,EPHX4,11.9151125,1.8816111,9.873337680863473e-33,3.160265614151278e-32
0,FAM95B1,9.129361,1.8814394,6.890492187388144e-20,1.96934013348997e-19
0,EEF1E1,100.946175,1.880841,0.0,0.0
0,HSBP1L1,80.17391,1.8786372,0.0,0.0
0,TBC1D16,68.2225,1.8782442,0.0,0.0
0,HIST1H2BD,21.309713,1.8768867,9.225809152655302e-101,4.4742206728560714e-100
0,AL590652.1,2.4764223,1.876005,0.013270653031218561,0.027272828860687017
0,CYP17A1,2.3212035,1.8753802,0.02027586582669436,0.04121719186435429
0,WFDC3,6.2851467,1.8746898,3.275441476287173e-10,8.261308120418448e-10
0,SPAG8,9.320501,1.8741679,1.1579180808321084e-20,3.334368221771916e-20
0,PACRG,12.284326,1.8731359,1.0995791557313225e-34,3.5720719956052115e-34
0,PYCR1,46.461708,1.8731304,0.0,0.0
0,CASTOR3,48.458996,1.8730592,0.0,0.0
0,GIPC2,38.364025,1.8720071,0.0,0.0
0,CACNG4,2.8505566,1.870309,0.004364277391638674,0.009192225796877233
0,NEO1,75.06002,1.8698384,0.0,0.0
0,ZNF592,66.6605,1.8689837,0.0,0.0
0,IQCD,14.126085,1.8668659,2.6232855997910287e-45,9.25652335115211e-45
0,ZNF503-AS2,25.163603,1.866792,1.0031007068916905e-139,5.8873592001332086e-139
0,NPIPB15,28.665022,1.8656418,1.0417462349982163e-180,7.1933089555607396e-180
0,ZNF440,39.10748,1.8651019,0.0,0.0
0,LINC01829,2.72237,1.8636895,0.006481553455957059,0.013527272109073186
0,AC254633.1,4.7438807,1.8636822,2.0966224904442553e-06,4.907627333547455e-06
0,CA13,21.392096,1.8613201,1.582866617705025e-101,7.7151330316053e-101
0,LINC01132,2.54729,1.861248,0.01085631239391226,0.022415394960160748
0,AC005790.1,3.2709484,1.8611779,0.0010718745340207016,0.00231879575068939
0,KCNJ11,3.591048,1.8606424,0.00032935108041699974,0.0007259487835150629
0,MIA2,101.40239,1.8594054,0.0,0.0
0,TNFRSF12A,61.456665,1.8578094,0.0,0.0
0,MMP15,29.435421,1.8553637,1.934851629903328e-190,1.3823499612903873e-189
0,HAS3,2.7081935,1.8541954,0.006765056517209416,0.014109427206788002
0,JHY,36.756557,1.853712,9.134936888958739e-296,9.250769804293832e-295
0,ALDH4A1,17.477535,1.8529853,2.1248567923178075e-68,8.668551858522504e-68
0,BEX1,12.607183,1.8527304,1.9275937680209976e-36,6.364292339304025e-36
0,HIST1H2BJ,9.47129,1.8521078,2.764085283530159e-21,8.010275092176899e-21
0,PIAS3,62.57829,1.8495153,0.0,0.0
0,ATG9B,7.1630044,1.8490294,7.892778242538659e-13,2.0716950925022707e-12
0,STPG1,27.469744,1.8489051,4.037074490986552e-166,2.644074195654193e-165
0,ENPP4,51.771397,1.8463299,0.0,0.0
0,ZNF611,60.593807,1.8462226,0.0,0.0
0,AL591895.1,29.086592,1.8453715,5.304977947032432e-186,3.7323230914848934e-185
0,SAMD15,13.758635,1.8436679,4.519851160074342e-43,1.570666064812432e-42
0,AP002986.1,4.3941383,1.8424757,1.1121308159714381e-05,2.559963292561945e-05
0,NPR3,31.048561,1.8424718,1.1930690334436349e-211,9.239334657139168e-211
0,AL109976.1,2.9872115,1.8422788,0.002815348846170416,0.005974593984385406
0,AC009812.4,6.217085,1.8407035,5.064760278762805e-10,1.2732759552279324e-09
0,CCDC6,97.12909,1.8403212,0.0,0.0
0,LINC02334,9.252583,1.8399335,2.1913221951622233e-20,6.297275228812537e-20
0,KRT17,8.522977,1.8396811,1.555043103351406e-17,4.333007320166057e-17
0,SPR,38.247555,1.839401,0.0,0.0
0,DNAJC6,5.0620856,1.8386405,4.146951307887651e-07,9.869086322698363e-07
0,GCNT1,62.22861,1.8380744,0.0,0.0
0,AL355385.1,3.643213,1.8346753,0.00026925575426959235,0.0005956543981970003
0,AC015813.2,5.773445,1.8342447,7.766688774931257e-09,1.912709561488449e-08
0,ARNTL2,19.769682,1.8306657,5.431787009927734e-87,2.4508064396472478e-86
0,CRIP2,105.994255,1.8305794,0.0,0.0
0,ZNF20,9.576463,1.8284179,1.0042557784141722e-21,2.9243012383123066e-21
0,SPIRE2,17.780504,1.8280711,1.0007716252483018e-70,4.129068031177315e-70
0,CCNE1,13.4220705,1.8275973,4.48988605923476e-41,1.536584081859913e-40
0,CLBA1,24.602028,1.8273691,1.2015898699545271e-133,6.836807457784346e-133
0,AC137630.4,5.45201,1.8257722,4.9803608806788825e-08,1.2079417228214882e-07
0,ZNF589,40.373703,1.823908,0.0,0.0
0,FTCDNL1,17.569187,1.8237602,4.242087015936276e-69,1.7351797697398424e-68
0,TOB1,88.890724,1.8230481,0.0,0.0
0,RTKN,43.436058,1.8221154,0.0,0.0
0,LINC02198,2.3113923,1.8213195,0.020811200770594437,0.04228040374789734
0,PTPRU,45.33709,1.8171865,0.0,0.0
0,THRB,14.403033,1.8144704,4.952137034887932e-47,1.76983926153193e-46
0,WNK2,37.5548,1.8139927,1.1763523376507575e-308,1.2383352077579006e-307
0,AL163051.1,13.693288,1.8132455,1.1135361706167109e-42,3.859168246832326e-42
0,CSF3,3.9335275,1.8117412,8.370826684201399e-05,0.0001883496944733639
0,AC009118.2,4.304425,1.8077636,1.6742023726227786e-05,3.840897619555539e-05
0,MARK1,30.29926,1.807618,1.1724283425307784e-201,8.714825104040108e-201
0,RAB15,23.156212,1.8064471,1.2586908805612576e-118,6.678516574335929e-118
0,CCDC125,55.475784,1.8062555,0.0,0.0
0,ACPP,25.585768,1.8046851,2.1970969160221027e-144,1.3144729845817872e-143
0,LRAT,3.4816706,1.8029672,0.0004982963542905981,0.001092103632254965
0,IL23A,11.232702,1.8005468,2.8172681311883763e-29,8.758127754037331e-29
0,MTMR8,7.0157475,1.7989583,2.2872305941150713e-12,5.963509024153408e-12
0,SEC11C,107.72028,1.7985656,0.0,0.0
0,AL022323.4,26.726273,1.797563,2.3307991924444433e-157,1.468365483915214e-156
0,AC097641.2,2.4380126,1.797426,0.014768261495718657,0.030270088072695572
0,LKAAEAR1,3.8556006,1.7954255,0.00011544585945482558,0.00025878192472949624
0,ATP8B3,15.950354,1.7937659,2.832871453206111e-57,1.0789347874829484e-56
0,RAC3,28.423645,1.7902058,1.031993606883953e-177,7.048801416124272e-177
0,ZNF396,17.953823,1.7873336,4.479732320784563e-72,1.8634601189567763e-71
0,ESYT3,5.443079,1.7863009,5.236735545907145e-08,1.2696249256146228e-07
0,IGF2BP3,5.6618247,1.7862217,1.4977191035485377e-08,3.6697323872978163e-08
0,FZD8,15.6932745,1.7859348,1.6815220731967903e-55,6.328641343922698e-55
0,LINC01134,3.5464165,1.7841338,0.00039050856634494877,0.0008586076872749045
0,NEK5,19.477987,1.7840215,1.6878263304218428e-84,7.514498472248328e-84
0,ENDOG,73.032104,1.7814543,0.0,0.0
0,AP006333.1,2.4262488,1.781121,0.015255805466841361,0.031236249060196484
0,ZNF443,25.099264,1.7808988,5.066199173777698e-139,2.960503268367315e-138
0,CFAP44,31.156706,1.7807964,4.114946102240789e-213,3.202735814201865e-212
0,WDR31,19.347013,1.7795775,2.1600080478558865e-83,9.558901594370259e-83
0,SLC45A3,4.9761233,1.7786267,6.487026034573965e-07,1.5362387070000577e-06
0,ZFHX3,99.596405,1.7782844,0.0,0.0
0,SINHCAF,104.399124,1.7778422,0.0,0.0
0,IER3,75.63101,1.7778175,0.0,0.0
0,PSORS1C1,20.808832,1.7776324,3.600136830071014e-96,1.7063246282319404e-95
0,TRAF4,67.324974,1.7774309,0.0,0.0
0,MACROD1,70.89312,1.7762493,0.0,0.0
0,PFKFB2,28.473412,1.7757803,2.500750374013602e-178,1.7137625678412062e-177
0,SLIT2,24.629616,1.7750597,6.086284006883597e-134,3.4674429456359694e-133
0,NEIL1,67.69433,1.7745798,0.0,0.0
0,HSPB8,28.31345,1.7731966,2.3605033296763114e-176,1.6016701736620362e-175
0,S100A11,130.07765,1.7720921,0.0,0.0
0,APOL4,46.34911,1.7719616,0.0,0.0
0,WDR77,63.984295,1.7719135,0.0,0.0
0,GATA2-AS1,66.79801,1.7697915,0.0,0.0
0,TEC,25.039532,1.7692951,2.270171920465787e-138,1.3233535184050562e-137
0,SULT4A1,4.8916903,1.7688932,9.997360578270296e-07,2.359230536707643e-06
0,CNOT11,81.42143,1.7684897,0.0,0.0
0,TBC1D8,36.20313,1.7683666,5.435792728607594e-287,5.369256818890217e-286
0,PCSK6,19.208263,1.7682757,3.1565424379089277e-82,1.3861787031607165e-81
0,LINC00571,3.9935424,1.7641599,6.509343641129546e-05,0.00014682840747072754
0,EZR,104.088005,1.7636725,0.0,0.0
0,IPO4,42.59777,1.7622638,0.0,0.0
0,AP000251.1,2.8324924,1.7615539,0.004618666932477927,0.00971412990010856
0,TPBG,89.88208,1.761532,0.0,0.0
0,CARMIL1,63.775623,1.7598145,0.0,0.0
0,AL450306.1,13.492222,1.7578644,1.7378364186508017e-41,5.966597444039139e-41
0,ABHD17C,39.678246,1.7556609,0.0,0.0
0,AP001830.1,9.24315,1.7549196,2.3934613634545777e-20,6.87433420316798e-20
0,AL158835.1,20.716682,1.7534568,2.449965103433873e-95,1.1567533066274168e-94
0,GATA2,57.474743,1.753202,0.0,0.0
0,SLC25A4,82.597626,1.7525151,0.0,0.0
0,CCDC85C,32.118137,1.752361,2.4611903873269655e-226,2.00601295625302e-225
0,PLCB4,62.086792,1.7521735,0.0,0.0
0,KCNH3,5.148906,1.746708,2.62009646239129e-07,6.262417551862006e-07
0,TTC9,37.531906,1.7435442,2.7800430836377293e-308,2.9185730837632914e-307
0,RALGPS1,30.85826,1.7429905,4.3404478624577293e-209,3.316445539801756e-208
0,SLC16A5,32.436165,1.7426836,8.488958944038619e-231,7.013318740534658e-230
0,WNT7B,6.331303,1.7413685,2.4309893265956337e-10,6.144973183699292e-10
0,LINC00271,14.424181,1.7401911,3.645740218670545e-47,1.3049090091308689e-46
0,PON2,99.98051,1.739353,0.0,0.0
0,WDR91,48.463802,1.7377404,0.0,0.0
0,AC007114.1,16.171848,1.736874,7.967168743288656e-59,3.069957416142906e-58
0,CMTM7,75.5519,1.7358793,0.0,0.0
0,BVES,16.924639,1.7350769,2.961539462338286e-64,1.1778702890553262e-63
0,AC007405.3,21.85508,1.7333097,6.955093586114684e-106,3.4682329374967173e-105
0,VWA5A,39.300304,1.7328789,0.0,0.0
0,E2F5,40.22246,1.7327193,0.0,0.0
0,AGPAT2,92.43081,1.7318126,0.0,0.0
0,ERICH2,12.00391,1.7316415,3.3889796149802895e-33,1.089259494178409e-32
0,AL159163.1,8.645363,1.731153,5.363437054966101e-18,1.5034259845622825e-17
0,AC010422.2,2.9777954,1.7296991,0.002903298612268005,0.006159544907287701
0,CFAP69,20.595428,1.7273177,3.0161089951870334e-94,1.4147652255918295e-93
0,GRIA2,5.0296335,1.7261264,4.914176675170249e-07,1.1674285818561636e-06
0,SPATA12,2.329132,1.7253207,0.0198520653097176,0.04038224184068987
0,GCAT,41.174007,1.7242843,0.0,0.0
0,KIAA1147,64.14554,1.724048,0.0,0.0
0,AL627422.2,2.3494258,1.7226586,0.018802386082187,0.03830501263213721
0,AC006329.1,2.4439323,1.7219611,0.01452814871825166,0.02979571947146676
0,MYO10,73.91647,1.7212226,0.0,0.0
0,KIF27,43.287518,1.7205311,0.0,0.0
0,KIF19,6.5374794,1.7199497,6.256432300606902e-11,1.5957051750689678e-10
0,AC009119.1,2.34463,1.7199427,0.019045966919055933,0.038783350874111326
0,BCL7A,51.381763,1.7183933,0.0,0.0
0,LAMA5,76.27271,1.716514,0.0,0.0
0,STK33,33.562943,1.7162143,5.82909384288449e-247,5.073494886004814e-246
0,OPLAH,23.375559,1.7146258,7.577004407397544e-121,4.0677866114197656e-120
0,AC027237.3,5.460657,1.7144629,4.74376080850476e-08,1.1509177746169764e-07
0,AMIGO2,55.80388,1.7127839,0.0,0.0
0,EPB41L5,51.756363,1.7117865,0.0,0.0
0,SLC30A1,74.24587,1.710489,0.0,0.0
0,ZBTB42,19.35856,1.7098037,1.726424280532477e-83,7.643402841772994e-83
0,IKZF2,51.55431,1.7092807,0.0,0.0
0,NSG1,57.796463,1.7083521,0.0,0.0
0,AC138207.7,7.4144216,1.7069443,1.221566826398645e-13,3.2449476496349743e-13
0,PTGER1,7.6826453,1.70539,1.5583683464513112e-14,4.189309427134964e-14
0,AC106782.2,9.811634,1.704852,1.0033025423874387e-22,2.947350221230736e-22
0,ECT2,35.777233,1.7046528,2.496192042039859e-280,2.423807962404207e-279
0,PIR,37.31071,1.7014613,1.1001908742023486e-304,1.144902334982222e-303
0,LGMN,93.23904,1.7013407,0.0,0.0
0,STC2,7.257417,1.698033,3.9455154312690647e-13,1.0402119375094514e-12
0,BIRC3,65.22776,1.6972463,0.0,0.0
0,TXNDC16,55.636932,1.694947,0.0,0.0
0,LINC01535,8.096685,1.6924727,5.647688219481374e-16,1.5460859149646661e-15
0,ELOVL7,14.814208,1.692364,1.1857832222713944e-49,4.308099453478545e-49
0,CIPC,49.99282,1.6922843,0.0,0.0
0,PPFIBP2,34.644997,1.6912142,5.313303782578087e-263,4.859966854339773e-262
0,SLC37A4,43.295605,1.6908374,0.0,0.0
0,PTH2R,2.6155522,1.6903518,0.008908330740203129,0.018478508603185107
0,AL138885.3,3.3691037,1.6897657,0.0007541303238187029,0.001640708568088459
0,ADGRA3,75.0275,1.6873589,0.0,0.0
0,SALL1,47.772064,1.6853209,0.0,0.0
0,VAMP8,103.85256,1.6848701,0.0,0.0
0,ALDH3A2,79.55523,1.681079,0.0,0.0
0,POC1B,69.8082,1.6804506,0.0,0.0
0,DUSP14,53.358677,1.6799599,0.0,0.0
0,PNMA8A,20.77786,1.6799572,6.8650616988418775e-96,3.249287318929646e-95
0,C1orf53,32.965183,1.6798099,2.563655957034018e-238,2.1660720247143355e-237
0,LINC01139,15.709566,1.6791844,1.3006558906131094e-55,4.899972161284663e-55
0,BCAM,97.01465,1.679115,0.0,0.0
0,ZNF252P-AS1,11.129661,1.6785064,8.997707680294919e-29,2.786773737597706e-28
0,SERINC5,90.56299,1.6784472,0.0,0.0
0,THSD7B,3.4447174,1.6778607,0.0005716568043572627,0.0012505801849001922
0,ZNF19,24.16074,1.6776633,5.758001010250744e-129,3.215221991396924e-128
0,FAM3C,104.02856,1.6772265,0.0,0.0
0,ATP1A1,112.891266,1.6760948,0.0,0.0
0,ZNF608,47.726265,1.6760199,0.0,0.0
0,RAPGEFL1,8.962467,1.6758614,3.1749291873439996e-19,9.02156259936021e-19
0,ERMN,7.1240673,1.675005,1.0478790971946194e-12,2.745109277588922e-12
0,LOXL1-AS1,20.612959,1.6746703,2.0999806246881625e-94,9.85935001780906e-94
0,DARS-AS1,9.76605,1.6734041,1.5747109878227973e-22,4.617608396645085e-22
0,AC112220.4,8.651271,1.6728898,5.092900977104453e-18,1.4282396379581464e-17
0,TMEM231,26.345825,1.6702816,5.730009982329968e-153,3.555459115114883e-152
0,ZNF664,73.46425,1.670076,0.0,0.0
0,CCDC51,49.1791,1.6698927,0.0,0.0
0,BAALC-AS1,6.7782083,1.6691744,1.2167553196384736e-11,3.135422433222136e-11
0,ARVCF,17.294876,1.6691502,5.14128493632769e-67,2.078504820498102e-66
0,PDIA5,55.130814,1.6681328,0.0,0.0
0,STEAP1,30.52345,1.6677816,1.2731268094802952e-204,9.566868538927178e-204
0,Z83851.1,3.140971,1.6674905,0.0016838873603633616,0.0036091474789702095
0,MORN2,69.99271,1.6640068,0.0,0.0
0,ARHGAP32,52.18971,1.661302,0.0,0.0
0,IQCA1,27.24696,1.6607947,1.80560261546101e-163,1.1691967323706985e-162
0,EPHX3,3.4628267,1.6568277,0.0005345323889941318,0.0011707740448332247
0,AVIL,28.538435,1.6539087,3.909235997596794e-179,2.6855469432701513e-178
0,PCDH1,34.70187,1.6539054,7.382917917090941e-264,6.777066945753778e-263
0,RP1,8.935433,1.6538529,4.055864864015069e-19,1.1515213609417025e-18
0,UNC5B,43.39907,1.653553,0.0,0.0
0,NPDC1,101.9795,1.6517258,0.0,0.0
0,AC007681.1,8.520629,1.6513603,1.5868981929132213e-17,4.421370454193539e-17
0,KIF24,5.8319926,1.6512817,5.476930349540203e-09,1.353878959555619e-08
0,CMTM6,110.22069,1.6512277,0.0,0.0
0,NRTN,11.7706,1.6501868,5.532964962019255e-32,1.7591538738929027e-31
0,PSPH,34.188328,1.6480645,3.605249720519908e-256,3.2279099974539047e-255
0,LINC01124,3.1188996,1.645017,0.0018152779326390664,0.0038829534960257194
0,KIAA0895,21.48722,1.6448032,2.050193111844329e-102,1.0037275226955913e-101
0,HDHD3,61.900684,1.6440108,0.0,0.0
0,AC018638.6,2.3625782,1.6419944,0.018148308849768573,0.03699932596436658
0,CFI,89.38689,1.6412283,0.0,0.0
0,AL009178.2,2.3071728,1.639453,0.021045190982365,0.042744543450874355
0,ZNF385C,3.651618,1.6380497,0.000260593318715813,0.0005769867255211429
0,SLC40A1,82.82594,1.6378487,0.0,0.0
0,PLD5,3.4324503,1.637493,0.0005981535001334263,0.0013073424954829086
0,FCGBP,29.451342,1.6372366,1.2101314345203367e-190,8.655758446359649e-190
0,GCHFR,67.93475,1.6363711,0.0,0.0
0,RANGRF,75.571495,1.6355956,0.0,0.0
0,IL1R2,20.94073,1.6352868,2.2794356711141823e-97,1.0863611146819742e-96
0,ZNF320,5.923885,1.6345234,3.1442332936301855e-09,7.803020588263059e-09
0,AC083843.3,20.972866,1.6331774,1.1605572192066878e-97,5.537956148528809e-97
0,GEMIN7-AS1,4.804777,1.6316444,1.5492407065816253e-06,3.6390319591365174e-06
0,GON7,61.75827,1.6316054,0.0,0.0
0,AL513548.1,19.164715,1.6305728,7.295657941964068e-82,3.1993033486419333e-81
0,SENP8,22.491419,1.6296526,5.036257044762817e-112,2.5852117004232585e-111
0,MORN1,25.031273,1.6274003,2.792467168816308e-138,1.6272017870777836e-137
0,AC015912.3,18.041304,1.6268337,9.234129351432265e-73,3.855183518367108e-72
0,STEAP4,27.905724,1.6262479,2.2737905962658566e-171,1.5162037963061236e-170
0,CAMP,2.4957943,1.6259391,0.012567545468241322,0.025865694065854334
0,CDYL2,24.77585,1.6249272,1.6328855425463145e-135,9.373624343142448e-135
0,BMP8B,7.4877896,1.6211336,7.004324873111724e-14,1.8654258410449294e-13
0,PEX7,45.502007,1.620346,0.0,0.0
0,AL133215.2,3.4025145,1.6192728,0.0006676880193255073,0.0014559216603141987
0,FBXW9,36.767128,1.6191874,6.191335700887465e-296,6.276012217360738e-295
0,TMEM102,37.544228,1.6187999,1.7501396090828876e-308,1.8398491461879185e-307
0,TMEM62,30.664516,1.6163677,1.692587227041268e-206,1.2802935248694192e-205
0,DDIT4L,8.329222,1.6155576,8.137522623007987e-17,2.249006632471679e-16
0,FAM177A1,99.088455,1.6150202,0.0,0.0
0,ANO9,24.55711,1.6114846,3.631176836559769e-133,2.061892017041205e-132
0,CLTRN,6.148959,1.6096194,7.799296014333235e-10,1.9535849089472186e-09
0,GOLM1,89.90988,1.6073803,0.0,0.0
0,HEBP2,114.90469,1.605524,0.0,0.0
0,CATSPERE,5.0728307,1.605404,3.9194157066965676e-07,9.3347754678948e-07
0,PLPP5,91.20621,1.6047261,0.0,0.0
0,GYG2,7.9982853,1.604038,1.261639503324415e-15,3.4400963501762413e-15
0,HIST1H2AC,67.46943,1.6039939,0.0,0.0
0,EDN1,42.83584,1.602798,0.0,0.0
0,TMEM251,81.30846,1.6024553,0.0,0.0
0,TLR5,43.175526,1.6019828,0.0,0.0
0,DNAJC10,91.98449,1.6016384,0.0,0.0
0,IGF1R,91.160484,1.6014595,0.0,0.0
0,CA3,3.531256,1.6012416,0.0004135913182805438,0.0009089069165313401
0,FAM213B,42.19385,1.5998709,0.0,0.0
0,AL133410.1,10.397986,1.5989727,2.532264925522832e-25,7.618486523229258e-25
0,CKB,78.05187,1.5989162,0.0,0.0
0,NANOS3,6.9167356,1.5986774,4.62169843554125e-12,1.1987481835118616e-11
0,GADD45A,73.600746,1.5984187,0.0,0.0
0,SLC9C2,3.1263103,1.5984054,0.001770145972009936,0.0037887743460464744
0,ZDHHC12,81.48301,1.5982378,0.0,0.0
0,OSBP2,8.134997,1.5981644,4.1194665764638693e-16,1.1294274237449552e-15
0,NEDD9,78.44877,1.59768,0.0,0.0
0,KCNQ1,34.64597,1.597295,5.1368685328960804e-263,4.699976191421526e-262
0,PACSIN1,14.018821,1.5972546,1.1958550875829463e-44,4.2033769125356665e-44
0,CFAP300,13.189878,1.597207,1.0034721547888485e-39,3.3962235970279175e-39
0,MGST2,101.15308,1.5963755,0.0,0.0
0,CES4A,20.599525,1.5958017,2.771490029187491e-94,1.3004166135129465e-93
0,NNMT,47.52747,1.5952106,0.0,0.0
0,GMNN,60.027763,1.5937154,0.0,0.0
0,EPHA2,23.515207,1.5929114,2.8510024358500277e-122,1.539411814898966e-121
0,DDIAS,10.486794,1.5921285,9.934208669818345e-26,3.0004552658856213e-25
0,LNX2,28.74419,1.5899401,1.0706368122395174e-181,7.417657914343591e-181
0,ZDHHC2,80.64654,1.5882174,0.0,0.0
0,IGSF8,72.6259,1.5878901,0.0,0.0
0,CTXN1,39.02646,1.5875032,0.0,0.0
0,EPB41L4A,49.1197,1.5867994,0.0,0.0
0,TC2N,80.27767,1.5851314,0.0,0.0
0,TMEM205,103.094505,1.5845354,0.0,0.0
0,AL512329.2,3.5872393,1.584235,0.0003341977253651831,0.0007365266042399967
0,LPCAT3,59.60958,1.582207,0.0,0.0
0,LINC01876,3.6808085,1.5815529,0.00023249563968982568,0.0005155874819468639
0,NFIB,93.33741,1.5815072,0.0,0.0
0,VPS37D,21.607182,1.5808215,1.537516921124514e-103,7.576536269323239e-103
0,TTC26,28.162264,1.5793434,1.6959042138093163e-174,1.1419457851024954e-173
0,MOAP1,76.002335,1.5789585,0.0,0.0
0,PBLD,29.538988,1.5786151,9.095543666888908e-192,6.526955377583829e-191
0,HS6ST3,2.828051,1.5770482,0.004683232433310213,0.009848585753304672
0,LINC00461,6.133907,1.5739862,8.574677028978607e-10,2.146064806337694e-09
0,SLC18A2,13.049528,1.5738769,6.394249575832462e-39,2.1506918232697128e-38
0,PTPRK,69.8813,1.5724572,0.0,0.0
0,TCTEX1D2,49.070114,1.5724415,0.0,0.0
0,AC106886.5,5.8360925,1.5723261,5.343931677091522e-09,1.3212134736730475e-08
0,HIGD1A,85.128975,1.5721432,0.0,0.0
0,TMEM260,69.743614,1.5720615,0.0,0.0
0,AC108471.2,4.478648,1.5717889,7.5117181484594135e-06,1.7356808673327982e-05
0,FCRL5,2.5912583,1.5699035,0.009562570348214035,0.01979971606834938
0,ACSBG1,2.3301442,1.5697808,0.019798536895789778,0.040276007361164656
0,FURIN,72.378845,1.5683012,0.0,0.0
0,C9orf50,3.0018008,1.5670673,0.0026838776127438876,0.005701072534506896
0,SEL1L3,68.95432,1.5666713,0.0,0.0
0,OXR1,89.390366,1.566371,0.0,0.0
0,TUBB4B,92.995445,1.5648681,0.0,0.0
0,SLC44A1,90.79849,1.5631812,0.0,0.0
0,AC079610.2,3.637798,1.562639,0.00027497885697971847,0.000608097562440767
0,AGBL5,35.848583,1.5625547,1.9349522721935443e-281,1.8823912457250825e-280
0,NUDT15,61.496864,1.5625362,0.0,0.0
0,SH3BP4,49.32032,1.5621084,0.0,0.0
0,BX255925.3,23.893906,1.56187,3.5438251284334774e-126,1.9506501023062064e-125
0,ACSL4,69.38389,1.560872,0.0,0.0
0,AHCYL1,103.3828,1.5599508,0.0,0.0
0,HSD11B2,33.33735,1.5579259,1.1112115671778076e-243,9.571966529198578e-243
0,SQLE,68.38032,1.5552794,0.0,0.0
0,CHI3L1,27.947105,1.5550524,7.148585627714997e-172,4.777109967476484e-171
0,AP1S3,22.008368,1.554226,2.3946222152635202e-107,1.202446609376923e-106
0,DERL3,13.554532,1.553964,7.448541351758351e-42,2.563323322111072e-41
0,BX322562.1,17.43519,1.5538886,4.460695367706706e-68,1.816425714488948e-67
0,KCNN2,3.2510846,1.5538262,0.0011496565001347114,0.0024839170534542835
0,BCHE,2.4480722,1.5522025,0.014362289997678456,0.029469248951619734
0,SLC12A9-AS1,4.15513,1.5521659,3.2510299380913254e-05,7.39364108142668e-05
0,DHRS13,20.931442,1.5509113,2.769839464933532e-97,1.319880177963316e-96
0,TMEM233,4.0282283,1.550009,5.619872890423116e-05,0.00012703387071184616
0,HDHD5-AS1,7.2175756,1.5485063,5.292252795699363e-13,1.3920651672908952e-12
0,PYGL,68.784004,1.5476563,0.0,0.0
0,KCNS3,10.652613,1.54725,1.6953859785389204e-26,5.1563958314015365e-26
0,FAM83G,10.053174,1.547195,8.895486648681555e-24,2.639017141973515e-23
0,SLC13A5,2.7372124,1.5467311,0.006196225526954201,0.012951896548192445
0,ZNF774,10.145122,1.5467087,3.4834331767734914e-24,1.0381107819355732e-23
0,AC124066.1,4.8507547,1.5461317,1.2299267391462942e-06,2.8953725132755364e-06
0,TGIF1,89.26646,1.5460881,0.0,0.0
0,AC007743.1,4.3790336,1.5459805,1.1920674062547813e-05,2.742127666352823e-05
0,FLJ45513,3.0677707,1.5440443,0.002156620216648136,0.004601951189998892
0,ADPRHL1,12.023514,1.5427614,2.673567536128686e-33,8.599433014791269e-33
0,AL645608.8,10.322763,1.5404037,5.559958199144364e-25,1.6688513942017567e-24
0,TSPAN10,22.384485,1.5398946,5.574460202377128e-111,2.8454143926485533e-110
0,DPCD,61.28949,1.539533,0.0,0.0
0,GINS3,14.103948,1.5389795,3.591069588965042e-45,1.266277099670765e-44
0,STRBP,80.61974,1.538213,0.0,0.0
0,HSD17B8,52.178246,1.5380244,0.0,0.0
0,NUDT14,80.9282,1.5363599,0.0,0.0
0,KLB,4.042664,1.5361764,5.284727666832025e-05,0.00011957179941345343
0,RAB11FIP1,84.92271,1.5358323,0.0,0.0
0,MANEAL,9.995393,1.5357327,1.596528300488614e-23,4.7255219482093077e-23
0,THEM4,61.75176,1.5357224,0.0,0.0
0,MEGF6,17.78662,1.5348219,8.973210401929325e-71,3.703231591566693e-70
0,ZNF90,23.518389,1.5341989,2.64504499135294e-122,1.4289530772198099e-121
0,TMCC1,68.0117,1.5328767,0.0,0.0
0,SSH3,41.545525,1.532521,0.0,0.0
0,AP000704.1,5.8655734,1.5321007,4.475829987597912e-09,1.1078279604924214e-08
0,SUSD4,17.113146,1.5306394,1.184272662860968e-65,4.753547427408304e-65
0,GRTP1,36.75781,1.5300502,8.723267091183835e-296,8.836775351924575e-295
0,CYSTM1,88.17034,1.5299194,0.0,0.0
0,TMEM52,4.1941295,1.5289655,2.739212849173053e-05,6.242965233345e-05
0,SRRM2-AS1,8.366546,1.5282735,5.933190553793156e-17,1.642428306727139e-16
0,SLC27A2,9.549499,1.5267518,1.3032514039196668e-21,3.791734080857116e-21
0,SSX2IP,40.65748,1.5262334,0.0,0.0
0,TIPARP-AS1,20.395813,1.5248618,1.8216432460986574e-92,8.471490792532531e-92
0,RASL10B,10.602389,1.5246961,2.904618991340314e-26,8.815107930612242e-26
0,SLC39A14,46.64009,1.5244707,0.0,0.0
0,ANKDD1B,5.815813,1.5240927,6.033981844113213e-09,1.48979291305326e-08
0,RTL10,45.36611,1.5227765,0.0,0.0
0,CDK18,21.713074,1.5218999,1.543808373032285e-104,7.653911675538792e-104
0,RSPH3,45.147938,1.5216995,0.0,0.0
0,PRNCR1,16.331167,1.5205562,5.924012762734878e-60,2.294979474277349e-59
0,BAIAP2,49.011463,1.5202924,0.0,0.0
0,TMEM141,90.68212,1.5196989,0.0,0.0
0,RIPK2,53.84688,1.5185033,0.0,0.0
0,FBXO36,22.221977,1.5177662,2.1059000295379003e-109,1.0678761642810153e-108
0,RALGAPA2,76.95414,1.5172055,0.0,0.0
0,RASGEF1A,12.882533,1.5171432,5.645192740386261e-38,1.8846729376000852e-37
0,SLC37A1,32.916565,1.5168352,1.2735623908127706e-237,1.0745834783742917e-236
0,PATZ1,57.081814,1.5164244,0.0,0.0
0,AC004918.1,21.684425,1.5156026,2.878309453809234e-104,1.4254111566877423e-103
0,AC018645.2,10.105656,1.5153763,5.214546564649541e-24,1.5504183806986374e-23
0,PRR7,33.31449,1.5138036,2.3817660592278366e-243,2.0510795094052588e-242
0,TRAP1,71.97579,1.5137142,0.0,0.0
0,PLEKHN1,13.593543,1.5131803,4.3738230608798955e-42,1.507883428250027e-41
0,RRS1-AS1,3.7920203,1.5130038,0.00014942664670915983,0.00033364610387516275
0,IFNLR1,6.8289757,1.5125617,8.552307451125172e-12,2.210269808444901e-11
0,SESTD1,70.69336,1.5125325,0.0,0.0
0,CTH,22.416449,1.5118937,2.720387097199238e-111,1.3908850953372514e-110
0,GIPC1,79.60365,1.5116185,0.0,0.0
0,NPHP1,41.431923,1.5106258,0.0,0.0
0,TAF1A-AS1,6.4563684,1.5102011,1.0724523915414146e-10,2.7265185543613147e-10
0,ASL,68.958305,1.5097823,0.0,0.0
0,GPR157,29.181778,1.5091274,3.303007145318289e-187,2.3323290345065654e-186
0,PDE9A,33.24309,1.5090188,2.568886762368249e-242,2.2030128514016502e-241
0,RBPMS-AS1,8.372788,1.5082612,5.627036761687669e-17,1.5579577639835243e-16
0,PIGZ,19.540022,1.5081409,5.015984837480988e-85,2.239656795319631e-84
0,SYNE2,89.99775,1.5072184,0.0,0.0
0,TUBA1C,86.72794,1.5068322,0.0,0.0
0,MANSC1,60.503307,1.5065507,0.0,0.0
0,KCNJ12,4.751093,1.5061578,2.023202144500164e-06,4.73792307016719e-06
0,SEMA3C,56.17641,1.5050077,0.0,0.0
0,SEMA4B,47.097633,1.5038444,0.0,0.0
0,GLDN,7.2503653,1.5028328,4.156491550728626e-13,1.0953673632193865e-12
0,METAP1,67.608444,1.502471,0.0,0.0
0,SLC25A23,47.49424,1.5023357,0.0,0.0
0,LINC00842,3.7839904,1.5012755,0.0001543337556753903,0.00034437898972343423
0,AKAP1,59.830906,1.5010692,0.0,0.0
0,AC112220.2,4.879587,1.500125,1.0630817119631864e-06,2.506611723500626e-06
1,ASCL4,3.5981448,9.100854,0.00032049519762987076,0.0008670061333169729
1,LILRA1,47.861988,9.004535,0.0,0.0
1,CYBB,151.1992,8.804755,0.0,0.0
1,LILRA5,65.74485,8.800132,0.0,0.0
1,LY86,115.56303,8.664738,0.0,0.0
1,RPH3A,7.5155444,8.549647,5.667467840519213e-14,2.126556131442604e-13
1,LIPN,7.904358,8.445855,2.693183424260783e-15,1.039438312857493e-14
1,NLRC4,47.306004,8.435918,0.0,0.0
1,MPEG1,129.5091,8.420751,0.0,0.0
1,CD86,104.69455,8.4180975,0.0,0.0
1,FCGR1A,63.429737,8.393879,0.0,0.0
1,FCGR1B,31.305628,8.385664,3.911980517695599e-215,5.644611664818762e-214
1,TLR8,53.943752,8.354996,0.0,0.0
1,S100A12,57.998764,8.34369,0.0,0.0
1,RETN,27.516546,8.323557,1.1130332183582404e-166,1.3292317496058013e-165
1,FPR1,93.2787,8.300827,0.0,0.0
1,MS4A7,125.36237,8.231671,0.0,0.0
1,FCN1,87.87567,8.205427,0.0,0.0
1,MCEMP1,25.45443,8.190545,6.305628832918867e-143,6.823811986660483e-142
1,P2RY13,89.73293,8.157851,0.0,0.0
1,AC064805.1,8.27166,8.129325,1.3210706160910798e-16,5.240704599092158e-16
1,CSF1R,118.397415,8.122227,0.0,0.0
1,MS4A6A,132.84315,8.115225,0.0,0.0
1,LINC01857,20.438683,8.098291,7.575576885948873e-93,6.263733408614816e-92
1,IGSF21,6.1029696,8.074806,1.0411559307696548e-09,3.493920342269025e-09
1,RNASE2,36.722855,8.057864,3.153726522142862e-295,5.767587314785173e-294
1,AL161781.2,2.5589178,8.055867,0.010499859013402639,0.025436521596428542
1,LYZ,144.21257,8.043101,0.0,0.0
1,AL355922.1,3.6279025,8.039864,0.00028573300282206684,0.0007758873588316306
1,MARCH1,142.73094,8.001941,0.0,0.0
1,TREM2,44.377598,7.962078,0.0,0.0
1,AIF1,147.09296,7.941044,0.0,0.0
1,FPR3,61.169228,7.940366,0.0,0.0
1,CD1B,8.621874,7.9243617,6.586735054703851e-18,2.6754661629088176e-17
1,LILRB2,104.211945,7.9186907,0.0,0.0
1,AC245128.3,26.217426,7.909932,1.6819635372457924e-151,1.8794087869000614e-150
1,LILRB4,85.9105,7.89445,0.0,0.0
1,TFEC,93.00665,7.8811445,0.0,0.0
1,HCK,112.82253,7.84686,0.0,0.0
1,AP001257.1,3.2180145,7.8203616,0.0012908127666123553,0.003356200065423409
1,PAX5,8.562537,7.8057055,1.1041052079532953e-17,4.4677375834266165e-17
1,SPI1,142.61887,7.7896075,0.0,0.0
1,NCF2,124.09476,7.7854853,0.0,0.0
1,GPR84,20.861013,7.752781,1.2108106035978005e-96,1.0221940269160672e-95
1,MSR1,62.33182,7.739139,0.0,0.0
1,LRRC25,102.43904,7.709392,0.0,0.0
1,FOLR3,23.630878,7.647361,1.8563831870006967e-123,1.8348332318717793e-122
1,FPR2,29.313614,7.635995,6.956094189930147e-189,9.136931709654529e-188
1,CLEC10A,63.86882,7.6318192,0.0,0.0
1,AC098679.1,5.5468917,7.630683,2.9079305484600794e-08,9.323175255316979e-08
1,MEFV,35.66542,7.624599,1.3590230980666032e-278,2.3703909081232786e-277
1,ST18,9.598771,7.6176677,8.090290412367387e-22,3.515346629762953e-21
1,AC074327.1,10.85774,7.6070447,1.8322772737938365e-27,8.68428058597548e-27
1,MNDA,130.88292,7.602837,0.0,0.0
1,CD300E,64.90176,7.584058,0.0,0.0
1,GAPT,89.249756,7.5379047,0.0,0.0
1,CD209,20.838804,7.5292077,1.9258802342970402e-96,1.623211900774983e-95
1,RAB39A,17.261341,7.5119185,9.195145782543642e-67,6.393574144006217e-66
1,TCL1A,7.3118715,7.487388,2.63446913643375e-13,9.702518779761428e-13
1,AC005280.2,21.067858,7.478369,1.5686768419965968e-98,1.3433941578162598e-97
1,OLR1,37.557934,7.476496,1.045660409754284e-308,1.9742349593326608e-307
1,CD300LB,30.754877,7.463558,1.052330332970887e-207,1.481748227841968e-206
1,MS4A14,18.605907,7.4339757,2.8777569816618025e-77,2.1577592196075046e-76
1,AC011899.3,4.7078943,7.4284086,2.5028891386009085e-06,7.499446883833085e-06
1,LILRA2,68.28516,7.4168267,0.0,0.0
1,SIRPB2,36.617256,7.4117737,1.5198861525236375e-293,2.7567559457774688e-292
1,VSTM1,23.627914,7.406149,1.9912682232811255e-123,1.966894438381264e-122
1,AC011899.2,29.195137,7.3839884,2.2353855728685103e-187,2.910238496236186e-186
1,OLIG1,18.769022,7.3820963,1.3535273992367935e-78,1.0233236626274847e-77
1,C1QC,62.18036,7.380333,0.0,0.0
1,MS4A4A,75.20489,7.3787823,0.0,0.0
1,VSIG4,61.486202,7.3762207,0.0,0.0
1,PLD4,49.578465,7.3607526,0.0,0.0
1,AC079015.1,4.795745,7.3468184,1.6207131544162763e-06,4.890303764868091e-06
1,SIGLEC14,40.12949,7.345443,0.0,0.0
1,TIFAB,13.403552,7.3329854,5.763688327598239e-41,3.190727478794175e-40
1,FCRL1,8.149335,7.3220253,3.6593222262598287e-16,1.4381825031410544e-15
1,AL138899.1,21.63609,7.3099236,8.218687018801907e-104,7.284627464585907e-103
1,ADORA3,35.530727,7.306331,1.6491435407715158e-276,2.844312467333998e-275
1,P2RY12,4.256189,7.295454,2.079411524842451e-05,5.983462619710048e-05
1,CD1E,22.781813,7.284993,6.945616368044255e-115,6.570803951244071e-114
1,FLT3,16.605112,7.2664776,6.400120952143195e-62,4.275092679228219e-61
1,SLC24A4,40.96079,7.257834,0.0,0.0
1,TLR7,45.447117,7.253081,0.0,0.0
1,RNASE6,120.44842,7.2278895,0.0,0.0
1,CD1C,35.62488,7.227485,5.771161138831533e-278,1.002637871376426e-276
1,CD163,97.564156,7.2250133,0.0,0.0
1,CLEC4C,3.9427032,7.2066526,8.056829828529586e-05,0.00022551389196736452
1,SLAMF9,6.3342524,7.198679,2.3849456579009173e-10,8.157538230272649e-10
1,TMEM150B,15.821031,7.1930714,2.2281564868949257e-56,1.4175716867118457e-55
1,MIR3945HG,6.1475787,7.154423,7.867468998119357e-10,2.6502437528596727e-09
1,SMIM25,74.736595,7.1504564,0.0,0.0
1,HK3,43.888577,7.073462,0.0,0.0
1,MARCO,44.19044,7.067201,0.0,0.0
1,FCER2,18.341263,7.0633674,3.876903924669083e-75,2.8679624126315782e-74
1,FOLR2,44.708935,7.0579185,0.0,0.0
1,ADAMDEC1,15.578621,7.040953,1.0172614612936437e-54,6.378677213268948e-54
1,LINC01736,3.7034783,7.0337157,0.00021266333915234294,0.000582126102487066
1,CHST13,13.878648,7.0248904,8.53384383180278e-44,4.887076362970697e-43
1,CLEC7A,121.23387,7.0114627,0.0,0.0
1,MEIKIN,3.664438,7.003418,0.00024788237257765275,0.0006758380812683057
1,WDFY4,50.913322,7.00289,0.0,0.0
1,MS4A4E,11.634515,6.9977245,2.7515178544669557e-31,1.364588612452025e-30
1,CD1A,13.7792845,6.9897413,3.3962237773831044e-43,1.9327396112609022e-42
1,FGD2,101.659225,6.9545755,0.0,0.0
1,AC090559.1,4.3550715,6.942242,1.3302342110519193e-05,3.862966152492875e-05
1,CEACAM4,29.75223,6.9383216,1.6227020079893516e-194,2.179611080440108e-193
1,C1QA,70.40146,6.9199147,0.0,0.0
1,HAMP,28.811827,6.885994,1.5250775127003114e-182,1.9405339927965632e-181
1,AL390036.1,13.475101,6.8761873,2.1918497452749847e-41,1.219724524256643e-40
1,AL133371.2,3.1350691,6.873138,0.0017181357570080053,0.004434810576402741
1,CFP,84.20955,6.869939,0.0,0.0
1,AC004921.1,6.315442,6.8645225,2.693902258962177e-10,9.198015589675652e-10
1,C1QB,63.639217,6.857881,0.0,0.0
1,CLEC5A,33.109303,6.851382,2.1835857003874581e-240,3.4016170988848372e-239
1,IGSF6,126.38237,6.846218,0.0,0.0
1,TLR10,29.523167,6.8319173,1.4519889346581228e-191,1.9260352791192534e-190
1,LILRA4,5.6422105,6.8083773,1.6788048615123168e-08,5.424087586740662e-08
1,LILRB3,98.9957,6.7947254,0.0,0.0
1,FCGR2B,76.36955,6.793451,0.0,0.0
1,S100A8,91.127075,6.781744,0.0,0.0
1,AC008759.3,2.9602876,6.779912,0.0030735204150927776,0.007805529619496506
1,CLEC4D,24.11395,6.7485843,1.7847749490569678e-128,1.8163332021897828e-127
1,SIGLEC1,39.41134,6.746555,0.0,0.0
1,C5AR1,91.09513,6.7408686,0.0,0.0
1,S100A9,115.53084,6.7379017,0.0,0.0
1,IL27,3.5699544,6.734986,0.0003570433998845007,0.0009632629504390943
1,CD14,122.104,6.7134604,0.0,0.0
1,SIRPB1,49.590076,6.697749,0.0,0.0
1,C19orf38,64.11885,6.695292,0.0,0.0
1,LINC02397,20.176949,6.6927843,1.5609034361828296e-90,1.2739065883840167e-89
1,PKD2L1,5.2204432,6.688053,1.7849526730089607e-07,5.579805023231309e-07
1,ADGRE3,17.582417,6.685827,3.359505579288106e-69,2.3749368467305003e-68
1,IFI30,82.76637,6.678911,0.0,0.0
1,ELAVL4,6.832849,6.63252,8.32445065385445e-12,2.953211620278691e-11
1,FCGR2A,125.56272,6.6259465,0.0,0.0
1,TMEM52B,7.9528637,6.6123104,1.8224866019674404e-15,7.063021116866167e-15
1,CD207,9.296484,6.5909977,1.4516637947314012e-20,6.192763685819658e-20
1,LILRA6,42.37902,6.5810933,0.0,0.0
1,NFAM1,67.01267,6.5747485,0.0,0.0
1,CD300LF,52.368317,6.5565195,0.0,0.0
1,CASP5,5.7846155,6.556085,7.267833867181485e-09,2.3785148383415732e-08
1,FCRLA,10.118363,6.513632,4.5801008781672496e-24,2.0671316857697896e-23
1,AC020656.1,88.92548,6.5128646,0.0,0.0
1,AC096667.1,45.32288,6.508075,0.0,0.0
1,SDS,19.4551,6.4926586,2.638445763213078e-84,2.0670834779119544e-83
1,OSCAR,77.08141,6.4886956,0.0,0.0
1,FFAR4,12.695459,6.4775805,6.266084125701337e-37,3.3247358295802786e-36
1,ALOX15B,16.925129,6.4735746,2.9370028413980975e-64,2.006941119148596e-63
1,CD180,55.19652,6.445696,0.0,0.0
1,SCIMP,101.451,6.435417,0.0,0.0
1,AP002954.1,5.2775645,6.429196,1.3091195887181817e-07,4.1118860902960206e-07
1,LILRB5,20.107836,6.421335,6.3014911031310665e-90,5.1158441167447296e-89
1,LST1,141.00168,6.4156814,0.0,0.0
1,AP003774.3,12.348273,6.4062834,4.976799324850368e-35,2.592582786670324e-34
1,SUCNR1,12.762673,6.405747,2.6495041630257003e-37,1.4118659511488848e-36
1,CXorf21,60.3351,6.3967705,0.0,0.0
1,LGALS2,70.27769,6.395917,0.0,0.0
1,SIRPD,4.8350573,6.3903246,1.331074363352688e-06,4.028940882199738e-06
1,FAM177B,5.748858,6.329075,8.984831363120063e-09,2.933905789117293e-08
1,TMIGD3,17.488043,6.307336,1.7672500774506446e-68,1.2419372019956134e-67
1,HLA-DQB2,10.735769,6.298989,6.914073752029676e-27,3.2500878700225275e-26
1,TLR2,99.18798,6.2903566,0.0,0.0
1,RGS18,84.57975,6.289579,0.0,0.0
1,FCAR,13.851347,6.236091,1.2484874937811037e-43,7.128579894751999e-43
1,LYPD2,2.948208,6.234644,0.0031962174358243357,0.008105143771662516
1,CD33,86.53267,6.2262464,0.0,0.0
1,BTK,95.25853,6.2192287,0.0,0.0
1,CLEC4A,82.98179,6.2031145,0.0,0.0
1,OTOA,23.14589,6.195793,1.5991547737545102e-118,1.5402018258781755e-117
1,UPK3A,10.892213,6.1873035,1.2555242794602025e-27,5.960750983913438e-27
1,ATP6V0D2,6.6131477,6.1867614,3.7623235646910086e-11,1.3137739737194104e-10
1,AC138207.5,3.859193,6.168611,0.00011376207218551765,0.0003162763663792205
1,PTCRA,7.9761147,6.161244,1.510114614182144e-15,5.867879353850581e-15
1,PRAM1,72.61639,6.1598077,0.0,0.0
1,IL1RN,30.476408,6.1437354,5.3539570415482606e-204,7.403791958976828e-203
1,RASGRP4,35.42032,6.133868,8.310458111839626e-275,1.4214240667549935e-273
1,TNNI2,35.990498,6.130129,1.1780030103490857e-283,2.0840606205414534e-282
1,AL035446.1,16.298262,6.113052,1.0153897280530145e-59,6.653095256505092e-59
1,DLEU7,15.394534,6.089735,1.781033937298393e-53,1.1077966572767444e-52
1,SIGLEC12,10.273021,6.0825787,9.323890892711851e-25,4.2503465460331145e-24
1,CCL18,12.801239,6.073429,1.6135628683104449e-37,8.628094735444796e-37
1,MPO,4.826518,6.051791,1.3894076220416144e-06,4.203859165388172e-06
1,PTPRO,33.092392,6.045708,3.8238516098907054e-240,5.950845000347031e-239
1,SIGLEC5,13.873775,6.034464,9.134029394312771e-44,5.226910692279667e-43
1,ADAP2,98.904755,6.027095,0.0,0.0
1,AC110995.1,3.697935,6.0084767,0.00021736042166367684,0.0005947201268023424
1,CR1,60.49987,5.9975767,0.0,0.0
1,PILRA,97.822525,5.983071,0.0,0.0
1,AL161935.3,12.224371,5.9631367,2.3035769118416267e-34,1.1901814044515071e-33
1,AC079209.1,3.645881,5.934744,0.0002664773965734192,0.0007253207305939822
1,CLEC9A,3.8597558,5.8754554,0.00011350039860545295,0.0003155772597785835
1,MMP2-AS1,5.827741,5.815835,5.618259972560488e-09,1.845504952406494e-08
1,ASGR2,33.84447,5.8026896,4.3766406888149315e-251,7.026952403594965e-250
1,CSF2RA,92.83232,5.801589,0.0,0.0
1,FGL2,132.91028,5.800115,0.0,0.0
1,LINC01374,2.3133757,5.7951045,0.020701986128464404,0.0487160259838929
1,CTSS,161.69371,5.792472,0.0,0.0
1,SIGLEC10,55.450836,5.7412324,0.0,0.0
1,CLEC6A,2.9626427,5.7381916,0.0030501031463263,0.007749242740937685
1,AC239798.2,2.837534,5.7242208,0.004546351969106371,0.011385957402898519
1,FCER1A,32.278805,5.690335,1.387582419423852e-228,2.07379157819792e-227
1,CLEC12A,95.0025,5.682277,0.0,0.0
1,DOK3,60.922028,5.673476,0.0,0.0
1,LINC02285,4.987776,5.673191,6.107844740113501e-07,1.8714697866827398e-06
1,PTAFR,98.591255,5.654673,0.0,0.0
1,IGHD,10.199076,5.6517315,2.0016806910782317e-24,9.081906212442001e-24
1,CD68,137.40454,5.6451077,0.0,0.0
1,HLA-DRA,161.77145,5.6420536,0.0,0.0
1,MYBPC3,3.9820473,5.6297297,6.83241942842479e-05,0.0001921994969275735
1,NFE2,23.61767,5.609261,2.5376741370180056e-123,2.5058113275659906e-122
1,SLC11A1,91.16305,5.598679,0.0,0.0
1,APOBEC3A,39.74805,5.5978527,0.0,0.0
1,DNAJC5B,10.885683,5.591118,1.3488371471095064e-27,6.399802828744354e-27
1,AATBC,18.412312,5.5823708,1.046582030035979e-75,7.768182229183958e-75
1,SOWAHD,21.868729,5.575103,5.157479538687606e-106,4.6136677308890835e-105
1,LILRB1,91.26649,5.5737605,0.0,0.0
1,NPL,69.13756,5.5514636,0.0,0.0
1,ARL11,54.598675,5.5352473,0.0,0.0
1,TBXAS1,113.586975,5.532053,0.0,0.0
1,NLRP12,30.34573,5.509805,2.860474179256851e-202,3.9292744648129555e-201
1,SIGLEC9,48.294964,5.483977,0.0,0.0
1,AL034397.3,60.611618,5.47363,0.0,0.0
1,RPGRIP1,3.7357764,5.470448,0.00018713695670376655,0.000513799584333598
1,AL391832.3,2.5687551,5.463536,0.010206456668298646,0.024768448197794148
1,SPIB,17.856136,5.446851,2.5895365917386927e-71,1.8586810831599576e-70
1,SLC7A7,103.99165,5.446047,0.0,0.0
1,PADI4,16.536055,5.440987,2.0181630740116522e-61,1.3437174952278788e-60
1,C1orf127,2.393799,5.4258137,0.016674878347375608,0.03959514943779486
1,AL356417.3,7.6572123,5.4159117,1.9001223175097036e-14,7.204892708535445e-14
1,PADI2,17.185293,5.412883,3.4220752309801605e-66,2.371436752553897e-65
1,NLRP3,58.837048,5.4081097,0.0,0.0
1,AC026369.3,5.7382097,5.3996243,9.568256603185045e-09,3.1171719915109114e-08
1,FAM129C,10.900588,5.3979697,1.1451507275579235e-27,5.4417548488057716e-27
1,LINC02207,9.84489,5.394147,7.211836372175271e-23,3.1947287767639543e-22
1,VPREB3,13.050891,5.3925867,6.280856866472469e-39,3.4050595188925557e-38
1,HLA-DQA1,119.371155,5.3914666,0.0,0.0
1,TYROBP,141.24911,5.369142,0.0,0.0
1,ADGRE1,18.910204,5.3684597,9.399134017951771e-80,7.163971272326397e-79
1,COL19A1,4.0933814,5.356279,4.251278201316633e-05,0.00012052307408557437
1,VENTX,20.991804,5.3512683,7.793023979457512e-98,6.631580179875918e-97
1,CEACAM3,9.637097,5.3408885,5.574210926131231e-22,2.429246151916779e-21
1,AQP9,35.607384,5.3284388,1.0768013346479683e-277,1.8665563011758136e-276
1,CR2,2.7791793,5.308412,0.005449642107344055,0.013569007380301513
1,CD1D,70.26698,5.2911654,0.0,0.0
1,C3AR1,89.14305,5.235055,0.0,0.0
1,SLC2A5,22.015978,5.2341413,2.0245195848626896e-107,1.829585579220794e-106
1,IGHM,17.250523,5.1987467,1.1089317509969123e-66,7.707162947618973e-66
1,CCL17,2.4318748,5.1745243,0.015020902059692138,0.03581907414234279
1,HTR7,6.555908,5.162675,5.530428240389089e-11,1.9220616847599864e-10
1,AC109630.1,3.0129254,5.1607776,0.0025874247052440178,0.00660032480727772
1,CEBPE,4.426204,5.1502004,9.590580514368155e-06,2.798754338188807e-05
1,AP003774.1,3.3660975,5.097927,0.0007623974653069059,0.002014311716553303
1,CLEC4G,4.841379,5.096551,1.2894096050215092e-06,3.905888725120042e-06
1,RUFY4,3.009118,5.0806484,0.0026200728415925567,0.00668250464722736
1,SLAMF8,49.939552,5.075939,0.0,0.0
1,CSTA,107.76846,5.073006,0.0,0.0
1,LINC00482,3.9480066,5.0573106,7.880461449789147e-05,0.00022073719596577232
1,RTN1,42.21408,5.050339,0.0,0.0
1,LINC02206,3.9683838,5.047621,7.236172659930043e-05,0.00020324281025123394
1,FCRL2,7.9759455,5.0343027,1.512188952565581e-15,5.874462538580242e-15
1,HLA-DPA1,151.51189,5.02408,0.0,0.0
1,CD79A,20.39895,5.0237083,1.7084032569682404e-92,1.4095467021654406e-91
1,GPR34,57.902218,5.0231314,0.0,0.0
1,DLEU7-AS1,3.4496865,5.021124,0.0005612379672777237,0.0014952316054351008
1,LGALS12,6.8501253,5.014775,7.378541598045354e-12,2.620645658133622e-11
1,KCNE1,35.807518,5.0088696,8.436586876666703e-281,1.4832172388915687e-279
1,FCER1G,135.24121,4.9846067,0.0,0.0
1,CCL22,3.3958642,4.9836993,0.0006841225962506505,0.0018118403669510586
1,MMP12,5.377602,4.980229,7.548447903501333e-08,2.388654442034562e-07
1,S100Z,33.079536,4.97815,5.85319184443586e-240,9.099828990743416e-239
1,U62317.5,18.985188,4.971063,2.2612826394634215e-80,1.730794020254977e-79
1,AC084871.2,3.1273634,4.961687,0.0017638169228767504,0.004548922699879149
1,C1orf162,128.92789,4.9539313,0.0,0.0
1,AC099524.1,4.2362404,4.946369,2.272935538664526e-05,6.525136419608444e-05
1,KYNU,82.2551,4.94382,0.0,0.0
1,AP000763.3,9.546149,4.9394436,1.3460709512934331e-21,5.825121099359583e-21
1,POU2F2,115.468376,4.9356747,0.0,0.0
1,MS4A1,19.188034,4.9307537,4.6593487536347224e-82,3.6082809303079018e-81
1,BLK,11.919234,4.928091,9.396855907840116e-33,4.7471171223212567e-32
1,IL1B,35.26122,4.925399,2.309479329559534e-272,3.921927342785523e-271
1,IRF5,53.068176,4.918173,0.0,0.0
1,TMEM236,8.68161,4.891025,3.9020370643706656e-18,1.592923782175461e-17
1,MRC1,50.11299,4.884785,0.0,0.0
1,MILR1,53.648342,4.871363,0.0,0.0
1,OR52K1,4.488444,4.8647914,7.174539213721729e-06,2.106426175344329e-05
1,EREG,11.6120205,4.858772,3.5805251772671134e-31,1.774587743005046e-30
1,CCL7,3.502794,4.837941,0.0004604052347286157,0.0012329732769913635
1,PMFBP1,6.561267,4.833325,5.335256744249032e-11,1.854648298217353e-10
1,AC119428.2,10.431333,4.8268347,1.7836906022406073e-25,8.2109808524650655e-25
1,CD74,158.68556,4.8267674,0.0,0.0
1,APOC2,11.495441,4.8102636,1.3906762198904017e-30,6.845298602986567e-30
1,CHIT1,3.8893385,4.796056,0.00010051779634955775,0.0002803378029034273
1,TNFSF13B,109.33852,4.785684,0.0,0.0
1,STAC3,44.522995,4.7802672,0.0,0.0
1,AC090204.1,18.225012,4.7736473,3.2680489125072775e-74,2.3974741927097658e-73
1,HLA-DRB1,151.0126,4.7658243,0.0,0.0
1,ASGR1,66.81233,4.7633758,0.0,0.0
1,CALHM6,76.10352,4.756543,0.0,0.0
1,SLC37A2,42.912235,4.739586,0.0,0.0
1,JAML,108.42027,4.733123,0.0,0.0
1,HLA-DPB1,148.1542,4.719319,0.0,0.0
1,HLA-DQB1,137.1201,4.7162905,0.0,0.0
1,TNFRSF13B,8.269654,4.711651,1.343477339854777e-16,5.328908385894712e-16
1,FFAR2,9.033819,4.7079563,1.6578197346725056e-19,6.94285020860747e-19
1,CEBPA,65.63344,4.7020874,0.0,0.0
1,TM4SF19,3.8221083,4.682263,0.00013231555821154617,0.0003664077553663881
1,VNN2,37.550858,4.6663227,1.364148759694165e-308,2.5739771499308643e-307
1,TREML1,3.6144073,4.6634164,0.00030103560437281775,0.0008160781882598613
1,CD19,8.739478,4.6602645,2.34190560797428e-18,9.604734159456088e-18
1,MYO7B,2.7323146,4.6574516,0.006289104067552495,0.015566376184499476
1,ITGAM,91.93824,4.6512423,0.0,0.0
1,TREM1,39.548256,4.6368003,0.0,0.0
1,CD4,118.23199,4.6356797,0.0,0.0
1,AL844908.1,12.05721,4.6334944,1.7770151900037177e-33,9.069056882008735e-33
1,CLECL1,37.95829,4.6272078,0.0,0.0
1,MAFB,98.84807,4.61649,0.0,0.0
1,CCL13,4.8832884,4.578484,1.0433122690164296e-06,3.170975739845687e-06
1,AGRP,2.759355,4.577716,0.00579155588018671,0.0143774793244121
1,TLR6,49.409405,4.5650706,0.0,0.0
1,HSPA6,55.68934,4.5552073,0.0,0.0
1,HRH2,66.70844,4.55098,0.0,0.0
1,AC097504.2,3.92588,4.54926,8.641325423274094e-05,0.00024148051072073456
1,DHRS9,22.75153,4.5464845,1.38585847803985e-114,1.3094689080029852e-113
1,DCSTAMP,4.3077893,4.54393,1.648943739584871e-05,4.7665454694490845e-05
1,GNA15,56.42839,4.542757,0.0,0.0
1,L3MBTL4-AS1,7.8218307,4.5387373,5.20606711865548e-15,1.9988064153575763e-14
1,LINC02432,15.955193,4.523775,2.6216294970830863e-57,1.6824481492181677e-56
1,CPVL,118.66124,4.5148087,0.0,0.0
1,NCF4,93.63834,4.496778,0.0,0.0
1,DAPP1,83.04617,4.4952445,0.0,0.0
1,CLEC4E,58.866047,4.4739213,0.0,0.0
1,CD300C,40.87849,4.4700155,0.0,0.0
1,ANKRD22,15.539354,4.465976,1.878678735693149e-54,1.1765820402040154e-53
1,CCR1,88.25206,4.464369,0.0,0.0
1,METTL7B,3.5359073,4.4550924,0.0004063774247163881,0.0010926408930586697
1,LAPTM5,155.4905,4.4466524,0.0,0.0
1,P2RY6,31.614723,4.438768,2.3172224066177067e-219,3.384612141839955e-218
1,HCAR3,4.2482142,4.4304137,2.1548144520184578e-05,6.194089496701496e-05
1,CD80,6.374589,4.4289412,1.834544458116244e-10,6.290244682382821e-10
1,ZNF804A,9.179256,4.421811,4.3407967064129056e-20,1.838577549747892e-19
1,HLA-DQA2,47.069057,4.402388,0.0,0.0
1,CCR2,46.288067,4.3945594,0.0,0.0
1,CD163L1,13.397756,4.3869023,6.231905999487637e-41,3.4480758812417548e-40
1,AC098613.1,5.8175726,4.386596,5.970828241476096e-09,1.9602760618153994e-08
1,ALOX5,92.49394,4.3751683,0.0,0.0
1,CSF3R,104.91518,4.3631835,0.0,0.0
1,ITGB2,137.59068,4.358554,0.0,0.0
1,LINC01094,26.720318,4.3500805,2.7333790694158674e-157,3.1289091443865264e-156
1,LRRK2,87.282394,4.343182,0.0,0.0
1,GLT1D1,24.317036,4.3269463,1.294723727607835e-130,1.3303200215816275e-129
1,PROK2,6.1813455,4.32257,6.355763698244453e-10,2.1470935470722626e-09
1,TNFRSF13C,13.96708,4.320429,2.475688999052233e-44,1.4246158982257934e-43
1,CDH17,4.2028985,4.2959213,2.6351882263858202e-05,7.54476725455364e-05
1,LINC01781,5.346431,4.276214,8.970554592804512e-08,2.831422904409815e-07
1,SLC1A3,47.105034,4.2706842,0.0,0.0
1,PIK3AP1,90.64691,4.265436,0.0,0.0
1,EBI3,14.675511,4.2618694,9.251536113088714e-49,5.537126774733402e-48
1,BCL2A1,63.868973,4.2517977,0.0,0.0
1,TMEM170B,51.78519,4.24717,0.0,0.0
1,PKIB,31.986656,4.2357783,1.6717785812204387e-224,2.469869054004785e-223
1,MYCL,35.825207,4.2353253,4.4751448626743455e-281,7.872128757579738e-280
1,ADGRE2,67.68146,4.226317,0.0,0.0
1,HLA-DRB5,120.463486,4.224959,0.0,0.0
1,DPEP2,48.881195,4.2165203,0.0,0.0
1,CMKLR1,44.420437,4.2038703,0.0,0.0
1,THEMIS2,105.10246,4.1968937,0.0,0.0
1,CIITA,86.47955,4.176479,0.0,0.0
1,C9orf139,30.127865,4.158818,2.0917488252591444e-199,2.8542905493282283e-198
1,S100B,23.704227,4.1513166,3.2612921817582645e-124,3.234812498767737e-123
1,P2RX1,24.388845,4.1422267,2.2460509026442468e-131,2.3162727810485728e-130
1,C5AR2,33.29226,4.1358023,4.997372277652427e-243,7.844275519827506e-242
1,ZNF385A,88.34599,4.1247807,0.0,0.0
1,MMP9,17.477932,4.116868,2.1101577523315017e-68,1.4825788963698507e-67
1,CSF2RB,54.142433,4.1118073,0.0,0.0
1,OSM,13.067158,4.1101694,5.072550364643945e-39,2.75289401439948e-38
1,GSDMA,6.032905,4.109259,1.6103781514017514e-09,5.378426358912246e-09
1,EVI2B,133.60608,4.1068683,0.0,0.0
1,GAPLINC,7.2503796,4.102459,4.1560563709423836e-13,1.5231973705290675e-12
1,VNN3,8.363457,4.092806,6.090698507384792e-17,2.4286571896238135e-16
1,CLEC12B,6.1074047,4.081056,1.0126432643302837e-09,3.399713813888342e-09
1,RENBP,51.185863,4.0778966,0.0,0.0
1,HLA-DMB,132.0991,4.0696387,0.0,0.0
1,RELT,60.314423,4.0558457,0.0,0.0
1,CMTM2,5.314461,4.0476675,1.069732388261964e-07,3.371975412953852e-07
1,SYK,111.35916,4.034061,0.0,0.0
1,CD36,87.49754,4.0183067,0.0,0.0
1,TMEM121B,8.532138,4.0174236,1.436679501231531e-17,5.802855899707649e-17
1,HTRA4,7.784018,4.013266,7.02568081350741e-15,2.6907399864073545e-14
1,AIM2,20.252615,4.012844,3.368732210567759e-91,2.761002557200152e-90
1,SLC15A3,84.69857,4.003772,0.0,0.0
1,LINC01678,40.170193,4.0012903,0.0,0.0
1,LUCAT1,16.01818,3.9880786,9.540131685995909e-58,6.14669272501721e-57
1,ZMYND15,16.144247,3.9736083,1.2465933789979926e-58,8.08402466737116e-58
1,GPBAR1,32.373226,3.972985,6.53781927850872e-230,9.842395540227423e-229
1,FBP1,69.15956,3.9658856,0.0,0.0
1,FAM30A,7.89294,3.9658663,2.9514941003449995e-15,1.1387071296887143e-14
1,LYN,123.02263,3.9548352,0.0,0.0
1,STAB1,74.59073,3.9535096,0.0,0.0
1,NCF1,112.55727,3.9431717,0.0,0.0
1,SIGLEC7,50.31245,3.9363062,0.0,0.0
1,CLEC4F,7.121939,3.935459,1.0641908476642294e-12,3.862252997740529e-12
1,SLC16A10,17.872522,3.9251616,1.9306180728117612e-71,1.3873427755497116e-70
1,TNFAIP8L2,70.00878,3.9248424,0.0,0.0
1,SLC31A2,79.672165,3.9234958,0.0,0.0
1,PLEK,116.72146,3.917582,0.0,0.0
1,LINC02158,3.9729874,3.9129236,7.097678850788138e-05,0.00019949796311504998
1,ZEB2-AS1,17.60067,3.8824873,2.4343130777956024e-69,1.7220717394238653e-68
1,KCNE3,66.64483,3.8782184,0.0,0.0
1,TYMP,134.5073,3.863769,0.0,0.0
1,TLR4,85.69208,3.8635318,0.0,0.0
1,HORMAD1,3.1296265,3.8510396,0.0017502864181329482,0.004515534417799251
1,FCGR3A,68.41378,3.8456185,0.0,0.0
1,DMXL2,85.38409,3.8376822,0.0,0.0
1,TRPM2,36.31313,3.8320749,1.004061006669603e-288,1.8021204142356225e-287
1,GRK3,95.327545,3.8284812,0.0,0.0
1,OGFRL1,111.70754,3.827112,0.0,0.0
1,ADA2,107.97774,3.8238904,0.0,0.0
1,LINC01506,9.085576,3.8133776,1.0315087068315791e-19,4.337529197556954e-19
1,NOD2,31.58049,3.8103566,6.842471723793917e-219,9.984904323290776e-218
1,CD72,24.09834,3.8012018,2.601939846014433e-128,2.646204502164136e-127
1,SELL,73.06569,3.7937863,0.0,0.0
1,AP001059.3,8.06493,3.792256,7.327787038032634e-16,2.8650210497719746e-15
1,STX11,52.718258,3.7771373,0.0,0.0
1,NCKAP1L,120.89952,3.7743497,0.0,0.0
1,KMO,24.955442,3.7652533,1.8638289191151028e-137,1.9727863151743316e-136
1,AC008957.1,2.8366346,3.760323,0.004559175089915287,0.011417146694539929
1,SLC43A2,85.66153,3.7562447,0.0,0.0
1,LINC01410,21.468231,3.7555661,3.085436109055578e-102,2.699931308680089e-101
1,AF111167.2,3.06751,3.7554839,0.0021585027529880917,0.005534498472424336
1,SLCO2B1,47.10752,3.7548988,0.0,0.0
1,VMO1,25.839901,3.7413573,3.160038384380157e-147,3.4831421664064737e-146
1,HLA-DOA,52.237614,3.725009,0.0,0.0
1,TLR1,62.03754,3.7247045,0.0,0.0
1,IRF8,77.253136,3.7235198,0.0,0.0
1,GPR141,11.523098,3.720954,1.0091590158140762e-30,4.974494051318286e-30
1,IL10,13.699187,3.7201097,1.0266739498064367e-42,5.806296755108424e-42
1,HMOX1,77.84136,3.7091122,0.0,0.0
1,RAB44,3.5282001,3.708141,0.00041839583303071993,0.0011237820467089998
1,FGR,93.699295,3.707576,0.0,0.0
1,LINC02139,2.7620378,3.6972406,0.005744184844890105,0.014267903319217108
1,HPGDS,22.51269,3.6845248,3.1177561484224563e-112,2.902424375882315e-111
1,ANPEP,61.399296,3.6689215,0.0,0.0
1,CD84,90.11874,3.6559343,0.0,0.0
1,ARRB2,118.45183,3.6474612,0.0,0.0
1,KCNJ5,13.151076,3.6441257,1.6776942223318094e-39,9.15636505908692e-39
1,F13A1,58.17077,3.6426272,0.0,0.0
1,PLBD1,92.697975,3.642547,0.0,0.0
1,TM6SF1,46.881363,3.634905,0.0,0.0
1,AC009974.1,4.773463,3.628622,1.8108523790012297e-06,5.455503896850669e-06
1,BANK1,19.58499,3.622748,2.076507410901026e-85,1.6376273168848688e-84
1,PLCB2,64.846886,3.6169288,0.0,0.0
1,SERPINA1,100.84487,3.615486,0.0,0.0
1,CACNA2D3,29.098145,3.6099517,3.7893614336679785e-186,4.904430227402689e-185
1,LAT2,88.750595,3.6038198,0.0,0.0
1,SLC2A6,39.438408,3.6033082,0.0,0.0
1,FLVCR2,26.074167,3.602543,7.159797306999473e-150,7.959994797389666e-149
1,DGAT2,11.041621,3.6025412,2.4065146106775027e-28,1.1522563450381033e-27
1,SIRPA,86.878334,3.6020138,0.0,0.0
1,IGHA2,3.9535377,3.575991,7.700415586410282e-05,0.00021588964489221933
1,LAIR1,89.05465,3.5688062,0.0,0.0
1,PLB1,20.391127,3.5641015,2.0047451241920743e-92,1.6536070870937934e-91
1,SNX22,7.706273,3.5553432,1.2954524617814193e-14,4.932734874078997e-14
1,AP001059.2,6.5230484,3.551949,6.889251772923883e-11,2.391084834876569e-10
1,IRAK3,93.39843,3.5475612,0.0,0.0
1,FUT7,11.78538,3.5415475,4.643205875492458e-32,2.3255155403313143e-31
1,AZU1,4.4692287,3.5352774,7.850214304321938e-06,2.301304880050063e-05
1,PRKCB,97.506485,3.5315278,0.0,0.0
1,LINC02470,3.0192404,3.5309947,0.0025340937990873487,0.00646748447963606
1,CX3CR1,57.115917,3.520083,0.0,0.0
1,COTL1,130.88817,3.5168066,0.0,0.0
1,HLA-DMA,124.40045,3.482978,0.0,0.0
1,SEMA4A,45.762566,3.4806376,0.0,0.0
1,TNFRSF1B,113.03982,3.480375,0.0,0.0
1,TSPAN33,37.031837,3.4793346,3.520837001440169e-300,6.519982576603434e-299
1,PEAK3,8.83108,3.477036,1.0366943038289762e-18,4.276139176356888e-18
1,CRYBB1,6.5901523,3.4761329,4.39375106669817e-11,1.5314950289662834e-10
1,SH3TC1,50.108727,3.4750938,0.0,0.0
1,RASSF4,84.091866,3.4742365,0.0,0.0
1,MRO,3.766167,3.4663005,0.00016577297268134894,0.00045668466589379194
1,F5,13.472936,3.4640594,2.25710117955921e-41,1.2555836241295267e-40
1,SLC22A18AS,9.286314,3.4613602,1.5972434981852694e-20,6.810983001988427e-20
1,HBEGF,26.135664,3.456896,1.4343954124280307e-150,1.5981564171562055e-149
1,SLC22A15,16.722221,3.4412944,9.028920750034191e-63,6.086299969930355e-62
1,IL18,66.434166,3.4363585,0.0,0.0
1,SRGN,121.18945,3.4359283,0.0,0.0
1,CD37,125.54812,3.4129562,0.0,0.0
1,LINC00968,3.8424914,3.411989,0.00012179164296000922,0.0003379007458675947
1,U62317.2,2.5323563,3.3937957,0.011329879662661399,0.027363597029947173
1,HCLS1,124.73704,3.3909833,0.0,0.0
1,DOCK2,104.119156,3.3836105,0.0,0.0
1,LYL1,78.23041,3.3810287,0.0,0.0
1,TNFRSF8,11.542021,3.363891,8.099995252444019e-31,3.995954561329406e-30
1,AL160272.1,9.3642025,3.3561928,7.662668147886145e-21,3.279286685775645e-20
1,KBTBD8,12.408163,3.350765,2.3600653118023066e-35,1.2335961202752223e-34
1,AC008074.3,5.388656,3.3374488,7.098647930498083e-08,2.2490816154577575e-07
1,HHEX,64.48549,3.337353,0.0,0.0
1,MYO1F,113.726295,3.3371403,0.0,0.0
1,EVI2A,94.7548,3.3175845,0.0,0.0
1,C15orf48,29.216736,3.3152065,1.188755587437599e-187,1.5509020236780866e-186
1,NME8,8.250237,3.3131223,1.580795822985841e-16,6.261393887097704e-16
1,P2RX7,48.36425,3.3088284,0.0,0.0
1,PIK3R5,50.794285,3.3033412,0.0,0.0
1,GM2A,71.70575,3.2952442,0.0,0.0
1,SIGLEC15,5.6057367,3.2951639,2.0737112798529424e-08,6.681838461886457e-08
1,NAIP,93.484924,3.2936742,0.0,0.0
1,NRROS,40.90444,3.2689576,0.0,0.0
1,ITGAX,94.605995,3.2620065,0.0,0.0
1,SMAP2,119.87104,3.2598946,0.0,0.0
1,CXCL16,77.36006,3.2505767,0.0,0.0
1,HAVCR2,78.64287,3.2495806,0.0,0.0
1,SNX10,96.99406,3.227164,0.0,0.0
1,AL391832.2,10.07046,3.220954,7.46280067483403e-24,3.3555626476615914e-23
1,GK,52.09535,3.2189095,0.0,0.0
1,SAMHD1,122.456085,3.2144003,0.0,0.0
1,PNOC,7.559026,3.2037058,4.0609945523768585e-14,1.52766746142054e-13
1,CACNA2D4,32.04701,3.1931257,2.41640644514229e-225,3.5768138888895e-224
1,LRRC39,3.636541,3.1778932,0.00027632379114696123,0.0007511953041586006
1,CASS4,17.577291,3.1673493,3.6772477185301623e-69,2.597775891122554e-68
1,FAM49A,72.2501,3.1647687,0.0,0.0
1,WAS,105.092636,3.1600668,0.0,0.0
1,PTPN6,111.34008,3.1542888,0.0,0.0
1,CYP2S1,16.36346,3.1539078,3.487377021552423e-60,2.29572655175976e-59
1,AC002091.2,2.3781793,3.1445549,0.017398359466415887,0.0412402098342293
1,CD53,124.13367,3.1435895,0.0,0.0
1,RGS2,81.281715,3.1384664,0.0,0.0
1,SECTM1,48.984352,3.1300085,0.0,0.0
1,ACRBP,11.5373335,3.1222472,8.553586500074709e-31,4.217704179288593e-30
1,IL17RA,87.31871,3.1208036,0.0,0.0
1,LCP1,122.19465,3.1104863,0.0,0.0
1,FCRL5,4.937181,3.1069996,7.925988741537508e-07,2.4180094169845003e-06
1,TIMD4,2.4076896,3.100187,0.016053822716664178,0.038173218857050294
1,AC079630.1,14.165634,3.0983274,1.4951065958983966e-45,8.712153008942638e-45
1,PTPRC,115.05094,3.0944462,0.0,0.0
1,LAMP3,3.8409438,3.0872757,0.00012256214654511252,0.0003399468961024673
1,MERTK,36.335003,3.0836046,4.53393548859381e-289,8.142379090410743e-288
1,IL6R,76.36552,3.0796819,0.0,0.0
1,LINC01637,21.483376,3.0745547,2.2272361984031123e-102,1.9511674938788263e-101
1,ATP6V1B2,104.3008,3.0741048,0.0,0.0
1,RRAGD,32.1401,3.0732353,1.214631991978363e-226,1.804838027695926e-225
1,CBFA2T3,28.775326,3.0703397,4.367860320415539e-182,5.546321237595854e-181
1,CD101,21.019176,3.068643,4.3797064930265157e-98,3.7362293287322804e-97
1,BLNK,32.18775,3.0664315,2.619163666784622e-227,3.903109520217566e-226
1,LINC00877,18.777185,3.0542743,1.160733588667563e-78,8.78422943803829e-78
1,PFKFB4,19.461452,3.048595,2.330863296222566e-84,1.8270350468260425e-83
1,LYVE1,13.85919,3.0438304,1.1193089509118703e-43,6.395725965212271e-43
1,KHDRBS2,2.7098572,3.0388682,0.0067312186084988795,0.016610121639351286
1,TMEM154,62.77284,3.0374377,0.0,0.0
1,SLC22A16,3.61005,3.0302796,0.00030613794209134883,0.0008293692116144473
1,GAS2L3,22.747023,3.025995,1.5357848451111077e-114,1.4506877202887837e-113
1,ACSM5,4.3421507,3.0163302,1.4109478855293974e-05,4.09120614485947e-05
1,IL10RB-DT,25.875664,3.0089686,1.251642948248686e-147,1.3830721702367588e-146
1,FYB1,107.53868,3.0071156,0.0,0.0
1,ACSL1,61.123486,3.0049613,0.0,0.0
1,SH2B3,73.588394,3.0027301,0.0,0.0
1,HPSE,31.522078,2.998588,4.3291922161316383e-218,6.287704127066755e-217
1,LY96,88.163284,2.9967039,0.0,0.0
1,FERMT3,100.79605,2.9955044,0.0,0.0
1,PARVG,89.46144,2.9945428,0.0,0.0
1,KCNJ2,23.15229,2.9892747,1.3785462060223778e-118,1.3281398874542903e-117
1,MPP1,67.54846,2.989007,0.0,0.0
1,GPAT3,40.647556,2.9822028,0.0,0.0
1,GCA,99.836174,2.979975,0.0,0.0
1,KIAA0930,89.48177,2.9752393,0.0,0.0
1,AL390729.1,6.878765,2.9557939,6.037354874105338e-12,2.1489868374291566e-11
1,AC004817.3,6.7524214,2.95281,1.4539784824996371e-11,5.128165349608158e-11
1,CARD9,38.33438,2.9475286,0.0,0.0
1,AOAH,81.57473,2.9457545,0.0,0.0
1,APOBR,59.570385,2.9427931,0.0,0.0
1,ICAM4,7.0286207,2.93979,2.085850848647844e-12,7.520694374610234e-12
1,GBGT1,33.063606,2.9397602,9.91692831106229e-240,1.5394399965344162e-238
1,GPSM3,115.29426,2.9383607,0.0,0.0
1,SERPINB8,44.370453,2.9347088,0.0,0.0
1,RGS19,94.29647,2.9322112,0.0,0.0
1,CTSZ,133.47748,2.9318511,0.0,0.0
1,PTPRE,90.85574,2.9264343,0.0,0.0
1,RASSF2,81.18132,2.923665,0.0,0.0
1,CPPED1,77.92394,2.9231906,0.0,0.0
1,CYSLTR2,15.737965,2.9202228,8.307308859387561e-56,5.25489142278124e-55
1,ZEB2,116.51771,2.9185472,0.0,0.0
1,CYSLTR1,58.506584,2.9157262,0.0,0.0
1,KCTD12,106.868866,2.9054384,0.0,0.0
1,HK2,34.654057,2.9026175,3.880973312653208e-263,6.455825735961932e-262
1,STXBP2,89.99813,2.9017625,0.0,0.0
1,GPR183,63.198097,2.8967814,0.0,0.0
1,PPARGC1B,25.855404,2.8916063,2.1153950592121676e-147,2.335852629334422e-146
1,PHACTR1,47.3026,2.8860862,0.0,0.0
1,PYCARD,116.52737,2.8834949,0.0,0.0
1,SEZ6L,4.2228193,2.881728,2.4126526484544037e-05,6.914675019081997e-05
1,ALOX5AP,71.832794,2.8809757,0.0,0.0
1,CD93,80.613976,2.874675,0.0,0.0
1,CDH23,23.71584,2.8710465,2.4752567098415284e-124,2.4575251889197595e-123
1,CELA1,3.5122375,2.8687053,0.00044435083097950026,0.0011917347390735346
1,MFSD1,94.30948,2.8643818,0.0,0.0
1,CD83,31.074415,2.8609066,5.339821244725536e-212,7.640641444941304e-211
1,BTLA,8.586856,2.8604121,8.938187751857655e-18,3.622984509464453e-17
1,HVCN1,64.26674,2.8592873,0.0,0.0
1,CXCL8,11.876658,2.858963,1.564992218224346e-32,7.889286329907008e-32
1,VSIR,99.24899,2.857368,0.0,0.0
1,CASP1,90.071205,2.8554049,0.0,0.0
1,MEGF9,62.751705,2.854006,0.0,0.0
1,IL10RA,93.35322,2.8365915,0.0,0.0
1,SLC8A1,77.2607,2.83555,0.0,0.0
1,VAV1,54.321785,2.8328557,0.0,0.0
1,SAMSN1,80.01264,2.831053,0.0,0.0
1,TGFBI,96.84284,2.8305047,0.0,0.0
1,RHBDF2,58.67709,2.8275888,0.0,0.0
1,ABCB4,9.447657,2.827306,3.464995292982209e-21,1.4915405225654753e-20
1,PSTPIP2,57.37674,2.8213577,0.0,0.0
1,BMP2K,78.33086,2.8194172,0.0,0.0
1,AL590226.2,2.5621924,2.819091,0.010401368601656694,0.025213733284031644
1,ZC3H12D,17.991098,2.8180666,2.2877897673299867e-72,1.6532316656270258e-71
1,PRKCD,72.64003,2.809602,0.0,0.0
1,CCDC88A,108.912384,2.809507,0.0,0.0
1,S100A4,98.692116,2.8085976,0.0,0.0
1,FMN1,36.544212,2.8070843,2.203620400959399e-292,3.992221320776796e-291
1,OPRL1,10.586672,2.8039577,3.435906789566027e-26,1.597856923640042e-25
1,FTL,142.17738,2.8022256,0.0,0.0
1,ARHGDIB,116.98487,2.797834,0.0,0.0
1,EAF2,39.785137,2.7976365,0.0,0.0
1,GRN,128.34946,2.7956564,0.0,0.0
1,CYTH4,83.03106,2.7926545,0.0,0.0
1,MYO7A,13.153022,2.7917874,1.635072351142332e-39,8.926900045355246e-39
1,FCGBP,15.226115,2.7917476,2.372788022820212e-52,1.4632035000260232e-51
1,ARHGAP27,54.55495,2.7913592,0.0,0.0
1,CA2,24.166973,2.790897,4.9515632788781564e-129,5.052425429524172e-128
1,ITGB2-AS1,33.932095,2.7906098,2.240861479191833e-252,3.6109648455360785e-251
1,SKAP2,106.373055,2.790487,0.0,0.0
1,BCL11A,44.53973,2.7904797,0.0,0.0
1,AL136987.1,3.536017,2.7868772,0.0004062086004878561,0.0010922819919330232
1,ICOSLG,17.630554,2.7826083,1.4355377795696612e-69,1.0171519063081045e-68
1,GPR35,19.040594,2.7808053,7.862922955467608e-81,6.0422516107567715e-80
1,AC012368.1,17.345678,2.7748358,2.126550707511375e-67,1.483306312729724e-66
1,VDR,21.522635,2.7663226,9.557410002196676e-103,8.394170813807692e-102
1,CNR2,6.080281,2.764496,1.199724502372007e-09,4.020371375345509e-09
1,SLC36A1,24.93592,2.7619753,3.0355151547391553e-137,3.2096704374794072e-136
1,VIPR1,6.9500713,2.7569134,3.651013045497526e-12,1.3069476511141074e-11
1,DLGAP3,6.298487,2.7549055,3.005642960274154e-10,1.0237536585099546e-09
1,KCNAB2,65.12471,2.7542565,0.0,0.0
1,SNX20,53.28694,2.749694,0.0,0.0
1,EPB41L3,65.94733,2.749553,0.0,0.0
1,CCRL2,23.55603,2.7471085,1.088862782570477e-122,1.071766943340947e-121
1,DENND3,63.24552,2.7455053,0.0,0.0
1,C9orf66,8.423103,2.7406352,3.666413177084716e-17,1.4695607841286125e-16
1,BATF3,23.377197,2.7359414,7.291928681424237e-121,7.12074691174657e-120
1,P2RX5,9.762449,2.7354665,1.6316636461372925e-22,7.184759696703989e-22
1,RP2,53.70274,2.726991,0.0,0.0
1,PLXDC2,95.38014,2.7257903,0.0,0.0
1,PLXNC1,78.223595,2.7245498,0.0,0.0
1,LRMP,54.876263,2.7232802,0.0,0.0
1,PSAP,123.529366,2.7228901,0.0,0.0
1,KIAA0513,37.10167,2.7127123,2.640538740635244e-301,4.8986273023297416e-300
1,FAM72A,14.59476,2.7110157,3.0327936410005174e-48,1.8064088082945269e-47
1,CXCR2,8.790017,2.7092814,1.4953739720694363e-18,6.150854851577065e-18
1,LSP1,107.9131,2.7069838,0.0,0.0
1,AP1S2,106.239235,2.7056332,0.0,0.0
1,MXD1,46.99465,2.6915069,0.0,0.0
1,C11orf45,4.514036,2.691178,6.360541360033071e-06,1.871171252755969e-05
1,FMNL1,100.763115,2.6900177,0.0,0.0
1,RIN3,73.79231,2.689261,0.0,0.0
1,ZNF710,37.290695,2.6887233,2.3224512264364072e-304,4.3345410661515724e-303
1,PDE6G,7.4860325,2.6848931,7.098691721149897e-14,2.6574523380036325e-13
1,SMCO4,68.02351,2.684711,0.0,0.0
1,AMPD3,32.982147,2.6846986,1.4645427646522014e-238,2.2643633430267928e-237
1,AC008494.3,2.594802,2.681432,0.009464545387327683,0.02303675415704337
1,AC010247.2,2.3568156,2.6798232,0.01843239852812249,0.04359428690761263
1,ARHGAP4,78.88671,2.67495,0.0,0.0
1,RBM47,81.54603,2.6744618,0.0,0.0
1,SULT1B1,10.607027,2.6736221,2.7640423932151307e-26,1.2875396872207995e-25
1,DPYD,81.58368,2.6735234,0.0,0.0
1,GMFG,112.4421,2.670308,0.0,0.0
1,LGALS9,96.83231,2.6677084,0.0,0.0
1,SNN,54.02522,2.6641,0.0,0.0
1,TFEB,49.614677,2.6640656,0.0,0.0
1,CD48,101.62673,2.6622987,0.0,0.0
1,BEST1,22.815517,2.662011,3.216291501909963e-115,3.0464579052875032e-114
1,GMIP,52.437504,2.6610196,0.0,0.0
1,MTSS1,48.83296,2.6604013,0.0,0.0
1,DOCK8,102.49791,2.6600535,0.0,0.0
1,KCNJ15,5.8973927,2.659764,3.6928969286352394e-09,1.2191451118706403e-08
1,RUBCNL,19.78971,2.651936,3.6513727799008685e-87,2.9070834237093285e-86
1,OTULINL,70.9006,2.6501732,0.0,0.0
1,UNC93B1,82.17741,2.6494863,0.0,0.0
1,LINGO3,2.4589806,2.6488633,0.01393321510806164,0.03332821603164315
1,HDAC9,46.971615,2.648233,0.0,0.0
1,EFHD2,109.55552,2.6477344,0.0,0.0
1,IGFLR1,27.72067,2.6435747,3.9345834586660817e-169,4.750241053007523e-168
1,RCSD1,91.22223,2.6421494,0.0,0.0
1,AC007728.2,4.554343,2.6384077,5.254947427788918e-06,1.5516830051654924e-05
1,AP000919.4,5.1254754,2.62773,2.9678773687914534e-07,9.203189107779417e-07
1,AP1B1,70.97653,2.6256363,0.0,0.0
1,FAM72B,3.5036986,2.6247432,0.00045884427859206356,0.0012290059899856928
1,CYP27A1,46.434372,2.6156454,0.0,0.0
1,FES,67.09201,2.6143234,0.0,0.0
1,PTPRJ,68.82308,2.6126285,0.0,0.0
1,CD200R1,21.054895,2.6123834,2.0623638016310907e-98,1.7627621133023265e-97
1,CD300A,70.10904,2.6105633,0.0,0.0
1,ZGLP1,14.126609,2.6065793,2.6038614451421764e-45,1.5147288854697768e-44
1,LPAR5,17.736948,2.6044059,2.1742841587258805e-70,1.5498293471803688e-69
1,AC005616.1,2.5278645,2.5988157,0.011475865222889032,0.027696748902376334
1,OAS1,62.324333,2.5986006,0.0,0.0
1,CYBA,140.83698,2.5941873,0.0,0.0
1,POU2AF1,6.2786164,2.591796,3.4159896072029126e-10,1.1619853707882503e-09
1,TNFRSF17,3.17776,2.585169,0.0014841755473771162,0.0038447249721552702
1,GPR132,30.051096,2.5851383,2.1124864935543842e-198,2.869917365111444e-197
1,ALDH3B1,45.59428,2.5845804,0.0,0.0
1,INAFM2,33.054768,2.5790205,1.328610742595561e-239,2.0614142681426206e-238
1,LACTB,81.17271,2.5721672,0.0,0.0
1,TIGD3,2.4486792,2.5712547,0.014338107886055133,0.0342516540759241
1,AC239799.2,4.6459265,2.5711403,3.3855341183464516e-06,1.0094221782339744e-05
1,PALD1,21.838272,2.5685668,1.0048294053082405e-105,8.978393301492278e-105
1,MYO1G,69.50701,2.5638258,0.0,0.0
1,AP003354.2,3.0883174,2.5628757,0.002012933635178812,0.005170260106579535
1,NAGA,68.322296,2.562371,0.0,0.0
1,APBB1IP,96.39297,2.5614402,0.0,0.0
1,ARHGAP30,96.053116,2.5572422,0.0,0.0
1,CORO1A,102.206665,2.5555477,0.0,0.0
1,PNMA5,3.2272115,2.5546467,0.001250030697088219,0.003253996357694398
1,KBTBD11,14.069589,2.551189,5.840821781785613e-45,3.3907264990542436e-44
1,CXCL10,3.849785,2.5506303,0.0001182214564111632,0.0003282902563611699
1,ACPP,24.7436,2.550161,3.633153232193378e-135,3.8090185531682745e-134
1,DOK2,79.892456,2.544491,0.0,0.0
1,PLEKHO2,61.394703,2.5444117,0.0,0.0
1,MGAM,3.2298987,2.5399878,0.0012383408008750116,0.0032251958483731345
1,DGKG,11.783463,2.5399504,4.750090206839516e-32,2.3782769807676807e-31
1,DUSP6,70.26663,2.5385501,0.0,0.0
1,AP001372.3,2.4959033,2.536556,0.01256368477634673,0.030185463726877207
1,ADORA2B,5.759377,2.5327525,8.44249856258359e-09,2.759144581513916e-08
1,MCTP1,50.778774,2.5324934,0.0,0.0
1,AIFM3,4.652104,2.5280921,3.285657745810855e-06,9.801160500895289e-06
1,FKBP15,76.19346,2.5242696,0.0,0.0
1,BST1,46.72156,2.5241473,0.0,0.0
1,ADAP1,35.950443,2.522522,4.981291041198435e-283,8.787486427529683e-282
1,LIPA,63.194817,2.519794,0.0,0.0
1,GAS7,66.95022,2.5158124,0.0,0.0
1,LINC00900,8.954471,2.5054743,3.4137002725884724e-19,1.4211642554538243e-18
1,PLAC8,57.44531,2.5043845,0.0,0.0
1,AC097634.1,15.230454,2.5026927,2.220412820617766e-52,1.370059873164969e-51
1,JCHAIN,11.245374,2.5020359,2.440606703501109e-29,1.1817614191619735e-28
1,NFKBIE,34.314335,2.4947245,4.7967815542544495e-258,7.864940450787388e-257
1,KLHL6,43.850887,2.4944694,0.0,0.0
1,MYO5A,62.73902,2.4924572,0.0,0.0
1,ARPC1B,129.33575,2.4898872,0.0,0.0
1,SLA,90.93851,2.486975,0.0,0.0
1,RHOG,99.95928,2.4860258,0.0,0.0
1,BID,79.59573,2.4842677,0.0,0.0
1,CDA,36.838276,2.4830651,4.505755631919412e-297,8.25975025597469e-296
1,PREX1,84.060936,2.4830616,0.0,0.0
1,FAM72D,2.559456,2.4805806,0.01048360856161847,0.02540276983468711
1,CFD,78.545815,2.4769897,0.0,0.0
1,AL035587.1,7.8350534,2.476137,4.6864278858847315e-15,1.8008631936968717e-14
1,RAB32,84.49022,2.4749243,0.0,0.0
1,KCNN4,21.269289,2.4728212,2.185701193152441e-100,1.8917240766385467e-99
1,LINC01220,3.0599642,2.4722688,0.0022136341345668675,0.005672093367356838
1,CEBPA-DT,4.405325,2.4698024,1.0562541204884271e-05,3.077745460727427e-05
1,MAN2B1,37.093548,2.469678,3.5699479714430016e-301,6.618859145374255e-300
1,CAPG,88.648766,2.4678082,0.0,0.0
1,PGD,70.15171,2.4629998,0.0,0.0
1,LINC01215,4.581669,2.4618814,4.612797809661455e-06,1.3669006893883661e-05
1,OR5H14,3.2153354,2.4598365,0.0013029216124171182,0.003385974798198593
1,CCSAP,35.496967,2.4592822,5.474430077786397e-276,9.399900578563564e-275
1,MAPKAPK3,68.28446,2.454525,0.0,0.0
1,GNB4,74.75998,2.4475746,0.0,0.0
1,VAMP8,110.75488,2.4453633,0.0,0.0
1,MLXIPL,10.22962,2.441743,1.4609090676397645e-24,6.642000081427214e-24
1,SRGAP2,68.8148,2.432614,0.0,0.0
1,ARHGAP45,81.12734,2.4283695,0.0,0.0
1,ADPRH,18.97142,2.428259,2.938634637853818e-80,2.2459045685496525e-79
1,AC109826.1,13.69113,2.426689,1.1471217251838543e-42,6.483923035891988e-42
1,TCHH,3.7595925,2.4199963,0.00017019033557294768,0.00046843643258999857
1,ADCY7,67.55239,2.4171016,0.0,0.0
1,PAK1,71.02939,2.4169948,0.0,0.0
1,SULT1A1,46.657265,2.4154232,0.0,0.0
1,TPP1,100.00455,2.4151664,0.0,0.0
1,ARRB1,51.54058,2.4150896,0.0,0.0
1,LTB4R,39.257927,2.415045,0.0,0.0
1,TPRG1-AS1,3.4880629,2.4148066,0.0004865338078714654,0.0013003545831791231
1,AC009093.2,19.910715,2.4121642,3.285913649692475e-88,2.6392342300167704e-87
1,CYB5R4,70.839745,2.4100955,0.0,0.0
1,FCGR3B,2.7042172,2.3990834,0.006846552210924246,0.01688528480554067
1,UCP2,100.39368,2.3986783,0.0,0.0
1,MANBA,63.753498,2.3977103,0.0,0.0
1,FAM49B,106.281555,2.3937829,0.0,0.0
1,LINC01127,6.4794145,2.390984,9.207916856645839e-11,3.1840354250207314e-10
1,CST3,119.266045,2.3870068,0.0,0.0
1,ADGRG5,13.383333,2.3859425,7.56763167435543e-41,4.1833802926006665e-40
1,TNFRSF11A,10.055623,2.3793187,8.677079092324294e-24,3.8985678660629005e-23
1,BACH1-IT2,2.5205936,2.3791795,0.011715706513860797,0.028218309010590373
1,PIK3CG,38.524086,2.372492,0.0,0.0
1,ST8SIA4,65.20617,2.369631,0.0,0.0
1,ATG16L2,56.705982,2.3687365,0.0,0.0
1,RIPOR2,63.03614,2.3678298,0.0,0.0
1,AC011944.1,3.1099908,2.3672683,0.0018709310303822232,0.004816390378324098
1,SLC16A3,77.219124,2.36657,0.0,0.0
1,CD302,84.28203,2.364786,0.0,0.0
1,BPI,2.4354293,2.363176,0.014874127137131023,0.0354882389553272
1,KCNK17,4.5046844,2.3612926,6.647169422627607e-06,1.9538189761783308e-05
1,CATSPER1,19.863573,2.3595948,8.410758535626634e-88,6.729260006746373e-87
1,COL8A2,14.869092,2.3556688,5.23183615493899e-50,3.162533933907674e-49
1,C20orf197,2.7100492,2.3553646,0.006727325856244629,0.016601841283851226
1,TTYH3,65.22263,2.3550568,0.0,0.0
1,GRB2,115.591286,2.3548877,0.0,0.0
1,SERPINB9,55.964817,2.34871,0.0,0.0
1,SLC43A3,46.156715,2.3469543,0.0,0.0
1,MEF2C,94.63939,2.3463,0.0,0.0
1,AC025048.4,3.6334167,2.3444836,0.0002796927807451342,0.0007600197621320435
1,LINC01146,3.1915903,2.3413918,0.0014149192362756739,0.003669316062726318
1,CREB5,44.139114,2.3408017,0.0,0.0
1,ZNF467,34.964855,2.339472,7.700171983761628e-268,1.2941229771730324e-266
1,TTC7A,43.204052,2.3359616,0.0,0.0
1,PLAUR,63.485752,2.3329563,0.0,0.0
1,RASGRP3,26.990211,2.3325324,1.9255329499530632e-160,2.2415234231336845e-159
1,HLX,27.737316,2.332442,2.4784789797192397e-169,2.99578998146979e-168
1,AC093627.4,12.268777,2.332304,1.3325059577154421e-34,6.910027119985096e-34
1,NPPA-AS1,3.4869468,2.3294046,0.0004885683072998389,0.0013056792627510695
1,AL161785.1,6.740938,2.327761,1.573669594602758e-11,5.544619945324606e-11
1,AC109597.2,2.8749712,2.3221035,0.0040406436464387975,0.010158966336979087
1,REL,102.67574,2.3194237,0.0,0.0
1,EHBP1L1,78.67847,2.319396,0.0,0.0
1,INPP5D,74.571205,2.318943,0.0,0.0
1,MYD88,64.683975,2.3164935,0.0,0.0
1,TET3,41.629055,2.3157027,0.0,0.0
1,GSAP,52.32308,2.315482,0.0,0.0
1,PTGIR,23.054672,2.315013,1.3204622934103511e-117,1.265473739610348e-116
1,P2RY8,23.593626,2.314725,4.480879195348721e-123,4.4189704304608457e-122
1,LACC1,32.7807,2.3137076,1.1092952046729876e-235,1.6998010357376316e-234
1,RNF144B,54.290417,2.311335,0.0,0.0
1,PPT1,98.39542,2.3109636,0.0,0.0
1,LYST,72.32901,2.306042,0.0,0.0
1,UTF1,7.167666,2.3054442,7.628707063952726e-13,2.7774820264529027e-12
1,HCG27,13.22208,2.3034098,6.542939193232827e-40,3.585507475979556e-39
1,AC011337.1,2.645419,2.303015,0.00815898592456731,0.019981757366925663
1,AC144831.1,4.0243278,2.3007708,5.713834948619401e-05,0.0001613499285125444
1,JAK2,56.002033,2.2994645,0.0,0.0
1,SLC12A5,7.0702963,2.294363,1.5460305117756969e-12,5.59063589884772e-12
1,PRSS36,8.704126,2.28719,3.2003003893144164e-18,1.3087018276335097e-17
1,BRI3BP,47.06435,2.2863746,0.0,0.0
1,C12orf42,2.3755908,2.28449,0.01752087852074816,0.04152106980837014
1,AL590617.2,13.639386,2.2835715,2.335177138080399e-42,1.3148719221470376e-41
1,GAS6-AS1,13.985784,2.2834458,1.903680521048846e-44,1.0972967897063909e-43
1,NUP214,72.754135,2.2794366,0.0,0.0
1,DOPEY2,41.681976,2.2789693,0.0,0.0
1,NAAA,68.133965,2.2789648,0.0,0.0
1,RNF130,105.69047,2.2785912,0.0,0.0
1,HLA-DOB,12.109841,2.2781184,9.367517521368947e-34,4.80056149946858e-33
1,WARS,61.685635,2.276236,0.0,0.0
1,PRR11,18.802034,2.2719672,7.267343797670713e-79,5.507890994472995e-78
1,SLC8A1-AS1,3.242552,2.27085,0.001184643150703693,0.0030900300328128142
1,GLRX,90.18492,2.26958,0.0,0.0
1,FUOM,55.40936,2.2692106,0.0,0.0
1,LTA4H,80.0849,2.2679994,0.0,0.0
1,AC067930.4,2.546534,2.2666984,0.010879856299376982,0.026330257508796834
1,AL590764.1,8.399356,2.2661328,4.489349641116022e-17,1.7954493964541008e-16
1,SLC16A6,21.004105,2.265999,6.015643940251448e-98,5.123326185212221e-97
1,AC004069.1,4.4569345,2.265767,8.31399471219237e-06,2.434492037609944e-05
1,KCNQ1,29.011473,2.2634947,4.715254205520253e-185,6.079864903212953e-184
1,GCH1,26.275682,2.2612207,3.637573326696749e-152,4.0852644915776315e-151
1,AL159163.1,6.050488,2.2588782,1.4440763956900593e-09,4.828220376632698e-09
1,MX2,53.45396,2.25878,0.0,0.0
1,ARAP1,64.57324,2.2569828,0.0,0.0
1,GPR65,68.672516,2.2561202,0.0,0.0
1,IL4I1,23.436901,2.2537718,1.7980862785974455e-121,1.7603247580808124e-120
1,LINC01504,16.875559,2.2530985,6.807664279391602e-64,4.635480940364755e-63
1,AC119396.1,4.6509395,2.251417,3.304266374259424e-06,9.85571905319784e-06
1,AC007336.1,14.297096,2.2513962,2.2813012922571975e-46,1.3389323782718041e-45
1,TTYH2,20.5535,2.2509785,7.161054165344017e-94,5.9560468538290514e-93
1,SCN9A,4.800367,2.2449677,1.5837511137022117e-06,4.781576210920608e-06
1,FAM157C,11.087294,2.2430844,1.445966538630738e-28,6.941672539524731e-28
1,NAGK,94.94646,2.241229,0.0,0.0
1,ACP5,52.17269,2.2401433,0.0,0.0
1,GLIPR1,99.47612,2.2314794,0.0,0.0
1,RASL10A,5.745163,2.230261,9.183249078843667e-09,2.994900066263809e-08
1,GRIN2D,2.4619677,2.2300441,0.01381771044652052,0.03306984487924808
1,AC040970.1,8.860967,2.2298436,7.932343937987431e-19,3.278482937836019e-18
1,SNAI3,13.953625,2.228071,2.990141779258122e-44,1.7190534220894862e-43
1,NCEH1,35.878708,2.225086,6.563360320617791e-282,1.1558619796543253e-280
1,CTSH,107.16282,2.2248063,0.0,0.0
1,ENTPD1,73.64839,2.2240095,0.0,0.0
1,SELPLG,58.505283,2.2238564,0.0,0.0
1,PID1,30.389734,2.2236714,7.506953148058043e-203,1.0339456370188498e-201
1,PLA2G7,36.631874,2.2221596,8.895062643608281e-294,1.6190795119316912e-292
1,IER5,68.87392,2.2213542,0.0,0.0
1,ELMO1,53.080425,2.2204413,0.0,0.0
1,IGLC3,9.377434,2.2203636,6.759780853580567e-21,2.896500025531881e-20
1,RASGEF1B,33.416176,2.2198536,7.981957009547335e-245,1.2567414431690243e-243
1,CD79B,18.696373,2.2195194,5.298910469661076e-78,3.985724650421389e-77
1,ADAM28,45.68803,2.2171474,0.0,0.0
1,PECAM1,82.31252,2.2138314,0.0,0.0
1,DAGLB,30.319996,2.2137477,6.24916311093011e-202,8.568894599357448e-201
1,CNPY3,100.71561,2.2123165,0.0,0.0
1,RPS6KA1,62.159576,2.210107,0.0,0.0
1,LCP2,74.60187,2.2094378,0.0,0.0
1,CHST15,47.972748,2.207361,0.0,0.0
1,AL139384.1,9.233323,2.2064974,2.623637190867634e-20,1.114315716066318e-19
1,ICAM1,39.594994,2.206338,0.0,0.0
1,E2F2,4.517159,2.2061331,6.267481414869504e-06,1.8443211281478793e-05
1,HAL,8.496104,2.203384,1.9605950284447698e-17,7.902466163816184e-17
1,ZNF296,9.606768,2.2006245,7.486192608697406e-22,3.2551456803181022e-21
1,ARHGAP24,38.41444,2.1984284,0.0,0.0
1,DSE,67.675316,2.1952202,0.0,0.0
1,RAB42,13.210074,2.1931763,7.674862143581134e-40,4.20132774126217e-39
1,C11orf21,17.248291,2.1899648,1.1525687906171823e-66,8.008642898292549e-66
1,GAB3,47.557724,2.1890292,0.0,0.0
1,RASSF3,59.84909,2.1823776,0.0,0.0
1,GFRA2,9.02316,2.1823258,1.82740227682594e-19,7.644764776645821e-19
1,STX7,94.48987,2.1814325,0.0,0.0
1,RAP2B,74.56744,2.1804075,0.0,0.0
1,TMEM106A,41.68905,2.1779583,0.0,0.0
1,TMEM51,31.85699,2.1776328,1.0532951684332291e-222,1.5516774914569026e-221
1,HIST1H2AL,3.7908561,2.170488,0.00015012887592436686,0.0004146589068985171
1,RNF19B,35.508167,2.1681728,3.677044576225539e-276,6.320712831891142e-275
1,AATK,5.742371,2.1669543,9.335998238381148e-09,3.043431046868961e-08
1,LFNG,53.91967,2.1663048,0.0,0.0
1,RAB31,85.8776,2.1631875,0.0,0.0
1,ABI3,57.266468,2.162379,0.0,0.0
1,LRRC8D,34.456818,2.1621194,3.559521532016268e-260,5.87996429663425e-259
1,RPS6KA4,45.763966,2.1620643,0.0,0.0
1,IL2RA,12.892097,2.1614988,4.986887082249837e-38,2.6767926198523045e-37
1,PLEKHO1,97.49496,2.1614122,0.0,0.0
1,ADAM8,45.47488,2.1606112,0.0,0.0
1,IL1RAP,23.00809,2.1555054,3.8684083301991134e-117,3.699285156604703e-116
1,TACC3,38.210255,2.1553156,0.0,0.0
1,SYNE3,37.218075,2.154335,3.4814577238126604e-303,6.474212627549814e-302
1,IFNGR2,91.64194,2.150268,0.0,0.0
1,OSBPL11,64.49029,2.1499276,0.0,0.0
1,NBPF14,40.13914,2.1460354,0.0,0.0
1,FAM110A,29.14555,2.1459973,9.51239922884592e-187,1.2363318879980692e-185
1,ASAH1,99.780304,2.1452177,0.0,0.0
1,CREG1,67.95685,2.1430573,0.0,0.0
1,FRAT1,31.64664,2.1424832,8.435014752312794e-220,1.2326288460980213e-218
1,AMDHD1,3.2828383,2.1388938,0.0010276753685516443,0.0026933233796172028
1,SLC25A19,26.654612,2.1386673,1.5824482317015232e-156,1.804084378354813e-155
1,CD44,94.49202,2.1374671,0.0,0.0
1,PPM1N,13.903014,2.1370883,6.072938298889114e-44,3.4835988122450973e-43
1,TLR5,32.512135,2.1366394,7.185004390356012e-232,1.08643312471983e-230
1,CST6,9.04108,2.1360545,1.5513051981753855e-19,6.502941782179118e-19
1,FAM214B,35.600937,2.1338103,1.354922153904661e-277,2.3460268353350902e-276
1,DOCK11,62.172096,2.1317964,0.0,0.0
1,SGK3,64.74991,2.131686,0.0,0.0
1,SLC7A11,5.0823903,2.1306245,3.727148316209623e-07,1.152180166124133e-06
1,RAB20,37.559834,2.1297588,9.736370170408736e-309,1.8405014853628308e-307
1,SH3BGRL3,113.81776,2.1284518,0.0,0.0
1,TIGAR,36.476974,2.1267526,2.5707758823275575e-291,4.643773827884151e-290
1,CARD16,83.93922,2.1248834,0.0,0.0
1,NCOA4,89.67077,2.1116796,0.0,0.0
1,TNNT1,4.343676,2.1105828,1.4011811979332697e-05,4.06364898982111e-05
1,ITGA4,69.21093,2.1084838,0.0,0.0
1,TNFRSF10C,2.3695118,2.1036868,0.01781158783016025,0.04217442312623633
1,APOC1,26.191755,2.10092,3.29908503265865e-151,3.682369848478906e-150
1,LINC00937,24.618126,2.0974736,8.080154492543881e-134,8.408529794648273e-133
1,VASP,90.32782,2.090923,0.0,0.0
1,LINC00926,8.601733,2.0904508,7.85209703407579e-18,3.1860937775000713e-17
1,NFKBID,35.640564,2.0890822,3.2990894203505275e-278,5.738039207359243e-277
1,CTSB,89.1746,2.0884871,0.0,0.0
1,SH3BP2,67.39405,2.086341,0.0,0.0
1,VASH1,35.51965,2.0851517,2.4449348870618526e-276,4.209782872112572e-275
1,AGTPBP1,47.68228,2.0850554,0.0,0.0
1,ETV5,22.579498,2.0849128,6.892773489749749e-113,6.445838131549032e-112
1,AC068580.4,3.0431912,2.084855,0.00234083643678178,0.005990083768141618
1,SLC9A7,18.05344,2.0837238,7.41267429725426e-73,5.381807012103298e-72
1,ENHO,6.675995,2.0828843,2.4556041982318152e-11,8.606867651933625e-11
1,TNFSF13,5.933395,2.079584,2.967341940401454e-09,9.829757486815406e-09
1,CARD8-AS1,39.060432,2.0782459,0.0,0.0
1,ATP2B1-AS1,44.567387,2.077844,0.0,0.0
1,NRGN,32.727047,2.0769057,6.441589613712191e-235,9.846202284421497e-234
1,ANKLE1,2.565928,2.0751176,0.010290020459809077,0.024961436492529562
1,MAP3K8,57.323544,2.0745044,0.0,0.0
1,SCPEP1,84.70449,2.0734198,0.0,0.0
1,TNFAIP2,70.45206,2.0684018,0.0,0.0
1,VNN1,16.872746,2.065339,7.139914053268672e-64,4.858505584420406e-63
1,IPMK,28.64917,2.0615149,1.6416885162986401e-180,2.0693175763964954e-179
1,SHTN1,63.291084,2.0611856,0.0,0.0
1,GAL3ST4,9.774943,2.0607195,1.4423767841872163e-22,6.357606855230218e-22
1,NBPF10,13.695301,2.0600715,1.0831005146246872e-42,6.1242933782483e-42
1,ARMH1,18.017557,2.0595183,1.4186934197630656e-72,1.028319829376573e-71
1,MIR181A1HG,21.817644,2.0563004,1.5777923154433958e-105,1.4085738617391402e-104
1,CHN2,28.38648,2.0542967,2.9697910115535687e-177,3.704089216871919e-176
1,RXRA,64.193954,2.0501435,0.0,0.0
1,SSH2,64.26127,2.0468395,0.0,0.0
1,SQOR,60.588722,2.0453408,0.0,0.0
1,TBC1D2,22.43006,2.0441368,2.0037163925350425e-111,1.8574943774469272e-110
1,RNF175,4.48824,2.043707,7.181404103737516e-06,2.1080411875222284e-05
1,MICB,16.821081,2.042283,1.710103235690528e-63,1.1606095894924713e-62
1,TTLL4,20.874239,2.0405242,9.181789397172136e-97,7.757833922864931e-96
1,IQGAP2,74.04275,2.0404074,0.0,0.0
1,KCNQ3,4.0842085,2.0391383,4.4227324634135974e-05,0.00012531480770693442
1,ACTR2,122.56737,2.0377533,0.0,0.0
1,KDM1B,36.67232,2.0344648,2.0175176846241834e-294,3.6809574426611354e-293
1,APAF1,47.88022,2.034138,0.0,0.0
1,WDFY2,59.60003,2.0332074,0.0,0.0
1,CORO7,50.857525,2.0312557,0.0,0.0
1,TMEM71,27.47592,2.0303538,3.4063277767918756e-166,4.0585725750696415e-165
1,NINJ2,21.544394,2.0298853,5.976125928508951e-103,5.2547403719040155e-102
1,ADPGK,74.65746,2.0270436,0.0,0.0
1,LINC02035,16.090952,2.0244482,2.9525881507517265e-58,1.910312789936856e-57
1,CKM,3.2673411,2.0241375,0.001085627747488331,0.0028391857159944024
1,LMNB1,35.434807,2.022006,4.971964463633745e-275,8.513490619253638e-274
1,SASH3,57.007835,2.0148883,0.0,0.0
1,SYN1,2.5058663,2.0129507,0.012215177660064448,0.029386977188418456
1,PPFIA4,4.28959,2.0108883,1.7900343435745837e-05,5.168107562527759e-05
1,AC018529.2,4.0786905,2.0081484,4.529008843542569e-05,0.0001282790288923847
1,UBR5-AS1,10.355654,2.0075047,3.9448129401519664e-25,1.808668351005442e-24
1,ARHGEF10L,28.264324,2.0055676,9.490938103699916e-176,1.1780579275945916e-174
1,AC025423.4,3.6265771,2.0050838,0.0002872031033028028,0.0007796738088519742
1,BACH1,68.825035,2.0048099,0.0,0.0
1,PDCD1LG2,6.255864,2.001833,3.9532073780754044e-10,1.3419196093814006e-09
1,C2CD2L,23.954382,2.0008903,8.317815721916283e-127,8.390297993383373e-126
1,CAMK1D,45.10046,1.9989125,0.0,0.0
1,FOXN2,51.632683,1.997071,0.0,0.0
1,JDP2,46.898186,1.9956785,0.0,0.0
1,FAM78A,41.65371,1.9928986,0.0,0.0
1,LOXL3,15.749252,1.9923675,6.949779739749099e-56,4.399771454658447e-55
1,CD52,71.97948,1.9917825,0.0,0.0
1,GIMAP8,48.83284,1.9904778,0.0,0.0
1,TMPPE,2.5915294,1.9896456,0.009555036757565683,0.0232460265322798
1,NEURL1,5.6907525,1.9895507,1.2648066865265508e-08,4.1027896998820426e-08
1,PTK2B,53.24194,1.9858096,0.0,0.0
1,EMILIN2,73.08546,1.9854014,0.0,0.0
1,GHRL,16.654062,1.9841772,2.82745165387831e-62,1.898502026209362e-61
1,PLA2G15,27.91808,1.9824598,1.6098508942111976e-171,1.9588843144639953e-170
1,CTSD,74.94665,1.9823368,0.0,0.0
1,SERPINF2,9.276069,1.981998,1.758469831883892e-20,7.49538368418638e-20
1,AC147651.4,8.658689,1.978077,4.772224719429036e-18,1.944820007956134e-17
1,AC096733.2,7.9892287,1.9727765,1.3578541931861705e-15,5.280885812105822e-15
1,C9orf72,56.77096,1.9712429,0.0,0.0
1,SUSD1,28.672155,1.9701021,8.488439106680653e-181,1.071262504982356e-179
1,CGAS,37.34818,1.9697868,2.714136800536705e-305,5.077834509333411e-304
1,HEATR3,27.360788,1.9668562,8.036103817335056e-165,9.501601403304307e-164
1,MAP3K1,67.54983,1.9657687,0.0,0.0
1,LPXN,51.45606,1.9540788,0.0,0.0
1,CLN8,50.618446,1.9531908,0.0,0.0
1,HDAC2-AS2,4.1669292,1.9530575,3.0873026823706865e-05,8.813084326593775e-05
1,AP5B1,24.341711,1.9511867,7.096039724122811e-131,7.29841263738648e-130
1,ASPHD2,11.477947,1.9484918,1.70275001208958e-30,8.36542594558141e-30
1,LINC02345,4.748699,1.9478681,2.0472928482469632e-06,6.151033348961689e-06
1,BIN2,74.038765,1.9459772,0.0,0.0
1,AC107884.1,2.503024,1.944483,0.012313712443309073,0.029617113656447744
1,AGO4,48.11426,1.9434884,0.0,0.0
1,MLKL,36.246864,1.9434562,1.1134108475690662e-287,1.992599251060633e-286
1,IL1R2,8.381219,1.9385356,5.2382533687400954e-17,2.0914442173834148e-16
1,PPIF,36.24276,1.9381521,1.2920885821939808e-287,2.3110290399229955e-286
1,HMGA1P4,5.055971,1.9369696,4.2820607319829787e-07,1.3200244468721117e-06
1,GPR155,39.805405,1.9350922,0.0,0.0
1,RGS1,33.48443,1.9346324,8.122863794465622e-246,1.2835038409792893e-244
1,TBC1D9,47.463284,1.9336812,0.0,0.0
1,MAP3K3,51.595936,1.9312284,0.0,0.0
1,ANKRD44,76.10152,1.9310006,0.0,0.0
1,RNF149,74.96589,1.9303509,0.0,0.0
1,NIN,74.56911,1.9296649,0.0,0.0
1,LINC01503,19.726793,1.9289907,1.2697480363008977e-86,1.0078095161261389e-85
1,CCDC88B,45.70155,1.9288757,0.0,0.0
1,STAT5A,46.63918,1.9278022,0.0,0.0
1,INSIG1,32.78365,1.9221478,1.007032902973383e-235,1.5438673577479341e-234
1,NPC2,100.11719,1.9220719,0.0,0.0
1,B3GNT5,25.602652,1.9192252,1.4252609946990476e-144,1.5549079266912624e-143
1,TEP1,29.562756,1.9187114,4.502533587314229e-192,5.99310101563828e-191
1,MFSD13A,15.908693,1.9169846,5.515261188225447e-57,3.530658192719219e-56
1,SOAT1,53.70607,1.9168923,0.0,0.0
1,SORL1,66.31411,1.9146396,0.0,0.0
1,ARSB,27.092535,1.9138504,1.2056819110210103e-161,1.4099133872087161e-160
1,IRF4,13.631596,1.9127924,2.5983544635843864e-42,1.4617280925737648e-41
1,LPCAT2,56.363182,1.9085034,0.0,0.0
1,AL117335.1,9.780534,1.9056201,1.3648938350932923e-22,6.016941058512107e-22
1,ZMIZ1-AS1,4.3530617,1.905296,1.3424927889292515e-05,3.898198480593421e-05
1,ATP6V1A,61.145367,1.9040515,0.0,0.0
1,SERPINB1,90.717224,1.9034574,0.0,0.0
1,CSK,74.59855,1.901717,0.0,0.0
1,SH3KBP1,77.34599,1.9012737,0.0,0.0
1,COLGALT1,56.405476,1.8985596,0.0,0.0
1,MCOLN2,16.098452,1.8983836,2.6156928856716345e-58,1.6934063681913114e-57
1,ARRDC5,9.023852,1.8928837,1.8158942630803077e-19,7.597650465550707e-19
1,ADAM19,23.754412,1.892188,9.892662316717466e-125,9.856625216724265e-124
1,IL21R,12.423741,1.8883877,1.9426022152601086e-35,1.0160772832466439e-34
1,HACD4,56.257748,1.8866124,0.0,0.0
1,CD274,5.778572,1.8847547,7.533727796154612e-09,2.464489045255616e-08
1,TRIM36,6.597368,1.8835554,4.185222263060178e-11,1.4596328648657292e-10
1,FCHO1,18.942514,1.8834039,5.0907324472948975e-80,3.88587966778324e-79
1,TET2,66.56196,1.8830968,0.0,0.0
1,GRK2,78.89448,1.8826586,0.0,0.0
1,HSPBAP1,30.33507,1.8810503,3.954264820958132e-202,5.4269299654241996e-201
1,TMEM86A,16.315014,1.8789557,7.718889764041937e-60,5.064057014163535e-59
1,SAT1,89.71057,1.8730001,0.0,0.0
1,SLC29A3,21.242167,1.8729504,3.8950895400022587e-100,3.361785322894438e-99
1,ARID3A,44.379513,1.8722802,0.0,0.0
1,DOK1,41.275,1.8712822,0.0,0.0
1,ZSWIM6,46.091007,1.8709644,0.0,0.0
1,H2AFY,102.70688,1.8695289,0.0,0.0
1,OAZ1,146.77638,1.867111,0.0,0.0
1,MYO9B,73.89894,1.8659525,0.0,0.0
1,LIMD2,77.316025,1.8647393,0.0,0.0
1,GAA,58.372475,1.8634663,0.0,0.0
1,AC092368.3,2.3537846,1.8620989,0.0185833735012536,0.04392782598877591
1,PPP1R9B,49.372166,1.8620884,0.0,0.0
1,SLC46A3,32.31554,1.8591903,4.2319525626067205e-229,6.333993116343143e-228
1,OAS2,34.444702,1.8569928,5.405451443882481e-260,8.919716378861497e-259
1,DENND4B,45.476353,1.8533621,0.0,0.0
1,CBL,60.313995,1.8521676,0.0,0.0
1,TRIM7,4.481138,1.8521385,7.424594363646318e-06,2.1777729714075804e-05
1,FLI1,60.245148,1.8513643,0.0,0.0
1,UBXN11,37.640408,1.851231,4.69560292224154e-310,8.91443485981077e-309
1,CXCR4,71.32272,1.851226,0.0,0.0
1,ATG7,46.7248,1.8508099,0.0,0.0
1,EPHB2,12.820274,1.8502283,1.2625264102811938e-37,6.7615497769122955e-37
1,ARHGAP25,48.830803,1.8486699,0.0,0.0
1,VCAN,42.28016,1.848604,0.0,0.0
1,PIK3CD,45.777657,1.8464308,0.0,0.0
1,MTMR14,54.931744,1.8440197,0.0,0.0
1,IGHG2,5.5997033,1.843381,2.147191663252003e-08,6.912118814303682e-08
1,CMPK2,14.89794,1.8429886,3.3989853502332483e-50,2.0570283967037204e-49
1,DENND1A,32.493393,1.8422749,1.3220067325239394e-231,1.9980079257759117e-230
1,NRG1,11.277029,1.8421977,1.7040433512715374e-29,8.265359048611018e-29
1,SHCBP1,8.188791,1.8414605,2.6386323013229086e-16,1.0403394379000783e-15
1,AL008729.1,2.4893653,1.8412162,0.01279713876079407,0.030712934281710073
1,CCR6,17.328758,1.8410988,2.8542419420475545e-67,1.9890880654535235e-66
1,SH3BP1,48.119713,1.8402632,0.0,0.0
1,ATP8B4,38.371037,1.8401473,0.0,0.0
1,USP32,36.682964,1.8361393,1.3651987744733426e-294,2.493746957603286e-293
1,NOTCH2NL,23.116037,1.8359256,3.194004157313169e-118,3.07051590948921e-117
1,UPP1,59.070175,1.8328489,0.0,0.0
1,SYNGR2,73.218956,1.8309131,0.0,0.0
1,TANGO2,26.69403,1.8308125,5.5211074576232417e-157,6.306018780220308e-156
1,PIPOX,3.3652081,1.8303611,0.0007648592788016421,0.0020204705752070386
1,DYSF,17.79939,1.8301185,7.144151048370069e-71,5.112393527482605e-70
1,SLC31A1,41.05995,1.8300842,0.0,0.0
1,CELF2,86.502884,1.8294138,0.0,0.0
1,MCOLN1,43.651623,1.8273547,0.0,0.0
1,TNFAIP8,72.33585,1.8273392,0.0,0.0
1,NADK,49.91258,1.8261694,0.0,0.0
1,STK17B,79.74203,1.8237695,0.0,0.0
1,SHKBP1,61.60465,1.8230244,0.0,0.0
1,AC020909.2,6.1660857,1.8230034,7.000118313594815e-10,2.3603824647422536e-09
1,AC022098.1,9.745077,1.821412,1.9363220957588544e-22,8.51656567719068e-22
1,ABCD1,19.986479,1.8177814,7.221498570700629e-89,5.827541940591237e-88
1,NINJ1,54.564785,1.8176786,0.0,0.0
1,IFNGR1,88.855415,1.8176682,0.0,0.0
1,RNF166,54.84604,1.8152354,0.0,0.0
1,PLEKHB2,69.589424,1.8144329,0.0,0.0
1,SLC12A9,45.157925,1.8136468,0.0,0.0
1,RGS10,75.52755,1.8127127,0.0,0.0
1,SORT1,45.581825,1.8114662,0.0,0.0
1,IGF2BP3,3.4703145,1.8109183,0.0005198492860746529,0.0013869977455722804
1,RNASEH2B-AS1,2.4819438,1.8083974,0.013066784974755725,0.03133817981025648
1,RHOQ,74.315414,1.8082002,0.0,0.0
1,IL18BP,19.14316,1.8062493,1.1037055286480706e-81,8.528056693481478e-81
1,WASHC4,75.22187,1.8060591,0.0,0.0
1,FCHSD2,48.341927,1.8048805,0.0,0.0
1,THRIL,2.8882773,1.803837,0.003873582431434391,0.009750045786166847
1,SH2B2,16.309717,1.8010365,8.418117603587492e-60,5.519277912050883e-59
1,TRIM14,46.47765,1.7996722,0.0,0.0
1,LINC01001,12.432555,1.7977767,1.7398235093272987e-35,9.10938932793136e-35
1,MARC1,8.416107,1.7970746,3.892009921212112e-17,1.558568938000813e-16
1,ARHGAP22,25.753843,1.7963821,2.9192410385693705e-146,3.2074291780683796e-145
1,DNASE1L3,5.5291896,1.7953377,3.21713194318575e-08,1.0296354661700526e-07
1,SLCO4C1,5.723268,1.7947481,1.0449406648469866e-08,3.398146162502716e-08
1,OSGIN1,4.31437,1.7920859,1.6005874316930158e-05,4.628062096672845e-05
1,AC005162.3,6.59064,1.7880358,4.379342371191499e-11,1.5266448755517217e-10
1,HCST,81.18784,1.7859508,0.0,0.0
1,KCNK13,8.936594,1.784173,4.013486301360653e-19,1.6677174121558713e-18
1,STK10,62.919247,1.7831947,0.0,0.0
1,DOCK10,58.438416,1.7829782,0.0,0.0
1,AC116667.1,7.6230664,1.7796183,2.477192869729519e-14,9.366601422159315e-14
1,DCK,51.37461,1.7781478,0.0,0.0
1,FGD4,57.710712,1.7778342,0.0,0.0
1,E2F3,38.490692,1.7766926,0.0,0.0
1,AC004687.1,65.8039,1.775075,0.0,0.0
1,IMPDH1,47.923943,1.7740834,0.0,0.0
1,CCR5,25.26165,1.7734964,8.434737888807253e-141,9.039266433057067e-140
1,ABR,51.926487,1.7724305,0.0,0.0
1,RB1,63.338413,1.7713495,0.0,0.0
1,FXYD5,86.97317,1.7686323,0.0,0.0
1,AL133342.1,8.950533,1.7685219,3.537711928869093e-19,1.472196884146453e-18
1,WIPF1,81.995674,1.7655908,0.0,0.0
1,ASCL2,24.73647,1.7639147,4.335477380393848e-135,4.542257606638395e-134
1,LGMN,20.400856,1.7630621,1.6431453774906342e-92,1.3560666003231785e-91
1,AC108134.3,11.032981,1.7607498,2.649342631199482e-28,1.2669539331963856e-27
1,USP15,80.79646,1.7595265,0.0,0.0
1,SNX8,32.75253,1.7565055,2.794727865778624e-235,4.2739561676209764e-234
1,SLFN11,39.049103,1.7496674,0.0,0.0
1,CD22,14.685923,1.7495923,7.934729474926826e-49,4.752687672123322e-48
1,MAP3K14,23.208662,1.7483826,3.722746264492696e-119,3.603473811358464e-118
1,DOCK5,51.95789,1.7480799,0.0,0.0
1,LRRFIP1,96.782524,1.745109,0.0,0.0
1,GNAI2,114.944374,1.7448049,0.0,0.0
1,P2RY2,2.5404181,1.7431891,0.011071997504233414,0.026770103016767747
1,LRRC8C,38.15138,1.7422088,0.0,0.0
1,RASGRP2,38.30571,1.7414854,0.0,0.0
1,ARHGAP18,54.656387,1.7405459,0.0,0.0
1,SLC2A9,9.254676,1.7405267,2.1488095099553877e-20,9.144052805203245e-20
1,TPM3,105.78097,1.7378836,0.0,0.0
1,CNTRL,63.44739,1.7347839,0.0,0.0
1,METRNL,61.508713,1.7334179,0.0,0.0
1,SNX30,34.670853,1.7323152,2.1670037009298868e-263,3.6105435786867935e-262
1,TMEM163,3.3527696,1.7310883,0.0008000726728420798,0.0021109651783788766
1,ACER3,47.43286,1.7287682,0.0,0.0
1,RAD51AP1,13.880412,1.726752,8.326388767728491e-44,4.770040734831964e-43
1,AC011445.2,4.6306195,1.7267276,3.645736562536839e-06,1.0852237305049223e-05
1,RAPGEF1,52.874218,1.7266493,0.0,0.0
1,FAR2,15.010621,1.7225546,6.255948327517593e-51,3.81140538061475e-50
1,TMEM176B,54.15157,1.722311,0.0,0.0
1,ETV6,58.61817,1.7213793,0.0,0.0
1,RASSF5,51.831215,1.7201383,0.0,0.0
1,HLA-B,94.937,1.7192651,0.0,0.0
1,ARHGEF6,49.112144,1.7184495,0.0,0.0
1,ATP6V0B,102.2863,1.7150372,0.0,0.0
1,KLHL18,30.346329,1.7088941,2.8088709638718795e-202,3.860105597171551e-201
1,SP110,67.64729,1.7079495,0.0,0.0
1,RUNX1,45.943752,1.7048604,0.0,0.0
1,CXCR5,2.6677222,1.7036693,0.007636736985326672,0.018747309770094634
1,CYP1B1,26.827692,1.7028642,1.5361938751776263e-158,1.768310767229605e-157
1,LAP3,70.84302,1.7009945,0.0,0.0
1,CAP1,102.07277,1.699418,0.0,0.0
1,ARPC5,112.75201,1.6986041,0.0,0.0
1,AL391069.3,7.3157973,1.6977597,2.5585759839926083e-13,9.425257203487432e-13
1,NEU3,16.392612,1.697023,2.1596303693868396e-60,1.4241027485948165e-59
1,NUDT16,57.972336,1.6969793,0.0,0.0
1,AC022182.2,3.9630458,1.6964005,7.399957075153456e-05,0.0002077486359540084
1,GNS,62.258816,1.696098,0.0,0.0
1,TCIRG1,69.69119,1.6950164,0.0,0.0
1,FTCDNL1,10.689269,1.6947354,1.1426754966811412e-26,5.355067714317518e-26
1,PNPLA6,44.59943,1.6946379,0.0,0.0
1,BLVRB,67.50242,1.693875,0.0,0.0
1,FAM96A,56.37806,1.6937093,0.0,0.0
1,TAOK3,77.699524,1.6933172,0.0,0.0
1,ATF5,32.93387,1.6925131,7.200727988028712e-238,1.1105434128044083e-236
1,NBPF19,36.876,1.6922091,1.1207205144134856e-297,2.0593406027929607e-296
1,NBEAL2,35.37876,1.6907114,3.622602646384408e-274,6.185844198442149e-273
1,IQSEC1,44.818974,1.6892723,0.0,0.0
1,PAXBP1-AS1,8.442428,1.6879542,3.1081420792921894e-17,1.2473830389798675e-16
1,DAPK1,44.920547,1.6869034,0.0,0.0
1,RAB3D,24.853191,1.6851177,2.3884168779130346e-136,2.5159782019651725e-135
1,CCDC26,3.5561097,1.6848943,0.00037638697159665294,0.0010138567309689516
1,RNASET2,85.91838,1.6831087,0.0,0.0
1,ADGRE5,64.93109,1.6830722,0.0,0.0
1,RNF135,41.184395,1.6829998,0.0,0.0
1,NBPF9,20.43007,1.6828029,9.036970936841115e-93,7.466069520046735e-92
1,DCLRE1B,10.72157,1.6826314,8.062340710285632e-27,3.7875477174767905e-26
1,ZBTB18,20.46194,1.6821718,4.702954565263264e-93,3.893764177567418e-92
1,CD40,33.728245,1.6821643,2.228624099411409e-249,3.5633773947495303e-248
1,LINC02099,3.1936119,1.6815461,0.0014050486290647327,0.003644636003231531
1,ATG3,71.78557,1.6811724,0.0,0.0
1,PAG1,49.603817,1.6811417,0.0,0.0
1,CCSER1,6.792286,1.6794634,1.103703613606543e-11,3.9029940029447854e-11
1,BICD2,46.662674,1.6790581,0.0,0.0
1,HPS5,40.74916,1.6789416,0.0,0.0
1,PDE1B,8.644448,1.6758506,5.4065899856243386e-18,2.1995718926640967e-17
1,TLE3,43.945442,1.6743616,0.0,0.0
1,SMCR8,30.310078,1.6714895,8.443848961485896e-202,1.1573128153110624e-200
1,SLC46A1,14.944752,1.6673304,1.685190506974653e-50,1.0228629811285466e-49
1,ATP6V0D1,76.51682,1.6668929,0.0,0.0
1,CHST11,46.876442,1.6668668,0.0,0.0
1,IGKC,22.23238,1.6666461,1.6704075397101026e-109,1.5301507359164238e-108
1,TNK2,30.309597,1.6660254,8.567956303747013e-202,1.1738024179073976e-200
1,MPP7,14.031935,1.6646453,9.940212503850373e-45,5.746766701393631e-44
1,TKT,83.52017,1.663749,0.0,0.0
1,CORO1C,57.768566,1.6621562,0.0,0.0
1,PELI1,32.565216,1.6603204,1.2752464269612685e-232,1.9387132965121457e-231
1,TIAM1,39.764732,1.6600773,0.0,0.0
1,MGAT1,76.2531,1.6584474,0.0,0.0
1,GRINA,65.8719,1.6572568,0.0,0.0
1,GPNMB,14.026069,1.6559638,1.0797296071849913e-44,6.238774157649379e-44
1,PSTPIP1,45.71068,1.6553644,0.0,0.0
1,NABP1,61.952854,1.6529495,0.0,0.0
1,B3GNT8,10.02155,1.6519446,1.2256497714925329e-23,5.490022824278218e-23
1,AC024909.2,2.7298124,1.6487887,0.0063370364115250405,0.015677482139678574
1,PPM1M,38.202137,1.6479092,0.0,0.0
1,NHSL2,20.771347,1.6477796,7.86228777211584e-96,6.599666707571545e-95
1,AC245014.3,11.174081,1.6476185,5.461295709302972e-29,2.6349089367378546e-28
1,THBD,20.450731,1.6469779,5.918044806783241e-93,4.897162271572949e-92
1,SLC19A1,14.389285,1.6464589,6.041755215136542e-47,3.560879642147695e-46
1,GNGT2,19.356691,1.6453501,1.790212426146496e-83,1.3961669304796808e-82
1,PTPN18,66.30809,1.6444296,0.0,0.0
1,RAC2,74.56583,1.6431364,0.0,0.0
1,CREBL2,41.661594,1.6430233,0.0,0.0
1,LRCH4,47.925747,1.6429772,0.0,0.0
1,RNF13,71.423935,1.6429527,0.0,0.0
1,PICALM,70.62278,1.6428932,0.0,0.0
1,ZDHHC7,42.228043,1.6411532,0.0,0.0
1,SPOPL,36.979492,1.6398863,2.4464660752547827e-299,4.514204596292512e-298
1,ARHGAP26,55.442974,1.6398329,0.0,0.0
1,CYTH1,63.742107,1.6392497,0.0,0.0
1,CPNE5,4.535471,1.6386199,5.747504886586099e-06,1.6940504818778997e-05
1,CCL2,10.828124,1.6377811,2.5329240518824878e-27,1.197385801032916e-26
1,PIWIL4,3.7145233,1.6375301,0.00020358704457676852,0.0005580722648988191
1,MOB3A,48.705738,1.6344512,0.0,0.0
1,UNC119,33.18479,1.6343876,1.7841846379529732e-241,2.790677864636262e-240
1,TGFA,6.8264437,1.6322454,8.704557746289104e-12,3.085934460478978e-11
1,ME2,62.789536,1.6308059,0.0,0.0
1,MSRB1,38.63634,1.629962,0.0,0.0
1,CRLF3,44.778652,1.6274769,0.0,0.0
1,MTFR2,3.940233,1.627111,8.14025130867156e-05,0.00022778700515809137
1,PYGL,42.185734,1.624567,0.0,0.0
1,DRAM2,58.948814,1.6243118,0.0,0.0
1,DISC1,23.873219,1.6238098,5.813366070190298e-126,5.831668456065289e-125
1,PPM1F,38.273827,1.622996,0.0,0.0
1,GIT2,54.891502,1.6222287,0.0,0.0
1,RCBTB2,39.34583,1.6197889,0.0,0.0
1,TGFB1,79.38748,1.6187063,0.0,0.0
1,DUSP3,39.907017,1.61808,0.0,0.0
1,IL4R,40.222126,1.6158444,0.0,0.0
1,SNX27,55.249565,1.6150807,0.0,0.0
1,MOB1A,92.21463,1.6146194,0.0,0.0
1,AL031595.2,3.782533,1.6141781,0.00015524056384925953,0.0004283946524008093
1,TMEM131L,28.179743,1.6114683,1.0358185848325718e-174,1.2805618000568117e-173
1,ASMTL-AS1,2.589301,1.6108352,0.00961709389349857,0.023395161036313287
1,TOR2A,36.004776,1.6101555,7.043170876460117e-284,1.246754194036385e-282
1,C9orf106,5.712059,1.6096448,1.1161747453537472e-08,3.626365274324426e-08
1,M6PR,80.50159,1.6093098,0.0,0.0
1,RYR1,8.330245,1.608799,8.06753582156906e-17,3.2102913562152045e-16
1,MAP2K1,46.66607,1.6087704,0.0,0.0
1,C15orf39,26.743185,1.6081756,1.4820596133974214e-157,1.6990362192609088e-156
1,PCK2,21.294912,1.6078289,1.2654453030796071e-100,1.098318393212059e-99
1,DNAJC5,40.91809,1.607601,0.0,0.0
1,FUT4,16.176826,1.6070623,7.348572737059055e-59,4.773483345613371e-58
1,C22orf34,6.081261,1.6064432,1.1924101942439577e-09,3.996727239290533e-09
1,TRIM38,75.29703,1.6062872,0.0,0.0
1,SNX11,25.60739,1.6061566,1.262191604799066e-144,1.3774913816922576e-143
1,DUSP22,49.670372,1.6058211,0.0,0.0
1,AC015917.2,4.154383,1.6023302,3.2616626352377625e-05,9.300508078908897e-05
1,NOTCH2,58.73935,1.6011075,0.0,0.0
1,TPK1,20.666533,1.6009505,6.932105199741408e-95,5.793687815262512e-94
1,SLC12A6,41.15385,1.5997221,0.0,0.0
1,HFE,11.979882,1.5988095,4.529672143588298e-33,2.2992047453093038e-32
1,GRAMD4,25.419315,1.5983847,1.5425710918436335e-142,1.665836643452522e-141
1,IL13RA1,60.29523,1.5979612,0.0,0.0
1,HIF1A-AS2,2.8387737,1.5976899,0.0045287244320268245,0.011343649081826166
1,HGF,24.460938,1.5972754,3.849598783252024e-132,3.980580448108742e-131
1,CSGALNACT2,49.380123,1.5961865,0.0,0.0
1,DBNL,71.946075,1.5958697,0.0,0.0
1,SAP25,22.185135,1.5936104,4.779911769503881e-109,4.365624499410652e-108
1,ARPC3,122.89759,1.593469,0.0,0.0
1,SGMS2,20.332169,1.5930231,6.678412549339334e-92,5.491079985699144e-91
1,SPN,49.31942,1.592291,0.0,0.0
1,OPN3,28.302492,1.5917566,3.220273768996884e-176,4.0068035981637154e-175
1,IKZF1,75.5551,1.5910304,0.0,0.0
1,MFNG,45.315727,1.5909358,0.0,0.0
1,REEP4,28.094595,1.5893439,1.140459928188023e-173,1.4015186878929315e-172
1,FAM129A,45.600773,1.588353,0.0,0.0
1,ICAM5,2.7194188,1.587727,0.00653967633517708,0.016155525257079213
1,HIST1H1B,5.325352,1.5874567,1.0075774210694238e-07,3.177348775940484e-07
1,DEF6,42.691227,1.5865971,0.0,0.0
1,BRI3,97.72578,1.5863994,0.0,0.0
1,PARVB,43.47924,1.5859224,0.0,0.0
1,DAZAP2,84.29542,1.584082,0.0,0.0
1,MIS18BP1,72.54704,1.5832248,0.0,0.0
1,EMB,59.503555,1.5823246,0.0,0.0
1,PIK3R6,15.673111,1.5822023,2.3099154272538115e-55,1.4566936566034185e-54
1,STAP1,3.7795746,1.5792313,0.0001570964380532961,0.000433399947417051
1,MTRNR2L1,16.09563,1.5791796,2.737672975172991e-58,1.7720054166213954e-57
1,MAP2K3,41.2363,1.5775057,0.0,0.0
1,FAM13A-AS1,9.816136,1.5765512,9.595070909022618e-23,4.242558749430072e-22
1,GCLC,33.42921,1.5762253,5.1610507394030636e-245,8.130101692290034e-244
1,ADAMTSL4,27.538479,1.574818,6.0805043741906696e-167,7.272838571714824e-166
1,AP002807.1,10.638142,1.574726,1.9804034972145596e-26,9.241783313968049e-26
1,CCDC18,21.317215,1.5744929,7.859897363717245e-101,6.831435540506437e-100
1,FBN2,9.24004,1.5739717,2.4640660528182492e-20,1.0471179636251014e-19
1,CIDEB,21.4057,1.5725641,1.1822926125220885e-101,1.0310699146506825e-100
1,IKBKE,17.561663,1.5718209,4.843496078035365e-69,3.4177610338776035e-68
1,MAST3,22.699238,1.5716668,4.5583552321652025e-114,4.2939678500618687e-113
1,TMOD2,23.848347,1.5716442,1.0534204430770647e-125,1.05570900240541e-124
1,CTSC,68.90229,1.5714439,0.0,0.0
1,TAGAP,44.25625,1.5680442,0.0,0.0
1,ARHGAP9,51.799816,1.5668712,0.0,0.0
1,GAB2,25.931452,1.564114,2.944013822666463e-148,3.258976906058466e-147
1,DLEU2,33.53984,1.5628461,1.2662511473528065e-246,2.0059469098530595e-245
1,SCN4B,3.5290954,1.5614067,0.0004169827027270732,0.0011203759361197644
1,S1PR4,37.070904,1.5603752,8.271300764057367e-301,1.53262045992039e-299
1,PTGER4,34.845207,1.5589759,5.032573848973304e-266,8.435019520076893e-265
1,SRGAP2B,36.379726,1.558194,8.907187180637763e-290,1.6033455689689654e-288
1,ATG4C,30.517014,1.5579367,1.5498045815881149e-204,2.1479735517104872e-203
1,DUS2,14.636854,1.5576782,1.6345800211861902e-48,9.752888941081386e-48
1,HIVEP3,20.160173,1.5574688,2.191119730728648e-90,1.7854188641610946e-89
1,SLITRK4,7.513811,1.5571959,5.743050339870146e-14,2.1543932134284092e-13
1,EMP3,77.356964,1.5568305,0.0,0.0
1,KDM7A,41.30816,1.5555329,0.0,0.0
1,ARPC4,80.668526,1.5524992,0.0,0.0
1,S100A11,91.94601,1.5523251,0.0,0.0
1,TSPO,83.83525,1.5512747,0.0,0.0
1,NETO2,16.40063,1.5509603,1.8925933482420693e-60,1.2493460618137043e-59
1,AP2S1,89.3753,1.5506109,0.0,0.0
1,ARRDC2,31.551579,1.5505847,1.7058830842502507e-218,2.479949599478951e-217
1,DENND1C,21.816011,1.5496761,1.6351663650626973e-105,1.4593729958126706e-104
1,TMEM206,21.084358,1.5492034,1.1070414105984496e-98,9.485813384354389e-98
1,IGHA1,9.82627,1.5479352,8.67732300850436e-23,3.8406132353407455e-22
1,IRAK1,45.46744,1.5478653,0.0,0.0
1,MAN2A2,23.540432,1.5468518,1.5732046729534164e-122,1.547518676860956e-121
1,ZBTB7B,32.16105,1.5455526,6.188782347223544e-227,9.213713680425726e-226
1,SNTB1,20.985334,1.5454233,8.929411459216326e-98,7.59233342420905e-97
1,RILP,23.925566,1.5447792,1.660159266289174e-126,1.6713531740455865e-125
1,PYCARD-AS1,4.534794,1.544175,5.765974615495799e-06,1.6990082700079e-05
1,PIK3CB,33.094257,1.5436506,3.594580462931324e-240,5.596861378731407e-239
1,ABCA7,16.651764,1.5435598,2.9381387398944503e-62,1.9723947444378317e-61
1,HEXB,60.18892,1.5422236,0.0,0.0
1,PLEKHA2,47.638905,1.5421335,0.0,0.0
1,CAMK1,39.153954,1.5417243,0.0,0.0
1,ARHGEF2,51.531944,1.5415163,0.0,0.0
1,CEP85,8.770699,1.5413467,1.7756102244571642e-18,7.295770434365538e-18
1,GPCPD1,52.813503,1.5410252,0.0,0.0
1,NRIP3,5.8104844,1.5408676,6.229238533602252e-09,2.0431611520539617e-08
1,NFE2L3,15.827449,1.5405186,2.0121693592014907e-56,1.2809499152387328e-55
1,FKBP5,55.068176,1.5403111,0.0,0.0
1,CCDC69,48.409096,1.5401518,0.0,0.0
1,ELL2,21.181637,1.5398988,1.4104833068315781e-99,1.2136360680468705e-98
1,TOR4A,25.707422,1.53869,9.65563147587784e-146,1.0578752287307918e-144
1,TUT7,53.603516,1.5362884,0.0,0.0
1,TRAF3,30.125546,1.5351883,2.2431828252828694e-199,3.059578622286745e-198
1,SIDT2,36.76783,1.5337119,6.03366901799753e-296,1.1041007006468304e-294
1,FRAT2,38.15191,1.5331186,0.0,0.0
1,CD244,15.50283,1.5323813,3.3194428551738254e-54,2.0763817106832104e-53
1,GNG7,15.265472,1.5321485,1.2988339618083063e-52,8.0302182951809e-52
1,NACC2,21.901915,1.5312212,2.4909461049424906e-106,2.232173710219123e-105
1,AC010654.1,3.3080142,1.5303675,0.0009396009047318327,0.0024681493423888115
1,SLC20A1,47.578827,1.52663,0.0,0.0
1,GCSAM,3.598672,1.5250497,0.0003198464815828909,0.0008653269613342444
1,DDX60L,41.99111,1.5228878,0.0,0.0
1,SLC2A3,36.627026,1.5228467,1.0625030740700325e-293,1.9316930888401468e-292
1,ASB2,12.165661,1.5228072,4.735981316186802e-34,2.437957603920478e-33
1,SYNJ1,21.17279,1.5227216,1.7017960295960749e-99,1.46388560775747e-98
1,FABP5,38.267048,1.5220569,0.0,0.0
1,JARID2,47.73912,1.5217913,0.0,0.0
1,NAMPT,48.878963,1.52175,0.0,0.0
1,MSN,85.1114,1.5199065,0.0,0.0
1,SEMA6B,18.210531,1.519852,4.258019752497427e-74,3.1200240988724035e-73
1,PPP1R18,66.48824,1.5194414,0.0,0.0
1,SLC17A9,7.4345374,1.5186943,1.0493439320131514e-13,3.9032462277928117e-13
1,SLC36A4,33.90222,1.5178733,6.177762597816617e-252,9.944588990141572e-251
1,MCUB,51.885677,1.5178535,0.0,0.0
1,ITSN2,65.52271,1.516819,0.0,0.0
1,LRRK1,30.004183,1.5136757,8.654701686942981e-198,1.1742355796239979e-196
1,TBC1D22A,44.476345,1.5134152,0.0,0.0
1,IGLC2,10.074241,1.5079308,7.181315381435457e-24,3.2302854678216516e-23
1,NAGPA,30.916037,1.5060204,7.272613084955315e-210,1.0353507720714598e-208
1,SNX29,41.918537,1.5058162,0.0,0.0
1,LINC02019,3.2876322,1.5057983,0.001010336906231874,0.0026485566379057276
1,PFKFB3,27.617117,1.5034755,6.932294758070446e-168,8.330343471527345e-167
1,GPRIN3,42.355377,1.50322,0.0,0.0
1,SCLT1,37.507812,1.5022838,6.87026745765115e-308,1.2931751298028264e-306
1,TNFRSF9,8.051751,1.5021027,8.161755123183721e-16,3.1882629624903847e-15
1,SERTAD2,33.28383,1.5017025,6.617755841850613e-243,1.038248628447091e-241
1,KCNK6,50.549114,1.5007973,0.0,0.0
1,CPM,36.622463,1.5007498,1.2558287490178434e-293,2.2804876113921552e-292
2,TRAV4,3.9748988,9.116691,7.040918648068224e-05,0.0001637424173482653
2,TRGV10,8.499471,9.067589,1.904577234382844e-17,5.532923073885756e-17
2,CD3G,112.604576,8.713368,0.0,0.0
2,KLRC3,13.204253,8.685366,8.291796608451766e-40,2.971988377332932e-39
2,CD3E,167.33183,8.603186,0.0,0.0
2,TRGV2,6.8513064,8.540187,7.317866986057105e-12,1.9732447647711303e-11
2,GZMA,153.07446,8.496018,0.0,0.0
2,CD3D,122.202415,8.395542,0.0,0.0
2,LINC02446,7.122473,8.351099,1.0600777884894575e-12,2.890500591869754e-12
2,XCL2,85.07052,8.2853565,0.0,0.0
2,CD2,152.15587,8.24469,0.0,0.0
2,IL2,5.5226493,8.211558,3.339262535129008e-08,8.440875699127526e-08
2,TRGV9,14.378672,8.207262,7.043315032680313e-47,2.6595936189987833e-46
2,THEMIS,44.947006,8.200563,0.0,0.0
2,CD40LG,33.02152,8.197519,3.98915793092493e-239,3.885688754210426e-238
2,KLRB1,109.5312,8.169454,0.0,0.0
2,CCL5,153.13972,8.131834,0.0,0.0
2,CD247,144.54298,8.122389,0.0,0.0
2,LIM2,7.9872437,8.119837,1.3798921029789092e-15,3.916283308243264e-15
2,TRAV17,3.9644017,8.116787,7.358026441877481e-05,0.00017103980388019502
2,KIR3DL2,6.030543,8.09531,1.634099206877725e-09,4.228845699319253e-09
2,SH2D1A,59.665615,8.088998,0.0,0.0
2,GZMK,84.75279,8.081545,0.0,0.0
2,TRAT1,47.17742,8.077574,0.0,0.0
2,IFNG,8.693652,8.056417,3.509714519599486e-18,1.0276122267645066e-17
2,TRBC1,113.598175,8.047622,0.0,0.0
2,GZMH,70.66533,8.025983,0.0,0.0
2,CXCR6,56.713593,8.010586,0.0,0.0
2,PRF1,118.965866,7.9961677,0.0,0.0
2,TRGC2,60.687344,7.989231,0.0,0.0
2,TRGV4,3.584977,7.9830546,0.00033710798895050505,0.0007667792621793686
2,TRGC1,50.042885,7.9801064,0.0,0.0
2,CD8A,68.81569,7.9784393,0.0,0.0
2,LINC00861,80.1426,7.9297943,0.0,0.0
2,ICOS,21.482304,7.902428,2.279180329832287e-102,1.2214778299657795e-101
2,UBASH3A,27.096935,7.8975763,1.0700148455751051e-161,7.746767119276125e-161
2,SIRPG,25.167679,7.893856,9.05187513016086e-140,5.907227716382637e-139
2,KIR3DL1,7.7683897,7.8728986,7.949025342776125e-15,2.2316334478079907e-14
2,XCL1,60.34343,7.8479347,0.0,0.0
2,EOMES,59.721798,7.8188963,0.0,0.0
2,TRBV28,6.7780957,7.805232,1.2177024209821193e-11,3.271232396809592e-11
2,CD7,154.98952,7.8025856,0.0,0.0
2,GZMM,122.92022,7.7897224,0.0,0.0
2,LINC00402,5.702269,7.7887545,1.1822295438085453e-08,3.0132911521104e-08
2,FASLG,53.17077,7.7703977,0.0,0.0
2,NKG7,146.66437,7.7509604,0.0,0.0
2,TRAC,133.31241,7.693544,0.0,0.0
2,BCL11B,72.767746,7.646421,0.0,0.0
2,LINC01871,78.916405,7.627366,0.0,0.0
2,KLRC4-KLRK1,2.4414492,7.6184707,0.014628451724959003,0.030754476393667636
2,CTSW,132.05931,7.612318,0.0,0.0
2,ITK,73.57253,7.60526,0.0,0.0
2,KLRC4,32.679447,7.5954103,3.059674535407714e-234,2.9268140162750295e-233
2,KIR2DL3,19.967823,7.5874844,1.0492715825070989e-88,5.209612337437254e-88
2,LCK,129.01688,7.5793567,0.0,0.0
2,SLC4A10,7.9391413,7.5529037,2.0358604661008213e-15,5.766871911445155e-15
2,AC006369.1,11.79783,7.547789,4.0051013762857257e-32,1.3521099752797697e-31
2,KIR2DL1,17.03513,7.5346017,4.507374787494428e-65,1.9345845376626895e-64
2,KLRF2,2.5399306,7.5240684,0.011087444520131242,0.023485686230121053
2,LINC02195,3.431545,7.503693,0.0006001536441816826,0.0013529503049396982
2,KLRC1,71.19393,7.4908605,0.0,0.0
2,TIGIT,51.502552,7.486863,0.0,0.0
2,LINC02084,25.99491,7.427956,5.654086169288853e-149,3.858486227295442e-148
2,LINC01934,34.81535,7.3778553,1.4248041628764096e-265,1.5248068650284345e-264
2,KIR2DL4,22.429455,7.3563666,2.03108531626046e-111,1.1478287414456398e-110
2,IL2RB,113.47218,7.354841,0.0,0.0
2,AC005842.1,4.8474193,7.348546,1.2507787606049981e-06,3.0549880791859238e-06
2,CD96,124.18484,7.2541723,0.0,0.0
2,CPA5,3.581352,7.245578,0.0003418207225360097,0.0007773271335016152
2,NCR1,35.9127,7.2364945,1.9352539480979915e-282,2.17897609376556e-281
2,CD5,26.926435,7.227509,1.0771272266019381e-159,7.722285129340317e-159
2,TBX21,26.24637,7.224971,7.863372164168789e-152,5.4345537450349904e-151
2,PYHIN1,93.31914,7.211604,0.0,0.0
2,SOST,3.538392,7.198554,0.0004025716655257082,0.0009133961581561492
2,TMIGD2,61.55445,7.1965094,0.0,0.0
2,TRAV13-2,2.4789865,7.182462,0.013175629598130255,0.027777570531337777
2,TRDC,75.69748,7.1334753,0.0,0.0
2,ZAP70,81.427734,7.132832,0.0,0.0
2,IL18RAP,23.643505,7.132364,1.3766243475860597e-123,8.316522421978566e-123
2,PDCD1,18.870337,7.128363,2.0002245267708462e-79,9.38387059030154e-79
2,KLRD1,100.29175,7.124322,0.0,0.0
2,ZNF80,8.396067,7.119816,4.616843595918471e-17,1.3353245837455753e-16
2,AL359962.2,6.964471,7.10807,3.296401963149159e-12,8.92761088985726e-12
2,KLRC2,40.44962,7.0701947,0.0,0.0
2,LINC02273,13.561148,6.9939284,6.806239679776525e-42,2.4786196510292573e-41
2,CCR9,5.7289314,6.9598927,1.0106536184222908e-08,2.5787394852289062e-08
2,SCML4,54.602688,6.934709,0.0,0.0
2,CST7,138.38245,6.928327,0.0,0.0
2,FCRL6,28.558863,6.887002,2.1802569612565802e-179,1.683367521897505e-178
2,AP005482.1,9.899551,6.876187,4.1814524215264144e-23,1.2919739077488444e-22
2,GATA3,55.16462,6.851826,0.0,0.0
2,ZNF831,24.28308,6.8284483,2.958965160873598e-130,1.8520197696865188e-129
2,CCL4,123.740005,6.7898035,0.0,0.0
2,TRBC2,150.8135,6.7834015,0.0,0.0
2,SLA2,53.436195,6.760913,0.0,0.0
2,SH2D1B,37.123314,6.7590647,1.181995483117386e-301,1.4154178379197616e-300
2,CD6,52.055374,6.7325535,0.0,0.0
2,FGFBP2,25.981592,6.694313,7.99617232374175e-149,5.4543742663846e-148
2,TXK,89.5653,6.6158967,0.0,0.0
2,ZNF683,24.551323,6.6061106,4.186610798029946e-133,2.6504625140252258e-132
2,SAMD3,106.54223,6.6002636,0.0,0.0
2,TRGV8,3.614393,6.5820723,0.0003010522242216554,0.0006857769084624634
2,TRGV3,3.8867986,6.5594177,0.00010157490607656123,0.00023517683887244574
2,LGALS9B,3.3213522,6.556498,0.0008958239181254495,0.002004496979615075
2,COX6A2,13.99084,6.516565,1.7730459732319203e-44,6.596789682758994e-44
2,LAIR2,15.826805,6.462833,2.0328340378630604e-56,8.216137257517145e-56
2,GPR174,67.39406,6.4460974,0.0,0.0
2,RGL4,50.220703,6.4280615,0.0,0.0
2,MATK,91.12031,6.416715,0.0,0.0
2,STAT4,81.96904,6.412509,0.0,0.0
2,AC243829.4,10.781644,6.3328547,4.20304893429195e-27,1.3535858436194782e-26
2,GPR171,72.54122,6.278728,0.0,0.0
2,CTLA4,13.791237,6.273963,2.877828880670913e-43,1.060890472505915e-42
2,GFI1,25.353945,6.270227,8.129838084448121e-142,5.352980521432426e-141
2,MYBL1,75.10916,6.265685,0.0,0.0
2,ITGAD,17.340765,6.2355585,2.3163121726142995e-67,1.0088819097941115e-66
2,GZMB,84.447075,6.22976,0.0,0.0
2,KLRK1,15.381117,6.2296906,2.1913423663114264e-53,8.658631873636828e-53
2,KRT86,37.355236,6.227168,2.084873504524026e-305,2.5319129824881756e-304
2,APOBEC3H,27.996172,6.215013,1.8088764704374383e-172,1.363251525769566e-171
2,CD69,120.985794,6.1572547,0.0,0.0
2,AL356272.1,2.7139623,6.0617423,0.006648372772194228,0.01426160863896495
2,NMUR1,36.11464,6.0494165,1.336247510144007e-285,1.5250886926152446e-284
2,OR4D1,3.2217693,6.035949,0.0012740163620455316,0.0028309744555137855
2,KIR3DX1,9.872449,5.993718,5.48096525902143e-23,1.6916336455020506e-22
2,IFNL1,5.721799,5.9864383,1.0540216344617464e-08,2.688507605538433e-08
2,LINC002481,20.904835,5.963072,4.838670119703678e-97,2.5168087746496395e-96
2,AC073115.1,2.495561,5.96136,0.012575820072200332,0.02654380051707271
2,GRAP2,56.43746,5.9608016,0.0,0.0
2,NCR3,50.392628,5.949116,0.0,0.0
2,KLRF1,37.820293,5.9305477,0.0,0.0
2,SLFN12L,70.221466,5.917659,0.0,0.0
2,C15orf53,12.024661,5.917287,2.6366771322533796e-33,8.979810482265037e-33
2,SPINK2,21.553951,5.9144034,4.861553916157409e-103,2.6149677495070842e-102
2,IL7R,81.371956,5.900233,0.0,0.0
2,PTGDR,70.28748,5.8978186,0.0,0.0
2,AL683807.1,2.3652282,5.878708,0.018018970329284838,0.03761396163495924
2,TRGV7,4.488006,5.811768,7.189283013678011e-06,1.720207247067789e-05
2,Z82206.1,13.402105,5.770661,5.877200588572931e-41,2.123776903905338e-40
2,SLAMF6,39.313988,5.7528777,0.0,0.0
2,CD160,34.61877,5.751625,1.3186138332082388e-262,1.3961766955452907e-261
2,S1PR5,18.172972,5.734707,8.44948016208834e-74,3.8347736177630584e-73
2,KRT81,39.548897,5.7111173,0.0,0.0
2,AC004585.1,11.248037,5.7029796,2.3680301343127077e-29,7.781066060089609e-29
2,HEMGN,2.497933,5.7025948,0.01249198293005253,0.026368646115225623
2,IL23R,4.9586196,5.6999426,7.099577953343209e-07,1.7456376754493125e-06
2,IKZF3,117.913956,5.6909313,0.0,0.0
2,FOXP3,6.3558564,5.6846504,2.0726860524390182e-10,5.451958112572998e-10
2,AC010616.1,5.5205054,5.647272,3.380263249015084e-08,8.543817160394929e-08
2,NLRC3,45.909466,5.6460767,0.0,0.0
2,CXCR3,50.81375,5.599176,0.0,0.0
2,AC139720.1,2.4314997,5.595859,0.015036459460437987,0.031575747556988505
2,CD8B,44.90683,5.593731,0.0,0.0
2,SLAMF1,27.684772,5.5886593,1.0650372502881447e-168,7.907063726796946e-168
2,LINC00426,21.316992,5.5638466,7.897405824144483e-101,4.1874270339137674e-100
2,CD27,71.09426,5.5586677,0.0,0.0
2,SH2D2A,63.349228,5.4875774,0.0,0.0
2,CCR4,7.8077087,5.4767,5.823694754315516e-15,1.6388321385015902e-14
2,GNLY,86.73638,5.4589076,0.0,0.0
2,LGALS9C,2.6687238,5.447179,0.0076140009308031335,0.016281024406277322
2,GPA33,6.47348,5.416948,9.57709883508985e-11,2.535543889807453e-10
2,KLRG1,51.524967,5.404752,0.0,0.0
2,SIT1,47.80589,5.375271,0.0,0.0
2,AC246785.3,22.915956,5.345663,3.221432393281974e-116,1.8687089147741363e-115
2,AC093010.2,13.982431,5.311622,1.995519710565635e-44,7.417381562772349e-44
2,TRG-AS1,78.89117,5.293681,0.0,0.0
2,LINC00944,8.198839,5.2935195,2.4271959016292744e-16,6.952487834259128e-16
2,ACAP1,160.95512,5.2599945,0.0,0.0
2,HCST,178.61075,5.2450094,0.0,0.0
2,JAKMIP1,10.840176,5.2221293,2.220445060675026e-27,7.180840796304597e-27
2,AC245014.1,4.325317,5.2107325,1.5231280015018346e-05,3.6142278036404766e-05
2,LTA,10.244739,5.186997,1.2496168484024376e-24,3.922200460401557e-24
2,PPIAL4G,15.331058,5.1815095,4.742033854355976e-53,1.869890792760655e-52
2,TKTL1,3.6435816,5.1740675,0.00026887043986773316,0.0006135995484746385
2,OR2A25,11.846022,5.1136117,2.2565075015937386e-32,7.631237263569065e-32
2,AL355581.1,4.7449474,5.1099896,2.0856042425452545e-06,5.062815765342929e-06
2,ADGRG3,22.390566,5.038919,4.863764022414547e-111,2.743145157678219e-110
2,TBC1D10C,122.11655,5.0333343,0.0,0.0
2,AC133644.2,5.844759,5.028523,5.073016041037161e-09,1.300420558848267e-08
2,LINC00299,5.9809747,5.016019,2.218060674515583e-09,5.7209047206253125e-09
2,SKAP1-AS1,6.49581,4.992406,8.258792616770933e-11,2.1897100746893646e-10
2,SPOCK2,92.48315,4.9910917,0.0,0.0
2,PVRIG,3.2204323,4.9889727,0.0012799743340833278,0.0028436002547091296
2,IL2RG,132.588,4.965287,0.0,0.0
2,TNFRSF18,58.52998,4.956344,0.0,0.0
2,KCNQ5,4.795778,4.9507875,1.6204488647307376e-06,3.944491853369529e-06
2,CD52,155.94466,4.9200726,0.0,0.0
2,AL031056.1,2.3057253,4.9083204,0.021125983399091507,0.04388632671835739
2,AC002306.1,2.3979743,4.8993816,0.016486024008198378,0.034530600706247444
2,PTPRC,184.07063,4.894674,0.0,0.0
2,CD28,24.569729,4.890998,2.6619727408497146e-133,1.686625492034484e-132
2,CCL4L2,49.36975,4.824519,0.0,0.0
2,AC243960.1,64.00947,4.8223577,0.0,0.0
2,LINC00243,12.364884,4.8178215,4.0479407173452895e-35,1.4008476514499031e-34
2,AC026471.5,4.1535163,4.8170457,3.274049563653713e-05,7.69279685752207e-05
2,PGLYRP2,7.9870505,4.8017616,1.3820530208426432e-15,3.922056075216562e-15
2,AC022726.2,2.381072,4.7853227,0.01726233291040278,0.03608813063188709
2,AL592494.3,5.852006,4.7809615,4.8567973259244045e-09,1.2452014512844925e-08
2,TESPA1,37.942684,4.772593,0.0,0.0
2,RHOH,87.47897,4.77247,0.0,0.0
2,LTB,112.35633,4.7708364,0.0,0.0
2,AC015849.1,2.3709867,4.7580366,0.017740671102103926,0.03704553217706412
2,PLCXD2,9.290883,4.7525163,1.5301374657370002e-20,4.6003850830285475e-20
2,TTC16,8.838394,4.7517157,9.710433685055555e-19,2.8651109680573944e-18
2,ACSL6,10.915812,4.742975,9.685990296175954e-28,3.1422788084802163e-27
2,LY9,30.144426,4.7342224,1.2691266970081748e-199,1.062717388903594e-198
2,SIDT1-AS1,9.48879,4.723368,2.3373286719546e-21,7.099038646236323e-21
2,IL32,139.81369,4.7157063,0.0,0.0
2,PTPN22,87.8937,4.6927123,0.0,0.0
2,PPP2R2B,23.745493,4.6826043,1.2230800180606594e-124,7.423749826826551e-124
2,LAX1,25.68069,4.666245,1.9210364239878577e-145,1.290727668612885e-144
2,AC109446.3,6.646144,4.660325,3.008708410236694e-11,8.030931067897532e-11
2,ZBP1,32.30712,4.644325,5.555944479733739e-229,5.217793255397468e-228
2,AP003774.4,10.384872,4.6234245,2.905568787761452e-25,9.181312189279541e-25
2,CAMK4,45.73324,4.6173873,0.0,0.0
2,PTPN7,96.114105,4.614189,0.0,0.0
2,DTHD1,36.090965,4.6052155,3.143180681257581e-285,3.580769823650131e-284
2,CARMIL2,14.917947,4.5938683,2.519066228730396e-50,9.730881131279883e-50
2,IKZF1,157.60667,4.589006,0.0,0.0
2,CRTAM,27.204842,4.5858335,5.692473472590661e-163,4.136780569418282e-162
2,TENM1,3.662447,4.574087,0.0002498175694034471,0.0005710036693944933
2,RASGRP1,83.29438,4.5727906,0.0,0.0
2,TRAF3IP3,137.30507,4.5391254,0.0,0.0
2,LAT,89.00971,4.5380673,0.0,0.0
2,SKAP1,115.28582,4.515088,0.0,0.0
2,CCL3,48.969593,4.5112824,0.0,0.0
2,AC020659.1,6.051205,4.5085416,1.4376621083199758e-09,3.725481913460677e-09
2,RUNX3,115.80133,4.4999495,0.0,0.0
2,CYTIP,133.69086,4.492376,0.0,0.0
2,KCNA3,6.911798,4.4724984,4.7854835026241836e-12,1.2932144672169768e-11
2,AC006033.2,10.739224,4.451893,6.66011786496365e-27,2.1397532521042776e-26
2,IFNG-AS1,8.610745,4.448727,7.258726597480617e-18,2.117265599738896e-17
2,AL162457.1,2.3834443,4.4198055,0.017151476443752936,0.03587093533949601
2,GPR68,18.001314,4.413323,1.902525202809022e-72,8.551679238397097e-72
2,IL9R,3.0708842,4.411557,0.002134258322777625,0.00469424437674979
2,RAC2,152.99307,4.403721,0.0,0.0
2,CORO1A,167.16568,4.3993893,0.0,0.0
2,HOPX,103.58959,4.398634,0.0,0.0
2,OXNAD1,84.67349,4.3553286,0.0,0.0
2,RASAL3,87.006584,4.348791,0.0,0.0
2,TNFSF14,50.751453,4.326663,0.0,0.0
2,AC020571.1,8.742907,4.317564,2.271891880823629e-18,6.668948842303724e-18
2,GBP5,58.783684,4.293058,0.0,0.0
2,CYP4F22,2.265236,4.285745,0.023498212996713168,0.04863777585651044
2,AC090948.1,7.003029,4.240061,2.504874558076067e-12,6.795239003463268e-12
2,LINC00996,31.330816,4.233158,1.7760334067410935e-215,1.5823541222873156e-214
2,LINC02132,4.177441,4.232327,2.9480684683560572e-05,6.933187654198802e-05
2,GPR18,24.35839,4.1983547,4.724196339829521e-131,2.9664920007133487e-130
2,AC090948.3,3.378024,4.1848025,0.0007300870426488596,0.001639645416883324
2,CLNK,24.802471,4.163673,8.431252147136638e-136,5.402958949026582e-135
2,CD226,38.77927,4.1632056,0.0,0.0
2,ADTRP,5.7366176,4.154223,9.658592979893756e-09,2.465258346928535e-08
2,CARD11,31.413782,4.136882,1.3119344183096277e-216,1.1739420111955897e-215
2,RAB37,31.58316,4.1032553,6.288255140117804e-219,5.669518716908429e-218
2,P2RY10,30.27822,4.0893393,2.2189405998671226e-201,1.8712359377924465e-200
2,PLCH2,6.577041,4.0891733,4.7990266467154974e-11,1.277549668992557e-10
2,ITGAL,93.27087,4.075584,0.0,0.0
2,CCR7,27.255072,4.0424075,1.4470617800535074e-163,1.0530807260681364e-162
2,AC021188.1,3.6819384,4.0370274,0.00023146741447511424,0.0005296093706827329
2,IPCEF1,52.57298,4.0213294,0.0,0.0
2,TMC8,73.39219,4.0198917,0.0,0.0
2,BATF,40.223816,3.998061,0.0,0.0
2,FCRL3,11.212487,3.9884942,3.541003102025573e-29,1.1620490855203268e-28
2,CD8B2,2.7250516,3.9882295,0.006429143317098033,0.01380570641989501
2,IL12RB1,27.885553,3.9769251,3.9942000757265663e-171,2.9869039859782476e-170
2,AL365361.1,16.887833,3.972297,5.529680461548797e-64,2.3560219744291244e-63
2,SYTL3,72.26132,3.9646273,0.0,0.0
2,APOBEC3G,119.192116,3.931622,0.0,0.0
2,AL355816.1,2.5721312,3.9300196,0.010107462081809397,0.02145397504034634
2,AGAP2,22.44614,3.9165902,1.3957586334958708e-111,7.895079078597525e-111
2,CLIC3,56.894238,3.9154181,0.0,0.0
2,SPNS3,17.197723,3.8963366,2.7617005919041025e-66,1.195125737804258e-65
2,JAKMIP2,24.325945,3.8933723,1.0421230370746233e-130,6.537222794167928e-130
2,CD38,48.582443,3.8927333,0.0,0.0
2,EMB,107.18173,3.8895705,0.0,0.0
2,TNIP3,10.382749,3.8594265,2.9709641492304636e-25,9.386035874503316e-25
2,LINC00239,6.0979853,3.8466883,1.0741357060252283e-09,2.787665821321835e-09
2,AC004687.1,99.367256,3.8420093,0.0,0.0
2,ATP1A3,3.2564833,3.8407004,0.0011280159315525862,0.0025116049561627967
2,CD48,134.88364,3.8336763,0.0,0.0
2,IL12RB2,3.341385,3.8299534,0.0008336157750253772,0.001867267919894864
2,ARHGAP9,78.72377,3.826528,0.0,0.0
2,ITGB7,62.443573,3.8174064,0.0,0.0
2,PARP15,25.559736,3.8116722,4.2796765110080686e-144,2.854995940550969e-143
2,PBX4,19.295637,3.806701,5.844115149245614e-83,2.805592838113299e-82
2,ETS1,148.9465,3.799009,0.0,0.0
2,SYNGR3,4.269802,3.7951894,1.9564630827100725e-05,4.6236736884324985e-05
2,BIN2,105.98717,3.7925365,0.0,0.0
2,AC103702.2,5.4547534,3.7807963,4.9040835679176454e-08,1.2363010671584882e-07
2,SP140,47.75081,3.7797883,0.0,0.0
2,AC012645.3,7.165339,3.7658925,7.759432120584142e-13,2.1206186979476e-12
2,SLAMF7,38.54231,3.7644029,0.0,0.0
2,SPN,91.30586,3.763456,0.0,0.0
2,BICDL1,21.813389,3.7195396,1.7316314642710746e-105,9.464108517458198e-105
2,LINC00649,31.904694,3.719444,2.2984343655281777e-223,2.112959873152272e-222
2,MAL,16.841196,3.713359,1.217515561650389e-63,5.178881566739413e-63
2,COLGALT2,9.229567,3.7131207,2.7172866195459516e-20,8.148168967721619e-20
2,CCL3L1,19.264782,3.709352,1.0610958506046064e-82,5.0821771973712334e-82
2,DENND2D,81.89441,3.7081738,0.0,0.0
2,AC022706.1,18.075111,3.7030995,5.005368109755006e-73,2.260387378261221e-72
2,USP30-AS1,12.232078,3.690191,2.0951110162782154e-34,7.2060534364690415e-34
2,TNF,22.106491,3.6884496,2.737426175616587e-108,1.517862052561569e-107
2,TRAF1,32.009464,3.688156,8.05247728924155e-225,7.442521398881237e-224
2,MAP4K1,24.643047,3.6845994,4.369280131999888e-134,2.7752022408491685e-133
2,TAGAP,67.993515,3.6794686,0.0,0.0
2,CPNE7,12.340382,3.668049,5.489530205311157e-35,1.897181147887196e-34
2,FO393401.1,20.957916,3.665397,1.588948229647447e-97,8.287145280748168e-97
2,CYFIP2,70.43146,3.66403,0.0,0.0
2,GIMAP7,143.07336,3.6608763,0.0,0.0
2,KIF21B,20.057375,3.6573274,1.7403472699972827e-89,8.686839966699939e-89
2,TNFSF8,17.347235,3.6518812,2.0697358389522807e-67,9.016113541155482e-67
2,LINC01588,25.616285,3.6515322,1.0046676935545004e-144,6.729792892216937e-144
2,C16orf54,48.24033,3.6483753,0.0,0.0
2,PSTPIP1,68.84288,3.6390307,0.0,0.0
2,PRKCQ,26.179678,3.6181896,4.5284050771660196e-151,3.1178306019151294e-150
2,LINC01943,11.134081,3.606794,8.562368157839963e-29,2.80009642000169e-28
2,STK17A,134.96222,3.6051373,0.0,0.0
2,LINC02384,7.250033,3.5983648,4.1667106661340045e-13,1.1433945357205334e-12
2,AC114760.2,53.54039,3.5930305,0.0,0.0
2,ITPRIPL1,14.7872305,3.592228,1.7709259092707505e-49,6.804327085757221e-49
2,STK17B,139.25583,3.5920978,0.0,0.0
2,SEPT6,131.8548,3.581427,0.0,0.0
2,ARHGAP15,73.76074,3.5749917,0.0,0.0
2,TNIK,31.342669,3.5720706,1.224533126977478e-215,1.0916251905247451e-214
2,OASL,24.556025,3.5709822,3.7293219491180815e-133,2.3614454718580728e-132
2,FGD3,51.758297,3.5690384,0.0,0.0
2,AC127521.1,7.3307405,3.556333,2.288844651303238e-13,6.30380695400367e-13
2,CAPN12,33.151955,3.5400367,5.307406893401573e-241,5.20418860578561e-240
2,TMEM156,31.82657,3.5314186,2.7774374094953596e-222,2.5374595925295027e-221
2,S1PR4,63.4714,3.5296726,0.0,0.0
2,DUSP2,53.289764,3.5216625,0.0,0.0
2,CXCR4,106.67239,3.5178874,0.0,0.0
2,AC103724.4,2.4631479,3.4921777,0.013772310650932346,0.029005847038389505
2,FYB1,131.40617,3.4886916,0.0,0.0
2,HASPIN,2.5771713,3.4845252,0.009961259066065754,0.02114655085891162
2,RASSF5,72.21502,3.4697356,0.0,0.0
2,MEI1,22.975243,3.4695394,8.244046415829827e-117,4.797566231859395e-116
2,LCP1,145.34523,3.4683897,0.0,0.0
2,DRAXIN,12.955669,3.448103,2.1822467329146423e-38,7.743593544683451e-38
2,UTS2,6.6714997,3.4378047,2.532028158425042e-11,6.769085225537823e-11
2,ABCD2,9.607595,3.4371126,7.426287129244677e-22,2.2646695244555028e-21
2,CLEC2D,87.11615,3.4359155,0.0,0.0
2,TSPOAP1-AS1,17.775667,3.4332697,1.090906003752038e-70,4.8478262915836436e-70
2,ARHGDIB,152.65489,3.4320374,0.0,0.0
2,FCMR,46.68813,3.4166124,0.0,0.0
2,CD70,5.337427,3.415891,9.427475400128326e-08,2.3629468996169508e-07
2,STYK1,9.938973,3.414452,2.817140626835423e-23,8.721763533366965e-23
2,PATL2,15.556467,3.414339,1.4382138658717134e-54,5.733377525151173e-54
2,PRKCH,86.121506,3.410159,0.0,0.0
2,MMP25-AS1,53.866173,3.408444,0.0,0.0
2,GOLGA8M,5.07845,3.4009986,3.805260545891228e-07,9.404220989273963e-07
2,CCDC88C,68.99265,3.3958008,0.0,0.0
2,DENND1C,26.301918,3.395651,1.8231976624112878e-152,1.2642936987243812e-151
2,MLC1,4.602246,3.3923562,4.179591295286511e-06,1.0070052086328359e-05
2,RGS1,58.893906,3.380113,0.0,0.0
2,VSIG1,3.0397105,3.3774471,0.002368055761804911,0.005194059997878389
2,CRYBG2,3.0165327,3.3752563,0.0025568373824937656,0.005597009206086466
2,CCR5,24.243273,3.3704495,7.785914743927683e-130,4.8653309136791934e-129
2,AC243829.1,10.138691,3.3610466,3.720521784074041e-24,1.1629264439762985e-23
2,GCSAM,6.047346,3.3589928,1.4725133683699108e-09,3.814514347180356e-09
2,GPR55,2.4568443,3.3475904,0.014016343825498738,0.029499703004064654
2,AL121985.1,2.556215,3.3464575,0.010581769785547049,0.02242838833917862
2,CD244,18.594862,3.3271275,3.536183420809601e-77,1.6361200746551248e-76
2,SLA,99.34474,3.3242843,0.0,0.0
2,IL16,74.21717,3.3048675,0.0,0.0
2,SASH3,58.31649,3.3025105,0.0,0.0
2,SRGN,140.7344,3.2971315,0.0,0.0
2,MIR3142HG,5.173892,3.2933686,2.292673493820917e-07,5.697946258726526e-07
2,TSPAN32,25.576324,3.2922387,2.7985335879819386e-144,1.869742274184128e-143
2,DEF6,53.435806,3.2919068,0.0,0.0
2,GTSF1,5.3607597,3.2885323,8.28726592105245e-08,2.0798581227930821e-07
2,SOCS1,87.46321,3.2832646,0.0,0.0
2,AC008549.2,6.9205775,3.2761145,4.498061868128139e-12,1.2157551216286522e-11
2,SEPT1,81.30251,3.2753088,0.0,0.0
2,NELL2,9.685871,3.272009,3.4624352834374537e-22,1.0602743218587276e-21
2,ARAP2,73.08703,3.2709212,0.0,0.0
2,SLC14A1,7.327815,3.2686398,2.3393551789483277e-13,6.441772141460795e-13
2,RAB33A,17.65451,3.2644894,9.394330258977028e-70,4.1508300974153397e-69
2,ARHGAP30,95.53165,3.2462912,0.0,0.0
2,B4GALNT1,8.614017,3.2268739,7.054451667382526e-18,2.0582643036325093e-17
2,ARL4C,117.509125,3.2201645,0.0,0.0
2,RINL,35.998665,3.2144642,8.77739164392425e-284,9.948032399661414e-283
2,TBC1D31,26.354996,3.1931155,4.4985482175852545e-153,3.1307505012588932e-152
2,CHRM3-AS2,16.719479,3.188264,9.454151700173732e-63,3.997803620156923e-62
2,TOX,26.695595,3.1870272,5.295131021692042e-157,3.750151569372959e-156
2,LCP2,81.00927,3.1741397,0.0,0.0
2,CCDC141,16.200813,3.173596,4.976467888576884e-59,2.0499492607256533e-58
2,LINC00528,8.783943,3.1635387,1.5784086283529183e-18,4.643429990148833e-18
2,EVL,159.4479,3.1580067,0.0,0.0
2,PTGER4,39.689312,3.1571636,0.0,0.0
2,CD53,123.474304,3.1569612,0.0,0.0
2,PARP8,74.49593,3.144598,0.0,0.0
2,MCTP2,42.929684,3.1440077,0.0,0.0
2,AL158071.4,2.9297125,3.1399114,0.0033927565549221246,0.007389705908596061
2,AC008676.1,2.2702634,3.13117,0.02319160992446203,0.04802888554913884
2,GPR65,60.02305,3.1281314,0.0,0.0
2,ICAM3,111.85504,3.1201587,0.0,0.0
2,DOK2,76.886986,3.1188385,0.0,0.0
2,B3GAT1,3.4653692,3.1134262,0.0005295041284763615,0.0011960377182503037
2,RHOF,66.5679,3.1117506,0.0,0.0
2,SELPLG,57.530354,3.1052818,0.0,0.0
2,ANXA2R,44.810547,3.0958,0.0,0.0
2,RNF157,21.306145,3.094904,9.956421598490657e-101,5.276459573809169e-100
2,AC020656.2,4.294914,3.094791,1.7476136904433587e-05,4.139599657459602e-05
2,PIM2,22.66658,3.0877,9.575011282239828e-114,5.476218980388349e-113
2,DOCK8,103.440186,3.0827277,0.0,0.0
2,CD37,125.187805,3.0802994,0.0,0.0
2,ATP2A3,34.102123,3.069727,6.86082422358489e-255,7.030752462809622e-254
2,AC111182.1,6.3559613,3.065006,2.0712689557584022e-10,5.448694324250994e-10
2,CCR6,18.942104,3.0628662,5.13047282831007e-80,2.413141435163283e-79
2,IL21R,9.555725,3.061977,1.2272173213021724e-21,3.7354348778300414e-21
2,AKAP5,17.723991,3.0593872,2.73777818752434e-70,1.2140101928524357e-69
2,RAB39B,9.212484,3.0531392,3.186614049738548e-20,9.549954468657936e-20
2,SIDT1,15.200071,3.051451,3.532368403327095e-52,1.3830112774465482e-51
2,SHISAL2A,19.242157,3.0472562,1.6422962366054368e-82,7.853697939774754e-82
2,CYP26A1,7.3085394,3.0468874,2.700620860046363e-13,7.429291403778633e-13
2,AC008555.5,4.185383,3.0393162,2.846859485772317e-05,6.696695800804095e-05
2,LINC01550,15.026517,3.032397,4.92211792981788e-51,1.911875064180988e-50
2,AC025040.1,2.68203,3.0306869,0.007317690415847162,0.015659340696710395
2,STAP1,8.680452,3.0238392,3.941968285887962e-18,1.1535165102436968e-17
2,AC004865.2,5.6414194,3.020199,1.686540747903713e-08,4.28490874603042e-08
2,PIK3R6,12.78266,3.0075762,2.049395732413649e-37,7.219133109380972e-37
2,AC007384.1,4.226595,2.9968061,2.37254224153124e-05,5.5924468470870984e-05
2,APBB1IP,95.64707,2.995618,0.0,0.0
2,PSD4,43.314888,2.9918928,0.0,0.0
2,LTK,3.3068576,2.984204,0.0009434881126320533,0.002109403001817048
2,GMFG,131.92827,2.9819381,0.0,0.0
2,RNF125,62.18516,2.977377,0.0,0.0
2,SEMA4D,71.490944,2.9546885,0.0,0.0
2,MYO1G,66.99182,2.9477365,0.0,0.0
2,PDE3B,30.514948,2.9470174,1.6507734321251047e-204,1.4101839266636432e-203
2,ARRDC5,6.8221874,2.938369,8.96646607887362e-12,2.4142047835155234e-11
2,ACOXL,2.9352136,2.9309301,0.003333182997269079,0.007265069597785292
2,STK4,140.73256,2.9276261,0.0,0.0
2,AL355816.2,15.347791,2.9243789,3.6645268156970545e-53,1.4464818683620544e-52
2,HSH2D,29.844156,2.919678,1.0453322543680212e-195,8.604017040147119e-195
2,GPSM3,105.71378,2.9156418,0.0,0.0
2,FLT3LG,30.658518,2.9091587,2.0348456807826792e-206,1.7542810447963812e-205
2,TMEM71,22.945225,2.9045415,1.6444473948272833e-116,9.555355448754812e-116
2,A2M-AS1,15.171746,2.9028068,5.440978491526972e-52,2.1278542608835138e-51
2,ARHGAP45,69.48517,2.902152,0.0,0.0
2,AL137779.1,6.0315814,2.9018059,1.6236267791225887e-09,4.202096203512129e-09
2,TNFRSF4,27.958536,2.8887184,5.191365549458557e-172,3.9019828559609826e-171
2,LSP1,115.07667,2.8873706,0.0,0.0
2,AC008105.3,43.700897,2.885704,0.0,0.0
2,LGR6,2.3526394,2.8838632,0.018640695841278216,0.03888290385141296
2,CDK5R1,9.358478,2.8706892,8.089404239604543e-21,2.439211871545928e-20
2,TTC39C-AS1,3.4078133,2.8686922,0.0006548568583068468,0.0014734756056850404
2,RAB27B,13.11068,2.863831,2.8602531076589774e-39,1.0212782208689467e-38
2,LIMD2,109.3146,2.862023,0.0,0.0
2,IL18R1,22.539276,2.8600466,1.7109290852974263e-112,9.729472905112705e-112
2,IL10RA,71.6966,2.8589232,0.0,0.0
2,TMC6,69.76104,2.8505611,0.0,0.0
2,STK10,74.94288,2.8495586,0.0,0.0
2,AL158071.3,2.585019,2.83349,0.009737360077044116,0.020679762791259708
2,GOLGA8Q,8.249621,2.8330355,1.5889654535046027e-16,4.562868649211814e-16
2,ZFYVE28,26.445803,2.8280387,4.0778157439160385e-154,2.8501368429944147e-153
2,RARRES3,125.14345,2.8197613,0.0,0.0
2,CRACR2A,17.529606,2.8119962,8.515738990890767e-69,3.740704164176534e-68
2,MIAT,24.433369,2.8099282,7.561455856295587e-132,4.767480949623168e-131
2,FMNL1,89.923546,2.808769,0.0,0.0
2,AKNA,94.9057,2.8063622,0.0,0.0
2,ASB2,15.920297,2.8011315,4.581961145294442e-57,1.860657904580414e-56
2,MDS2,2.5050504,2.799531,0.012243390781724867,0.02585626777524909
2,AK5,5.6525517,2.7986295,1.580834418805806e-08,4.018989008968581e-08
2,CCL20,10.585104,2.7928164,3.4939333418204643e-26,1.115107370876137e-25
2,GNG2,58.604862,2.7875705,0.0,0.0
2,SLCO4C1,3.60597,2.778082,0.0003109893009679468,0.0007079954570577735
2,PZP,2.887145,2.7762246,0.0038875483446956893,0.008444788915484234
2,WIPF1,105.00451,2.773127,0.0,0.0
2,ADAM8,40.31081,2.7676504,0.0,0.0
2,MIR155HG,14.444066,2.765482,2.732368581351129e-47,1.0341576750406485e-46
2,STK26,27.152695,2.76542,2.3531722428954984e-162,1.706463972575579e-161
2,GNGT2,14.590184,2.761245,3.243225373566328e-48,1.2340067292972362e-47
2,CD300A,43.55556,2.7596264,0.0,0.0
2,ZNF101,32.89097,2.7585475,2.959069063001066e-237,2.8597857263969343e-236
2,NUGGC,3.3553596,2.7580328,0.0007926188675804779,0.0017767240600746902
2,AC022916.1,4.073363,2.756714,4.63391460140264e-05,0.00010827882254899176
2,APBA2,24.031132,2.7547345,1.3149380610485693e-127,8.115173852401784e-127
2,TOGARAM2,10.276399,2.7469206,9.00286532522787e-25,2.8289097052340155e-24
2,LINC02361,4.902124,2.7452192,9.480588175577993e-07,2.323499633197915e-06
2,UBASH3B,22.569935,2.744248,8.557218611303452e-113,4.876068503310395e-112
2,ALOX5AP,79.283325,2.7410362,0.0,0.0
2,ANKRD44,85.36415,2.7380338,0.0,0.0
2,ADGRE5,85.87525,2.7334616,0.0,0.0
2,IL2RA,10.686484,2.7326791,1.1775016086526234e-26,3.7712997117747807e-26
2,HAR1A,2.9647398,2.7325208,0.0030293905112043396,0.006612710822077302
2,TNFAIP8,84.777664,2.720796,0.0,0.0
2,NUP210,41.96626,2.714445,0.0,0.0
2,AL590764.1,4.126017,2.7122934,3.690996060488686e-05,8.6573283176386e-05
2,AC013264.1,13.993928,2.7113285,1.6977126401562524e-44,6.31878667742164e-44
2,SYTL1,53.57356,2.709998,0.0,0.0
2,ARHGEF1,94.37894,2.7054837,0.0,0.0
2,GOLGA8R,12.943163,2.70092,2.568351652234838e-38,9.109484107829027e-38
2,GOLGA7B,3.0631566,2.7008693,0.002190154864011791,0.004813419354477169
2,ATP8A1,32.114437,2.6992896,2.7721690418109563e-226,2.5745020605544237e-225
2,TUBA4A,60.35942,2.6957045,0.0,0.0
2,APOBEC3D,6.4442472,2.6943865,1.161755109384186e-10,3.070494712308623e-10
2,SPTSSB,5.0995903,2.690954,3.4038944168459143e-07,8.423746075863293e-07
2,TTN,22.860697,2.6901097,1.143894000695908e-115,6.613230804247741e-115
2,GIMAP4,96.77048,2.6893535,0.0,0.0
2,RORA,74.699646,2.6869836,0.0,0.0
2,ADRB1,3.6911685,2.6764312,0.00022322608315316982,0.0005110175951422132
2,DOCK10,63.525387,2.6706753,0.0,0.0
2,TCF7,43.129234,2.6676664,0.0,0.0
2,SLFN13,27.930677,2.667635,1.1318628234021726e-171,8.484716052120047e-171
2,AL445686.2,9.77826,2.665914,1.3958962238698623e-22,4.290270941840278e-22
2,SNAI3,7.3211303,2.662877,2.458909870393632e-13,6.767969308420694e-13
2,GIMAP1,88.893295,2.6624901,0.0,0.0
2,GIPR,4.4019194,2.6592274,1.072973246136113e-05,2.5570502057466917e-05
2,CYTH4,56.60046,2.6587603,0.0,0.0
2,PLAC8,54.331966,2.6563306,0.0,0.0
2,ST8SIA6,3.284609,2.6482546,0.0010212395230417355,0.002279114011022523
2,DAPK2,23.455864,2.6409614,1.1517515148625165e-121,6.884003881232991e-121
2,C11orf21,12.675936,2.6375544,8.039325281008765e-37,2.8222560933682182e-36
2,SLC25A45,38.26991,2.6256433,0.0,0.0
2,ADRB2,18.223383,2.6111126,3.3668205770550137e-74,1.5309448811981655e-73
2,RGPD2,2.5090995,2.6110632,0.012103940229343186,0.025570504488606278
2,AC245297.3,98.521965,2.60735,0.0,0.0
2,P2RY8,16.14323,2.6061075,1.2673048519625777e-58,5.2023630043309055e-58
2,EPHA1-AS1,19.682367,2.6048586,3.0539700712100872e-86,1.4923170433342318e-85
2,ITGA4,62.29848,2.593615,0.0,0.0
2,GIMAP5,23.375338,2.5837083,7.616199487783319e-121,4.525934965755029e-120
2,S100A4,112.570076,2.5802457,0.0,0.0
2,AC090152.1,15.549124,2.5802023,1.612983275732228e-54,6.426772476866826e-54
2,RCSD1,73.30867,2.5751257,0.0,0.0
2,IL27RA,46.475815,2.562531,0.0,0.0
2,PIK3CD,38.340767,2.5601847,0.0,0.0
2,AOAH,51.96196,2.5596538,0.0,0.0
2,CDHR1,5.4087296,2.5593586,6.347332494279283e-08,1.5963626446471625e-07
2,FSD1,8.2457285,2.558696,1.6415734344408654e-16,4.713499641235956e-16
2,AC119396.1,3.6439211,2.5531592,0.00026851562484843193,0.000612835062560219
2,PIP4K2A,87.61472,2.549369,0.0,0.0
2,INPP5D,56.20928,2.5481894,0.0,0.0
2,FAM78A,30.001095,2.5465972,9.49618659378957e-198,7.887628031557491e-197
2,WAS,69.10338,2.5453377,0.0,0.0
2,PTPN4,76.6942,2.544898,0.0,0.0
2,TMEM229B,8.000054,2.5416703,1.2436418646235277e-15,3.5325097978052907e-15
2,AC099063.4,5.008383,2.541498,5.488925727221808e-07,1.3523015340872412e-06
2,TNFRSF14-AS1,11.77527,2.5395458,5.234888547787095e-32,1.7653540681555453e-31
2,HLA-F,117.48469,2.5367978,0.0,0.0
2,LAPTM5,111.29775,2.531503,0.0,0.0
2,CISH,32.170277,2.5280771,4.598340280375141e-227,4.288500393649804e-226
2,SAMSN1,56.747475,2.5222495,0.0,0.0
2,AC025171.3,8.713682,2.5215979,2.9416032285765483e-18,8.625000567841322e-18
2,EPHA1,7.3596396,2.5175483,1.844075421444652e-13,5.083378438333024e-13
2,RCAN3,49.603947,2.5166025,0.0,0.0
2,DRAIC,3.0249336,2.5144541,0.002486876835382831,0.005448493822299366
2,OTUD7A,8.749979,2.5120513,2.1339217997699587e-18,6.266925224771011e-18
2,DPF3,12.861238,2.5101619,7.43762005657716e-38,2.6292407993666964e-37
2,LPXN,39.23204,2.5100605,0.0,0.0
2,PTGER2,39.65442,2.505969,0.0,0.0
2,LRRN3,4.7623234,2.5002615,1.9137674892840007e-06,4.650063820070803e-06
2,JAK3,39.447224,2.4983835,0.0,0.0
2,HIST3H2BB,2.7421975,2.4968977,0.006102964048265994,0.01311804088182468
2,SLC9A3R1,56.391357,2.491602,0.0,0.0
2,MMP25,7.078749,2.4910238,1.45461320896018e-12,3.96068456077282e-12
2,TNFRSF9,4.2714496,2.4824207,1.9420634893292667e-05,4.5899943614513765e-05
2,GPRIN3,49.692356,2.4803004,0.0,0.0
2,NCAM1,35.918003,2.47813,1.5995843801883078e-282,1.8030034441458798e-281
2,PCED1B,21.934206,2.4770396,1.2255861617956894e-106,6.736473679996331e-106
2,PPP1R16B,21.081564,2.4718094,1.1743841151307342e-98,6.164519335316848e-98
2,SLC38A1,79.778244,2.4646957,0.0,0.0
2,HELB,32.596386,2.463281,4.614326429581739e-233,4.396269634990222e-232
2,NLRC5,33.64702,2.4629514,3.447400457592204e-248,3.4605003554011774e-247
2,FYN,102.75796,2.4625237,0.0,0.0
2,HIST1H1D,49.862366,2.447692,0.0,0.0
2,GPR183,39.23828,2.442109,0.0,0.0
2,TNFRSF25,21.392303,2.4353192,1.5757903649270794e-101,8.394166289004006e-101
2,RLN2,3.2345295,2.4335718,0.00121843333546738,0.0027098020507512637
2,TSEN54,37.951237,2.4298232,0.0,0.0
2,ADGRG5,5.533975,2.4167972,3.1305337006584814e-08,7.918438913679653e-08
2,SLC27A2,4.610588,2.4151661,4.015318718421727e-06,9.679545716423082e-06
2,ARHGAP25,37.10553,2.4105024,2.2879078630956413e-301,2.7354881363519146e-300
2,SNX20,25.397587,2.4101493,2.681520337637735e-142,1.7697576142508964e-141
2,LAG3,20.574745,2.4090936,4.6214446597471796e-94,2.367169209459829e-93
2,AC055822.1,2.51517,2.408749,0.011897499747785985,0.025153295348848855
2,PIK3IP1,65.3778,2.4079494,0.0,0.0
2,AC005332.8,3.4085495,2.4072244,0.0006530921383525013,0.0014696118471103573
2,AC018816.1,4.168736,2.4068694,3.062934707785962e-05,7.2011351752275e-05
2,ATP10A,18.411997,2.403408,1.0526809785248701e-75,4.831483665468987e-75
2,NFATC2,32.198452,2.4027047,1.855142638190169e-227,1.7317092575821067e-226
2,PSMB8-AS1,49.858154,2.3965497,0.0,0.0
2,RNF165,12.161569,2.3917513,4.979312079676757e-34,1.7078637048781437e-33
2,CATSPER1,10.014419,2.3904245,1.3173474425181087e-23,4.0961023547190323e-23
2,PLEKHF1,35.681175,2.383562,7.74387340030225e-279,8.609348747595023e-278
2,HCLS1,84.38962,2.382527,0.0,0.0
2,ISG20,72.114914,2.3801682,0.0,0.0
2,AREG,17.870035,2.3704522,2.018649714268007e-71,9.013349713793889e-71
2,PASK,8.557175,2.364476,1.1566742219527638e-17,3.366861007524399e-17
2,UNC13D,28.879055,2.3644412,2.18819748316043e-183,1.721757118432775e-182
2,ITGB2,87.886665,2.3610485,0.0,0.0
2,RGS14,30.47918,2.357555,4.919671486508718e-204,4.193389041189326e-203
2,SMPD3,9.581348,2.3527215,9.57862508857917e-22,2.9187278479021635e-21
2,BTN3A2,83.35118,2.3493886,0.0,0.0
2,GPR82,24.985205,2.3480608,8.853664233181984e-138,5.710354767423948e-137
2,PIK3CG,18.310476,2.346617,6.82703419257455e-75,3.1185803397857173e-74
2,TC2N,53.376373,2.3457341,0.0,0.0
2,LINC00954,8.551264,2.3448873,1.2174839256643852e-17,3.542532074045298e-17
2,CKLF,94.86013,2.3346937,0.0,0.0
2,BCAS4,23.04149,2.3339443,1.7902507698339667e-117,1.045564636115994e-116
2,TENT5C,15.729091,2.3330553,9.55740785674156e-56,3.842731945210243e-55
2,SH3BP1,35.27205,2.3299005,1.5757233632510897e-272,1.7196639120057e-271
2,CHST12,68.91088,2.3240259,0.0,0.0
2,Z97192.1,2.3248322,2.321907,0.020080932457322023,0.04178277766651756
2,CDKN2D,43.653904,2.3205717,0.0,0.0
2,DGKA,32.787727,2.3181145,8.808588084127077e-236,8.465392783461305e-235
2,PREX1,50.349792,2.3134718,0.0,0.0
2,CASP8,60.093815,2.3055224,0.0,0.0
2,SNHG22,3.9435787,2.3037164,8.027463955598654e-05,0.00018643284375990954
2,AC109826.1,4.7757616,2.300558,1.7902837992533563e-06,4.353446214281942e-06
2,MYO1F,69.88544,2.2957044,0.0,0.0
2,GIMAP6,49.598892,2.2805514,0.0,0.0
2,AC091057.3,2.9483657,2.2751436,0.0031945891494718024,0.006968393453505892
2,FAM49B,95.22616,2.2750418,0.0,0.0
2,APOBR,26.526548,2.2736363,4.789548727598865e-155,3.359749943801592e-154
2,SYTL2,22.558426,2.27251,1.1100406155842897e-112,6.319400498409217e-112
2,GNPTAB,66.808365,2.2713227,0.0,0.0
2,TRPV2,28.693832,2.2638302,4.5548150462211837e-181,3.547773907095719e-180
2,MBP,91.89145,2.2610679,0.0,0.0
2,LINC00920,4.2490263,2.2564895,2.1470170825658763e-05,5.06780639765263e-05
2,LMOD3,6.997502,2.2490485,2.6056701501455497e-12,7.065577060058652e-12
2,CRYBG1,41.576347,2.245157,0.0,0.0
2,AL645568.1,8.07503,2.2440004,6.745968544615749e-16,1.9227005699782272e-15
2,CENPK,15.922586,2.243393,4.417294055700012e-57,1.7940250641198459e-56
2,ANO9,6.529464,2.2406616,6.600560296033513e-11,1.7529087220270475e-10
2,AL357033.4,3.1361167,2.2390351,0.0017120101056639348,0.003784913900983922
2,BCL2,53.800587,2.23881,0.0,0.0
2,HLA-B,148.17635,2.2385056,0.0,0.0
2,PDE7A,52.07129,2.232646,0.0,0.0
2,SH3BGRL3,137.4178,2.2296948,0.0,0.0
2,CELF2,100.57628,2.221656,0.0,0.0
2,SMKR1,4.4520273,2.2214506,8.506343238449413e-06,2.0325129530015927e-05
2,MFNG,37.023106,2.2125034,4.865749836934432e-300,5.795211183434778e-299
2,AL133342.1,4.3887796,2.2108483,1.1398855145477242e-05,2.7140005853267477e-05
2,ARHGAP4,41.49503,2.207407,0.0,0.0
2,INPP4A,46.740658,2.2056472,0.0,0.0
2,FERMT3,58.006844,2.2048929,0.0,0.0
2,B3GALT2,4.936044,2.204232,7.972303875486881e-07,1.9580419252993724e-06
2,AC044849.1,10.6403475,2.1999934,1.9340703202852705e-26,6.186743054135464e-26
2,AL357060.1,14.561523,2.1981316,4.934585056208371e-48,1.8750088558179507e-47
2,CD200R1,7.742408,2.1957364,9.755168943843458e-15,2.7357136970090712e-14
2,CCND3,73.39334,2.1894898,0.0,0.0
2,ST8SIA1,7.7055225,2.189006,1.3030892237433945e-14,3.647398898590572e-14
2,EVI2A,46.743065,2.1872818,0.0,0.0
2,PDZD4,3.0599642,2.1795301,0.0022136353687600466,0.004863986090023231
2,CXCR5,2.8556688,2.1788676,0.00429462963562856,0.009309448600671335
2,AC008083.2,3.948687,2.1779,7.858102595879223e-05,0.0001825269629722224
2,GLCCI1,28.464287,2.1775274,3.243508422403836e-178,2.494329803713246e-177
2,GOLGA8N,9.861669,2.1725185,6.102652383953151e-23,1.8825698895183157e-22
2,DOCK2,49.418465,2.1712143,0.0,0.0
2,LPAR5,6.4149885,2.1685987,1.4083357214853304e-10,3.717116323138096e-10
2,VAV1,20.777697,2.1676977,6.888569720832195e-96,3.559689422534035e-95
2,PARVG,42.93827,2.1635745,0.0,0.0
2,GAB3,22.359,2.1623168,9.870236984614703e-111,5.554614247696406e-110
2,PTK2B,36.366085,2.1603363,1.4635238957190273e-289,1.6852881164302524e-288
2,AAK1,108.844986,2.1565857,0.0,0.0
2,EPB41,57.175552,2.1563046,0.0,0.0
2,ABI3,42.897934,2.1559095,0.0,0.0
2,LINC01684,4.2674212,2.1541424,1.9774541063847376e-05,4.67185247408906e-05
2,LINC01215,3.6097062,2.1534603,0.0003065440587677688,0.000698132578611409
2,CMC1,53.03214,2.1511233,0.0,0.0
2,ARID3B,11.963493,2.150927,5.5190519268425476e-33,1.874682249729889e-32
2,MZB1,17.725426,2.150145,2.6688655337576487e-70,1.1836221416537186e-69
2,SLFN5,100.477615,2.1448362,0.0,0.0
2,PPP1R18,70.41003,2.143291,0.0,0.0
2,AC022182.2,2.9317193,2.1432128,0.0033709116175623006,0.007343678393176714
2,AC005224.3,6.146169,2.139472,7.937672352347302e-10,2.0652381462580864e-09
2,SAMD10,5.2250667,2.1387875,1.7409215853788626e-07,4.3367988586527365e-07
2,LINC00623,50.56739,2.135037,0.0,0.0
2,SYNRG,74.75672,2.1341686,0.0,0.0
2,CCDC88B,29.591297,2.1338317,1.9338551419265105e-192,1.5749581257318224e-191
2,RIPOR2,56.31111,2.132256,0.0,0.0
2,LRFN1,4.385015,2.1205308,1.1597771951152741e-05,2.760723488095177e-05
2,APOBEC3C,56.305653,2.114662,0.0,0.0
2,GIMAP2,40.33494,2.1103652,0.0,0.0
2,CDC42SE2,91.31781,2.1103065,0.0,0.0
2,ATP8B4,20.067678,2.104333,1.4145905385290916e-89,7.063125973234029e-89
2,PSMB9,99.57429,2.1008072,0.0,0.0
2,HAVCR2,28.002554,2.0975883,1.512499046569642e-172,1.1404442066925574e-171
2,RBL2,78.87979,2.0959756,0.0,0.0
2,RNF213,111.126366,2.0869956,0.0,0.0
2,DGKZ,65.34628,2.0867333,0.0,0.0
2,ITGAX,24.75801,2.0857525,2.5417484151674795e-135,1.6257826628224603e-134
2,AC239800.3,15.793794,2.0852387,3.432995019353324e-56,1.384621911303056e-55
2,HENMT1,15.750528,2.084294,6.81099134177906e-56,2.7399103136843083e-55
2,BTG1,136.71242,2.077523,0.0,0.0
2,AL662844.4,11.96097,2.0703266,5.689344575960783e-33,1.9321016680498836e-32
2,ST8SIA4,34.703056,2.069028,7.084682816185871e-264,7.532380178873641e-263
2,VAMP1,8.550819,2.0671747,1.2221791781460377e-17,3.55585916021459e-17
2,SUN2,70.46018,2.066067,0.0,0.0
2,BHLHE40-AS1,2.7494357,2.0636744,0.005969799488406723,0.012838059615097869
2,BCO2,13.796578,2.0614805,2.672371383953152e-43,9.856203146042968e-43
2,TRAF5,37.99766,2.0611587,0.0,0.0
2,CSK,60.380386,2.0589154,0.0,0.0
2,IRF1,77.447876,2.05808,0.0,0.0
2,PRKACB,51.92879,2.0542557,0.0,0.0
2,SLC4A4,7.224872,2.052421,5.015744403233202e-13,1.3744269196801895e-12
2,C22orf34,3.0790174,2.0521832,0.0020768460270715475,0.00457122063514459
2,TGFB1,88.80612,2.051533,0.0,0.0
2,ITGB2-AS1,9.988884,2.0496066,1.7048968954404877e-23,5.294739584744689e-23
2,CYLD,66.02132,2.043784,0.0,0.0
2,LDLRAP1,15.74375,2.0411897,7.581466322498573e-56,3.0494583502012414e-55
2,ABHD15,15.755272,2.0298636,6.318744096995635e-56,2.5428831224719282e-55
2,AC136475.3,3.0297847,2.0288181,0.0024472813273032613,0.005363645155507155
2,PRR5L,12.285308,2.028608,1.086312505507386e-34,3.7438292381486144e-34
2,AL031777.3,5.367585,2.0260413,7.979791523116136e-08,2.003341861789866e-07
2,CEMIP2,43.57826,2.0255635,0.0,0.0
2,ABCA2,14.659117,2.019788,1.1779580278569882e-48,4.4969304307035485e-48
2,ARHGEF6,33.454277,2.0147336,2.230491330581079e-245,2.2230827331270368e-244
2,LRMP,21.660173,2.0122561,4.873967231756176e-104,2.639097849192154e-103
2,P2RX5,6.587321,2.0114658,4.4783416956890856e-11,1.1927965080029522e-10
2,SFI1,24.675985,2.0102808,1.9367934371465502e-134,1.2332195047772646e-133
2,AC025164.1,27.73824,1.9981296,2.415742379002753e-169,1.796951858191049e-168
2,PTPN6,53.694977,1.997652,0.0,0.0
2,LINC02328,2.3784564,1.990526,0.017385290415705034,0.03634026585135909
2,COLQ,3.0298936,1.9887027,0.0024463985284763757,0.005362090583619555
2,NCKAP1L,53.133915,1.9827851,0.0,0.0
2,HLA-E,138.12302,1.9818163,0.0,0.0
2,EVI2B,67.497505,1.9738585,0.0,0.0
2,KLHDC7B,2.8481565,1.9722703,0.004397330759177737,0.00952873180774776
2,PPP2R5C,78.84606,1.9702501,0.0,0.0
2,BLM,6.821888,1.9662381,8.985163760139335e-12,2.4186070051787706e-11
2,PLCL2,22.530901,1.9629428,2.0670684832640633e-112,1.1748231999309012e-111
2,KLHL6,17.376766,1.9623915,1.237386450053054e-67,5.4001557486288814e-67
2,TPRG1,5.386955,1.9598858,7.166138116777274e-08,1.801120848786169e-07
2,CCNJL,5.00888,1.9541919,5.474765767910778e-07,1.3490280282932186e-06
2,IKZF2,11.518877,1.95295,1.0598319621186794e-30,3.5286250622861174e-30
2,ID2,88.28818,1.9490216,0.0,0.0
2,RAB27A,49.573025,1.9485618,0.0,0.0
2,RAB29,27.547642,1.9468207,4.7227573591608306e-167,3.4886773828772414e-166
2,PRKCB,40.329414,1.934556,0.0,0.0
2,CXCR2,2.386291,1.916006,0.017019282032370707,0.03560168864801905
2,PCSK7,74.8696,1.9149507,0.0,0.0
2,GPR132,9.174665,1.914885,4.529776577162e-20,1.3547687697923934e-19
2,RNF166,31.625597,1.9141297,1.6424058990712353e-219,1.48383043328251e-218
2,KCNAB2,23.748896,1.907799,1.1280020253746162e-124,6.847998153261297e-124
2,RFLNB,35.92478,1.9075128,1.2536748265566121e-282,1.4141360534447158e-281
2,AC026979.2,11.331599,1.9020479,9.151855915318852e-30,3.021647375010787e-29
2,AL031280.1,3.2455592,1.8980118,0.0011722020746634694,0.002608297301772775
2,AC005332.5,13.138364,1.8969973,1.9847277640558522e-39,7.095660035127152e-39
2,PDE4D,17.045515,1.8963517,3.774094392015038e-65,1.621208274829865e-64
2,ADA,16.484793,1.8919166,4.7191416249337074e-61,1.9688783774544559e-60
2,ITGA1,42.249977,1.8882782,0.0,0.0
2,LINC00987,6.0176787,1.887587,1.7693604387815016e-09,4.573141251164063e-09
2,FBXO2,8.212335,1.8870354,2.1692938637071716e-16,6.217207478263868e-16
2,MICB,6.146506,1.8794558,7.920829548099446e-10,2.061029456500333e-09
2,DUSP10,8.720544,1.8775636,2.7686967012504766e-18,8.12033677600574e-18
2,TTC22,2.5819433,1.8734477,0.009824570488687132,0.020862109247258894
2,SLC16A7,30.339235,1.8690537,3.4843752985792214e-202,2.944806873207219e-201
2,GRK6,33.973286,1.8668233,5.527590996473881e-253,5.64018669290255e-252
2,ARHGAP11B,2.7654269,1.8599293,0.005684833366798262,0.012246542473522958
2,AC147651.4,2.9733942,1.8597028,0.0029452603100199835,0.006431792581204524
2,HLA-C,155.15567,1.858735,0.0,0.0
2,AP002387.2,13.32481,1.8584932,1.660539977626495e-40,5.9788337707947445e-40
2,ATXN7-1,6.0337296,1.8517293,1.6021819421640835e-09,4.147289554980346e-09
2,SFMBT2,18.539454,1.85026,9.922523001473595e-77,4.581347750321846e-76
2,ABCB1,28.97003,1.8467922,1.5700700657447927e-184,1.242667234877703e-183
2,PLEK,38.657085,1.8456188,0.0,0.0
2,AC007686.3,5.2886753,1.837595,1.2320539355259555e-07,3.08083260398873e-07
2,FCER1G,47.24845,1.8336408,0.0,0.0
2,ZNF276,25.979933,1.832703,8.349045755033016e-149,5.692564684553395e-148
2,PIK3R5,11.3434925,1.8310232,7.989152476940632e-30,2.639452010740825e-29
2,PTTG1,17.340534,1.8304594,2.3256792873755054e-67,1.012819074748693e-66
2,KLF12,18.904871,1.829101,1.0399425161514672e-79,4.882500888150296e-79
2,HIST1H2AG,3.541851,1.8288035,0.00039732994425872674,0.0009017017833324375
2,STK39,18.620401,1.8286545,2.195596290398951e-77,1.017533281561859e-76
2,TYROBP,50.851776,1.8250217,0.0,0.0
2,YPEL1,20.693306,1.8205099,3.979623923225767e-95,2.0489461368505546e-94
2,ATP6V0E2,17.382011,1.816234,1.1292114423537551e-67,4.932241103565222e-67
2,PIM1,46.33693,1.8129439,0.0,0.0
2,AL139246.5,8.116761,1.8100874,4.7879096863643e-16,1.3671463846679732e-15
2,IKBKE,7.9864435,1.8053756,1.3888716553858588e-15,3.941044459512554e-15
2,MDFIC,51.81768,1.8031207,0.0,0.0
2,SLF1,20.522808,1.8020486,1.3470058888560193e-93,6.873354962336633e-93
2,IRAK2,3.5160139,1.8016319,0.0004380782132951917,0.0009927909765592088
2,RASA2,39.00975,1.8011864,0.0,0.0
2,DENND1B,24.172491,1.7956332,4.332416693091444e-129,2.6942052863858604e-128
2,B2M,164.4447,1.7928206,0.0,0.0
2,LINC00539,4.3040648,1.7924607,1.6769254308023077e-05,3.9755107992488244e-05
2,HLA-A,153.8281,1.7917187,0.0,0.0
2,CDC42SE1,69.58249,1.789069,0.0,0.0
2,CX3CR1,11.700012,1.7885482,1.2743531721334619e-31,4.280668785037376e-31
2,ARPC5L,69.42821,1.7874917,0.0,0.0
2,CCND2,62.938133,1.7860554,0.0,0.0
2,PRDM1,63.325363,1.7858549,0.0,0.0
2,ERN1,28.15423,1.7786968,2.1269883697840682e-174,1.6136187909895975e-173
2,AC124068.2,3.250813,1.7760938,0.001150755374409466,0.002561497757066861
2,C1orf56,54.47985,1.7750386,0.0,0.0
2,FNBP1,80.16145,1.7741061,0.0,0.0
2,BTN3A1,30.334566,1.7709581,4.0151198928193126e-202,3.391508896621112e-201
2,BTLA,3.9375894,1.7709417,8.230423783829466e-05,0.00019104596912265665
2,TRAPPC10,37.820065,1.7690914,0.0,0.0
2,USP20,8.738059,1.7642891,2.371498531961102e-18,6.96001378096304e-18
2,SAMD9,51.320293,1.7611843,0.0,0.0
2,MCF2L2,3.355052,1.7515827,0.000793500898489949,0.0017785722147819897
2,TTC13,10.117239,1.7495537,4.633008355569197e-24,1.4469724054726875e-23
2,RBM38,19.741625,1.7476296,9.46842231350747e-87,4.640668069197199e-86
2,PITPNC1,34.08557,1.7439092,1.2068269772375846e-254,1.2358979915666675e-253
2,CD84,30.973064,1.7405854,1.2430131801626798e-210,1.0886315771971648e-209
2,ITM2A,70.77956,1.7320552,0.0,0.0
2,SH3KBP1,50.474346,1.7309768,0.0,0.0
2,LINC00324,11.215157,1.7228914,3.4357877064528887e-29,1.127640338147387e-28
2,SLC16A13,2.2974164,1.7223816,0.0215950232685118,0.044818518947078584
2,GCH1,11.959415,1.7180275,5.796849919375493e-33,1.9683942041105073e-32
2,TMEM191B,5.829953,1.7167201,5.5442905840202535e-09,1.4204027609442472e-08
2,BUB1,4.7154045,1.7163637,2.4123117308820355e-06,5.844882303729309e-06
2,ABRACL,70.20659,1.7144886,0.0,0.0
2,LYAR,27.69121,1.7136799,8.909708265961348e-169,6.616346789429778e-168
2,AL359220.1,13.791262,1.7112541,2.8768390255845888e-43,1.0606520787754133e-42
2,FCGR3A,19.442484,1.7110163,3.3742115815461475e-84,1.6304996458856596e-83
2,GALNT6,11.949881,1.7107136,6.501854489088782e-33,2.2065753452757985e-32
2,ATM,76.58,1.7104645,0.0,0.0
2,SBK1,3.347807,1.7077194,0.0008145370980230275,0.0018250614824269762
2,SAMD9L,36.04431,1.7055461,1.6932812648399427e-284,1.9212277552279042e-283
2,LEPROTL1,63.56536,1.7036898,0.0,0.0
2,FAM117A,14.677712,1.7020917,8.956092018995125e-49,3.4220044014227014e-48
2,AC245014.3,4.284247,1.7020826,1.8335929434435546e-05,4.338937072430131e-05
2,ABCA7,6.417972,1.7007133,1.381013855450715e-10,3.6453151618767824e-10
2,DDIT4,70.55691,1.6979799,0.0,0.0
2,AC040162.1,3.3990831,1.6950818,0.0006761215611428298,0.0015205478491043761
2,HIST1H1B,2.657756,1.6926973,0.007866280807018922,0.01680535984672246
2,ERAP2,31.019428,1.6905288,2.94918493864517e-211,2.5895016732587007e-210
2,GMIP,13.8337755,1.6898963,1.5942917555838575e-43,5.8941118767739576e-43
2,ELOVL6,8.288864,1.6851858,1.1433550415788432e-16,3.288449122471367e-16
2,GRK2,52.18943,1.6850576,0.0,0.0
2,KLHDC4,17.708786,1.6844668,3.5872967924725655e-70,1.5893432047727866e-69
2,SLC7A6,14.799714,1.6831402,1.4710671812014904e-49,5.6543058536742275e-49
2,CYTOR,47.17095,1.6828648,0.0,0.0
2,TTC39C,37.595795,1.6781098,2.518005826093853e-309,3.0894801932148756e-308
2,FXYD5,78.67143,1.6778086,0.0,0.0
2,MPHOSPH9,26.215534,1.6775626,1.7675947687756953e-151,1.2188989629306206e-150
2,HIST1H2BN,5.061905,1.6742443,4.1508771737455836e-07,1.0253449553145362e-06
2,AL096865.1,3.8414812,1.6728793,0.00012229408058759322,0.0002823864885110753
2,OSTF1,69.985275,1.6726667,0.0,0.0
2,VAV3,21.377684,1.6712567,2.1557033474596392e-101,1.1471474407702317e-100
2,ABHD17A,79.17264,1.669646,0.0,0.0
2,NBEAL2,17.37521,1.6631421,1.2713902536210956e-67,5.5477705165420305e-67
2,AL021453.1,2.439146,1.6568629,0.014722012703397161,0.030942757335865084
2,GFOD1,16.90401,1.6555657,4.203125790154834e-64,1.7927961467887861e-63
2,NCF1,45.986618,1.6534594,0.0,0.0
2,PAXX,74.73145,1.6530349,0.0,0.0
2,MGAT4A,37.967716,1.6435812,0.0,0.0
2,DIAPH1,55.747746,1.6429802,0.0,0.0
2,MPZL3,4.1265826,1.6355603,3.6819353902267966e-05,8.636731717193351e-05
2,DOCK11,26.278828,1.6355041,3.3485274809787e-152,2.319429378184865e-151
2,MBNL1,96.051346,1.6328343,0.0,0.0
2,SUPT3H,14.999671,1.6273984,7.378451336398126e-51,2.8613023269015923e-50
2,GSDMB,3.3641622,1.625563,0.0007677637770792451,0.0017225083520752199
2,LAT2,22.06209,1.6248623,7.312524264785976e-108,4.046699864847631e-107
2,ARF6,74.45624,1.6227614,0.0,0.0
2,AC079922.2,3.0998735,1.6187434,0.0019360332700095314,0.004267972915562381
2,EHD1,24.101889,1.612797,2.3882583125604504e-128,1.4804231782251472e-127
2,TMEM120B,21.690712,1.6098404,2.510761435167883e-104,1.3621222341009964e-103
2,IQGAP2,49.898975,1.6095603,0.0,0.0
2,CDC14A,16.841969,1.6077952,1.2016948427255695e-63,5.112289401805805e-63
2,FCHO1,5.3901033,1.6040242,7.041725524425332e-08,1.7699952080628965e-07
2,PDE4B,20.025158,1.6022488,3.3246273703004774e-89,1.656792294967379e-88
2,TRIM59,8.489921,1.6012169,2.067787519674855e-17,6.004237962287743e-17
2,LBH,49.79089,1.6003491,0.0,0.0
2,WDR76,7.0388103,1.5993401,1.938881800751504e-12,5.269523374589055e-12
2,FAM129A,28.139957,1.5972393,3.1802474306094416e-174,2.4108880877568313e-173
2,SLC12A8,2.881744,1.5954432,0.003954808995295806,0.008586672400253422
2,CHI3L2,4.851183,1.5916718,1.2272717577270846e-06,2.998757863552139e-06
2,CORO7,16.96282,1.5877131,1.5473767194644245e-64,6.614767948615073e-64
2,FAM102A,24.183685,1.5876845,3.3035718743900635e-129,2.0560510656821122e-128
2,ATF7IP2,14.683224,1.5866445,8.256946745753079e-49,3.156431083129133e-48
2,KIAA1551,79.60104,1.5850754,0.0,0.0
2,CD101,3.0620313,1.5781676,0.0021984055856662287,0.004831208862072393
2,STN1,21.305237,1.5762136,1.0151273729528217e-100,5.378800225587666e-100
2,CNR2,2.3261912,1.573899,0.020008359253846947,0.0416401831161974
2,COTL1,60.285957,1.5715106,0.0,0.0
2,CRLF3,20.597227,1.5658206,2.906169440746105e-94,1.490309920443668e-93
2,ARHGEF3,27.46413,1.5629704,4.7110516058044325e-166,3.4667731423951807e-165
2,CCDC69,34.795067,1.5621538,2.888257689607109e-265,3.0845673950479236e-264
2,TACC3,12.590917,1.5525799,2.369048910530346e-36,8.282827452235452e-36
2,GLIPR2,42.99645,1.5499516,0.0,0.0
2,RIN3,20.909472,1.5470033,4.390732671912957e-97,2.2845854325052824e-96
2,TOX2,3.2787352,1.5456252,0.0010427342545083996,0.00232590845872482
2,HIST1H2BC,3.7918348,1.5443355,0.00014953830694120474,0.0003444976485265217
2,SP140L,25.130377,1.5424944,2.3162485988498654e-139,1.5083922344006068e-138
2,CYBA,98.71693,1.5394452,0.0,0.0
2,SELL,19.733143,1.5374819,1.1198884305009734e-86,5.485323569174894e-86
2,Z93241.1,2.3324628,1.5347272,0.019676358566260415,0.04097959664470422
2,SERPINB9,23.546059,1.5326902,1.3776578825004552e-122,8.27263885262125e-122
2,PFN1,120.689,1.5309644,0.0,0.0
2,RASSF1,24.760786,1.5308149,2.3728002010494565e-135,1.5183464971808602e-134
2,MANEA-DT,9.054627,1.5280881,1.3703478222574423e-19,4.0759638285545926e-19
2,AES,100.65224,1.5274084,0.0,0.0
2,CALM1,129.03465,1.5212901,0.0,0.0
2,CBLB,34.065132,1.5211288,2.4232481540859598e-254,2.478336555206312e-253
2,LNPEP,52.335724,1.5133455,0.0,0.0
2,FBXO6,10.218251,1.5115889,1.6427762915422515e-24,5.148898371635368e-24
2,ZFP36L2,100.559906,1.5094,0.0,0.0
2,PILRB,23.887165,1.5015206,4.1640966736708156e-126,2.545988840616101e-125
3,HID1-AS1,6.2202735,9.7239275,4.962891249305446e-10,2.400815148572287e-09
3,ECSCR,129.74358,9.477474,0.0,0.0
3,CLEC14A,135.27435,9.423197,0.0,0.0
3,ADGRL4,132.56654,9.421432,0.0,0.0
3,CCL14,91.8292,9.197263,0.0,0.0
3,CXorf36,106.88043,9.16759,0.0,0.0
3,AC110799.1,4.0793724,9.15231,4.515740831142121e-05,0.0001651887819482892
3,MYCT1,93.172646,9.112956,0.0,0.0
3,TM4SF18,109.00975,9.107281,0.0,0.0
3,VWF,138.69171,9.082403,0.0,0.0
3,CLDN5,124.76379,8.972944,0.0,0.0
3,EMCN,130.66534,8.896305,0.0,0.0
3,XIRP2,5.356822,8.766967,8.46984706108164e-08,3.680269409768737e-07
3,ACKR1,99.3941,8.548929,0.0,0.0
3,DKK4,3.7489796,8.52109,0.00017755558895160534,0.0006195202740717167
3,FAM110D,94.79754,8.515824,0.0,0.0
3,GPIHBP1,49.289124,8.510749,0.0,0.0
3,LINC01704,6.4914656,8.366489,8.50053262163863e-11,4.241620305731113e-10
3,NOVA2,52.010143,8.365933,0.0,0.0
3,CDH5,108.62258,8.358344,0.0,0.0
3,SELE,24.470871,8.348504,3.017803788868789e-132,6.531600959563561e-131
3,CD300LG,22.655636,8.332778,1.2275963287050597e-113,2.3536798840748934e-112
3,APLNR,55.216057,8.28767,0.0,0.0
3,LHX6,44.50804,8.217914,0.0,0.0
3,LINC02266,6.50703,8.195334,7.665109916868782e-11,3.8334231747680164e-10
3,LCN6,43.734825,8.1903305,0.0,0.0
3,DIPK2B,11.436561,8.187591,2.7455532431018403e-30,2.2798714154902897e-29
3,AVPR2,23.441961,8.180517,1.5966061979242796e-121,3.237946703362579e-120
3,FCN3,14.951863,8.164954,1.5145147943329046e-50,1.691080518368753e-49
3,ROBO4,101.25042,8.125241,0.0,0.0
3,CCM2L,53.1558,8.0849695,0.0,0.0
3,SELP,62.07536,7.9608865,0.0,0.0
3,C1QTNF9,10.124999,7.8849125,4.2798168081761805e-24,3.118988401091752e-23
3,AQP1,106.06441,7.863457,0.0,0.0
3,PTPRB,118.98751,7.751923,0.0,0.0
3,PCDH17,86.29298,7.7345524,0.0,0.0
3,MMRN1,66.59341,7.7282667,0.0,0.0
3,MMRN2,104.48379,7.6989083,0.0,0.0
3,PLVAP,65.50984,7.688149,0.0,0.0
3,CADM3-AS1,24.813097,7.6650968,6.474771304389395e-136,1.4345215534391614e-134
3,AL590226.1,11.1418085,7.6389704,7.850875612850666e-29,6.31071554138818e-28
3,SOX18,124.24581,7.622509,0.0,0.0
3,AC147067.2,5.3667016,7.5499253,8.018951759147889e-08,3.488637090975044e-07
3,AC114291.1,3.2449741,7.5155168,0.0011746124822473853,0.0037986552253656937
3,AC007998.3,3.9527805,7.4253616,7.724827687377116e-05,0.0002776500166691063
3,EGFL7,138.2092,7.358022,0.0,0.0
3,LINC01985,10.221005,7.331165,1.5967616627097074e-24,1.1753063279201935e-23
3,TIE1,101.08215,7.308805,0.0,0.0
3,FLT4,38.117054,7.2687664,0.0,0.0
3,BCL6B,42.030796,7.247941,0.0,0.0
3,NRN1,101.55287,7.2353525,0.0,0.0
3,VIP,3.0193193,7.19618,0.0025334343421074585,0.007905184776528542
3,SPAAR,23.486248,7.1453643,5.637580339484039e-122,1.1463203654765342e-120
3,DLL4,41.37685,7.099479,0.0,0.0
3,FLT1,110.6471,7.015735,0.0,0.0
3,CCL16,11.058693,6.946585,1.9897690003374885e-28,1.5858120292271985e-27
3,NR5A2,64.8637,6.93811,0.0,0.0
3,ADM5,44.57732,6.9275155,0.0,0.0
3,CLEC1A,54.77314,6.774386,0.0,0.0
3,ERG,93.345,6.7411957,0.0,0.0
3,PDE2A,60.310055,6.7277718,0.0,0.0
3,FAM167B,58.461742,6.6320252,0.0,0.0
3,AFAP1L1,58.024803,6.6208262,0.0,0.0
3,GDF3,4.209153,6.5865536,2.5632944355960805e-05,9.56692925020747e-05
3,CCDC178,45.859673,6.5520015,0.0,0.0
3,AC104031.1,4.572432,6.536606,4.82095427574214e-06,1.8923194539035094e-05
3,MEOX1,33.617584,6.5248976,9.284899415239868e-248,3.1534987497452595e-246
3,TAL1,26.88159,6.5243564,3.6056039996705567e-159,8.965277780999026e-158
3,DCC,11.264054,6.491644,1.9746074398412505e-29,1.6132485366950444e-28
3,DPEP1,30.438898,6.472207,1.6802690441508123e-203,4.979105977715164e-202
3,EXOC3L2,32.662178,6.366971,5.38189469514317e-234,1.7435872048510477e-232
3,BMX,16.320053,6.3542905,7.107358420903237e-60,8.776153684173246e-59
3,TMEM88,71.3179,6.345199,0.0,0.0
3,AC004947.1,2.4025536,6.3296876,0.016281054312949097,0.04597519832346439
3,SLCO2A1,51.951496,6.312832,0.0,0.0
3,ESAM,115.19176,6.3048472,0.0,0.0
3,AC004540.2,20.50008,6.303162,2.149383173912323e-93,3.575402893224336e-92
3,LINC02147,5.2044096,6.3026643,1.9461442296604676e-07,8.302205618511535e-07
3,SPNS2,55.321613,6.2812953,0.0,0.0
3,CD34,124.14478,6.2238016,0.0,0.0
3,RBP5,48.551983,6.139476,0.0,0.0
3,ANO2,15.671042,6.1355867,2.3863426534127684e-55,2.809702567201083e-54
3,SLC5A4,3.6999373,6.130015,0.00021565262610540197,0.0007467147339278129
3,CAPN11,4.8960366,6.121284,9.778875109084056e-07,4.011623214712781e-06
3,MMP28,43.388515,6.1160183,0.0,0.0
3,LINC01268,18.353996,6.0856633,3.067017492598847e-75,4.4089446345931425e-74
3,ADAD2,5.901018,6.085095,3.6126532768385083e-09,1.6813171936040924e-08
3,AC074286.1,2.5917754,5.990378,0.009548204722524547,0.02783234587938
3,KANK3,89.66121,5.967154,0.0,0.0
3,AC233309.1,5.6334305,5.9576917,1.7665958980061305e-08,7.942999624625469e-08
3,SHE,69.03047,5.9453764,0.0,0.0
3,ZNF385D,76.60939,5.899847,0.0,0.0
3,SPINK5,23.663181,5.8975034,8.636466488939001e-124,1.7724254301038362e-122
3,LINC02197,6.15246,5.8911757,7.629016839645394e-10,3.6607673259264124e-09
3,SHANK3,73.44386,5.8842087,0.0,0.0
3,KRT222,7.9794455,5.866178,1.4699241100564261e-15,8.651865257953524e-15
3,ADAMTSL1,38.045506,5.822547,0.0,0.0
3,LINC02805,2.3732312,5.793223,0.017633220168446394,0.04954904407184041
3,CYYR1,106.586334,5.791865,0.0,0.0
3,HOXD1,6.7861443,5.789185,1.151700504141693e-11,5.952442722660085e-11
3,ADCY4,78.341415,5.7420235,0.0,0.0
3,ADGRF5,91.11001,5.7273307,0.0,0.0
3,KIAA0087,5.4209933,5.7201047,5.926882155141958e-08,2.595750981564014e-07
3,TSPAN7,95.46451,5.711436,0.0,0.0
3,AL583785.1,9.460717,5.6998663,3.0583888143066085e-21,2.094054565435852e-20
3,AC002480.2,2.9744182,5.6916847,0.0029354469804414324,0.009090767517485306
3,GPM6A,35.440804,5.680545,4.01964745024196e-275,1.4968101655979308e-273
3,NOS3,36.63837,5.668954,7.010039772129298e-294,2.7741267507964175e-292
3,WSCD1,17.151102,5.6507206,6.167072967883225e-66,8.145543770015677e-65
3,FENDRR,6.3489227,5.641606,2.1682771188216043e-10,1.0647432620181017e-09
3,ARHGEF15,52.818005,5.6319156,0.0,0.0
3,TPO,4.2148457,5.6270227,2.499491658192843e-05,9.342337486971363e-05
3,NOSTRIN,113.58625,5.568767,0.0,0.0
3,ASB9,30.81443,5.5628967,1.679215569385093e-208,5.048591011963528e-207
3,LRRC70,5.936816,5.5437083,2.906097488743776e-09,1.3588313931104975e-08
3,RUNDC3B,55.480835,5.536057,0.0,0.0
3,ZNF366,34.84535,5.5296793,5.0075322099690955e-266,1.8143938805804787e-264
3,SSTR1,3.4418528,5.527655,0.0005777444404404583,0.0019270826052982136
3,TMEM255B,73.20445,5.504851,0.0,0.0
3,CCL23,28.424084,5.501639,1.019206989882377e-177,2.713232595718745e-176
3,PCAT19,111.41874,5.487196,0.0,0.0
3,GALNT18,68.06071,5.4615088,0.0,0.0
3,GPR4,26.778748,5.4331384,5.714466548132159e-158,1.4118066954685904e-156
3,DOC2B,35.220062,5.4267225,9.860210689475309e-272,3.6496949913726154e-270
3,CYTL1,33.24447,5.4189167,2.45370720730802e-242,8.18087687769892e-241
3,MUCL1,4.0884805,5.402243,4.342082021189228e-05,0.0001589867658202766
3,TLL1,25.641348,5.3977237,5.2802588619369914e-145,1.2279681011729617e-143
3,NUAK1,90.15393,5.3967466,0.0,0.0
3,USHBP1,40.851112,5.3653135,0.0,0.0
3,PCDH12,29.834639,5.351931,1.3891580769710274e-195,3.9791203600503746e-194
3,AC005699.1,2.566851,5.3351927,0.010262673642136632,0.029782953451410035
3,LIFR,123.70681,5.287031,0.0,0.0
3,ZNF341-AS1,4.275801,5.2483797,1.9045124328874854e-05,7.180137321694744e-05
3,HAGLR,9.452999,5.2329574,3.2925880445116395e-21,2.2529116380721996e-20
3,GJC3,6.5744143,5.2191725,4.884500045252662e-11,2.4631300848201017e-10
3,SCARF1,64.88484,5.2107406,0.0,0.0
3,MALL,60.84754,5.2015214,0.0,0.0
3,CAVIN2,121.15659,5.19683,0.0,0.0
3,A2M,135.91649,5.179115,0.0,0.0
3,HYAL1,22.046282,5.168001,1.0370221450714324e-107,1.9066771824939182e-106
3,PTPN5,9.560928,5.1407075,1.1670457374779793e-21,8.069324968284544e-21
3,TACR1,16.734726,5.1370625,7.319375166159514e-63,9.32865683548421e-62
3,BAALC-AS2,4.554159,5.127441,5.259550450137906e-06,2.0597684460518533e-05
3,TEK,70.52242,5.087307,0.0,0.0
3,THSD1,41.273846,5.0606847,0.0,0.0
3,AC010976.2,3.254181,5.051329,0.0011371983208965713,0.0036838264861073612
3,NOTCH4,66.80482,5.047311,0.0,0.0
3,RAMP2,126.855415,5.0339923,0.0,0.0
3,TM4SF1,125.08086,5.0302386,0.0,0.0
3,MYRIP,53.335464,5.003728,0.0,0.0
3,AC244100.2,3.010178,4.9535956,0.0026109447685605316,0.008135385400713931
3,EBF3,11.963345,4.9286613,5.528939725540354e-33,4.79200617210532e-32
3,LEPR,101.771416,4.9204807,0.0,0.0
3,XKR5,7.5621166,4.8952923,3.9656247752867964e-14,2.233744576814088e-13
3,MIXL1,7.774606,4.8792486,7.568233066708997e-15,4.3502209297521854e-14
3,RASIP1,97.180885,4.865468,0.0,0.0
3,RAPGEF4,39.41835,4.864697,0.0,0.0
3,AC073072.1,2.6993117,4.8598337,0.006948306209074144,0.02063329169906366
3,CNTNAP3B,51.099594,4.844438,0.0,0.0
3,FOXF1,17.237173,4.771387,1.3970107966956234e-66,1.8570930190740484e-65
3,HAPLN1,6.4693065,4.7694745,9.845361863461955e-11,4.900009647568739e-10
3,FUT1,16.453243,4.765716,7.949474915227109e-61,9.903039951830886e-60
3,PECAM1,123.06409,4.7602634,0.0,0.0
3,CALCRL,110.850945,4.7538185,0.0,0.0
3,TSLP,23.271646,4.7445407,8.589798333457032e-120,1.7216919396378501e-118
3,CETP,9.56072,4.7370143,1.1693941332439037e-21,8.083754076530828e-21
3,F2RL3,15.585204,4.7341437,9.176925453721636e-55,1.0735474451104262e-53
3,RAMP3,81.28196,4.7273192,0.0,0.0
3,SCHIP1,15.315966,4.722703,5.981644966526769e-53,6.86246106089246e-52
3,AC116614.1,5.381329,4.71637,7.393795213133538e-08,3.222677036416842e-07
3,CRHBP,12.650816,4.693181,1.1071831020435312e-36,1.024235502390285e-35
3,LINC01558,5.4618683,4.6767206,4.711495763970191e-08,2.0734472387445067e-07
3,SPARCL1,128.73679,4.6710725,0.0,0.0
3,SCN3B,11.956884,4.658908,5.9762567709931954e-33,5.175347941190437e-32
3,PALMD,117.28272,4.6583433,0.0,0.0
3,TCF15,19.56994,4.6518927,2.79005245410212e-85,4.348570408418266e-84
3,ABCG2,74.15496,4.6442194,0.0,0.0
3,FO393415.1,8.114424,4.61338,4.88095696607192e-16,2.9167775899146335e-15
3,OPCML,3.3424764,4.59449,0.0008303443305013722,0.0027298640807154463
3,SNTG2,8.747911,4.56784,2.1733713572823958e-18,1.3835713396401031e-17
3,KIF17,15.281311,4.5531874,1.0187080310539046e-52,1.1639633684208143e-51
3,GIPC3,11.442305,4.5488353,2.5696771113841553e-30,2.134973400041669e-29
3,LINC01013,8.901952,4.5283604,5.48730857077703e-19,3.5554768552831385e-18
3,CPXM2,62.007137,4.512638,0.0,0.0
3,AC025569.1,14.464826,4.5076766,2.0211573874601345e-47,2.1773409332251785e-46
3,ADGRG6,36.02333,4.499956,3.6086028351944255e-284,1.383760394880324e-282
3,S1PR1,73.258446,4.494317,0.0,0.0
3,HCP5,5.5752473,4.4935827,2.4717847838754505e-08,1.1023874792963716e-07
3,IL3RA,64.06623,4.48772,0.0,0.0
3,SENCR,30.901718,4.4836364,1.1326273128883779e-209,3.4185656601016696e-208
3,FGD5,62.544453,4.48356,0.0,0.0
3,RAB3C,10.323941,4.472037,5.492158180004608e-25,4.080435886283712e-24
3,CD93,107.788155,4.467055,0.0,0.0
3,GPR146,60.106815,4.466798,0.0,0.0
3,CCL21,6.4240274,4.4627614,1.327153656223971e-10,6.573451611043954e-10
3,RELN,4.6340055,4.4511914,3.586571312401391e-06,1.4195179863284643e-05
3,LDB2,114.75005,4.4415674,0.0,0.0
3,F8,48.088074,4.4378843,0.0,0.0
3,C1orf115,77.79502,4.4166574,0.0,0.0
3,VAX2,5.163361,4.411366,2.425545703049391e-07,1.0304651689917187e-06
3,RASSF9,43.94338,4.3847585,0.0,0.0
3,DNASE1L3,28.62976,4.3803177,2.86416252007996e-180,7.758341017362956e-179
3,FAM107A,65.79991,4.3697076,0.0,0.0
3,DNM3,46.451004,4.3672137,0.0,0.0
3,SEMA3G,7.220985,4.360636,5.161243681892253e-13,2.7941593707522134e-12
3,SOX7,44.66742,4.3593454,0.0,0.0
3,KDR,76.19327,4.354914,0.0,0.0
3,TBX1,8.500301,4.3385916,1.8909851639336877e-17,1.1757127029108526e-16
3,MAPK11,40.17568,4.2839947,0.0,0.0
3,LMCD1,105.474495,4.2704344,0.0,0.0
3,LIMS2,78.73501,4.2688055,0.0,0.0
3,IFI27,125.00093,4.2682767,0.0,0.0
3,AL109741.1,11.3707285,4.2586107,5.849721407072668e-30,4.8289887694549936e-29
3,HRCT1,20.598782,4.256359,2.814316315723835e-94,4.704276601951139e-93
3,PKN3,29.595297,4.2492905,1.7177576790800276e-192,4.879663289276325e-191
3,CDH12,12.567974,4.2458496,3.167355821908375e-36,2.9039889168710224e-35
3,HOXD9,75.92445,4.238521,0.0,0.0
3,AC055874.1,2.9685636,4.2261114,0.0029919518779334465,0.00925370326141189
3,TDRD10,12.0695915,4.2235794,1.5289073478306681e-33,1.340537287926311e-32
3,IL33,81.97383,4.220771,0.0,0.0
3,CPLX1,70.696495,4.2147365,0.0,0.0
3,TDGF1,19.67359,4.202635,3.6313969535854535e-86,5.694347318339199e-85
3,ENPP2,82.86476,4.20029,0.0,0.0
3,DHH,4.3580866,4.182213,1.3120434995260666e-05,5.000780421735373e-05
3,FZD4,72.09554,4.1814466,0.0,0.0
3,DYSF,47.776966,4.1734333,0.0,0.0
3,CA4,26.794004,4.1639514,3.7952289607928925e-158,9.391444474877976e-157
3,EDN1,55.154408,4.1535993,0.0,0.0
3,SNCG,84.43871,4.1423025,0.0,0.0
3,LOXHD1,2.4236248,4.122892,0.015366469403858154,0.043595692111716905
3,ACR,3.5320106,4.0976815,0.0004124127164802873,0.0013953409773679519
3,JCAD,53.951313,4.0920305,0.0,0.0
3,SHROOM4,49.55751,4.085823,0.0,0.0
3,ABCB1,79.759476,4.084359,0.0,0.0
3,CYP26B1,11.875314,4.079125,1.590357346515594e-32,1.3710787868551594e-31
3,PREX2,80.01158,4.076472,0.0,0.0
3,ANGPT2,68.95251,4.0745835,0.0,0.0
3,AC092384.1,5.422408,4.0724683,5.880141219116173e-08,2.576010271569434e-07
3,HECW2,21.350342,4.0674453,3.871019791794601e-101,6.821072332097818e-100
3,PDGFB,53.129368,4.067184,0.0,0.0
3,ARHGAP29,112.67575,4.06434,0.0,0.0
3,QRFPR,2.6936796,4.059877,0.007066808490365768,0.02095699961732247
3,CARD10,42.197517,4.058846,0.0,0.0
3,APLN,4.1119084,4.055298,3.924017419287358e-05,0.0001444320666641829
3,FMO2,22.485678,4.0536294,5.731920771957528e-112,1.084852879968716e-110
3,LINC02185,6.385451,4.035776,1.7089326120095092e-10,8.425264035632143e-10
3,JAM2,98.17405,4.0274057,0.0,0.0
3,RAPGEF5,63.255924,3.9908166,0.0,0.0
3,AL845472.1,5.436855,3.9879158,5.422934424775764e-08,2.3787487122700048e-07
3,RNASE1,114.18181,3.9729767,0.0,0.0
3,LY6H,6.72726,3.9334,1.7288767891262778e-11,8.877620023513186e-11
3,SEMA6B,56.69552,3.9071274,0.0,0.0
3,MYORG,12.080297,3.904505,1.3423299772812345e-33,1.1772812885309625e-32
3,EHD4,98.754196,3.890164,0.0,0.0
3,SMAD1,87.83279,3.8706284,0.0,0.0
3,AC007952.7,5.3740473,3.8672607,7.698866325439394e-08,3.3537542145222744e-07
3,DOCK9,80.76333,3.8668687,0.0,0.0
3,BCAM,121.29631,3.8643532,0.0,0.0
3,GJA5,4.64026,3.8546903,3.479709774249869e-06,1.3788126922146244e-05
3,PIK3R3,59.0776,3.852338,0.0,0.0
3,CDH24,36.459717,3.8399649,4.826399831412806e-291,1.8882220201199441e-289
3,LINC00636,2.8786829,3.839734,0.003993396989757851,0.012190016865426754
3,GNG11,132.81462,3.8369462,0.0,0.0
3,EPAS1,108.8926,3.836873,0.0,0.0
3,PLK2,79.77673,3.8354647,0.0,0.0
3,FAM43A,75.22772,3.8312294,0.0,0.0
3,ACVRL1,65.693184,3.8127334,0.0,0.0
3,LINC00461,10.627005,3.8083947,2.2316445722149465e-26,1.7110751375204008e-25
3,RP1,22.696405,3.8023238,4.8616333775718026e-114,9.350249085290087e-113
3,AC008875.3,2.8882732,3.7995949,0.0038736325862750126,0.011839632352057141
3,KCNN3,31.190037,3.7964952,1.4543013270509872e-213,4.445904165693854e-212
3,POSTN,39.732216,3.7905986,0.0,0.0
3,ELK3,112.106865,3.787473,0.0,0.0
3,AC008543.1,6.586068,3.7834802,4.5162591570442154e-11,2.2819032494158178e-10
3,FAM241A,70.22958,3.781975,0.0,0.0
3,KIAA1549L,2.8014138,3.7613683,0.0050879228101226625,0.015383724348704865
3,SYT15,29.217833,3.7562466,1.1511974769399307e-187,3.2054108486290484e-186
3,CASKIN2,48.031147,3.731436,0.0,0.0
3,ARL4A,104.34522,3.730333,0.0,0.0
3,GRASP,79.34601,3.7078,0.0,0.0
3,THBD,51.505676,3.6993117,0.0,0.0
3,MCF2L,45.28132,3.6921122,0.0,0.0
3,ICAM2,85.82417,3.6894867,0.0,0.0
3,NRARP,29.525936,3.6875231,1.3379266845862001e-191,3.776374432922894e-190
3,PLCB4,74.439995,3.682973,0.0,0.0
3,IL6,15.764105,3.6709266,5.494491971208803e-56,6.528960528802401e-55
3,PTCHD4,3.1103125,3.6609757,0.0018688958306276313,0.005907943483400655
3,HSPG2,110.76885,3.6347458,0.0,0.0
3,CC2D2B,11.224453,3.6306748,3.092945627146882e-29,2.508361860357614e-28
3,SH3BGRL2,44.2341,3.6230037,0.0,0.0
3,TBXA2R,13.112941,3.6170564,2.776195848624255e-39,2.6713538322985635e-38
3,GIMAP8,75.009636,3.6062298,0.0,0.0
3,CSMD1,3.4191437,3.6052573,0.000628185669525906,0.002089467766685017
3,ELOVL7,11.282707,3.5720177,1.597522355716559e-29,1.3065526183681314e-28
3,HSPA12B,31.67617,3.570469,3.3083950652785228e-220,1.0297337994215841e-218
3,NPNT,29.88943,3.5596972,2.700065742764612e-196,7.748461644533506e-195
3,KL,14.3457985,3.5443225,1.1318978606355372e-46,1.2054985244197984e-45
3,TSPAN18,46.36367,3.544168,0.0,0.0
3,ZNF521,59.51049,3.5417955,0.0,0.0
3,FOXC1,51.763916,3.5348275,0.0,0.0
3,LMO2,105.252464,3.5304284,0.0,0.0
3,EMP1,91.688866,3.5283897,0.0,0.0
3,AKAP2,13.778176,3.5217066,3.4487432191740003e-43,3.4993534693043606e-42
3,LINC00323,6.1123395,3.5149207,9.818105543337691e-10,4.692981565541881e-09
3,RHOJ,57.522873,3.5106,0.0,0.0
3,ARAP3,33.800076,3.5103035,1.9672193988352888e-250,6.733205975614869e-249
3,MCTP1,50.32513,3.5043194,0.0,0.0
3,LRATD2,3.0437427,3.4980536,0.0023365489961262934,0.007317430319513158
3,ADAM15,86.320145,3.4928362,0.0,0.0
3,GALNT15,30.946657,3.490734,2.817867246345782e-210,8.530051222606178e-209
3,AC009336.2,2.723207,3.4898708,0.006465154580540206,0.019302408483457895
3,PEAR1,41.452415,3.4867167,0.0,0.0
3,IGFBP7,117.56373,3.4856067,0.0,0.0
3,CAV1,115.1973,3.4750724,0.0,0.0
3,BAALC,31.851572,3.4746296,1.2519216698939213e-222,3.9322299848995353e-221
3,GRB10,49.478237,3.4722242,0.0,0.0
3,AC090630.1,9.603848,3.468979,7.70138340586324e-22,5.341711331351328e-21
3,ITGA6,105.75819,3.4636362,0.0,0.0
3,FAM124B,10.932125,3.4581513,8.093078442344982e-28,6.397257683313463e-27
3,ARHGAP31,56.380978,3.4438543,0.0,0.0
3,CSGALNACT1,55.733505,3.4399157,0.0,0.0
3,PIK3C2B,39.79013,3.42184,0.0,0.0
3,GIPC2,41.45223,3.418468,0.0,0.0
3,AC007952.5,3.9950433,3.4175732,6.468244646077199e-05,0.00023403656904273938
3,CCDC68,44.903824,3.4113371,0.0,0.0
3,FAM171A1,56.61202,3.393747,0.0,0.0
3,NPDC1,119.50946,3.3904402,0.0,0.0
3,CTGF,61.619843,3.3771584,0.0,0.0
3,HYAL2,99.67833,3.3715985,0.0,0.0
3,HOXD3,18.848412,3.3687809,3.0279789559477615e-79,4.510156414047107e-78
3,AC083964.1,5.907975,3.3636029,3.4633804283542267e-09,1.613303675947914e-08
3,SYNPO,43.146378,3.3584788,0.0,0.0
3,AC243964.2,6.16374,3.3487594,7.104656811607483e-10,3.4118027979545133e-09
3,STARD8,27.926802,3.3459163,1.2614889479244715e-171,3.2818887974327983e-170
3,HAGLROS,11.078414,3.330009,1.5967582126656409e-28,1.2748903662840859e-27
3,ENG,111.763954,3.329707,0.0,0.0
3,GJC2,11.973447,3.3264525,4.895201259593477e-33,4.2486937750703624e-32
3,AL136317.2,2.5218115,3.3241348,0.011675224125423935,0.03362338353004823
3,CLEC3B,25.256248,3.3223195,9.670130993456962e-141,2.2008449087980435e-139
3,EPB41L4A-DT,12.831743,3.3210216,1.0888688785600847e-37,1.0232189245866992e-36
3,RAPGEF3,55.873493,3.3155448,0.0,0.0
3,TGFBR2,109.62634,3.3132746,0.0,0.0
3,NEURL1B,54.612686,3.303464,0.0,0.0
3,DTL,17.005426,3.2930582,7.4859194072502864e-65,9.754102492406601e-64
3,CABP1,11.447421,3.277327,2.4224462577934848e-30,2.0142735133070548e-29
3,CNTNAP3,8.441513,3.2747962,3.132567368376823e-17,1.936365193088449e-16
3,GGT5,55.188637,3.2705097,0.0,0.0
3,TMCC3,59.930386,3.2645638,0.0,0.0
3,VWA1,79.06884,3.2590978,0.0,0.0
3,HOXD4,13.085504,3.2547953,3.985123295439701e-39,3.823912005344764e-38
3,PLA1A,8.186443,3.252277,2.6905837987071534e-16,1.6235430196532994e-15
3,AC067735.1,2.68242,3.2504072,0.007309163729225293,0.02162591646363834
3,MEOX2,15.479974,3.250291,4.7366911734273984e-54,5.499508418374177e-53
3,CCDC188,2.78723,3.2475438,0.005316071558311654,0.016045295278587723
3,LAYN,65.182274,3.244543,0.0,0.0
3,GRTP1-AS1,4.9758954,3.2410154,6.494675460982208e-07,2.6925678668353735e-06
3,SEMA6A,55.855118,3.2304866,0.0,0.0
3,BEND4,5.2497025,3.2254803,1.5234499320846045e-07,6.531456103611995e-07
3,TMC7,6.2444825,3.2222357,4.252056351408032e-10,2.0624341753447593e-09
3,JAG2,31.216995,3.2221124,6.265540069269476e-214,1.919217511604675e-212
3,INKA1,21.744623,3.2165756,7.766759981537797e-105,1.4062522012266473e-103
3,SYN2,7.9953814,3.212475,1.2917364020142427e-15,7.617572405467316e-15
3,NPTX2,25.029804,3.206891,2.897222732235402e-138,6.488729201826057e-137
3,SPTBN5,3.6928265,3.2032025,0.00022177534265748085,0.0007669699580972095
3,ITM2A,101.818565,3.1931436,0.0,0.0
3,SLC16A14,22.215622,3.1927474,2.425981115888616e-109,4.522303881107929e-108
3,LYVE1,25.21254,3.191827,2.9187467135173094e-140,6.618466960724833e-139
3,CDA,54.816505,3.1884966,0.0,0.0
3,ANKRD20A8P,4.0522013,3.1857796,5.073799449177669e-05,0.00018498987799426002
3,SEMA3F,34.250748,3.1840553,4.2512005032757114e-257,1.4863331895332852e-255
3,CRIP2,105.84675,3.1804745,0.0,0.0
3,ENTPD1,82.46823,3.1724951,0.0,0.0
3,KCNJ2-AS1,4.8924537,3.1714709,9.958650283471294e-07,4.083746906079969e-06
3,LTC4S,65.61468,3.170311,0.0,0.0
3,MCAM,71.008224,3.1644993,0.0,0.0
3,IPO11,52.63001,3.1620507,0.0,0.0
3,AL359220.1,48.398605,3.1535432,0.0,0.0
3,FABP4,11.447278,3.1524463,2.4264641573222303e-30,2.0170717512199615e-29
3,RYR3,10.136233,3.1431632,3.815282259428736e-24,2.783075968660938e-23
3,AP000654.1,3.5935955,3.138456,0.00032614616924078087,0.0011126588760434991
3,SMAGP,41.81676,3.128481,0.0,0.0
3,KLHL3,27.87217,3.1253974,5.803307552516101e-171,1.507250643072396e-169
3,ACACB,45.548706,3.1253242,0.0,0.0
3,EFNA1,62.20674,3.1164215,0.0,0.0
3,MYO5C,60.39861,3.109356,0.0,0.0
3,FOLH1,17.010773,3.107923,6.833013858558744e-65,8.910884359766881e-64
3,NIBAN1,4.1715713,3.0979142,3.0250643031725066e-05,0.00011225316654838835
3,STOX2,23.557186,3.0943737,1.0595711582677988e-122,2.1658839807263795e-121
3,LINC01117,17.893023,3.0826137,1.3365962055605412e-71,1.8583076439612977e-70
3,EPB41L4A,46.794113,3.0757446,0.0,0.0
3,PCDH19,17.543552,3.0749295,6.662950635238856e-69,9.004451914443695e-68
3,GRAPL,4.2769647,3.0586956,1.894588064278495e-05,7.143593180755819e-05
3,EPHX4,10.261578,3.0484016,1.0497699076689058e-24,7.760162290438381e-24
3,NNMT,91.75631,3.0409408,0.0,0.0
3,TINAGL1,73.58645,3.0387466,0.0,0.0
3,MGST2,111.92364,3.037383,0.0,0.0
3,LINC01235,3.1745112,3.0349798,0.0015008910489379362,0.0047976046798557034
3,CADM3,6.889796,3.0346866,5.587253190079544e-12,2.9233999381376074e-11
3,OLFM1,51.38871,3.0327547,0.0,0.0
3,IL31RA,3.8329194,3.032412,0.0001266314472679453,0.000447137911654334
3,LINC02289,3.799847,3.0284853,0.00014478551922978414,0.0005089724798492878
3,RASL10A,5.912725,3.0236833,3.364938137958448e-09,1.5681565595579277e-08
3,LRRC32,32.51613,3.0215948,6.3088229041165556e-232,2.0268897037165322e-230
3,PODXL,73.58971,3.0169132,0.0,0.0
3,HMCN1,26.554033,3.011905,2.3070650048663247e-155,5.614524260267992e-154
3,PCDH1,29.180021,3.0068872,3.476823065212482e-187,9.646155339005582e-186
3,AL356275.1,10.761485,3.006638,5.232008499143759e-27,4.067044433677972e-26
3,CASC10,11.312025,3.0058758,1.1441763211634967e-29,9.392578368711871e-29
3,HHEX,46.961926,3.0019126,0.0,0.0
3,ESM1,2.677157,2.9966788,0.007424986886538607,0.021951795456499782
3,AC025175.1,3.0354667,2.9919178,0.002401638526311526,0.007511378459088274
3,CACNG8,6.203886,2.9860492,5.508571964553303e-10,2.658548309001389e-09
3,RASGRP3,26.121243,2.984717,2.0919441861176487e-150,4.985020737111655e-149
3,FLI1,76.41952,2.9819126,0.0,0.0
3,SAMD5,22.536379,2.9701188,1.826593195399331e-112,3.471987447122209e-111
3,TIAM1,53.931797,2.9699595,0.0,0.0
3,GPER1,9.382887,2.968845,6.4190749329806744e-21,4.3612738833509275e-20
3,CHRNA7,6.2064843,2.9640586,5.418300907808426e-10,2.616207251330027e-09
3,CD109,50.6575,2.9615061,0.0,0.0
3,IQCJ-SCHIP1,4.231888,2.9601285,2.3173817446356302e-05,8.683719396393481e-05
3,HOXD8,58.417736,2.9589922,0.0,0.0
3,SLC35G2,34.7112,2.9545102,5.33895773796276e-264,1.9232070723451636e-262
3,GRAP,25.54782,2.9539719,5.805733957344538e-144,1.3441035162520421e-142
3,PROX1,20.158722,2.9512525,2.2563689819634137e-90,3.666540279997015e-89
3,EFR3B,7.103139,2.9487448,1.2195488396934565e-12,6.5245968475689215e-12
3,TNFRSF10C,4.588719,2.9464636,4.459745812929145e-06,1.7534329454293482e-05
3,SPTBN1,118.19995,2.9462328,0.0,0.0
3,ITGA9,37.050556,2.9388323,1.7592779486924882e-300,7.173351393171336e-299
3,SNAI1,19.085732,2.9383278,3.317948370157123e-81,5.012112916737351e-80
3,ZNF541,2.39985,2.93418,0.01640179373320034,0.046284244076113264
3,CX3CL1,29.947536,2.9339366,4.737127930948848e-197,1.3670440052459016e-195
3,DACH1,36.3375,2.9317584,4.140030330751367e-289,1.6034576119364974e-287
3,HEG1,72.3949,2.9270704,0.0,0.0
3,BAALC-AS1,5.814353,2.9215388,6.086877151673138e-09,2.7995105971244298e-08
3,THSD7A,47.04867,2.920007,0.0,0.0
3,LIMCH1,64.19257,2.9192746,0.0,0.0
3,TIMP3,89.24344,2.90777,0.0,0.0
3,APOLD1,41.13228,2.902619,0.0,0.0
3,ITGB4,49.41393,2.9021318,0.0,0.0
3,AC007681.1,12.178673,2.897345,4.038004215752282e-34,3.566807553479731e-33
3,KIAA0355,85.99478,2.8968863,0.0,0.0
3,TFPI,72.19373,2.8823564,0.0,0.0
3,AC004540.1,8.8190565,2.8796303,1.1542811105728887e-18,7.418458366495378e-18
3,AL136084.3,4.2941365,2.8782866,1.753746829320712e-05,6.627100287787657e-05
3,MMP24,7.416253,2.8727612,1.2048008610377623e-13,6.658937806168476e-13
3,TMEM273,42.660534,2.8725593,0.0,0.0
3,MMP15,21.740463,2.8706007,8.503454622379694e-105,1.536937263239118e-103
3,ARL15,38.32949,2.8694222,0.0,0.0
3,FAM84B,47.384563,2.867944,0.0,0.0
3,GIMAP6,71.70311,2.8630886,0.0,0.0
3,CCDC85A,11.712088,2.8560035,1.1052398595521095e-31,9.394842777551444e-31
3,AOC2,3.3109603,2.8498542,0.0009297637039859304,0.003039260370078599
3,CTHRC1,65.67271,2.838794,0.0,0.0
3,SASH1,67.47828,2.831621,0.0,0.0
3,TRABD2B,3.7539148,2.8311944,0.00017409395907681496,0.0006078538175764935
3,PGM5,30.969946,2.8295486,1.3692319125477778e-210,4.157058027614358e-209
3,B3GALT1,3.5012426,2.8241627,0.00046309380444269543,0.0015598540036897504
3,PTPRM,67.41873,2.821118,0.0,0.0
3,STEAP1B,2.7978177,2.819405,0.005144914013029024,0.015549956718236654
3,EPHA4,34.95922,2.8186896,9.379171907144044e-268,3.426501963760059e-266
3,EDAR,2.5925038,2.818093,0.009528011451134851,0.027776657739130586
3,ADAMTS18,5.9784184,2.8169491,2.2531448735770424e-09,1.0583274864383837e-08
3,GIMAP7,94.2715,2.8126895,0.0,0.0
3,ID1,84.294754,2.812199,0.0,0.0
3,FAM84A,28.504051,2.8039963,1.0435625986667693e-178,2.7925012326401593e-177
3,HMCN2,6.668662,2.8027933,2.581462243444411e-11,1.3143871676211373e-10
3,CAV2,93.15877,2.8004823,0.0,0.0
3,SEMA3D,5.6091743,2.7961223,2.032945150812943e-08,9.103482436420694e-08
3,AC007743.1,4.400195,2.7944784,1.0815349781998607e-05,4.1452134884949275e-05
3,KIF19,6.4136386,2.7923265,1.42086682633945e-10,7.028606114224292e-10
3,LDLRAD2,4.6499004,2.7911007,3.320953850787207e-06,1.3170886778683461e-05
3,LINC00987,23.152267,2.7903805,1.379291439489323e-118,2.7379422299483944e-117
3,RBP7,56.790703,2.7862012,0.0,0.0
3,TGFBR3,77.276855,2.7854931,0.0,0.0
3,TMEM44,37.36531,2.7791388,1.4305270907686204e-305,5.950646136525673e-304
3,FIRRE,3.3015728,2.7769296,0.0009614441479277053,0.003138835352276496
3,NFIB,99.47304,2.7720177,0.0,0.0
3,TRPM6,10.801505,2.771296,3.3860732516625445e-27,2.648111487579308e-26
3,CAVIN1,106.845314,2.7674298,0.0,0.0
3,C3orf80,4.1640525,2.7667289,3.1264801710893545e-05,0.00011590514891190918
3,RAB11FIP5,33.302574,2.7527,3.543509452699086e-243,1.1891340570528845e-241
3,MPP3,9.303514,2.7518315,1.3587986236444253e-20,9.147547170764159e-20
3,DIPK1B,5.2998323,2.7513208,1.159091702582364e-07,5.005455812730631e-07
3,FZD6,57.115955,2.7448614,0.0,0.0
3,MAPK12,30.71297,2.7441545,3.8202335923908125e-207,1.1418951609286541e-205
3,CSF3,4.0978856,2.7437148,4.169414820701766e-05,0.00015306343254950643
3,AIF1L,25.129234,2.7398062,2.3838460813160373e-139,5.37399933152697e-138
3,SLCO2B1,43.589508,2.7376938,0.0,0.0
3,PLXND1,70.797844,2.733414,0.0,0.0
3,FAM69B,49.019962,2.7323358,0.0,0.0
3,HLF,37.738388,2.7308004,0.0,0.0
3,TMTC1,40.03462,2.7232676,0.0,0.0
3,GIMAP4,91.90533,2.7136245,0.0,0.0
3,PDE7B,33.33387,2.7030926,1.247945393249415e-243,4.192418290126051e-242
3,MT1M,39.283455,2.7003973,0.0,0.0
3,MTUS1,83.46241,2.697832,0.0,0.0
3,MFSD2A,24.231981,2.6903477,1.0241386524343116e-129,2.1905227218537903e-128
3,TEAD4,22.40473,2.6791422,3.5394106364060624e-111,6.65404893791984e-110
3,STK32B,3.2265348,2.6753685,0.0012529902631713392,0.004033135811688875
3,GFOD1,51.573166,2.6684282,0.0,0.0
3,PKP4,71.266,2.6654282,0.0,0.0
3,PRSS23,79.41373,2.6605854,0.0,0.0
3,EFCC1,16.984001,2.6490767,1.0787308487072511e-64,1.4032127247893525e-63
3,TCN2,50.58168,2.6479554,0.0,0.0
3,CNR1,4.965868,2.6448963,6.839444158024402e-07,2.8328424094352744e-06
3,ABLIM3,15.389499,2.6438036,1.9251910626380894e-53,2.221877526996095e-52
3,AC125807.2,3.8576448,2.6434455,0.00011448484254261594,0.0004056848232589579
3,IFI44L,57.810223,2.641085,0.0,0.0
3,RPS6KA2,45.52591,2.639998,0.0,0.0
3,SLCO4A1,12.277392,2.6397815,1.1979782012620852e-34,1.0676445290198173e-33
3,SH2D3C,49.488693,2.633591,0.0,0.0
3,ADAMTSL2,4.226479,2.633544,2.3737630476326833e-05,8.887855766032254e-05
3,PROCR,56.298958,2.6265137,0.0,0.0
3,FAM124A,8.40923,2.625858,4.1271003563202484e-17,2.5414682349629393e-16
3,INHBB,22.843729,2.62327,1.6869927410046444e-115,3.281301739850884e-114
3,AC005162.3,8.145476,2.6216888,3.7779087583143184e-16,2.268139588057899e-15
3,TMEM233,6.9875364,2.6205077,2.797550451694441e-12,1.479532714074608e-11
3,TNFRSF10D,22.567467,2.6193066,9.048219322125786e-113,1.7251900961686715e-111
3,VAMP5,99.4198,2.6170292,0.0,0.0
3,TRPM2-AS,2.8074024,2.6168787,0.00499427983671769,0.015110935576449696
3,FAM13C,35.467323,2.6162884,1.5686201809973937e-275,5.848171765269777e-274
3,HLA-E,126.03799,2.6133368,0.0,0.0
3,BTNL9,11.412244,2.613284,3.632370144219728e-30,3.0106104598390756e-29
3,KIAA1211L,24.773932,2.6076133,1.7124672245982407e-135,3.7778175953360336e-134
3,TRIL,10.924107,2.604836,8.840573083258826e-28,6.984549905017396e-27
3,ITPRID2,5.8503685,2.5961123,4.904848297148406e-09,2.2669978513528604e-08
3,HAPLN3,29.23194,2.5846682,7.619143453724755e-188,2.1233982572071324e-186
3,MKL2,61.351017,2.584587,0.0,0.0
3,CPNE8,44.874386,2.580803,0.0,0.0
3,SPRY4,17.17779,2.579736,3.89474759910044e-66,5.155244712864981e-65
3,HLA-DRB1,89.176346,2.575686,0.0,0.0
3,LPAR6,74.49004,2.5701504,0.0,0.0
3,CLIC2,42.368267,2.5689757,0.0,0.0
3,AP001528.2,21.314123,2.566575,8.396545718529116e-101,1.4745002188782919e-99
3,ARHGAP23,38.182198,2.5636866,0.0,0.0
3,GIMAP1,82.177505,2.5619845,0.0,0.0
3,TNFAIP1,48.188313,2.5596242,0.0,0.0
3,TMEM204,67.90416,2.5585456,0.0,0.0
3,PALD1,18.369148,2.5547986,2.320257808531053e-75,3.3385571735693323e-74
3,MYOC,2.7759538,2.5511718,0.005504001764576305,0.016567216842399674
3,WWTR1,79.86658,2.55084,0.0,0.0
3,ITGA5,64.02709,2.5498638,0.0,0.0
3,DOCK4,43.858845,2.543008,0.0,0.0
3,CRACR2B,31.56567,2.5425363,1.0930165852585642e-218,3.388351414301549e-217
3,TANC1,51.373848,2.5359442,0.0,0.0
3,NRP1,84.66241,2.534338,0.0,0.0
3,PPP1R16B,33.567783,2.528123,4.9540558612819266e-247,1.6770537185612323e-245
3,AL138828.1,9.391004,2.5275412,5.94310740785369e-21,4.042333201024076e-20
3,CA5A,6.792482,2.5267713,1.1022073906230114e-11,5.7023642152637114e-11
3,FRY,50.00334,2.520247,0.0,0.0
3,PRCP,82.16212,2.5200663,0.0,0.0
3,PLEKHG1,45.4229,2.5194342,0.0,0.0
3,RGCC,39.299187,2.5159965,0.0,0.0
3,RALGAPA2,63.248547,2.5137134,0.0,0.0
3,EXOC3L1,18.837452,2.5111485,3.7247160503846713e-79,5.537267867688265e-78
3,TBC1D30,13.732208,2.5063524,6.511778242007093e-43,6.587873326537258e-42
3,HOXA7,10.4178095,2.503921,2.0563509186263832e-25,1.5411163395243849e-24
3,ST6GAL1,62.56664,2.503485,0.0,0.0
3,MEF2C,84.50197,2.4962924,0.0,0.0
3,EPHB4,54.4639,2.4961286,0.0,0.0
3,TCF4,102.00063,2.4957163,0.0,0.0
3,KCNJ2,13.297318,2.495648,2.399186941042007e-40,2.346571860341307e-39
3,FILIP1,27.011724,2.4909654,1.0763095687891993e-160,2.6913834824083965e-159
3,TDRP,26.007135,2.490634,4.112394059103689e-149,9.747067728889395e-148
3,PGM5-AS1,3.5981178,2.4882193,0.0003205284835280052,0.0010944071851966479
3,AC098650.1,3.025031,2.4829345,0.002486076329425585,0.007763682036329853
3,STOM,95.46859,2.4609294,0.0,0.0
3,MYOZ3,2.9571733,2.4495964,0.003104736118413885,0.0095843067530781
3,CD59,112.6364,2.4457853,0.0,0.0
3,RASAL2,54.849705,2.4383628,0.0,0.0
3,ETS2,88.348335,2.4367404,0.0,0.0
3,EXOC6,48.33655,2.4343083,0.0,0.0
3,REEP1,9.04372,2.4331365,1.5142893087510996e-19,9.95578380463098e-19
3,TCAP,5.0095696,2.4313588,5.455189885572033e-07,2.2716727808323206e-06
3,DCLK2,16.602808,2.4286306,6.650611422448852e-62,8.382970931224578e-61
3,TCTEX1D1,6.9887486,2.4217398,2.773486087731102e-12,1.4670568973730135e-11
3,NEDD4,38.705574,2.4200182,0.0,0.0
3,KCTD12,76.99059,2.419684,0.0,0.0
3,STAB1,52.098656,2.4188564,0.0,0.0
3,TRIM47,47.53693,2.4124992,0.0,0.0
3,CYP46A1,14.5060425,2.4084222,1.1093917878794264e-47,1.2001390265309565e-46
3,ID3,77.19315,2.406811,0.0,0.0
3,CD320,70.14435,2.403727,0.0,0.0
3,BMPR2,80.14712,2.3933086,0.0,0.0
3,S100A16,93.20162,2.3908446,0.0,0.0
3,SCARB1,38.988487,2.3880396,0.0,0.0
3,RND1,4.9059644,2.3836534,9.296933084787161e-07,3.8184758917145086e-06
3,FAM43B,4.6785803,2.3817728,2.8886775331286487e-06,1.1511868489673087e-05
3,AC002070.1,4.260364,2.3816977,2.0409422484608303e-05,7.67576077794827e-05
3,ADD2,5.013194,2.378727,5.353381018973901e-07,2.2307799265663526e-06
3,HID1,19.663132,2.3786118,4.463081434704691e-86,6.991406888110384e-85
3,AC108134.3,11.5914545,2.3782282,4.553319337736449e-31,3.828330815326998e-30
3,NCOA7,80.17607,2.3777232,0.0,0.0
3,PIEZO1,47.67453,2.3768225,0.0,0.0
3,DOCK6,39.24451,2.374934,0.0,0.0
3,APOL3,44.92283,2.3725545,0.0,0.0
3,CEP112,40.27834,2.371786,0.0,0.0
3,ESR2,13.865438,2.3715653,1.0259688576845875e-43,1.04929250444929e-42
3,AKR1C3,50.127384,2.370132,0.0,0.0
3,SSFA2,66.40205,2.3694956,0.0,0.0
3,NDST1,40.369244,2.3682225,0.0,0.0
3,SYT7,12.56663,2.3664086,3.221658857544931e-36,2.9520252093134056e-35
3,LRCOL1,7.2881737,2.3629248,3.1418494673130454e-13,1.7138217699654834e-12
3,FLNB,66.973816,2.3604224,0.0,0.0
3,AC009962.1,3.6038382,2.3588715,0.0003135523684760274,0.0010717252142789214
3,CLU,68.068756,2.3552933,0.0,0.0
3,INPP1,51.093884,2.3536677,0.0,0.0
3,TPD52L1,68.15879,2.3521624,0.0,0.0
3,CADPS2,39.393295,2.3512099,0.0,0.0
3,SEMA3A,4.4333663,2.3495457,9.277297169983206e-06,3.573447453049239e-05
3,PLSCR4,52.97978,2.3456712,0.0,0.0
3,MGP,73.46212,2.341961,0.0,0.0
3,LRRTM2,4.147813,2.3406243,3.3566693080473415e-05,0.00012423012609725684
3,PXN,55.473152,2.3241274,0.0,0.0
3,CD74,82.09305,2.3239446,0.0,0.0
3,NPR1,38.994755,2.3206012,0.0,0.0
3,MAGI1,54.22158,2.31347,0.0,0.0
3,AL022323.4,15.2948,2.3116376,8.281523922198566e-53,9.472874162227649e-52
3,CCDC85B,105.68481,2.3110461,0.0,0.0
3,MEIS2,51.477695,2.3092563,0.0,0.0
3,GIMAP5,26.75274,2.3075037,1.1473557040397012e-157,2.8256034059565773e-156
3,STC2,4.726208,2.307398,2.287508734898917e-06,9.165158474140631e-06
3,SLC9A3R2,71.15465,2.3062997,0.0,0.0
3,NES,46.9334,2.306059,0.0,0.0
3,GPRC5B,37.21215,2.3040059,4.340759979659993e-303,1.7887982492180188e-301
3,FAT4,24.982737,2.2930272,9.417897811188044e-138,2.104692463126456e-136
3,MAP3K11,58.042934,2.2907927,0.0,0.0
3,SLC1A1,22.101543,2.2880983,3.054460043459283e-108,5.646184004975841e-107
3,AC009041.2,8.332444,2.2863817,7.9190444001921e-17,4.837033701121289e-16
3,SCN1B,20.44875,2.2855618,6.163580950063549e-93,1.021435905756644e-91
3,PIM3,74.93382,2.2845693,0.0,0.0
3,KCNN2,2.4037573,2.2824917,0.016227545148401808,0.0458282837994933
3,KLHL14,11.968892,2.2729385,5.1714811895062556e-33,4.4847073267135197e-32
3,CRIM1,74.08247,2.271719,0.0,0.0
3,ATOH8,29.472116,2.2693756,6.556986733851369e-191,1.8473727345774318e-189
3,FOSL1,6.809774,2.2692432,9.775224063245252e-12,5.069175337629547e-11
3,PPM1F,46.689938,2.268731,0.0,0.0
3,LAMA5,53.84762,2.2677982,0.0,0.0
3,SEC14L6,5.5575624,2.2561474,2.7356807873002835e-08,1.2174468839897747e-07
3,NRGN,30.672289,2.2549078,1.3333084676625628e-206,3.9738249575744294e-205
3,SLC52A3,15.323966,2.254171,5.288949740537641e-53,6.0700174389452984e-52
3,ANO5,5.8217483,2.2481594,5.823527586829855e-09,2.6799846206990817e-08
3,COL13A1,5.2027454,2.2477293,1.9636570388922496e-07,8.373447585684707e-07
3,FBXO31,27.733364,2.2418296,2.765967956474785e-169,7.153788420984617e-168
3,LRRC8C,39.514904,2.240057,0.0,0.0
3,TCAF2,11.839665,2.2384102,2.4342287926006812e-32,2.091596032607986e-31
3,C20orf204,11.05231,2.2352612,2.1364644659144916e-28,1.701848124948948e-27
3,PLXNA2,28.31242,2.231491,2.430481128470044e-176,6.425909344535813e-175
3,CD200,35.869453,2.2297316,9.148984051337915e-282,3.465289829346825e-280
3,KLF2,67.63994,2.229159,0.0,0.0
3,ITGA10,15.678487,2.224645,2.1225063970987537e-55,2.5019185818127834e-54
3,SULT1B1,8.579831,2.2223647,9.501281347383423e-18,5.962560458955928e-17
3,FRMD3,15.642116,2.2204378,3.76023668825621e-55,4.4122109082739057e-54
3,LRCH1,35.903954,2.2197857,2.650044516307295e-282,1.0074406625523932e-280
3,ROM1,18.945522,2.2183692,4.80801496794916e-80,7.213656243417704e-79
3,RBM44,2.9325252,2.2143233,0.003362175768857187,0.010343894733034946
3,TNFAIP8L1,37.887287,2.2139356,0.0,0.0
3,CACHD1,36.423416,2.212115,1.8136163310532942e-290,7.059627196960223e-289
3,RBMS2,48.470493,2.2113683,0.0,0.0
3,NHSL2,32.22898,2.2103875,6.932279029553481e-228,2.206549412630375e-226
3,NOX4,11.557531,2.209265,6.762500385514675e-31,5.6734147506813805e-30
3,ADIRF,56.496887,2.2092636,0.0,0.0
3,ST6GALNAC3,15.314337,2.2091463,6.133427226470598e-53,7.031373712482447e-52
3,IGFBP4,89.744896,2.2046633,0.0,0.0
3,LYL1,41.18391,2.2033207,0.0,0.0
3,NAGS,7.0598526,2.201874,1.6667930475237782e-12,8.869761143219252e-12
3,GAS2L1,33.05429,2.2013738,1.3497645396953569e-239,4.471293958024051e-238
3,CTNNAL1,72.186356,2.2008855,0.0,0.0
3,GFOD2,42.76944,2.200443,0.0,0.0
3,ADAMTS6,17.545437,2.196771,6.445498875828251e-69,8.71820716653058e-68
3,SRL,2.6390007,2.1956282,0.008315081345561009,0.024431430663300134
3,CEACAM19,4.1822786,2.193381,2.8860183293540703e-05,0.00010729961326277668
3,ADRA2B,2.7233503,2.192157,0.006462351399242696,0.019295903265036614
3,ITPKC,23.163364,2.1918375,1.0662058185818238e-118,2.123274692970904e-117
3,GDF10,2.7409298,2.1885884,0.0061265569454167145,0.018337545565755804
3,ABHD6,21.777746,2.1878283,3.771694813024412e-105,6.845083475404905e-104
3,OSMR,45.011257,2.1874475,0.0,0.0
3,TJP1,87.837296,2.1872535,0.0,0.0
3,HOXD10,30.438612,2.1852157,1.6948925602999588e-203,5.017628770229006e-202
3,CBX2,8.378346,2.1835558,5.367658481595573e-17,3.292938084372258e-16
3,AL022326.1,2.771625,2.180651,0.0055777226740917115,0.01677604852940371
3,TSPAN13,48.962025,2.17764,0.0,0.0
3,RELL1,29.275715,2.1730673,2.1139212915928982e-188,5.907320556895272e-187
3,ELFN1,10.702788,2.1711054,9.87605167190836e-27,7.627164643270156e-26
3,ALS2CL,8.793839,2.1675854,1.4453386476887503e-18,9.254419221901016e-18
3,PARVB,49.699352,2.165048,0.0,0.0
3,OSBPL1A,68.02707,2.1645088,0.0,0.0
3,EPHA2,16.206514,2.1600642,4.535693091754184e-59,5.549670086573498e-58
3,SPRED3,2.7468617,2.1591,0.00601684879454823,0.01803187682469719
3,ABCC4,27.802944,2.1585727,3.996404161849101e-170,1.034479593218343e-168
3,RASA4,25.095623,2.1526775,5.551790938979613e-139,1.249739275681303e-137
3,KCNC4,29.543232,2.1408587,8.022834903301978e-192,2.268634568676617e-190
3,MAOA,46.381035,2.1382883,0.0,0.0
3,PPP1R13B,39.850628,2.134773,0.0,0.0
3,SPRY1,54.436245,2.1308613,0.0,0.0
3,NOTCH1,46.203094,2.1181858,0.0,0.0
3,LEF1,36.43888,2.116872,1.0319228923525593e-290,4.0269748527702715e-289
3,INSR,55.160114,2.1159167,0.0,0.0
3,KITLG,18.130772,2.1156378,1.8218185577316462e-73,2.582887438706972e-72
3,ALPK3,7.785519,2.1150422,6.942763474163931e-15,3.9966472470848314e-14
3,SNRK,59.95203,2.11018,0.0,0.0
3,AP003059.1,3.3152227,2.110025,0.0009157009834884962,0.0029948751636697307
3,FAM89A,41.46147,2.1092114,0.0,0.0
3,AC234772.3,3.0803797,2.1090686,0.002067367829311643,0.006512040104008861
3,HLX,18.755136,2.104391,1.757660790005528e-78,2.5992355041483662e-77
3,SH3BP5,79.28368,2.103546,0.0,0.0
3,DUSP6,57.385727,2.1023495,0.0,0.0
3,CCN2,6.301096,2.1012752,2.9554838558925526e-10,1.4432791836636297e-09
3,MRTFB,4.1740417,2.1006913,2.9924301132165095e-05,0.00011113558941262035
3,PPFIA3,12.926547,2.1004126,3.188171518260349e-38,3.018897583176244e-37
3,RBMS3-AS3,3.5293677,2.100106,0.0004165540346490618,0.001408427474991637
3,MDFI,18.572195,2.0981472,5.395087435208395e-77,7.854261298162312e-76
3,MPDZ,47.51751,2.098029,0.0,0.0
3,CALML4,4.2716875,2.0953534,1.9399917592455853e-05,7.311221229484613e-05
3,DOC2A,9.550547,2.0864248,1.2901371171197524e-21,8.904481437878558e-21
3,KLF4,43.225227,2.0856552,0.0,0.0
3,SLC7A5,17.409687,2.0843768,6.966367534347006e-68,9.361283538437518e-67
3,DUSP23,71.65841,2.082589,0.0,0.0
3,CRYBB1,2.3707333,2.0779855,0.017752841480976212,0.04986704277492791
3,PRKCH,59.365646,2.0748913,0.0,0.0
3,SWAP70,57.88215,2.0727036,0.0,0.0
3,GBP4,51.90532,2.0710893,0.0,0.0
3,JAG1,49.886127,2.0704782,0.0,0.0
3,DLL1,20.036581,2.069673,2.6431310478826108e-89,4.250325249578972e-88
3,SEC14L1,72.65222,2.0685642,0.0,0.0
3,EGLN1,52.582355,2.0681815,0.0,0.0
3,INMT,13.246943,2.0680327,4.699562925887109e-40,4.579110698309989e-39
3,RIPOR1,41.865486,2.066337,0.0,0.0
3,KIF26A,10.43069,2.0662088,1.7957915243114094e-25,1.3484944611792213e-24
3,SEC16B,7.464478,2.0660677,8.363052280938517e-14,4.653886511468612e-13
3,LGI2,6.404196,2.065958,1.5116408852383077e-10,7.469270158283034e-10
3,MLKL,30.702316,2.0606995,5.300667834681123e-207,1.5828767223815408e-205
3,HSPA2,43.318756,2.060593,0.0,0.0
3,MAP3K6,22.463556,2.0559242,9.432970502534692e-112,1.7820587978107562e-110
3,CPVL,61.31976,2.0537918,0.0,0.0
3,ICA1,45.33034,2.0534313,0.0,0.0
3,CD40,38.520275,2.043284,0.0,0.0
3,IFITM3,97.14561,2.0431917,0.0,0.0
3,TBKBP1,15.029684,2.0421355,4.692393110575263e-51,5.283344038927128e-50
3,RPGR,42.6593,2.0413053,0.0,0.0
3,AC083862.2,4.1040063,2.0401435,4.060561335872919e-05,0.00014924458224262614
3,SOCS3,43.87611,2.0362818,0.0,0.0
3,TNS2,61.31508,2.034235,0.0,0.0
3,TMEM140,28.452682,2.0337434,4.5146727716974244e-178,1.2049653830298126e-176
3,NOD1,16.991362,2.0305095,9.515332463123707e-65,1.238275286053745e-63
3,LPCAT4,33.3896,2.02599,1.941033695196177e-244,6.527913864790886e-243
3,MARC2,24.610304,2.025079,9.798933917840083e-134,2.1388110917986118e-132
3,PRRG1,19.539852,2.024707,5.0327598013748053e-85,7.82825904283297e-84
3,TAOK2,38.565804,2.018398,0.0,0.0
3,LINC01116,38.4256,2.0172303,0.0,0.0
3,GNG12-AS1,2.9721444,2.0140557,0.0029572748707757815,0.009153780113276623
3,UACA,67.08976,2.012036,0.0,0.0
3,MT2A,58.78269,2.0100944,0.0,0.0
3,SERTAD4-AS1,36.459225,2.006884,4.913358079562991e-291,1.9198123661827227e-289
3,LY96,53.529102,2.00467,0.0,0.0
3,FIGNL2,3.2019627,2.0036955,0.0013649469655747724,0.004379818922863319
3,HEY1,3.9639447,2.0017664,7.372135959558482e-05,0.00026540548177294583
3,COX7A1,67.27682,1.999868,0.0,0.0
3,ATP8B1,32.781364,1.9985996,1.085416073526879e-235,3.5574713239125395e-234
3,ECE1,66.08506,1.9981136,0.0,0.0
3,IL18BP,17.55992,1.9977002,4.994632289728085e-69,6.767606320851642e-68
3,TSC22D1,78.692184,1.9967473,0.0,0.0
3,BMP6,14.555907,1.9958827,5.357051048580893e-48,5.81969689836519e-47
3,HLA-DRA,72.73212,1.9949912,0.0,0.0
3,MT1A,9.907539,1.9914987,3.860380321669586e-23,2.7586768694067488e-22
3,TNFRSF10A,22.065037,1.985322,6.85126341371197e-108,1.2634367441980658e-106
3,HES1,44.87745,1.979651,0.0,0.0
3,EOGT,23.551722,1.9784123,1.2054092893541733e-122,2.460738765262182e-121
3,MID1,21.432499,1.9752109,6.651246179281964e-102,1.180080744334487e-100
3,MT1X,44.646847,1.9740313,0.0,0.0
3,KIAA1671,29.151058,1.969753,8.099783210114139e-187,2.243189961245499e-185
3,ZNF467,24.58426,1.9695694,1.8614368130751677e-133,4.05436417066344e-132
3,CSNK2A3,2.4791307,1.9692798,0.013170305715468721,0.037720860034109356
3,BACE2,57.974724,1.9689183,0.0,0.0
3,A4GALT,43.745182,1.9678519,0.0,0.0
3,SELENOW,102.80484,1.9677832,0.0,0.0
3,SLC39A10,59.240337,1.9654105,0.0,0.0
3,LRP5,37.07535,1.9651407,7.012797284899708e-301,2.866991080481419e-299
3,PIEZO2,7.2376633,1.9646547,4.564816054793505e-13,2.475605716888978e-12
3,ADARB1,26.74541,1.9620632,1.3962419269033777e-157,3.435800098312317e-156
3,FZD8,7.027461,1.9618031,2.1032557142559954e-12,1.1163545313499923e-11
3,AC008264.2,4.4112616,1.9608864,1.0277017708525776e-05,3.945736475992623e-05
3,SHC1,52.516903,1.9593184,0.0,0.0
3,SHROOM2,11.249831,1.9582764,2.3203567861642294e-29,1.890726791193721e-28
3,AL161785.1,3.4881673,1.955637,0.0004863438983537658,0.0016340287929579127
3,FKBP1A,103.8664,1.951434,0.0,0.0
3,SERTAD1,42.766186,1.9497757,0.0,0.0
3,STXBP1,28.404211,1.9463223,1.7938970449873932e-177,4.767323815083865e-176
3,SERPINB9P1,2.75706,1.9447248,0.005832362717654393,0.017511252624300012
3,LINC01209,3.6376166,1.9428884,0.0002751725489406659,0.0009447631604209243
3,ABLIM2,2.7844594,1.9417158,0.0053617022622610595,0.016168809817514156
3,ADGRL2,36.743637,1.9412853,1.4691130486673711e-295,5.843742213019619e-294
3,IL11RA,23.43264,1.9410046,1.9872871526871863e-121,4.0276120674165816e-120
3,ICAM1,21.260878,1.9396476,2.6147711092325317e-100,4.57614556472536e-99
3,ADAMTS4,11.12602,1.9330984,9.37270887342244e-29,7.518357465633723e-28
3,TMC1,4.3724065,1.9324803,1.2288433740723534e-05,4.6940875247131655e-05
3,MANSC1,37.028835,1.9302901,3.935088238057515e-300,1.600286475968995e-298
3,ZNF792,9.276766,1.927825,1.7470065427589707e-20,1.173288379336191e-19
3,CHST1,13.617244,1.9275678,3.1628019773950414e-42,3.1748204194656884e-41
3,CEP68,51.833916,1.9257556,0.0,0.0
3,AOC3,12.999032,1.924943,1.2390201761848418e-38,1.179741114767249e-37
3,ERF,37.263443,1.9219077,6.4185088026051935e-304,2.655647276601322e-302
3,SMIM10,29.914959,1.920578,1.2573977883698922e-196,3.621844682679241e-195
3,IRAK3,45.71206,1.9177198,0.0,0.0
3,RDX,80.919876,1.9132591,0.0,0.0
3,RILP,21.528221,1.9127194,8.472192705855846e-103,1.5074845132981383e-101
3,APP,96.005325,1.9113877,0.0,0.0
3,NR3C2,12.967595,1.9111242,1.8679896728956443e-38,1.774245753539818e-37
3,AL031058.1,7.0442743,1.9052124,1.8643035685654518e-12,9.905454769409046e-12
3,HLA-B,91.31664,1.9047077,0.0,0.0
3,CDK17,36.377705,1.9039698,9.587131117097198e-290,3.722480671308079e-288
3,MAP2,17.089539,1.9030718,1.7757315329749054e-65,2.3364212213561258e-64
3,CD79B,28.354912,1.9017812,7.280645226375398e-177,1.9315270558934288e-175
3,KCNMB3,10.166067,1.8997664,2.8102725301208396e-24,2.0562758780408332e-23
3,ZNF436,21.421904,1.8976375,8.35048886916003e-102,1.4807146269600058e-100
3,ACE,25.27333,1.8976101,6.276223485104402e-141,1.4305253632309865e-139
3,RALB,55.40899,1.8968945,0.0,0.0
3,PDLIM1,74.78098,1.8956778,0.0,0.0
3,DOCK9-DT,5.6624236,1.8932222,1.4924978596293208e-08,6.730176735856933e-08
3,RGS3,32.014935,1.8929698,6.757257116001262e-225,2.1376309691325587e-223
3,CSRNP1,30.376112,1.8929232,1.1360752150703776e-202,3.347252304306974e-201
3,RBMS3,39.740208,1.8926587,0.0,0.0
3,CNN3,82.36504,1.8882465,0.0,0.0
3,LPCAT2,40.35154,1.8861092,0.0,0.0
3,ATP11C,40.20048,1.884502,0.0,0.0
3,CPNE5,11.874031,1.8834349,1.6149510383802087e-32,1.3918932443730371e-31
3,UGCG,48.62523,1.8804545,0.0,0.0
3,C9orf40,20.91996,1.8754343,3.5240958507447846e-97,6.010995058442001e-96
3,CLDN15,21.935493,1.873931,1.1913983725134328e-106,2.177560585409383e-105
3,CCDC69,50.925068,1.8735858,0.0,0.0
3,CDH26,2.6115973,1.8694695,0.009012034854229762,0.02635395602608376
3,IFIT1,33.667618,1.8692949,1.7222630886196646e-248,5.875274313462248e-247
3,SLC39A14,30.023739,1.868889,4.8090811479656405e-198,1.3943177395888748e-196
3,TMEM74B,3.4654477,1.8673459,0.0005293496278862132,0.0017719710764734313
3,IFI44,43.900604,1.8670166,0.0,0.0
3,STARD4,23.607796,1.8666177,3.2052678162677705e-123,6.564957746679124e-122
3,UBTD1,16.761465,1.866329,4.6696963248060706e-63,5.971299309506877e-62
3,HIF3A,13.151273,1.8620156,1.6733343210955955e-39,1.6166847096624435e-38
3,ETV1,18.797878,1.8617054,7.859755316785199e-79,1.165649988367947e-77
3,TAF1C,27.94936,1.858401,6.711561035562489e-172,1.747550268964868e-170
3,ANKRD29,32.76124,1.8563588,2.100470619447515e-235,6.85525294986952e-234
3,RASGRF2,14.409916,1.8541307,4.482572276437041e-47,4.797190489883643e-46
3,TACC1,70.789185,1.8523458,0.0,0.0
3,FAM78B,4.9206476,1.8522707,8.625826787586853e-07,3.550858131645536e-06
3,EMP2,73.91097,1.8510176,0.0,0.0
3,NECTIN2,66.692215,1.8507392,0.0,0.0
3,C2CD2,28.37561,1.8501631,4.044591944271842e-177,1.0739364537938989e-175
3,PIR,18.587343,1.8483971,4.068331399032362e-77,5.925538103199492e-76
3,RGL2,47.00412,1.8443907,0.0,0.0
3,PRNCR1,10.005397,1.8399057,1.4431131921756982e-23,1.0384703010611013e-22
3,AP1S2,67.14387,1.8392576,0.0,0.0
3,EFNB2,32.616127,1.8361146,2.4228779543020813e-233,7.83304277548268e-232
3,ELN,28.790575,1.8359549,2.814603514657154e-182,7.677930346646836e-181
3,HOXA-AS2,5.1582723,1.8315806,2.4923892215249736e-07,1.0581356273306643e-06
3,MFNG,37.13106,1.8302722,8.862216918932013e-302,3.642347583955209e-300
3,TNFSF10,70.68371,1.8291038,0.0,0.0
3,GDPD3,6.34307,1.8289356,2.2523077406899413e-10,1.1051289941499287e-09
3,ITPRIP,26.042587,1.8268998,1.632366250197752e-149,3.8719527010638465e-148
3,SULT1C4,31.270607,1.8254333,1.1715108874146974e-214,3.595619364183322e-213
3,ROBO3,19.452898,1.8251027,2.7541917827183707e-84,4.251938333090744e-83
3,ACKR3,20.117083,1.8213398,5.229522506623616e-90,8.466676380943745e-89
3,SEMA6C,13.182375,1.8195263,1.1084584538559497e-39,1.0742905435348334e-38
3,C1orf54,37.490826,1.8181138,1.2995884087750739e-307,5.4352339580529376e-306
3,CASP10,29.920221,1.8179787,1.0740199410028412e-196,3.0965237235610834e-195
3,CRNDE,29.2016,1.8177962,1.8506687974920621e-187,5.1437608384970475e-186
3,DLC1,36.96168,1.8173424,4.7286868190848803e-299,1.912951878500738e-297
3,SLC24A1,10.71061,1.814774,9.076171712396881e-27,7.018194623844143e-26
3,SHB,17.140398,1.8132267,7.414107288615775e-66,9.780103028990514e-65
3,CHRNA5,3.6634538,1.8108566,0.00024883704369953874,0.0008572009038811462
3,NIBAN2,3.0020437,1.8105371,0.0026817357520989536,0.008348550250818126
3,RGS16,8.836671,1.810114,9.861351767401067e-19,6.34836073890991e-18
3,CASTOR1,15.4628,1.8083946,6.185028379654182e-54,7.175700905779722e-53
3,HLA-DPA1,72.37077,1.8066951,0.0,0.0
3,BCL3,28.228884,1.8063225,2.5859394245587824e-175,6.7904528287883e-174
3,DNAJB4,41.74336,1.8043947,0.0,0.0
3,YES1,50.165653,1.8043451,0.0,0.0
3,KLF8,14.098146,1.8039896,3.898741608411681e-45,4.070892124702021e-44
3,AKT3,51.20467,1.802539,0.0,0.0
3,TSPAN9,38.541454,1.8024304,0.0,0.0
3,FKBP9,54.764385,1.8015068,0.0,0.0
3,PLEKHG5,11.561836,1.7969598,6.431834126038933e-31,5.3974666666707926e-30
3,AC010524.1,9.852905,1.795805,6.659093179978312e-23,4.736768536561328e-22
3,SORBS2,45.467113,1.7892865,0.0,0.0
3,CGNL1,20.128248,1.7887958,4.174992454792043e-90,6.770015309562312e-89
3,EVA1C,38.59981,1.786851,0.0,0.0
3,RAB11A,80.37901,1.7846702,0.0,0.0
3,TSPAN4,65.5523,1.7824199,0.0,0.0
3,EPB41L3,25.215292,1.7772505,2.7226869080960474e-140,6.178420284032639e-139
3,LMBR1,33.224556,1.7771233,4.759194440124678e-242,1.5833414699777548e-240
3,TUBB6,52.83959,1.776995,0.0,0.0
3,RAPH1,27.420172,1.7739761,1.5765042778844932e-165,4.0036990728493044e-164
3,ITGA2,26.77778,1.7737498,5.864585995329257e-158,1.447737694549851e-156
3,EML1,19.688322,1.7722172,2.7153314189469794e-86,4.2622015320159624e-85
3,OLFML2A,24.377157,1.7711862,2.9881114736724823e-131,6.440276242454352e-130
3,AP000787.1,4.582297,1.7708876,4.598965930888073e-06,1.8065612611331682e-05
3,ASAP2,32.78092,1.7701279,1.1014120497721779e-235,3.60607438795643e-234
3,PXDC1,23.410023,1.7689238,3.3786080492609117e-121,6.838417745809233e-120
3,PIK3C2A,56.751568,1.7678642,0.0,0.0
3,SIK1,6.4133005,1.7677373,1.4240219695614978e-10,7.043086415944505e-10
3,LUZP1,59.999462,1.7666243,0.0,0.0
3,SCN9A,3.4303627,1.7632848,0.0006027747465653164,0.0020077550481834502
3,PINK1,48.682182,1.7559748,0.0,0.0
3,PTPN14,41.19222,1.7559088,0.0,0.0
3,AC068870.2,2.633079,1.7547818,0.008461467989262884,0.024847372080204082
3,MFAP3,12.261344,1.7540965,1.4605646667428518e-34,1.2994148576574934e-33
3,HDAC9,21.805918,1.75358,2.0388037401876576e-105,3.7044860198694845e-104
3,ZBTB46,20.417156,1.7512399,1.1771913539167101e-92,1.9466802127075314e-91
3,SELENON,43.419903,1.7499337,0.0,0.0
3,CCDC50,69.497696,1.7492864,0.0,0.0
3,S100A10,77.91231,1.7461061,0.0,0.0
3,SOCS2,49.162888,1.7444371,0.0,0.0
3,VASH1-AS1,8.565099,1.7442379,1.079831221459476e-17,6.760045282894071e-17
3,ITGA8,17.782364,1.743877,9.681001390948878e-71,1.3357620981698973e-69
3,TM6SF1,13.525934,1.7433106,1.0993848182233404e-41,1.0960866637686704e-40
3,FAM198B,44.990337,1.743123,0.0,0.0
3,HBEGF,13.955364,1.7430584,2.9180786239255136e-44,3.0093111788343625e-43
3,MAPK3,46.975456,1.7427461,0.0,0.0
3,TSPAN2,7.463026,1.7426612,8.455763568011493e-14,4.704631585896151e-13
3,NEK3,23.069326,1.7419457,9.411914842463683e-118,1.8551916583930168e-116
3,PART1,8.139379,1.7392851,3.9731044337276396e-16,2.3830145300450254e-15
3,RASAL2-AS1,2.4831755,1.7369715,0.013021694772504425,0.03731678445375932
3,LRMDA,31.529366,1.7293494,3.439659159916812e-218,1.0641596161716607e-216
3,MID2,4.180371,1.7289355,2.9103430670632924e-05,0.00010817795931897195
3,KALRN,19.664703,1.7284874,4.326848780703661e-86,6.781435865375662e-85
3,NAV1,22.232677,1.7268991,1.6593813683446074e-109,3.095141819639516e-108
3,PNP,29.37455,1.7260053,1.1611510922084414e-189,3.265486515640245e-188
3,SPATA6L,7.911322,1.7244583,2.546694369268017e-15,1.4862289061738407e-14
3,BCAR1,33.866966,1.7235388,2.0421648309831143e-251,7.020821849966086e-250
3,PCAT1,19.740509,1.7229998,9.679690957517225e-87,1.5248226729051217e-85
3,UTRN,70.84674,1.7208854,0.0,0.0
3,SCIN,9.807705,1.7189884,1.0431375857841354e-22,7.377632348702579e-22
3,CNKSR3,25.313799,1.7156733,2.2514768233359104e-141,5.150732359647889e-140
3,CARD6,21.987425,1.7154964,3.799485261368886e-107,6.956794488929394e-106
3,NDRG1,58.388123,1.7149564,0.0,0.0
3,SPHK1,15.797821,1.7148495,3.2205759042820434e-56,3.8342965898938796e-55
3,PTPRN2,26.418016,1.7144865,8.508235493523864e-154,2.0496027622629935e-152
3,PITPNM3,10.473493,1.7143981,1.1434413047188927e-25,8.619595220718736e-25
3,MET,32.0202,1.7131014,5.70829092086303e-225,1.8076449538023943e-223
3,AGAP2-AS1,19.221869,1.7125263,2.428668677409484e-82,3.694038524246797e-81
3,MYZAP,4.9532423,1.710214,7.298703129573886e-07,3.0145799495622087e-06
3,PITPNC1,39.23947,1.7090538,0.0,0.0
3,CCDC3,24.48369,1.7089812,2.2039053836973314e-132,4.773377974347121e-131
3,MECOM,42.88323,1.7058223,0.0,0.0
3,VEGFC,17.425695,1.7028412,5.266485774633728e-68,7.086254934114264e-67
3,DNMT3B,2.664969,1.7024349,0.007699543923656743,0.022711376603212347
3,AL354836.1,3.2655916,1.7002294,0.0010923565857131436,0.0035445107605917197
3,PALM2-AKAP2,4.654938,1.6980225,3.2407802254351777e-06,1.286612645183366e-05
3,CDC42EP5,45.83265,1.6938293,0.0,0.0
3,GPAT2,4.5323577,1.6937726,5.8328938983283085e-06,2.276515364511088e-05
3,NQO1,21.065804,1.691998,1.6382012435165254e-98,2.8207178737250835e-97
3,C6orf141,12.308526,1.6895021,8.149803799495554e-35,7.282046430500407e-34
3,DCHS1,34.92328,1.6852872,3.296349626419864e-267,1.2014183715065889e-265
3,SLC30A1,36.172443,1.6849914,1.6513372871238657e-286,6.363825627573232e-285
3,SH3BP4,23.968761,1.683616,5.890106350936367e-127,1.231701738757715e-125
3,SLC22A23,11.112762,1.6835537,1.0874200602781097e-28,8.711480508816884e-28
3,EBF1,35.974533,1.6828254,2.0932041340842543e-283,8.016686514515742e-282
3,PDE10A,15.831465,1.6826005,1.88774023344948e-56,2.2561634723597478e-55
3,CARD8,48.11855,1.6823509,0.0,0.0
3,MAST4,34.27568,1.681257,1.80795594523221e-257,6.342621384709639e-256
3,SPARC,61.23084,1.6805135,0.0,0.0
3,CMIP,50.272564,1.6792531,0.0,0.0
3,PHACTR2,65.89374,1.6749953,0.0,0.0
3,ELMO1,29.99264,1.674041,1.2241246886093677e-197,3.5458314668087845e-196
3,CRYBG3,35.933987,1.6693819,9.003423879738316e-283,3.443921062513269e-281
3,FSCN1,39.02474,1.6692326,0.0,0.0
3,STARD3,36.861027,1.6673591,1.947427926614876e-297,7.816773367257918e-296
3,AL138995.1,4.2100377,1.6661905,2.5532803541903282e-05,9.530704819681216e-05
3,AC009414.2,10.140102,1.6660216,3.667164173351353e-24,2.6775583063021555e-23
3,RALGDS,36.762737,1.6643771,7.277419654565141e-296,2.898494964737691e-294
3,PDE9A,15.398785,1.6637915,1.667740881009975e-53,1.9254713264615353e-52
3,COL15A1,35.775738,1.6636548,2.6335130778533274e-280,9.950365366407431e-279
3,SLC35E4,10.924008,1.6626775,8.850184253843557e-28,6.990356369372422e-27
3,PML,42.64061,1.6612697,0.0,0.0
3,MYO18A,15.666648,1.6607574,2.5571613567107956e-55,3.0096795907029917e-54
3,N4BP3,5.6613564,1.6604881,1.501810743996709e-08,6.77118375852754e-08
3,TMEM121,18.49651,1.6599003,2.2028334204597973e-76,3.1978850411531686e-75
3,HDGFL3,51.24412,1.6579076,0.0,0.0
3,GLCE,21.376389,1.6572942,2.216281421444188e-101,3.9142062795757443e-100
3,ADGRG1,34.255554,1.6572543,3.6054149081091336e-257,1.2619768806900224e-255
3,ADPRH,9.159621,1.6556711,5.207959206889173e-20,3.4608126253993473e-19
3,TPST2,48.417778,1.6556034,0.0,0.0
3,ME3,16.27597,1.6413587,1.4618152031283463e-59,1.800730270350251e-58
3,SDCBP,86.92763,1.6408793,0.0,0.0
3,MATN2,36.41464,1.6380031,2.4972198719059153e-290,9.708374161131588e-289
3,TDRD6,3.4514198,1.6377264,0.0005576454163872251,0.0018622524996520762
3,MATN3,4.953329,1.6368084,7.295444528437839e-07,3.013636782149536e-06
3,MRC1,26.97982,1.6366886,2.549848892352145e-160,6.370911860624716e-159
3,AKR1C1,5.593368,1.6359923,2.227064027550847e-08,9.953993911715695e-08
3,PLA2G4C,8.392796,1.6342676,4.7471656771526707e-17,2.9180717896530945e-16
3,ZNF676,2.4573312,1.6339118,0.013997359837865861,0.039927678865613304
3,KIFC3,19.849598,1.6303148,1.1108510749286958e-87,1.7606704704010874e-86
3,FCGRT,85.8891,1.6289122,0.0,0.0
3,TOX2,10.536059,1.6238474,5.891612222419136e-26,4.468516784252963e-25
3,FAM219A,14.904412,1.6232045,3.0851706767877077e-50,3.433682755040608e-49
3,TNFRSF10B,26.935272,1.621662,8.487436814943084e-160,2.118911224874361e-158
3,TLR4,29.94914,1.6194783,4.514625038206778e-197,1.3040515519238961e-195
3,COL4A1,49.566593,1.6193095,0.0,0.0
3,ENDOD1,36.253075,1.6169488,8.887653230642205e-288,3.433633729993233e-286
3,ASAP1,49.555504,1.6147105,0.0,0.0
3,NXN,41.037308,1.6142079,0.0,0.0
3,CTTNBP2NL,37.758457,1.6094332,0.0,0.0
3,PRKAR1B,19.313688,1.6064196,4.120646772203523e-83,6.298557358481419e-82
3,BAG3,24.22283,1.6045332,1.2788449757605429e-129,2.7334205854654976e-128
3,MGAT4A,42.942734,1.6036037,0.0,0.0
3,GNA14,6.980393,1.6033807,2.9435536586909747e-12,1.55595028098447e-11
3,AP000866.2,4.592293,1.5998379,4.384029756608311e-06,1.7247607903194125e-05
3,FAM189A2,22.711899,1.5983264,3.4175850352977786e-114,6.581140229654109e-113
3,GSN,74.14178,1.5978643,0.0,0.0
3,LCA5,22.535315,1.597743,1.8710429558404218e-112,3.554291618694525e-111
3,ANGEL1,11.967024,1.5926584,5.289196461441691e-33,4.585503367006405e-32
3,SRGN,58.524784,1.5922284,0.0,0.0
3,FLVCR2,7.152934,1.5914577,8.494232687802868e-13,4.564173325485453e-12
3,CYP39A1,11.7008505,1.5902267,1.2618189502627178e-31,1.0711078905731892e-30
3,KLF7,33.691277,1.5887147,7.757731538084045e-249,2.6493724712437967e-247
3,BEND7,24.22096,1.5866201,1.3381461382043178e-129,2.8581950721133966e-128
3,LRRC1,17.902433,1.5858693,1.1287874224715631e-71,1.5700914881336005e-70
3,FNIP2,34.068573,1.5850565,2.1549092732880097e-254,7.466567366537277e-253
3,PPARG,15.958684,1.5837421,2.4790526346108665e-57,2.98132606139759e-56
3,AC097534.2,16.638844,1.580954,3.6459710170466847e-62,4.6182797632730275e-61
3,CCRL2,9.810901,1.5796702,1.0106263592649631e-22,7.149331399817398e-22
3,PPP2R5A,46.51576,1.5794823,0.0,0.0
3,MSRB3,33.490696,1.5787371,6.583517549358929e-246,2.2213621932100045e-244
3,CDC37,81.26161,1.5770986,0.0,0.0
3,AL035681.1,3.0365794,1.5736496,0.0023927907267574785,0.007484463413813722
3,FAM234B,6.5779243,1.5702066,4.770614820693302e-11,2.407271710419068e-10
3,AC130650.2,6.8835664,1.570074,5.837232504495462e-12,3.052645431750275e-11
3,MIER2,14.891819,1.5689479,3.7249768394728647e-50,4.1398007615098106e-49
3,COL9A3,4.539746,1.5689113,5.632207827262765e-06,2.200969115149959e-05
3,PLS3,51.629524,1.5687801,0.0,0.0
3,CLSTN3,27.664217,1.5682539,1.8824963647128248e-168,4.844489187691863e-167
3,SCAMP5,5.065775,1.56807,4.0674224665207365e-07,1.7052607999560012e-06
3,BAIAP2L1,9.087818,1.5678543,1.0104632536100026e-19,6.670309222410157e-19
3,EHD2,42.88956,1.5663257,0.0,0.0
3,FLNC,7.322148,1.5656078,2.4403286616148626e-13,1.3353972723889971e-12
3,PTPRG,33.90896,1.5640001,4.915278385550996e-252,1.69172059089337e-250
3,EGR2,6.93337,1.5636476,4.10931748433923e-12,2.1625519408900488e-11
3,ZNF30,7.060386,1.5636051,1.6604074407686542e-12,8.83730200995984e-12
3,MSRA,32.741375,1.5633919,4.028359039151574e-235,1.3119546135201022e-233
3,PHLDB2,20.900393,1.5622879,5.310641975632929e-97,9.043306420985505e-96
3,SPOCK1,19.995138,1.5616561,6.071113662421165e-89,9.727315187374338e-88
3,STARD9,22.633356,1.5611058,2.0351111299887273e-113,3.8946860491988603e-112
3,FGF12,4.663904,1.5607936,3.1026623536482424e-06,1.233521808132316e-05
3,LDLR,24.016386,1.5604472,1.875061619283675e-127,3.942348943346975e-126
3,PCGF2,33.573315,1.5553933,4.11374873221855e-247,1.395649089645211e-245
3,LINC00839,4.616438,1.5546106,3.903830481496847e-06,1.541728708045273e-05
3,FGD6,25.833025,1.5538855,3.7752235155558183e-147,8.839457060248764e-146
3,IFITM2,86.14537,1.5519663,0.0,0.0
3,CNRIP1,32.29775,1.5514222,7.522710825525033e-229,2.3969528194278574e-227
3,DUSP5,20.29747,1.5504183,1.3537775672504977e-91,2.2196924812207496e-90
3,MARCH3,11.549453,1.5495265,7.429197776594402e-31,6.227670617879121e-30
3,AFAP1L2,28.43997,1.5453312,6.484340983132017e-178,1.7291762447425474e-176
3,LSR,32.339703,1.544242,1.936242611159837e-229,6.182174626355071e-228
3,KIAA1324L,7.271467,1.5419824,3.5560380239263567e-13,1.9342919254750425e-12
3,UCK2,19.484688,1.5368187,1.480774097813081e-84,2.2917518798752576e-83
3,HIP1,39.083454,1.5361389,0.0,0.0
3,NPR3,11.521873,1.5356641,1.0236060094782572e-30,8.557368389219502e-30
3,LINC00842,3.0417204,1.5334034,0.0023523036403372867,0.007362293530319445
3,AC147067.1,9.408709,1.5318167,5.0227161163221306e-21,3.4230890189011704e-20
3,KLHL5,31.683365,1.5315299,2.6335358164886476e-220,8.205110028247442e-219
3,SEMA3E,4.371143,1.5288206,1.235980031430644e-05,4.7190160384715146e-05
3,TMEM150C,20.925907,1.5239582,3.1108550727983465e-97,5.309066688844754e-96
3,MT1E,32.754982,1.5238059,2.578729794587045e-235,8.407257569757574e-234
3,PRTG,17.628536,1.5231956,1.4876981105905493e-69,2.030034680089276e-68
3,BST2,64.7017,1.52288,0.0,0.0
3,RFTN2,17.762955,1.5201899,1.3683653936701365e-70,1.8846733164956733e-69
3,RAMP2-AS1,6.694909,1.5178516,2.158057031814677e-11,1.1039236789522711e-10
3,ZBTB18,16.08872,1.5171558,3.061020700707299e-58,3.715906001443852e-57
3,GRPEL2,11.405472,1.5163362,3.9264257897360516e-30,3.249974340743764e-29
3,KBTBD2,32.060802,1.5129224,1.55228703225496e-225,4.920670287785031e-224
3,ORAI1,42.124725,1.5114738,0.0,0.0
3,AL512625.3,5.1483135,1.5114235,2.628385838162292e-07,1.11449473316068e-06
3,SEMA6A-AS1,3.1254885,1.5113213,0.0017750993377126487,0.005630438755201646
3,PVR,11.71892,1.5099598,1.0196331280661708e-31,8.669546379406092e-31
3,ARHGEF3,34.45126,1.5080811,4.311382347928238e-260,1.5263676314709972e-258
3,LHFPL6,55.873856,1.5057453,0.0,0.0
3,TNFRSF11A,3.9268167,1.5045599,8.607756314983985e-05,0.00030845208629241746
3,YBX3,73.73362,1.5033178,0.0,0.0
3,RAI14,36.605095,1.5031002,2.3732699655162448e-293,9.355950870435022e-292
3,C22orf34,4.2277164,1.50112,2.3607492458984022e-05,8.843010173673727e-05
3,PROB1,3.4752603,1.5001457,0.0005103581447976167,0.0017113636954822547
4,AP003555.2,2.3061929,7.2698603,0.021099855251856113,0.045476515081528376
4,AL162584.1,8.566358,6.90042,1.0681007381894797e-17,3.7091898331710393e-17
4,LINC01563,4.8187866,6.885512,1.444340064134587e-06,3.915465166407129e-06
4,MUSTN1,4.075514,6.851957,4.591285793659623e-05,0.00011707191652886557
4,F10,110.2311,6.8406706,0.0,0.0
4,FHL5,9.848146,6.830406,6.981965178507146e-23,2.6166072241071953e-22
4,AL355612.1,3.8571713,6.8170457,0.00011470681543231235,0.0002870642546207674
4,DCN,242.00499,6.7955675,0.0,0.0
4,MACC1-AS1,7.709168,6.787754,1.2664086424249399e-14,4.183954239596753e-14
4,SYT9,2.9320245,6.760668,0.0033676025104503334,0.007716101326302058
4,LINC02269,3.0012844,6.7571707,0.002688434329133708,0.006209194426134772
4,TRPC4,24.052368,6.5710177,7.884918891873302e-128,6.208896514423646e-127
4,AC131025.2,11.657117,6.568173,2.1106776591624233e-31,8.781089569488896e-31
4,SCN7A,65.37716,6.5622463,0.0,0.0
4,OR51E1,6.6975894,6.522908,2.1188529005905964e-11,6.564493444121248e-11
4,KCNE4,41.019627,6.509268,0.0,0.0
4,LINC02126,4.747632,6.4989495,2.058120699135079e-06,5.550155871928094e-06
4,GABRA3,3.039785,6.4847198,0.002367471490840334,0.005486760750405084
4,LINC01305,5.636847,6.4384556,1.7319172300067188e-08,4.982627369246733e-08
4,DHRS2,30.79077,6.425927,3.483024418609335e-208,3.6442056772497874e-207
4,CCN5,48.56311,6.422818,0.0,0.0
4,MMP27,2.9793293,6.390627,0.0028888010873731034,0.006653068197275746
4,DPT,31.576338,6.3652925,7.801928082199502e-219,8.413614488364968e-218
4,TMEM196,37.5364,6.348315,2.348320711852859e-308,3.207227054407261e-307
4,COX4I2,10.070852,6.3184543,7.433085770363917e-24,2.8281962563663375e-23
4,LMOD1,112.114265,6.3100786,0.0,0.0
4,GRID1,5.845151,6.296843,5.061094138081009e-09,1.4770843864558049e-08
4,SERTM2,3.595778,6.268659,0.0003234234551349506,0.0007901390188803983
4,TCF21,79.501396,6.239338,0.0,0.0
4,MYOCD,27.54044,6.210814,5.760591032374685e-167,5.2737733127252483e-166
4,EDNRA,119.34268,6.2107286,0.0,0.0
4,CPZ,15.247069,6.1988964,1.7218942757464215e-52,8.718641281208166e-52
4,AL356515.1,4.4496336,6.148604,8.601682202714502e-06,2.260071340978467e-05
4,GSTM5,62.477936,6.132339,0.0,0.0
4,MASP1,50.368458,6.121827,0.0,0.0
4,WFIKKN2,10.124389,6.055506,4.306610131172297e-24,1.642453101235713e-23
4,TARID,15.32286,6.0374765,5.379784998626941e-53,2.7365538998117654e-52
4,PDGFRA,207.27667,6.036876,0.0,0.0
4,LHFPL3,2.5310655,5.9716473,0.01137166227834674,0.025065180861279606
4,FGF10,18.876854,5.968868,1.7680926835579678e-79,1.0778390645113633e-78
4,WNT2,86.74325,5.9594026,0.0,0.0
4,AC011503.1,43.741844,5.9591403,0.0,0.0
4,HOXD11,62.216156,5.9285727,0.0,0.0
4,MIR100HG,24.913195,5.919999,5.353477611541757e-137,4.387693782548955e-136
4,ANGPTL5,15.770759,5.9193683,4.945224232172562e-56,2.577872243949357e-55
4,HAND2,134.41397,5.91646,0.0,0.0
4,CST11,2.7701716,5.9102697,0.005602675811792347,0.012642323232464487
4,REM1,29.56563,5.897526,4.135335772317096e-192,4.113640898455246e-191
4,PLN,20.41726,5.8942723,1.1747085705031814e-92,7.726477503413882e-92
4,AL359555.4,10.030762,5.8644753,1.116515579824739e-23,4.233609008176078e-23
4,PWWP3B,26.657457,5.8633547,1.4666437257161902e-156,1.2977256693590121e-155
4,MCHR1,5.124625,5.856989,2.981301169695908e-07,8.261730050371329e-07
4,ADAMTS16,32.807796,5.833467,4.558533508860309e-236,5.1684004093303586e-235
4,ARX,44.228546,5.833308,0.0,0.0
4,ANO4,22.841686,5.8221507,1.7677315378564977e-115,1.310512800204624e-114
4,HAPLN4,5.8111153,5.819717,6.205805284840553e-09,1.8072441716627437e-08
4,KCNK4,20.583694,5.8181486,3.8425244675905883e-94,2.547423932214121e-93
4,OSR2,152.38101,5.801545,0.0,0.0
4,LINC02253,11.956233,5.80033,6.0232667856603074e-33,2.552599842923394e-32
4,EBF2,3.1843581,5.7959275,0.0014507544825759777,0.003406660750112122
4,CARMN,141.54146,5.7892933,0.0,0.0
4,RORB,120.21423,5.7876053,0.0,0.0
4,RERGL,14.850743,5.780776,6.880171808997268e-50,3.412702136104615e-49
4,HPSE2,21.956877,5.780247,7.444198691140338e-107,5.285500779854685e-106
4,CNN1,52.366673,5.777747,0.0,0.0
4,HOXA13,12.860693,5.776486,7.490181418310704e-38,3.352143601154488e-37
4,AC073316.1,17.236986,5.767078,1.401543972341252e-66,7.891696038103676e-66
4,ENPEP,49.70505,5.7607155,0.0,0.0
4,COL1A1,216.60072,5.758068,0.0,0.0
4,STXBP5L,9.081771,5.757641,1.0682277728936385e-19,3.8336873869976413e-19
4,AC022034.1,5.490688,5.752545,4.0037115224177034e-08,1.1395405840626574e-07
4,AC092691.1,14.755063,5.7439656,2.8542574150937616e-49,1.409434956515464e-48
4,ABCC8,28.727484,5.742065,1.731338308732564e-181,1.66751240598309e-180
4,SHISA6,27.985851,5.739874,2.4155126872771597e-172,2.252073925359734e-171
4,ISLR,178.38747,5.7304,0.0,0.0
4,AC021683.2,4.1290383,5.727256,3.642839567882916e-05,9.331115740473835e-05
4,ASPN,30.907732,5.722485,9.403343321084644e-210,9.912316917624934e-209
4,HSPB6,96.48108,5.716154,0.0,0.0
4,PCDH18,114.13828,5.710858,0.0,0.0
4,PCSK1,4.475717,5.6869226,7.61553354363396e-06,2.005737496660373e-05
4,C1QTNF2,14.740361,5.685692,3.5488350901226456e-49,1.7507397626563545e-48
4,HOXA11,92.89531,5.683586,0.0,0.0
4,SYNPO2,151.84032,5.6829286,0.0,0.0
4,FGF10-AS1,4.0872455,5.6828637,4.365249467800132e-05,0.0001113909885248503
4,AC009951.6,3.0672252,5.6663475,0.002160559202419425,0.005020027309365296
4,AC007098.1,3.4766738,5.65924,0.0005076749508945489,0.0012282355935262484
4,TEX15,8.829616,5.6546917,1.0503629629211233e-18,3.7135172838026944e-18
4,LEFTY2,45.005672,5.6498475,0.0,0.0
4,COLEC11,61.674927,5.6436253,0.0,0.0
4,AC022424.1,5.648483,5.6258354,1.6187021261869902e-08,4.65951630940312e-08
4,PTPRN,11.968767,5.617513,5.179231836715923e-33,2.197316655832245e-32
4,MYL10,2.4458067,5.614658,0.014452844170501513,0.031559563005347624
4,CD248,122.013054,5.6120176,0.0,0.0
4,NKX6-1,2.537662,5.604595,0.01115956852672791,0.024613486366629522
4,AC025809.1,2.3833575,5.6029663,0.01715552665016165,0.03722711943948228
4,COL6A3,196.98587,5.601441,0.0,0.0
4,CLMP,120.33861,5.5886,0.0,0.0
4,MOXD1,74.92364,5.5786633,0.0,0.0
4,MFAP4,137.36963,5.570265,0.0,0.0
4,AC007920.2,12.543859,5.564099,4.295591235200632e-36,1.8888012278609464e-35
4,AGTR1,4.414309,5.563198,1.0133301460612848e-05,2.65392719467131e-05
4,CCL26,10.462799,5.556982,1.2801654096442186e-25,4.978116798675624e-25
4,TMEM35A,42.91593,5.553106,0.0,0.0
4,EMILIN1,169.1552,5.5452566,0.0,0.0
4,OMD,47.574814,5.5414724,0.0,0.0
4,EPHA5,3.0910003,5.518372,0.0019948338166945133,0.0046456559790111224
4,MXRA8,172.77464,5.5032697,0.0,0.0
4,LUM,174.28749,5.487917,0.0,0.0
4,TEX41,8.165046,5.4845276,3.2131317783902994e-16,1.089503717769709e-15
4,CACNA1G,40.651623,5.481443,0.0,0.0
4,SFRP4,144.21909,5.4796963,0.0,0.0
4,CBLN4,19.417234,5.478881,5.518278238498361e-84,3.450403105750937e-83
4,ATP1A2,20.599226,5.4720364,2.788697554549138e-94,1.8507682052490918e-93
4,AC006115.2,40.83414,5.47176,0.0,0.0
4,MUM1L1,83.846344,5.4700685,0.0,0.0
4,PDGFRB,170.90372,5.468996,0.0,0.0
4,LINC02024,5.1369696,5.4630246,2.792040264518853e-07,7.743502194497863e-07
4,C1QTNF7,37.49324,5.4557767,1.1870591189030366e-307,1.619798507193649e-306
4,PRELP,82.872314,5.442307,0.0,0.0
4,AC008055.2,4.3761945,5.441062,1.207692296343161e-05,3.153345087697734e-05
4,TWIST2,112.31158,5.4384365,0.0,0.0
4,HELLPAR,6.397939,5.4342165,1.5748781832669274e-10,4.78329009534502e-10
4,MRGPRF,84.68951,5.426219,0.0,0.0
4,LINC02268,7.696704,5.41973,1.3962082525480351e-14,4.6083520356153484e-14
4,COL3A1,193.689,5.4146976,0.0,0.0
4,AP003355.2,2.5837016,5.407294,0.009774634933604654,0.021650038834235278
4,FAM162B,37.341255,5.4064317,3.515402376581505e-305,4.7632854560721e-304
4,TMEM119,45.689407,5.405881,0.0,0.0
4,ADAMTS5,81.62369,5.395281,0.0,0.0
4,HTRA3,74.621704,5.3939686,0.0,0.0
4,ECM2,96.08147,5.386376,0.0,0.0
4,KCNS2,9.269341,5.384833,1.872986165813039e-20,6.797602563032363e-20
4,AC090409.1,6.677987,5.3816442,2.4224670129233124e-11,7.493863273788491e-11
4,TCEAL7,92.61239,5.3722854,0.0,0.0
4,FIBIN,22.668076,5.361974,9.255120390448502e-114,6.809045605988855e-113
4,SLC7A14-AS1,2.4118207,5.360697,0.01587309236493534,0.03454613518224467
4,IGF2-AS,4.497486,5.340403,6.876160675255438e-06,1.814716915635896e-05
4,AL445183.2,4.540723,5.3385034,5.606163276495004e-06,1.4849990434233037e-05
4,COL14A1,138.03297,5.3383827,0.0,0.0
4,MEG3,177.46461,5.3188233,0.0,0.0
4,CATSPERZ,22.279747,5.314954,5.808552853118084e-110,4.197450152707987e-109
4,C1S,222.43684,5.3041143,0.0,0.0
4,ARHGEF7-AS2,2.9742281,5.301691,0.002937266160419539,0.006759648936715316
4,ATP1B2,42.923706,5.297435,0.0,0.0
4,HAND2-AS1,126.98592,5.29652,0.0,0.0
4,Z97200.1,29.673412,5.294769,1.692194087183772e-193,1.6953206694518263e-192
4,DIO3,14.004633,5.294447,1.4603320338260796e-44,6.95660945891841e-44
4,AC005725.1,7.214961,5.289912,5.3949444700514e-13,1.7277126591635957e-12
4,MEIS3,91.42167,5.2823696,0.0,0.0
4,FOXS1,17.217207,5.2815275,1.972808118269199e-66,1.1090138325090239e-65
4,CLSTN2,40.034767,5.2795773,0.0,0.0
4,LAMC3,78.17007,5.2775755,0.0,0.0
4,OGN,122.65806,5.274251,0.0,0.0
4,IL17B,2.483626,5.2742276,0.01300523734919182,0.02851943172637091
4,LINC00460,3.9820895,5.272445,6.831204489413525e-05,0.00017274753489961037
4,KIAA1755,19.360302,5.264663,1.6690279966935602e-83,1.0410625286338622e-82
4,KIAA1210,33.089493,5.264206,4.208852657686864e-240,4.837597958018889e-239
4,PRRX1,150.3714,5.255885,0.0,0.0
4,GRIA4,5.795093,5.254051,6.828336900202161e-09,1.9855434055371924e-08
4,C11orf53,11.375787,5.245475,5.520292112563903e-30,2.2613077312526515e-29
4,HTR2B,63.59634,5.239874,0.0,0.0
4,PAGE4,40.26485,5.2393093,0.0,0.0
4,CNTN1,54.230415,5.2382727,0.0,0.0
4,GPR22,15.580045,5.2270756,9.948444904419411e-55,5.125464021685127e-54
4,AC120498.8,2.7792978,5.22364,0.00544765504932334,0.012297909181903181
4,HIGD1B,9.888629,5.2214136,4.663702283966963e-23,1.7507718509725119e-22
4,TM6SF2,4.637634,5.2174582,3.524202344496289e-06,9.409340174615308e-06
4,AC092155.1,7.457663,5.216739,8.807057232941844e-14,2.865863528095742e-13
4,AC156455.1,2.5744069,5.2141266,0.010041208515375764,0.02222136843654008
4,KLK4,23.80945,5.213644,2.665976581801907e-125,2.0765458219191413e-124
4,NDUFA4L2,15.085293,5.212955,2.0237349624136875e-51,1.0143946883444671e-50
4,PEG3,129.66115,5.2025676,0.0,0.0
4,GALNT17,17.12762,5.198601,9.235480978823739e-66,5.167288389075042e-65
4,PAMR1,95.18925,5.194134,0.0,0.0
4,PTH1R,57.996315,5.1924586,0.0,0.0
4,GDNF,2.8493469,5.189454,0.004380909457488089,0.009958867946644922
4,CSDC2,63.102844,5.1885905,0.0,0.0
4,AL355881.1,2.9581857,5.186905,0.003094557599358225,0.007112626736325177
4,COL5A2,141.97972,5.1834407,0.0,0.0
4,HTR1E,4.4634895,5.181058,8.063547477162613e-06,2.1213545610250026e-05
4,PCOLCE,159.89386,5.1752043,0.0,0.0
4,SLC7A3,3.3712587,5.167842,0.0007482553744454485,0.0017919052268700972
4,ADRA2C,116.59517,5.1643863,0.0,0.0
4,ADAMTS19,29.123533,5.162763,1.8080161512161449e-186,1.7706069450455448e-185
4,RAMP1,156.06209,5.1564603,0.0,0.0
4,SGCA,7.6463323,5.1469264,2.0679323861971564e-14,6.802936270377383e-14
4,LRRC4B,36.72055,5.1435447,3.4324408553997634e-295,4.5258724197030925e-294
4,AC016877.3,4.9668827,5.130662,6.803762845715575e-07,1.8645495502086478e-06
4,KCNJ8,44.7994,5.1286864,0.0,0.0
4,DEFB124,15.40525,5.1273766,1.509043810805094e-53,7.705272932521566e-53
4,TBX2,69.88597,5.1259837,0.0,0.0
4,WNT4,78.94906,5.1256404,0.0,0.0
4,MYL3,6.4285073,5.123451,1.288630570829471e-10,3.9219798180823693e-10
4,AC019270.1,3.0789688,5.116575,0.002077184582442904,0.00483175614431872
4,NTRK3,21.854729,5.116384,7.008567245718599e-106,4.956837250879284e-105
4,IGF2-1,63.383465,5.110571,0.0,0.0
4,HOXA11-AS,56.206635,5.1089087,0.0,0.0
4,NKAIN1,4.3423886,5.1079836,1.4094205560218403e-05,3.6710737506292784e-05
4,GLI2,24.495968,5.105983,1.6307852697240247e-132,1.3115451556429985e-131
4,SERPINF1,193.872,5.0998874,0.0,0.0
4,PGM5P3-AS1,7.61595,5.0981145,2.617585879454221e-14,8.600162302146445e-14
4,GCK,5.7812834,5.0864773,7.413295115808051e-09,2.1532065796849866e-08
4,RAB6C,3.5385785,5.0841146,0.00040228746068639727,0.0009780914527560164
4,CBLN1,7.402945,5.0810766,1.3319691795697993e-13,4.317932812351981e-13
4,NAALAD2,41.328617,5.080802,0.0,0.0
4,AC093849.2,3.4500473,5.0804806,0.0005604883144984749,0.001353107615426402
4,TAGLN,175.22188,5.0767193,0.0,0.0
4,OLFML1,70.8088,5.0713797,0.0,0.0
4,PPFIA2,12.258285,5.069446,1.516764162632902e-34,6.554618285024483e-34
4,ANGPTL1,69.40748,5.065804,0.0,0.0
4,AC027288.3,53.460552,5.059291,0.0,0.0
4,EMILIN3,23.558796,5.055654,1.0200688944169706e-122,7.836755983033882e-122
4,MRGPRF-AS1,4.6673093,5.053278,3.051699803773117e-06,8.171089477191e-06
4,CCDC144NL-AS1,10.720128,5.0532556,8.188956059802243e-27,3.234041208028468e-26
4,HSPB2,49.301422,5.049786,0.0,0.0
4,CACNA1G-AS1,2.4815874,5.04706,0.013079860194563808,0.02866680180353025
4,PIANP,21.59899,5.047054,1.8359027588206043e-103,1.2860889974358208e-102
4,CASQ2,4.723993,5.0440445,2.3125879273181994e-06,6.222264740108261e-06
4,TBX3,145.76788,5.027,0.0,0.0
4,PLPPR4,18.810139,5.026407,6.237476086364677e-79,3.791183351057484e-78
4,MIMT1,3.495025,5.0128307,0.0004740176664385936,0.0011483354770824277
4,AC092376.1,5.83395,5.0036397,5.413029965844687e-09,1.578753582658882e-08
4,FOXL2,109.469765,5.0003743,0.0,0.0
4,TMEM59L,31.807676,4.9982767,5.0695867830429024e-222,5.53073486422545e-221
4,TBX2-AS1,31.258003,4.99735,1.7380348688845879e-214,1.8536039921537597e-213
4,STAR,76.33937,4.993071,0.0,0.0
4,RASL12,49.58228,4.993046,0.0,0.0
4,NRXN1,6.833388,4.990747,8.293238658853708e-12,2.5922241831431184e-11
4,PLA2G5,9.499634,4.990306,2.1062987288855526e-21,7.74531526634929e-21
4,ADAMTS12,42.008553,4.9887376,0.0,0.0
4,KCNIP4-IT1,14.977995,4.9883504,1.0225514231398652e-50,5.101532983855337e-50
4,CNTFR,10.895628,4.9877677,1.2092982105027168e-27,4.824548830774166e-27
4,AL117190.1,5.7548833,4.977028,8.670168009732863e-09,2.511894288309089e-08
4,BMP8A,3.434661,4.972668,0.0005932958547918122,0.0014303428224688407
4,DLK1,17.8484,4.9720907,2.9743379749682254e-71,1.7237551808052306e-70
4,SPRN,5.108394,4.9668665,3.2490806905819873e-07,8.994118844945588e-07
4,PLPPR5,6.0226517,4.9658933,1.7158263331685915e-09,5.080088560134271e-09
4,PTPRD-AS1,15.309838,4.957324,6.572756219935495e-53,3.3395393143111347e-52
4,LINC00702,6.971609,4.95664,3.1333615808731572e-12,9.894034162244246e-12
4,FOXF2,5.5769653,4.9556212,2.447503965137361e-08,7.015209593851471e-08
4,MAGEL2,8.394704,4.95,4.670697310252183e-17,1.6052178557540778e-16
4,FRZB,43.592552,4.949341,0.0,0.0
4,THBS2,72.86681,4.9448767,0.0,0.0
4,TAF7L,15.088598,4.939417,1.9248719183718132e-51,9.651527641323431e-51
4,HOXC8,10.986319,4.933357,4.446953390345795e-28,1.782414582225619e-27
4,TCEAL5,21.561178,4.9296484,4.1587639073755566e-103,2.9067145202455076e-102
4,ADRA1D,6.9690003,4.929289,3.1920108105224764e-12,1.0077168347376729e-11
4,FAM226B,2.3860939,4.9289155,0.01702840072842966,0.03696163925230532
4,WFDC1,41.30974,4.923265,0.0,0.0
4,PI15,5.093908,4.917138,3.5075718793504154e-07,9.70011847486429e-07
4,CACNA1H,35.43189,4.912674,5.514119448861742e-275,6.94195070492749e-274
4,LINC02456,8.935888,4.910508,4.0392088130639866e-19,1.43642649620721e-18
4,NR2F2-AS1,130.42525,4.906274,0.0,0.0
4,SCARA5,14.474016,4.9062057,1.768384111964413e-47,8.622093034939913e-47
4,ADRB3,10.049906,4.9041557,9.195559184113005e-24,3.491488301024332e-23
4,COL6A2,226.05305,4.8974423,0.0,0.0
4,DACT1,43.661297,4.892481,0.0,0.0
4,AC010615.2,6.38885,4.878227,1.6713788586406143e-10,5.074890105511884e-10
4,AC005165.1,10.549027,4.873278,5.1325801199843826e-26,2.0062306028627457e-25
4,ABCC9,44.37667,4.866686,0.0,0.0
4,CDX1,5.4892974,4.8657436,4.035354311756035e-08,1.14812386737958e-07
4,NRK,21.41955,4.850202,8.783230160141283e-102,6.093452178664121e-101
4,AL121933.2,8.215976,4.8485007,2.1044660615436944e-16,7.159354162259876e-16
4,AC141928.1,38.036205,4.843162,0.0,0.0
4,COL5A1,134.23918,4.8427987,0.0,0.0
4,HOXC6,19.87873,4.839667,6.218816501869277e-88,3.983522520689611e-87
4,NKAIN3,8.583243,4.8308954,9.223470910660696e-18,3.2069953362109363e-17
4,COL6A1,223.90144,4.822557,0.0,0.0
4,TDO2,6.7386727,4.8223324,1.5984003666409223e-11,4.963005840041288e-11
4,LGI4,17.944563,4.8203692,5.292610892571337e-72,3.082900958475355e-71
4,TH,12.285002,4.818637,1.0904250081210097e-34,4.720796431712572e-34
4,DKK1,41.00981,4.815203,0.0,0.0
4,LINC01615,16.56578,4.8137984,1.231720267518795e-61,6.682250010216499e-61
4,C11orf96,139.61761,4.8109097,0.0,0.0
4,TWIST1,110.21733,4.8018317,0.0,0.0
4,AC004130.2,5.23312,4.794277,1.6667268439624518e-07,4.654275981780583e-07
4,CPXM1,144.69618,4.792974,0.0,0.0
4,TRHDE-AS1,2.3804078,4.79251,0.017293491072454235,0.03751342799468152
4,FXYD1,150.91974,4.7848825,0.0,0.0
4,SRPX2,51.113884,4.780108,0.0,0.0
4,TPM2,223.70634,4.7726994,0.0,0.0
4,HOXC10,2.4416616,4.767572,0.014619844394810197,0.031912955061120046
4,NRXN2,81.00495,4.767296,0.0,0.0
4,AEBP1,192.10956,4.7664557,0.0,0.0
4,TAFA2,2.5231428,4.763204,0.011631116841073305,0.025618794769601813
4,SEPTIN1,15.179728,4.762499,4.817808611414887e-52,2.4310858898448968e-51
4,STMN2,8.232669,4.757846,1.8308834135126478e-16,6.236181800907583e-16
4,DPP6,43.94099,4.7570043,0.0,0.0
4,LINC01579,9.22841,4.7514863,2.7468002145391216e-20,9.944401338966924e-20
4,SLC22A3,19.337008,4.7443037,2.6225988257122875e-83,1.6335482044798403e-82
4,TAFA5,4.403252,4.7319818,1.0664015158959211e-05,2.7910298629685185e-05
4,LINC01391,12.67423,4.725375,8.216201219309997e-37,3.639646425185812e-36
4,ADAMTS2,75.30968,4.714077,0.0,0.0
4,CTSK,145.42943,4.707513,0.0,0.0
4,OLFML3,148.13676,4.706814,0.0,0.0
4,CRMP1,40.963318,4.705295,0.0,0.0
4,CNTN4,50.959663,4.6999297,0.0,0.0
4,AC109466.1,2.4927065,4.6966867,0.01267735802460487,0.027832014807960128
4,COL4A6,20.881065,4.6923223,7.959813499275977e-97,5.379706009668109e-96
4,LHX9,16.047565,4.6917768,5.945115432601933e-58,3.142563411585906e-57
4,C1R,213.41597,4.6865735,0.0,0.0
4,UCN2,2.556849,4.6821504,0.010562506380731855,0.023341583348296828
4,MEG9,5.9368668,4.680958,2.9052059135079046e-09,8.541780742845207e-09
4,AL135910.1,2.399232,4.678695,0.01642950032655204,0.03571685774725637
4,PSD,76.74349,4.6660857,0.0,0.0
4,LRRTM3,2.7054536,4.654768,0.006821115914662753,0.01527461451778595
4,AQP4,3.2743418,4.6537647,0.0010590839113179115,0.0025090530773495853
4,GP1BB,2.4182289,4.642687,0.015596263903975357,0.033962779432126146
4,AC026356.2,5.8304625,4.638927,5.527396204189033e-09,1.6113491273615396e-08
4,ADGRL3,22.920418,4.635617,2.9076975580362595e-116,2.1618525000295085e-115
4,FNDC1,26.001534,4.627465,4.758327141465722e-149,4.0851560267022524e-148
4,SP9,4.7495384,4.620259,2.038813555034573e-06,5.498569855624219e-06
4,AC080038.1,28.056953,4.610592,3.28577896937871e-173,3.0717958441194133e-172
4,AL035425.1,4.1119785,4.607335,3.9228310457480495e-05,0.0001003334484698237
4,LINC02609,7.6799607,4.6037693,1.5913725592804916e-14,5.2446738845896944e-14
4,GLI1,15.11687,4.5993414,1.2536170409964661e-51,6.302137587195475e-51
4,NEFM,17.647596,4.595738,1.0617833039903e-69,6.099727988183681e-69
4,ASPA,13.412481,4.5895863,5.110011731814192e-41,2.3586489336197915e-40
4,WDFY3-AS2,5.8466415,4.58851,5.0159707475879015e-09,1.4640533373850153e-08
4,ADAM33,54.21721,4.5764804,0.0,0.0
4,PGM5P4-AS1,6.922365,4.5741124,4.441649287400012e-12,1.396805601604316e-11
4,MIR503HG,98.23863,4.572638,0.0,0.0
4,MIR3936HG,4.3744993,4.5718412,1.217116184681865e-05,3.177682878861497e-05
4,ACTA2,133.9575,4.562491,0.0,0.0
4,PRPH,3.2834759,4.560893,0.0010253541936346478,0.0024310081361357825
4,LINC02762,4.5725555,4.5565505,4.8181151560004455e-06,1.2797652554701425e-05
4,FOXL2NB,14.826025,4.553645,9.944978502063663e-50,4.925792476975667e-49
4,RGMA,39.117645,4.5414624,0.0,0.0
4,LSAMP,73.16181,4.5405345,0.0,0.0
4,PODN,63.03596,4.5398836,0.0,0.0
4,KIAA0408,4.575682,4.5313354,4.746708542192611e-06,1.2612321261481002e-05
4,TMEM200B,32.150368,4.5307107,8.72846557827777e-227,9.655357395412707e-226
4,LRRN4CL,48.31023,4.5299716,0.0,0.0
4,LAMA2,103.668205,4.529113,0.0,0.0
4,ABCA8,88.66154,4.520727,0.0,0.0
4,MIR497HG,50.29718,4.5206966,0.0,0.0
4,AC174065.1,2.286376,4.518648,0.022232272506238507,0.04782716268882255
4,SEPTIN4,3.662317,4.515012,0.00024994423780249703,0.0006144139471694724
4,PHYHIP,23.92518,4.514592,1.6755600225828058e-126,1.3120479761329307e-125
4,IGFBP5,170.05882,4.514005,0.0,0.0
4,BPIFA2,3.3209789,4.505131,0.0008970230879754861,0.0021355948682836505
4,PROK1,47.051754,4.5007634,0.0,0.0
4,AC087477.2,56.058086,4.499327,0.0,0.0
4,DIO2,86.088875,4.4991426,0.0,0.0
4,NUDT11,25.773462,4.498175,1.7596376674926924e-146,1.4953291556006775e-145
4,ASIP,41.756134,4.49644,0.0,0.0
4,IGFBP6,136.35812,4.495347,0.0,0.0
4,CHSY3,24.346558,4.4952445,6.305193716254402e-131,5.0433390835474854e-130
4,BMERB1,14.212592,4.4949474,7.653888031236122e-46,3.67898471821796e-45
4,ECRG4,3.7252846,4.4884896,0.00019509499149457398,0.00048234548453106134
4,LINGO1,19.531237,4.4868116,5.957941513491902e-85,3.747295448870456e-84
4,NGF,11.204616,4.480281,3.8702865352241215e-29,1.571039479172208e-28
4,CTNNA3,9.962837,4.478426,2.216452795140058e-23,8.361272615573511e-23
4,DIO3OS,79.39864,4.47676,0.0,0.0
4,KIF5A,34.972603,4.476224,5.871786771941752e-268,7.264984538046585e-267
4,HRC,8.230437,4.471228,1.865317877174926e-16,6.352069152693416e-16
4,AC126773.2,11.434639,4.4707537,2.8070157255361924e-30,1.1542899817608714e-29
4,MALRD1,2.8784132,4.4678445,0.003996811598664074,0.009112529955732557
4,ARHGEF25,57.80468,4.4569564,0.0,0.0
4,SORCS1,13.536299,4.456188,9.548014954074556e-42,4.4376014764749224e-41
4,IGFN1,3.7214193,4.4530034,0.00019810608078228798,0.0004896724759067638
4,KCNH1,2.4830797,4.452797,0.013025192358794475,0.028561164968659868
4,LPAR4,10.98946,4.447717,4.294885581865183e-28,1.722133221052247e-27
4,TUBB2B,22.323153,4.446101,2.2020524095225413e-110,1.5946305956212086e-109
4,GALNT13,15.064978,4.442387,2.752602290183414e-51,1.3786206284670034e-50
4,EPHA6,3.459852,4.4417896,0.0005404722812802781,0.0013059476817707417
4,SNHG32,55.945698,4.4404817,0.0,0.0
4,DDR2,133.73712,4.4311633,0.0,0.0
4,AC120042.3,6.057072,4.425825,1.3862142809604085e-09,4.1148410278182235e-09
4,AC024337.2,10.303,4.423246,6.829751482157351e-25,2.634637157501713e-24
4,DES,52.53065,4.42275,0.0,0.0
4,COL16A1,67.30774,4.421562,0.0,0.0
4,ECM1,108.80541,4.4177437,0.0,0.0
4,ZIM2,7.455239,4.4173827,8.970525716359974e-14,2.918749745399913e-13
4,TUB,35.199505,4.41579,2.034673670594295e-271,2.5387831706523167e-270
4,GPC3,33.92343,4.410352,3.007272197879839e-252,3.580345216481979e-251
4,DANCR,40.986393,4.4081845,0.0,0.0
4,C1QTNF4,90.81009,4.4079986,0.0,0.0
4,NLGN1,20.193205,4.407789,1.1233385165227059e-90,7.303118117410027e-90
4,EFS,48.67163,4.406917,0.0,0.0
4,TMEM45A,95.62539,4.402176,0.0,0.0
4,VWC2,38.614094,4.4009113,0.0,0.0
4,PRLR,80.44887,4.3961287,0.0,0.0
4,CALD1,246.04202,4.3927155,0.0,0.0
4,LDB3,7.4453273,4.3868613,9.670439780920596e-14,3.143833830955221e-13
4,KCNK3,15.600752,4.386675,7.194214025258406e-55,3.7132861202181287e-54
4,SFRP1,129.12206,4.386203,0.0,0.0
4,AL137026.1,2.4622178,4.3844275,0.013808078343332001,0.03020071313830318
4,JPH4,41.997055,4.383629,0.0,0.0
4,KCNC2,2.8865204,4.3821936,0.003895274945632444,0.008890869414715454
4,GLT8D2,82.343445,4.3790026,0.0,0.0
4,ADAMTS9-AS1,18.545803,4.3767967,8.817384658190699e-77,5.292656974765973e-76
4,PRDM6,26.794813,4.370912,3.713801877839855e-158,3.3030927953495366e-157
4,GAS5,63.092148,4.3704953,0.0,0.0
4,FREM1,32.77095,4.3686233,1.5275836411712418e-235,1.7306828298269635e-234
4,AC009955.4,5.2330103,4.3672223,1.6677138848766433e-07,4.656611531293018e-07
4,COL5A3,33.242874,4.3663354,2.5874830425074638e-242,2.9884655603429816e-241
4,BHMT2,55.255703,4.3634744,0.0,0.0
4,NFASC,22.90474,4.360083,4.167454034800388e-116,3.09772731730581e-115
4,ALDH1A2,98.20302,4.3569403,0.0,0.0
4,AC012409.3,6.9339805,4.354584,4.091615364027789e-12,1.2877755199186038e-11
4,IGDCC4,19.88088,4.353685,5.958026251648402e-88,3.8172619684846014e-87
4,EPO,2.9347906,4.3409743,0.0033377275517570684,0.007649918089889189
4,CDH11,166.03354,4.335879,0.0,0.0
4,AC012085.2,7.982086,4.3324785,1.4388066732836377e-15,4.826264147078076e-15
4,VPS13B-DT,3.3549364,4.329706,0.0007938321829531881,0.001897522914039767
4,SCG2,3.6251929,4.328502,0.00028874577509990334,0.0007074328712653755
4,NR0B1,4.1405296,4.322717,3.4650459939347474e-05,8.887483529837447e-05
4,FRMD6-AS2,3.4593577,4.31894,0.0005414653107599538,0.001308142606085976
4,MMP11,98.171455,4.3173904,0.0,0.0
4,AOPEP,30.086605,4.315436,7.254127128196135e-199,7.394568177808639e-198
4,ESPNL,4.019356,4.3140707,5.835746441626542e-05,0.00014805895195481165
4,KCNIP4,10.82916,4.3106575,2.504431343939882e-27,9.954277205137596e-27
4,HTR2A,4.367791,4.304242,1.255093240196166e-05,3.276004288045174e-05
4,WISP2,28.430882,4.3040285,8.399123674213224e-178,7.987437396889481e-177
4,DRP2,4.4304056,4.3037796,9.405601493110506e-06,2.4675233456206298e-05
4,CHRD,51.980988,4.3016906,0.0,0.0
4,GUCY1A2,55.306465,4.2980113,0.0,0.0
4,MYL9,190.2405,4.2969475,0.0,0.0
4,LCN1,4.655878,4.294906,3.2260288018605095e-06,8.627400898079327e-06
4,TMSB15A,38.17065,4.294287,0.0,0.0
4,MMP2,173.43053,4.2930436,0.0,0.0
4,EFHD1,82.71737,4.288572,0.0,0.0
4,MYH11,68.23681,4.2820816,0.0,0.0
4,WISP1,19.796732,4.281168,3.176425434728207e-87,2.0254545267411738e-86
4,FBN1,151.56085,4.277282,0.0,0.0
4,FAM180A,7.358667,4.27388,1.8575586901022297e-13,6.004765864971197e-13
4,ATP8A2,39.736023,4.2725725,0.0,0.0
4,ST6GAL2,45.29973,4.269402,0.0,0.0
4,LINC01798,4.28237,4.26198,1.8491303615888998e-05,4.79214087587021e-05
4,CAMK1G,6.4485326,4.255507,1.1293828959764427e-10,3.442390253051669e-10
4,DENND2A,53.751656,4.2524195,0.0,0.0
4,LINC02696,2.5323188,4.2452602,0.011331092071748868,0.02497753816857159
4,CEND1,3.9020247,4.2396874,9.539142297007418e-05,0.00023969615526309615
4,SOX15,22.24819,4.2396855,1.1743509553480085e-109,8.466448560051528e-109
4,SNHG6,60.33882,4.2301164,0.0,0.0
4,ADGRB3,11.066923,4.2273407,1.8152656039657883e-28,7.312879825569684e-28
4,LINC00205,6.9500194,4.225928,3.652356550711977e-12,1.1511664686197744e-11
4,AC104794.3,4.736202,4.223352,2.177607242759798e-06,5.86470085848528e-06
4,CRISPLD2,120.301575,4.2175355,0.0,0.0
4,LINC00173,4.890607,4.216982,1.0052564900111741e-06,2.738603996189983e-06
4,HEPH,65.99585,4.2150846,0.0,0.0
4,COL1A2,203.6636,4.2150383,0.0,0.0
4,NDN,167.92586,4.209357,0.0,0.0
4,TCF23,11.126214,4.2093263,9.352376755543893e-29,3.7809536740823426e-28
4,NID2,48.5597,4.207833,0.0,0.0
4,HOXA10,108.11465,4.2053328,0.0,0.0
4,PTPRD,43.334435,4.200977,0.0,0.0
4,LINC02802,10.176058,4.1990643,2.5363019627735513e-24,9.711284039078562e-24
4,C7,82.95635,4.1941743,0.0,0.0
4,GLIS1,5.2649183,4.190029,1.4025186323164827e-07,3.926772657759356e-07
4,CRYGD,3.539925,4.1892085,0.00040024056348695854,0.0009733444878189809
4,AL162390.1,3.8819258,4.1890564,0.00010363249149684691,0.00025983365090395455
4,PLAC9,75.03882,4.1749763,0.0,0.0
4,LINC00629,2.5289793,4.171761,0.011439477204349856,0.025211061177612737
4,AL356417.2,3.8447838,4.167712,0.00012065881474337023,0.00030176420029724417
4,SLIT3,68.166695,4.1647954,0.0,0.0
4,DNM3OS,120.012375,4.1612825,0.0,0.0
4,ART5,6.302741,4.1606874,2.9242719578332955e-10,8.827942313025363e-10
4,AC090826.1,7.383647,4.1588607,1.5401155456904571e-13,4.987463450403914e-13
4,AC116351.1,2.4136922,4.1532135,0.01579179460013845,0.034376461171043746
4,PLEKHH2,140.34164,4.1506114,0.0,0.0
4,GATA4,33.59772,4.1466413,1.8112482723341077e-247,2.123681728111922e-246
4,KLF3-AS1,14.474246,4.14104,1.7624837089969646e-47,8.596036609431779e-47
4,LINC01088,13.313524,4.1407533,1.9315087527330222e-40,8.867668006642829e-40
4,AC007563.2,17.965687,4.1379495,3.61770536309104e-72,2.1100664211559682e-71
4,TNMD,5.5686636,4.137599,2.567007045186187e-08,7.352283082714252e-08
4,BASP1-AS1,2.669949,4.1268525,0.007586276479968759,0.016930395491832943
4,ACTG2,20.630259,4.123054,1.4686174269054096e-94,9.765610760190511e-94
4,SLC24A3,41.723564,4.1228275,0.0,0.0
4,TMEM215,24.672749,4.1209154,2.0980163405159156e-134,1.701926273919302e-133
4,CD27-AS1,15.50863,4.1183124,3.032839452618494e-54,1.5563003314308452e-53
4,CLIP3,61.850445,4.1153936,0.0,0.0
4,LRRC17,93.99851,4.112517,0.0,0.0
4,PTN,102.84684,4.1100144,0.0,0.0
4,UCHL1,41.459305,4.1055126,0.0,0.0
4,ABCA9,29.688232,4.1034327,1.0894777829389446e-193,1.0932626570549987e-192
4,POGLUT3,10.406489,4.1030865,2.3160630931962177e-25,8.978121412443936e-25
4,FAM182A,2.7260153,4.1024117,0.006410399935677304,0.014391387434588395
4,MME,88.13422,4.101815,0.0,0.0
4,AC027306.1,3.7838235,4.0983567,0.00015443739412190365,0.0003845320663921434
4,TUBA3E,8.302701,4.097899,1.0177094046159855e-16,3.479847833661496e-16
4,TSBP1-AS1,2.742323,4.0954857,0.006100634306328211,0.013719879539087973
4,AL121974.1,3.1942818,4.0924425,0.0014017916992040628,0.003294439665979771
4,SNHG1,20.22657,4.091048,5.714245111456882e-91,3.7228114177866323e-90
4,NNAT,13.292804,4.08716,2.5484741312274212e-40,1.1681104845594826e-39
4,LINC01197,56.36825,4.08448,0.0,0.0
4,DACT3,46.214363,4.082617,0.0,0.0
4,VGLL3,38.79315,4.0785303,0.0,0.0
4,LINC00653,4.1728845,4.0769444,3.0076765359954045e-05,7.734275621766368e-05
4,RNASE4,62.910553,4.075441,0.0,0.0
4,AC097382.3,3.4379287,4.074402,0.0005861821339074835,0.0014137441445710957
4,TMEM132B,17.016499,4.0716853,6.196652139274248e-65,3.4427454191721944e-64
4,MMUT,11.418981,4.06846,3.361531034854208e-30,1.3813966187240925e-29
4,LINC00899,5.286629,4.067197,1.2459098897246338e-07,3.4955825128648557e-07
4,NKD2,11.347531,4.060984,7.628629357624497e-30,3.1195825291889435e-29
4,SOAT2,9.044865,4.0601416,1.4985008096822315e-19,5.368513333122607e-19
4,RBP1,206.67055,4.0574017,0.0,0.0
4,KLHDC8A,37.280262,4.0567966,3.4278059388121557e-304,4.634435614648613e-303
4,AQP8,3.48438,4.0564237,0.0004932784854639922,0.0011940600055009092
4,HYMAI,3.7853127,4.0551963,0.00015351540794855502,0.0003822980189723624
4,AC005837.3,2.746382,4.0535374,0.006025656567449478,0.013556192133510047
4,FAM133A,3.1108537,4.051484,0.0018654733933329525,0.004350097039968429
4,NID1,139.83032,4.0486245,0.0,0.0
4,P3H3,75.41439,4.043881,0.0,0.0
4,TPT1-AS1,13.925054,4.0366483,4.462042868865642e-44,2.112566773100956e-43
4,INHBA,31.8956,4.0292797,3.0727777010735153e-223,3.36774256762692e-222
4,CLDN11,61.72489,4.0264444,0.0,0.0
4,MANCR,4.0048094,4.0228434,6.206745925045555e-05,0.00015725214878709975
4,CDO1,37.569088,4.021701,6.875287635289055e-309,9.402412165658356e-308
4,AL136169.1,2.3334496,4.020205,0.01962455998729794,0.04242402430771613
4,TRHDE,5.979535,4.0187144,2.23775631855978e-09,6.599459402454879e-09
4,SLC2A4,4.867725,4.017403,1.1289020069826882e-06,3.069497169861348e-06
4,ITGA7,11.737477,4.013892,8.189299440929709e-32,3.4245254745070293e-31
4,GDF7,76.85092,4.01375,0.0,0.0
4,AFAP1-AS1,3.6725886,4.0131826,0.00024010594627695938,0.0005908403249667185
4,EGFLAM,20.940685,4.0033135,2.2815347279894146e-97,1.5463902157449307e-96
4,NTF3,11.767857,4.002932,5.715816778310528e-32,2.3973232347298615e-31
4,SLC66A3,12.279747,3.9998477,1.1636161419256063e-34,5.036958557212145e-34
4,NR1H4,8.16854,3.9967325,3.121439541462975e-16,1.05876132471462e-15
4,KANK2,174.98387,3.9961345,0.0,0.0
4,SEMA5A,113.68879,3.9956727,0.0,0.0
4,SNHG29,63.496063,3.9930484,0.0,0.0
4,KCND2,16.525589,3.9922047,2.4008320494460304e-61,1.2988362708249337e-60
4,BHMT,5.7975354,3.9913228,6.7296609071861316e-09,1.957402876514227e-08
4,GJC1,31.836765,3.9896543,2.007119128462316e-222,2.1935654492003112e-221
4,SYT1,69.94011,3.9891682,0.0,0.0
4,ARHGAP28,49.37495,3.988687,0.0,0.0
4,RARRES2,211.18507,3.9788094,0.0,0.0
4,BCAN,9.546477,3.9778664,1.34181843583396e-21,4.942388558731999e-21
4,C1GALT1C1L,21.580696,3.976019,2.72729937071853e-103,1.9083686133302603e-102
4,PKNOX2,7.251357,3.975113,4.126162909039822e-13,1.3246838789830037e-12
4,GNG4,52.29062,3.9740965,0.0,0.0
4,LRRC3B,6.7498894,3.971161,1.4795771863837152e-11,4.597294872781892e-11
4,PLCXD3,52.832508,3.9653807,0.0,0.0
4,NTRK2,25.269855,3.9607897,6.853267212398299e-141,5.7061942277369135e-140
4,HLA-F-AS1,4.6694746,3.958239,3.0197108685178028e-06,8.086137914857022e-06
4,AL133492.1,4.390066,3.9581149,1.1331611235428166e-05,2.9624945732818335e-05
4,AL354861.2,3.8824263,3.9481173,0.00010341937064159975,0.00025934137837078485
4,HEYL,20.254026,3.9451005,3.273573039345498e-91,2.136324365013752e-90
4,ZIM2-AS1,5.3795557,3.9438763,7.466994511982613e-08,2.1089500080585456e-07
4,PLPP4,7.500471,3.9435625,6.358896878264662e-14,2.0753371258344868e-13
4,YAE1,7.780418,3.9405725,7.228540308783476e-15,2.4007360339949594e-14
4,SNHG5,56.14618,3.9392087,0.0,0.0
4,FNDC5,18.647144,3.9349837,1.3320444925462448e-77,8.03307300119547e-77
4,PRRT2,44.42785,3.931723,0.0,0.0
4,CRYGN,9.644675,3.926037,5.177487697031394e-22,1.9173330008644777e-21
4,AC104260.1,2.9512227,3.9173436,0.003165185586778367,0.007266314412133921
4,COX10-AS1,3.1970258,3.9158561,0.0013885250550327798,0.0032637572344587514
4,SLC26A10,7.2807035,3.9146392,3.320831666702866e-13,1.0684670447926865e-12
4,SGIP1,52.748257,3.9146054,0.0,0.0
4,HSD11B1,13.405599,3.9102788,5.606867713044546e-41,2.586825800971306e-40
4,AL031432.4,2.2880256,3.9092867,0.022136033411242678,0.04762675841568239
4,RESF1,34.822735,3.9044483,1.1015547073573167e-265,1.355324496030756e-264
4,SLC9A3-AS1,2.482576,3.9038706,0.013043626931477618,0.028595501317291726
4,SERPINA3,10.020403,3.9027903,1.2399686775832799e-23,4.695382494249747e-23
4,SHC3,9.204314,3.902747,3.438601324397231e-20,1.2431495044232683e-19
4,MTUS2,10.154547,3.9017012,3.1627538530274118e-24,1.2088947976195673e-23
4,PHF21B,7.747599,3.9015834,9.364625191778814e-15,3.103167908248181e-14
4,AP001347.1,25.098585,3.9001532,5.153330113144943e-139,4.26094097931971e-138
4,IL13RA2,3.117672,3.896442,0.0018228550168615512,0.004254246017227212
4,MAGI2-AS3,24.92911,3.8945143,3.598409519274402e-137,2.9515934982010072e-136
4,CNNM1,4.600103,3.8926148,4.222827625938446e-06,1.1240628148727891e-05
4,CCDC184,24.519047,3.891122,9.254516969440789e-133,7.448681145169439e-132
4,PURG,11.247992,3.8879461,2.3692561211196358e-29,9.641421847984803e-29
4,GEM,37.223625,3.8876274,2.8313663832695026e-303,3.818020977648801e-302
4,GDNF-AS1,2.3380077,3.8866751,0.01938685368191106,0.04192481715273056
4,TMEM158,71.92007,3.8865297,0.0,0.0
4,ITIH3,3.9876134,3.8810308,6.674131574292134e-05,0.00016885836981552635
4,CNTNAP1,22.454771,3.8799098,1.1494955965525863e-111,8.37516746880028e-111
4,AC239868.1,2.357942,3.8781176,0.018376553240046164,0.039798481605361
4,POGLUT2,2.349055,3.8776755,0.01882112184343061,0.04073845597135023
4,PTGFR,5.283015,3.8766465,1.2707515552285017e-07,3.564308768259125e-07
4,RANBP3L,2.397468,3.8765225,0.01650882168154108,0.03588425006761306
4,NEGR1,9.7983,3.875459,1.1449635729343463e-22,4.276421649387533e-22
4,PTHLH,14.409916,3.8734283,4.482543211479425e-47,2.1769635926649057e-46
4,AC245407.2,6.0073485,3.8733568,1.885816168909226e-09,5.576970656633571e-09
4,FHL2,143.08876,3.8733318,0.0,0.0
4,MIR99AHG,142.02203,3.870551,0.0,0.0
4,C2CD6,5.535538,3.8674564,3.1027410537434896e-08,8.860428508551236e-08
4,AC074212.1,4.9156866,3.8658733,8.847189742136329e-07,2.415975378690648e-06
4,LINC00632,3.42246,3.8651175,0.0006205721565429749,0.0014945831970334784
4,LINC02614,2.333614,3.8639462,0.019615936941150637,0.0424083494012411
4,MRC2,116.79286,3.863893,0.0,0.0
4,LINC01140,6.6060433,3.8630092,3.9472790506672296e-11,1.2153671410537165e-10
4,S100A3,23.02998,3.862154,2.334963830104828e-117,1.746110019285021e-116
4,MAMDC2,42.29759,3.8596613,0.0,0.0
4,COL7A1,68.04035,3.8583524,0.0,0.0
4,AL592528.1,2.7870207,3.8580737,0.005319509561098627,0.012017402383223103
4,CMTM5,2.7089531,3.8561172,0.006749587819925305,0.0151275932378848
4,NR2F2,227.61768,3.8474708,0.0,0.0
4,DUSP26,4.258903,3.8459866,2.0543249055287603e-05,5.314112810108586e-05
4,IGFBP1,15.548358,3.8445482,1.6323659492581874e-54,8.394598068839068e-54
4,NDNF,46.26242,3.8430502,0.0,0.0
4,DPYSL4,27.794266,3.8398714,5.088389505438286e-170,4.707179121358309e-169
4,SEPTIN11,17.355837,3.8391635,1.781854688524496e-67,1.0108623872655396e-66
4,FMO1,9.665247,3.8390815,4.235950136949548e-22,1.570731984195557e-21
4,PRSS35,15.6661625,3.8373954,2.576737894933638e-55,1.3362288274952004e-54
4,CCN1,10.667822,3.8366232,1.4396166844264523e-26,5.670222105972775e-26
4,LBHD2,4.6634283,3.8301346,3.109848139328893e-06,8.326063447872324e-06
4,LTBP2,69.15021,3.8288388,0.0,0.0
4,AC090568.2,4.435632,3.8284686,9.180238753967512e-06,2.408809229721317e-05
4,AC107029.2,3.0644004,3.8269129,0.0021810681328198194,0.005066536849384604
4,AC113383.1,3.327279,3.8259425,0.0008769846098856336,0.0020891755308875657
4,SEPTIN7,55.8462,3.8243232,0.0,0.0
4,FBXO17,69.93215,3.8222919,0.0,0.0
4,MYLK,127.79787,3.82126,0.0,0.0
4,AL096870.8,3.4925296,3.8191664,0.00047846860768811723,0.0011588456435872299
4,PENK,7.6090646,3.818202,2.7608701794221962e-14,9.06899932356274e-14
4,GET1,16.877352,3.813061,6.604246149388328e-64,3.646256444071902e-63
4,ENPP6,11.632555,3.8108244,2.815436410613498e-31,1.169579208909024e-30
4,ARSI,5.55888,3.8099482,2.7151144841486558e-08,7.770004014961343e-08
4,FGF7,71.13573,3.809878,0.0,0.0
4,HOXC5,3.207873,3.808947,0.001337205308091374,0.0031462396815758295
4,IGF1,118.87351,3.805098,0.0,0.0
4,IGSF10,25.754892,3.8045127,2.841358115351003e-146,2.413904762813454e-145
4,LINC02693,2.7388415,3.7988882,0.006165607539048954,0.013859948520575024
4,ANTXR1,132.44388,3.7978373,0.0,0.0
4,DKK3,86.11995,3.796802,0.0,0.0
4,ENPP1,69.66134,3.7935982,0.0,0.0
4,ECEL1,13.603095,3.791013,3.838393156087467e-42,1.7901496495427092e-41
4,GRM7,5.717873,3.7907913,1.0786578260979716e-08,3.1177478192471716e-08
4,PNCK,14.218009,3.7853947,7.084001803592785e-46,3.406647638768355e-45
4,AC129507.1,5.6245184,3.7853444,1.860262897160108e-08,5.3478881371525866e-08
4,AP001372.2,4.0932937,3.784592,4.2528869330058484e-05,0.00010861343285276132
4,IL1RAPL1,2.9514806,3.7792382,0.0031625446164800764,0.0072607908528858804
4,PDE5A,54.53304,3.7773807,0.0,0.0
4,MUC12,24.762596,3.7664,2.2685494562559004e-135,1.8465646048064555e-134
4,YPEL4,23.350485,3.7660801,1.3626209647880655e-120,1.0350092444999936e-119
4,GPR176,14.182371,3.7656715,1.1779865164710023e-45,5.654298689947084e-45
4,AKAP12,149.63152,3.7653885,0.0,0.0
4,LINC01638,7.163389,3.764659,7.870644205922405e-13,2.5124767658794027e-12
4,GPC6,49.97361,3.7634068,0.0,0.0
4,AC126773.4,10.276107,3.7598422,9.030151307688308e-25,3.477817899896854e-24
4,DIRAS3,37.58556,3.755419,3.7007601815124e-309,5.063275561310483e-308
4,PWWP3A,26.423584,3.7548418,7.342785122060709e-154,6.434461575489944e-153
4,SNAI2,80.18449,3.754586,0.0,0.0
4,KCNA5,4.623936,3.7483716,3.7652552584233444e-06,1.00416553863224e-05
4,AC106881.1,4.783488,3.7454443,1.7227938591371623e-06,4.660515518980505e-06
4,CEMIP,12.231428,3.745061,2.1119368413697154e-34,9.101175677107332e-34
4,HECW1,7.5600667,3.7437606,4.02863232036958e-14,1.3194123039701452e-13
4,PAPPA,43.183174,3.7436783,0.0,0.0
4,SLC6A1,2.5270133,3.743255,0.011503713277196194,0.025349013707279534
4,FAM19A5,36.357048,3.733944,2.0332330671108475e-289,2.639274859520998e-288
4,ABCA6,56.745167,3.7316854,0.0,0.0
4,NCAM2,8.79261,3.7293599,1.4612513817466192e-18,5.149116002239512e-18
4,TYRO3,59.978874,3.727906,0.0,0.0
4,AC108734.4,6.191233,3.727825,5.969531119920825e-10,1.7886601873329417e-09
4,TRIM52-AS1,9.126606,3.7272568,7.068023480105493e-20,2.5445707827562083e-19
4,HTR1F,4.166124,3.720574,3.0982212835444916e-05,7.960489251850495e-05
4,ITGA9-AS1,7.9518147,3.7196155,1.8379926337220375e-15,6.156588092602906e-15
4,DNM1,70.66817,3.7161293,0.0,0.0
4,RGS4,30.160925,3.7156332,7.713021958891789e-200,7.885754868788241e-199
4,MOV10L1,18.473644,3.7145147,3.36570645903597e-76,2.012067495733554e-75
4,PDZRN3,70.08651,3.714017,0.0,0.0
4,NPY1R,5.612462,3.7116864,1.9946816599946224e-08,5.731117046151696e-08
4,CCDC80,136.64774,3.7116764,0.0,0.0
4,PRTFDC1,64.97501,3.7113497,0.0,0.0
4,AC097376.3,9.071653,3.7108147,1.1722422718146364e-19,4.2045366014825313e-19
4,NEXN,65.29043,3.6995702,0.0,0.0
4,RBIS,42.9598,3.6968737,0.0,0.0
4,KLK2,4.8959346,3.6966922,9.78396028686423e-07,2.6670740923100436e-06
4,BGN,109.70762,3.6935143,0.0,0.0
4,PPP1R14A,131.7535,3.6916788,0.0,0.0
4,AC113349.2,3.025273,3.6896608,0.0024840873517343455,0.005747973929778649
4,PLAAT3,37.712498,3.689024,0.0,0.0
4,AC092807.3,12.272276,3.6869557,1.2761529452208367e-34,5.520232201251281e-34
4,HPCA,3.413083,3.6847944,0.0006423234087778422,0.0015451657530430238
4,SMIM10L2B,8.547955,3.6839592,1.2528868154558052e-17,4.3435751884792565e-17
4,GAS1RR,8.384974,3.682567,5.073702157319579e-17,1.742365695291958e-16
4,AL050309.1,4.4090557,3.6621776,1.038222168969145e-05,2.7179682006038763e-05
4,VSTM4,71.088715,3.65679,0.0,0.0
4,C22orf31,3.9608033,3.65601,7.469807236315683e-05,0.00018854171682548699
4,WNT16,7.4933076,3.65081,6.715915127449322e-14,2.1902372991883107e-13
4,PABPC5,35.79077,3.650808,1.5371083782732615e-280,1.9566478026067417e-279
4,LINC00174,2.8683994,3.6502485,0.004125542431803154,0.009392172947830001
4,NPW,56.45354,3.6449897,0.0,0.0
4,AC093627.6,2.6781635,3.6377416,0.007402707547076872,0.016533854759177978
4,SPARC,191.22334,3.6301992,0.0,0.0
4,PDZRN4,5.8713827,3.6267812,4.321749644949098e-09,1.2640514457882254e-08
4,ANGPT1,21.190125,3.6221774,1.177835824112383e-99,8.091436278248816e-99
4,AL078639.1,13.421457,3.6220264,4.527241205779023e-41,2.0899692897238575e-40
4,LINC00924,19.78769,3.621523,3.8007966464404524e-87,2.4220870505471147e-86
4,GALNT16,5.832961,3.6198235,5.44523434498708e-09,1.5878465694925528e-08
4,SNCAIP,85.67006,3.6197143,0.0,0.0
4,BEND6,26.27172,3.6196897,4.037125070810366e-152,3.513810886047197e-151
4,PRKG1,50.444607,3.617273,0.0,0.0
4,B3GALT5-AS1,9.588748,3.6150658,8.91600323142242e-22,3.2946785255089997e-21
4,TGFB1I1,150.48643,3.6143622,0.0,0.0
4,CACNA1C,25.829847,3.6131487,4.098865304937621e-147,3.494720827026401e-146
4,SVEP1,40.703667,3.6104126,0.0,0.0
4,APOE,159.82272,3.6094668,0.0,0.0
4,AC016877.1,3.8202543,3.6089828,0.0001333141154117405,0.0003327684836884723
4,COL12A1,106.21189,3.6017184,0.0,0.0
4,PODNL1,21.177408,3.601189,1.54289802261703e-99,1.0596966485561011e-98
4,AC114284.1,3.8471715,3.5990148,0.00011948927466782533,0.0002988633982486427
4,RCN3,97.7294,3.5935538,0.0,0.0
4,RIPOR3,26.454487,3.5933247,3.2397779124101975e-154,2.84384595111792e-153
4,CXCL12,98.70366,3.5911539,0.0,0.0
4,SSC5D,49.931664,3.5846994,0.0,0.0
4,AL049775.1,3.3011339,3.583088,0.0009629495748249384,0.0022890234201749246
4,HOXC9,6.465979,3.579318,1.0064495971447687e-10,3.073445084374406e-10
4,ELOVL4,19.18603,3.5791562,4.842586885745455e-82,2.9951937738189866e-81
4,AC024075.2,2.6675081,3.5781672,0.007641603298659623,0.01704525354732051
4,FKBP7,126.9281,3.5779603,0.0,0.0
4,DCAF12L2,2.593091,3.576509,0.009511759432200066,0.021088948979268825
4,ARHGAP20,56.9603,3.5759974,0.0,0.0
4,DBNDD2,11.177515,3.5745924,5.254069783431107e-29,2.1310700104528245e-28
4,CACNA1D,59.50988,3.5736182,0.0,0.0
4,IP6K3,2.3942158,3.5685985,0.016655949699520264,0.03618878294292252
4,AL161669.3,53.05147,3.5670578,0.0,0.0
4,FILIP1L,122.16843,3.5659626,0.0,0.0
4,TOMM6,38.900936,3.5630078,0.0,0.0
4,VLDLR-AS1,17.633657,3.5625076,1.358843165618652e-69,7.8004765452778e-69
4,SUSD5,8.020541,3.5623333,1.0527998998252124e-15,3.539913675358773e-15
4,AC018521.5,3.77176,3.56093,0.0001621001196053947,0.00040280016052773225
4,SNHG14,28.13865,3.560208,3.29954124366781e-174,3.0987213982996357e-173
4,AP000962.1,7.3011117,3.552103,2.854001685472006e-13,9.19510373114597e-13
4,SLC1A2,23.162617,3.5484025,1.0848569639443026e-118,8.162043375030808e-118
4,EPYC,7.37773,3.547144,1.6101145162257368e-13,5.212507526237442e-13
4,AC092040.1,52.957596,3.54665,0.0,0.0
4,AUXG01000058.1,3.241512,3.545462,0.001188973896702443,0.0028079480572615885
4,GPR20,5.341252,3.5383594,9.230696319599579e-08,2.6006666467626633e-07
4,GRIA3,9.897197,3.5374486,4.2810805144081674e-23,1.6081107858387606e-22
4,MRVI1,55.65536,3.5358238,0.0,0.0
4,BMP3,14.248295,3.5283735,4.59359296794061e-46,2.2145402879447894e-45
4,HHIP,21.968859,3.5259335,5.7186769423344e-107,4.0631528334880295e-106
4,C1QTNF1,62.55691,3.5242298,0.0,0.0
4,HHIP-AS1,35.04217,3.5240266,5.131254806801257e-269,6.361479836093319e-268
4,PCDHB7,11.339106,3.5218296,8.399825454161015e-30,3.433585574814899e-29
4,AL356258.1,3.4055386,3.5209465,0.0006603371451344035,0.0015871405353969211
4,CXCL13,9.332478,3.5183854,1.0342479297058588e-20,3.766851374430707e-20
4,AC091806.1,2.9100416,3.513626,0.003613807817772906,0.008265518998291067
4,GIHCG,14.995392,3.5131285,7.869681108824528e-51,3.928104554755163e-50
4,TMEM240,15.561398,3.511013,1.3316013931666436e-54,6.857015038087547e-54
4,CYP11A1,16.724031,3.5070758,8.75887882314201e-63,4.796432809830795e-62
4,PYGO1,35.51671,3.5064833,2.7145555288920317e-276,3.4286378312818154e-275
4,PCDHB16,24.41259,3.503089,1.2571016648563436e-131,1.0073435612059894e-130
4,ARHGAP6,42.670513,3.500884,0.0,0.0
4,PCDHB9,12.424957,3.4988682,1.913279333522344e-35,8.348683377266e-35
4,MTRES1,8.2033415,3.49868,2.337956087604783e-16,7.947559260844813e-16
4,PCDHGA3,5.197638,3.498661,2.0183668059635176e-07,5.62402297799445e-07
4,THBS4,7.7462144,3.496895,9.467269516895708e-15,3.13684497168413e-14
4,LVRN,2.3677163,3.4929307,0.01789825337954221,0.038800681574069656
4,RCAN2,26.543854,3.492906,3.0241087850350957e-155,2.6681738572389297e-154
4,MMP21,2.6860907,3.490593,0.00722934775518608,0.016159503223369943
4,NBL1,177.96222,3.4898036,0.0,0.0
4,AC087392.1,3.8781528,3.4892712,0.00010525257401980284,0.00026378862351849225
4,DIPK2A,12.494709,3.4884877,7.978721107231153e-36,3.49784869874033e-35
4,ROBO2,17.205887,3.4878886,2.3987828418398913e-66,1.3470054740687775e-65
4,NUDT10,15.3220215,3.4862046,5.449633125041878e-53,2.7716276286929293e-52
4,PLA2G1B,8.749917,3.4860773,2.1351035572588488e-18,7.505646683826119e-18
4,TTC28-AS1,7.152127,3.4856095,8.544355409205642e-13,2.726131853332495e-12
4,ZNF561-AS1,3.33692,3.485579,0.0008471228666663578,0.0020214659079722916
4,EDIL3,53.25833,3.476861,0.0,0.0
4,JPH2,2.5508018,3.4697578,0.01074754163527527,0.0237386028243731
4,AC092376.2,9.103649,3.4696243,8.734641395354528e-20,3.1416450786247224e-19
4,CCDC18-AS1,13.024945,3.46896,8.826391003394323e-39,3.9841867495532106e-38
4,PCBP3,18.40875,3.4663374,1.1177113866415814e-75,6.658655710665257e-75
4,CFAP410,5.3690915,3.461728,7.913431019515585e-08,2.2325916250129454e-07
4,TPST1,98.579704,3.461085,0.0,0.0
4,AC079949.2,4.710584,3.460205,2.47007936865923e-06,6.637922184779656e-06
4,SHISAL1,16.261106,3.4591575,1.8634232124073205e-59,9.971056306418465e-59
4,EEF1G,67.76008,3.4524746,0.0,0.0
4,AC010931.2,10.863023,3.4511423,1.7292754440617052e-27,6.887463421342155e-27
4,AC097448.1,4.856619,3.4441931,1.1940700935797974e-06,3.2444065391007295e-06
4,TLCD5,5.0433846,3.4395761,4.573687366403908e-07,1.260670252683899e-06
4,BX664615.2,3.4728494,3.4368567,0.0005149642286341662,0.001245383365758699
4,EFEMP2,143.57614,3.4367697,0.0,0.0
4,PTCHD1,3.5851562,3.4349196,0.0003368764755036071,0.000822290414499288
4,DTX1,34.72839,3.4346495,2.9379315830829596e-264,3.607574550589791e-263
4,AL139393.2,26.052021,3.4309201,1.2762433213199463e-149,1.0981306328517702e-148
4,AC019171.1,13.380063,3.4296343,7.907987169470821e-41,3.641420730733532e-40
4,CORO2B,18.612255,3.4172409,2.5562999119977363e-77,1.5398082514152023e-76
4,AKNAD1,5.410184,3.417093,6.296009388515251e-08,1.7819666865461616e-07
4,CZIB,19.092209,3.4167254,2.9311400960949918e-81,1.8053556586290932e-80
4,LINC01128,3.2860703,3.4166353,0.0010159560501688406,0.0024100202350578214
4,DZIP1,54.519733,3.4149303,0.0,0.0
4,GASK1B,20.542084,3.4131505,9.059204419210571e-94,5.9955638326454195e-93
4,AC046134.2,2.8289244,3.4103441,0.0046704718736222325,0.010597626767347651
4,ZNF433-AS1,4.3147254,3.4103155,1.5980148851524723e-05,4.15250092949449e-05
4,NIPBL-DT,3.4108407,3.4088583,0.0006476289876143576,0.0015575651015638434
4,ABCB6,5.5284877,3.4080079,3.230034789214186e-08,9.217125402109024e-08
4,EPHA3,4.777661,3.407925,1.7734608222835968e-06,4.795481507814447e-06
4,RGS5,17.599005,3.405957,2.506936990054925e-69,1.4372454377968385e-68
4,SCG5,52.74064,3.4039536,0.0,0.0
4,GXYLT2,70.23655,3.4008653,0.0,0.0
4,COA6-AS1,6.336481,3.4008107,2.350723085946127e-10,7.109677895815338e-10
4,WNT5A,111.61186,3.398629,0.0,0.0
4,RIPPLY2,2.3114758,3.397539,0.02080658880097712,0.04488512878284357
4,LGALS1,212.76482,3.3969,0.0,0.0
4,APOD,103.742836,3.3963716,0.0,0.0
4,PWRN1,8.43406,3.3961372,3.3387383889626674e-17,1.1487296825967846e-16
4,MEX3B,37.86021,3.3937721,0.0,0.0
4,SNHG30,7.991156,3.3928707,1.3367935530428966e-15,4.4869980825257166e-15
4,RO60,20.07537,3.389131,1.2117355758510891e-89,7.836600008962044e-89
4,NPB,9.440201,3.388814,3.720648924573892e-21,1.3634585761418696e-20
4,MSC-AS1,20.710413,3.3874853,2.7904874532155438e-95,1.8647696371142228e-94
4,AC026904.3,2.6440408,3.3848746,0.008192279351269996,0.01824724545327917
4,NOVA1,82.6258,3.377878,0.0,0.0
4,SEPTIN10,16.848171,3.3754444,1.0821050050030145e-63,5.960545248552516e-63
4,MYOZ1,4.2765875,3.3753407,1.897799536958987e-05,4.91620905949136e-05
4,ITGA11,21.773092,3.3752313,4.174987774662429e-105,2.941334560097828e-104
4,BAMBI,57.519897,3.3728888,0.0,0.0
4,AL162458.1,2.379028,3.364837,0.01735835872587909,0.037646115580713284
4,SPON2,136.85403,3.356058,0.0,0.0
4,RGN,40.410927,3.3548672,0.0,0.0
4,LINC01914,5.755733,3.3520238,8.626656316841777e-09,2.499756860909702e-08
4,PLAAT4,20.775307,3.351065,7.2400834659719204e-96,4.857157796457438e-95
4,CPED1,97.532906,3.3504128,0.0,0.0
4,POTEI,2.5906656,3.3491054,0.009579050734090728,0.02123205113586791
4,REN,3.5556316,3.3462067,0.00037707198516933124,0.0009179398114074135
4,CGREF1,10.057746,3.3431344,8.492017957266271e-24,3.227133886698987e-23
4,COA8,15.593421,3.342092,8.069372405748852e-55,4.160829044786115e-54
4,NAP1L3,28.883842,3.3411264,1.9052231568821243e-183,1.846495205699461e-182
4,IGFBP3,93.34989,3.3387544,0.0,0.0
4,RGS22,35.53031,3.3385293,1.6736348355478636e-276,2.116490665395983e-275
4,PRSS12,42.031982,3.3372526,0.0,0.0
4,LINC01578,31.209475,3.3357909,7.924915756726346e-214,8.443135859811829e-213
4,NR2F1,117.87766,3.3357847,0.0,0.0
4,CPEB1,5.090282,3.3350167,3.575315311931746e-07,9.884808153311966e-07
4,CIAO2B,28.772491,3.3341408,4.739515317124417e-182,4.5733437373201484e-181
4,SNHG16,26.439602,3.330734,4.805524770939222e-154,4.2146524998699925e-153
4,LINC02550,12.334551,3.3291328,5.901702713435137e-35,2.5625727137417784e-34
4,GABRA2,14.199166,3.3279827,9.27086312879418e-46,4.4534436854467156e-45
4,PCDHGA2,4.0209193,3.3276806,5.797147746168144e-05,0.0001471279728944152
4,LINC01436,4.253673,3.324659,2.102923876304974e-05,5.438917844766346e-05
4,ATPSCKMT,3.2318783,3.3165576,0.001229794498359987,0.002901913159322959
4,CACNA2D1,45.614388,3.3132021,0.0,0.0
4,PLP1,3.607062,3.3103347,0.0003096835719334153,0.0007571703312828151
4,EXTL1,3.3118129,3.3091502,0.0009269352451354734,0.002205279626002777
4,RUNX1T1,91.55402,3.3087885,0.0,0.0
4,SNHG3,9.744863,3.3070042,1.9404078512438346e-22,7.223823832617827e-22
4,AC005670.3,7.569534,3.30518,3.7456618683300735e-14,1.227517456944943e-13
4,PRR16,28.542393,3.304393,3.4912334826340285e-179,3.339633341001854e-178
4,DOP1A,4.423086,3.3025746,9.730097156490662e-06,2.5500560740749335e-05
4,PEG10,60.634132,3.3017135,0.0,0.0
4,KCNT2,13.425409,3.2974403,4.292056063841977e-41,1.9822859648111774e-40
4,WNT6,27.577078,3.2972672,2.0959324597285214e-167,1.92336652413389e-166
4,PTGDS,88.41096,3.293599,0.0,0.0
4,SRPX,54.0314,3.293285,0.0,0.0
4,AC006230.1,2.6850743,3.29051,0.007251367921106282,0.016206379950656727
4,EEF1AKNMT,2.9803915,3.2893887,0.00287880198990106,0.006633005300571944
4,THY1,106.738686,3.2888458,0.0,0.0
4,SYTL4,77.767456,3.2881775,0.0,0.0
4,AC092329.4,2.6360874,3.287545,0.008386814749516532,0.01866171947180039
4,COL6A6,6.8562975,3.2827115,7.066810555697506e-12,2.212234516812953e-11
4,ADGRA2,85.88613,3.2826257,0.0,0.0
4,LINC00346,17.335747,3.2819629,2.5276670158172602e-67,1.4323909874929237e-66
4,SNHG17,9.565082,3.279977,1.1211299701388992e-21,4.133949413872937e-21
4,CCBE1,34.31311,3.2757025,5.003162103860233e-258,6.026217113951996e-257
4,CYP27C1,10.614244,3.2740767,2.5585497191995372e-26,1.0047915650736989e-25
4,RASL11A,19.568222,3.273447,2.8857797986437385e-85,1.8183648570169627e-84
4,SBNO1-AS1,3.0195827,3.2720397,0.0025312310358822435,0.00585574533128836
4,GFPT2,30.432247,3.2688663,2.0576357074355976e-203,2.122675127159947e-202
4,MAP4K3-DT,8.511468,3.2685387,1.7174492682374373e-17,5.941482486390696e-17
4,RAD51-AS1,5.335699,3.2679539,9.517720878873821e-08,2.679823259573228e-07
4,IL11,6.6823015,3.2659144,2.3521846704312797e-11,7.279360329330086e-11
4,ADGRD1,34.538074,3.2609212,2.1527993570461208e-261,2.6267891720578147e-260
4,AC105446.1,28.08858,3.2479107,1.3507445707285763e-173,1.2646913798093945e-172
4,AC006141.1,3.5361543,3.2465687,0.0004059976107325554,0.0009867239250539507
4,TSHZ3,78.688774,3.244907,0.0,0.0
4,NACAD,14.435919,3.2435582,3.0752019664399596e-47,1.496540185431583e-46
4,AC007390.2,2.723563,3.2429812,0.006458188539456002,0.014495514392808035
4,LINC01018,4.948711,3.24125,7.470652464262014e-07,2.0444081433765365e-06
4,B4GALNT4,29.507225,3.2407417,2.325631516668961e-191,2.3097137945272356e-190
4,AC108058.1,3.2305133,3.2406464,0.001235681313697167,0.0029153589589647586
4,AC015871.1,2.9798567,3.2405055,0.00288383149333669,0.006643107994675193
4,HTRA1,170.19612,3.239125,0.0,0.0
4,GRIP2,9.4109125,3.2386518,4.9184894771713716e-21,1.7996419352543577e-20
4,COL24A1,12.688089,3.2371752,6.884477477855431e-37,3.0523389098849206e-36
4,FAP,78.98043,3.2293413,0.0,0.0
4,SEPTIN2,29.477463,3.2286305,5.6000688271444e-191,5.554599718888062e-190
4,MKX,4.8527465,3.2246318,1.2176333921769786e-06,3.3078487520448167e-06
4,FXYD6,109.19811,3.2239532,0.0,0.0
4,LTBP4,167.00809,3.2204123,0.0,0.0
4,LINC00473,11.510003,3.2168226,1.1747401702533076e-30,4.8539698451897024e-30
4,ASCL1,3.3266718,3.2144816,0.0008788984260816003,0.002093573306736341
4,AC078909.1,9.930015,3.2139122,3.082102107157897e-23,1.1599918390882749e-22
4,PDGFRL,54.36182,3.2138472,0.0,0.0
4,CPT1C,34.882122,3.2120035,1.3880425801107217e-266,1.7125841127138554e-265
4,KCNIP3,7.5244536,3.2028885,5.294126559922036e-14,1.7303888492757018e-13
4,TBX18,2.7103977,3.199484,0.006720257261576027,0.01506622596717904
4,AC097480.1,4.033638,3.1971948,5.491989471793346e-05,0.00013954366869838616
4,ABCA10,24.246954,3.1969004,7.1199408891555404e-130,5.6642474404409336e-129
4,AL499604.1,2.9069827,3.1964972,0.0036493333983878447,0.00834368599970211
4,GET3,11.536929,3.1948068,8.593899338268407e-31,3.5552355353749385e-30
4,SCN5A,8.949942,3.193393,3.5566984916902496e-19,1.2662928266636394e-18
4,FBLN5,99.81188,3.1902974,0.0,0.0
4,SGCE,107.25892,3.1900418,0.0,0.0
4,CRIM1-DT,3.578122,3.1900187,0.0003460721208292822,0.000844069684222745
4,FGF2,53.727257,3.1873143,0.0,0.0
4,C21orf62,6.5972614,3.1858444,4.18821832615103e-11,1.2887819972754867e-10
4,VASN,76.32864,3.1858194,0.0,0.0
4,RAB30-DT,13.010204,3.1841452,1.0705577740803063e-38,4.828210874580479e-38
4,HSPB7,10.393871,3.1839075,2.6439971309227076e-25,1.0244204503626442e-24
4,SNHG11,2.7680237,3.1838472,0.005639736230320961,0.0127213054788009
4,ANGPTL2,68.374374,3.1820278,0.0,0.0
4,ITGBL1,12.883676,3.1808937,5.562229388617997e-38,2.4918368417744083e-37
4,ADCY5,15.923183,3.1804564,4.3753896648770554e-57,2.299441733928841e-56
4,ENOX1,7.4467177,3.1800432,9.569115939419954e-14,3.111220979798575e-13
4,NFATC4,71.20356,3.1743977,0.0,0.0
4,LINC-PINT,20.4593,3.1731458,4.964767767335732e-93,3.2752631245473955e-92
4,ERVK13-1,2.830168,3.1677215,0.004652355609019967,0.010560396210926859
4,ZNF790-AS1,5.3098,3.1672227,1.097455757966088e-07,3.0835513737688983e-07
4,HOXA9,48.632996,3.1669579,0.0,0.0
4,SERPINE2,97.6032,3.1602933,0.0,0.0
4,PXDN,106.80371,3.1596172,0.0,0.0
4,TASOR,13.205876,3.157938,8.115018117165693e-40,3.703098552299425e-39
4,ISM1,12.899802,3.1557338,4.512551779092491e-38,2.02422986700162e-37
4,FBLN2,84.49229,3.1544242,0.0,0.0
4,SLITRK6,12.622092,3.1540546,1.5952579067190133e-36,7.044525806967359e-36
4,HFM1,6.7073226,3.1532319,1.9822763353370948e-11,6.143824177322863e-11
4,AC113349.1,15.321661,3.1517537,5.47991176801437e-53,2.7865684931559743e-52
4,AC010735.2,2.5976727,3.1502821,0.009385791933094675,0.020823104678498107
4,EGFL6,29.653278,3.1496987,3.077094419050815e-193,3.0748062466732475e-192
4,RPRM,21.42233,3.1460493,8.274183562578188e-102,5.741584898262328e-101
4,AC022966.1,2.5909832,3.142211,0.009570218388888625,0.02121551712418453
4,PCDHB15,16.628819,3.1415105,4.310048053040823e-62,2.3477380185994488e-61
4,GRIK2,8.16833,3.1404796,3.126883151873938e-16,1.0604913593214944e-15
4,FOXC2,4.338159,3.138407,1.4368113701625596e-05,3.7411566147947965e-05
4,JAM3,72.463066,3.1366115,0.0,0.0
4,NXPH3,9.911907,3.1365016,3.695229354068504e-23,1.389735381433381e-22
4,ASXL3,13.4429245,3.1358583,3.3877860659217017e-41,1.566287269101601e-40
4,FAIM2,7.2481337,3.1330106,4.2255378099917577e-13,1.3561650788516642e-12
4,SELENOM,202.63492,3.1316261,0.0,0.0
4,KCNIP1,4.8166947,3.1270144,1.459556541617016e-06,3.955674678337172e-06
4,MICOS10,31.334358,3.1247318,1.5892326259930152e-215,1.7013651808647774e-214
4,APCDD1,105.77069,3.123289,0.0,0.0
4,CSRNP3,29.694935,3.1222093,8.926699905264221e-194,8.963531967901276e-193
4,KLK6,20.23318,3.1221604,4.997479139666102e-91,3.2579010286787638e-90
4,CDH13,38.582607,3.121664,0.0,0.0
4,AC107204.1,2.6413987,3.1215067,0.008256447683666613,0.0183808995576665
4,PARM1,55.917583,3.1208265,0.0,0.0
4,ANKRD13B,34.938614,3.1201859,1.9281923312312985e-267,2.3818801111656973e-266
4,AF106564.1,3.5222592,3.1184852,0.00042788558652286915,0.0010387762016072827
4,SOBP,39.490463,3.1178832,0.0,0.0
4,AL662884.3,2.3067217,3.11729,0.02107033862504707,0.04541923252087668
4,MYO16,4.5005374,3.116939,6.7781826395623596e-06,1.78931748241334e-05
4,SYTL5,9.815994,3.107581,9.608604518993833e-23,3.5914033119910798e-22
4,AC008443.1,2.9363472,3.1025543,0.00332102256139921,0.007612195513583906
4,AP000873.2,5.8875394,3.1024885,3.9198732272008805e-09,1.1480292033838493e-08
4,HS6ST2,7.111908,3.1014652,1.1444947093536645e-12,3.643685412236682e-12
4,HCN1,2.7248058,3.1012123,0.00643392909295664,0.01444211246103645
4,C8orf88,18.097776,3.0979612,3.317921119606961e-73,1.9473412085775225e-72
4,CERT1,15.019911,3.0947938,5.438114057487584e-51,2.7183534073228e-50
4,ROR1,24.13528,3.0944161,1.0658982924078198e-128,8.434131726433304e-128
4,GNB3,9.902856,3.0895677,4.045550423701459e-23,1.520377273168057e-22
4,TLE5,31.726562,3.0894728,6.685894508793258e-221,7.258199563866287e-220
4,ZNF875,3.5991883,3.0893652,0.0003192118842532451,0.0007801582877285344
4,PCDHB12,9.109434,3.0875902,8.281310090991169e-20,2.9792858920063326e-19
4,LTBP1,68.50368,3.0852492,0.0,0.0
4,PCDHB5,14.709617,3.0814,5.592295539018161e-49,2.7553176825192775e-48
4,GLI3,37.46437,3.0805562,3.5052325511209286e-307,4.776729385251081e-306
4,PALLD,167.32426,3.0793362,0.0,0.0
4,FZD7,19.05655,3.077375,5.797426870552103e-81,3.562956299227557e-80
4,TENM4,23.333712,3.0771618,2.0171071589062545e-120,1.5302584919075996e-119
4,MTSS2,2.73175,3.073727,0.006299891815732483,0.014148434555213184
4,RAMAC,4.4637175,3.0731528,8.054980314454587e-06,2.1194898397654342e-05
4,COL4A2,152.23064,3.072565,0.0,0.0
4,PCDHGA5,17.446398,3.0697725,3.666354302199384e-68,2.086466809391942e-67
4,GATA6,38.181858,3.0666223,0.0,0.0
4,FLRT2,82.09898,3.0666199,0.0,0.0
4,PSD3,94.10492,3.0658565,0.0,0.0
4,RASL11B,29.753859,3.06163,1.5458977753940257e-194,1.5563212555082462e-193
4,HEIH,9.230123,3.0583544,2.7032195938843274e-20,9.787770382870537e-20
4,SEPTIN8,3.7538893,3.0561275,0.00017411174363904643,0.00043171052231464165
4,NLGN2,46.538757,3.0554252,0.0,0.0
4,SLC4A3,18.930267,3.0547702,6.4235638555981584e-80,3.9266829130730276e-79
4,FAM225B,3.9545064,3.049839,7.669280536165199e-05,0.00019348171866072795
4,MRTFA,3.0373993,3.0462778,0.0023862911960821362,0.005527889521609248
4,PLAT,113.3265,3.0434396,0.0,0.0
4,SNAP91,2.9990227,3.0412095,0.0027084700730806498,0.006253599622643331
4,AL645608.3,7.144642,3.040152,9.023077564744391e-13,2.8776829872413053e-12
4,MRPS24,36.869392,3.0366313,1.4301248754985118e-297,1.8921605105750214e-296
4,KLK3,5.7212076,3.0347774,1.0576958233250008e-08,3.0574452685658247e-08
4,NPAP1,3.862026,3.0316937,0.00011245058029533213,0.00028160023376987766
4,VIT,12.4183235,3.0299728,2.078706895316331e-35,9.066694046506045e-35
4,RAB9B,15.091397,3.0270836,1.844947548386891e-51,9.253780246347557e-51
4,GADD45G,55.698402,3.026529,0.0,0.0
4,PCBP1-AS1,6.7166266,3.0261843,1.8597978312763505e-11,5.76826608843534e-11
4,FRMD6,54.644955,3.0244517,0.0,0.0
4,CYP7B1,21.734882,3.0226102,9.60285498205665e-105,6.756099224457657e-104
4,COL11A1,5.0895853,3.0220847,3.58847027761472e-07,9.917629515357074e-07
4,AC100793.2,24.998219,3.0210345,6.392179327412118e-138,5.262735388181309e-137
4,DENND10,10.051198,3.021012,9.07570253986405e-24,3.4468264733297885e-23
4,HEXD,8.870916,3.0167198,7.254628087778495e-19,2.5707267863903918e-18
4,AL158071.1,5.2588873,3.0148468,1.449296808334402e-07,4.0555379316606036e-07
4,AP001528.1,9.131112,3.0146892,6.779940082774284e-20,2.4422798151317577e-19
4,PGF,16.44676,3.0126834,8.847608023281717e-61,4.77313704268752e-60
4,GAS1,71.67379,3.0119302,0.0,0.0
4,PTK7,121.97509,3.0115018,0.0,0.0
4,SDC2,138.59413,3.0098226,0.0,0.0
4,TRO,19.862598,3.0096323,8.575730756370807e-88,5.490990480363633e-87
4,AC087564.1,20.264614,3.009196,2.640206053510449e-91,1.724811847301785e-90
4,PRL,4.211783,3.0089178,2.5336287826999535e-05,6.531014577723724e-05
4,SLC38A11,4.654763,3.002987,3.2435315304529993e-06,8.672707761200004e-06
4,BAG2,84.0062,3.0018404,0.0,0.0
4,SCN2B,2.4365094,3.0011232,0.014829786386528359,0.03235294754347653
4,AC005562.1,3.4213781,2.9995646,0.0006230462733571702,0.0015001940768658508
4,DIRAS1,7.363368,2.9981165,1.793268925940458e-13,5.800582176247172e-13
4,WNT9A,9.711298,2.9979935,2.6987832147448483e-22,1.003263084172709e-21
4,COPZ2,76.71695,2.9971771,0.0,0.0
4,ATP6V0C,36.576,2.997107,6.886748050421354e-293,9.011376883758374e-292
4,DSEL,66.18867,2.9963005,0.0,0.0
4,GABRB3,12.235227,2.996037,2.0154136022686606e-34,8.692490678944669e-34
4,UNC5C,6.9194446,2.9942117,4.534177649917918e-12,1.4256137194914863e-11
4,STRA6,63.925762,2.9919236,0.0,0.0
4,MAOB,79.74844,2.9912212,0.0,0.0
4,SERPINE1,32.531826,2.9911666,3.784715231888243e-232,4.233593690625042e-231
4,FJX1,55.158913,2.9902227,0.0,0.0
4,SPRR2F,32.024166,2.989568,5.026739375077836e-225,5.536758156291186e-224
4,NUP42,6.4426613,2.986845,1.1739645749261862e-10,3.576512875036337e-10
4,TIMP2,198.71904,2.9864,0.0,0.0
4,Z83843.1,5.7517776,2.9848485,8.830987538073334e-09,2.5575274722566767e-08
4,C8orf89,2.6679745,2.983315,0.007631004328948918,0.017022840187284317
4,CDH8,3.3430698,2.9791443,0.0008285708487435864,0.001978570595852432
4,MEAK7,2.5075414,2.9790306,0.012157430675720582,0.026739945196021637
4,AL022311.1,2.586332,2.9760547,0.009700338999768587,0.021493180691508188
4,PRRT1,17.863993,2.9686334,2.2495704982210714e-71,1.3051900767508664e-70
4,PCOLCE-AS1,2.8636706,2.968484,0.004187633438391641,0.009532124516156317
4,RIMS1,5.060782,2.9638927,4.1754062031938366e-07,1.1521228419079716e-06
4,AL354740.1,3.6092207,2.9634843,0.0003071181525881326,0.0007510796545469717
4,ADAMTS7,32.01043,2.9633853,7.80670808450075e-225,8.580438363003722e-224
4,GPR153,27.62755,2.9569247,5.194569330532032e-168,4.769713437277288e-167
4,DCLK1,11.364817,2.9567852,6.2595761922146694e-30,2.562786082564297e-29
4,MAPK10,74.29524,2.9517562,0.0,0.0
4,TASOR2,7.7816668,2.9477599,7.157522503324937e-15,2.3779162421827778e-14
4,OBI1,4.898692,2.947554,9.64767507308367e-07,2.6308513630121494e-06
4,SSPN,115.34743,2.9474554,0.0,0.0
4,OIP5-AS1,16.63439,2.9472694,3.927326504670567e-62,2.140019045836622e-61
4,LHCGR,2.2738266,2.947033,0.022976420903222914,0.04936616203377898
4,LRATD1,3.283507,2.9438136,0.0010252406330371717,0.0024309253736309834
4,ITPKA,5.588812,2.940809,2.2862837275324422e-08,6.557365550004194e-08
4,MICOS13,21.637054,2.9403353,8.048355195528561e-104,5.647003723682207e-103
4,FBXO32,92.33485,2.9400802,0.0,0.0
4,APOA1,24.838293,2.9378436,3.460308761260087e-136,2.8285576007475673e-135
4,PDPN,60.73798,2.9351203,0.0,0.0
4,LRCH2,24.658333,2.931447,2.995628486657111e-134,2.428800882400612e-133
4,DMAC2L,6.2376037,2.9308856,4.4432492415576395e-10,1.3365207232002137e-09
4,AC027601.6,4.0102143,2.9306574,6.0663595134280925e-05,0.00015380883796679414
4,SFRP2,3.5646067,2.9283366,0.0003644023217549516,0.0008876562546091023
4,MAP1B,100.128174,2.9277606,0.0,0.0
4,CYGB,27.760496,2.9271815,1.3016335700882899e-169,1.2016006197944677e-168
4,ASTN1,6.87954,2.926011,6.0046105223429045e-12,1.8818140074432382e-11
4,BICC1,60.882744,2.9248018,0.0,0.0
4,FKBP10,102.06735,2.9247537,0.0,0.0
4,NLGN3,7.686852,2.9241192,1.5079945481506353e-14,4.974128868697085e-14
4,ADH1B,19.629265,2.9236894,8.696292645124795e-86,5.496448195968754e-85
4,BDNF,3.2180614,2.922617,0.0012906020170122805,0.003041683432957035
4,AL512598.1,6.103628,2.9219298,1.0368736469697778e-09,3.0879412032082216e-09
4,MMP23B,56.895153,2.9197679,0.0,0.0
4,GABPB1-IT1,13.611122,2.9195225,3.43922225432012e-42,1.6049530758609683e-41
4,RHBG,5.778226,2.917697,7.549249732284536e-09,2.1922828288613935e-08
4,TUG1,13.930863,2.9168808,4.113505918127506e-44,1.9481478303948333e-43
4,ALDH1L2,16.26229,2.9123526,1.827772795616245e-59,9.781986804175114e-59
4,GPC1,74.90454,2.9116917,0.0,0.0
4,DUSP15,16.146032,2.9099643,1.211065884579168e-58,6.435765697160996e-58
4,ROBO1,54.801224,2.9077818,0.0,0.0
4,MICU3,77.60034,2.9042964,0.0,0.0
4,AC018647.1,3.5634425,2.9034705,0.000366022909012585,0.0008915336156396851
4,FAM153CP,7.0583687,2.903105,1.6846867465803781e-12,5.3442074593615665e-12
4,IGFBP2,142.14395,2.89984,0.0,0.0
4,TCEAL2,32.917725,2.89734,1.2258333578913309e-237,1.397522375224912e-236
4,ZCCHC12,12.729379,2.897227,4.060579820011442e-37,1.8055005106760705e-36
4,C3orf70,16.857431,2.8971088,9.252347568312117e-64,5.101004393396765e-63
4,S1PR3,48.010803,2.8964021,0.0,0.0
4,SORCS2,10.288721,2.8949802,7.922158973182119e-25,3.0537561409845317e-24
4,CAVIN3,116.610146,2.8948019,0.0,0.0
4,TNXB,99.803444,2.8859499,0.0,0.0
4,P2RY14,41.556168,2.8852706,0.0,0.0
4,LINC01278,4.636973,2.8832824,3.535490994320662e-06,9.43866460753811e-06
4,PINX1,2.82653,2.882485,0.004705534024849176,0.010674834124046791
4,LTO1,2.5219333,2.8822696,0.01167118065685173,0.025705207764648786
4,AL021707.2,5.3509045,2.8813388,8.751572080211143e-08,2.466577040699305e-07
4,TMEM198,10.219395,2.8803833,1.6235168758158884e-24,6.227880858984941e-24
4,PCDHGB2,2.3304353,2.876343,0.01978316298225252,0.0427459604510961
4,MIR202HG,22.636663,2.8735235,1.888060995200294e-113,1.3851009062106693e-112
4,MMP10,17.94733,2.8724673,5.035349809119489e-72,2.9336014429869187e-71
4,CADPS,6.899819,2.8697557,5.206881820888571e-12,1.6344616741641585e-11
4,BMPER,5.863655,2.868334,4.527880324309346e-09,1.3233399260844345e-08
4,AXL,114.312096,2.867318,0.0,0.0
4,ZNRD2,9.011071,2.866899,2.0405296845639078e-19,7.296003119020904e-19
4,AC026894.1,3.26951,2.8665464,0.0010773388237473476,0.002549759631331593
4,OLFML2B,58.02317,2.8642566,0.0,0.0
4,TCEAL4,189.04102,2.8623524,0.0,0.0
4,TMEM35B,17.867031,2.860205,2.1303323716475243e-71,1.2364729128734279e-70
4,KIRREL1,42.77735,2.8586292,0.0,0.0
4,ZKSCAN2-DT,2.4538522,2.8585217,0.01413350252248396,0.030890613284945318
4,SLC16A8,5.3251,2.8565638,1.0089755470654162e-07,2.838558823334318e-07
4,VIPR2,21.222145,2.8518126,5.963990182453862e-100,4.1044098100445675e-99
4,CALHM5,7.8425937,2.8515084,4.413345327011908e-15,1.4704965935959147e-14
4,ACHE,4.535807,2.8476675,5.738357264063727e-06,1.5188439493056232e-05
4,TENM3,14.385292,2.8465161,6.400755430711835e-47,3.1051349567887414e-46
4,TMEFF1,2.6184142,2.8430154,0.008833951201725159,0.019641099905885872
4,PRXL2A,9.94686,2.8416889,2.6026512653660553e-23,9.804990572728995e-23
4,AP005205.2,4.6442723,2.84161,3.4127676769707347e-06,9.115755819906187e-06
4,PLCL1,48.30353,2.8404398,0.0,0.0
4,PDE1A,13.787286,2.8388321,3.0398137470857536e-43,1.4308791270359333e-42
4,GRIA1,2.5159729,2.8384895,0.011870433738534903,0.026129157150979153
4,NOTCH3,42.7548,2.8345273,0.0,0.0
4,IL17D,10.821556,2.8340895,2.721170945073195e-27,1.0810183855961084e-26
4,HOXA6,17.042046,2.8337698,4.004700325282702e-65,2.228141727335958e-64
4,PAX8-AS1,7.0782676,2.8335881,1.4596781970598563e-12,4.637092613478156e-12
4,AC087071.1,3.9052994,2.831352,9.410882016003793e-05,0.00023651173399628334
4,SPTBN4,3.8817484,2.8303018,0.00010370816504463512,0.00026000229210208775
4,SYDE1,46.387596,2.830197,0.0,0.0
4,ANK2,28.653328,2.8274713,1.4571225981291062e-180,1.3999157022187219e-179
4,ADAM11,2.5495327,2.8251557,0.010786744568620228,0.023814980668786727
4,SEPTIN9,11.166844,2.8249097,5.924827308659994e-29,2.4012409864772415e-28
4,NME2,56.162106,2.822532,0.0,0.0
4,COL26A1,5.6215677,2.8222506,1.8923210118536217e-08,5.438531291924855e-08
4,FHL1,79.67036,2.82052,0.0,0.0
4,MEDAG,38.146435,2.817539,0.0,0.0
4,GARNL3,23.266232,2.8172107,9.74562381592905e-120,7.357303255469446e-119
4,MGP,147.95856,2.813327,0.0,0.0
4,RYR2,16.79761,2.8132627,2.540822889850578e-63,1.3958267518061111e-62
4,TMEM255A,6.08051,2.8131077,1.198006840854862e-09,3.5602689836828097e-09
4,KIF25,2.596591,2.8122435,0.009415395047045225,0.02088578301292089
4,INHA,11.386547,2.8110225,4.8794552184584534e-30,2.0003889433200082e-29
4,MFGE8,147.24586,2.8104584,0.0,0.0
4,CSPG4,8.879323,2.8101997,6.726869594363406e-19,2.385079253791325e-18
4,TMEM100,16.15996,2.808944,9.662443187831424e-59,5.1409387434378694e-58
4,NCBP2AS2,8.805211,2.8066347,1.3060606478046862e-18,4.6096170425601736e-18
4,WT1,87.15311,2.8056138,0.0,0.0
4,LHFPL6,125.92026,2.8048255,0.0,0.0
4,ARHGEF17,67.3487,2.8046803,0.0,0.0
4,MAP1A,44.46644,2.803823,0.0,0.0
4,PMP22,144.59163,2.8037684,0.0,0.0
4,LOXL2,55.62894,2.8020895,0.0,0.0
4,AC127502.2,4.089252,2.798306,4.32766450128634e-05,0.00011046839010675332
4,ADAMTSL5,8.38534,2.7964206,5.057945941335509e-17,1.737147852081971e-16
4,RCOR2,9.332374,2.7956781,1.0352574904282326e-20,3.770084041082289e-20
4,LINC02104,2.6829453,2.7950127,0.00729769520414825,0.016308739383558205
4,CILP2,2.3598843,2.7944794,0.018280636261860123,0.03959630141883179
4,SHOX2,3.3987617,2.7930186,0.000676916288973673,0.0016250933465363764
4,ANXA13,5.3280067,2.7919545,9.929647826734699e-08,2.7940242660314033e-07
4,SH3PXD2A,94.95605,2.7915087,0.0,0.0
4,EPDR1,66.70751,2.788726,0.0,0.0
4,TFAP2C,32.8525,2.786699,1.049108015899179e-236,1.1929647331639411e-235
4,LOX,46.956974,2.783784,0.0,0.0
4,AL162231.2,6.403167,2.7807252,1.521865826898967e-10,4.623187252994532e-10
4,PLEKHA4,54.83038,2.7802157,0.0,0.0
4,CCDC89,6.4920406,2.7795491,8.468141269685293e-11,2.590309206474301e-10
4,ARHGEF33,7.4299784,2.7771618,1.086155385634687e-13,3.527722205108372e-13
4,MTLN,12.751492,2.774458,3.058373876100197e-37,1.3618377955428438e-36
4,ADRA2A,18.227352,2.7734518,3.1311645068964643e-74,1.850026790568706e-73
4,AC008969.1,4.0565786,2.7723725,4.979681634075383e-05,0.00012676634565881548
4,AL391807.1,17.94861,2.769723,4.920631329883607e-72,2.8678474922253944e-71
4,PDE1C,4.0910935,2.7692778,4.293435888813416e-05,0.00010961277301797147
4,LRP4-AS1,4.127075,2.7673194,3.674064813877684e-05,9.407200828640343e-05
4,AL662796.1,13.755291,2.76576,4.733714782989313e-43,2.225508408850786e-42
4,STON1,55.61601,2.7643003,0.0,0.0
4,INAFM1,95.0433,2.7641642,0.0,0.0
4,CRABP2,54.93649,2.762159,0.0,0.0
4,PCDHB4,20.575758,2.7604308,4.5260714921973014e-94,2.999298705174571e-93
4,GJA1,116.37777,2.758329,0.0,0.0
4,AL023583.1,3.795913,2.7573645,0.00014710112107535353,0.0003665608602012377
4,PLPP1,103.87416,2.7568486,0.0,0.0
4,SUGCT,10.420643,2.7564383,1.9959864774145443e-25,7.740270270696528e-25
4,KLHL13,35.689537,2.7546778,5.744554242735806e-279,7.294451026303843e-278
4,FAM174C,10.044797,2.75382,9.684693944473445e-24,3.6754031893644487e-23
4,FEZ1,57.19471,2.7516015,0.0,0.0
4,AL133346.1,3.1091352,2.7490764,0.0018763583292532781,0.004373829616278081
4,SCN2A,5.075492,2.7479815,3.8649463750252903e-07,1.0673150251331901e-06
4,UBE2Q2L,4.828969,2.7465162,1.3724178259587498e-06,3.723757154499787e-06
4,TRPC6,16.358395,2.7442937,3.7898852837643417e-60,2.037112773309644e-59
4,COL4A5,48.40954,2.7403986,0.0,0.0
4,C8orf48,9.976538,2.7392128,1.9308741134290722e-23,7.294649336725624e-23
4,EFNB3,20.981125,2.7386239,9.756005143760439e-98,6.632838780866781e-97
4,C1orf229,4.076732,2.7386234,4.56730924064993e-05,0.00011647976458516988
4,TMEM200A,46.66849,2.738357,0.0,0.0
4,SEMA5B,2.2756693,2.7334476,0.022865805448237707,0.049135329833044764
4,PRICKLE1,58.81713,2.731925,0.0,0.0
4,RBPMS2,13.204946,2.7313602,8.215914624589047e-40,3.748033554275626e-39
4,COLCA2,16.78303,2.7307825,3.2483262330062895e-63,1.7832330174693677e-62
4,IGFBP4,170.07553,2.7307076,0.0,0.0
4,KCNAB1,8.4365225,2.7288558,3.269176611656127e-17,1.1249214154582046e-16
4,CACNB2,20.052702,2.7285562,1.9117706779410948e-89,1.2348400489681383e-88
4,C9orf47,11.57162,2.7282798,5.738877283018907e-31,2.3773151077102985e-30
4,PHLDB1,92.03817,2.7277722,0.0,0.0
4,CCDC74B,41.169132,2.727031,0.0,0.0
4,PRICKLE2,59.435722,2.7264082,0.0,0.0
4,NRIP2,9.3849,2.7256987,6.297627336007054e-21,2.3007182987466902e-20
4,CAMK2N2,4.715551,2.7241817,2.41057801467803e-06,6.481967522155374e-06
4,PON3,8.836201,2.7239966,9.902882257681407e-19,3.503129013828078e-18
4,ZCCHC24,79.11432,2.7234554,0.0,0.0
4,TGFB3,22.46003,2.7197938,1.021203185221924e-111,7.443945010767454e-111
4,AJAP1,7.5519004,2.716767,4.2895191243451355e-14,1.404259798497353e-13
4,IQSEC3,7.473692,2.713482,7.79756090504128e-14,2.540042315473343e-13
4,AMHR2,12.872702,2.7124765,6.411909335594912e-38,2.8708225675102407e-37
4,SCARF2,17.222906,2.7121878,1.7877911322505962e-66,1.0055552415735974e-65
4,MXRA5,33.289932,2.710246,5.400131818486684e-243,6.2486661967041535e-242
4,NEXN-AS1,3.2958405,2.707597,0.0009812772634731038,0.002330797447138274
4,MEG8,53.894817,2.7058873,0.0,0.0
4,SDK1,62.470024,2.7050416,0.0,0.0
4,NRG2,30.207842,2.6992376,1.868531929775216e-200,1.9141768761538813e-199
4,MMP16,33.465763,2.6970346,1.5181520823212885e-245,1.7712920501436037e-244
4,GPR173,17.328629,2.6959918,2.860681664604804e-67,1.6202141874279033e-66
4,NECAB1,6.450054,2.6948333,1.118101064248951e-10,3.40901150170093e-10
4,MAG,17.559513,2.6932335,5.030537023468792e-69,2.8781711918613467e-68
4,TUBB3,4.205303,2.6897562,2.6073220828295827e-05,6.71761450600316e-05
4,COL4A1,126.37832,2.6885214,0.0,0.0
4,FLG-AS1,4.2908673,2.6874523,1.779764698741612e-05,4.617408507009737e-05
4,F3,93.83888,2.6859004,0.0,0.0
4,SULF1,47.44666,2.6847615,0.0,0.0
4,NR5A1,9.242974,2.6814525,2.3973824510286933e-20,8.688543552291725e-20
4,PTPN13,72.16252,2.6810493,0.0,0.0
4,TAC1,2.6764762,2.6790378,0.007440084631676925,0.01661493466121667
4,AVPR1A,35.02365,2.670613,9.82212889822085e-269,1.2167235986265003e-267
4,ZFPM2,31.333319,2.6702702,1.641982146771836e-215,1.7572279158683219e-214
4,CLEC11A,117.35214,2.6668143,0.0,0.0
4,RASSF8-AS1,66.59072,2.665942,0.0,0.0
4,RGS7,3.7249718,2.6649344,0.00019533715063949327,0.00048290556029553815
4,AP003716.1,19.811907,2.6644535,2.3500957768487026e-87,1.5000910816824216e-86
4,HOXD-AS2,24.101303,2.664088,2.4222506878723363e-128,1.913714264061102e-127
4,MAMLD1,11.989656,2.663359,4.025735405043739e-33,1.7095823600396653e-32
4,PIK3CD-AS2,25.271524,2.6632447,6.569992608341307e-141,5.471807101751679e-140
4,DOK6,20.31226,2.662296,1.0018826088275693e-91,6.553293313317327e-91
4,RAB3IL1,52.358852,2.6607366,0.0,0.0
4,FAM131B,7.3283024,2.659248,2.3308657690245933e-13,7.522981236763064e-13
4,MTTP,3.1881516,2.655974,0.0014318542186556895,0.003363301287125049
4,MEIS1-AS2,42.387093,2.6544375,0.0,0.0
4,CFH,81.26661,2.6491444,0.0,0.0
4,KLHL23,62.283417,2.6490607,0.0,0.0
4,AC104695.4,3.3858268,2.6485767,0.0007096412276231949,0.001701674406249522
4,FAM110B,34.779263,2.6474292,5.007055741451041e-265,6.153203650140251e-264
4,ADAMTS1,106.17334,2.6455276,0.0,0.0
4,TMEM98,148.52658,2.6451583,0.0,0.0
4,WNT5A-AS1,10.551139,2.6436512,5.0184957729322585e-26,1.9621334453386123e-25
4,CCDC36,11.253369,2.6431441,2.2291124563326364e-29,9.074707414103371e-29
4,PCDHGA6,16.60061,2.642678,6.898453647099927e-62,3.7523848446131195e-61
4,ALDH1A1,135.08804,2.6405907,0.0,0.0
4,NUMBL,48.0021,2.6368196,0.0,0.0
4,SMO,38.640934,2.6346176,0.0,0.0
4,OXT,4.801651,2.6339946,1.5736293075146716e-06,4.260350473664677e-06
4,CHGB,8.415722,2.6335788,3.9048169993856786e-17,1.3428972849673215e-16
4,PDLIM3,41.12221,2.6306157,0.0,0.0
4,AL139383.1,5.9815016,2.6291668,2.2108959597818386e-09,6.522111427792048e-09
4,PCDHGA7,4.019938,2.628342,5.8213488210887285e-05,0.0001477179211932589
4,EFEMP1,95.319626,2.6254933,0.0,0.0
4,SERPINH1,129.95868,2.62065,0.0,0.0
4,ILRUN,4.2861176,2.6196082,1.8182291454704175e-05,4.7148257571150426e-05
4,AC009107.2,7.0873156,2.615288,1.3673844610795519e-12,4.347469554427086e-12
4,ABI3BP,61.97322,2.6121206,0.0,0.0
4,SPON1,101.54172,2.6104686,0.0,0.0
4,MMP19,44.936035,2.6098862,0.0,0.0
4,CASC15,63.2586,2.6069362,0.0,0.0
4,CDH3,28.571156,2.603306,1.5339307174115834e-179,1.4695969213589526e-178
4,GATA6-AS1,11.820677,2.602381,3.052154769611298e-32,1.2836161037471274e-31
4,SPARCL1,145.44427,2.6015937,0.0,0.0
4,EBF4,40.755642,2.601259,0.0,0.0
4,AC002456.1,2.6431775,2.5991886,0.008213198605758334,0.01828988610909812
4,BMP2,20.45104,2.5972369,5.880672259583064e-93,3.877830969211302e-92
4,RASSF8,91.599266,2.5952508,0.0,0.0
4,PCDHGA8,9.787121,2.5950882,1.2788521739381666e-22,4.773609195640932e-22
4,SERPIND1,2.3820746,2.5897803,0.017215415278722536,0.037351831521198836
4,ABTB2,11.662001,2.5893397,1.993042205839593e-31,8.298390873755126e-31
4,SCUBE2,25.574413,2.588724,2.9388873350176633e-144,2.4797212902918625e-143
4,GPSM1,36.083794,2.5879369,4.072391811268512e-285,5.242207984626235e-284
4,TUBA3D,9.501961,2.5867925,2.0597532192465315e-21,7.575960103207491e-21
4,CPE,78.911995,2.5867019,0.0,0.0
4,GPX8,92.93464,2.5866506,0.0,0.0
4,CNKSR2,19.937265,2.5863433,1.933509296689037e-88,1.2418738951115558e-87
4,OAF,85.27946,2.5861475,0.0,0.0
4,LRP1,150.9261,2.5852873,0.0,0.0
4,ZNF528-AS1,4.459399,2.5844483,8.21897774355801e-06,2.1611701984017986e-05
4,C5orf56,6.961853,2.5841632,3.358252233733636e-12,1.059441684066607e-11
4,AF186192.1,2.96076,2.5833673,0.0030688077955458317,0.007055016552881213
4,AMPH,12.727133,2.5784178,4.179045451187123e-37,1.8571065098467347e-36
4,RELCH,2.6554217,2.5783253,0.007920932485917605,0.017658126106625465
4,TPM1,161.82642,2.5753148,0.0,0.0
4,PLPP7,5.7931046,2.5749867,6.909693920043396e-09,2.008444559266258e-08
4,MMP14,106.41173,2.5747528,0.0,0.0
4,SIGLEC11,19.597017,2.569308,1.6395640136194667e-85,1.0343744635422914e-84
4,TRPC1,27.122494,2.568263,5.346455523755531e-162,4.82461024445875e-161
4,IRS1,83.52038,2.5667012,0.0,0.0
4,SHFL,9.38303,2.5654092,6.410342972428942e-21,2.3416200242153564e-20
4,KIAA1211,7.13013,2.5633137,1.002742810208346e-12,3.1946986944757605e-12
4,GARS-DT,5.725849,2.5604882,1.029175076651535e-08,2.9761147168851976e-08
4,ANTKMT,5.398683,2.556209,6.713185331419536e-08,1.8979548027642116e-07
4,PPP2R2C,11.415905,2.5559664,3.482602172464728e-30,1.430959656266516e-29
4,BNC2,60.022297,2.5558321,0.0,0.0
4,C9orf3,119.58297,2.5545728,0.0,0.0
4,MCOLN3,31.39977,2.5532658,2.0379854684687846e-216,2.1870839192348861e-215
4,FN1,134.4479,2.5500305,0.0,0.0
4,SLC16A2,28.467394,2.5477488,2.9687283898587384e-178,2.8284367554057965e-177
4,TIMP4,6.3704023,2.5464842,1.885327424059347e-10,5.717211017994726e-10
4,FSTL1,126.93975,2.5458488,0.0,0.0
4,GLIS2,29.014576,2.5428958,4.308871607204267e-185,4.1891882593225e-184
4,SLC29A4,14.362034,2.5428064,8.956027484751236e-47,4.341341616549662e-46
4,FMOD,59.02958,2.5426538,0.0,0.0
4,HIST1H1A,11.78052,2.5419793,4.918865024028276e-32,2.06446715504674e-31
4,SNHG18,84.87862,2.5417051,0.0,0.0
4,HHIPL1,9.697977,2.5366957,3.0753534751518206e-22,1.1418783019764214e-21
4,PLPP3,103.99238,2.5332847,0.0,0.0
4,MDK,163.56488,2.5312674,0.0,0.0
4,AL136038.5,4.3236475,2.526377,1.5347037485423274e-05,3.990333032404956e-05
4,SV2A,21.171,2.5251536,1.767652578163194e-99,1.2129848630836997e-98
4,NAV3,24.396961,2.5243256,1.8420326291220118e-131,1.47529677295346e-130
4,AC016747.1,2.8237324,2.5233805,0.004746800184051311,0.010765288618173899
4,ADGRB2,7.2187495,2.522998,5.24677870520804e-13,1.680785545624636e-12
4,PALM2,8.820322,2.5218875,1.1413100528178737e-18,4.0322896436262035e-18
4,FAM198A,12.603616,2.521534,2.0168221131868834e-36,8.898489800466382e-36
4,PTCH1,58.779354,2.5191414,0.0,0.0
4,ZNF727,7.486525,2.5191336,7.072103179235496e-14,2.3056697569686863e-13
4,WT1-AS,10.622449,2.5145893,2.343318065202936e-26,9.206168989605586e-26
4,KLK1,11.536587,2.5125403,8.628171327428915e-31,3.5689359102896874e-30
4,KIF7,12.25813,2.5095913,1.5196702873660884e-34,6.5653410080547515e-34
4,GHR,17.585808,2.5076709,3.164402416660114e-69,1.8128301295961846e-68
4,F2RL2,6.2589564,2.5072327,3.875622693567616e-10,1.1666881327563486e-09
4,MAP3K15,2.6794176,2.5045266,0.007375036631458032,0.016474433157594205
4,SP5,18.46603,2.504483,3.875551256372551e-76,2.3159640889541075e-75
4,PCDHGC3,14.154122,2.5041702,1.761218635937817e-45,8.44461439356657e-45
4,FIGN,8.652884,2.4995682,5.021425550522802e-18,1.7536406722034833e-17
4,WNT11,7.1752796,2.498146,7.215958460741332e-13,2.3053920627055234e-12
4,RBM24,14.905048,2.496715,3.0558981620945277e-50,1.5189553633942678e-49
4,AC017076.1,3.4007573,2.493137,0.0006719944668649647,0.0016137787868994145
4,LINC00882,10.064102,2.492303,7.961061069413915e-24,3.0264761927721505e-23
4,AR,104.50872,2.4901228,0.0,0.0
4,PPP4R4,2.4753225,2.4856534,0.013311590583829712,0.029151940067627356
4,JAZF1-AS1,3.6280768,2.4848716,0.00028554023541213806,0.0006999676440262493
4,AL354811.1,2.6569438,2.4845178,0.007885257505725503,0.017581132140344694
4,SLC66A2,5.599092,2.484054,2.1547752045074348e-08,6.186496725100909e-08
4,HAS1,8.723882,2.4811244,2.6882447468853817e-18,9.430826378205051e-18
4,AC119674.1,2.3185937,2.4786077,0.020417080728241766,0.04406639064719052
4,BMP1,72.29403,2.4783328,0.0,0.0
4,AP000941.1,2.9908767,2.4773843,0.0027817791383269166,0.006416152823005225
4,RIPPLY3,2.5870075,2.4711807,0.009681348744691022,0.021454179798678242
4,HS3ST3A1,5.0744815,2.4702783,3.8855412880814753e-07,1.072906500408596e-06
4,LMO3,3.1614285,2.4701402,0.001569973906634453,0.0036785068252862584
4,METTL24,5.892624,2.4685435,3.801104476395258e-09,1.1136670400222602e-08
4,SAMD14,9.022484,2.4671865,1.8387288886679413e-19,6.577917547491604e-19
4,SNAP25,9.034644,2.4665616,1.645366294880785e-19,5.890575243354619e-19
4,HSPA12A,37.17591,2.4638476,1.6724774547148668e-302,2.2503813971646664e-301
4,RERG,33.757908,2.46207,8.184109224834143e-250,9.669199687001102e-249
4,SRRM3,12.018116,2.4619,2.854048445673633e-33,1.2150148114384982e-32
4,ARMC9,54.67942,2.4609659,0.0,0.0
4,FRRS1L,19.821438,2.4595013,1.9447052713865564e-87,1.2420955946010395e-86
4,SNX32,4.311312,2.4586504,1.6228848311534294e-05,4.215000124072188e-05
4,WNK3,25.541258,2.4570684,6.86699712021055e-144,5.781484064133682e-143
4,PCSK5,50.691372,2.4564111,0.0,0.0
4,AL445250.1,6.8879704,2.4531684,5.659401520534217e-12,1.774346954708369e-11
4,SLC25A21,3.5678463,2.4525483,0.0003599276690244154,0.0008771711454453247
4,PCDHB10,11.62307,2.450663,3.146252956837531e-31,1.3061281415309277e-30
4,AC239809.3,5.0281196,2.450194,4.953135144327397e-07,1.363678495507989e-06
4,PCDHB14,21.11558,2.4494865,5.7204499721187655e-99,3.915012118872336e-98
4,DLK2,9.281076,2.4458568,1.6777545749337247e-20,6.095493199421256e-20
4,DUBR,24.976147,2.445112,1.1105837819425403e-137,9.133798017162878e-137
4,EVC,12.533076,2.4450727,4.921603452291461e-36,2.162217454157387e-35
4,ADAM12,35.185734,2.4428258,3.3048427902738527e-271,4.121984508433978e-270
4,HAAO,21.767368,2.4415486,4.730141878708529e-105,3.331688583528817e-104
4,RPARP-AS1,2.6685278,2.441448,0.0076184440195501855,0.016997274908845564
4,AC100803.3,3.5294652,2.4381547,0.00041640052674166123,0.0010116886313972584
4,HAS2,8.984903,2.4379308,2.589628848866518e-19,9.237956928891675e-19
4,FAM222A,4.1836276,2.4347246,2.8689399827615626e-05,7.38242677938653e-05
4,AL139385.1,2.320878,2.432793,0.020293434016188456,0.04380564081144969
4,DNAJC12,36.64147,2.432764,6.2561952411652385e-294,8.207140336107556e-293
4,SPEG,18.475037,2.431899,3.280090215630714e-76,1.9612642347552424e-75
4,CAP2,28.936268,2.4315386,4.177855802231958e-184,4.055433080388917e-183
4,RBFOX1,7.6849365,2.4310727,1.5307284440113523e-14,5.0475006955146555e-14
4,SATB2,7.732938,2.4297583,1.050925953558453e-14,3.4791097307873934e-14
4,CD81-AS1,2.7488477,2.427834,0.005980517326126986,0.013463460485003041
4,KIF26B,25.336826,2.4272296,1.255445148175627e-141,1.0498388310244617e-140
4,COL21A1,35.980427,2.4268901,1.6930534160652695e-283,2.1694528163486438e-282
4,GPRASP2,25.93306,2.4245517,2.8235716841464884e-148,2.4180695495127603e-147
4,DGKB,3.8070927,2.4222722,0.00014061002516055224,0.000350838302061612
4,ACSS3,41.585445,2.4190092,0.0,0.0
4,HAPLN2,3.262972,2.4179506,0.001102503661070431,0.0026075207111037504
4,AQP11,11.63457,2.4165,2.749718152408531e-31,1.142432301875124e-30
4,TRIM34,3.6667645,2.4161258,0.00024563874298824684,0.000604070387455263
4,WDR86,50.06845,2.4153097,0.0,0.0
4,ARMH4,36.54611,2.4151936,2.055949635685691e-292,2.6890916373312595e-291
4,OXCT2,3.717545,2.413543,0.00020116815403019774,0.0004969630034858383
4,TGFBR3L,10.568819,2.4129999,4.1569563348469563e-26,1.6275531978859245e-25
4,H19,2.9314773,2.4128222,0.0033735406521001087,0.0077291342427322504
4,LINC02381,12.294301,2.4117308,9.719362681145694e-35,4.211360470856161e-34
4,ADORA1,3.385921,2.4106748,0.0007093981515001424,0.0017012235155505044
4,RFLNA,3.3089578,2.4084854,0.0009364396162793806,0.0022275486200528604
4,ZNF711,26.092432,2.4081528,4.4431298754673175e-150,3.8315796613021313e-149
4,TMEM130,3.179652,2.4070334,0.001474520754846696,0.003460102723411042
4,PFKM,57.105385,2.405985,0.0,0.0
4,STARD4-AS1,45.503307,2.400351,0.0,0.0
4,DKKL1,3.3259144,2.3990293,0.0008812901619291,0.002098785254641909
4,LPAR1,41.51737,2.3974347,0.0,0.0
4,AL928921.2,4.133083,2.3969517,3.579298459533482e-05,9.172916873034937e-05
4,PARD6G,28.869633,2.396921,2.873184865918692e-183,2.7820026519720867e-182
4,CORIN,3.2930071,2.3966064,0.0009912197987688041,0.0023533284928980974
4,ST6GALNAC5,4.746255,2.3963308,2.072176980114682e-06,5.587574064247468e-06
4,MCC,70.898926,2.3959322,0.0,0.0
4,GPC2,18.956589,2.3948357,3.896043156645015e-80,2.3854002742160754e-79
4,LAMA4,75.39084,2.393908,0.0,0.0
4,COL15A1,81.32267,2.3938332,0.0,0.0
4,TET1,53.211853,2.3926182,0.0,0.0
4,AL391840.3,2.4236863,2.3910477,0.01536387453177035,0.0334661547785909
4,COX7A1,101.95854,2.3885489,0.0,0.0
4,KRBOX1,19.556414,2.3865023,3.637772943851995e-85,2.290337102783329e-84
4,SLC22A17,41.911037,2.386319,0.0,0.0
4,AC092338.3,2.9653943,2.3861947,0.003022951912076695,0.0069516647876900605
4,ZFHX4,9.462025,2.3859546,3.0203634908578823e-21,1.107621908067686e-20
4,ARHGAP10,89.525,2.3854563,0.0,0.0
4,PITX1,4.4292917,2.382873,9.454314017729023e-06,2.47988189209837e-05
4,FBLIM1,94.286125,2.3815074,0.0,0.0
4,LRRC4C,16.211718,2.3799431,4.167617751070064e-59,2.223904727767999e-58
4,VGF,3.4303164,2.3787274,0.0006028776651253707,0.001453103017704892
4,RAB23,39.11473,2.3748107,0.0,0.0
4,MN1,8.21038,2.3742375,2.2049116755989525e-16,7.498592116828436e-16
4,MGARP,15.4704685,2.3736129,5.49059509488794e-54,2.8118943263910785e-53
4,WFIKKN1,7.0585904,2.36858,1.6819992337616982e-12,5.336229759584563e-12
4,C4BPB,8.708718,2.3677018,3.073295292877995e-18,1.0771868634268563e-17
4,FADS2,51.550087,2.366525,0.0,0.0
4,PHACTR3,8.281431,2.364782,1.217038716610937e-16,4.1549779757311636e-16
4,CBARP,5.1780725,2.3634257,2.2419024793577886e-07,6.237328286030351e-07
4,FOXP2,6.0411997,2.3558578,1.529725770138414e-09,4.535613428402529e-09
4,PRXL2C,4.6407104,2.3542962,3.4721313916789234e-06,9.272717957540869e-06
4,ELMOD1,3.884786,2.3541107,0.00010242007317255604,0.000256960565106274
4,CMYA5,31.730091,2.353898,5.9770358656823155e-221,6.4932248682124186e-220
4,LINC00963,3.9546711,2.3536673,7.664002059025632e-05,0.00019336433603126956
4,ARMCX1,79.18471,2.35188,0.0,0.0
4,FNDC4,45.468456,2.3484092,0.0,0.0
4,TCEAL1,93.01653,2.347859,0.0,0.0
4,ZNF728,2.2883003,2.3472888,0.02212004048575127,0.04759897593073275
4,REEP2,3.6788368,2.347102,0.00023430015006785048,0.0005767373955198355
4,CAPN5,20.08187,2.345959,1.0631834007068043e-89,6.877314643291168e-89
4,FBLN1,116.79194,2.3441424,0.0,0.0
4,MFAP2,68.590096,2.34259,0.0,0.0
4,AC092667.1,3.5214808,2.341945,0.00042914382505695596,0.0010417489947404444
4,C16orf45,62.5376,2.3393307,0.0,0.0
4,CHROMR,2.8605366,2.3372886,0.00422924728611769,0.009623304562470694
4,FHOD3,15.137714,2.3364775,9.133299546079692e-52,4.59819008096897e-51
4,PLA2G2A,15.030943,2.3357341,4.604043453025488e-51,2.3032886209559527e-50
4,CHRM3,6.0468106,2.3334992,1.4774132073258897e-09,4.381768544172467e-09
4,OBSL1,85.8017,2.3324764,0.0,0.0
4,GPR161,36.634216,2.3303063,8.162745598396496e-294,1.0699150899475848e-292
4,SMTN,76.144554,2.33029,0.0,0.0
4,AC011472.4,2.601805,2.330163,0.009273456564725628,0.020588659007684435
4,NBAT1,2.7175603,2.329179,0.006576516223084544,0.0147546738463178
4,KCNAB3,19.320263,2.3289008,3.6279958851098206e-83,2.2570545253842435e-82
4,LINC02249,2.9915884,2.328731,0.0027753031848954655,0.006402649513739207
4,ALPK2,2.378463,2.327199,0.017384974690032598,0.037701193709292556
4,AC121247.1,3.5414183,2.3266916,0.00039798199433053387,0.0009679280373602306
4,PRPH2,3.3006709,2.3258696,0.0009645395304805428,0.002292450266730401
4,SALL2,15.1338005,2.3248339,9.69322472417662e-52,4.879291474757765e-51
4,BSCL2,11.713716,2.3229125,1.0842254031959997e-31,4.525952800726467e-31
4,IGDCC3,8.008394,2.3224738,1.1621591478657393e-15,3.905072057304458e-15
4,COL8A1,27.73853,2.3221533,2.3964676782000797e-169,2.2096547294191487e-168
4,FOXO6,3.0846474,2.3217535,0.002037935961423497,0.004741887130897841
4,CACNB3,49.003666,2.315065,0.0,0.0
4,B3GALT5,9.021695,2.3109207,1.852006459810957e-19,6.624229100032085e-19
4,LINC01918,3.449768,2.3103676,0.0005610682151664312,0.001354337341936027
4,TNFAIP6,8.30841,2.3078833,9.699294897843764e-17,3.318309800837472e-16
4,DPF1,2.8743715,2.3039067,0.004048324971145923,0.009225214177040997
4,IL34,3.9554226,2.303062,7.63994793724458e-05,0.00019277318221603252
4,PNMA6A,10.605009,2.2981086,2.824368643887634e-26,1.1087611034756143e-25
4,FLRT3,16.559877,2.2969885,1.3587062344015254e-61,7.365994314444474e-61
4,RND3,73.20641,2.2936509,0.0,0.0
4,TMSB15B-1,16.901823,2.2930126,4.362131679721945e-64,2.4118140219171048e-63
4,PROS1,77.938866,2.2921436,0.0,0.0
4,RFTN2,33.129982,2.2913418,1.1001117012534887e-240,1.265865686918897e-239
4,PRORP,2.4516823,2.2912924,0.014219008706330978,0.031070906538926156
4,TMEM132C,32.214806,2.287717,1.0949944591801079e-227,1.2121416099527077e-226
4,CERCAM,55.727367,2.287136,0.0,0.0
4,P4HA2,69.33637,2.2828615,0.0,0.0
4,BDKRB1,4.6052475,2.2821329,4.119751936884526e-06,1.0970033007089691e-05
4,SEPT4,10.505619,2.280901,8.138693583921821e-26,3.1744397097207434e-25
4,LAMB1,98.79787,2.2805135,0.0,0.0
4,ADCY3,59.284733,2.2791631,0.0,0.0
4,RND2,12.154476,2.2734537,5.430894106524083e-34,2.331610559110152e-33
4,NREP,82.50165,2.2733958,0.0,0.0
4,GFRA1,5.2729826,2.2719204,1.342242898128431e-07,3.761761085641587e-07
4,KCNH2,6.6196365,2.2715697,3.600827999396274e-11,1.1098004684617136e-10
4,ADCY1,30.831877,2.2708561,9.801689444011958e-209,1.0297104542694684e-207
4,KCNQ1OT1,110.48609,2.265781,0.0,0.0
4,PTMS,182.39583,2.2614884,0.0,0.0
4,GSTA4,64.39814,2.2566235,0.0,0.0
4,MMP3,7.2178645,2.2533114,5.281035234223435e-13,1.6915841639977583e-12
4,SULF2,113.72329,2.2521443,0.0,0.0
4,PTGIS,43.121918,2.2508802,0.0,0.0
4,SH3D19,63.65578,2.2483711,0.0,0.0
4,CCR10,10.812572,2.246296,3.0013550881195253e-27,1.1917122521648275e-26
4,WIPF3,26.897888,2.2437918,2.324772285366694e-159,2.077240156803365e-158
4,SMARCA1,95.736336,2.2429397,0.0,0.0
4,PCDHB11,7.8337893,2.2425516,4.733812741445694e-15,1.576764203037634e-14
4,ADAMTS9,73.73564,2.2424552,0.0,0.0
4,SVIL,112.428406,2.2410583,0.0,0.0
4,CDKN1C,118.27253,2.2408144,0.0,0.0
4,SLC45A1,11.242428,2.2400196,2.5234607546187858e-29,1.0264885699263334e-28
4,SLC26A7,10.176218,2.2375293,2.5321258028200177e-24,9.696495129198153e-24
4,COLCA1,24.02645,2.2357557,1.4718592238501209e-127,1.1575255224309334e-126
4,PLTP,95.21635,2.2349133,0.0,0.0
4,PARD3-AS1,2.8794746,2.234748,0.003983382269212995,0.00908392206851369
4,TEAD3,37.873672,2.2313094,0.0,0.0
4,SH3RF3-AS1,3.4355571,2.2288296,0.000591336886073535,0.0014257312690439774
4,SMOC2,90.36275,2.2287304,0.0,0.0
4,FGF1,5.5065227,2.227542,3.6599136842812764e-08,1.0432256039848881e-07
4,HOXA3,21.993237,2.2270935,3.342687634139834e-107,2.376637835481018e-106
4,RHOBTB3,120.94085,2.2252033,0.0,0.0
4,HOXA5,20.673841,2.225062,5.9580636573904e-95,3.973799599891349e-94
4,TEKT3,5.526483,2.223889,3.2671418292837325e-08,9.322152189593087e-08
4,APLP1,8.387041,2.2233684,4.985314024152327e-17,1.7123927599963989e-16
4,RSPO3,20.914474,2.222171,3.9535636822383924e-97,2.675559288963039e-96
4,ASPG,3.2105587,2.2120318,0.0013247726728765148,0.0031191246286733027
4,PCDHGA9,4.1937656,2.2116928,2.7436163381804633e-05,7.06464635209061e-05
4,CIAO2A,3.7782035,2.2112017,0.00015796383600032596,0.00039302755427967116
4,PLSCR3,6.9793615,2.2111437,2.9652424906749735e-12,9.367959691228805e-12
4,UBE2QL1,3.7754626,2.210974,0.00015971098224795748,0.00039711885183729863
4,KIAA1614,12.256728,2.209377,1.5461832462782543e-34,6.678949768374844e-34
4,DGKI,2.387898,2.2080383,0.01694504745310748,0.03679621876155364
4,GSTT2B,29.906096,2.2055738,1.6395929534632642e-196,1.6647470240699442e-195
4,CRYAB,77.84448,2.2021134,0.0,0.0
4,APBB2,57.32672,2.2002056,0.0,0.0
4,SPOCD1,6.1405687,2.199376,8.222658808653277e-10,2.45472535302856e-09
4,EVA1B,115.44845,2.198576,0.0,0.0
4,ADAMTS9-AS2,42.885,2.1959777,0.0,0.0
4,NR2F1-AS1,42.88648,2.1956618,0.0,0.0
4,AC245595.1,69.760155,2.192336,0.0,0.0
4,ZDBF2,29.541124,2.1916227,8.538628989835391e-192,8.491100585226591e-191
4,MITF,71.5268,2.1912436,0.0,0.0
4,TMC3-AS1,5.312364,2.1866171,1.0821198544629146e-07,3.0407380981803165e-07
4,FST,12.492435,2.1864724,8.21015834171005e-36,3.598799657739789e-35
4,GSTM3,88.18034,2.1861792,0.0,0.0
4,TMEM26,12.593774,2.185494,2.2848202788991063e-36,1.00723064270339e-35
4,BDKRB2,30.462013,2.1834564,8.305260170032758e-204,8.590718744150015e-203
4,ZSCAN23,3.8927245,2.182849,9.912474036277781e-05,0.00024895565987261285
4,PAPLN,40.986454,2.1811128,0.0,0.0
4,TSKU,46.809277,2.177956,0.0,0.0
4,PIP5KL1,7.2627354,2.1749089,3.7933998672108336e-13,1.2189915751287713e-12
4,ZNF483,21.47045,2.1739457,2.941636821811312e-102,2.0449205859586647e-101
4,HIC1,80.656456,2.1735978,0.0,0.0
4,Z99289.3,3.7574158,2.1717427,0.00017167719184441087,0.0004258448610220872
4,KDELC1,24.951868,2.1698072,2.0380107792800564e-137,1.6752340200853377e-136
4,ATP6V1G2,7.734354,2.1697707,1.0392936090613916e-14,3.4409692099904047e-14
4,SNX21,44.19081,2.1695015,0.0,0.0
4,TCEAL3,114.04562,2.1668236,0.0,0.0
4,AC025259.3,4.677971,2.166262,2.897278959207067e-06,7.76434585903172e-06
4,FERMT2,99.98414,2.1643357,0.0,0.0
4,TSPYL5,34.24093,2.1634796,5.9519123276231245e-257,7.152245501938099e-256
4,ATRNL1,17.523512,2.162633,9.479080254443642e-69,5.415340728726241e-68
4,LINC00607,2.8591025,2.1622653,0.004248415606880004,0.009665497325126263
4,TGM2,76.45282,2.153935,0.0,0.0
4,TNS1,78.10984,2.1531143,0.0,0.0
4,TEX26-AS1,3.0463653,2.1525247,0.002316262255820654,0.005370496439658586
4,CDON,14.29351,2.151266,2.401900412972837e-46,1.1610187060330228e-45
4,BEX3,155.79694,2.1512356,0.0,0.0
4,RSPO1,10.514702,2.1501243,7.391399089737107e-26,2.884054685854119e-25
4,ZEB1,92.47632,2.148398,0.0,0.0
4,PRCD,8.079975,2.147833,6.47799621121544e-16,2.186712853866706e-15
4,GSDME,37.906452,2.1477728,0.0,0.0
4,MAPK8IP2,6.347558,2.1467166,2.1875928170797398e-10,6.621479893985262e-10
4,MPP2,3.2263575,2.1461315,0.0012537670380094962,0.0029569002551514305
4,VLDLR,41.37903,2.1458197,0.0,0.0
4,CAMK2N1,95.13798,2.1447215,0.0,0.0
4,MAP3K20,123.363434,2.1429315,0.0,0.0
4,AC120049.1,2.4398532,2.1423032,0.014693233403313612,0.03206635819772728
4,IGFBP7,131.30774,2.1417718,0.0,0.0
4,MARVELD1,69.69378,2.1393805,0.0,0.0
4,ALDH1A3,33.32193,2.136317,1.8584593016783547e-243,2.1529011108310687e-242
4,NEFH,12.335234,2.1335404,5.851907862946384e-35,2.5413083647616117e-34
4,NPR2,19.744038,2.1328883,9.026661833020292e-87,5.734574250219079e-86
4,STARD13,44.78081,2.1326864,0.0,0.0
4,EHD2,80.637436,2.1326513,0.0,0.0
4,MXRA7,140.18466,2.1249273,0.0,0.0
4,ZNF469,13.00329,2.124178,1.1719118385964657e-38,5.283004550102241e-38
4,AL121821.1,7.1647325,2.120524,7.793863990908115e-13,2.488738034579989e-12
4,RTN4R,23.78758,2.1199365,4.49039867693456e-125,3.4914402995727406e-124
4,PPP1R3C,6.680214,2.1181643,2.3859355668068966e-11,7.382331621113299e-11
4,LCNL1,8.056541,2.117318,7.848312945295536e-16,2.6449439341429413e-15
4,SORBS1,14.787012,2.1167412,1.7766660589688603e-49,8.78301629631327e-49
4,LINC00683,8.134533,2.1146622,4.135293600288599e-16,1.399578616996493e-15
4,RARB,15.870291,2.1137798,1.0176849521013116e-56,5.332924519259959e-56
4,MSRB3,50.307785,2.11196,0.0,0.0
4,NFIX,76.82896,2.1084723,0.0,0.0
4,LAMP5,26.314766,2.1077847,1.2996649152249002e-152,1.1327902858109417e-151
4,DLL3,3.6508584,2.1059725,0.000261365394864631,0.000641978880956938
4,PYGM,8.7794,2.1057281,1.6434920721862429e-18,5.786672302923241e-18
4,WBP1,15.223605,2.1043298,2.465621904282239e-52,1.247217286344536e-51
4,AL450384.2,16.857887,2.1025586,9.181337080539896e-64,5.062757986587807e-63
4,ST5,80.665855,2.1009574,0.0,0.0
4,C20orf27,98.211395,2.0970926,0.0,0.0
4,ADAM23,11.248085,2.096487,2.366751771970819e-29,9.632498948683448e-29
4,CADM4,25.870607,2.094307,1.4268455015451653e-147,1.2199035661481723e-146
4,TCEAL9,141.00952,2.09098,0.0,0.0
4,PDE10A,14.761452,2.0903685,2.5963081522719767e-49,1.2824691715242127e-48
4,EBF1,55.60828,2.0855362,0.0,0.0
4,ITGA8,17.426592,2.085365,5.184501896900583e-68,2.947165718732873e-67
4,SLC13A3,3.715952,2.085166,0.00020244001928158717,0.0004999052153991702
4,SAMD11,44.36725,2.0841444,0.0,0.0
4,SLC2A10,32.457973,2.0825267,4.180402003666061e-231,4.662709661757739e-230
4,RBPMS,114.40434,2.0819674,0.0,0.0
4,CSMD2,3.039171,2.0794735,0.0023723026295834533,0.005497132806457924
4,DST,135.99902,2.0790334,0.0,0.0
4,AC027682.6,6.717781,2.078618,1.845124806371062e-11,5.723331231484385e-11
4,DPYSL3,55.40513,2.0784903,0.0,0.0
4,PCDHGB7,7.475505,2.0766408,7.690794786174329e-14,2.5057916345803287e-13
4,DAAM2,22.131586,2.0734267,1.5695881457307094e-108,1.1229458523171073e-107
4,LRP3,54.251266,2.0715857,0.0,0.0
4,PMEPA1,92.94046,2.071206,0.0,0.0
4,LYNX1,9.960682,2.0704744,2.2650369309290522e-23,8.541422208909739e-23
4,ZNF704,87.39025,2.069835,0.0,0.0
4,PCDHB2,13.129244,2.069707,2.2388022044842402e-39,1.0169703076718755e-38
4,LINC00923,5.037848,2.069672,4.707951412004507e-07,1.2970997886505909e-06
4,DOK5,12.2884445,2.0680623,1.0449758736333788e-34,4.52530045206485e-34
4,PKIG,98.48285,2.0674691,0.0,0.0
4,TNFAIP8L3,6.958515,2.0673382,3.438779120869709e-12,1.084513737640001e-11
4,DCHS1,56.607388,2.066618,0.0,0.0
4,NLGN4X,55.106297,2.066398,0.0,0.0
4,DMD,23.649529,2.0662942,1.1935498939843534e-123,9.20615087930482e-123
4,AC100830.1,5.194332,2.0656614,2.05455913536801e-07,5.722806344342023e-07
4,CDH2,40.35116,2.0653026,0.0,0.0
4,EVC2,14.429846,2.0651388,3.3583270415400454e-47,1.6338078682965242e-46
4,PINLYP,17.521133,2.0648537,9.883700554364593e-69,5.644411179485337e-68
4,TXNDC5,19.34249,2.0641592,2.358107613071312e-83,1.469692115289273e-82
4,ACOX2,10.231124,2.0640097,1.4383963503220191e-24,5.523234687464609e-24
4,WNT3,2.4344325,2.0633035,0.014915164337277603,0.03252463974029985
4,CTSF,101.4337,2.06174,0.0,0.0
4,PCDH11X,3.9149675,2.0610366,9.041641512463344e-05,0.0002273245051864513
4,ANTXR2,90.129486,2.0592499,0.0,0.0
4,MAGI2,39.02424,2.0572927,0.0,0.0
4,AGT,3.9819765,2.056966,6.834453588541271e-05,0.00017281555842350082
4,GNG8,5.00682,2.0567787,5.533659404733493e-07,1.5205264155591932e-06
4,DENND5B,29.46212,2.0564814,8.805957694353012e-191,8.728856140454412e-190
4,CDK14,37.87261,2.055736,0.0,0.0
4,TXLNB,10.931979,2.0528247,8.106102896612757e-28,3.238564144591656e-27
4,NOTUM,4.4135094,2.0527942,1.0170838996191366e-05,2.663306963105029e-05
4,OLFML2A,29.654398,2.052135,2.976385002447992e-193,2.975133611599615e-192
4,VIM,182.15642,2.0493917,0.0,0.0
4,WASF1,27.511843,2.0482767,1.2670249425374777e-166,1.1578929597577122e-165
4,SLC2A8,46.1008,2.0482104,0.0,0.0
4,RBFOX2,103.17233,2.0454926,0.0,0.0
4,PCDHA10,6.9796944,2.0447297,2.958233732273597e-12,9.346772639887556e-12
4,PLEKHA5,110.84218,2.0440164,0.0,0.0
4,PBX1,118.6376,2.0425034,0.0,0.0
4,ZNF99,3.660723,2.0423641,0.00025150458435434144,0.0006181512674862529
4,AL627171.2,5.242528,2.0413303,1.5839135517582217e-07,4.425421817410175e-07
4,MSC,9.613707,2.0411491,6.998349719977523e-22,2.5891548335569225e-21
4,SHISA3,2.5066206,2.0382488,0.01218914924651679,0.02680207994892533
4,ASIC2,3.1168895,2.0284455,0.001827700309623658,0.004265232065051223
4,PCDHB6,2.3837042,2.0250669,0.017139376625983593,0.037194685674713866
4,IL17RD,29.429726,2.0206473,2.288382811117734e-190,2.2654403441132542e-189
4,BCL2L10,4.2364297,2.0202363,2.2710190161283355e-05,5.866308794941786e-05
4,SELENOP,149.24022,2.019547,0.0,0.0
4,NYAP1,3.181638,2.01927,0.0014644478878628052,0.003437248699132421
4,CAVIN1,124.39137,2.016914,0.0,0.0
4,DEPP1,37.666946,2.0154436,1.7273795916323e-310,2.36964585169017e-309
4,VCAM1,31.729364,2.0152764,6.116709062807088e-221,6.642625685318997e-220
4,CDCA7,38.12124,2.0132647,0.0,0.0
4,FERMT1,13.738378,2.0107012,5.980101279637949e-43,2.8072143112054997e-42
4,RNF212,13.491488,2.0083835,1.755214811225842e-41,8.134416579780641e-41
4,CNPY4,63.550583,2.008138,0.0,0.0
4,AC004889.1,4.7010784,2.0060797,2.5879096960997735e-06,6.951549189758013e-06
4,CNTNAP2,4.4371014,2.0058582,9.117840831101844e-06,2.393046081580033e-05
4,COL25A1,3.280623,2.0047367,0.001035781164468571,0.0024547878575439095
4,MMP17,13.1504755,2.004725,1.6910717872336772e-39,7.692957864002247e-39
4,PDLIM7,77.76256,2.0027053,0.0,0.0
4,GRIK5,3.9345646,2.001641,8.334768211892543e-05,0.00020989381660960058
4,EGFL8,7.304397,2.0013735,2.7851258375702047e-13,8.976004615410044e-13
4,MAGEH1,79.85359,1.9983473,0.0,0.0
4,SERP2,18.148867,1.9979322,1.3107633571627554e-73,7.710651518810293e-73
4,LY6E-DT,7.2426963,1.9966211,4.3985155521301266e-13,1.4110952892846775e-12
4,FAM114A1,100.78177,1.9963553,0.0,0.0
4,ATL1,23.094187,1.9927367,5.296643313482714e-118,3.973382400238113e-117
4,PTCH2,13.593309,1.9921565,4.387814510635121e-42,2.0454627915565563e-41
4,CBLN2,2.3703883,1.9903495,0.01776941137417874,0.03852677638314572
4,TRAPPC5,28.268383,1.9901357,8.460785827520729e-176,7.989535825578465e-175
4,PALM,47.42722,1.990074,0.0,0.0
4,SOX4,126.26594,1.9889354,0.0,0.0
4,ZNF516,82.532646,1.9856801,0.0,0.0
4,TSPAN11,8.697176,1.9849839,3.4024502480789587e-18,1.1917444448932046e-17
4,PLXDC1,23.168243,1.9849181,9.520528346062997e-119,7.16462063773482e-118
4,BMP4,25.859772,1.98307,1.8891475985028042e-147,1.613816606603819e-146
4,LOXL1,35.257473,1.9808872,2.6358748833546486e-272,3.299594370994011e-271
4,C17orf51,16.772635,1.9798015,3.869668624323047e-63,2.122823006246937e-62
4,RAB3A,6.7982235,1.9789932,1.0591705239745177e-11,3.303974907597943e-11
4,HS3ST1,30.926952,1.9785061,5.1872350423636965e-210,5.475473820161706e-209
4,CCDC8,40.757256,1.9771394,0.0,0.0
4,ZC3H12B,4.832207,1.9770297,1.350276657953828e-06,3.664003570445914e-06
4,PACSIN3,25.753445,1.9749037,2.9494723470154194e-146,2.5050657276506066e-145
4,ANO1,45.86299,1.9743309,0.0,0.0
4,EDA2R,8.968157,1.9722747,3.0151883038882475e-19,1.0747367651744212e-18
4,SLC7A8,52.070015,1.9679933,0.0,0.0
4,TIMP3,87.54142,1.967571,0.0,0.0
4,GREB1,81.32066,1.966773,0.0,0.0
4,PDLIM4,79.67092,1.964749,0.0,0.0
4,UST,13.709391,1.9639789,8.920376163476427e-43,4.183008133584675e-42
4,CHL1,23.20652,1.962604,3.9128965678415164e-119,2.947499249872721e-118
4,AP003119.2,4.9071803,1.9601556,9.239501855750627e-07,2.520657461873816e-06
4,AC244517.1,2.6895623,1.9587594,0.007154576281448919,0.01599699697104404
4,AC010226.1,14.740079,1.9580581,3.563700404606086e-49,1.7577926652595003e-48
4,C9orf147,2.5137432,1.9580535,0.011945743246664666,0.026287439410798495
4,TP53TG3D,2.5216303,1.9578075,0.011681239641548942,0.025725528972591786
4,CCL8,3.8536339,1.9569209,0.00011637759348590684,0.0002911747981760643
4,ISLR2,9.199783,1.9568648,3.586712248883838e-20,1.2957862709088575e-19
4,RHBDF1,37.426193,1.9561354,1.4654441239443227e-306,1.9935071099800697e-305
4,PCDHGA10,25.502728,1.9542192,1.8385770465060225e-143,1.5466766678378236e-142
4,LINC01852,3.1276925,1.9528728,0.001761844326123598,0.00411558631906145
4,AC010136.1,2.9719727,1.9506625,0.0029589302766382473,0.006808491517276526
4,AC015712.1,8.982992,1.9487809,2.6350131643909736e-19,9.398771133506269e-19
4,PCOLCE2,7.273549,1.9486237,3.5016352149765767e-13,1.1260538923034132e-12
4,PPP1R12B,59.084965,1.9460468,0.0,0.0
4,PRDM5,19.40808,1.9385711,6.594645658840633e-84,4.1217535566792206e-83
4,PNMA8B,7.146281,1.9385061,8.916056389263258e-13,2.8441382477341268e-12
4,TMSB15B,13.968378,1.9382997,2.431011941430941e-44,1.1552165755505242e-43
4,SRSF12,6.877869,1.9369885,6.075449358722928e-12,1.9036284806371608e-11
4,FAM171B,27.519865,1.936044,1.0157618057275783e-166,9.28821009752138e-166
4,ROR2,31.256079,1.9350328,1.845839812041269e-214,1.967898277708158e-213
4,SYCE1,3.9934905,1.9349158,6.510769324439804e-05,0.0001647791905588446
4,BACE1,53.83673,1.93222,0.0,0.0
4,AC105345.1,3.1309457,1.9304365,0.0017424443154676673,0.004071807535018841
4,OLFM2,30.73089,1.9296445,2.201644537228802e-207,2.2973068099976565e-206
4,KLHL4,11.022516,1.9279283,2.976223110938416e-28,1.1961785135211132e-27
4,NINL,23.516726,1.9274204,2.75078380870513e-122,2.106503349248004e-121
4,SNX15,4.8355455,1.9269513,1.3278081673804723e-06,3.603667635162298e-06
4,LEMD1-AS1,3.6048722,1.9251057,0.00031230658412218675,0.0007635231447132119
4,PGRMC1,118.12362,1.9242438,0.0,0.0
4,MELTF-AS1,21.253828,1.9233092,3.0385089691193325e-100,2.0929618165493917e-99
4,KCTD8,7.328358,1.9208207,2.329895095696166e-13,7.520633704718685e-13
4,OXER1,4.0277233,1.9203881,5.631961882495532e-05,0.00014305312779609584
4,CEP126,58.401432,1.9186044,0.0,0.0
4,NR4A1,53.037018,1.9177017,0.0,0.0
4,LAPTM4A,183.76451,1.9174396,0.0,0.0
4,PCDHGB6,10.712732,1.9149116,8.870439265232311e-27,3.500940701960606e-26
4,PARVA,86.873665,1.9140455,0.0,0.0
4,C14orf132,56.494934,1.913192,0.0,0.0
4,TEAD1,81.03847,1.9128416,0.0,0.0
4,ELN,41.771217,1.9124972,0.0,0.0
4,ZDHHC15,9.584353,1.9106226,9.3038781510348e-22,3.436774973276354e-21
4,ZNF703,50.01729,1.9100107,0.0,0.0
4,LINC00654,3.7175229,1.90923,0.00020118574207693884,0.0004969667303686021
4,C1QTNF6,29.498833,1.9090261,2.979936810030936e-191,2.9574664019337726e-190
4,HOXD10,52.234467,1.904566,0.0,0.0
4,FSTL3,27.347399,1.9041026,1.1596364144119084e-164,1.0541436076537897e-163
4,AOC3,13.071539,1.8991051,4.788688118951286e-39,2.1682388469444387e-38
4,PTPN21,22.385452,1.8970511,5.4548413043976145e-111,3.9640907640493076e-110
4,PAPSS2,39.866104,1.8959299,0.0,0.0
4,SLC25A21-AS1,11.641487,1.8957695,2.5355592093670413e-31,1.0538801571262391e-30
4,MAPT,4.4220285,1.892734,9.77786426240992e-06,2.5621403201212663e-05
4,C17orf82,3.0114446,1.8907301,0.0026000787490712894,0.006010518616121641
4,ZBTB8B,5.403015,1.8898357,6.552995644889932e-08,1.853852964728724e-07
4,ZNF454,11.99084,1.8884145,3.968599193130983e-33,1.6860136805786847e-32
4,ZNF730,5.946925,1.8871124,2.732263986617492e-09,8.03945683137466e-09
4,ARHGAP21,104.23336,1.8869643,0.0,0.0
4,CNRIP1,52.218452,1.8847568,0.0,0.0
4,WNT5B,22.176512,1.8831791,5.789839198356866e-109,4.153819872414477e-108
4,CCN2,10.249951,1.8830183,1.184030999602761e-24,4.553296765549649e-24
4,HOXA2,2.299158,1.8822819,0.021495966348346662,0.04631087633684304
4,NT5DC2,55.845325,1.8775777,0.0,0.0
4,PTPN20,2.839811,1.8767663,0.004514024322639831,0.010254682083045148
4,PRRG3,6.8972936,1.875232,5.3002498077774236e-12,1.6632634867395352e-11
4,ANGPTL4,17.312525,1.8747563,3.7844557538771733e-67,2.1402776575495298e-66
4,NGFR,2.9829977,1.8728527,0.002854401415450693,0.006578128896242744
4,SNHG19,65.98228,1.872483,0.0,0.0
4,DNAJB5,10.231168,1.8693111,1.4377543873311163e-24,5.521455622420826e-24
4,CLEC4M,3.7659047,1.8688476,0.00016594712985369117,0.00041186283966819504
4,C11orf95,30.04993,1.8680371,2.1879244810071935e-198,2.226611193101394e-197
4,NR1D1,23.606125,1.8664325,3.334501815642895e-123,2.5687798508493257e-122
4,UNC80,2.3433483,1.8663273,0.01911153574041794,0.04134706899485533
4,MTSS1L,20.485949,1.8620014,2.873300715671818e-93,1.896329387556457e-92
4,JPH1,4.104557,1.8605837,4.050904612930853e-05,0.00010355774100236053
4,MOB3B,47.522167,1.8591498,0.0,0.0
4,PHLDA1,56.750237,1.858308,0.0,0.0
4,PKDCC,61.41441,1.8573684,0.0,0.0
4,PLA2R1,48.30089,1.8549709,0.0,0.0
4,C2orf40,7.3641644,1.8523741,1.7825977677566e-13,5.766668328245053e-13
4,COL27A1,33.30311,1.8495837,3.48112804653677e-243,4.0311436693260375e-242
4,SPOCK1,31.819828,1.8494192,3.442860764506019e-222,3.7586894259479873e-221
4,CAV1,111.81954,1.8490349,0.0,0.0
4,FAXDC2,35.40298,1.8487892,1.536407232376287e-274,1.9326714827453768e-273
4,IPO9-AS1,6.780784,1.8480802,1.1952525143440313e-11,3.7220825653230203e-11
4,CCDC74A,42.6144,1.8479853,0.0,0.0
4,LINGO2,3.7067866,1.8479623,0.00020990561964774395,0.000517889778413768
4,PAGR1,15.962141,1.8476629,2.345466999461835e-57,1.2349463126467962e-56
4,AL359504.2,17.288002,1.8449284,5.792634678273619e-67,3.272399195785099e-66
4,CCDC3,25.055315,1.8436092,1.5278835593325171e-138,1.260942514507079e-137
4,SCML2,5.792102,1.8435638,6.9510905254338645e-09,2.0202873318561635e-08
4,FOXD2,4.1325145,1.8431009,3.588158999281519e-05,9.194861967564373e-05
4,SH3RF3,16.926357,1.8409585,2.8763526400125728e-64,1.5920385215771596e-63
4,ZNF532,57.04636,1.8407286,0.0,0.0
4,STEAP2,23.399633,1.8406292,4.310511352876895e-121,3.2797876509937515e-120
4,ASIC3,2.6004322,1.8399515,0.00931064493722672,0.020665285678625942
4,FXYD7,10.65808,1.8394637,1.5986268665096787e-26,6.293307930609431e-26
4,RADIL,7.3384037,1.8394086,2.161563924027046e-13,6.981654948260415e-13
4,MORF4L2,146.2975,1.837231,0.0,0.0
4,PRRX2,18.131037,1.8364615,1.8130775978716458e-73,1.0655407742426119e-72
4,OSMR-AS1,8.80364,1.8353832,1.3244880149382948e-18,4.673053775992908e-18
4,CENPV,49.545135,1.8335006,0.0,0.0
4,ZCWPW2,4.8979034,1.8326066,9.68647258358234e-07,2.640732187887266e-06
4,NIBAN2,3.2461855,1.8323506,0.0011696261050741102,0.0027624663021187166
4,MYOM1,4.8665085,1.8315716,1.1358695066853184e-06,3.088170200837714e-06
4,TUSC3,88.30431,1.8308957,0.0,0.0
4,LINC00839,8.317278,1.8301958,9.000630800609558e-17,3.080306678711545e-16
4,P3H2,46.933235,1.8296613,0.0,0.0
4,NBEA,26.550909,1.8285707,2.50689712200543e-155,2.2124691419138157e-154
4,CPQ,104.76028,1.8266412,0.0,0.0
4,NUPR1,131.71916,1.825761,0.0,0.0
4,CYP51A1,20.31225,1.8247999,1.0020663344464906e-91,6.553293313317327e-91
4,DLC1,57.60704,1.8246493,0.0,0.0
4,PALM2-AKAP2,10.338115,1.8239768,4.737669050158552e-25,1.831025851359889e-24
4,EML5,12.085022,1.8231333,1.2673566442178518e-33,5.4207295603156856e-33
4,AL035530.2,3.3356988,1.8230757,0.0008508531055228557,0.0020300538005554192
4,MEIS1,75.03282,1.8226602,0.0,0.0
4,PCDHGA12,4.439657,1.8213458,9.010230343544115e-06,2.365204596805826e-05
4,GPRASP1,24.769047,1.8203595,1.933086341291765e-135,1.574332003960595e-134
4,SHISA4,27.549099,1.8200684,4.536806939986801e-167,4.155871134978425e-166
4,AC110048.2,2.7399442,1.8191928,0.0061449613511915645,0.0138145417865346
4,SLC2A14,2.4479167,1.8160746,0.014368487436529995,0.03138201125014717
4,P3H1,57.910366,1.81554,0.0,0.0
4,MAP6,13.484551,1.8138347,1.9283410231370926e-41,8.93273920894756e-41
4,B3GNT9,18.676416,1.8134958,7.701821151563107e-78,4.649222389284394e-77
4,MMP1,3.7340508,1.8122867,0.0001884244620153613,0.0004662264708597207
4,ZNF423,13.644946,1.8122504,2.163739828838537e-42,1.0112612564632189e-41
4,AL158212.2,9.220876,1.8121341,2.946847873900734e-20,1.0663649132262028e-19
4,DIXDC1,56.541092,1.8090916,0.0,0.0
4,PCDHB3,4.8563766,1.8084843,1.1955322103826086e-06,3.24809370835929e-06
4,AASS,36.64008,1.8070736,6.584135222516669e-294,8.633681261023449e-293
4,FGD1,17.301397,1.8069068,4.591221892886953e-67,2.595115125154665e-66
4,WAKMAR2,2.4443653,1.806016,0.014510731436283932,0.03168372847059184
4,RAB34,120.20063,1.805878,0.0,0.0
4,UPK3BL1,11.5432,1.8035387,7.989661083693803e-31,3.305708903798185e-30
4,AL162231.1,19.77559,1.803055,4.831372177064049e-87,3.0769260225946544e-86
4,ADAM22,12.661585,1.8013331,9.653040662366022e-37,4.27308117662198e-36
4,ADAMTS4,21.441822,1.8013256,5.443998167484109e-102,3.7819206869505814e-101
4,MAMDC2-AS1,2.4270556,1.800137,0.015221923215225927,0.033168639369217975
4,LRP12,38.69372,1.7955129,0.0,0.0
4,ST7-AS1,11.372174,1.7942634,5.7536153351568134e-30,2.3565728752145724e-29
4,LIN7A,18.814573,1.7932258,5.736822211025286e-79,3.4875681368245187e-78
4,AC092164.1,3.9429178,1.792963,8.049625641080801e-05,0.00020287839818061186
4,CMBL,56.503456,1.7924757,0.0,0.0
4,ST3GAL4,41.603783,1.7918326,0.0,0.0
4,AC092903.2,3.7440817,1.7917162,0.00018105470440294867,0.00044842196882618275
4,LONRF2,47.11988,1.7901008,0.0,0.0
4,DKK2,2.6021774,1.788329,0.009263390387094488,0.020567787837207568
4,NAT14,45.502575,1.7882879,0.0,0.0
4,GPX7,55.56139,1.7845676,0.0,0.0
4,CCDC181,8.627971,1.7840363,6.24498813235338e-18,2.1775028001652293e-17
4,LRIG3,25.548527,1.7815814,5.701693405213466e-144,4.801695860352387e-143
4,AC007541.1,15.432845,1.7809955,9.843393349152935e-54,5.031132607875368e-53
4,UBXN8,37.219463,1.7765341,3.3057290611183505e-303,4.4557421758388517e-302
4,HOXA10-AS,10.445708,1.7765253,1.5330618267735697e-25,5.9570457480627e-25
4,RGS11,6.7888384,1.7762032,1.1303985002453194e-11,3.5233185202785486e-11
4,SIX5,27.052834,1.7759433,3.53718868891458e-161,3.18264602061959e-160
4,NES,51.278557,1.7751797,0.0,0.0
4,LINC02202,4.3999724,1.774958,1.0826454931621843e-05,2.8321053116515982e-05
4,GPNMB,88.25167,1.7738565,0.0,0.0
4,LINC00908,5.424751,1.7712953,5.803549828852575e-08,1.6440908758968517e-07
4,FAM92A,56.699562,1.7710352,0.0,0.0
4,KLHL29,11.326415,1.7702703,9.709855495573812e-30,3.9654136337433905e-29
4,DLG4,24.790998,1.7682736,1.1211021941115235e-135,9.1496977854251e-135
4,SERPING1,124.76494,1.766661,0.0,0.0
4,SNED1,31.16427,1.7651398,3.249938465819222e-213,3.457688404925119e-212
4,GTF2H4,3.3419063,1.7632173,0.0008320514041995296,0.001986421500818389
4,MRAS,35.247475,1.763099,3.7504099219195874e-272,4.690972054098288e-271
4,CYB5R2,15.123917,1.7609645,1.1263856070847694e-51,5.666210930691564e-51
4,CNN3,122.71904,1.7562969,0.0,0.0
4,TTLL7,19.904604,1.7557485,3.7121624441293244e-88,2.381810352100997e-87
4,AP001527.2,4.89827,1.7557031,9.668410643589187e-07,2.6362732047764534e-06
4,PRSS23,102.90359,1.7546425,0.0,0.0
4,ZNF275,31.149979,1.7538102,5.0754047353837927e-213,5.396212021922362e-212
4,PGR,89.25068,1.7516834,0.0,0.0
4,AOX1,12.581533,1.7512501,2.667995775582916e-36,1.1751424460017269e-35
4,LRRTM1,7.627618,1.7512074,2.3913157333839248e-14,7.860922715560197e-14
4,KCNMB1,26.318142,1.7505109,1.1890561491286027e-152,1.0366758364208102e-151
4,PHEX,6.7626843,1.7490691,1.3545824013274479e-11,4.2144230197128477e-11
4,ANKRD29,47.5193,1.7481346,0.0,0.0
4,WTIP,48.947113,1.7479582,0.0,0.0
4,EPHB6,45.003277,1.7450362,0.0,0.0
4,BTBD19,14.83508,1.7434485,8.689946575082082e-50,4.306239839603366e-49
4,DTX3,38.84777,1.7428775,0.0,0.0
4,PAM16,8.022815,1.7364719,1.0334934981871638e-15,3.47575446664534e-15
4,TNFRSF21,30.647814,1.7326607,2.826052039930104e-206,2.9409020336067246e-205
4,EGR1,57.97569,1.7320603,0.0,0.0
4,DIP2C,28.568808,1.7317351,1.6405302994972797e-179,1.5712386106774845e-178
4,MEX3A,31.82553,1.7292072,2.8710585449023746e-222,3.135540863862109e-221
4,TUBB6,75.05763,1.726525,0.0,0.0
4,EFNB2,48.486214,1.726234,0.0,0.0
4,TSPAN5,73.685394,1.7259173,0.0,0.0
4,CYS1,13.626189,1.7252815,2.7981377369734174e-42,1.3069675538255617e-41
4,C7orf25,4.661749,1.725006,3.135333865040113e-06,8.391389311291546e-06
4,CYBRD1,72.43231,1.7247853,0.0,0.0
4,NTM,6.9858685,1.7228395,2.8309925734697087e-12,8.950233988157559e-12
4,IFITM3,128.59872,1.7218678,0.0,0.0
4,RHOBTB1,36.830677,1.7209656,5.9624440228312845e-297,7.882004166537491e-296
4,BASP1,99.77439,1.7195351,0.0,0.0
4,JMJD1C-AS1,7.2265787,1.7185326,4.953136585341168e-13,1.587376528858767e-12
4,AC008440.2,3.4163249,1.7178174,0.0006347246963819728,0.001527480821543069
4,KHDC1,13.143235,1.7169497,1.860960665847356e-39,8.463318319503272e-39
4,FBXL13,5.2700114,1.7155317,1.364152971997012e-07,3.8214335090647744e-07
4,CELF4,2.8213487,1.7152649,0.00478221931247694,0.010841638105385814
4,PDE3A,7.51711,1.7149806,5.600040989135922e-14,1.829409859964316e-13
4,PLAGL1,60.30692,1.7141238,0.0,0.0
4,EGFR,61.431946,1.7136049,0.0,0.0
4,EDNRB,29.530031,1.712266,1.1853550010039524e-191,1.1783778390488632e-190
4,IFT81,54.194546,1.7122353,0.0,0.0
4,SH3PXD2B,40.066532,1.7114946,0.0,0.0
4,PGBD5,6.753294,1.7111061,1.4452563601257388e-11,4.4929127260517206e-11
4,SKIDA1,6.012273,1.7109394,1.8293996514640882e-09,5.412200155815121e-09
4,LMCD1-AS1,2.7154143,1.7104247,0.006619288826919747,0.014846325092424428
4,RTCA-AS1,3.8843107,1.7078993,0.00010262060028368198,0.00025744276728634403
4,CIB2,26.515749,1.7077602,6.3805342886356206e-155,5.6215271738557903e-154
4,LDLRAD3,21.091436,1.7061262,9.532191351569435e-99,6.517952170419392e-98
4,TMCC2,2.9405806,1.7058059,0.003275978502391661,0.007512849118751878
4,OSR1,5.0818343,1.7045573,3.738074799741043e-07,1.0324636088971976e-06
4,ARSE,13.946138,1.7012953,3.321079159709433e-44,1.5750282889234225e-43
4,AC108488.1,6.4536695,1.7004005,1.0917363437090012e-10,3.330269954107195e-10
4,KCNN1,2.7705383,1.7001373,0.005596372944630742,0.01262994513323858
4,ADIRF,73.003876,1.7001133,0.0,0.0
4,PGAP1,26.05911,1.6976992,1.0606928096736101e-149,9.13425262429152e-149
4,SEMA6D,9.235471,1.6970044,2.571520017059929e-20,9.314188347271913e-20
4,PBX3,46.23088,1.6946015,0.0,0.0
4,GNA14,8.069792,1.6929296,7.041839121466467e-16,2.3754870304209133e-15
4,KLHDC8B,39.63829,1.6920244,0.0,0.0
4,SETBP1,34.881157,1.6917105,1.4354451938433057e-266,1.7703633122950938e-265
4,TULP3,55.064438,1.6907989,0.0,0.0
4,GNAZ,3.514897,1.6893041,0.0004399245837039344,0.0010672487526324568
4,SLC16A9,20.257235,1.6890246,3.067083820218857e-91,2.002838783678517e-90
4,LINC00311,3.7768457,1.6888211,0.00015882703520621368,0.00039501626918149566
4,STK3,64.85245,1.6878974,0.0,0.0
4,TCF4,115.55595,1.6875334,0.0,0.0
4,LINC02076,5.9374766,1.6874022,2.894425420586505e-09,8.510893965756551e-09
4,AC092111.1,3.938109,1.6869493,8.212634315414873e-05,0.00020690241994337092
4,SARDH,7.7130876,1.6863188,1.2280966237555926e-14,4.0591147845593095e-14
4,GLB1L2,10.160851,1.6849993,2.964800960206825e-24,1.1336521499086025e-23
4,THBS1,52.73986,1.6827091,0.0,0.0
4,CYR61,34.541405,1.6818744,1.9186986086532005e-261,2.3420702171265586e-260
4,TUBA1A,132.20099,1.6816207,0.0,0.0
4,KIF26A,12.636201,1.6810944,1.3334241999909349e-36,5.893342163466298e-36
4,CRLF1,4.3260827,1.6805081,1.5178454244591114e-05,3.9471643696893356e-05
4,PIK3R2,10.6956625,1.6779883,1.0665433204913586e-26,4.2066940283851995e-26
4,HOMER1,34.505585,1.676948,6.614691379066583e-261,8.055172043057954e-260
4,TUBB2A,40.77533,1.6746078,0.0,0.0
4,EXTL2,50.546555,1.6743392,0.0,0.0
4,CAVIN4,3.303993,1.6736197,0.0009531822388122216,0.002266715053799673
4,ARHGAP42,22.462137,1.6727473,9.738736687128492e-112,7.100616531943391e-111
4,ATG9A,3.3382466,1.6707038,0.0008430889352893856,0.00201199519133573
4,DBN1,63.135067,1.6696576,0.0,0.0
4,PCSK1N,38.653507,1.6688025,0.0,0.0
4,ZNF660,21.533073,1.6651348,7.630184112963807e-103,5.3185859354842664e-102
4,STX1B,2.462513,1.6636939,0.013796714392517328,0.030177993752974735
4,EPS8,84.40699,1.6635418,0.0,0.0
4,MAMSTR,11.990656,1.6622337,3.977445774417548e-33,1.6895398096471025e-32
4,GPR1,2.8297093,1.6619567,0.004659031808586212,0.010573220949260154
4,WNT2B,21.573946,1.6615868,3.1558765567427043e-103,2.2072567716507525e-102
4,RUSC2,15.880193,1.6615355,8.691089236729681e-57,4.558213050052677e-56
4,RPP25,24.60178,1.6610227,1.2089596837506178e-133,9.784057854328449e-133
4,CCDC102B,12.926675,1.6609498,3.182904001121726e-38,1.4296470565712715e-37
4,NKAPL,6.523425,1.6608846,6.871962946911873e-11,2.10643418427259e-10
4,GDF10,4.2199473,1.6587036,2.4435945525268567e-05,6.302084181821392e-05
4,NYNRIN,25.006233,1.6585405,5.2299631050047954e-138,4.308168168613625e-137
4,BRSK1,9.360749,1.6583248,7.917345328980631e-21,2.888354486340939e-20
4,LNP1,5.028354,1.6574581,4.947070455286232e-07,1.3621301252697692e-06
4,AL645608.1,4.9655232,1.657354,6.851604875928078e-07,1.8771611727711117e-06
4,AC099791.2,14.449695,1.6536291,2.5179813476628827e-47,1.226722091932798e-46
4,LRRC2,11.699552,1.6520847,1.2812860720345073e-31,5.342062407712197e-31
4,FLNC,16.747536,1.6519696,5.902163041997919e-63,3.234937987923917e-62
4,BHLHB9,11.587376,1.6476157,4.775401842227631e-31,1.9789936274836333e-30
4,FSCN1,63.556465,1.6448598,0.0,0.0
4,ALDH1L1,13.336675,1.6438313,1.4163827820056771e-40,6.515276476179412e-40
4,MARCKSL1,116.048515,1.6419294,0.0,0.0
4,LANCL2,27.768724,1.6386937,1.0354534363868652e-169,9.567342110137172e-169
4,TMEM159,40.9006,1.6377407,0.0,0.0
4,MEF2C-AS1,8.722873,1.6357912,2.7123133666669753e-18,9.514183318984928e-18
4,C12orf57,153.29524,1.6347376,0.0,0.0
4,DIRC3,3.2927854,1.6340004,0.0009920019502895102,0.002355004553160603
4,CEBPB-AS1,3.7109528,1.6334239,0.00020648056250793922,0.0005096793183797522
4,SCUBE1,7.6319327,1.630653,2.3126034705223142e-14,7.604600006748927e-14
4,KCND1,2.3158956,1.6283685,0.020563970766210648,0.044377226956519515
4,MATN2,42.24094,1.6269428,0.0,0.0
4,CSRP1,85.101555,1.6245553,0.0,0.0
4,CORO6,3.1140714,1.6242886,0.0018452481288457983,0.004304557620819464
4,MRTFB,3.8048248,1.6223111,0.00014190453041221923,0.0003540110841432287
4,DLG2,8.294987,1.6221702,1.0859693772460195e-16,3.71037536397775e-16
4,LRRC49,20.790384,1.6217521,5.288525037866801e-96,3.55408661329309e-95
4,TCF7L2,71.33025,1.6215497,0.0,0.0
4,ACSM3,34.38267,1.6215336,4.578256550085719e-259,5.538167326555746e-258
4,SOD3,62.887863,1.6212722,0.0,0.0
4,PLD1,24.865065,1.620694,1.7771317808613973e-136,1.4538330320561992e-135
4,RNF150,37.437508,1.6206372,9.59257867510123e-307,1.3060697317680782e-305
4,GNG10,18.725565,1.6205345,3.064009873354519e-78,1.8546680994079144e-77
4,TWSG1,67.51987,1.6159973,0.0,0.0
4,MAPRE3,26.162762,1.615434,7.054904398938652e-151,6.104309357726678e-150
4,ZNF98,4.03416,1.6108491,5.47979163880664e-05,0.00013925663557029833
4,AC006942.1,4.6892915,1.609791,2.741527742174942e-06,7.356520049262105e-06
4,SMARCD3,46.747253,1.6095494,0.0,0.0
4,LRPAP1,129.801,1.6044229,0.0,0.0
4,RPL17,82.210396,1.6037644,0.0,0.0
4,PPP2R3A,34.38103,1.602488,4.844008750079347e-259,5.857346574284131e-258
4,TMOD1,28.097908,1.6017646,1.039015282967948e-173,9.737066510215394e-173
4,HSD17B14,18.060785,1.5971422,6.48917364962974e-73,3.799941075958817e-72
4,ADAMTS10,21.508121,1.5955865,1.3068835119417277e-102,9.097263221527697e-102
4,MYH10,60.216465,1.5948664,0.0,0.0
4,PLEKHH3,41.037983,1.5927123,0.0,0.0
4,FAM216A,19.77076,1.5926661,5.316994054932744e-87,3.38271583482516e-86
4,RBM20,4.4868903,1.5922339,7.227028259227305e-06,1.90487602258177e-05
4,CAND2,5.3203964,1.5911337,1.0354139304401559e-07,2.911612987727586e-07
4,EPB41L4A-AS1,101.12013,1.5897636,0.0,0.0
4,FAM198B-AS1,25.015882,1.5874163,4.106869788079269e-138,3.38573018245308e-137
4,CHST7,34.357517,1.5872277,1.0876735683234612e-258,1.313666548502275e-257
4,PARD3,41.704895,1.586359,0.0,0.0
4,TSHZ2,82.55972,1.5863341,0.0,0.0
4,NIPAL2,34.109844,1.5857344,5.271171105358488e-255,6.312130389512389e-254
4,MAGED2,125.18396,1.584152,0.0,0.0
4,LMNA,120.78043,1.5831474,0.0,0.0
4,ZEB1-AS1,23.012238,1.5823169,3.515634895988331e-117,2.626486046176247e-116
4,PCAT6,8.767973,1.5820295,1.8191129880059316e-18,6.398466498270095e-18
4,TNS2,67.67211,1.5812006,0.0,0.0
4,NAB2,28.281097,1.5796074,5.9032438421247975e-176,5.577852565837698e-175
4,GABARAP,60.37262,1.5795625,0.0,0.0
4,TRMT44,28.399933,1.5772624,2.025978097938817e-177,1.9237144415666672e-176
4,ADCY2,6.0540566,1.5770031,1.4124293048918558e-09,4.191450074536014e-09
4,TMEM246,20.880325,1.5721354,8.083845698357132e-97,5.462339724510798e-96
4,AARD,4.1568975,1.5713135,3.225984704896345e-05,8.283940617666279e-05
4,DTNA,8.54487,1.5711583,1.2868110665389535e-17,4.460685243777415e-17
4,MARCKS,109.058945,1.5702802,0.0,0.0
4,CAB39L,18.936594,1.5676683,5.696595845565726e-80,3.4843595448030854e-79
4,VTN,6.406782,1.5670426,1.486230445191729e-10,4.5175968105370544e-10
4,COL23A1,9.580646,1.5666633,9.644025520858183e-22,3.560294992512707e-21
4,PEMT,48.85208,1.5663241,0.0,0.0
4,DCBLD2,61.932617,1.5662625,0.0,0.0
4,AC067750.1,4.3941264,1.5643822,1.1121918770700203e-05,2.90841140067714e-05
4,ADAMTS3,3.7600348,1.5641928,0.00016988977831831938,0.0004214788391783831
4,VCAN,79.89464,1.561689,0.0,0.0
4,NGRN,26.257599,1.5616565,5.853358526328772e-152,5.087450842892108e-151
4,MYO1B,40.86645,1.5597155,0.0,0.0
4,ARMCX4,22.088331,1.5594499,4.092411909231519e-108,2.923137852521806e-107
4,RHOB,80.962524,1.5592005,0.0,0.0
4,ANG,40.08153,1.5583693,0.0,0.0
4,ALDH7A1,74.3923,1.5581787,0.0,0.0
4,PRTG,22.961058,1.5580244,1.1425952893442123e-116,8.519708711160814e-116
4,LGALS3BP,106.08896,1.5575947,0.0,0.0
4,TMEM47,31.704868,1.5563762,1.331232964473493e-220,1.4436637625607807e-219
4,PCDHB13,4.0914435,1.5525807,4.286964262029264e-05,0.0001094656348699095
4,TNFRSF11B,8.336617,1.552107,7.644584996682073e-17,2.619704939488334e-16
4,LINC01515,7.2429214,1.5518829,4.391213419911886e-13,1.408898922134503e-12
4,RGS7BP,9.766094,1.5508716,1.5740356667306406e-22,5.866946496821504e-22
4,HYKK,9.142776,1.5501281,6.086947187482193e-20,2.193415841477348e-19
4,ZFP37,13.155534,1.5486872,1.5816179271841063e-39,7.197153309110597e-39
4,FBXL7,19.54025,1.5473741,4.993652748048377e-85,3.142716869963983e-84
4,ASTN2,9.843358,1.5469239,7.32250689854464e-23,2.742900505554711e-22
4,CFL2,63.56526,1.540263,0.0,0.0
4,ARHGEF26,12.622209,1.5401051,1.5928998914008115e-36,7.035118168551713e-36
4,ELFN1,10.865123,1.5397143,1.6899575768168067e-27,6.732601034632257e-27
4,TIMP1,123.18522,1.5371497,0.0,0.0
4,BGLAP,2.7958302,1.5360403,0.005176657638915633,0.011702381337475533
4,AC105942.1,6.5217905,1.5358609,6.947299353955736e-11,2.1286822755299883e-10
4,CLIP2,22.454184,1.5354044,1.1647847956991749e-111,8.484563676802828e-111
4,TJP2,5.651019,1.5308787,1.5949940807208444e-08,4.5929825820217216e-08
4,B4GAT1,37.20109,1.5293332,6.552009965067216e-303,8.82750531780002e-302
4,AK1,20.584198,1.5267761,3.802844292536943e-94,2.522199754279813e-93
4,SPSB1,30.890581,1.5177376,1.598351431135794e-209,1.6837166899152689e-208
4,C2orf27B,3.4153817,1.5152144,0.0006369268524169478,0.0015326610267557307
4,PLOD1,48.434834,1.514705,0.0,0.0
4,FBLN7,18.069302,1.5141926,5.56137138044418e-73,3.2591070393513133e-72
4,HOXA4,6.4583936,1.5135257,1.0582029459051286e-10,3.2286158390019553e-10
4,INPP5A,26.86087,1.5134915,6.296654032873497e-159,5.61971372203353e-158
4,RTL5,11.737018,1.5132494,8.233940797252257e-32,3.44272738393771e-31
4,LINC00960,9.493721,1.5116998,2.229305478656344e-21,8.192839429788424e-21
4,AC233723.1,4.4438972,1.5108372,8.834378620168474e-06,2.3202255269675988e-05
4,RNASEK,41.29359,1.5096936,0.0,0.0
4,MAFTRR,2.395339,1.5086278,0.016604999341322535,0.03608822970552391
4,CDK2AP1,15.597815,1.5078788,7.53290544924466e-55,3.886154376895421e-54
4,LARP6,44.3406,1.5051756,0.0,0.0
4,EIF4EBP3,3.9580219,1.5051717,7.55730123540176e-05,0.0001907033877225361
4,WWC2-AS2,3.6535268,1.5050992,0.0002586628618402175,0.0006355428150803405
4,SMTNL2,3.7929285,1.5043768,0.00014888103097227546,0.00037093639856994093
4,PHGDH,29.89639,1.5043151,2.1922679689118712e-196,2.223709422880184e-195
4,MATN3,4.253143,1.5015879,2.1079093343807492e-05,5.451355852874724e-05
4,JUN,89.45894,1.5015447,0.0,0.0
4,RBMS3,33.428898,1.5012587,5.215219122154036e-245,6.075641817128338e-244
