ligand,ligand_complex,ligand_means,ligand_props,receptor,receptor_complex,receptor_means,receptor_props,source,target,lr_means,cellphone_pvals
B2M,B2M,5.1716204,1.0,KLRD1,KLRD1,2.4969904,0.970954356846473,Treg,NK-CD16+,3.8343053,0.0
B2M,B2M,5.1494274,1.0,KLRD1,KLRD1,2.4969904,0.970954356846473,NK-CD16+,NK-CD16+,3.8232088,0.0
B2M,B2M,5.0368896,1.0,KLRD1,KLRD1,2.4969904,0.970954356846473,γδ T,NK-CD16+,3.76694,0.0
B2M,B2M,5.1716204,1.0,KLRC1,KLRC1,2.1204865,0.8808049535603715,Treg,NK-CD16-,3.6460533,0.0
B2M,B2M,4.791028,1.0,KLRD1,KLRD1,2.4969904,0.970954356846473,CD8 T,NK-CD16+,3.644009,0.0
B2M,B2M,5.1494274,1.0,KLRC1,KLRC1,2.1204865,0.8808049535603715,NK-CD16+,NK-CD16-,3.6349568,0.0
B2M,B2M,4.7613416,0.9971988795518207,KLRD1,KLRD1,2.4969904,0.970954356846473,CD4 T,NK-CD16+,3.6291661,0.0
B2M,B2M,5.0368896,1.0,KLRC1,KLRC1,2.1204865,0.8808049535603715,γδ T,NK-CD16-,3.5786881,0.0
B2M,B2M,4.651312,1.0,KLRD1,KLRD1,2.4969904,0.970954356846473,NK-CD16-,NK-CD16+,3.574151,0.0
B2M,B2M,5.1716204,1.0,KLRD1,KLRD1,1.8809955,0.8513931888544891,Treg,NK-CD16-,3.526308,0.0
B2M,B2M,5.1494274,1.0,KLRD1,KLRD1,1.8809955,0.8513931888544891,NK-CD16+,NK-CD16-,3.5152116,0.0
S100A9,S100A9,4.890816,1.0,ITGB2,ITGB2,2.1123059,0.9646302250803859,Mono-C,Mono-C,3.5015612,0.0
B2M,B2M,4.481392,1.0,KLRD1,KLRD1,2.4969904,0.970954356846473,Mono-NC,NK-CD16+,3.489191,0.0
S100A9,S100A9,4.890816,1.0,ITGB2,ITGB2,2.077828,1.0,Mono-C,Mono-NC,3.484322,0.0
B2M,B2M,5.0368896,1.0,KLRD1,KLRD1,1.8809955,0.8513931888544891,γδ T,NK-CD16-,3.4589424,0.0
B2M,B2M,4.791028,1.0,KLRC1,KLRC1,2.1204865,0.8808049535603715,CD8 T,NK-CD16-,3.4557571,0.0
B2M,B2M,4.7613416,0.9971988795518207,KLRC1,KLRC1,2.1204865,0.8808049535603715,CD4 T,NK-CD16-,3.4409142,0.0
B2M,B2M,4.3400726,1.0,KLRD1,KLRD1,2.4969904,0.970954356846473,TRM,NK-CD16+,3.4185314,0.0
B2M,B2M,4.31848,1.0,KLRD1,KLRD1,2.4969904,0.970954356846473,B,NK-CD16+,3.4077353,0.0
B2M,B2M,4.651312,1.0,KLRC1,KLRC1,2.1204865,0.8808049535603715,NK-CD16-,NK-CD16-,3.385899,0.0
S100A9,S100A9,4.890816,1.0,ITGB2,ITGB2,1.8520461,0.941908713692946,Mono-C,NK-CD16+,3.371431,0.0
B2M,B2M,4.23305,1.0,KLRD1,KLRD1,2.4969904,0.970954356846473,Mono-C,NK-CD16+,3.3650203,0.0
S100A9,S100A9,4.890816,1.0,CD68,CD68,1.8073629,0.947136563876652,Mono-C,TRM,3.3490896,0.0
B2M,B2M,4.791028,1.0,KLRD1,KLRD1,1.8809955,0.8513931888544891,CD8 T,NK-CD16-,3.336012,0.0
S100A9,S100A9,4.890816,1.0,ITGB2,ITGB2,1.7561089,0.933920704845815,Mono-C,TRM,3.3234625,0.0
B2M,B2M,4.7613416,0.9971988795518207,KLRD1,KLRD1,1.8809955,0.8513931888544891,CD4 T,NK-CD16-,3.3211684,0.0
B2M,B2M,4.117801,0.9774436090225563,KLRD1,KLRD1,2.4969904,0.970954356846473,cDC2,NK-CD16+,3.307396,0.0
B2M,B2M,4.481392,1.0,KLRC1,KLRC1,2.1204865,0.8808049535603715,Mono-NC,NK-CD16-,3.300939,0.0
S100A9,S100A9,4.890816,1.0,ITGB2,ITGB2,1.7057548,0.8458646616541353,Mono-C,cDC2,3.2982855,0.0
S100A9,S100A9,4.890816,1.0,CD68,CD68,1.6607586,0.9545454545454546,Mono-C,Mono-NC,3.2757874,0.0
B2M,B2M,4.651312,1.0,KLRD1,KLRD1,1.8809955,0.8513931888544891,NK-CD16-,NK-CD16-,3.2661538,0.0
B2M,B2M,4.3400726,1.0,KLRC1,KLRC1,2.1204865,0.8808049535603715,TRM,NK-CD16-,3.2302794,0.0
B2M,B2M,4.31848,1.0,KLRC1,KLRC1,2.1204865,0.8808049535603715,B,NK-CD16-,3.2194834,0.0
B2M,B2M,4.481392,1.0,KLRD1,KLRD1,1.8809955,0.8513931888544891,Mono-NC,NK-CD16-,3.1811938,0.0
B2M,B2M,4.23305,1.0,KLRC1,KLRC1,2.1204865,0.8808049535603715,Mono-C,NK-CD16-,3.1767683,0.0
S100A9,S100A9,4.890816,1.0,CD68,CD68,1.4572712,0.9035369774919614,Mono-C,Mono-C,3.1740437,0.0
S100A8,S100A8,4.1858444,0.9967845659163987,ITGB2,ITGB2,2.1123059,0.9646302250803859,Mono-C,Mono-C,3.149075,0.0
B2M,B2M,5.1716204,1.0,CD1C,CD1C,1.1023264,0.631578947368421,Treg,cDC2,3.1369734,0.0
S100A8,S100A8,4.1858444,0.9967845659163987,ITGB2,ITGB2,2.077828,1.0,Mono-C,Mono-NC,3.1318362,0.0
B2M,B2M,5.1494274,1.0,CD1C,CD1C,1.1023264,0.631578947368421,NK-CD16+,cDC2,3.125877,0.0
S100A9,S100A9,4.890816,1.0,CD36,CD36,1.3569703,0.8713826366559485,Mono-C,Mono-C,3.1238933,0.0
B2M,B2M,4.117801,0.9774436090225563,KLRC1,KLRC1,2.1204865,0.8808049535603715,cDC2,NK-CD16-,3.119144,0.0
B2M,B2M,4.3400726,1.0,KLRD1,KLRD1,1.8809955,0.8513931888544891,TRM,NK-CD16-,3.1105342,0.0
B2M,B2M,4.31848,1.0,KLRD1,KLRD1,1.8809955,0.8513931888544891,B,NK-CD16-,3.0997376,0.0
B2M,B2M,5.0368896,1.0,CD1C,CD1C,1.1023264,0.631578947368421,γδ T,cDC2,3.069608,0.0
HLA-B,HLA-B,3.4723597,1.0,CD3D,CD3D,2.6597946,1.0,NK-CD16+,Treg,3.0660772,0.0
HLA-B,HLA-B,3.4639976,1.0,CD3D,CD3D,2.6597946,1.0,Treg,Treg,3.061896,0.0
B2M,B2M,4.23305,1.0,KLRD1,KLRD1,1.8809955,0.8513931888544891,Mono-C,NK-CD16-,3.0570226,0.0
HLA-B,HLA-B,3.426832,0.9948979591836735,CD3D,CD3D,2.6597946,1.0,γδ T,Treg,3.0433133,0.0
HLA-B,HLA-B,3.4011884,1.0,CD3D,CD3D,2.6597946,1.0,CD8 T,Treg,3.0304914,0.0
B2M,B2M,5.1716204,1.0,KLRD1,KLRD1,0.88571304,0.4846938775510204,Treg,γδ T,3.0286667,0.0
S100A8,S100A8,4.1858444,0.9967845659163987,ITGB2,ITGB2,1.8520461,0.941908713692946,Mono-C,NK-CD16+,3.0189452,0.0
B2M,B2M,5.1494274,1.0,KLRD1,KLRD1,0.88571304,0.4846938775510204,NK-CD16+,γδ T,3.0175703,0.0
S100A8,S100A8,4.1858444,0.9967845659163987,CD69,CD69,1.8365906,0.82,Mono-C,CD8 T,3.0112176,0.0
B2M,B2M,4.117801,0.9774436090225563,KLRD1,KLRD1,1.8809955,0.8513931888544891,cDC2,NK-CD16-,2.9993982,0.0
S100A8,S100A8,4.1858444,0.9967845659163987,CD68,CD68,1.8073629,0.947136563876652,Mono-C,TRM,2.9966037,0.0
HLA-B,HLA-B,3.4723597,1.0,KLRD1,KLRD1,2.4969904,0.970954356846473,NK-CD16+,NK-CD16+,2.984675,0.0
HLA-B,HLA-B,3.4723597,1.0,CD3D,CD3D,2.4910896,0.9285714285714286,NK-CD16+,γδ T,2.9817247,0.0
HLA-B,HLA-B,3.4639976,1.0,KLRD1,KLRD1,2.4969904,0.970954356846473,Treg,NK-CD16+,2.980494,0.0
HLA-B,HLA-B,3.4639976,1.0,CD3D,CD3D,2.4910896,0.9285714285714286,Treg,γδ T,2.9775436,0.0
S100A9,S100A9,4.890816,1.0,ITGB2,ITGB2,1.0578327,0.7037037037037037,Mono-C,Treg,2.9743245,0.0
S100A8,S100A8,4.1858444,0.9967845659163987,ITGB2,ITGB2,1.7561089,0.933920704845815,Mono-C,TRM,2.9709766,0.0
HLA-B,HLA-B,3.426832,0.9948979591836735,KLRD1,KLRD1,2.4969904,0.970954356846473,γδ T,NK-CD16+,2.9619112,0.0
B2M,B2M,5.0368896,1.0,KLRD1,KLRD1,0.88571304,0.4846938775510204,γδ T,γδ T,2.9613013,0.0
HLA-B,HLA-B,3.426832,0.9948979591836735,CD3D,CD3D,2.4910896,0.9285714285714286,γδ T,γδ T,2.9589608,0.0
HLA-B,HLA-B,3.2511985,0.9891640866873065,CD3D,CD3D,2.6597946,1.0,NK-CD16-,Treg,2.9554965,0.0
HLA-B,HLA-B,3.4011884,1.0,KLRD1,KLRD1,2.4969904,0.970954356846473,CD8 T,NK-CD16+,2.9490895,0.0
B2M,B2M,4.791028,1.0,CD1C,CD1C,1.1023264,0.631578947368421,CD8 T,cDC2,2.9466772,0.0
HLA-B,HLA-B,3.4011884,1.0,CD3D,CD3D,2.4910896,0.9285714285714286,CD8 T,γδ T,2.9461389,0.0
S100A8,S100A8,4.1858444,0.9967845659163987,ITGB2,ITGB2,1.7057548,0.8458646616541353,Mono-C,cDC2,2.9457996,0.0
B2M,B2M,4.7613416,0.9971988795518207,CD1C,CD1C,1.1023264,0.631578947368421,CD4 T,cDC2,2.931834,0.0
S100A9,S100A9,4.890816,1.0,ITGB2,ITGB2,0.95731455,0.5820433436532507,Mono-C,NK-CD16-,2.9240654,0.0
S100A8,S100A8,4.1858444,0.9967845659163987,CD68,CD68,1.6607586,0.9545454545454546,Mono-C,Mono-NC,2.9233015,0.0
S100A9,S100A9,4.890816,1.0,CD68,CD68,0.93253684,0.6954887218045113,Mono-C,cDC2,2.9116764,0.0
S100A9,S100A9,4.890816,1.0,ITGB2,ITGB2,0.93231255,0.5994897959183674,Mono-C,γδ T,2.9115644,0.0
HLA-B,HLA-B,3.1520638,0.988795518207283,CD3D,CD3D,2.6597946,1.0,CD4 T,Treg,2.905929,0.0
HLA-B,HLA-B,3.1274333,1.0,CD3D,CD3D,2.6597946,1.0,Mono-C,Treg,2.8936138,0.0
HLA-DRA,HLA-DRA,4.7156625,0.9924812030075187,CD4,CD4,1.0583234,0.7037037037037037,cDC2,Treg,2.886993,0.0
B2M,B2M,4.651312,1.0,CD1C,CD1C,1.1023264,0.631578947368421,NK-CD16-,cDC2,2.8768191,0.0
HLA-B,HLA-B,3.2511985,0.9891640866873065,KLRD1,KLRD1,2.4969904,0.970954356846473,NK-CD16-,NK-CD16+,2.8740945,0.0
HLA-B,HLA-B,3.2511985,0.9891640866873065,CD3D,CD3D,2.4910896,0.9285714285714286,NK-CD16-,γδ T,2.871144,0.0
B2M,B2M,4.791028,1.0,KLRD1,KLRD1,0.88571304,0.4846938775510204,CD8 T,γδ T,2.8383706,0.0
B2M,B2M,5.1716204,1.0,KLRC2,KLRC2,0.5046022,0.33436532507739936,Treg,NK-CD16-,2.8381114,0.0
HLA-B,HLA-B,3.013114,0.9933920704845814,CD3D,CD3D,2.6597946,1.0,TRM,Treg,2.8364544,0.0
HLA-DRA,HLA-DRA,4.7156625,0.9924812030075187,CD4,CD4,0.9452533,0.8484848484848485,cDC2,Mono-NC,2.830458,0.0
B2M,B2M,5.1494274,1.0,KLRC2,KLRC2,0.5046022,0.33436532507739936,NK-CD16+,NK-CD16-,2.827015,0.0
HLA-B,HLA-B,2.9927983,1.0,CD3D,CD3D,2.6597946,1.0,Mono-NC,Treg,2.8262963,0.0
HLA-B,HLA-B,3.1520638,0.988795518207283,KLRD1,KLRD1,2.4969904,0.970954356846473,CD4 T,NK-CD16+,2.8245273,0.0
B2M,B2M,4.7613416,0.9971988795518207,KLRD1,KLRD1,0.88571304,0.4846938775510204,CD4 T,γδ T,2.8235273,0.0
HLA-B,HLA-B,3.1520638,0.988795518207283,CD3D,CD3D,2.4910896,0.9285714285714286,CD4 T,γδ T,2.8215766,0.0
S100A8,S100A8,4.1858444,0.9967845659163987,CD68,CD68,1.4572712,0.9035369774919614,Mono-C,Mono-C,2.8215578,0.0
B2M,B2M,5.1716204,1.0,KLRC1,KLRC1,0.4662107,0.2372448979591837,Treg,γδ T,2.8189156,0.0
HLA-C,HLA-C,3.8813217,1.0,LILRB2,LILRB2,1.7463557,1.0,NK-CD16+,Mono-NC,2.8138387,0.0
HLA-B,HLA-B,3.1274333,1.0,KLRD1,KLRD1,2.4969904,0.970954356846473,Mono-C,NK-CD16+,2.812212,0.0
HLA-B,HLA-B,3.1274333,1.0,CD3D,CD3D,2.4910896,0.9285714285714286,Mono-C,γδ T,2.8092613,0.0
B2M,B2M,5.1494274,1.0,KLRC1,KLRC1,0.4662107,0.2372448979591837,NK-CD16+,γδ T,2.8078191,0.0
S100A9,S100A9,4.890816,1.0,TLR4,TLR4,0.7193331,0.662379421221865,Mono-C,Mono-C,2.8050747,0.0
HLA-DRA,HLA-DRA,4.7156625,0.9924812030075187,CD4,CD4,0.89178056,0.7556270096463023,cDC2,Mono-C,2.8037214,0.0
B2M,B2M,5.1716204,1.0,CD1A,CD1A,0.43510064,0.34210526315789475,Treg,cDC2,2.8033605,0.0
B2M,B2M,5.1494274,1.0,CD1A,CD1A,0.43510064,0.34210526315789475,NK-CD16+,cDC2,2.792264,0.0
B2M,B2M,4.481392,1.0,CD1C,CD1C,1.1023264,0.631578947368421,Mono-NC,cDC2,2.7918591,0.0
HLA-A,HLA-A,3.7315445,1.0,APLP2,APLP2,1.8513042,0.9710610932475884,Treg,Mono-C,2.7914243,0.0
HLA-B,HLA-B,2.9044526,1.0,CD3D,CD3D,2.6597946,1.0,B,Treg,2.7821236,0.0
B2M,B2M,5.1716204,1.0,KLRC1,KLRC1,0.38899916,0.26,Treg,CD8 T,2.7803097,0.03
S100A8,S100A8,4.1858444,0.9967845659163987,CD36,CD36,1.3569703,0.8713826366559485,Mono-C,Mono-C,2.7714074,0.0
B2M,B2M,5.0368896,1.0,KLRC2,KLRC2,0.5046022,0.33436532507739936,γδ T,NK-CD16-,2.7707458,0.0
B2M,B2M,5.1494274,1.0,KLRC1,KLRC1,0.38899916,0.26,NK-CD16+,CD8 T,2.7692132,0.014
B2M,B2M,4.651312,1.0,KLRD1,KLRD1,0.88571304,0.4846938775510204,NK-CD16-,γδ T,2.7685125,0.001
B2M,B2M,5.1716204,1.0,KLRC1,KLRC1,0.3601573,0.2033195020746888,Treg,NK-CD16+,2.765889,0.003
HLA-DRA,HLA-DRA,4.7156625,0.9924812030075187,CD4,CD4,0.8007195,0.7290748898678414,cDC2,TRM,2.758191,0.0
B2M,B2M,5.1716204,1.0,KLRC2,KLRC2,0.344315,0.21428571428571427,Treg,γδ T,2.7579677,0.0
HLA-B,HLA-B,3.013114,0.9933920704845814,KLRD1,KLRD1,2.4969904,0.970954356846473,TRM,NK-CD16+,2.755052,0.0
B2M,B2M,5.1494274,1.0,KLRC1,KLRC1,0.3601573,0.2033195020746888,NK-CD16+,NK-CD16+,2.7547925,0.0
HLA-B,HLA-B,3.013114,0.9933920704845814,CD3D,CD3D,2.4910896,0.9285714285714286,TRM,γδ T,2.752102,0.0
B2M,B2M,5.0368896,1.0,KLRC1,KLRC1,0.4662107,0.2372448979591837,γδ T,γδ T,2.7515502,0.0
HLA-C,HLA-C,3.8813217,1.0,CD8A,CD8A,1.6204809,0.7806122448979592,NK-CD16+,γδ T,2.7509012,0.0
S100A9,S100A9,4.890816,1.0,ITGB2,ITGB2,0.60727656,0.4565826330532213,Mono-C,CD4 T,2.7490463,0.0
B2M,B2M,5.1494274,1.0,KLRC2,KLRC2,0.344315,0.21428571428571427,NK-CD16+,γδ T,2.7468712,0.0
HLA-B,HLA-B,2.9927983,1.0,KLRD1,KLRD1,2.4969904,0.970954356846473,Mono-NC,NK-CD16+,2.7448945,0.0
HLA-B,HLA-B,2.9927983,1.0,CD3D,CD3D,2.4910896,0.9285714285714286,Mono-NC,γδ T,2.7419438,0.0
HLA-A,HLA-A,3.7315445,1.0,LILRB2,LILRB2,1.7463557,1.0,Treg,Mono-NC,2.73895,0.0
HLA-DRA,HLA-DRA,4.7156625,0.9924812030075187,CD4,CD4,0.7606554,0.6428571428571429,cDC2,cDC2,2.738159,0.0
B2M,B2M,5.0368896,1.0,CD1A,CD1A,0.43510064,0.34210526315789475,γδ T,cDC2,2.735995,0.0
B2M,B2M,5.1716204,1.0,CD1C,CD1C,0.2882552,0.24060150375939848,Treg,B,2.7299378,0.0
HLA-C,HLA-C,3.712681,1.0,LILRB2,LILRB2,1.7463557,1.0,γδ T,Mono-NC,2.7295184,0.0
TNFSF13B,TNFSF13B,1.3735859,0.86,HLA-DPB1,HLA-DPB1,4.085288,0.9924812030075187,CD8 T,cDC2,2.7294369,0.0
B2M,B2M,4.3400726,1.0,CD1C,CD1C,1.1023264,0.631578947368421,TRM,cDC2,2.7211995,0.0
B2M,B2M,5.1716204,1.0,KLRC2,KLRC2,0.2676733,0.17012448132780084,Treg,NK-CD16+,2.719647,0.0
B2M,B2M,5.1494274,1.0,CD1C,CD1C,0.2882552,0.24060150375939848,NK-CD16+,B,2.7188413,0.0
VIM,VIM,3.4086912,0.9935691318327974,CD44,CD44,2.020819,0.977491961414791,Mono-C,Mono-C,2.714755,0.0
HLA-A,HLA-A,3.7315445,1.0,APLP2,APLP2,1.693923,0.920704845814978,Treg,TRM,2.7127337,0.0
B2M,B2M,4.31848,1.0,CD1C,CD1C,1.1023264,0.631578947368421,B,cDC2,2.7104032,0.0
B2M,B2M,5.1494274,1.0,KLRC2,KLRC2,0.2676733,0.17012448132780084,NK-CD16+,NK-CD16+,2.7085505,0.0
S100A9,S100A9,4.890816,1.0,TLR4,TLR4,0.51519525,0.6060606060606061,Mono-C,Mono-NC,2.7030058,0.0
HLA-B,HLA-B,2.9044526,1.0,KLRD1,KLRD1,2.4969904,0.970954356846473,B,NK-CD16+,2.7007215,0.0
B2M,B2M,5.0368896,1.0,KLRC1,KLRC1,0.3601573,0.2033195020746888,γδ T,NK-CD16+,2.6985235,0.001
HLA-B,HLA-B,2.9044526,1.0,CD3D,CD3D,2.4910896,0.9285714285714286,B,γδ T,2.697771,0.0
B2M,B2M,5.0368896,1.0,KLRC2,KLRC2,0.344315,0.21428571428571427,γδ T,γδ T,2.6906023,0.0
VIM,VIM,3.4086912,0.9935691318327974,CD44,CD44,1.9724663,0.8612334801762115,Mono-C,TRM,2.6905787,0.0
HLA-A,HLA-A,3.5172474,0.9974489795918368,APLP2,APLP2,1.8513042,0.9710610932475884,γδ T,Mono-C,2.6842759,0.0
HLA-B,HLA-B,3.4723597,1.0,KLRD1,KLRD1,1.8809955,0.8513931888544891,NK-CD16+,NK-CD16-,2.6766777,0.0
HLA-A,HLA-A,3.7315445,1.0,CD8A,CD8A,1.6204809,0.7806122448979592,Treg,γδ T,2.6760128,0.0
TIMP1,TIMP1,2.8785126,0.8964757709251101,CD63,CD63,2.4684656,0.9779735682819384,TRM,TRM,2.673489,0.0
HLA-B,HLA-B,3.4639976,1.0,KLRD1,KLRD1,1.8809955,0.8513931888544891,Treg,NK-CD16-,2.6724966,0.0
B2M,B2M,4.23305,1.0,CD1C,CD1C,1.1023264,0.631578947368421,Mono-C,cDC2,2.6676881,0.0
HLA-C,HLA-C,3.712681,1.0,CD8A,CD8A,1.6204809,0.7806122448979592,γδ T,γδ T,2.666581,0.0
HLA-A,HLA-A,3.4756718,1.0,APLP2,APLP2,1.8513042,0.9710610932475884,NK-CD16+,Mono-C,2.663488,0.0
B2M,B2M,5.0368896,1.0,CD1C,CD1C,0.2882552,0.24060150375939848,γδ T,B,2.6625724,0.0
S100A9,S100A9,4.890816,1.0,CD36,CD36,0.41850236,0.4393939393939394,Mono-C,Mono-NC,2.6546593,0.0
HLA-B,HLA-B,3.426832,0.9948979591836735,KLRD1,KLRD1,1.8809955,0.8513931888544891,γδ T,NK-CD16-,2.6539137,0.0
B2M,B2M,5.1716204,1.0,CD1B,CD1B,0.13393842,0.16917293233082706,Treg,cDC2,2.6527793,0.0
B2M,B2M,5.0368896,1.0,KLRC2,KLRC2,0.2676733,0.17012448132780084,γδ T,NK-CD16+,2.6522815,0.0
B2M,B2M,4.791028,1.0,KLRC2,KLRC2,0.5046022,0.33436532507739936,CD8 T,NK-CD16-,2.6478152,0.0
S100A9,S100A9,4.890816,1.0,TLR4,TLR4,0.40018338,0.4977973568281938,Mono-C,TRM,2.6454997,0.0
B2M,B2M,5.1494274,1.0,CD1B,CD1B,0.13393842,0.16917293233082706,NK-CD16+,cDC2,2.6416829,0.0
HLA-B,HLA-B,3.4011884,1.0,KLRD1,KLRD1,1.8809955,0.8513931888544891,CD8 T,NK-CD16-,2.6410918,0.0
HLA-DRA,HLA-DRA,4.7156625,0.9924812030075187,LAG3,LAG3,0.5634088,0.41836734693877553,cDC2,γδ T,2.6395357,0.0
VIM,VIM,3.2551064,0.9581497797356828,CD44,CD44,2.020819,0.977491961414791,TRM,Mono-C,2.6379628,0.0
S100A9,S100A9,4.890816,1.0,CD36,CD36,0.38347962,0.35462555066079293,Mono-C,TRM,2.637148,0.0
B2M,B2M,5.1716204,1.0,CD1C,CD1C,0.094506875,0.11894273127753303,Treg,TRM,2.6330636,0.0
B2M,B2M,4.7613416,0.9971988795518207,KLRC2,KLRC2,0.5046022,0.33436532507739936,CD4 T,NK-CD16-,2.6329718,0.0
HLA-A,HLA-A,3.5172474,0.9974489795918368,LILRB2,LILRB2,1.7463557,1.0,γδ T,Mono-NC,2.6318016,0.0
S100A9,S100A9,4.890816,1.0,ITGB2,ITGB2,0.37066454,0.3233082706766917,Mono-C,B,2.6307404,0.0
HLA-C,HLA-C,3.507225,1.0,LILRB2,LILRB2,1.7463557,1.0,Treg,Mono-NC,2.6267903,0.0
B2M,B2M,5.1716204,1.0,CD1C,CD1C,0.081744336,0.10932475884244373,Treg,Mono-C,2.6266823,0.0
B2M,B2M,5.1494274,1.0,CD1C,CD1C,0.094506875,0.11894273127753303,NK-CD16+,TRM,2.621967,0.0
S100A8,S100A8,4.1858444,0.9967845659163987,ITGB2,ITGB2,1.0578327,0.7037037037037037,Mono-C,Treg,2.6218386,0.0
B2M,B2M,5.1494274,1.0,CD1C,CD1C,0.081744336,0.10932475884244373,NK-CD16+,Mono-C,2.6155858,0.0
VIM,VIM,3.2551064,0.9581497797356828,CD44,CD44,1.9724663,0.8612334801762115,TRM,TRM,2.6137865,0.0
B2M,B2M,4.791028,1.0,CD1A,CD1A,0.43510064,0.34210526315789475,CD8 T,cDC2,2.6130643,0.0
HLA-A,HLA-A,3.4756718,1.0,LILRB2,LILRB2,1.7463557,1.0,NK-CD16+,Mono-NC,2.6110137,0.0
S100A8,S100A8,4.1858444,0.9967845659163987,CD69,CD69,1.0354137,0.5938375350140056,Mono-C,CD4 T,2.610629,0.0
B2M,B2M,4.117801,0.9774436090225563,CD1C,CD1C,1.1023264,0.631578947368421,cDC2,cDC2,2.6100638,0.0
HLA-B,HLA-B,3.4723597,1.0,LILRB2,LILRB2,1.7463557,1.0,NK-CD16+,Mono-NC,2.6093576,0.0
TIMP1,TIMP1,2.8785126,0.8964757709251101,CD63,CD63,2.3396325,0.9613003095975232,TRM,NK-CD16-,2.6090727,0.0
RPS19,RPS19,4.0096474,1.0,C5AR1,C5AR1,1.2045323,0.9242424242424242,Mono-NC,Mono-NC,2.6070898,0.0
HLA-A,HLA-A,3.5172474,0.9974489795918368,APLP2,APLP2,1.693923,0.920704845814978,γδ T,TRM,2.605585,0.0
HLA-B,HLA-B,3.4639976,1.0,LILRB2,LILRB2,1.7463557,1.0,Treg,Mono-NC,2.6051767,0.0
TNFSF13B,TNFSF13B,1.1212561,0.8167202572347267,HLA-DPB1,HLA-DPB1,4.085288,0.9924812030075187,Mono-C,cDC2,2.603272,0.0
HLA-B,HLA-B,3.4723597,1.0,CD3D,CD3D,1.7265168,0.7703081232492998,NK-CD16+,CD4 T,2.5994382,0.0
B2M,B2M,4.7613416,0.9971988795518207,CD1A,CD1A,0.43510064,0.34210526315789475,CD4 T,cDC2,2.598221,0.0
HLA-B,HLA-B,3.4639976,1.0,CD3D,CD3D,1.7265168,0.7703081232492998,Treg,CD4 T,2.5952573,0.0
VIM,VIM,3.1690266,0.981203007518797,CD44,CD44,2.020819,0.977491961414791,cDC2,Mono-C,2.5949228,0.0
RPS19,RPS19,4.0096474,1.0,C5AR1,C5AR1,1.1721296,0.7180616740088106,Mono-NC,TRM,2.5908885,0.0
S100A8,S100A8,4.1858444,0.9967845659163987,CD69,CD69,0.99429494,0.5743034055727554,Mono-C,NK-CD16-,2.5900698,0.0
HLA-B,HLA-B,3.426832,0.9948979591836735,LILRB2,LILRB2,1.7463557,1.0,γδ T,Mono-NC,2.5865939,0.0
B2M,B2M,5.0368896,1.0,CD1B,CD1B,0.13393842,0.16917293233082706,γδ T,cDC2,2.585414,0.0
HLA-A,HLA-A,3.4756718,1.0,APLP2,APLP2,1.693923,0.920704845814978,NK-CD16+,TRM,2.5847974,0.0
HLA-DPA1,HLA-DPA1,4.1088333,0.981203007518797,CD4,CD4,1.0583234,0.7037037037037037,cDC2,Treg,2.5835783,0.0
RPS19,RPS19,3.95381,1.0,C5AR1,C5AR1,1.2045323,0.9242424242424242,B,Mono-NC,2.5791712,0.0
B2M,B2M,4.651312,1.0,KLRC2,KLRC2,0.5046022,0.33436532507739936,NK-CD16-,NK-CD16-,2.5779572,0.0
HLA-B,HLA-B,3.426832,0.9948979591836735,CD3D,CD3D,1.7265168,0.7703081232492998,γδ T,CD4 T,2.5766745,0.0
HLA-B,HLA-B,3.4011884,1.0,LILRB2,LILRB2,1.7463557,1.0,CD8 T,Mono-NC,2.573772,0.0
HLA-DPB1,HLA-DPB1,4.085288,0.9924812030075187,CD4,CD4,1.0583234,0.7037037037037037,cDC2,Treg,2.5718057,0.0
S100A8,S100A8,4.1858444,0.9967845659163987,ITGB2,ITGB2,0.95731455,0.5820433436532507,Mono-C,NK-CD16-,2.5715795,0.0
VIM,VIM,3.1690266,0.981203007518797,CD44,CD44,1.9724663,0.8612334801762115,cDC2,TRM,2.5707464,0.0
S100A8,S100A8,4.1858444,0.9967845659163987,CD69,CD69,0.95297563,0.6122448979591837,Mono-C,γδ T,2.56941,0.0
HLA-A,HLA-A,3.5172474,0.9974489795918368,CD8A,CD8A,1.6204809,0.7806122448979592,γδ T,γδ T,2.568864,0.0
B2M,B2M,4.791028,1.0,KLRC2,KLRC2,0.344315,0.21428571428571427,CD8 T,γδ T,2.5676715,0.0
HLA-DRA,HLA-DRA,4.076727,1.0,CD4,CD4,1.0583234,0.7037037037037037,B,Treg,2.5675251,0.0
HLA-B,HLA-B,3.2511985,0.9891640866873065,KLRD1,KLRD1,1.8809955,0.8513931888544891,NK-CD16-,NK-CD16-,2.566097,0.0
B2M,B2M,5.0368896,1.0,CD1C,CD1C,0.094506875,0.11894273127753303,γδ T,TRM,2.5656981,0.0
HLA-C,HLA-C,3.507225,1.0,CD8A,CD8A,1.6204809,0.7806122448979592,Treg,γδ T,2.563853,0.0
HLA-B,HLA-B,3.4011884,1.0,CD3D,CD3D,1.7265168,0.7703081232492998,CD8 T,CD4 T,2.5638525,0.0
RPS19,RPS19,3.95381,1.0,C5AR1,C5AR1,1.1721296,0.7180616740088106,B,TRM,2.5629697,0.0
RPS19,RPS19,3.9184303,0.9943977591036415,C5AR1,C5AR1,1.2045323,0.9242424242424242,CD4 T,Mono-NC,2.5614812,0.0
B2M,B2M,5.0368896,1.0,CD1C,CD1C,0.081744336,0.10932475884244373,γδ T,Mono-C,2.5593169,0.0
S100A8,S100A8,4.1858444,0.9967845659163987,CD68,CD68,0.93253684,0.6954887218045113,Mono-C,cDC2,2.5591908,0.0
S100A8,S100A8,4.1858444,0.9967845659163987,ITGB2,ITGB2,0.93231255,0.5994897959183674,Mono-C,γδ T,2.5590785,0.0
HLA-C,HLA-C,3.8813217,1.0,LILRB1,LILRB1,1.2360857,0.9242424242424242,NK-CD16+,Mono-NC,2.5587037,0.0
B2M,B2M,4.7613416,0.9971988795518207,KLRC2,KLRC2,0.344315,0.21428571428571427,CD4 T,γδ T,2.5528283,0.0
LGALS1,LGALS1,2.4424744,0.9172932330827067,PTPRC,PTPRC,2.6577017,0.9848484848484849,cDC2,Mono-NC,2.550088,0.0
S100A9,S100A9,4.890816,1.0,ITGB2,ITGB2,0.206161,0.18,Mono-C,CD8 T,2.5484886,0.0
HLA-A,HLA-A,3.4756718,1.0,CD8A,CD8A,1.6204809,0.7806122448979592,NK-CD16+,γδ T,2.5480764,0.0
HLA-B,HLA-B,3.4723597,1.0,CD8A,CD8A,1.6204809,0.7806122448979592,NK-CD16+,γδ T,2.5464203,0.0
LGALS1,LGALS1,2.4346786,1.0,PTPRC,PTPRC,2.6577017,0.9848484848484849,Mono-NC,Mono-NC,2.5461903,0.0
RPS19,RPS19,3.9184303,0.9943977591036415,C5AR1,C5AR1,1.1721296,0.7180616740088106,CD4 T,TRM,2.54528,0.0
LGALS1,LGALS1,2.429435,0.9807073954983923,PTPRC,PTPRC,2.6577017,0.9848484848484849,Mono-C,Mono-NC,2.5435684,0.0
B2M,B2M,4.651312,1.0,CD1A,CD1A,0.43510064,0.34210526315789475,NK-CD16-,cDC2,2.5432062,0.0
HLA-B,HLA-B,3.4639976,1.0,CD8A,CD8A,1.6204809,0.7806122448979592,Treg,γδ T,2.5422392,0.0
B2M,B2M,4.791028,1.0,CD1C,CD1C,0.2882552,0.24060150375939848,CD8 T,B,2.5396416,0.0
LGALS1,LGALS1,2.4146504,0.933920704845815,PTPRC,PTPRC,2.6577017,0.9848484848484849,TRM,Mono-NC,2.5361762,0.0
B2M,B2M,4.791028,1.0,KLRC2,KLRC2,0.2676733,0.17012448132780084,CD8 T,NK-CD16+,2.5293508,0.0
HLA-DPA1,HLA-DPA1,4.1088333,0.981203007518797,CD4,CD4,0.9452533,0.8484848484848485,cDC2,Mono-NC,2.5270433,0.0
S100A9,S100A9,4.890816,1.0,TLR4,TLR4,0.1623037,0.2781954887218045,Mono-C,cDC2,2.52656,0.0
B2M,B2M,4.7613416,0.9971988795518207,CD1C,CD1C,0.2882552,0.24060150375939848,CD4 T,B,2.5247984,0.0
VIM,VIM,3.4086912,0.9935691318327974,CD44,CD44,1.6401936,1.0,Mono-C,Mono-NC,2.5244424,0.0
HLA-B,HLA-B,3.426832,0.9948979591836735,CD8A,CD8A,1.6204809,0.7806122448979592,γδ T,γδ T,2.5236564,0.0
HLA-DRA,HLA-DRA,4.7156625,0.9924812030075187,CD4,CD4,0.33111274,0.2801120448179272,cDC2,CD4 T,2.5233877,0.0
HLA-DRA,HLA-DRA,4.7156625,0.9924812030075187,LAG3,LAG3,0.31858182,0.18518518518518517,cDC2,Treg,2.5171223,0.0
HLA-B,HLA-B,3.1520638,0.988795518207283,KLRD1,KLRD1,1.8809955,0.8513931888544891,CD4 T,NK-CD16-,2.5165296,0.0
HLA-DPB1,HLA-DPB1,4.085288,0.9924812030075187,CD4,CD4,0.9452533,0.8484848484848485,cDC2,Mono-NC,2.5152707,0.0
B2M,B2M,4.7613416,0.9971988795518207,KLRC2,KLRC2,0.2676733,0.17012448132780084,CD4 T,NK-CD16+,2.5145075,0.0
HLA-C,HLA-C,3.2823513,0.9891640866873065,LILRB2,LILRB2,1.7463557,1.0,NK-CD16-,Mono-NC,2.5143535,0.0
HLA-B,HLA-B,2.3669298,0.8834586466165414,CD3D,CD3D,2.6597946,1.0,cDC2,Treg,2.5133622,0.0
RPS19,RPS19,3.8207862,1.0,C5AR1,C5AR1,1.2045323,0.9242424242424242,cDC2,Mono-NC,2.5126593,0.0
HLA-DRA,HLA-DRA,4.076727,1.0,CD4,CD4,0.9452533,0.8484848484848485,B,Mono-NC,2.5109901,0.0
HLA-B,HLA-B,3.4011884,1.0,CD8A,CD8A,1.6204809,0.7806122448979592,CD8 T,γδ T,2.5108347,0.0
HLA-C,HLA-C,3.2688797,0.988795518207283,LILRB2,LILRB2,1.7463557,1.0,CD4 T,Mono-NC,2.5076177,0.0
S100A9,S100A9,4.890816,1.0,CD36,CD36,0.11772665,0.15037593984962405,Mono-C,cDC2,2.5042715,0.0
HLA-B,HLA-B,3.1274333,1.0,KLRD1,KLRD1,1.8809955,0.8513931888544891,Mono-C,NK-CD16-,2.5042143,0.0
RPS19,RPS19,3.8004727,0.9984520123839009,C5AR1,C5AR1,1.2045323,0.9242424242424242,NK-CD16-,Mono-NC,2.5025024,0.0
HLA-C,HLA-C,3.2565622,1.0,LILRB2,LILRB2,1.7463557,1.0,CD8 T,Mono-NC,2.501459,0.0
HLA-DPA1,HLA-DPA1,4.1088333,0.981203007518797,CD4,CD4,0.89178056,0.7556270096463023,cDC2,Mono-C,2.5003068,0.0
HLA-B,HLA-B,3.2511985,0.9891640866873065,LILRB2,LILRB2,1.7463557,1.0,NK-CD16-,Mono-NC,2.4987772,0.0
B2M,B2M,4.651312,1.0,KLRC2,KLRC2,0.344315,0.21428571428571427,NK-CD16-,γδ T,2.4978135,0.0
HLA-DRA,HLA-DRA,3.9363766,0.9955947136563876,CD4,CD4,1.0583234,0.7037037037037037,TRM,Treg,2.49735,0.0
RPS19,RPS19,3.8207862,1.0,C5AR1,C5AR1,1.1721296,0.7180616740088106,cDC2,TRM,2.496458,0.0
S100A9,S100A9,2.8765604,0.775330396475771,ITGB2,ITGB2,2.1123059,0.9646302250803859,TRM,Mono-C,2.4944332,0.0
B2M,B2M,4.481392,1.0,KLRC2,KLRC2,0.5046022,0.33436532507739936,Mono-NC,NK-CD16-,2.4929972,0.0
HLA-B,HLA-B,3.2511985,0.9891640866873065,CD3D,CD3D,1.7265168,0.7703081232492998,NK-CD16-,CD4 T,2.4888577,0.0
HLA-DPB1,HLA-DPB1,4.085288,0.9924812030075187,CD4,CD4,0.89178056,0.7556270096463023,cDC2,Mono-C,2.4885342,0.0
HLA-C,HLA-C,3.8813217,1.0,CD8B,CD8B,1.0948339,0.6658163265306123,NK-CD16+,γδ T,2.4880776,0.0
HLA-A,HLA-A,3.7315445,1.0,APLP2,APLP2,1.2446061,0.9393939393939394,Treg,Mono-NC,2.4880753,0.0
RPS19,RPS19,3.8004727,0.9984520123839009,C5AR1,C5AR1,1.1721296,0.7180616740088106,NK-CD16-,TRM,2.4863012,0.0
RPS19,RPS19,3.7671537,0.9923469387755102,C5AR1,C5AR1,1.2045323,0.9242424242424242,γδ T,Mono-NC,2.485843,0.0
HLA-DRA,HLA-DRA,4.076727,1.0,CD4,CD4,0.89178056,0.7556270096463023,B,Mono-C,2.4842536,0.0
HLA-A,HLA-A,3.7315445,1.0,LILRB1,LILRB1,1.2360857,0.9242424242424242,Treg,Mono-NC,2.4838152,0.0
VCAN,VCAN,2.9436893,0.9903536977491961,CD44,CD44,2.020819,0.977491961414791,Mono-C,Mono-C,2.482254,0.0
HLA-DRA,HLA-DRA,4.7156625,0.9924812030075187,LAG3,LAG3,0.24067335,0.2074688796680498,cDC2,NK-CD16+,2.478168,0.0
S100A9,S100A9,2.8765604,0.775330396475771,ITGB2,ITGB2,2.077828,1.0,TRM,Mono-NC,2.4771943,0.0
HLA-C,HLA-C,3.712681,1.0,LILRB1,LILRB1,1.2360857,0.9242424242424242,γδ T,Mono-NC,2.4743834,0.0
B2M,B2M,4.651312,1.0,CD1C,CD1C,0.2882552,0.24060150375939848,NK-CD16-,B,2.4697835,0.0
RPS19,RPS19,3.7671537,0.9923469387755102,C5AR1,C5AR1,1.1721296,0.7180616740088106,γδ T,TRM,2.4696417,0.0
TNFSF13B,TNFSF13B,0.8503097,0.7575757575757576,HLA-DPB1,HLA-DPB1,4.085288,0.9924812030075187,Mono-NC,cDC2,2.467799,0.0
HLA-C,HLA-C,3.8813217,1.0,LILRB2,LILRB2,1.0501987,0.7909967845659164,NK-CD16+,Mono-C,2.4657602,0.0
B2M,B2M,4.791028,1.0,CD1B,CD1B,0.13393842,0.16917293233082706,CD8 T,cDC2,2.4624832,0.0
RPS19,RPS19,4.0096474,1.0,C5AR1,C5AR1,0.9142223,0.6752411575562701,Mono-NC,Mono-C,2.4619348,0.0
B2M,B2M,4.651312,1.0,KLRC2,KLRC2,0.2676733,0.17012448132780084,NK-CD16-,NK-CD16+,2.4594927,0.0
B2M,B2M,4.481392,1.0,CD1A,CD1A,0.43510064,0.34210526315789475,Mono-NC,cDC2,2.4582462,0.0
VCAN,VCAN,2.9436893,0.9903536977491961,CD44,CD44,1.9724663,0.8612334801762115,Mono-C,TRM,2.458078,0.0
HLA-DPA1,HLA-DPA1,4.1088333,0.981203007518797,CD4,CD4,0.8007195,0.7290748898678414,cDC2,TRM,2.4547763,0.0
S100A8,S100A8,4.1858444,0.9967845659163987,TLR4,TLR4,0.7193331,0.662379421221865,Mono-C,Mono-C,2.4525888,0.0
LGALS1,LGALS1,2.4424744,0.9172932330827067,PTPRC,PTPRC,2.461759,0.9875518672199171,cDC2,NK-CD16+,2.4521167,0.0
HLA-C,HLA-C,3.2823513,0.9891640866873065,CD8A,CD8A,1.6204809,0.7806122448979592,NK-CD16-,γδ T,2.451416,0.0
HLA-DRA,HLA-DRA,4.7156625,0.9924812030075187,LAG3,LAG3,0.1844943,0.15126050420168066,cDC2,CD4 T,2.4500785,0.0
RPS19,RPS19,3.6939988,1.0,C5AR1,C5AR1,1.2045323,0.9242424242424242,Treg,Mono-NC,2.4492655,0.0
HLA-B,HLA-B,3.1520638,0.988795518207283,LILRB2,LILRB2,1.7463557,1.0,CD4 T,Mono-NC,2.4492097,0.0
LGALS1,LGALS1,2.4346786,1.0,PTPRC,PTPRC,2.461759,0.9875518672199171,Mono-NC,NK-CD16+,2.4482188,0.0
VIM,VIM,3.2551064,0.9581497797356828,CD44,CD44,1.6401936,1.0,TRM,Mono-NC,2.44765,0.0
B2M,B2M,4.7613416,0.9971988795518207,CD1B,CD1B,0.13393842,0.16917293233082706,CD4 T,cDC2,2.44764,0.0
HLA-B,HLA-B,3.013114,0.9933920704845814,KLRD1,KLRD1,1.8809955,0.8513931888544891,TRM,NK-CD16-,2.4470549,0.0
LGALS1,LGALS1,2.429435,0.9807073954983923,PTPRC,PTPRC,2.461759,0.9875518672199171,Mono-C,NK-CD16+,2.4455972,0.0
HLA-C,HLA-C,3.2688797,0.988795518207283,CD8A,CD8A,1.6204809,0.7806122448979592,CD4 T,γδ T,2.4446802,0.0
HLA-DPB1,HLA-DPB1,4.085288,0.9924812030075187,CD4,CD4,0.8007195,0.7290748898678414,cDC2,TRM,2.4430037,0.0
B2M,B2M,4.791028,1.0,CD1C,CD1C,0.094506875,0.11894273127753303,CD8 T,TRM,2.4427674,0.026
HLA-DRA,HLA-DRA,3.9363766,0.9955947136563876,CD4,CD4,0.9452533,0.8484848484848485,TRM,Mono-NC,2.440815,0.0
HLA-B,HLA-B,3.1520638,0.988795518207283,CD3D,CD3D,1.7265168,0.7703081232492998,CD4 T,CD4 T,2.4392903,0.0
HLA-DRA,HLA-DRA,4.076727,1.0,CD4,CD4,0.8007195,0.7290748898678414,B,TRM,2.438723,0.0
HLA-C,HLA-C,3.2565622,1.0,CD8A,CD8A,1.6204809,0.7806122448979592,CD8 T,γδ T,2.4385216,0.0
LGALS1,LGALS1,2.4146504,0.933920704845815,PTPRC,PTPRC,2.461759,0.9875518672199171,TRM,NK-CD16+,2.4382048,0.0
HLA-B,HLA-B,2.9927983,1.0,KLRD1,KLRD1,1.8809955,0.8513931888544891,Mono-NC,NK-CD16-,2.4368968,0.0
HLA-B,HLA-B,3.1274333,1.0,LILRB2,LILRB2,1.7463557,1.0,Mono-C,Mono-NC,2.4368944,0.0
B2M,B2M,4.791028,1.0,CD1C,CD1C,0.081744336,0.10932475884244373,CD8 T,Mono-C,2.436386,0.04
HLA-B,HLA-B,3.2511985,0.9891640866873065,CD8A,CD8A,1.6204809,0.7806122448979592,NK-CD16-,γδ T,2.4358397,0.0
HLA-DPA1,HLA-DPA1,4.1088333,0.981203007518797,CD4,CD4,0.7606554,0.6428571428571429,cDC2,cDC2,2.4347444,0.0
RPS19,RPS19,3.95381,1.0,C5AR1,C5AR1,0.9142223,0.6752411575562701,B,Mono-C,2.4340162,0.0
RPS19,RPS19,3.6939988,1.0,C5AR1,C5AR1,1.1721296,0.7180616740088106,Treg,TRM,2.4330642,0.0
HLA-B,HLA-B,2.3669298,0.8834586466165414,KLRD1,KLRD1,2.4969904,0.970954356846473,cDC2,NK-CD16+,2.43196,0.0
HLA-B,HLA-B,2.3669298,0.8834586466165414,CD3D,CD3D,2.4910896,0.9285714285714286,cDC2,γδ T,2.4290097,0.0
B2M,B2M,4.7613416,0.9971988795518207,CD1C,CD1C,0.094506875,0.11894273127753303,CD4 T,TRM,2.4279242,0.0
HLA-B,HLA-B,3.1274333,1.0,CD3D,CD3D,1.7265168,0.7703081232492998,Mono-C,CD4 T,2.426975,0.0
HLA-DPB1,HLA-DPB1,4.085288,0.9924812030075187,CD4,CD4,0.7606554,0.6428571428571429,cDC2,cDC2,2.4229717,0.0
B2M,B2M,4.3400726,1.0,KLRC2,KLRC2,0.5046022,0.33436532507739936,TRM,NK-CD16-,2.4223375,0.02
B2M,B2M,4.7613416,0.9971988795518207,CD1C,CD1C,0.081744336,0.10932475884244373,CD4 T,Mono-C,2.421543,0.002
HLA-DRA,HLA-DRA,4.076727,1.0,CD4,CD4,0.7606554,0.6428571428571429,B,cDC2,2.4186912,0.0
RPS19,RPS19,3.9184303,0.9943977591036415,C5AR1,C5AR1,0.9142223,0.6752411575562701,CD4 T,Mono-C,2.4163263,0.0
HLA-A,HLA-A,2.9807122,0.988795518207283,APLP2,APLP2,1.8513042,0.9710610932475884,CD4 T,Mono-C,2.4160082,0.0
HLA-DRA,HLA-DRA,3.9363766,0.9955947136563876,CD4,CD4,0.89178056,0.7556270096463023,TRM,Mono-C,2.4140785,0.0
HLA-A,HLA-A,3.7315445,1.0,CD8B,CD8B,1.0948339,0.6658163265306123,Treg,γδ T,2.4131892,0.0
RPS19,RPS19,3.6196117,0.995850622406639,C5AR1,C5AR1,1.2045323,0.9242424242424242,NK-CD16+,Mono-NC,2.412072,0.0
LGALS1,LGALS1,2.4424744,0.9172932330827067,PTPRC,PTPRC,2.3810167,0.9821428571428571,cDC2,γδ T,2.4117455,0.0
HLA-A,HLA-A,2.9714544,0.9814241486068112,APLP2,APLP2,1.8513042,0.9710610932475884,NK-CD16-,Mono-C,2.4113793,0.0
COPA,COPA,0.604816,0.6045016077170418,CD74,CD74,4.2146006,0.9774436090225563,Mono-C,cDC2,2.4097083,0.0
LGALS1,LGALS1,2.4346786,1.0,PTPRC,PTPRC,2.3810167,0.9821428571428571,Mono-NC,γδ T,2.4078476,0.0
LGALS1,LGALS1,2.429435,0.9807073954983923,PTPRC,PTPRC,2.3810167,0.9821428571428571,Mono-C,γδ T,2.4052258,0.0
VIM,VIM,3.1690266,0.981203007518797,CD44,CD44,1.6401936,1.0,cDC2,Mono-NC,2.4046102,0.0
HLA-C,HLA-C,3.712681,1.0,CD8B,CD8B,1.0948339,0.6658163265306123,γδ T,γδ T,2.4037576,0.0
VIM,VIM,2.7755787,1.0,CD44,CD44,2.020819,0.977491961414791,Mono-NC,Mono-C,2.3981988,0.0
LGALS1,LGALS1,2.4146504,0.933920704845815,PTPRC,PTPRC,2.3810167,0.9821428571428571,TRM,γδ T,2.3978336,0.0
S100A8,S100A8,4.1858444,0.9967845659163987,ITGB2,ITGB2,0.60727656,0.4565826330532213,Mono-C,CD4 T,2.3965604,0.0
RPS19,RPS19,3.6196117,0.995850622406639,C5AR1,C5AR1,1.1721296,0.7180616740088106,NK-CD16+,TRM,2.3958707,0.0
HLA-B,HLA-B,2.9044526,1.0,KLRD1,KLRD1,1.8809955,0.8513931888544891,B,NK-CD16-,2.392724,0.0
B2M,B2M,4.651312,1.0,CD1B,CD1B,0.13393842,0.16917293233082706,NK-CD16-,cDC2,2.392625,0.0
HLA-A,HLA-A,3.7315445,1.0,LILRB2,LILRB2,1.0501987,0.7909967845659164,Treg,Mono-C,2.3908715,0.0
COPA,COPA,0.56071466,0.6299559471365639,CD74,CD74,4.2146006,0.9774436090225563,TRM,cDC2,2.3876576,0.0
B2M,B2M,4.3400726,1.0,CD1A,CD1A,0.43510064,0.34210526315789475,TRM,cDC2,2.3875866,0.0
HLA-C,HLA-C,3.8813217,1.0,LILRB2,LILRB2,0.89341325,0.7268722466960352,NK-CD16+,TRM,2.3873675,0.0
HLA-B,HLA-B,3.1520638,0.988795518207283,CD8A,CD8A,1.6204809,0.7806122448979592,CD4 T,γδ T,2.3862724,0.0
HLA-C,HLA-C,3.712681,1.0,LILRB2,LILRB2,1.0501987,0.7909967845659164,γδ T,Mono-C,2.38144,0.0
TIMP1,TIMP1,2.8785126,0.8964757709251101,CD63,CD63,1.8841724,0.92,TRM,CD8 T,2.3813424,0.0
HLA-A,HLA-A,3.5172474,0.9974489795918368,APLP2,APLP2,1.2446061,0.9393939393939394,γδ T,Mono-NC,2.3809268,0.0
HLA-B,HLA-B,3.013114,0.9933920704845814,LILRB2,LILRB2,1.7463557,1.0,TRM,Mono-NC,2.3797348,0.0
B2M,B2M,4.31848,1.0,CD1A,CD1A,0.43510064,0.34210526315789475,B,cDC2,2.3767903,0.02
HLA-A,HLA-A,3.5172474,0.9974489795918368,LILRB1,LILRB1,1.2360857,0.9242424242424242,γδ T,Mono-NC,2.3766665,0.0
VIM,VIM,2.7755787,1.0,CD44,CD44,1.9724663,0.8612334801762115,Mono-NC,TRM,2.3740225,0.0
HLA-B,HLA-B,3.1274333,1.0,CD8A,CD8A,1.6204809,0.7806122448979592,Mono-C,γδ T,2.3739572,0.0
HLA-C,HLA-C,3.000799,1.0,LILRB2,LILRB2,1.7463557,1.0,Mono-NC,Mono-NC,2.3735774,0.0
HLA-C,HLA-C,3.507225,1.0,LILRB1,LILRB1,1.2360857,0.9242424242424242,Treg,Mono-NC,2.3716555,0.0
HLA-B,HLA-B,3.013114,0.9933920704845814,CD3D,CD3D,1.7265168,0.7703081232492998,TRM,CD4 T,2.3698153,0.0
VIM,VIM,3.4086912,0.9935691318327974,CD44,CD44,1.3308253,0.8148148148148148,Mono-C,Treg,2.3697581,0.0
HLA-B,HLA-B,2.9927983,1.0,LILRB2,LILRB2,1.7463557,1.0,Mono-NC,Mono-NC,2.369577,0.0
HLA-DRA,HLA-DRA,3.9363766,0.9955947136563876,CD4,CD4,0.8007195,0.7290748898678414,TRM,TRM,2.368548,0.0
RPS19,RPS19,3.8207862,1.0,C5AR1,C5AR1,0.9142223,0.6752411575562701,cDC2,Mono-C,2.3675044,0.0
HLA-C,HLA-C,3.8813217,1.0,LILRA1,LILRA1,0.848199,0.8181818181818182,NK-CD16+,Mono-NC,2.3647604,0.0
CD14,CD14,2.6164467,0.9559471365638766,ITGB2,ITGB2,2.1123059,0.9646302250803859,TRM,Mono-C,2.3643763,0.0
S100A9,S100A9,2.8765604,0.775330396475771,ITGB2,ITGB2,1.8520461,0.941908713692946,TRM,NK-CD16+,2.3643034,0.0
HLA-A,HLA-A,2.9807122,0.988795518207283,LILRB2,LILRB2,1.7463557,1.0,CD4 T,Mono-NC,2.363534,0.0
LGALS1,LGALS1,2.4424744,0.9172932330827067,PTPRC,PTPRC,2.281296,0.9839228295819936,cDC2,Mono-C,2.361885,0.0
HLA-A,HLA-A,3.4756718,1.0,APLP2,APLP2,1.2446061,0.9393939393939394,NK-CD16+,Mono-NC,2.360139,0.0
HLA-B,HLA-B,2.9927983,1.0,CD3D,CD3D,1.7265168,0.7703081232492998,Mono-NC,CD4 T,2.3596575,0.0
HLA-A,HLA-A,2.9714544,0.9814241486068112,LILRB2,LILRB2,1.7463557,1.0,NK-CD16-,Mono-NC,2.358905,0.0
LGALS1,LGALS1,2.4346786,1.0,PTPRC,PTPRC,2.281296,0.9839228295819936,Mono-NC,Mono-C,2.3579874,0.0
HLA-C,HLA-C,3.8813217,1.0,CD8A,CD8A,0.8343133,0.46887966804979253,NK-CD16+,NK-CD16+,2.3578174,0.0
RPS19,RPS19,3.8004727,0.9984520123839009,C5AR1,C5AR1,0.9142223,0.6752411575562701,NK-CD16-,Mono-C,2.3573475,0.0
HLA-A,HLA-A,3.4756718,1.0,LILRB1,LILRB1,1.2360857,0.9242424242424242,NK-CD16+,Mono-NC,2.3558788,0.0
LGALS1,LGALS1,2.429435,0.9807073954983923,PTPRC,PTPRC,2.281296,0.9839228295819936,Mono-C,Mono-C,2.3553655,0.0
HLA-B,HLA-B,3.4723597,1.0,LILRB1,LILRB1,1.2360857,0.9242424242424242,NK-CD16+,Mono-NC,2.3542228,0.0
TNFSF13B,TNFSF13B,1.3735859,0.86,HLA-DPB1,HLA-DPB1,3.3348026,1.0,CD8 T,B,2.3541942,0.0
S100A8,S100A8,4.1858444,0.9967845659163987,CD69,CD69,0.5164226,0.36099585062240663,Mono-C,NK-CD16+,2.3511336,0.0
S100A8,S100A8,4.1858444,0.9967845659163987,TLR4,TLR4,0.51519525,0.6060606060606061,Mono-C,Mono-NC,2.35052,0.0
HLA-B,HLA-B,3.4639976,1.0,LILRB1,LILRB1,1.2360857,0.9242424242424242,Treg,Mono-NC,2.3500416,0.0
HLA-DRA,HLA-DRA,3.9363766,0.9955947136563876,CD4,CD4,0.7606554,0.6428571428571429,TRM,cDC2,2.348516,0.0
LGALS1,LGALS1,2.4146504,0.933920704845815,PTPRC,PTPRC,2.281296,0.9839228295819936,TRM,Mono-C,2.3479733,0.0
CD14,CD14,2.6164467,0.9559471365638766,ITGB2,ITGB2,2.077828,1.0,TRM,Mono-NC,2.3471375,0.0
RPS19,RPS19,3.4855356,1.0,C5AR1,C5AR1,1.2045323,0.9242424242424242,CD8 T,Mono-NC,2.345034,0.0
S100A9,S100A9,2.8765604,0.775330396475771,CD68,CD68,1.8073629,0.947136563876652,TRM,TRM,2.3419616,0.0
RPS19,RPS19,3.7671537,0.9923469387755102,C5AR1,C5AR1,0.9142223,0.6752411575562701,γδ T,Mono-C,2.340688,0.0
TNFSF13B,TNFSF13B,0.5918427,0.5616740088105727,HLA-DPB1,HLA-DPB1,4.085288,0.9924812030075187,TRM,cDC2,2.3385653,0.0
HLA-A,HLA-A,2.9807122,0.988795518207283,APLP2,APLP2,1.693923,0.920704845814978,CD4 T,TRM,2.3373175,0.0
HLA-DPA1,HLA-DPA1,4.1088333,0.981203007518797,LAG3,LAG3,0.5634088,0.41836734693877553,cDC2,γδ T,2.336121,0.0
HLA-C,HLA-C,2.9255548,1.0,LILRB2,LILRB2,1.7463557,1.0,B,Mono-NC,2.3359551,0.0
HLA-A,HLA-A,2.9714544,0.9814241486068112,APLP2,APLP2,1.693923,0.920704845814978,NK-CD16-,TRM,2.3326888,0.0
HLA-B,HLA-B,3.426832,0.9948979591836735,LILRB1,LILRB1,1.2360857,0.9242424242424242,γδ T,Mono-NC,2.3314588,0.0
RPS19,RPS19,3.4855356,1.0,C5AR1,C5AR1,1.1721296,0.7180616740088106,CD8 T,TRM,2.3288326,0.0
HLA-A,HLA-A,2.8019953,1.0,APLP2,APLP2,1.8513042,0.9710610932475884,CD8 T,Mono-C,2.3266497,0.0
HLA-E,HLA-E,2.7714274,0.991701244813278,KLRD1,KLRC1_KLRD1,1.8809955,0.8513931888544891,NK-CD16+,NK-CD16-,2.3262115,0.0
HLA-B,HLA-B,2.9044526,1.0,LILRB2,LILRB2,1.7463557,1.0,B,Mono-NC,2.3254042,0.0
HLA-DPB1,HLA-DPB1,4.085288,0.9924812030075187,LAG3,LAG3,0.5634088,0.41836734693877553,cDC2,γδ T,2.3243484,0.0
S100A8,S100A8,4.1858444,0.9967845659163987,CD69,CD69,0.46147123,0.37037037037037035,Mono-C,Treg,2.3236578,0.0
HLA-DRA,HLA-DRA,4.076727,1.0,LAG3,LAG3,0.5634088,0.41836734693877553,B,γδ T,2.320068,0.0
COPA,COPA,0.604816,0.6045016077170418,CD74,CD74,4.0347056,1.0,Mono-C,B,2.3197608,0.0
HLA-C,HLA-C,2.8911917,0.9903536977491961,LILRB2,LILRB2,1.7463557,1.0,Mono-C,Mono-NC,2.3187737,0.0
HLA-B,HLA-B,3.4011884,1.0,LILRB1,LILRB1,1.2360857,0.9242424242424242,CD8 T,Mono-NC,2.318637,0.0
COPA,COPA,0.42108074,0.5303030303030303,CD74,CD74,4.2146006,0.9774436090225563,Mono-NC,cDC2,2.3178406,0.0
HLA-B,HLA-B,3.013114,0.9933920704845814,CD8A,CD8A,1.6204809,0.7806122448979592,TRM,γδ T,2.3167975,0.0
S100A9,S100A9,2.8765604,0.775330396475771,ITGB2,ITGB2,1.7561089,0.933920704845815,TRM,TRM,2.3163347,0.0
HLA-B,HLA-B,2.9044526,1.0,CD3D,CD3D,1.7265168,0.7703081232492998,B,CD4 T,2.3154848,0.0
TIMP1,TIMP1,2.8785126,0.8964757709251101,CD63,CD63,1.7522402,0.8421052631578947,TRM,cDC2,2.3153763,0.0
HLA-A,HLA-A,3.7315445,1.0,LILRB2,LILRB2,0.89341325,0.7268722466960352,Treg,TRM,2.3124788,0.0
HLA-B,HLA-B,3.4723597,1.0,CD3D,CD3D,1.1519443,0.48132780082987553,NK-CD16+,NK-CD16+,2.312152,0.0
HLA-C,HLA-C,3.000799,1.0,CD8A,CD8A,1.6204809,0.7806122448979592,Mono-NC,γδ T,2.3106399,0.0
HLA-B,HLA-B,3.4639976,1.0,CD3D,CD3D,1.1519443,0.48132780082987553,Treg,NK-CD16+,2.307971,0.0
HLA-A,HLA-A,2.7621684,0.9967845659163987,APLP2,APLP2,1.8513042,0.9710610932475884,Mono-C,Mono-C,2.3067362,0.0
HLA-B,HLA-B,2.9927983,1.0,CD8A,CD8A,1.6204809,0.7806122448979592,Mono-NC,γδ T,2.3066397,0.0
HLA-A,HLA-A,3.5172474,0.9974489795918368,CD8B,CD8B,1.0948339,0.6658163265306123,γδ T,γδ T,2.3060408,0.0
RPS19,RPS19,3.6939988,1.0,C5AR1,C5AR1,0.9142223,0.6752411575562701,Treg,Mono-C,2.3041105,0.0
HLA-C,HLA-C,3.712681,1.0,LILRB2,LILRB2,0.89341325,0.7268722466960352,γδ T,TRM,2.3030472,0.0
HLA-A,HLA-A,2.7541637,0.9845814977973568,APLP2,APLP2,1.8513042,0.9710610932475884,TRM,Mono-C,2.302734,0.0
S100A8,S100A8,4.1858444,0.9967845659163987,CD36,CD36,0.41850236,0.4393939393939394,Mono-C,Mono-NC,2.3021734,0.0
HLA-C,HLA-C,3.507225,1.0,CD8B,CD8B,1.0948339,0.6658163265306123,Treg,γδ T,2.3010294,0.0
HLA-A,HLA-A,2.9807122,0.988795518207283,CD8A,CD8A,1.6204809,0.7806122448979592,CD4 T,γδ T,2.3005965,0.0
APP,APP,0.3850643,0.34,CD74,CD74,4.2146006,0.9774436090225563,CD8 T,cDC2,2.2998323,0.0
LTB,LTB,3.6214523,1.0,TNFRSF1A,TNFRSF1A,0.9779132,0.8039647577092511,CD8 T,TRM,2.2996829,0.0
COPA,COPA,0.56071466,0.6299559471365639,CD74,CD74,4.0347056,1.0,TRM,B,2.2977102,0.0
COPA,COPA,0.38063884,0.37037037037037035,CD74,CD74,4.2146006,0.9774436090225563,Treg,cDC2,2.2976198,0.0
HLA-C,HLA-C,2.8488104,0.9889867841409692,LILRB2,LILRB2,1.7463557,1.0,TRM,Mono-NC,2.297583,0.0
HLA-A,HLA-A,2.9714544,0.9814241486068112,CD8A,CD8A,1.6204809,0.7806122448979592,NK-CD16-,γδ T,2.2959676,0.0
S100A8,S100A8,4.1858444,0.9967845659163987,TLR4,TLR4,0.40018338,0.4977973568281938,Mono-C,TRM,2.2930138,0.0
VIM,VIM,3.2551064,0.9581497797356828,CD44,CD44,1.3308253,0.8148148148148148,TRM,Treg,2.292966,0.0
VCAN,VCAN,2.9436893,0.9903536977491961,CD44,CD44,1.6401936,1.0,Mono-C,Mono-NC,2.2919414,0.0
S100A9,S100A9,2.8765604,0.775330396475771,ITGB2,ITGB2,1.7057548,0.8458646616541353,TRM,cDC2,2.2911577,0.0
HLA-A,HLA-A,3.7315445,1.0,LILRA1,LILRA1,0.848199,0.8181818181818182,Treg,Mono-NC,2.2898717,0.0
HLA-B,HLA-B,3.426832,0.9948979591836735,CD3D,CD3D,1.1519443,0.48132780082987553,γδ T,NK-CD16+,2.2893882,0.0
APP,APP,0.36090353,0.41479099678456594,CD74,CD74,4.2146006,0.9774436090225563,Mono-C,cDC2,2.2877522,0.0
HLA-A,HLA-A,3.4756718,1.0,CD8B,CD8B,1.0948339,0.6658163265306123,NK-CD16+,γδ T,2.2852528,0.0
S100A8,S100A8,4.1858444,0.9967845659163987,CD36,CD36,0.38347962,0.35462555066079293,Mono-C,TRM,2.284662,0.0
HLA-A,HLA-A,3.5172474,0.9974489795918368,LILRB2,LILRB2,1.0501987,0.7909967845659164,γδ T,Mono-C,2.283723,0.0
HLA-B,HLA-B,3.4723597,1.0,CD8B,CD8B,1.0948339,0.6658163265306123,NK-CD16+,γδ T,2.2835968,0.0
HLA-A,HLA-A,3.7315445,1.0,CD8A,CD8A,0.8343133,0.46887966804979253,Treg,NK-CD16+,2.282929,0.0
HLA-C,HLA-C,3.712681,1.0,LILRA1,LILRA1,0.848199,0.8181818181818182,γδ T,Mono-NC,2.28044,0.0
LGALS1,LGALS1,2.4424744,0.9172932330827067,PTPRC,PTPRC,2.1173134,0.9629629629629629,cDC2,Treg,2.2798939,0.0
HLA-B,HLA-B,3.4639976,1.0,CD8B,CD8B,1.0948339,0.6658163265306123,Treg,γδ T,2.2794156,0.0
HLA-C,HLA-C,3.507225,1.0,LILRB2,LILRB2,1.0501987,0.7909967845659164,Treg,Mono-C,2.2787118,0.0
S100A8,S100A8,4.1858444,0.9967845659163987,ITGB2,ITGB2,0.37066454,0.3233082706766917,Mono-C,B,2.2782545,0.0
TIMP1,TIMP1,2.8785126,0.8964757709251101,CD63,CD63,1.6769781,0.8921161825726142,TRM,NK-CD16+,2.2777452,0.0
HLA-B,HLA-B,3.4011884,1.0,CD3D,CD3D,1.1519443,0.48132780082987553,CD8 T,NK-CD16+,2.2765663,0.0
LGALS1,LGALS1,2.4346786,1.0,PTPRC,PTPRC,2.1173134,0.9629629629629629,Mono-NC,Treg,2.275996,0.0
HLA-A,HLA-A,2.8019953,1.0,LILRB2,LILRB2,1.7463557,1.0,CD8 T,Mono-NC,2.2741754,0.0
HLA-C,HLA-C,3.712681,1.0,CD8A,CD8A,0.8343133,0.46887966804979253,γδ T,NK-CD16+,2.273497,0.0
LGALS1,LGALS1,2.429435,0.9807073954983923,PTPRC,PTPRC,2.1173134,0.9629629629629629,Mono-C,Treg,2.273374,0.0
HLA-C,HLA-C,2.9255548,1.0,CD8A,CD8A,1.6204809,0.7806122448979592,B,γδ T,2.273018,0.0
S100A9,S100A9,2.4333746,0.9393939393939394,ITGB2,ITGB2,2.1123059,0.9646302250803859,Mono-NC,Mono-C,2.2728403,0.0
S100A9,S100A9,2.8765604,0.775330396475771,CD68,CD68,1.6607586,0.9545454545454546,TRM,Mono-NC,2.2686596,0.0
S100A8,S100A8,4.1858444,0.9967845659163987,CD69,CD69,0.35035554,0.2932330827067669,Mono-C,B,2.2681,0.0
RPS19,RPS19,3.6196117,0.995850622406639,C5AR1,C5AR1,0.9142223,0.6752411575562701,NK-CD16+,Mono-C,2.266917,0.0
CCL5,CCL5,3.6524951,0.9923469387755102,CCR1,CCR1,0.880954,0.7224669603524229,γδ T,TRM,2.2667246,0.0
LGALS1,LGALS1,2.4146504,0.933920704845815,PTPRC,PTPRC,2.1173134,0.9629629629629629,TRM,Treg,2.265982,0.0
HMGB1,HMGB1,1.9818271,1.0,CXCR4,CXCR4,2.5478263,0.8,Treg,CD8 T,2.2648268,0.0
HLA-A,HLA-A,3.4756718,1.0,LILRB2,LILRB2,1.0501987,0.7909967845659164,NK-CD16+,Mono-C,2.2629352,0.0
HLA-B,HLA-B,2.9044526,1.0,CD8A,CD8A,1.6204809,0.7806122448979592,B,γδ T,2.2624667,0.0
HLA-B,HLA-B,3.4723597,1.0,LILRB2,LILRB2,1.0501987,0.7909967845659164,NK-CD16+,Mono-C,2.261279,0.0
HLA-B,HLA-B,3.426832,0.9948979591836735,CD8B,CD8B,1.0948339,0.6658163265306123,γδ T,γδ T,2.2608328,0.0
TNFSF13B,TNFSF13B,0.4346889,0.28291316526610644,HLA-DPB1,HLA-DPB1,4.085288,0.9924812030075187,CD4 T,cDC2,2.2599885,0.0
HLA-C,HLA-C,3.2823513,0.9891640866873065,LILRB1,LILRB1,1.2360857,0.9242424242424242,NK-CD16-,Mono-NC,2.2592185,0.0
APP,APP,0.30374342,0.41409691629955947,CD74,CD74,4.2146006,0.9774436090225563,TRM,cDC2,2.259172,0.0
HLA-C,HLA-C,3.8813217,1.0,LILRB1,LILRB1,0.6366831,0.6141479099678456,NK-CD16+,Mono-C,2.2590024,0.0
HLA-A,HLA-A,2.665314,0.9924812030075187,APLP2,APLP2,1.8513042,0.9710610932475884,B,Mono-C,2.2583091,0.0
HLA-B,HLA-B,3.4639976,1.0,LILRB2,LILRB2,1.0501987,0.7909967845659164,Treg,Mono-C,2.2570982,0.0
HLA-C,HLA-C,2.8911917,0.9903536977491961,CD8A,CD8A,1.6204809,0.7806122448979592,Mono-C,γδ T,2.2558362,0.0
S100A9,S100A9,2.4333746,0.9393939393939394,ITGB2,ITGB2,2.077828,1.0,Mono-NC,Mono-NC,2.2556014,0.0
TNFSF13B,TNFSF13B,0.42461497,0.4699248120300752,HLA-DPB1,HLA-DPB1,4.085288,0.9924812030075187,cDC2,cDC2,2.2549515,0.0
HLA-A,HLA-A,2.7621684,0.9967845659163987,LILRB2,LILRB2,1.7463557,1.0,Mono-C,Mono-NC,2.254262,0.0
HMGB1,HMGB1,1.957732,0.9413265306122449,CXCR4,CXCR4,2.5478263,0.8,γδ T,CD8 T,2.252779,0.0
HLA-C,HLA-C,3.2688797,0.988795518207283,LILRB1,LILRB1,1.2360857,0.9242424242424242,CD4 T,Mono-NC,2.2524827,0.0
HLA-A,HLA-A,2.7541637,0.9845814977973568,LILRB2,LILRB2,1.7463557,1.0,TRM,Mono-NC,2.2502596,0.0
VIM,VIM,3.1690266,0.981203007518797,CD44,CD44,1.3308253,0.8148148148148148,cDC2,Treg,2.249926,0.0
HLA-DRA,HLA-DRA,3.9363766,0.9955947136563876,LAG3,LAG3,0.5634088,0.41836734693877553,TRM,γδ T,2.2498927,0.0
COPA,COPA,0.282007,0.40225563909774437,CD74,CD74,4.2146006,0.9774436090225563,cDC2,cDC2,2.248304,0.0
HLA-B,HLA-B,3.4011884,1.0,CD8B,CD8B,1.0948339,0.6658163265306123,CD8 T,γδ T,2.248011,0.0
HLA-A,HLA-A,2.8019953,1.0,APLP2,APLP2,1.693923,0.920704845814978,CD8 T,TRM,2.2479591,0.0
HLA-C,HLA-C,3.2565622,1.0,LILRB1,LILRB1,1.2360857,0.9242424242424242,CD8 T,Mono-NC,2.246324,0.0
VIM,VIM,3.4086912,0.9935691318327974,CD44,CD44,1.0796558,0.7254901960784313,Mono-C,CD4 T,2.2441735,0.0
HLA-B,HLA-B,3.2511985,0.9891640866873065,LILRB1,LILRB1,1.2360857,0.9242424242424242,NK-CD16-,Mono-NC,2.243642,0.0
COPA,COPA,0.27266708,0.24489795918367346,CD74,CD74,4.2146006,0.9774436090225563,γδ T,cDC2,2.2436337,0.0
COPA,COPA,0.2675144,0.22406639004149378,CD74,CD74,4.2146006,0.9774436090225563,NK-CD16+,cDC2,2.2410574,0.0
VIM,VIM,2.4598093,0.9540816326530612,CD44,CD44,2.020819,0.977491961414791,γδ T,Mono-C,2.240314,0.0
VIM,VIM,3.4086912,0.9935691318327974,CD44,CD44,1.0712655,0.6658163265306123,Mono-C,γδ T,2.2399783,0.0
HLA-B,HLA-B,3.426832,0.9948979591836735,LILRB2,LILRB2,1.0501987,0.7909967845659164,γδ T,Mono-C,2.2385154,0.0
HLA-C,HLA-C,2.8488104,0.9889867841409692,CD8A,CD8A,1.6204809,0.7806122448979592,TRM,γδ T,2.2346456,0.0
CD14,CD14,2.6164467,0.9559471365638766,ITGB2,ITGB2,1.8520461,0.941908713692946,TRM,NK-CD16+,2.2342465,0.0
TIMP1,TIMP1,2.8785126,0.8964757709251101,CD63,CD63,1.5867006,0.8469387755102041,TRM,γδ T,2.2326066,0.0
LTB,LTB,3.6214523,1.0,CD40,CD40,0.8423143,0.631578947368421,CD8 T,B,2.2318833,0.0
HLA-A,HLA-A,2.7621684,0.9967845659163987,APLP2,APLP2,1.693923,0.920704845814978,Mono-C,TRM,2.2280457,0.0
TNFSF13B,TNFSF13B,1.1212561,0.8167202572347267,HLA-DPB1,HLA-DPB1,3.3348026,1.0,Mono-C,B,2.2280293,0.0
COPA,COPA,0.42108074,0.5303030303030303,CD74,CD74,4.0347056,1.0,Mono-NC,B,2.227893,0.0
HLA-B,HLA-B,3.4011884,1.0,LILRB2,LILRB2,1.0501987,0.7909967845659164,CD8 T,Mono-C,2.2256935,0.0
LGALS1,LGALS1,2.4424744,0.9172932330827067,PTPRC,PTPRC,2.005679,0.938375350140056,cDC2,CD4 T,2.2240767,0.0
HLA-A,HLA-A,2.7541637,0.9845814977973568,APLP2,APLP2,1.693923,0.920704845814978,TRM,TRM,2.2240434,0.0
COPA,COPA,0.23228839,0.19659442724458204,CD74,CD74,4.2146006,0.9774436090225563,NK-CD16-,cDC2,2.2234445,0.0
LGALS1,LGALS1,2.4346786,1.0,PTPRC,PTPRC,2.005679,0.938375350140056,Mono-NC,CD4 T,2.2201786,0.0
HLA-DPA1,HLA-DPA1,4.1088333,0.981203007518797,CD4,CD4,0.33111274,0.2801120448179272,cDC2,CD4 T,2.219973,0.0
COPA,COPA,0.22268572,0.22556390977443608,CD74,CD74,4.2146006,0.9774436090225563,B,cDC2,2.2186432,0.0
COPA,COPA,0.22051787,0.20448179271708683,CD74,CD74,4.2146006,0.9774436090225563,CD4 T,cDC2,2.2175593,0.0
LGALS1,LGALS1,2.429435,0.9807073954983923,PTPRC,PTPRC,2.005679,0.938375350140056,Mono-C,CD4 T,2.217557,0.0
VIM,VIM,2.4598093,0.9540816326530612,CD44,CD44,1.9724663,0.8612334801762115,γδ T,TRM,2.216138,0.0
CD14,CD14,2.3152533,0.9710610932475884,ITGB2,ITGB2,2.1123059,0.9646302250803859,Mono-C,Mono-C,2.2137794,0.0
HLA-DPA1,HLA-DPA1,4.1088333,0.981203007518797,LAG3,LAG3,0.31858182,0.18518518518518517,cDC2,Treg,2.2137074,0.0
TIMP1,TIMP1,1.9573653,0.9696969696969697,CD63,CD63,2.4684656,0.9779735682819384,Mono-NC,TRM,2.2129154,0.0
S100A8,S100A8,4.1858444,0.9967845659163987,CD69,CD69,0.23701647,0.2687224669603524,Mono-C,TRM,2.2114305,0.0
LTB,LTB,3.6214523,1.0,TNFRSF1A,TNFRSF1A,0.8014042,0.7234726688102894,CD8 T,Mono-C,2.2114282,0.0
HLA-A,HLA-A,2.8019953,1.0,CD8A,CD8A,1.6204809,0.7806122448979592,CD8 T,γδ T,2.2112381,0.0
VIM,VIM,3.4086912,0.9935691318327974,CD44,CD44,1.0119845,0.7,Mono-C,CD8 T,2.2103379,0.0
LGALS1,LGALS1,2.4146504,0.933920704845815,PTPRC,PTPRC,2.005679,0.938375350140056,TRM,CD4 T,2.2101645,0.0
APP,APP,0.3850643,0.34,CD74,CD74,4.0347056,1.0,CD8 T,B,2.209885,0.0
HLA-DPB1,HLA-DPB1,4.085288,0.9924812030075187,CD4,CD4,0.33111274,0.2801120448179272,cDC2,CD4 T,2.2082005,0.0
VIM,VIM,2.7755787,1.0,CD44,CD44,1.6401936,1.0,Mono-NC,Mono-NC,2.2078862,0.0
COPA,COPA,0.38063884,0.37037037037037035,CD74,CD74,4.0347056,1.0,Treg,B,2.207672,0.0
CD48,CD48,1.9030787,0.9696969696969697,CD2,CD2,2.5105412,1.0,Mono-NC,Treg,2.20681,0.0
HLA-A,HLA-A,2.665314,0.9924812030075187,LILRB2,LILRB2,1.7463557,1.0,B,Mono-NC,2.2058349,0.0
CCL5,CCL5,3.529819,0.955108359133127,CCR1,CCR1,0.880954,0.7224669603524229,NK-CD16-,TRM,2.2053866,0.0
HLA-A,HLA-A,3.5172474,0.9974489795918368,LILRB2,LILRB2,0.89341325,0.7268722466960352,γδ T,TRM,2.2053304,0.0
COPA,COPA,0.19432183,0.16,CD74,CD74,4.2146006,0.9774436090225563,CD8 T,cDC2,2.204461,0.0
HLA-E,HLA-E,2.5274863,0.9872448979591837,KLRD1,KLRC1_KLRD1,1.8809955,0.8513931888544891,γδ T,NK-CD16-,2.2042408,0.0
HLA-DRA,HLA-DRA,4.076727,1.0,CD4,CD4,0.33111274,0.2801120448179272,B,CD4 T,2.20392,0.0
HLA-DPB1,HLA-DPB1,4.085288,0.9924812030075187,LAG3,LAG3,0.31858182,0.18518518518518517,cDC2,Treg,2.2019348,0.0
HLA-B,HLA-B,3.2511985,0.9891640866873065,CD3D,CD3D,1.1519443,0.48132780082987553,NK-CD16-,NK-CD16+,2.2015715,0.0
HLA-C,HLA-C,3.507225,1.0,LILRB2,LILRB2,0.89341325,0.7268722466960352,Treg,TRM,2.200319,0.0
RPS19,RPS19,3.4855356,1.0,C5AR1,C5AR1,0.9142223,0.6752411575562701,CD8 T,Mono-C,2.199879,0.0
APP,APP,0.36090353,0.41479099678456594,CD74,CD74,4.0347056,1.0,Mono-C,B,2.1978047,0.0
HLA-DRA,HLA-DRA,4.076727,1.0,LAG3,LAG3,0.31858182,0.18518518518518517,B,Treg,2.1976542,0.0
HLA-DPB1,HLA-DPB1,3.3348026,1.0,CD4,CD4,1.0583234,0.7037037037037037,B,Treg,2.196563,0.0
CD14,CD14,2.3152533,0.9710610932475884,ITGB2,ITGB2,2.077828,1.0,Mono-C,Mono-NC,2.1965406,0.0
S100A8,S100A8,4.1858444,0.9967845659163987,ITGB2,ITGB2,0.206161,0.18,Mono-C,CD8 T,2.1960027,0.0
HLA-E,HLA-E,2.7714274,0.991701244813278,CD8A,CD8A,1.6204809,0.7806122448979592,NK-CD16+,γδ T,2.195954,0.0
HLA-C,HLA-C,3.8813217,1.0,CD8B,CD8B,0.51036483,0.3153526970954357,NK-CD16+,NK-CD16+,2.1958432,0.0
HLA-B,HLA-B,3.1520638,0.988795518207283,LILRB1,LILRB1,1.2360857,0.9242424242424242,CD4 T,Mono-NC,2.1940746,0.0
HLA-A,HLA-A,2.7621684,0.9967845659163987,CD8A,CD8A,1.6204809,0.7806122448979592,Mono-C,γδ T,2.1913247,0.0
APP,APP,0.16368459,0.24242424242424243,CD74,CD74,4.2146006,0.9774436090225563,Mono-NC,cDC2,2.1891425,0.0
HMGB1,HMGB1,1.8302479,0.8458646616541353,CXCR4,CXCR4,2.5478263,0.8,cDC2,CD8 T,2.189037,0.0
HLA-C,HLA-C,3.2823513,0.9891640866873065,CD8B,CD8B,1.0948339,0.6658163265306123,NK-CD16-,γδ T,2.1885924,0.0
HLA-A,HLA-A,2.7541637,0.9845814977973568,CD8A,CD8A,1.6204809,0.7806122448979592,TRM,γδ T,2.1873224,0.0
VIM,VIM,2.3532538,1.0,CD44,CD44,2.020819,0.977491961414791,Treg,Mono-C,2.1870365,0.0
CD14,CD14,2.6164467,0.9559471365638766,ITGB2,ITGB2,1.7561089,0.933920704845815,TRM,TRM,2.1862779,0.0
HLA-A,HLA-A,3.4756718,1.0,LILRB2,LILRB2,0.89341325,0.7268722466960352,NK-CD16+,TRM,2.1845424,0.0
HLA-A,HLA-A,3.7315445,1.0,LILRB1,LILRB1,0.6366831,0.6141479099678456,Treg,Mono-C,2.1841137,0.0
HLA-C,HLA-C,3.8813217,1.0,LILRB1,LILRB1,0.48631135,0.5176211453744494,NK-CD16+,TRM,2.1838164,0.0
HLA-B,HLA-B,3.4723597,1.0,LILRB2,LILRB2,0.89341325,0.7268722466960352,NK-CD16+,TRM,2.1828864,0.0
HLA-A,HLA-A,3.5172474,0.9974489795918368,LILRA1,LILRA1,0.848199,0.8181818181818182,γδ T,Mono-NC,2.1827233,0.0
HLA-C,HLA-C,3.2688797,0.988795518207283,CD8B,CD8B,1.0948339,0.6658163265306123,CD4 T,γδ T,2.1818566,0.0
HLA-B,HLA-B,3.1274333,1.0,LILRB1,LILRB1,1.2360857,0.9242424242424242,Mono-C,Mono-NC,2.1817594,0.0
CCL5,CCL5,3.6524951,0.9923469387755102,CCR1,CCR1,0.708821,0.639871382636656,γδ T,Mono-C,2.180658,0.0
HLA-A,HLA-A,2.665314,0.9924812030075187,APLP2,APLP2,1.693923,0.920704845814978,B,TRM,2.1796184,0.0
HLA-C,HLA-C,3.8813217,1.0,LILRA1,LILRA1,0.47775728,0.5080385852090032,NK-CD16+,Mono-C,2.1795394,0.0
HLA-B,HLA-B,3.4723597,1.0,KLRD1,KLRD1,0.88571304,0.4846938775510204,NK-CD16+,γδ T,2.1790364,0.0
HLA-B,HLA-B,3.4639976,1.0,LILRB2,LILRB2,0.89341325,0.7268722466960352,Treg,TRM,2.1787055,0.0
APP,APP,0.14175355,0.15037593984962405,CD74,CD74,4.2146006,0.9774436090225563,B,cDC2,2.178177,0.0
HLA-C,HLA-C,3.507225,1.0,LILRA1,LILRA1,0.848199,0.8181818181818182,Treg,Mono-NC,2.177712,0.0
APP,APP,0.14060517,0.22556390977443608,CD74,CD74,4.2146006,0.9774436090225563,cDC2,cDC2,2.1776028,0.0
HLA-A,HLA-A,3.5172474,0.9974489795918368,CD8A,CD8A,0.8343133,0.46887966804979253,γδ T,NK-CD16+,2.1757803,0.0
HLA-C,HLA-C,3.2565622,1.0,CD8B,CD8B,1.0948339,0.6658163265306123,CD8 T,γδ T,2.175698,0.0
HLA-B,HLA-B,3.4639976,1.0,KLRD1,KLRD1,0.88571304,0.4846938775510204,Treg,γδ T,2.1748552,0.0
HLA-DPA1,HLA-DPA1,4.1088333,0.981203007518797,LAG3,LAG3,0.24067335,0.2074688796680498,cDC2,NK-CD16+,2.1747534,0.0
HLA-C,HLA-C,3.712681,1.0,LILRB1,LILRB1,0.6366831,0.6141479099678456,γδ T,Mono-C,2.1746821,0.0
HMGB1,HMGB1,1.8011355,0.9377593360995851,CXCR4,CXCR4,2.5478263,0.8,NK-CD16+,CD8 T,2.174481,0.0
S100A8,S100A8,4.1858444,0.9967845659163987,TLR4,TLR4,0.1623037,0.2781954887218045,Mono-C,cDC2,2.1740742,0.0
HLA-B,HLA-B,3.2511985,0.9891640866873065,CD8B,CD8B,1.0948339,0.6658163265306123,NK-CD16-,γδ T,2.173016,0.0
HLA-C,HLA-C,3.507225,1.0,CD8A,CD8A,0.8343133,0.46887966804979253,Treg,NK-CD16+,2.1707692,0.0
CD48,CD48,1.9030787,0.9696969696969697,CD2,CD2,2.437096,0.9056122448979592,Mono-NC,γδ T,2.1700873,0.0
APP,APP,0.30374342,0.41409691629955947,CD74,CD74,4.0347056,1.0,TRM,B,2.1692245,0.0
HMGB1,HMGB1,1.7899321,0.8962848297213623,CXCR4,CXCR4,2.5478263,0.8,NK-CD16-,CD8 T,2.1688793,0.0
VIM,VIM,3.2551064,0.9581497797356828,CD44,CD44,1.0796558,0.7254901960784313,TRM,CD4 T,2.167381,0.0
RPS19,RPS19,3.129516,0.9977973568281938,C5AR1,C5AR1,1.2045323,0.9242424242424242,TRM,Mono-NC,2.1670241,0.0
S100A9,S100A9,2.8765604,0.775330396475771,CD68,CD68,1.4572712,0.9035369774919614,TRM,Mono-C,2.166916,0.0
HLA-C,HLA-C,3.2823513,0.9891640866873065,LILRB2,LILRB2,1.0501987,0.7909967845659164,NK-CD16-,Mono-C,2.166275,0.0
HLA-A,HLA-A,2.480993,1.0,APLP2,APLP2,1.8513042,0.9710610932475884,Mono-NC,Mono-C,2.1661487,0.0
CCL5,CCL5,3.6524951,0.9923469387755102,CXCR3,CXCR3,0.67741656,0.4923469387755102,γδ T,γδ T,2.1649559,0.0
VIM,VIM,3.2551064,0.9581497797356828,CD44,CD44,1.0712655,0.6658163265306123,TRM,γδ T,2.163186,0.0
HLA-DPB1,HLA-DPB1,4.085288,0.9924812030075187,LAG3,LAG3,0.24067335,0.2074688796680498,cDC2,NK-CD16+,2.1629808,0.0
HLA-DRB1,HLA-DRB1,3.2675595,0.9285714285714286,CD4,CD4,1.0583234,0.7037037037037037,cDC2,Treg,2.1629415,0.0
VIM,VIM,2.3532538,1.0,CD44,CD44,1.9724663,0.8612334801762115,Treg,TRM,2.1628602,0.002
HLA-A,HLA-A,3.4756718,1.0,LILRA1,LILRA1,0.848199,0.8181818181818182,NK-CD16+,Mono-NC,2.1619353,0.0
CD14,CD14,2.6164467,0.9559471365638766,ITGB2,ITGB2,1.7057548,0.8458646616541353,TRM,cDC2,2.1611009,0.0
HMGB1,HMGB1,1.7740713,0.92,CXCR4,CXCR4,2.5478263,0.8,CD8 T,CD8 T,2.1609488,0.0
HLA-B,HLA-B,3.4723597,1.0,LILRA1,LILRA1,0.848199,0.8181818181818182,NK-CD16+,Mono-NC,2.1602793,0.0
HLA-B,HLA-B,3.426832,0.9948979591836735,LILRB2,LILRB2,0.89341325,0.7268722466960352,γδ T,TRM,2.1601226,0.0
LGALS1,LGALS1,2.4424744,0.9172932330827067,PTPRC,PTPRC,1.8769523,0.9148606811145511,cDC2,NK-CD16-,2.1597133,0.0
HLA-C,HLA-C,3.2688797,0.988795518207283,LILRB2,LILRB2,1.0501987,0.7909967845659164,CD4 T,Mono-C,2.1595392,0.0
HLA-DRA,HLA-DRA,4.076727,1.0,LAG3,LAG3,0.24067335,0.2074688796680498,B,NK-CD16+,2.1587002,0.0
COPA,COPA,0.282007,0.40225563909774437,CD74,CD74,4.0347056,1.0,cDC2,B,2.1583564,0.0
HLA-B,HLA-B,3.426832,0.9948979591836735,KLRD1,KLRD1,0.88571304,0.4846938775510204,γδ T,γδ T,2.1562724,0.0
HLA-B,HLA-B,3.4639976,1.0,LILRA1,LILRA1,0.848199,0.8181818181818182,Treg,Mono-NC,2.1560984,0.0
LGALS1,LGALS1,2.4346786,1.0,PTPRC,PTPRC,1.8769523,0.9148606811145511,Mono-NC,NK-CD16-,2.1558154,0.0
HLA-A,HLA-A,3.4756718,1.0,CD8A,CD8A,0.8343133,0.46887966804979253,NK-CD16+,NK-CD16+,2.1549926,0.0
COPA,COPA,0.27266708,0.24489795918367346,CD74,CD74,4.0347056,1.0,γδ T,B,2.1536863,0.0
NRG1,NRG1,0.22177276,0.24437299035369775,HLA-DPB1,HLA-DPB1,4.085288,0.9924812030075187,Mono-C,cDC2,2.1535304,0.0
HLA-C,HLA-C,3.2565622,1.0,LILRB2,LILRB2,1.0501987,0.7909967845659164,CD8 T,Mono-C,2.1533804,0.0
HLA-B,HLA-B,3.4723597,1.0,CD8A,CD8A,0.8343133,0.46887966804979253,NK-CD16+,NK-CD16+,2.1533365,0.0
LGALS1,LGALS1,2.429435,0.9807073954983923,PTPRC,PTPRC,1.8769523,0.9148606811145511,Mono-C,NK-CD16-,2.1531937,0.0
HLA-B,HLA-B,3.1520638,0.988795518207283,CD3D,CD3D,1.1519443,0.48132780082987553,CD4 T,NK-CD16+,2.152004,0.0
S100A8,S100A8,4.1858444,0.9967845659163987,CD36,CD36,0.11772665,0.15037593984962405,Mono-C,cDC2,2.1517856,0.0
COPA,COPA,0.2675144,0.22406639004149378,CD74,CD74,4.0347056,1.0,NK-CD16+,B,2.15111,0.0
RPS19,RPS19,3.129516,0.9977973568281938,C5AR1,C5AR1,1.1721296,0.7180616740088106,TRM,TRM,2.1508226,0.0
HLA-B,HLA-B,3.2511985,0.9891640866873065,LILRB2,LILRB2,1.0501987,0.7909967845659164,NK-CD16-,Mono-C,2.1506987,0.0
HMGB1,HMGB1,1.75128,0.9215686274509803,CXCR4,CXCR4,2.5478263,0.8,CD4 T,CD8 T,2.149553,0.0
HLA-B,HLA-B,3.4639976,1.0,CD8A,CD8A,0.8343133,0.46887966804979253,Treg,NK-CD16+,2.1491554,0.0
TIMP1,TIMP1,1.9573653,0.9696969696969697,CD63,CD63,2.3396325,0.9613003095975232,Mono-NC,NK-CD16-,2.148499,0.0
GRN,GRN,2.1633158,0.9903536977491961,TNFRSF1B,TNFRSF1B,2.1318145,1.0,Mono-C,Mono-NC,2.1475651,0.0
HLA-B,HLA-B,3.4011884,1.0,LILRB2,LILRB2,0.89341325,0.7268722466960352,CD8 T,TRM,2.1473007,0.0
HLA-DPA1,HLA-DPA1,4.1088333,0.981203007518797,LAG3,LAG3,0.1844943,0.15126050420168066,cDC2,CD4 T,2.146664,0.0
LGALS1,LGALS1,2.4146504,0.933920704845815,PTPRC,PTPRC,1.8769523,0.9148606811145511,TRM,NK-CD16-,2.1458013,0.0
VIM,VIM,3.4086912,0.9935691318327974,CD44,CD44,0.88101256,0.5712074303405573,Mono-C,NK-CD16-,2.144852,0.0
HLA-B,HLA-B,3.4011884,1.0,KLRD1,KLRD1,0.88571304,0.4846938775510204,CD8 T,γδ T,2.1434507,0.0
HLA-A,HLA-A,2.665314,0.9924812030075187,CD8A,CD8A,1.6204809,0.7806122448979592,B,γδ T,2.1428974,0.0
S100A9,S100A9,2.4333746,0.9393939393939394,ITGB2,ITGB2,1.8520461,0.941908713692946,Mono-NC,NK-CD16+,2.1427104,0.0
HMGB1,HMGB1,1.7357348,0.9548872180451128,CXCR4,CXCR4,2.5478263,0.8,B,CD8 T,2.1417806,0.0
HLA-DPB1,HLA-DPB1,3.3348026,1.0,CD4,CD4,0.9452533,0.8484848484848485,B,Mono-NC,2.140028,0.0
HLA-B,HLA-B,3.1274333,1.0,CD3D,CD3D,1.1519443,0.48132780082987553,Mono-C,NK-CD16+,2.1396887,0.0
LGALS1,LGALS1,2.4424744,0.9172932330827067,CD69,CD69,1.8365906,0.82,cDC2,CD8 T,2.1395326,0.0
HLA-B,HLA-B,3.426832,0.9948979591836735,LILRA1,LILRA1,0.848199,0.8181818181818182,γδ T,Mono-NC,2.1375155,0.0
VCAN,VCAN,2.9436893,0.9903536977491961,CD44,CD44,1.3308253,0.8148148148148148,Mono-C,Treg,2.1372573,0.0
LGALS1,LGALS1,2.4346786,1.0,CD69,CD69,1.8365906,0.82,Mono-NC,CD8 T,2.1356347,0.0
TIMP1,TIMP1,2.8785126,0.8964757709251101,CD63,CD63,1.3925025,0.887459807073955,TRM,Mono-C,2.1355076,0.0
HLA-E,HLA-E,2.3889177,1.0,KLRD1,KLRC1_KLRD1,1.8809955,0.8513931888544891,Treg,NK-CD16-,2.1349566,0.0
HLA-DPB1,HLA-DPB1,4.085288,0.9924812030075187,LAG3,LAG3,0.1844943,0.15126050420168066,cDC2,CD4 T,2.1348913,0.0
HLA-DRA,HLA-DRA,3.9363766,0.9955947136563876,CD4,CD4,0.33111274,0.2801120448179272,TRM,CD4 T,2.1337447,0.0
VIM,VIM,3.2551064,0.9581497797356828,CD44,CD44,1.0119845,0.7,TRM,CD8 T,2.1335454,0.001
COPA,COPA,0.23228839,0.19659442724458204,CD74,CD74,4.0347056,1.0,NK-CD16-,B,2.133497,0.0
LGALS1,LGALS1,2.429435,0.9807073954983923,CD69,CD69,1.8365906,0.82,Mono-C,CD8 T,2.1330128,0.0
HLA-DRA,HLA-DRA,4.076727,1.0,LAG3,LAG3,0.1844943,0.15126050420168066,B,CD4 T,2.1306107,0.0
HLA-B,HLA-B,3.426832,0.9948979591836735,CD8A,CD8A,0.8343133,0.46887966804979253,γδ T,NK-CD16+,2.1305726,0.0
COPA,COPA,0.22268572,0.22556390977443608,CD74,CD74,4.0347056,1.0,B,B,2.1286957,0.0
COPA,COPA,0.22051787,0.20448179271708683,CD74,CD74,4.0347056,1.0,CD4 T,B,2.1276116,0.0
HLA-DRA,HLA-DRA,3.9363766,0.9955947136563876,LAG3,LAG3,0.31858182,0.18518518518518517,TRM,Treg,2.127479,0.0
HMGB1,HMGB1,1.7054685,0.9485530546623794,CXCR4,CXCR4,2.5478263,0.8,Mono-C,CD8 T,2.1266475,0.0
VIM,VIM,2.230471,0.9327731092436975,CD44,CD44,2.020819,0.977491961414791,CD4 T,Mono-C,2.125645,0.0
LGALS1,LGALS1,2.4146504,0.933920704845815,CD69,CD69,1.8365906,0.82,TRM,CD8 T,2.1256206,0.0
HLA-B,HLA-B,3.4011884,1.0,LILRA1,LILRA1,0.848199,0.8181818181818182,CD8 T,Mono-NC,2.1246936,0.0
HLA-B,HLA-B,3.013114,0.9933920704845814,LILRB1,LILRB1,1.2360857,0.9242424242424242,TRM,Mono-NC,2.1246,0.0
VIM,VIM,3.1690266,0.981203007518797,CD44,CD44,1.0796558,0.7254901960784313,cDC2,CD4 T,2.1243412,0.0
HLA-B,HLA-B,2.3669298,0.8834586466165414,KLRD1,KLRD1,1.8809955,0.8513931888544891,cDC2,NK-CD16-,2.1239626,0.0
HLA-B,HLA-B,3.1520638,0.988795518207283,CD8B,CD8B,1.0948339,0.6658163265306123,CD4 T,γδ T,2.1234488,0.0
HLA-A,HLA-A,3.7315445,1.0,APLP2,APLP2,0.51425284,0.5263157894736842,Treg,cDC2,2.1228986,0.0
HLA-A,HLA-A,3.7315445,1.0,CD8B,CD8B,0.51036483,0.3153526970954357,Treg,NK-CD16+,2.1209548,0.0
S100A9,S100A9,2.4333746,0.9393939393939394,CD68,CD68,1.8073629,0.947136563876652,Mono-NC,TRM,2.1203687,0.0
VIM,VIM,3.1690266,0.981203007518797,CD44,CD44,1.0712655,0.6658163265306123,cDC2,γδ T,2.120146,0.0
S100A8,S100A8,2.1279328,0.6718061674008811,ITGB2,ITGB2,2.1123059,0.9646302250803859,TRM,Mono-C,2.1201193,0.0
CCL5,CCL5,3.529819,0.955108359133127,CCR1,CCR1,0.708821,0.639871382636656,NK-CD16-,Mono-C,2.11932,0.0
TIMP1,TIMP1,2.8785126,0.8964757709251101,CD63,CD63,1.3599596,0.8636363636363636,TRM,Mono-NC,2.119236,0.0
HLA-C,HLA-C,3.000799,1.0,LILRB1,LILRB1,1.2360857,0.9242424242424242,Mono-NC,Mono-NC,2.1184423,0.0
HLA-B,HLA-B,3.4011884,1.0,CD8A,CD8A,0.8343133,0.46887966804979253,CD8 T,NK-CD16+,2.117751,0.0
S100A9,S100A9,2.8765604,0.775330396475771,CD36,CD36,1.3569703,0.8713826366559485,TRM,Mono-C,2.1167655,0.0
HMGB1,HMGB1,1.6840637,0.9361233480176211,CXCR4,CXCR4,2.5478263,0.8,TRM,CD8 T,2.1159449,0.0
COPA,COPA,0.19432183,0.16,CD74,CD74,4.0347056,1.0,CD8 T,B,2.1145136,0.0
HLA-B,HLA-B,2.9927983,1.0,LILRB1,LILRB1,1.2360857,0.9242424242424242,Mono-NC,Mono-NC,2.1144419,0.0
HLA-A,HLA-A,2.480993,1.0,LILRB2,LILRB2,1.7463557,1.0,Mono-NC,Mono-NC,2.1136744,0.0
CD48,CD48,1.7161002,0.8879668049792531,CD2,CD2,2.5105412,1.0,NK-CD16+,Treg,2.1133208,0.0
HLA-DPB1,HLA-DPB1,3.3348026,1.0,CD4,CD4,0.89178056,0.7556270096463023,B,Mono-C,2.1132915,0.0
HLA-A,HLA-A,2.9807122,0.988795518207283,APLP2,APLP2,1.2446061,0.9393939393939394,CD4 T,Mono-NC,2.1126592,0.0
HLA-C,HLA-C,3.712681,1.0,CD8B,CD8B,0.51036483,0.3153526970954357,γδ T,NK-CD16+,2.111523,0.0
HLA-B,HLA-B,3.1274333,1.0,CD8B,CD8B,1.0948339,0.6658163265306123,Mono-C,γδ T,2.1111336,0.0
HLA-A,HLA-A,3.7315445,1.0,LILRB1,LILRB1,0.48631135,0.5176211453744494,Treg,TRM,2.108928,0.0
HLA-A,HLA-A,2.9807122,0.988795518207283,LILRB1,LILRB1,1.2360857,0.9242424242424242,CD4 T,Mono-NC,2.108399,0.0
HLA-A,HLA-A,2.9714544,0.9814241486068112,APLP2,APLP2,1.2446061,0.9393939393939394,NK-CD16-,Mono-NC,2.1080303,0.0
HLA-DRB1,HLA-DRB1,3.2675595,0.9285714285714286,CD4,CD4,0.9452533,0.8484848484848485,cDC2,Mono-NC,2.1064065,0.0
HLA-A,HLA-A,3.7315445,1.0,LILRA1,LILRA1,0.47775728,0.5080385852090032,Treg,Mono-C,2.104651,0.0
HLA-A,HLA-A,2.9714544,0.9814241486068112,LILRB1,LILRB1,1.2360857,0.9242424242424242,NK-CD16-,Mono-NC,2.10377,0.0
CCL5,CCL5,3.529819,0.955108359133127,CXCR3,CXCR3,0.67741656,0.4923469387755102,NK-CD16-,γδ T,2.1036177,0.0
S100A8,S100A8,2.1279328,0.6718061674008811,ITGB2,ITGB2,2.077828,1.0,TRM,Mono-NC,2.1028805,0.0
HLA-E,HLA-E,2.3236692,1.0,KLRD1,KLRC1_KLRD1,1.8809955,0.8513931888544891,Mono-NC,NK-CD16-,2.1023324,0.0
VIM,VIM,2.230471,0.9327731092436975,CD44,CD44,1.9724663,0.8612334801762115,CD4 T,TRM,2.1014686,0.0
HLA-B,HLA-B,3.1520638,0.988795518207283,LILRB2,LILRB2,1.0501987,0.7909967845659164,CD4 T,Mono-C,2.1011312,0.0
HLA-DRA,HLA-DRA,3.1423907,1.0,CD4,CD4,1.0583234,0.7037037037037037,Mono-NC,Treg,2.100357,0.0
HLA-C,HLA-C,3.712681,1.0,LILRB1,LILRB1,0.48631135,0.5176211453744494,γδ T,TRM,2.0994961,0.0
APP,APP,0.16368459,0.24242424242424243,CD74,CD74,4.0347056,1.0,Mono-NC,B,2.099195,0.0
GRN,GRN,2.060383,0.9647577092511013,TNFRSF1B,TNFRSF1B,2.1318145,1.0,TRM,Mono-NC,2.096099,0.0
HLA-C,HLA-C,3.712681,1.0,LILRA1,LILRA1,0.47775728,0.5080385852090032,γδ T,Mono-C,2.0952191,0.0
S100A9,S100A9,2.4333746,0.9393939393939394,ITGB2,ITGB2,1.7561089,0.933920704845815,Mono-NC,TRM,2.0947418,0.0
TNFSF13B,TNFSF13B,0.10057229,0.1111111111111111,HLA-DPB1,HLA-DPB1,4.085288,0.9924812030075187,Treg,cDC2,2.09293,0.0
HLA-C,HLA-C,3.8813217,1.0,LILRB1,LILRB1,0.30403018,0.4473684210526316,NK-CD16+,cDC2,2.092676,0.0
TNFSF13B,TNFSF13B,0.8503097,0.7575757575757576,HLA-DPB1,HLA-DPB1,3.3348026,1.0,Mono-NC,B,2.0925562,0.0
VIM,VIM,3.1690266,0.981203007518797,CD44,CD44,1.0119845,0.7,cDC2,CD8 T,2.0905056,0.001
NRG1,NRG1,0.09246771,0.10792951541850221,HLA-DPB1,HLA-DPB1,4.085288,0.9924812030075187,TRM,cDC2,2.088878,0.0
HLA-B,HLA-B,3.1274333,1.0,LILRB2,LILRB2,1.0501987,0.7909967845659164,Mono-C,Mono-C,2.088816,0.0
HLA-DRA,HLA-DRA,3.9363766,0.9955947136563876,LAG3,LAG3,0.24067335,0.2074688796680498,TRM,NK-CD16+,2.088525,0.0
APP,APP,0.14175355,0.15037593984962405,CD74,CD74,4.0347056,1.0,B,B,2.0882297,0.0
HLA-C,HLA-C,3.2823513,0.9891640866873065,LILRB2,LILRB2,0.89341325,0.7268722466960352,NK-CD16-,TRM,2.0878823,0.0
HLA-C,HLA-C,3.8813217,1.0,LILRB2,LILRB2,0.29402286,0.3609022556390977,NK-CD16+,cDC2,2.0876722,0.0
APP,APP,0.14060517,0.22556390977443608,CD74,CD74,4.0347056,1.0,cDC2,B,2.0876553,0.0
HLA-A,HLA-A,2.480993,1.0,APLP2,APLP2,1.693923,0.920704845814978,Mono-NC,TRM,2.0874581,0.0
VIM,VIM,3.4086912,0.9935691318327974,CD44,CD44,0.7647949,0.6090225563909775,Mono-C,cDC2,2.086743,0.0
LTB,LTB,3.6214523,1.0,TNFRSF1A,TNFRSF1A,0.54939437,0.5757575757575758,CD8 T,Mono-NC,2.0854235,0.0
CD14,CD14,2.3152533,0.9710610932475884,ITGB2,ITGB2,1.8520461,0.941908713692946,Mono-C,NK-CD16+,2.0836496,0.0
HLA-B,HLA-B,3.013114,0.9933920704845814,CD3D,CD3D,1.1519443,0.48132780082987553,TRM,NK-CD16+,2.082529,0.0
HLA-C,HLA-C,3.2688797,0.988795518207283,LILRB2,LILRB2,0.89341325,0.7268722466960352,CD4 T,TRM,2.0811465,0.0
HLA-C,HLA-C,2.9255548,1.0,LILRB1,LILRB1,1.2360857,0.9242424242424242,B,Mono-NC,2.08082,0.0
HLA-DRB1,HLA-DRB1,3.2675595,0.9285714285714286,CD4,CD4,0.89178056,0.7556270096463023,cDC2,Mono-C,2.07967,0.0
HLA-A,HLA-A,3.5172474,0.9974489795918368,LILRB1,LILRB1,0.6366831,0.6141479099678456,γδ T,Mono-C,2.0769653,0.0
CD48,CD48,1.7161002,0.8879668049792531,CD2,CD2,2.437096,0.9056122448979592,NK-CD16+,γδ T,2.0765982,0.0
HLA-C,HLA-C,3.2565622,1.0,LILRB2,LILRB2,0.89341325,0.7268722466960352,CD8 T,TRM,2.0749876,0.0
CCL5,CCL5,3.6524951,0.9923469387755102,CXCR3,CXCR3,0.49649835,0.3746130030959752,γδ T,NK-CD16-,2.0744967,0.0
HLA-E,HLA-E,2.5274863,0.9872448979591837,CD8A,CD8A,1.6204809,0.7806122448979592,γδ T,γδ T,2.0739837,0.0
HLA-B,HLA-B,2.9927983,1.0,CD3D,CD3D,1.1519443,0.48132780082987553,Mono-NC,NK-CD16+,2.0723712,0.001
HLA-B,HLA-B,3.2511985,0.9891640866873065,LILRB2,LILRB2,0.89341325,0.7268722466960352,NK-CD16-,TRM,2.072306,0.0
HLA-C,HLA-C,3.507225,1.0,LILRB1,LILRB1,0.6366831,0.6141479099678456,Treg,Mono-C,2.071954,0.0
HLA-E,HLA-E,2.2609172,0.9849624060150376,KLRD1,KLRC1_KLRD1,1.8809955,0.8513931888544891,B,NK-CD16-,2.0709562,0.0
VCAN,VCAN,2.9436893,0.9903536977491961,ITGB1,ITGB1,1.1977223,0.8568281938325991,Mono-C,TRM,2.070706,0.0
HLA-B,HLA-B,2.9044526,1.0,LILRB1,LILRB1,1.2360857,0.9242424242424242,B,Mono-NC,2.070269,0.0
VIM,VIM,3.4086912,0.9935691318327974,CD44,CD44,0.7310221,0.6466165413533834,Mono-C,B,2.0698566,0.0
CCL5,CCL5,3.6524951,0.9923469387755102,CCR4,CCR4,0.48696607,0.4074074074074074,γδ T,Treg,2.0697305,0.0
HLA-A,HLA-A,3.7315445,1.0,APLP2,APLP2,0.40763956,0.37037037037037035,Treg,Treg,2.069592,0.002
S100A9,S100A9,2.4333746,0.9393939393939394,ITGB2,ITGB2,1.7057548,0.8458646616541353,Mono-NC,cDC2,2.0695648,0.0
HLA-B,HLA-B,3.2511985,0.9891640866873065,KLRD1,KLRD1,0.88571304,0.4846938775510204,NK-CD16-,γδ T,2.0684557,0.0
VIM,VIM,3.2551064,0.9581497797356828,CD44,CD44,0.88101256,0.5712074303405573,TRM,NK-CD16-,2.0680594,0.0
HLA-DPB1,HLA-DPB1,3.3348026,1.0,CD4,CD4,0.8007195,0.7290748898678414,B,TRM,2.067761,0.0
HLA-C,HLA-C,3.2823513,0.9891640866873065,LILRA1,LILRA1,0.848199,0.8181818181818182,NK-CD16-,Mono-NC,2.0652752,0.0
LGALS1,LGALS1,1.4724506,0.7385892116182573,PTPRC,PTPRC,2.6577017,0.9848484848484849,NK-CD16+,Mono-NC,2.065076,0.0
HLA-C,HLA-C,2.8911917,0.9903536977491961,LILRB1,LILRB1,1.2360857,0.9242424242424242,Mono-C,Mono-NC,2.0636387,0.0
CCL5,CCL5,3.6524951,0.9923469387755102,CXCR3,CXCR3,0.47176018,0.37037037037037035,γδ T,Treg,2.0621276,0.0
HLA-DRA,HLA-DRA,3.9363766,0.9955947136563876,LAG3,LAG3,0.1844943,0.15126050420168066,TRM,CD4 T,2.0604355,0.0
HLA-C,HLA-C,3.8813217,1.0,LILRA1,LILRA1,0.23902263,0.29295154185022027,NK-CD16+,TRM,2.060172,0.0
COPA,COPA,0.604816,0.6045016077170418,CD74,CD74,3.5137818,0.9933920704845814,Mono-C,TRM,2.059299,0.0
HLA-C,HLA-C,3.2688797,0.988795518207283,LILRA1,LILRA1,0.848199,0.8181818181818182,CD4 T,Mono-NC,2.0585394,0.0
HLA-C,HLA-C,3.2823513,0.9891640866873065,CD8A,CD8A,0.8343133,0.46887966804979253,NK-CD16-,NK-CD16+,2.0583322,0.0
HLA-B,HLA-B,2.3669298,0.8834586466165414,LILRB2,LILRB2,1.7463557,1.0,cDC2,Mono-NC,2.0566428,0.0
HLA-E,HLA-E,2.2321634,0.9607843137254902,KLRD1,KLRC1_KLRD1,1.8809955,0.8513931888544891,CD4 T,NK-CD16-,2.0565796,0.0
RPS19,RPS19,2.9078932,0.9742765273311897,C5AR1,C5AR1,1.2045323,0.9242424242424242,Mono-C,Mono-NC,2.0562127,0.015
HLA-A,HLA-A,3.4756718,1.0,LILRB1,LILRB1,0.6366831,0.6141479099678456,NK-CD16+,Mono-C,2.0561774,0.0
HLA-B,HLA-B,3.4723597,1.0,LILRB1,LILRB1,0.6366831,0.6141479099678456,NK-CD16+,Mono-C,2.0545213,0.0
HLA-B,HLA-B,3.013114,0.9933920704845814,CD8B,CD8B,1.0948339,0.6658163265306123,TRM,γδ T,2.053974,0.0
VIM,VIM,2.7755787,1.0,CD44,CD44,1.3308253,0.8148148148148148,Mono-NC,Treg,2.0532022,0.038
HLA-C,HLA-C,3.2565622,1.0,LILRA1,LILRA1,0.848199,0.8181818181818182,CD8 T,Mono-NC,2.0523806,0.0
LTB,LTB,3.6214523,1.0,TNFRSF1A,TNFRSF1A,0.4826395,0.5451127819548872,CD8 T,cDC2,2.0520458,0.0
HLA-C,HLA-C,3.2688797,0.988795518207283,CD8A,CD8A,0.8343133,0.46887966804979253,CD4 T,NK-CD16+,2.0515964,0.0
HLA-A,HLA-A,2.480993,1.0,CD8A,CD8A,1.6204809,0.7806122448979592,Mono-NC,γδ T,2.050737,0.0
HLA-B,HLA-B,3.4639976,1.0,LILRB1,LILRB1,0.6366831,0.6141479099678456,Treg,Mono-C,2.0503404,0.0
VIM,VIM,2.4598093,0.9540816326530612,CD44,CD44,1.6401936,1.0,γδ T,Mono-NC,2.0500014,0.0
HLA-B,HLA-B,3.2511985,0.9891640866873065,LILRA1,LILRA1,0.848199,0.8181818181818182,NK-CD16-,Mono-NC,2.0496988,0.0
VCAN,VCAN,2.9436893,0.9903536977491961,ITGB1,ITGB1,1.1527835,0.74,Mono-C,CD8 T,2.0482364,0.0
HLA-C,HLA-C,3.000799,1.0,CD8B,CD8B,1.0948339,0.6658163265306123,Mono-NC,γδ T,2.0478163,0.0
HLA-DPB1,HLA-DPB1,3.3348026,1.0,CD4,CD4,0.7606554,0.6428571428571429,B,cDC2,2.047729,0.0
HLA-A,HLA-A,3.7315445,1.0,APLP2,APLP2,0.36272556,0.2946058091286307,Treg,NK-CD16+,2.047135,0.0
S100A9,S100A9,2.4333746,0.9393939393939394,CD68,CD68,1.6607586,0.9545454545454546,Mono-NC,Mono-NC,2.0470667,0.0
HLA-B,HLA-B,2.3669298,0.8834586466165414,CD3D,CD3D,1.7265168,0.7703081232492998,cDC2,CD4 T,2.0467234,0.0
VCAN,VCAN,2.9436893,0.9903536977491961,ITGB1,ITGB1,1.14894,0.7136929460580913,Mono-C,NK-CD16+,2.0463147,0.0
HLA-C,HLA-C,3.2565622,1.0,CD8A,CD8A,0.8343133,0.46887966804979253,CD8 T,NK-CD16+,2.0454378,0.0
HLA-DRA,HLA-DRA,3.1423907,1.0,CD4,CD4,0.9452533,0.8484848484848485,Mono-NC,Mono-NC,2.043822,0.0
HLA-B,HLA-B,2.9927983,1.0,CD8B,CD8B,1.0948339,0.6658163265306123,Mono-NC,γδ T,2.043816,0.0
HLA-DPA1,HLA-DPA1,3.0290613,1.0,CD4,CD4,1.0583234,0.7037037037037037,B,Treg,2.0436924,0.0
HLA-B,HLA-B,3.2511985,0.9891640866873065,CD8A,CD8A,0.8343133,0.46887966804979253,NK-CD16-,NK-CD16+,2.0427558,0.0
HLA-C,HLA-C,2.8488104,0.9889867841409692,LILRB1,LILRB1,1.2360857,0.9242424242424242,TRM,Mono-NC,2.042448,0.0
HMGB1,HMGB1,1.5355808,0.9848484848484849,CXCR4,CXCR4,2.5478263,0.8,Mono-NC,CD8 T,2.0417035,0.0
TNFSF13B,TNFSF13B,1.3735859,0.86,HLA-DPB1,HLA-DPB1,2.7090728,0.947136563876652,CD8 T,TRM,2.0413294,0.0
RPS19,RPS19,2.9078932,0.9742765273311897,C5AR1,C5AR1,1.1721296,0.7180616740088106,Mono-C,TRM,2.0400114,0.0
LTB,LTB,3.6214523,1.0,TNFRSF1A,TNFRSF1A,0.45619887,0.375,CD8 T,γδ T,2.0388255,0.0
HLA-A,HLA-A,2.9807122,0.988795518207283,CD8B,CD8B,1.0948339,0.6658163265306123,CD4 T,γδ T,2.0377731,0.0
COPA,COPA,0.56071466,0.6299559471365639,CD74,CD74,3.5137818,0.9933920704845814,TRM,TRM,2.0372481,0.0
CD14,CD14,2.3152533,0.9710610932475884,ITGB2,ITGB2,1.7561089,0.933920704845815,Mono-C,TRM,2.035681,0.0
HLA-DQB1,HLA-DQB1,3.0126412,0.9285714285714286,CD4,CD4,1.0583234,0.7037037037037037,cDC2,Treg,2.0354824,0.0
S100A4,S100A4,3.7376943,1.0,CCR5,CCR5,0.33249417,0.2755102040816326,Mono-NC,γδ T,2.0350943,0.0
HLA-DRB1,HLA-DRB1,3.2675595,0.9285714285714286,CD4,CD4,0.8007195,0.7290748898678414,cDC2,TRM,2.0341396,0.0
HLA-A,HLA-A,2.9714544,0.9814241486068112,CD8B,CD8B,1.0948339,0.6658163265306123,NK-CD16-,γδ T,2.033144,0.0
HLA-B,HLA-B,3.426832,0.9948979591836735,LILRB1,LILRB1,0.6366831,0.6141479099678456,γδ T,Mono-C,2.0317576,0.0
HLA-B,HLA-B,3.013114,0.9933920704845814,LILRB2,LILRB2,1.0501987,0.7909967845659164,TRM,Mono-C,2.0316563,0.0
HLA-C,HLA-C,2.3144937,0.8796992481203008,LILRB2,LILRB2,1.7463557,1.0,cDC2,Mono-NC,2.0304246,0.0
HLA-DRA,HLA-DRA,3.0000286,0.9871382636655949,CD4,CD4,1.0583234,0.7037037037037037,Mono-C,Treg,2.029176,0.0
HLA-C,HLA-C,3.8813217,1.0,CD8B,CD8B,0.1760683,0.10084033613445378,NK-CD16+,CD4 T,2.028695,0.0
LGALS1,LGALS1,2.4424744,0.9172932330827067,PTPRC,PTPRC,1.6143658,0.9185022026431718,cDC2,TRM,2.02842,0.0
HLA-B,HLA-B,2.9044526,1.0,CD3D,CD3D,1.1519443,0.48132780082987553,B,NK-CD16+,2.0281985,0.004
CD48,CD48,1.543134,0.9022556390977443,CD2,CD2,2.5105412,1.0,B,Treg,2.0268376,0.0
HLA-C,HLA-C,3.8813217,1.0,CD8A,CD8A,0.17009616,0.11204481792717087,NK-CD16+,CD4 T,2.025709,0.0
HLA-C,HLA-C,3.000799,1.0,LILRB2,LILRB2,1.0501987,0.7909967845659164,Mono-NC,Mono-C,2.0254989,0.0
HLA-C,HLA-C,3.8813217,1.0,LILRB1,LILRB1,0.16951409,0.14522821576763487,NK-CD16+,NK-CD16+,2.0254178,0.0
VIM,VIM,3.1690266,0.981203007518797,CD44,CD44,0.88101256,0.5712074303405573,cDC2,NK-CD16-,2.0250196,0.0
LGALS1,LGALS1,2.4346786,1.0,PTPRC,PTPRC,1.6143658,0.9185022026431718,Mono-NC,TRM,2.0245223,0.0
HLA-A,HLA-A,2.8019953,1.0,APLP2,APLP2,1.2446061,0.9393939393939394,CD8 T,Mono-NC,2.0233006,0.001
HLA-B,HLA-B,3.1520638,0.988795518207283,LILRB2,LILRB2,0.89341325,0.7268722466960352,CD4 T,TRM,2.0227385,0.0
LGALS1,LGALS1,2.429435,0.9807073954983923,PTPRC,PTPRC,1.6143658,0.9185022026431718,Mono-C,TRM,2.0219004,0.0
RPS19,RPS19,3.129516,0.9977973568281938,C5AR1,C5AR1,0.9142223,0.6752411575562701,TRM,Mono-C,2.0218692,0.003
HLA-B,HLA-B,2.9927983,1.0,LILRB2,LILRB2,1.0501987,0.7909967845659164,Mono-NC,Mono-C,2.0214984,0.0
HLA-A,HLA-A,3.7315445,1.0,APLP2,APLP2,0.30778763,0.2706766917293233,Treg,B,2.019666,0.0
HLA-A,HLA-A,2.8019953,1.0,LILRB1,LILRB1,1.2360857,0.9242424242424242,CD8 T,Mono-NC,2.0190406,0.0
HLA-B,HLA-B,3.4011884,1.0,LILRB1,LILRB1,0.6366831,0.6141479099678456,CD8 T,Mono-C,2.0189357,0.0
HLA-B,HLA-B,3.1520638,0.988795518207283,KLRD1,KLRD1,0.88571304,0.4846938775510204,CD4 T,γδ T,2.0188885,0.004
HLA-A,HLA-A,3.7315445,1.0,LILRB1,LILRB1,0.30403018,0.4473684210526316,Treg,cDC2,2.0177875,0.0
HLA-DRA,HLA-DRA,3.1423907,1.0,CD4,CD4,0.89178056,0.7556270096463023,Mono-NC,Mono-C,2.0170856,0.0
VCAN,VCAN,2.9436893,0.9903536977491961,ITGB1,ITGB1,1.0891075,0.6965944272445821,Mono-C,NK-CD16-,2.0163984,0.0
HLA-A,HLA-A,3.5172474,0.9974489795918368,APLP2,APLP2,0.51425284,0.5263157894736842,γδ T,cDC2,2.0157502,0.0
HLA-A,HLA-A,2.9807122,0.988795518207283,LILRB2,LILRB2,1.0501987,0.7909967845659164,CD4 T,Mono-C,2.0154555,0.0
VCAN,VCAN,2.9436893,0.9903536977491961,SELL,SELL,1.0858085,0.7368421052631579,Mono-C,B,2.014749,0.0
LGALS1,LGALS1,2.4146504,0.933920704845815,PTPRC,PTPRC,1.6143658,0.9185022026431718,TRM,TRM,2.0145082,0.0
HLA-DRB1,HLA-DRB1,3.2675595,0.9285714285714286,CD4,CD4,0.7606554,0.6428571428571429,cDC2,cDC2,2.0141075,0.0
HLA-A,HLA-A,3.5172474,0.9974489795918368,CD8B,CD8B,0.51036483,0.3153526970954357,γδ T,NK-CD16+,2.013806,0.0
CCL5,CCL5,3.529819,0.955108359133127,CXCR3,CXCR3,0.49649835,0.3746130030959752,NK-CD16-,NK-CD16-,2.0131588,0.0
HLA-A,HLA-A,3.7315445,1.0,LILRB2,LILRB2,0.29402286,0.3609022556390977,Treg,cDC2,2.0127838,0.0
VCAN,VCAN,2.9436893,0.9903536977491961,CD44,CD44,1.0796558,0.7254901960784313,Mono-C,CD4 T,2.0116725,0.0
HLA-A,HLA-A,2.9714544,0.9814241486068112,LILRB2,LILRB2,1.0501987,0.7909967845659164,NK-CD16-,Mono-C,2.0108266,0.0
CD14,CD14,2.3152533,0.9710610932475884,ITGB2,ITGB2,1.7057548,0.8458646616541353,Mono-C,cDC2,2.010504,0.0
HLA-B,HLA-B,3.1274333,1.0,LILRB2,LILRB2,0.89341325,0.7268722466960352,Mono-C,TRM,2.0104232,0.0
CD48,CD48,1.5102451,0.8469387755102041,CD2,CD2,2.5105412,1.0,γδ T,Treg,2.0103931,0.0
HLA-C,HLA-C,2.9255548,1.0,CD8B,CD8B,1.0948339,0.6658163265306123,B,γδ T,2.0101943,0.0
S100A4,S100A4,3.6875837,0.9967845659163987,CCR5,CCR5,0.33249417,0.2755102040816326,Mono-C,γδ T,2.0100389,0.0
VIM,VIM,3.2551064,0.9581497797356828,CD44,CD44,0.7647949,0.6090225563909775,TRM,cDC2,2.0099506,0.0
HLA-C,HLA-C,3.8813217,1.0,LILRB1,LILRB1,0.13692278,0.14285714285714285,NK-CD16+,B,2.0091221,0.0
HLA-C,HLA-C,3.507225,1.0,CD8B,CD8B,0.51036483,0.3153526970954357,Treg,NK-CD16+,2.008795,0.0
CCL5,CCL5,3.529819,0.955108359133127,CCR4,CCR4,0.48696607,0.4074074074074074,NK-CD16-,Treg,2.0083926,0.0
HLA-C,HLA-C,3.712681,1.0,LILRB1,LILRB1,0.30403018,0.4473684210526316,γδ T,cDC2,2.0083556,0.0
VCAN,VCAN,2.9436893,0.9903536977491961,CD44,CD44,1.0712655,0.6658163265306123,Mono-C,γδ T,2.0074773,0.0
HLA-B,HLA-B,3.1274333,1.0,KLRD1,KLRD1,0.88571304,0.4846938775510204,Mono-C,γδ T,2.0065732,0.017
HLA-A,HLA-A,3.7315445,1.0,APLP2,APLP2,0.2805591,0.24,Treg,CD8 T,2.0060518,0.009
HLA-E,HLA-E,2.3889177,1.0,CD8A,CD8A,1.6204809,0.7806122448979592,Treg,γδ T,2.0046992,0.0
HLA-A,HLA-A,2.7621684,0.9967845659163987,APLP2,APLP2,1.2446061,0.9393939393939394,Mono-C,Mono-NC,2.0033872,0.001
HLA-C,HLA-C,3.712681,1.0,LILRB2,LILRB2,0.29402286,0.3609022556390977,γδ T,cDC2,2.003352,0.0
S100A4,S100A4,3.7376943,1.0,CCR5,CCR5,0.26665843,0.2222222222222222,Mono-NC,Treg,2.0021763,0.0
S100A4,S100A4,3.7376943,1.0,CCR5,CCR5,0.26654285,0.3524229074889868,Mono-NC,TRM,2.0021186,0.0
HLA-A,HLA-A,3.5172474,0.9974489795918368,LILRB1,LILRB1,0.48631135,0.5176211453744494,γδ T,TRM,2.0017793,0.0
CCL5,CCL5,3.529819,0.955108359133127,CXCR3,CXCR3,0.47176018,0.37037037037037035,NK-CD16-,Treg,2.0007896,0.0
VIM,VIM,1.9802027,0.9071207430340558,CD44,CD44,2.020819,0.977491961414791,NK-CD16-,Mono-C,2.0005107,0.0
HLA-B,HLA-B,3.1520638,0.988795518207283,LILRA1,LILRA1,0.848199,0.8181818181818182,CD4 T,Mono-NC,2.0001314,0.0
HLA-B,HLA-B,2.9044526,1.0,CD8B,CD8B,1.0948339,0.6658163265306123,B,γδ T,1.9996432,0.0
HLA-A,HLA-A,2.7541637,0.9845814977973568,APLP2,APLP2,1.2446061,0.9393939393939394,TRM,Mono-NC,1.9993849,0.001
HLA-A,HLA-A,2.7621684,0.9967845659163987,LILRB1,LILRB1,1.2360857,0.9242424242424242,Mono-C,Mono-NC,1.999127,0.0
HLA-A,HLA-A,3.5172474,0.9974489795918368,LILRA1,LILRA1,0.47775728,0.5080385852090032,γδ T,Mono-C,1.9975023,0.0
HLA-C,HLA-C,3.507225,1.0,LILRB1,LILRB1,0.48631135,0.5176211453744494,Treg,TRM,1.9967682,0.0
CD48,CD48,1.4808805,0.9035369774919614,CD2,CD2,2.5105412,1.0,Mono-C,Treg,1.9957108,0.0
HLA-A,HLA-A,2.7541637,0.9845814977973568,LILRB1,LILRB1,1.2360857,0.9242424242424242,TRM,Mono-NC,1.9951247,0.0
HLA-A,HLA-A,3.4756718,1.0,APLP2,APLP2,0.51425284,0.5263157894736842,NK-CD16+,cDC2,1.9949623,0.0
HLA-C,HLA-C,3.8813217,1.0,LILRA1,LILRA1,0.10759691,0.22180451127819548,NK-CD16+,cDC2,1.9944593,0.0
HLA-B,HLA-B,2.3669298,0.8834586466165414,CD8A,CD8A,1.6204809,0.7806122448979592,cDC2,γδ T,1.9937053,0.0
LTB,LTB,3.6214523,1.0,TNFRSF1A,TNFRSF1A,0.36541182,0.3,CD8 T,CD8 T,1.993432,0.0
HLA-B,HLA-B,3.1520638,0.988795518207283,CD8A,CD8A,0.8343133,0.46887966804979253,CD4 T,NK-CD16+,1.9931886,0.0
VIM,VIM,3.2551064,0.9581497797356828,CD44,CD44,0.7310221,0.6466165413533834,TRM,B,1.9930643,0.0
HLA-A,HLA-A,3.4756718,1.0,CD8B,CD8B,0.51036483,0.3153526970954357,NK-CD16+,NK-CD16+,1.9930183,0.0
HLA-C,HLA-C,2.8911917,0.9903536977491961,CD8B,CD8B,1.0948339,0.6658163265306123,Mono-C,γδ T,1.9930128,0.0
LTB,LTB,3.6214523,1.0,TNFRSF1A,TNFRSF1A,0.36394188,0.28792569659442724,CD8 T,NK-CD16-,1.9926971,0.0
CCL5,CCL5,3.6524951,0.9923469387755102,CCR5,CCR5,0.33249417,0.2755102040816326,γδ T,γδ T,1.9924947,0.0
HLA-C,HLA-C,3.507225,1.0,LILRA1,LILRA1,0.47775728,0.5080385852090032,Treg,Mono-C,1.9924911,0.0
HLA-B,HLA-B,3.4723597,1.0,CD8B,CD8B,0.51036483,0.3153526970954357,NK-CD16+,NK-CD16+,1.9913622,0.0
CD48,CD48,1.543134,0.9022556390977443,CD2,CD2,2.437096,0.9056122448979592,B,γδ T,1.990115,0.0
S100A8,S100A8,2.1279328,0.6718061674008811,ITGB2,ITGB2,1.8520461,0.941908713692946,TRM,NK-CD16+,1.9899895,0.0
HLA-C,HLA-C,2.9255548,1.0,LILRB2,LILRB2,1.0501987,0.7909967845659164,B,Mono-C,1.9878767,0.0
HLA-B,HLA-B,3.1274333,1.0,LILRA1,LILRA1,0.848199,0.8181818181818182,Mono-C,Mono-NC,1.9878161,0.0
LTB,LTB,3.6214523,1.0,TNFRSF1A,TNFRSF1A,0.35417932,0.2962962962962963,CD8 T,Treg,1.9878159,0.0
HLA-B,HLA-B,3.4639976,1.0,CD8B,CD8B,0.51036483,0.3153526970954357,Treg,NK-CD16+,1.9871812,0.0
HLA-DPA1,HLA-DPA1,3.0290613,1.0,CD4,CD4,0.9452533,0.8484848484848485,B,Mono-NC,1.9871573,0.0
HLA-A,HLA-A,3.7315445,1.0,LILRA1,LILRA1,0.23902263,0.29295154185022027,Treg,TRM,1.9852836,0.0
CCL5,CCL5,3.6524951,0.9923469387755102,CCR1,CCR1,0.3167034,0.3787878787878788,γδ T,Mono-NC,1.9845992,0.0
CCL5,CCL5,3.6524951,0.9923469387755102,SDC4,SDC4,0.31436065,0.2962962962962963,γδ T,Treg,1.9834279,0.0
LTB,LTB,3.6214523,1.0,TNFRSF1A,TNFRSF1A,0.34344858,0.27800829875518673,CD8 T,NK-CD16+,1.9824505,0.0
S100A8,S100A8,2.1279328,0.6718061674008811,CD69,CD69,1.8365906,0.82,TRM,CD8 T,1.9822617,0.0
LGALS1,LGALS1,2.4424744,0.9172932330827067,PTPRC,PTPRC,1.5213683,0.8,cDC2,CD8 T,1.9819213,0.0
HLA-A,HLA-A,3.4756718,1.0,LILRB1,LILRB1,0.48631135,0.5176211453744494,NK-CD16+,TRM,1.9809916,0.0
HLA-B,HLA-B,3.1274333,1.0,CD8A,CD8A,0.8343133,0.46887966804979253,Mono-C,NK-CD16+,1.9808733,0.0
HLA-B,HLA-B,3.4723597,1.0,LILRB1,LILRB1,0.48631135,0.5176211453744494,NK-CD16+,TRM,1.9793355,0.0
HLA-DQB1,HLA-DQB1,3.0126412,0.9285714285714286,CD4,CD4,0.9452533,0.8484848484848485,cDC2,Mono-NC,1.9789473,0.0
TGFB1,TGFB1,1.4091885,0.8464730290456431,CXCR4,CXCR4,2.5478263,0.8,NK-CD16+,CD8 T,1.9785074,0.0
LGALS1,LGALS1,2.4346786,1.0,PTPRC,PTPRC,1.5213683,0.8,Mono-NC,CD8 T,1.9780234,0.003
VCAN,VCAN,2.9436893,0.9903536977491961,CD44,CD44,1.0119845,0.7,Mono-C,CD8 T,1.9778368,0.0
HLA-B,HLA-B,2.9044526,1.0,LILRB2,LILRB2,1.0501987,0.7909967845659164,B,Mono-C,1.9773257,0.0
S100A4,S100A4,3.6875837,0.9967845659163987,CCR5,CCR5,0.26665843,0.2222222222222222,Mono-C,Treg,1.9771211,0.0
S100A4,S100A4,3.6875837,0.9967845659163987,CCR5,CCR5,0.26654285,0.3524229074889868,Mono-C,TRM,1.9770633,0.0
HLA-A,HLA-A,3.4756718,1.0,LILRA1,LILRA1,0.47775728,0.5080385852090032,NK-CD16+,Mono-C,1.9767145,0.0
VIM,VIM,1.9802027,0.9071207430340558,CD44,CD44,1.9724663,0.8612334801762115,NK-CD16-,TRM,1.9763346,0.0
CCL5,CCL5,3.070842,0.9087136929460581,CCR1,CCR1,0.880954,0.7224669603524229,NK-CD16+,TRM,1.975898,0.0
HLA-C,HLA-C,3.712681,1.0,LILRA1,LILRA1,0.23902263,0.29295154185022027,γδ T,TRM,1.9758519,0.0
LGALS1,LGALS1,2.429435,0.9807073954983923,PTPRC,PTPRC,1.5213683,0.8,Mono-C,CD8 T,1.9754016,0.0
HLA-B,HLA-B,3.4639976,1.0,LILRB1,LILRB1,0.48631135,0.5176211453744494,Treg,TRM,1.9751545,0.0
HLA-A,HLA-A,3.7315445,1.0,APLP2,APLP2,0.21861476,0.1780185758513932,Treg,NK-CD16-,1.9750797,0.0
HLA-B,HLA-B,3.4723597,1.0,LILRA1,LILRA1,0.47775728,0.5080385852090032,NK-CD16+,Mono-C,1.9750584,0.0
CD48,CD48,1.5102451,0.8469387755102041,CD2,CD2,2.437096,0.9056122448979592,γδ T,γδ T,1.9736706,0.0
HLA-DRA,HLA-DRA,3.0000286,0.9871382636655949,CD4,CD4,0.9452533,0.8484848484848485,Mono-C,Mono-NC,1.972641,0.0
HLA-E,HLA-E,2.3236692,1.0,CD8A,CD8A,1.6204809,0.7806122448979592,Mono-NC,γδ T,1.972075,0.0
HLA-C,HLA-C,2.8488104,0.9889867841409692,CD8B,CD8B,1.0948339,0.6658163265306123,TRM,γδ T,1.9718221,0.0
HLA-DRA,HLA-DRA,3.1423907,1.0,CD4,CD4,0.8007195,0.7290748898678414,Mono-NC,TRM,1.9715551,0.0
HLA-B,HLA-B,3.4639976,1.0,LILRA1,LILRA1,0.47775728,0.5080385852090032,Treg,Mono-C,1.9708774,0.0
HLA-C,HLA-C,2.8911917,0.9903536977491961,LILRB2,LILRB2,1.0501987,0.7909967845659164,Mono-C,Mono-C,1.9706953,0.0
LGALS1,LGALS1,1.2807326,0.6296296296296297,PTPRC,PTPRC,2.6577017,0.9848484848484849,Treg,Mono-NC,1.9692172,0.024
HLA-B,HLA-B,3.426832,0.9948979591836735,CD8B,CD8B,0.51036483,0.3153526970954357,γδ T,NK-CD16+,1.9685984,0.0
HLA-DPA1,HLA-DPA1,2.878776,0.9515418502202643,CD4,CD4,1.0583234,0.7037037037037037,TRM,Treg,1.9685497,0.0
LGALS1,LGALS1,2.4146504,0.933920704845815,PTPRC,PTPRC,1.5213683,0.8,TRM,CD8 T,1.9680094,0.0
S100A8,S100A8,2.1279328,0.6718061674008811,CD68,CD68,1.8073629,0.947136563876652,TRM,TRM,1.9676478,0.0
HLA-C,HLA-C,2.3144937,0.8796992481203008,CD8A,CD8A,1.6204809,0.7806122448979592,cDC2,γδ T,1.9674873,0.0
COPA,COPA,0.42108074,0.5303030303030303,CD74,CD74,3.5137818,0.9933920704845814,Mono-NC,TRM,1.9674313,0.0
S100A9,S100A9,2.8765604,0.775330396475771,ITGB2,ITGB2,1.0578327,0.7037037037037037,TRM,Treg,1.9671966,0.0
LGALS1,LGALS1,1.4724506,0.7385892116182573,PTPRC,PTPRC,2.461759,0.9875518672199171,NK-CD16+,NK-CD16+,1.9671049,0.0
VIM,VIM,3.1690266,0.981203007518797,CD44,CD44,0.7647949,0.6090225563909775,cDC2,cDC2,1.9669107,0.015
HLA-E,HLA-E,2.0511498,0.9823788546255506,KLRD1,KLRC1_KLRD1,1.8809955,0.8513931888544891,TRM,NK-CD16-,1.9660727,0.0
LTB,LTB,3.6214523,1.0,CD40,CD40,0.3098617,0.3684210526315789,CD8 T,cDC2,1.965657,0.0
CCL5,CCL5,3.6524951,0.9923469387755102,CCRL2,CCRL2,0.2782735,0.34140969162995594,γδ T,TRM,1.9653844,0.0
LGALS1,LGALS1,2.4424744,0.9172932330827067,PTPRC,PTPRC,1.4847091,0.8646616541353384,cDC2,B,1.9635918,0.0
TNFSF13B,TNFSF13B,0.5918427,0.5616740088105727,HLA-DPB1,HLA-DPB1,3.3348026,1.0,TRM,B,1.9633226,0.0
HLA-E,HLA-E,2.044082,0.9807073954983923,KLRD1,KLRC1_KLRD1,1.8809955,0.8513931888544891,Mono-C,NK-CD16-,1.9625387,0.0
HLA-A,HLA-A,3.5172474,0.9974489795918368,APLP2,APLP2,0.40763956,0.37037037037037035,γδ T,Treg,1.9624435,0.03
HLA-DPA1,HLA-DPA1,3.0290613,1.0,CD4,CD4,0.89178056,0.7556270096463023,B,Mono-C,1.960421,0.0
LGALS1,LGALS1,2.4346786,1.0,PTPRC,PTPRC,1.4847091,0.8646616541353384,Mono-NC,B,1.9596939,0.001
CCL5,CCL5,3.6524951,0.9923469387755102,CCR5,CCR5,0.26665843,0.2222222222222222,γδ T,Treg,1.9595768,0.0
CCL5,CCL5,3.6524951,0.9923469387755102,CCR5,CCR5,0.26654285,0.3524229074889868,γδ T,TRM,1.959519,0.0
HLA-C,HLA-C,3.2823513,0.9891640866873065,LILRB1,LILRB1,0.6366831,0.6141479099678456,NK-CD16-,Mono-C,1.9595172,0.0
CD48,CD48,1.4808805,0.9035369774919614,CD2,CD2,2.437096,0.9056122448979592,Mono-C,γδ T,1.9589883,0.0
LGALS1,LGALS1,2.429435,0.9807073954983923,PTPRC,PTPRC,1.4847091,0.8646616541353384,Mono-C,B,1.957072,0.0
HLA-B,HLA-B,3.426832,0.9948979591836735,LILRB1,LILRB1,0.48631135,0.5176211453744494,γδ T,TRM,1.9565717,0.0
HLA-A,HLA-A,3.7315445,1.0,APLP2,APLP2,0.18014763,0.14795918367346939,Treg,γδ T,1.9558461,0.005
HLA-B,HLA-B,3.4011884,1.0,CD8B,CD8B,0.51036483,0.3153526970954357,CD8 T,NK-CD16+,1.9557766,0.0
TIMP1,TIMP1,1.4424344,0.842443729903537,CD63,CD63,2.4684656,0.9779735682819384,Mono-C,TRM,1.95545,0.0
HLA-A,HLA-A,2.665314,0.9924812030075187,APLP2,APLP2,1.2446061,0.9393939393939394,B,Mono-NC,1.9549601,0.008
HLA-A,HLA-A,3.7315445,1.0,CD8B,CD8B,0.1760683,0.10084033613445378,Treg,CD4 T,1.9538064,0.0
HLA-B,HLA-B,3.013114,0.9933920704845814,LILRB2,LILRB2,0.89341325,0.7268722466960352,TRM,TRM,1.9532636,0.0
VCAN,VCAN,2.9436893,0.9903536977491961,ITGB1,ITGB1,0.96273524,0.8636363636363636,Mono-C,Mono-NC,1.9532123,0.0
HLA-C,HLA-C,3.2688797,0.988795518207283,LILRB1,LILRB1,0.6366831,0.6141479099678456,CD4 T,Mono-C,1.9527814,0.0
HLA-B,HLA-B,3.426832,0.9948979591836735,LILRA1,LILRA1,0.47775728,0.5080385852090032,γδ T,Mono-C,1.9522946,0.0
HLA-DQB1,HLA-DQB1,3.0126412,0.9285714285714286,CD4,CD4,0.89178056,0.7556270096463023,cDC2,Mono-C,1.9522109,0.0
PSAP,PSAP,2.8930304,0.9911894273127754,LRP1,LRP1,1.0102887,0.8360128617363344,TRM,Mono-C,1.9516596,0.0
HLA-DRA,HLA-DRA,3.1423907,1.0,CD4,CD4,0.7606554,0.6428571428571429,Mono-NC,cDC2,1.9515231,0.0
S100A4,S100A4,3.7376943,1.0,CCR5,CCR5,0.16453725,0.2669172932330827,Mono-NC,cDC2,1.9511157,0.0
HLA-A,HLA-A,3.7315445,1.0,CD8A,CD8A,0.17009616,0.11204481792717087,Treg,CD4 T,1.9508203,0.0
HLA-A,HLA-A,2.665314,0.9924812030075187,LILRB1,LILRB1,1.2360857,0.9242424242424242,B,Mono-NC,1.9506998,0.0
HLA-A,HLA-A,3.7315445,1.0,LILRB1,LILRB1,0.16951409,0.14522821576763487,Treg,NK-CD16+,1.9505293,0.0
VIM,VIM,3.1690266,0.981203007518797,CD44,CD44,0.7310221,0.6466165413533834,cDC2,B,1.9500244,0.021
LGALS1,LGALS1,2.4146504,0.933920704845815,PTPRC,PTPRC,1.4847091,0.8646616541353384,TRM,B,1.9496799,0.0
HLA-C,HLA-C,2.8488104,0.9889867841409692,LILRB2,LILRB2,1.0501987,0.7909967845659164,TRM,Mono-C,1.9495046,0.0
APP,APP,0.3850643,0.34,CD74,CD74,3.5137818,0.9933920704845814,CD8 T,TRM,1.9494231,0.0
HLA-DPB1,HLA-DPB1,3.3348026,1.0,LAG3,LAG3,0.5634088,0.41836734693877553,B,γδ T,1.9491057,0.0
TGFB1,TGFB1,1.3503319,0.7972136222910217,CXCR4,CXCR4,2.5478263,0.8,NK-CD16-,CD8 T,1.949079,0.0
HLA-A,HLA-A,2.8019953,1.0,CD8B,CD8B,1.0948339,0.6658163265306123,CD8 T,γδ T,1.9484146,0.0
VIM,VIM,3.4086912,0.9935691318327974,CD44,CD44,0.4876988,0.3900414937759336,Mono-C,NK-CD16+,1.948195,0.008
COPA,COPA,0.38063884,0.37037037037037035,CD74,CD74,3.5137818,0.9933920704845814,Treg,TRM,1.9472103,0.0
HLA-C,HLA-C,3.000799,1.0,LILRB2,LILRB2,0.89341325,0.7268722466960352,Mono-NC,TRM,1.9471061,0.0
HLA-C,HLA-C,3.2565622,1.0,LILRB1,LILRB1,0.6366831,0.6141479099678456,CD8 T,Mono-C,1.9466226,0.0
CLEC2D,CLEC2D,0.8850114,0.6182572614107884,KLRB1,KLRB1,3.007725,0.98,NK-CD16+,CD8 T,1.9463682,0.0
S100A4,S100A4,3.7376943,1.0,CCR5,CCR5,0.15471545,0.1400560224089636,Mono-NC,CD4 T,1.9462049,0.0
HLA-DRA,HLA-DRA,3.0000286,0.9871382636655949,CD4,CD4,0.89178056,0.7556270096463023,Mono-C,Mono-C,1.9459046,0.0
S100A9,S100A9,2.4333746,0.9393939393939394,CD68,CD68,1.4572712,0.9035369774919614,Mono-NC,Mono-C,1.945323,0.0
HLA-C,HLA-C,3.712681,1.0,CD8B,CD8B,0.1760683,0.10084033613445378,γδ T,CD4 T,1.9443747,0.0
HLA-B,HLA-B,3.2511985,0.9891640866873065,LILRB1,LILRB1,0.6366831,0.6141479099678456,NK-CD16-,Mono-C,1.9439409,0.0
HLA-B,HLA-B,3.4011884,1.0,LILRB1,LILRB1,0.48631135,0.5176211453744494,CD8 T,TRM,1.9437499,0.0
HLA-B,HLA-B,2.9927983,1.0,LILRB2,LILRB2,0.89341325,0.7268722466960352,Mono-NC,TRM,1.9431058,0.0
HLA-E,HLA-E,2.0044045,0.934984520123839,KLRD1,KLRC1_KLRD1,1.8809955,0.8513931888544891,NK-CD16-,NK-CD16-,1.9427,0.0
AGTRAP,AGTRAP,0.84341264,0.7459807073954984,RACK1,RACK1,3.0416338,1.0,Mono-C,B,1.9425232,0.0
S100A8,S100A8,2.1279328,0.6718061674008811,ITGB2,ITGB2,1.7561089,0.933920704845815,TRM,TRM,1.9420209,0.0
CCL5,CCL5,3.6524951,0.9923469387755102,CCR1,CCR1,0.23124483,0.3082706766917293,γδ T,cDC2,1.94187,0.0
CCL5,CCL5,3.6524951,0.9923469387755102,DPP4,DPP4,0.23118375,0.21288515406162464,γδ T,CD4 T,1.9418395,0.0
HLA-C,HLA-C,3.712681,1.0,CD8A,CD8A,0.17009616,0.11204481792717087,γδ T,CD4 T,1.9413886,0.0
HLA-A,HLA-A,3.7315445,1.0,APLP2,APLP2,0.15077338,0.14565826330532214,Treg,CD4 T,1.9411589,0.017
HLA-C,HLA-C,3.712681,1.0,LILRB1,LILRB1,0.16951409,0.14522821576763487,γδ T,NK-CD16+,1.9410976,0.0
HLA-E,HLA-E,2.2609172,0.9849624060150376,CD8A,CD8A,1.6204809,0.7806122448979592,B,γδ T,1.9406991,0.0
HLA-A,HLA-A,3.5172474,0.9974489795918368,APLP2,APLP2,0.36272556,0.2946058091286307,γδ T,NK-CD16+,1.9399865,0.0
HLA-B,HLA-B,3.4011884,1.0,LILRA1,LILRA1,0.47775728,0.5080385852090032,CD8 T,Mono-C,1.9394728,0.0
CCL5,CCL5,3.6524951,0.9923469387755102,CXCR3,CXCR3,0.22554833,0.19327731092436976,γδ T,CD4 T,1.9390217,0.0
APP,APP,0.36090353,0.41479099678456594,CD74,CD74,3.5137818,0.9933920704845814,Mono-C,TRM,1.9373426,0.0
PSAP,PSAP,2.863864,1.0,LRP1,LRP1,1.0102887,0.8360128617363344,Mono-NC,Mono-C,1.9370763,0.0
HLA-A,HLA-A,2.9807122,0.988795518207283,LILRB2,LILRB2,0.89341325,0.7268722466960352,CD4 T,TRM,1.9370627,0.0
HLA-A,HLA-A,3.7315445,1.0,LILRB1,LILRB1,0.13692278,0.14285714285714285,Treg,B,1.9342337,0.0
LTB,LTB,3.6214523,1.0,TNFRSF1A,TNFRSF1A,0.24602178,0.226890756302521,CD8 T,CD4 T,1.933737,0.0
HLA-E,HLA-E,2.7714274,0.991701244813278,CD8B,CD8B,1.0948339,0.6658163265306123,NK-CD16+,γδ T,1.9331306,0.0
HLA-A,HLA-A,2.9714544,0.9814241486068112,LILRB2,LILRB2,0.89341325,0.7268722466960352,NK-CD16-,TRM,1.9324338,0.0
CCL5,CCL5,3.529819,0.955108359133127,CCR5,CCR5,0.33249417,0.2755102040816326,NK-CD16-,γδ T,1.9311566,0.0
HLA-B,HLA-B,3.013114,0.9933920704845814,LILRA1,LILRA1,0.848199,0.8181818181818182,TRM,Mono-NC,1.9306564,0.0
S100A4,S100A4,3.7376943,1.0,ERBB2,ERBB2,0.1201962,0.1037344398340249,Mono-NC,NK-CD16+,1.9289452,0.0
VCAN,VCAN,2.9436893,0.9903536977491961,SELL,SELL,0.9139811,0.7234726688102894,Mono-C,Mono-C,1.9288352,0.0
HLA-A,HLA-A,2.7621684,0.9967845659163987,CD8B,CD8B,1.0948339,0.6658163265306123,Mono-C,γδ T,1.9285011,0.0
LGALS1,LGALS1,1.4724506,0.7385892116182573,PTPRC,PTPRC,2.3810167,0.9821428571428571,NK-CD16+,γδ T,1.9267337,0.0
HLA-E,HLA-E,2.2321634,0.9607843137254902,CD8A,CD8A,1.6204809,0.7806122448979592,CD4 T,γδ T,1.9263222,0.0
HLA-A,HLA-A,2.8019953,1.0,LILRB2,LILRB2,1.0501987,0.7909967845659164,CD8 T,Mono-C,1.9260969,0.0
S100A4,S100A4,3.6875837,0.9967845659163987,CCR5,CCR5,0.16453725,0.2669172932330827,Mono-C,cDC2,1.9260604,0.0
HLA-A,HLA-A,3.7315445,1.0,ERBB2,ERBB2,0.1201962,0.1037344398340249,Treg,NK-CD16+,1.9258703,0.0
HLA-C,HLA-C,3.712681,1.0,LILRB1,LILRB1,0.13692278,0.14285714285714285,γδ T,B,1.924802,0.0
HLA-C,HLA-C,3.000799,1.0,LILRA1,LILRA1,0.848199,0.8181818181818182,Mono-NC,Mono-NC,1.924499,0.0
HLA-A,HLA-A,2.7541637,0.9845814977973568,CD8B,CD8B,1.0948339,0.6658163265306123,TRM,γδ T,1.9244988,0.0
CD48,CD48,1.3384117,0.7478991596638656,CD2,CD2,2.5105412,1.0,CD4 T,Treg,1.9244764,0.0
HLA-B,HLA-B,3.013114,0.9933920704845814,CD8A,CD8A,0.8343133,0.46887966804979253,TRM,NK-CD16+,1.9237137,0.0
CCL5,CCL5,3.529819,0.955108359133127,CCR1,CCR1,0.3167034,0.3787878787878788,NK-CD16-,Mono-NC,1.9232612,0.0
TIMP1,TIMP1,2.8785126,0.8964757709251101,CD63,CD63,0.9669033,0.6330532212885154,TRM,CD4 T,1.922708,0.0
CCL5,CCL5,3.529819,0.955108359133127,SDC4,SDC4,0.31436065,0.2962962962962963,NK-CD16-,Treg,1.9220898,0.0
S100A4,S100A4,3.6875837,0.9967845659163987,CCR5,CCR5,0.15471545,0.1400560224089636,Mono-C,CD4 T,1.9211496,0.0
TIMP1,TIMP1,1.9573653,0.9696969696969697,CD63,CD63,1.8841724,0.92,Mono-NC,CD8 T,1.9207689,0.0
HLA-B,HLA-B,2.9927983,1.0,LILRA1,LILRA1,0.848199,0.8181818181818182,Mono-NC,Mono-NC,1.9204986,0.0
HLA-A,HLA-A,3.7315445,1.0,LILRA1,LILRA1,0.10759691,0.22180451127819548,Treg,cDC2,1.9195707,0.0
HLA-A,HLA-A,3.4756718,1.0,APLP2,APLP2,0.36272556,0.2946058091286307,NK-CD16+,NK-CD16+,1.9191986,0.0
CLEC2D,CLEC2D,0.8305881,0.576530612244898,KLRB1,KLRB1,3.007725,0.98,γδ T,CD8 T,1.9191566,0.0
HLA-C,HLA-C,3.000799,1.0,CD8A,CD8A,0.8343133,0.46887966804979253,Mono-NC,NK-CD16+,1.917556,0.0
CCL5,CCL5,3.6524951,0.9923469387755102,CCR1,CCR1,0.18202607,0.14860681114551083,γδ T,NK-CD16-,1.9172606,0.0
S100A9,S100A9,2.8765604,0.775330396475771,ITGB2,ITGB2,0.95731455,0.5820433436532507,TRM,NK-CD16-,1.9169375,0.0
S100A8,S100A8,2.1279328,0.6718061674008811,ITGB2,ITGB2,1.7057548,0.8458646616541353,TRM,cDC2,1.9168438,0.0
HLA-DRB1,HLA-DRB1,3.2675595,0.9285714285714286,LAG3,LAG3,0.5634088,0.41836734693877553,cDC2,γδ T,1.9154842,0.0
TNFSF13B,TNFSF13B,1.1212561,0.8167202572347267,HLA-DPB1,HLA-DPB1,2.7090728,0.947136563876652,Mono-C,TRM,1.9151645,0.0
HLA-DPA1,HLA-DPA1,3.0290613,1.0,CD4,CD4,0.8007195,0.7290748898678414,B,TRM,1.9148904,0.0
HLA-A,HLA-A,2.9807122,0.988795518207283,LILRA1,LILRA1,0.848199,0.8181818181818182,CD4 T,Mono-NC,1.9144557,0.0
HLA-B,HLA-B,2.9927983,1.0,CD8A,CD8A,0.8343133,0.46887966804979253,Mono-NC,NK-CD16+,1.9135559,0.0
CCL5,CCL5,3.6524951,0.9923469387755102,DPP4,DPP4,0.17366476,0.12,γδ T,CD8 T,1.91308,0.0
LTB,LTB,3.6214523,1.0,CD40,CD40,0.20363815,0.2599118942731278,CD8 T,TRM,1.9125452,0.0
HLA-A,HLA-A,3.5172474,0.9974489795918368,APLP2,APLP2,0.30778763,0.2706766917293233,γδ T,B,1.9125175,0.003
VCAN,VCAN,2.9436893,0.9903536977491961,CD44,CD44,0.88101256,0.5712074303405573,Mono-C,NK-CD16-,1.9123509,0.0
HLA-DPA1,HLA-DPA1,2.878776,0.9515418502202643,CD4,CD4,0.9452533,0.8484848484848485,TRM,Mono-NC,1.9120147,0.0
HLA-DPA1,HLA-DPA1,2.7644343,1.0,CD4,CD4,1.0583234,0.7037037037037037,Mono-NC,Treg,1.9113789,0.0
HLA-E,HLA-E,1.9404597,0.9,KLRD1,KLRC1_KLRD1,1.8809955,0.8513931888544891,CD8 T,NK-CD16-,1.9107276,0.0
HLA-A,HLA-A,3.5172474,0.9974489795918368,LILRB1,LILRB1,0.30403018,0.4473684210526316,γδ T,cDC2,1.9106388,0.0
HLA-C,HLA-C,3.712681,1.0,LILRA1,LILRA1,0.10759691,0.22180451127819548,γδ T,cDC2,1.910139,0.0
HLA-A,HLA-A,2.9714544,0.9814241486068112,LILRA1,LILRA1,0.848199,0.8181818181818182,NK-CD16-,Mono-NC,1.9098268,0.0
HLA-C,HLA-C,2.9255548,1.0,LILRB2,LILRB2,0.89341325,0.7268722466960352,B,TRM,1.909484,0.0
APP,APP,0.30374342,0.41409691629955947,CD74,CD74,3.5137818,0.9933920704845814,TRM,TRM,1.9087626,0.0
CCL5,CCL5,3.6524951,0.9923469387755102,CCR5,CCR5,0.16453725,0.2669172932330827,γδ T,cDC2,1.9085162,0.0
HLA-A,HLA-A,2.9807122,0.988795518207283,CD8A,CD8A,0.8343133,0.46887966804979253,CD4 T,NK-CD16+,1.9075127,0.0
CD14,CD14,2.6164467,0.9559471365638766,ITGB1,ITGB1,1.1977223,0.8568281938325991,TRM,TRM,1.9070845,0.0
HLA-DQB1,HLA-DQB1,3.0126412,0.9285714285714286,CD4,CD4,0.8007195,0.7290748898678414,cDC2,TRM,1.9066803,0.0
HLA-A,HLA-A,1.9617087,0.8571428571428571,APLP2,APLP2,1.8513042,0.9710610932475884,cDC2,Mono-C,1.9065064,0.0
HLA-A,HLA-A,2.7621684,0.9967845659163987,LILRB2,LILRB2,1.0501987,0.7909967845659164,Mono-C,Mono-C,1.9061835,0.0
LTB,LTB,2.833597,0.9259259259259259,TNFRSF1A,TNFRSF1A,0.9779132,0.8039647577092511,Treg,TRM,1.905755,0.0
HLA-A,HLA-A,3.5172474,0.9974489795918368,LILRB2,LILRB2,0.29402286,0.3609022556390977,γδ T,cDC2,1.9056351,0.0
HLA-C,HLA-C,3.507225,1.0,LILRB1,LILRB1,0.30403018,0.4473684210526316,Treg,cDC2,1.9056276,0.0
S100A9,S100A9,2.8765604,0.775330396475771,CD68,CD68,0.93253684,0.6954887218045113,TRM,cDC2,1.9045486,0.0
S100A9,S100A9,2.8765604,0.775330396475771,ITGB2,ITGB2,0.93231255,0.5994897959183674,TRM,γδ T,1.9044365,0.0
CCL5,CCL5,3.529819,0.955108359133127,CCRL2,CCRL2,0.2782735,0.34140969162995594,NK-CD16-,TRM,1.9040463,0.0
S100A4,S100A4,3.6875837,0.9967845659163987,ERBB2,ERBB2,0.1201962,0.1037344398340249,Mono-C,NK-CD16+,1.9038899,0.0
CCL5,CCL5,3.6524951,0.9923469387755102,CCR5,CCR5,0.15471545,0.1400560224089636,γδ T,CD4 T,1.9036053,0.0
HLA-A,HLA-A,2.9714544,0.9814241486068112,CD8A,CD8A,0.8343133,0.46887966804979253,NK-CD16-,NK-CD16+,1.9028838,0.0
HLA-DQA1,HLA-DQA1,2.746594,0.9022556390977443,CD4,CD4,1.0583234,0.7037037037037037,cDC2,Treg,1.9024587,0.0
HLA-A,HLA-A,2.7541637,0.9845814977973568,LILRB2,LILRB2,1.0501987,0.7909967845659164,TRM,Mono-C,1.9021811,0.0
HLA-C,HLA-C,3.507225,1.0,LILRB2,LILRB2,0.29402286,0.3609022556390977,Treg,cDC2,1.9006239,0.003
HLA-DRA,HLA-DRA,3.0000286,0.9871382636655949,CD4,CD4,0.8007195,0.7290748898678414,Mono-C,TRM,1.900374,0.0
HLA-B,HLA-B,2.9044526,1.0,LILRB2,LILRB2,0.89341325,0.7268722466960352,B,TRM,1.8989329,0.0
CCL5,CCL5,3.6524951,0.9923469387755102,SDC4,SDC4,0.14466937,0.2026431718061674,γδ T,TRM,1.8985822,0.0
CCL5,CCL5,3.529819,0.955108359133127,CCR5,CCR5,0.26665843,0.2222222222222222,NK-CD16-,Treg,1.8982387,0.0
CCL5,CCL5,3.529819,0.955108359133127,CCR5,CCR5,0.26654285,0.3524229074889868,NK-CD16-,TRM,1.898181,0.0
COPA,COPA,0.282007,0.40225563909774437,CD74,CD74,3.5137818,0.9933920704845814,cDC2,TRM,1.8978944,0.0
HLA-C,HLA-C,3.2823513,0.9891640866873065,CD8B,CD8B,0.51036483,0.3153526970954357,NK-CD16-,NK-CD16+,1.896358,0.0
S100A9,S100A9,2.4333746,0.9393939393939394,CD36,CD36,1.3569703,0.8713826366559485,Mono-NC,Mono-C,1.8951725,0.0
VCAN,VCAN,2.9436893,0.9903536977491961,ITGA4,ITGA4,0.84618366,0.803030303030303,Mono-C,Mono-NC,1.8949366,0.0
HLA-DPA1,HLA-DPA1,3.0290613,1.0,CD4,CD4,0.7606554,0.6428571428571429,B,cDC2,1.8948584,0.0
HLA-B,HLA-B,3.1520638,0.988795518207283,LILRB1,LILRB1,0.6366831,0.6141479099678456,CD4 T,Mono-C,1.8943734,0.0
S100A8,S100A8,2.1279328,0.6718061674008811,CD68,CD68,1.6607586,0.9545454545454546,TRM,Mono-NC,1.8943458,0.0
COPA,COPA,0.27266708,0.24489795918367346,CD74,CD74,3.5137818,0.9933920704845814,γδ T,TRM,1.8932245,0.0
HLA-C,HLA-C,2.8911917,0.9903536977491961,LILRB2,LILRB2,0.89341325,0.7268722466960352,Mono-C,TRM,1.8923025,0.0
HLA-A,HLA-A,3.4756718,1.0,APLP2,APLP2,0.30778763,0.2706766917293233,NK-CD16+,B,1.8917297,0.013
TIMP1,TIMP1,1.4424344,0.842443729903537,CD63,CD63,2.3396325,0.9613003095975232,Mono-C,NK-CD16-,1.8910334,0.0
COPA,COPA,0.2675144,0.22406639004149378,CD74,CD74,3.5137818,0.9933920704845814,NK-CD16+,TRM,1.8906481,0.0
CLEC2D,CLEC2D,0.7723496,0.5864661654135338,KLRB1,KLRB1,3.007725,0.98,B,CD8 T,1.8900373,0.0
HLA-A,HLA-A,3.4756718,1.0,LILRB1,LILRB1,0.30403018,0.4473684210526316,NK-CD16+,cDC2,1.889851,0.0
CCL5,CCL5,3.070842,0.9087136929460581,CCR1,CCR1,0.708821,0.639871382636656,NK-CD16+,Mono-C,1.8898315,0.0
HLA-C,HLA-C,3.2688797,0.988795518207283,CD8B,CD8B,0.51036483,0.3153526970954357,CD4 T,NK-CD16+,1.8896222,0.0
HLA-B,HLA-B,3.4723597,1.0,LILRB1,LILRB1,0.30403018,0.4473684210526316,NK-CD16+,cDC2,1.8881949,0.0
CD48,CD48,1.3384117,0.7478991596638656,CD2,CD2,2.437096,0.9056122448979592,CD4 T,γδ T,1.887754,0.0
HLA-C,HLA-C,2.9255548,1.0,LILRA1,LILRA1,0.848199,0.8181818181818182,B,Mono-NC,1.8868768,0.0
HLA-DQB1,HLA-DQB1,3.0126412,0.9285714285714286,CD4,CD4,0.7606554,0.6428571428571429,cDC2,cDC2,1.8866483,0.0
CCL5,CCL5,3.6524951,0.9923469387755102,CCRL2,CCRL2,0.11924693,0.18181818181818182,γδ T,Mono-NC,1.885871,0.0
CCL5,CCL5,3.6524951,0.9923469387755102,DPP4,DPP4,0.11836013,0.1111111111111111,γδ T,Treg,1.8854276,0.0
HLA-DPA1,HLA-DPA1,2.878776,0.9515418502202643,CD4,CD4,0.89178056,0.7556270096463023,TRM,Mono-C,1.8852783,0.0
HLA-A,HLA-A,3.4756718,1.0,LILRB2,LILRB2,0.29402286,0.3609022556390977,NK-CD16+,cDC2,1.8848473,0.0
TNFSF13B,TNFSF13B,0.4346889,0.28291316526610644,HLA-DPB1,HLA-DPB1,3.3348026,1.0,CD4 T,B,1.8847457,0.0
CD14,CD14,2.6164467,0.9559471365638766,ITGB1,ITGB1,1.1527835,0.74,TRM,CD8 T,1.8846152,0.0
HLA-C,HLA-C,3.2823513,0.9891640866873065,LILRB1,LILRB1,0.48631135,0.5176211453744494,NK-CD16-,TRM,1.8843313,0.0
CLEC2D,CLEC2D,0.7607774,0.5185185185185185,KLRB1,KLRB1,3.007725,0.98,Treg,CD8 T,1.8842512,0.0
HLA-B,HLA-B,3.4639976,1.0,LILRB1,LILRB1,0.30403018,0.4473684210526316,Treg,cDC2,1.8840139,0.0
HLA-DPB1,HLA-DPB1,2.7090728,0.947136563876652,CD4,CD4,1.0583234,0.7037037037037037,TRM,Treg,1.8836981,0.0
HLA-C,HLA-C,3.2565622,1.0,CD8B,CD8B,0.51036483,0.3153526970954357,CD8 T,NK-CD16+,1.8834635,0.0
HLA-B,HLA-B,3.4723597,1.0,LILRB2,LILRB2,0.29402286,0.3609022556390977,NK-CD16+,cDC2,1.8831912,0.0
CCL5,CCL5,3.6524951,0.9923469387755102,SDC4,SDC4,0.11359851,0.12,γδ T,CD8 T,1.8830469,0.0
CD14,CD14,2.6164467,0.9559471365638766,ITGB1,ITGB1,1.14894,0.7136929460580913,TRM,NK-CD16+,1.8826933,0.0
HLA-B,HLA-B,3.1274333,1.0,LILRB1,LILRB1,0.6366831,0.6141479099678456,Mono-C,Mono-C,1.8820581,0.0
LTB,LTB,3.6214523,1.0,CD40,CD40,0.14197683,0.24242424242424243,CD8 T,Mono-NC,1.8817146,0.0
VCAN,VCAN,2.9436893,0.9903536977491961,ITGB1,ITGB1,0.8193306,0.7588424437299035,Mono-C,Mono-C,1.88151,0.0
HLA-B,HLA-B,3.2511985,0.9891640866873065,CD8B,CD8B,0.51036483,0.3153526970954357,NK-CD16-,NK-CD16+,1.8807817,0.0
CCL5,CCL5,3.529819,0.955108359133127,CCR1,CCR1,0.23124483,0.3082706766917293,NK-CD16-,cDC2,1.8805319,0.0
CCL5,CCL5,3.529819,0.955108359133127,DPP4,DPP4,0.23118375,0.21288515406162464,NK-CD16-,CD4 T,1.8805014,0.0
HLA-DRA,HLA-DRA,3.0000286,0.9871382636655949,CD4,CD4,0.7606554,0.6428571428571429,Mono-C,cDC2,1.880342,0.0
HLA-A,HLA-A,2.665314,0.9924812030075187,CD8B,CD8B,1.0948339,0.6658163265306123,B,γδ T,1.8800739,0.0
HLA-C,HLA-C,3.2823513,0.9891640866873065,LILRA1,LILRA1,0.47775728,0.5080385852090032,NK-CD16-,Mono-C,1.8800542,0.0
HLA-C,HLA-C,2.9255548,1.0,CD8A,CD8A,0.8343133,0.46887966804979253,B,NK-CD16+,1.8799341,0.001
TNFSF13B,TNFSF13B,0.42461497,0.4699248120300752,HLA-DPB1,HLA-DPB1,3.3348026,1.0,cDC2,B,1.8797088,0.0
HLA-B,HLA-B,3.4639976,1.0,LILRB2,LILRB2,0.29402286,0.3609022556390977,Treg,cDC2,1.8790102,0.001
CLEC2D,CLEC2D,0.74860984,0.5350140056022409,KLRB1,KLRB1,3.007725,0.98,CD4 T,CD8 T,1.8781674,0.0
HLA-A,HLA-A,3.5172474,0.9974489795918368,LILRA1,LILRA1,0.23902263,0.29295154185022027,γδ T,TRM,1.8781351,0.0
CD99,CD99,1.6667216,0.9004149377593361,CD81,CD81,2.0887177,0.92,NK-CD16+,CD8 T,1.8777196,0.0
CCL5,CCL5,3.529819,0.955108359133127,CXCR3,CXCR3,0.22554833,0.19327731092436976,NK-CD16-,CD4 T,1.8776836,0.0
HLA-C,HLA-C,3.2688797,0.988795518207283,LILRB1,LILRB1,0.48631135,0.5176211453744494,CD4 T,TRM,1.8775955,0.0
LGALS1,LGALS1,2.4424744,0.9172932330827067,PTPRC,PTPRC,1.3123608,0.6954887218045113,cDC2,cDC2,1.8774176,0.0
TGFB1,TGFB1,1.2064602,0.9242424242424242,CXCR4,CXCR4,2.5478263,0.8,Mono-NC,CD8 T,1.8771433,0.0
LGALS1,LGALS1,1.4724506,0.7385892116182573,PTPRC,PTPRC,2.281296,0.9839228295819936,NK-CD16+,Mono-C,1.8768733,0.0
HLA-B,HLA-B,2.9044526,1.0,LILRA1,LILRA1,0.848199,0.8181818181818182,B,Mono-NC,1.8763258,0.0
LGALS1,LGALS1,1.0930787,0.5386996904024768,PTPRC,PTPRC,2.6577017,0.9848484848484849,NK-CD16-,Mono-NC,1.8753903,0.001
TNFSF13B,TNFSF13B,1.3735859,0.86,HLA-DPB1,HLA-DPB1,2.375882,0.9696969696969697,CD8 T,Mono-NC,1.8747339,0.0
CCL5,CCL5,3.070842,0.9087136929460581,CXCR3,CXCR3,0.67741656,0.4923469387755102,NK-CD16+,γδ T,1.8741293,0.0
LGALS1,LGALS1,2.4346786,1.0,PTPRC,PTPRC,1.3123608,0.6954887218045113,Mono-NC,cDC2,1.8735197,0.012
HLA-C,HLA-C,3.2688797,0.988795518207283,LILRA1,LILRA1,0.47775728,0.5080385852090032,CD4 T,Mono-C,1.8733184,0.0
HLA-C,HLA-C,3.507225,1.0,LILRA1,LILRA1,0.23902263,0.29295154185022027,Treg,TRM,1.8731239,0.0
COPA,COPA,0.23228839,0.19659442724458204,CD74,CD74,3.5137818,0.9933920704845814,NK-CD16-,TRM,1.8730351,0.0
HLA-C,HLA-C,3.2565622,1.0,LILRB1,LILRB1,0.48631135,0.5176211453744494,CD8 T,TRM,1.8714368,0.001
HLA-C,HLA-C,2.8488104,0.9889867841409692,LILRB2,LILRB2,0.89341325,0.7268722466960352,TRM,TRM,1.8711119,0.0
LGALS1,LGALS1,2.429435,0.9807073954983923,PTPRC,PTPRC,1.3123608,0.6954887218045113,Mono-C,cDC2,1.8708979,0.0
HLA-C,HLA-C,2.8911917,0.9903536977491961,LILRA1,LILRA1,0.848199,0.8181818181818182,Mono-C,Mono-NC,1.8696954,0.0
HLA-B,HLA-B,2.9044526,1.0,CD8A,CD8A,0.8343133,0.46887966804979253,B,NK-CD16+,1.8693829,0.0
TGFB1,TGFB1,1.1898917,0.8392070484581498,CXCR4,CXCR4,2.5478263,0.8,TRM,CD8 T,1.868859,0.0
HLA-B,HLA-B,3.2511985,0.9891640866873065,LILRB1,LILRB1,0.48631135,0.5176211453744494,NK-CD16-,TRM,1.868755,0.0
COPA,COPA,0.22268572,0.22556390977443608,CD74,CD74,3.5137818,0.9933920704845814,B,TRM,1.8682338,0.0
HLA-A,HLA-A,3.5172474,0.9974489795918368,APLP2,APLP2,0.21861476,0.1780185758513932,γδ T,NK-CD16-,1.8679311,0.0
HLA-C,HLA-C,3.2565622,1.0,LILRA1,LILRA1,0.47775728,0.5080385852090032,CD8 T,Mono-C,1.8671597,0.0
COPA,COPA,0.22051787,0.20448179271708683,CD74,CD74,3.5137818,0.9933920704845814,CD4 T,TRM,1.8671498,0.0
CD48,CD48,1.223719,0.7407407407407407,CD2,CD2,2.5105412,1.0,Treg,Treg,1.86713,0.0
GRN,GRN,2.1633158,0.9903536977491961,TNFRSF1B,TNFRSF1B,1.5683897,0.9389067524115756,Mono-C,Mono-C,1.8658527,0.0
HLA-B,HLA-B,3.426832,0.9948979591836735,LILRB1,LILRB1,0.30403018,0.4473684210526316,γδ T,cDC2,1.8654311,0.0
HLA-B,HLA-B,3.2511985,0.9891640866873065,LILRA1,LILRA1,0.47775728,0.5080385852090032,NK-CD16-,Mono-C,1.8644779,0.0
GRN,GRN,1.5962931,0.793233082706767,TNFRSF1B,TNFRSF1B,2.1318145,1.0,cDC2,Mono-NC,1.8640537,0.0
LGALS1,LGALS1,2.4146504,0.933920704845815,PTPRC,PTPRC,1.3123608,0.6954887218045113,TRM,cDC2,1.8635056,0.0
HLA-C,HLA-C,2.8911917,0.9903536977491961,CD8A,CD8A,0.8343133,0.46887966804979253,Mono-C,NK-CD16+,1.8627524,0.0
HLA-B,HLA-B,3.426832,0.9948979591836735,LILRB2,LILRB2,0.29402286,0.3609022556390977,γδ T,cDC2,1.8604274,0.0
HLA-A,HLA-A,2.480993,1.0,LILRB1,LILRB1,1.2360857,0.9242424242424242,Mono-NC,Mono-NC,1.8585393,0.0
HLA-A,HLA-A,2.665314,0.9924812030075187,LILRB2,LILRB2,1.0501987,0.7909967845659164,B,Mono-C,1.8577564,0.0
HLA-A,HLA-A,3.4756718,1.0,LILRA1,LILRA1,0.23902263,0.29295154185022027,NK-CD16+,TRM,1.8573472,0.0
CCL5,CCL5,3.529819,0.955108359133127,CCR1,CCR1,0.18202607,0.14860681114551083,NK-CD16-,NK-CD16-,1.8559226,0.0
HLA-B,HLA-B,3.4723597,1.0,LILRA1,LILRA1,0.23902263,0.29295154185022027,NK-CD16+,TRM,1.8556912,0.0
HLA-DPA1,HLA-DPA1,2.7644343,1.0,CD4,CD4,0.9452533,0.8484848484848485,Mono-NC,Mono-NC,1.8548439,0.0
TIMP1,TIMP1,1.9573653,0.9696969696969697,CD63,CD63,1.7522402,0.8421052631578947,Mono-NC,cDC2,1.8548027,0.0
VCAN,VCAN,2.9436893,0.9903536977491961,CD44,CD44,0.7647949,0.6090225563909775,Mono-C,cDC2,1.8542421,0.0
COPA,COPA,0.19432183,0.16,CD74,CD74,3.5137818,0.9933920704845814,CD8 T,TRM,1.8540518,0.0
HLA-A,HLA-A,1.9617087,0.8571428571428571,LILRB2,LILRB2,1.7463557,1.0,cDC2,Mono-NC,1.8540322,0.0
HLA-DRA,HLA-DRA,3.1423907,1.0,LAG3,LAG3,0.5634088,0.41836734693877553,Mono-NC,γδ T,1.8528998,0.0
CD14,CD14,2.6164467,0.9559471365638766,ITGB1,ITGB1,1.0891075,0.6965944272445821,TRM,NK-CD16-,1.8527771,0.0
HLA-B,HLA-B,3.4011884,1.0,LILRB1,LILRB1,0.30403018,0.4473684210526316,CD8 T,cDC2,1.8526093,0.0
CCL5,CCL5,3.529819,0.955108359133127,DPP4,DPP4,0.17366476,0.12,NK-CD16-,CD8 T,1.8517419,0.0
HLA-B,HLA-B,3.4639976,1.0,LILRA1,LILRA1,0.23902263,0.29295154185022027,Treg,TRM,1.8515102,0.0
HLA-A,HLA-A,3.5172474,0.9974489795918368,APLP2,APLP2,0.18014763,0.14795918367346939,γδ T,γδ T,1.8486975,0.022
HLA-C,HLA-C,2.8488104,0.9889867841409692,LILRA1,LILRA1,0.848199,0.8181818181818182,TRM,Mono-NC,1.8485048,0.0
HLA-A,HLA-A,2.8019953,1.0,LILRB2,LILRB2,0.89341325,0.7268722466960352,CD8 T,TRM,1.8477043,0.0
HLA-B,HLA-B,3.4011884,1.0,LILRB2,LILRB2,0.29402286,0.3609022556390977,CD8 T,cDC2,1.8476056,0.004
CCL5,CCL5,3.529819,0.955108359133127,CCR5,CCR5,0.16453725,0.2669172932330827,NK-CD16-,cDC2,1.8471781,0.0
HLA-A,HLA-A,3.4756718,1.0,APLP2,APLP2,0.21861476,0.1780185758513932,NK-CD16+,NK-CD16-,1.8471433,0.031
HLA-A,HLA-A,3.5172474,0.9974489795918368,CD8B,CD8B,0.1760683,0.10084033613445378,γδ T,CD4 T,1.8466579,0.0
LGALS9,LGALS9,1.0351217,0.9090909090909091,PTPRC,PTPRC,2.6577017,0.9848484848484849,Mono-NC,Mono-NC,1.8464117,0.0
VCAN,VCAN,2.9436893,0.9903536977491961,TLR2,TLR2,0.7481718,0.684887459807074,Mono-C,Mono-C,1.8459306,0.0
HLA-DQA1,HLA-DQA1,2.746594,0.9022556390977443,CD4,CD4,0.9452533,0.8484848484848485,cDC2,Mono-NC,1.8459237,0.0
PSAP,PSAP,2.6777368,1.0,LRP1,LRP1,1.0102887,0.8360128617363344,Mono-C,Mono-C,1.8440127,0.0
HLA-A,HLA-A,3.5172474,0.9974489795918368,CD8A,CD8A,0.17009616,0.11204481792717087,γδ T,CD4 T,1.8436718,0.0
HLA-A,HLA-A,3.5172474,0.9974489795918368,LILRB1,LILRB1,0.16951409,0.14522821576763487,γδ T,NK-CD16+,1.8433808,0.0
CCL5,CCL5,3.529819,0.955108359133127,CCR5,CCR5,0.15471545,0.1400560224089636,NK-CD16-,CD4 T,1.8422673,0.0
HLA-C,HLA-C,3.507225,1.0,CD8B,CD8B,0.1760683,0.10084033613445378,Treg,CD4 T,1.8416467,0.008
HLA-C,HLA-C,2.8488104,0.9889867841409692,CD8A,CD8A,0.8343133,0.46887966804979253,TRM,NK-CD16+,1.8415618,0.0
HLA-DPA1,HLA-DPA1,2.878776,0.9515418502202643,CD4,CD4,0.8007195,0.7290748898678414,TRM,TRM,1.8397478,0.0
APP,APP,0.16368459,0.24242424242424243,CD74,CD74,3.5137818,0.9933920704845814,Mono-NC,TRM,1.8387332,0.0
HLA-C,HLA-C,3.507225,1.0,LILRB1,LILRB1,0.16951409,0.14522821576763487,Treg,NK-CD16+,1.8383696,0.008
LGALS1,LGALS1,1.0185882,0.5612244897959183,PTPRC,PTPRC,2.6577017,0.9848484848484849,γδ T,Mono-NC,1.838145,0.013
TIMP1,TIMP1,2.8785126,0.8964757709251101,CD63,CD63,0.7977351,0.5925925925925926,TRM,Treg,1.8381238,0.0
LTB,LTB,2.833597,0.9259259259259259,CD40,CD40,0.8423143,0.631578947368421,Treg,B,1.8379556,0.0
VCAN,VCAN,2.9436893,0.9903536977491961,CD44,CD44,0.7310221,0.6466165413533834,Mono-C,B,1.8373557,0.0
CCL5,CCL5,3.529819,0.955108359133127,SDC4,SDC4,0.14466937,0.2026431718061674,NK-CD16-,TRM,1.8372442,0.0
CD14,CD14,2.6164467,0.9559471365638766,ITGB2,ITGB2,1.0578327,0.7037037037037037,TRM,Treg,1.8371397,0.0
HLA-E,HLA-E,2.0511498,0.9823788546255506,CD8A,CD8A,1.6204809,0.7806122448979592,TRM,γδ T,1.8358154,0.0
CD52,CD52,2.7944887,0.9591836734693877,SIGLEC10,SIGLEC10,0.8756948,0.7727272727272727,γδ T,Mono-NC,1.8350917,0.0
HLA-DPB1,HLA-DPB1,3.3348026,1.0,CD4,CD4,0.33111274,0.2801120448179272,B,CD4 T,1.8329577,0.0
HLA-B,HLA-B,3.426832,0.9948979591836735,LILRA1,LILRA1,0.23902263,0.29295154185022027,γδ T,TRM,1.8329273,0.0
HLA-E,HLA-E,2.044082,0.9807073954983923,CD8A,CD8A,1.6204809,0.7806122448979592,Mono-C,γδ T,1.8322814,0.0
HLA-B,HLA-B,3.1520638,0.988795518207283,CD8B,CD8B,0.51036483,0.3153526970954357,CD4 T,NK-CD16+,1.8312143,0.0
CD48,CD48,1.223719,0.7407407407407407,CD2,CD2,2.437096,0.9056122448979592,Treg,γδ T,1.8304076,0.0
VCAN,VCAN,1.6373343,0.6101321585903083,CD44,CD44,2.020819,0.977491961414791,TRM,Mono-C,1.8290766,0.0
VCAN,VCAN,2.9436893,0.9903536977491961,ITGB1,ITGB1,0.7144593,0.6296296296296297,Mono-C,Treg,1.8290744,0.0
PSAP,PSAP,2.8930304,0.9911894273127754,LRP1,LRP1,0.7638819,0.7400881057268722,TRM,TRM,1.8284562,0.0
HLA-DPA1,HLA-DPA1,2.7644343,1.0,CD4,CD4,0.89178056,0.7556270096463023,Mono-NC,Mono-C,1.8281075,0.0
HLA-A,HLA-A,2.7621684,0.9967845659163987,LILRB2,LILRB2,0.89341325,0.7268722466960352,Mono-C,TRM,1.8277909,0.0
APP,APP,0.14175355,0.15037593984962405,CD74,CD74,3.5137818,0.9933920704845814,B,TRM,1.8277676,0.0
APP,APP,0.14060517,0.22556390977443608,CD74,CD74,3.5137818,0.9933920704845814,cDC2,TRM,1.8271935,0.0
HLA-DPB1,HLA-DPB1,2.7090728,0.947136563876652,CD4,CD4,0.9452533,0.8484848484848485,TRM,Mono-NC,1.8271631,0.0
HLA-A,HLA-A,3.5172474,0.9974489795918368,LILRB1,LILRB1,0.13692278,0.14285714285714285,γδ T,B,1.8270851,0.0
HLA-DPB1,HLA-DPB1,3.3348026,1.0,LAG3,LAG3,0.31858182,0.18518518518518517,B,Treg,1.8266922,0.0
HLA-A,HLA-A,3.4756718,1.0,CD8B,CD8B,0.1760683,0.10084033613445378,NK-CD16+,CD4 T,1.82587,0.0
HLA-A,HLA-A,2.8019953,1.0,LILRA1,LILRA1,0.848199,0.8181818181818182,CD8 T,Mono-NC,1.8250971,0.0
HLA-B,HLA-B,3.013114,0.9933920704845814,LILRB1,LILRB1,0.6366831,0.6141479099678456,TRM,Mono-C,1.8248985,0.0
CCL5,CCL5,3.529819,0.955108359133127,CCRL2,CCRL2,0.11924693,0.18181818181818182,NK-CD16-,Mono-NC,1.824533,0.0
HLA-B,HLA-B,3.4723597,1.0,CD8B,CD8B,0.1760683,0.10084033613445378,NK-CD16+,CD4 T,1.824214,0.0
CCL5,CCL5,3.529819,0.955108359133127,DPP4,DPP4,0.11836013,0.1111111111111111,NK-CD16-,Treg,1.8240895,0.0
HLA-A,HLA-A,2.7541637,0.9845814977973568,LILRB2,LILRB2,0.89341325,0.7268722466960352,TRM,TRM,1.8237885,0.0
HLA-A,HLA-A,3.4756718,1.0,CD8A,CD8A,0.17009616,0.11204481792717087,NK-CD16+,CD4 T,1.822884,0.0
HLA-A,HLA-A,3.4756718,1.0,LILRB1,LILRB1,0.16951409,0.14522821576763487,NK-CD16+,NK-CD16+,1.822593,0.0
HLA-C,HLA-C,3.507225,1.0,LILRB1,LILRB1,0.13692278,0.14285714285714285,Treg,B,1.8220739,0.026
CCL5,CCL5,3.529819,0.955108359133127,SDC4,SDC4,0.11359851,0.12,NK-CD16-,CD8 T,1.8217088,0.0
HLA-B,HLA-B,3.4723597,1.0,CD8A,CD8A,0.17009616,0.11204481792717087,NK-CD16+,CD4 T,1.8212279,0.0
HLA-B,HLA-B,3.4723597,1.0,LILRB1,LILRB1,0.16951409,0.14522821576763487,NK-CD16+,NK-CD16+,1.8209369,0.0
HLA-B,HLA-B,3.4011884,1.0,LILRA1,LILRA1,0.23902263,0.29295154185022027,CD8 T,TRM,1.8201056,0.0
LGALS1,LGALS1,2.4424744,0.9172932330827067,ITGB1,ITGB1,1.1977223,0.8568281938325991,cDC2,TRM,1.8200984,0.0
HLA-B,HLA-B,3.4639976,1.0,CD8B,CD8B,0.1760683,0.10084033613445378,Treg,CD4 T,1.820033,0.003
HLA-DPA1,HLA-DPA1,2.878776,0.9515418502202643,CD4,CD4,0.7606554,0.6428571428571429,TRM,cDC2,1.8197157,0.0
TGFB1,TGFB1,1.0907497,0.8553054662379421,CXCR4,CXCR4,2.5478263,0.8,Mono-C,CD8 T,1.819288,0.0
HLA-B,HLA-B,3.1520638,0.988795518207283,LILRB1,LILRB1,0.48631135,0.5176211453744494,CD4 T,TRM,1.8191876,0.0
HLA-DQA1,HLA-DQA1,2.746594,0.9022556390977443,CD4,CD4,0.89178056,0.7556270096463023,cDC2,Mono-C,1.8191873,0.0
HLA-B,HLA-B,3.1274333,1.0,CD8B,CD8B,0.51036483,0.3153526970954357,Mono-C,NK-CD16+,1.818899,0.0
HLA-C,HLA-C,3.000799,1.0,LILRB1,LILRB1,0.6366831,0.6141479099678456,Mono-NC,Mono-C,1.8187411,0.0
HLA-A,HLA-A,3.5172474,0.9974489795918368,ERBB2,ERBB2,0.1201962,0.1037344398340249,γδ T,NK-CD16+,1.8187218,0.0
HLA-A,HLA-A,2.8019953,1.0,CD8A,CD8A,0.8343133,0.46887966804979253,CD8 T,NK-CD16+,1.8181543,0.0
GRN,GRN,2.1633158,0.9903536977491961,TNFRSF1B,TNFRSF1B,1.4723437,0.8458149779735683,Mono-C,TRM,1.8178297,0.0
VCAN,VCAN,2.9436893,0.9903536977491961,ITGA4,ITGA4,0.6913513,0.5925925925925926,Mono-C,Treg,1.8175204,0.0
LTB,LTB,2.833597,0.9259259259259259,TNFRSF1A,TNFRSF1A,0.8014042,0.7234726688102894,Treg,Mono-C,1.8175006,0.0
TIMP1,TIMP1,1.9573653,0.9696969696969697,CD63,CD63,1.6769781,0.8921161825726142,Mono-NC,NK-CD16+,1.8171717,0.0
HLA-B,HLA-B,3.4639976,1.0,LILRB1,LILRB1,0.16951409,0.14522821576763487,Treg,NK-CD16+,1.8167559,0.007
LGALS1,LGALS1,2.4346786,1.0,ITGB1,ITGB1,1.1977223,0.8568281938325991,Mono-NC,TRM,1.8162005,0.0
HLA-B,HLA-B,3.1520638,0.988795518207283,LILRA1,LILRA1,0.47775728,0.5080385852090032,CD4 T,Mono-C,1.8149105,0.0
AGTRAP,AGTRAP,0.84341264,0.7459807073954984,RACK1,RACK1,2.7862792,0.9831932773109243,Mono-C,CD4 T,1.8148459,0.0
HLA-B,HLA-B,2.9927983,1.0,LILRB1,LILRB1,0.6366831,0.6141479099678456,Mono-NC,Mono-C,1.8147407,0.0
GRN,GRN,2.060383,0.9647577092511013,TNFRSF1B,TNFRSF1B,1.5683897,0.9389067524115756,TRM,Mono-C,1.8143864,0.0
PSAP,PSAP,2.863864,1.0,LRP1,LRP1,0.7638819,0.7400881057268722,Mono-NC,TRM,1.8138729,0.0
LGALS1,LGALS1,2.429435,0.9807073954983923,ITGB1,ITGB1,1.1977223,0.8568281938325991,Mono-C,TRM,1.8135786,0.0
HLA-E,HLA-E,2.0044045,0.934984520123839,CD8A,CD8A,1.6204809,0.7806122448979592,NK-CD16-,γδ T,1.8124428,0.0
HLA-A,HLA-A,3.5172474,0.9974489795918368,LILRA1,LILRA1,0.10759691,0.22180451127819548,γδ T,cDC2,1.8124222,0.0
HLA-E,HLA-E,2.5274863,0.9872448979591837,CD8B,CD8B,1.0948339,0.6658163265306123,γδ T,γδ T,1.8111601,0.0
CD99,CD99,1.5316823,0.8622448979591837,CD81,CD81,2.0887177,0.92,γδ T,CD8 T,1.8102,0.0
HLA-A,HLA-A,2.9807122,0.988795518207283,LILRB1,LILRB1,0.6366831,0.6141479099678456,CD4 T,Mono-C,1.8086977,0.0
HLA-C,HLA-C,3.507225,1.0,LILRA1,LILRA1,0.10759691,0.22180451127819548,Treg,cDC2,1.807411,0.002
HLA-B,HLA-B,3.1274333,1.0,LILRB1,LILRB1,0.48631135,0.5176211453744494,Mono-C,TRM,1.8068724,0.0
VCAN,VCAN,2.9436893,0.9903536977491961,ITGB1,ITGB1,0.66938674,0.4733893557422969,Mono-C,CD4 T,1.8065381,0.0
HLA-A,HLA-A,3.4756718,1.0,LILRB1,LILRB1,0.13692278,0.14285714285714285,NK-CD16+,B,1.8062973,0.0
LGALS1,LGALS1,2.4146504,0.933920704845815,ITGB1,ITGB1,1.1977223,0.8568281938325991,TRM,TRM,1.8061864,0.0
VCAN,VCAN,2.9436893,0.9903536977491961,ITGA4,ITGA4,0.66753775,0.4979253112033195,Mono-C,NK-CD16+,1.8056135,0.0
AGTRAP,AGTRAP,0.84341264,0.7459807073954984,RACK1,RACK1,2.7672625,0.9887218045112782,Mono-C,cDC2,1.8053375,0.0
AGTRAP,AGTRAP,0.5689567,0.6363636363636364,RACK1,RACK1,3.0416338,1.0,Mono-NC,B,1.8052952,0.0
HLA-A,HLA-A,2.7621684,0.9967845659163987,LILRA1,LILRA1,0.848199,0.8181818181818182,Mono-C,Mono-NC,1.8051836,0.0
VCAN,VCAN,1.6373343,0.6101321585903083,CD44,CD44,1.9724663,0.8612334801762115,TRM,TRM,1.8049004,0.0
HLA-B,HLA-B,3.4723597,1.0,LILRB1,LILRB1,0.13692278,0.14285714285714285,NK-CD16+,B,1.8046412,0.0
AGTRAP,AGTRAP,0.84341264,0.7459807073954984,RACK1,RACK1,2.7657347,0.98,Mono-C,CD8 T,1.8045737,0.0
HLA-A,HLA-A,2.9714544,0.9814241486068112,LILRB1,LILRB1,0.6366831,0.6141479099678456,NK-CD16-,Mono-C,1.8040688,0.0
HLA-E,HLA-E,2.7714274,0.991701244813278,CD8A,CD8A,0.8343133,0.46887966804979253,NK-CD16+,NK-CD16+,1.8028703,0.0
HMGB1,HMGB1,1.9818271,1.0,CXCR4,CXCR4,1.6237797,0.773109243697479,Treg,CD4 T,1.8028034,0.0
HLA-B,HLA-B,3.1274333,1.0,LILRA1,LILRA1,0.47775728,0.5080385852090032,Mono-C,Mono-C,1.8025953,0.0
LTB,LTB,2.6262636,0.9495798319327731,TNFRSF1A,TNFRSF1A,0.9779132,0.8039647577092511,CD4 T,TRM,1.8020884,0.0
HLA-B,HLA-B,2.3669298,0.8834586466165414,LILRB1,LILRB1,1.2360857,0.9242424242424242,cDC2,Mono-NC,1.8015077,0.0
HLA-B,HLA-B,3.426832,0.9948979591836735,CD8B,CD8B,0.1760683,0.10084033613445378,γδ T,CD4 T,1.8014501,0.0
HLA-A,HLA-A,2.7541637,0.9845814977973568,LILRA1,LILRA1,0.848199,0.8181818181818182,TRM,Mono-NC,1.8011813,0.0
HLA-B,HLA-B,3.4639976,1.0,LILRB1,LILRB1,0.13692278,0.14285714285714285,Treg,B,1.8004602,0.023
HLA-DPB1,HLA-DPB1,2.7090728,0.947136563876652,CD4,CD4,0.89178056,0.7556270096463023,TRM,Mono-C,1.8004267,0.0
S100A4,S100A4,3.267807,1.0,CCR5,CCR5,0.33249417,0.2755102040816326,Treg,γδ T,1.8001506,0.0
HLA-DRB1,HLA-DRB1,3.2675595,0.9285714285714286,CD4,CD4,0.33111274,0.2801120448179272,cDC2,CD4 T,1.7993362,0.0
HLA-B,HLA-B,3.426832,0.9948979591836735,CD8A,CD8A,0.17009616,0.11204481792717087,γδ T,CD4 T,1.7984641,0.0
HLA-A,HLA-A,2.7621684,0.9967845659163987,CD8A,CD8A,0.8343133,0.46887966804979253,Mono-C,NK-CD16+,1.7982409,0.0
HLA-B,HLA-B,3.426832,0.9948979591836735,LILRB1,LILRB1,0.16951409,0.14522821576763487,γδ T,NK-CD16+,1.7981731,0.0
S100A9,S100A9,2.8765604,0.775330396475771,TLR4,TLR4,0.7193331,0.662379421221865,TRM,Mono-C,1.7979468,0.0
HLA-A,HLA-A,3.4756718,1.0,ERBB2,ERBB2,0.1201962,0.1037344398340249,NK-CD16+,NK-CD16+,1.7979339,0.0
LGALS1,LGALS1,2.4424744,0.9172932330827067,ITGB1,ITGB1,1.1527835,0.74,cDC2,CD8 T,1.7976289,0.0
HLA-DPA1,HLA-DPA1,3.0290613,1.0,LAG3,LAG3,0.5634088,0.41836734693877553,B,γδ T,1.7962351,0.0
LGALS1,LGALS1,2.4424744,0.9172932330827067,ITGB1,ITGB1,1.14894,0.7136929460580913,cDC2,NK-CD16+,1.7957072,0.0
PKM,PKM,1.5689479,0.920704845814978,CD44,CD44,2.020819,0.977491961414791,TRM,Mono-C,1.7948835,0.0
VCAN,VCAN,2.9436893,0.9903536977491961,ITGB1,ITGB1,0.64575475,0.6240601503759399,Mono-C,cDC2,1.7947221,0.0
HLA-A,HLA-A,2.7541637,0.9845814977973568,CD8A,CD8A,0.8343133,0.46887966804979253,TRM,NK-CD16+,1.7942386,0.0
TGFB1,TGFB1,1.0401518,0.72,CXCR4,CXCR4,2.5478263,0.8,CD8 T,CD8 T,1.7939891,0.0
LGALS1,LGALS1,2.4346786,1.0,ITGB1,ITGB1,1.1527835,0.74,Mono-NC,CD8 T,1.793731,0.0
CD99,CD99,1.6667216,0.9004149377593361,CD81,CD81,1.9197115,0.9303405572755418,NK-CD16+,NK-CD16-,1.7932165,0.0
HLA-C,HLA-C,3.2823513,0.9891640866873065,LILRB1,LILRB1,0.30403018,0.4473684210526316,NK-CD16-,cDC2,1.7931907,0.0
HLA-DRB1,HLA-DRB1,3.2675595,0.9285714285714286,LAG3,LAG3,0.31858182,0.18518518518518517,cDC2,Treg,1.7930707,0.0
S100A8,S100A8,2.1279328,0.6718061674008811,CD68,CD68,1.4572712,0.9035369774919614,TRM,Mono-C,1.7926021,0.0
CD48,CD48,1.9030787,0.9696969696969697,CD2,CD2,1.6805748,0.8011204481792717,Mono-NC,CD4 T,1.7918267,0.0
LGALS1,LGALS1,2.4346786,1.0,ITGB1,ITGB1,1.14894,0.7136929460580913,Mono-NC,NK-CD16+,1.7918093,0.0
HLA-A,HLA-A,3.4756718,1.0,LILRA1,LILRA1,0.10759691,0.22180451127819548,NK-CD16+,cDC2,1.7916343,0.0
LGALS1,LGALS1,2.429435,0.9807073954983923,ITGB1,ITGB1,1.1527835,0.74,Mono-C,CD8 T,1.7911093,0.0
HLA-A,HLA-A,1.9617087,0.8571428571428571,CD8A,CD8A,1.6204809,0.7806122448979592,cDC2,γδ T,1.7910948,0.0
HMGB1,HMGB1,1.957732,0.9413265306122449,CXCR4,CXCR4,1.6237797,0.773109243697479,γδ T,CD4 T,1.7907557,0.0
HLA-B,HLA-B,3.4723597,1.0,LILRA1,LILRA1,0.10759691,0.22180451127819548,NK-CD16+,cDC2,1.7899783,0.0
CD14,CD14,2.6164467,0.9559471365638766,ITGB1,ITGB1,0.96273524,0.8636363636363636,TRM,Mono-NC,1.789591,0.0
LGALS1,LGALS1,2.429435,0.9807073954983923,ITGB1,ITGB1,1.14894,0.7136929460580913,Mono-C,NK-CD16+,1.7891874,0.0
HLA-B,HLA-B,3.4011884,1.0,CD8B,CD8B,0.1760683,0.10084033613445378,CD8 T,CD4 T,1.7886283,0.003
LTB,LTB,2.5990403,0.924812030075188,TNFRSF1A,TNFRSF1A,0.9779132,0.8039647577092511,B,TRM,1.7884767,0.0
HLA-C,HLA-C,3.2823513,0.9891640866873065,LILRB2,LILRB2,0.29402286,0.3609022556390977,NK-CD16-,cDC2,1.788187,0.017
HLA-DQB1,HLA-DQB1,3.0126412,0.9285714285714286,LAG3,LAG3,0.5634088,0.41836734693877553,cDC2,γδ T,1.788025,0.0
HLA-A,HLA-A,2.480993,1.0,CD8B,CD8B,1.0948339,0.6658163265306123,Mono-NC,γδ T,1.7879134,0.0
HLA-DPB1,HLA-DPB1,3.3348026,1.0,LAG3,LAG3,0.24067335,0.2074688796680498,B,NK-CD16+,1.787738,0.0
CD14,CD14,2.6164467,0.9559471365638766,ITGB2,ITGB2,0.95731455,0.5820433436532507,TRM,NK-CD16-,1.7868806,0.0
HLA-C,HLA-C,3.2688797,0.988795518207283,LILRB1,LILRB1,0.30403018,0.4473684210526316,CD4 T,cDC2,1.7864549,0.0
HLA-B,HLA-B,3.4639976,1.0,LILRA1,LILRA1,0.10759691,0.22180451127819548,Treg,cDC2,1.7857972,0.0
HLA-B,HLA-B,3.4011884,1.0,LILRB1,LILRB1,0.16951409,0.14522821576763487,CD8 T,NK-CD16+,1.7853513,0.005
LGALS1,LGALS1,2.4146504,0.933920704845815,ITGB1,ITGB1,1.1527835,0.74,TRM,CD8 T,1.7837169,0.0
CCL5,CCL5,3.070842,0.9087136929460581,CXCR3,CXCR3,0.49649835,0.3746130030959752,NK-CD16+,NK-CD16-,1.7836702,0.0
HLA-DPA1,HLA-DPA1,2.7644343,1.0,CD4,CD4,0.8007195,0.7290748898678414,Mono-NC,TRM,1.7825769,0.0
GRN,GRN,2.1633158,0.9903536977491961,TNFRSF1B,TNFRSF1B,1.401767,0.8148148148148148,Mono-C,Treg,1.7825414,0.0
HLA-B,HLA-B,3.426832,0.9948979591836735,LILRB1,LILRB1,0.13692278,0.14285714285714285,γδ T,B,1.7818774,0.0
LGALS1,LGALS1,2.4146504,0.933920704845815,ITGB1,ITGB1,1.14894,0.7136929460580913,TRM,NK-CD16+,1.7817953,0.0
HLA-DRA,HLA-DRA,3.0000286,0.9871382636655949,LAG3,LAG3,0.5634088,0.41836734693877553,Mono-C,γδ T,1.7817187,0.0
HLA-C,HLA-C,2.9255548,1.0,LILRB1,LILRB1,0.6366831,0.6141479099678456,B,Mono-C,1.7811189,0.003
HLA-E,HLA-E,1.9404597,0.9,CD8A,CD8A,1.6204809,0.7806122448979592,CD8 T,γδ T,1.7804704,0.0
HLA-C,HLA-C,3.2565622,1.0,LILRB1,LILRB1,0.30403018,0.4473684210526316,CD8 T,cDC2,1.7802962,0.046
TNFSF13B,TNFSF13B,0.8503097,0.7575757575757576,HLA-DPB1,HLA-DPB1,2.7090728,0.947136563876652,Mono-NC,TRM,1.7796912,0.0
HLA-A,HLA-A,2.665314,0.9924812030075187,LILRB2,LILRB2,0.89341325,0.7268722466960352,B,TRM,1.7793636,0.0
CCL5,CCL5,3.070842,0.9087136929460581,CCR4,CCR4,0.48696607,0.4074074074074074,NK-CD16+,Treg,1.7789041,0.0
NRG1,NRG1,0.22177276,0.24437299035369775,HLA-DPB1,HLA-DPB1,3.3348026,1.0,Mono-C,B,1.7782876,0.0
HLA-B,HLA-B,3.2511985,0.9891640866873065,LILRB1,LILRB1,0.30403018,0.4473684210526316,NK-CD16-,cDC2,1.7776144,0.0
GZMA,GZMA,3.1262655,0.9597523219814241,F2R,F2R,0.42440417,0.34854771784232363,NK-CD16-,NK-CD16+,1.7753348,0.0
HLA-C,HLA-C,2.3144937,0.8796992481203008,LILRB1,LILRB1,1.2360857,0.9242424242424242,cDC2,Mono-NC,1.7752897,0.012
CD14,CD14,2.6164467,0.9559471365638766,ITGB2,ITGB2,0.93231255,0.5994897959183674,TRM,γδ T,1.7743796,0.0
AGTRAP,AGTRAP,0.5067451,0.39473684210526316,RACK1,RACK1,3.0416338,1.0,NK-CD16-,B,1.7741895,0.0
VCAN,VCAN,2.9436893,0.9903536977491961,TLR2,TLR2,0.6037369,0.6079295154185022,Mono-C,TRM,1.7737131,0.0
HLA-DQA1,HLA-DQA1,2.746594,0.9022556390977443,CD4,CD4,0.8007195,0.7290748898678414,cDC2,TRM,1.7736567,0.0
S100A8,S100A8,1.4347306,0.7121212121212122,ITGB2,ITGB2,2.1123059,0.9646302250803859,Mono-NC,Mono-C,1.7735183,0.0
HLA-B,HLA-B,3.2511985,0.9891640866873065,LILRB2,LILRB2,0.29402286,0.3609022556390977,NK-CD16-,cDC2,1.7726107,0.01
TIMP1,TIMP1,1.9573653,0.9696969696969697,CD63,CD63,1.5867006,0.8469387755102041,Mono-NC,γδ T,1.772033,0.0
CD22,CD22,0.88546044,0.6390977443609023,PTPRC,PTPRC,2.6577017,0.9848484848484849,B,Mono-NC,1.771581,0.0
CCL5,CCL5,3.070842,0.9087136929460581,CXCR3,CXCR3,0.47176018,0.37037037037037035,NK-CD16+,Treg,1.7713012,0.0
PKM,PKM,1.5689479,0.920704845814978,CD44,CD44,1.9724663,0.8612334801762115,TRM,TRM,1.7707071,0.0
HLA-B,HLA-B,2.9044526,1.0,LILRB1,LILRB1,0.6366831,0.6141479099678456,B,Mono-C,1.7705679,0.0
HLA-B,HLA-B,3.4011884,1.0,LILRB1,LILRB1,0.13692278,0.14285714285714285,CD8 T,B,1.7690556,0.02
CD48,CD48,1.0262057,0.6486068111455109,CD2,CD2,2.5105412,1.0,NK-CD16-,Treg,1.7683735,0.0
S100A4,S100A4,3.267807,1.0,CCR5,CCR5,0.26665843,0.2222222222222222,Treg,Treg,1.7672327,0.0
HLA-B,HLA-B,3.426832,0.9948979591836735,LILRA1,LILRA1,0.10759691,0.22180451127819548,γδ T,cDC2,1.7672144,0.0
S100A4,S100A4,3.267807,1.0,CCR5,CCR5,0.26654285,0.3524229074889868,Treg,TRM,1.767175,0.0
GRN,GRN,2.060383,0.9647577092511013,TNFRSF1B,TNFRSF1B,1.4723437,0.8458149779735683,TRM,TRM,1.7663634,0.0
LGALS1,LGALS1,2.4424744,0.9172932330827067,ITGB1,ITGB1,1.0891075,0.6965944272445821,cDC2,NK-CD16-,1.7657909,0.0
HLA-A,HLA-A,2.480993,1.0,LILRB2,LILRB2,1.0501987,0.7909967845659164,Mono-NC,Mono-C,1.7655959,0.001
PKM,PKM,1.5085813,0.8518518518518519,CD44,CD44,2.020819,0.977491961414791,Treg,Mono-C,1.7647002,0.0
HLA-C,HLA-C,2.8911917,0.9903536977491961,LILRB1,LILRB1,0.6366831,0.6141479099678456,Mono-C,Mono-C,1.7639375,0.0
HLA-DPA1,HLA-DPA1,2.7644343,1.0,CD4,CD4,0.7606554,0.6428571428571429,Mono-NC,cDC2,1.7625449,0.0
LGALS1,LGALS1,2.4346786,1.0,ITGB1,ITGB1,1.0891075,0.6965944272445821,Mono-NC,NK-CD16-,1.761893,0.0
HLA-B,HLA-B,3.013114,0.9933920704845814,CD8B,CD8B,0.51036483,0.3153526970954357,TRM,NK-CD16+,1.7617394,0.0
HLA-C,HLA-C,3.2823513,0.9891640866873065,LILRA1,LILRA1,0.23902263,0.29295154185022027,NK-CD16-,TRM,1.760687,0.0
SPON2,SPON2,1.4078201,0.6970954356846473,ITGB2,ITGB2,2.1123059,0.9646302250803859,NK-CD16+,Mono-C,1.7600629,0.0
TIMP1,TIMP1,1.0512655,0.6654135338345865,CD63,CD63,2.4684656,0.9779735682819384,cDC2,TRM,1.7598655,0.0
AGTRAP,AGTRAP,0.47775364,0.3900414937759336,RACK1,RACK1,3.0416338,1.0,NK-CD16+,B,1.7596937,0.0
HLA-DPB1,HLA-DPB1,3.3348026,1.0,LAG3,LAG3,0.1844943,0.15126050420168066,B,CD4 T,1.7596484,0.0
VCAN,VCAN,2.9436893,0.9903536977491961,ITGB1,ITGB1,0.57492626,0.4413265306122449,Mono-C,γδ T,1.7593079,0.0
LGALS1,LGALS1,2.429435,0.9807073954983923,ITGB1,ITGB1,1.0891075,0.6965944272445821,Mono-C,NK-CD16-,1.7592713,0.0
CD52,CD52,2.6386073,0.9849624060150376,SIGLEC10,SIGLEC10,0.8756948,0.7727272727272727,B,Mono-NC,1.757151,0.0
HLA-A,HLA-A,2.665314,0.9924812030075187,LILRA1,LILRA1,0.848199,0.8181818181818182,B,Mono-NC,1.7567565,0.0
CD14,CD14,2.3152533,0.9710610932475884,ITGB1,ITGB1,1.1977223,0.8568281938325991,Mono-C,TRM,1.7564878,0.0
S100A8,S100A8,1.4347306,0.7121212121212122,ITGB2,ITGB2,2.077828,1.0,Mono-NC,Mono-NC,1.7562792,0.0
HLA-DPB1,HLA-DPB1,2.7090728,0.947136563876652,CD4,CD4,0.8007195,0.7290748898678414,TRM,TRM,1.7548962,0.0
HLA-B,HLA-B,3.4011884,1.0,LILRA1,LILRA1,0.10759691,0.22180451127819548,CD8 T,cDC2,1.7543926,0.002
HLA-DRB1,HLA-DRB1,3.2675595,0.9285714285714286,LAG3,LAG3,0.24067335,0.2074688796680498,cDC2,NK-CD16+,1.7541164,0.0
HLA-C,HLA-C,3.2688797,0.988795518207283,LILRA1,LILRA1,0.23902263,0.29295154185022027,CD4 T,TRM,1.7539512,0.0
HLA-DQA1,HLA-DQA1,2.746594,0.9022556390977443,CD4,CD4,0.7606554,0.6428571428571429,cDC2,cDC2,1.7536247,0.0
LGALS9,LGALS9,0.84653074,0.7652733118971061,PTPRC,PTPRC,2.6577017,0.9848484848484849,Mono-C,Mono-NC,1.7521162,0.0
LGALS1,LGALS1,2.4146504,0.933920704845815,ITGB1,ITGB1,1.0891075,0.6965944272445821,TRM,NK-CD16-,1.751879,0.0
HLA-B,HLA-B,2.9927983,1.0,CD8B,CD8B,0.51036483,0.3153526970954357,Mono-NC,NK-CD16+,1.7515815,0.027
HLA-A,HLA-A,2.665314,0.9924812030075187,CD8A,CD8A,0.8343133,0.46887966804979253,B,NK-CD16+,1.7498136,0.0
HLA-B,HLA-B,3.013114,0.9933920704845814,LILRB1,LILRB1,0.48631135,0.5176211453744494,TRM,TRM,1.7497127,0.0
COPA,COPA,0.604816,0.6045016077170418,CD74,CD74,2.89363,1.0,Mono-C,Mono-NC,1.749223,0.0
PKM,PKM,1.4764471,0.8345864661654135,CD44,CD44,2.020819,0.977491961414791,cDC2,Mono-C,1.748633,0.0
TNFSF13B,TNFSF13B,1.1212561,0.8167202572347267,HLA-DPB1,HLA-DPB1,2.375882,0.9696969696969697,Mono-C,Mono-NC,1.748569,0.0
LGALS9,LGALS9,1.0351217,0.9090909090909091,PTPRC,PTPRC,2.461759,0.9875518672199171,Mono-NC,NK-CD16+,1.7484404,0.0
HLA-C,HLA-C,3.2565622,1.0,LILRA1,LILRA1,0.23902263,0.29295154185022027,CD8 T,TRM,1.7477925,0.009
S100A9,S100A9,2.4333746,0.9393939393939394,ITGB2,ITGB2,1.0578327,0.7037037037037037,Mono-NC,Treg,1.7456037,0.0
HLA-A,HLA-A,2.9807122,0.988795518207283,CD8B,CD8B,0.51036483,0.3153526970954357,CD4 T,NK-CD16+,1.7455385,0.0
HLA-B,HLA-B,3.013114,0.9933920704845814,LILRA1,LILRA1,0.47775728,0.5080385852090032,TRM,Mono-C,1.7454356,0.0
HLA-B,HLA-B,3.2511985,0.9891640866873065,LILRA1,LILRA1,0.23902263,0.29295154185022027,NK-CD16-,TRM,1.7451106,0.0
HLA-DQB1,HLA-DQB1,2.430568,0.9849624060150376,CD4,CD4,1.0583234,0.7037037037037037,B,Treg,1.7444457,0.0
SPON2,SPON2,1.4078201,0.6970954356846473,ITGB2,ITGB2,2.077828,1.0,NK-CD16+,Mono-NC,1.7428241,0.0
HLA-C,HLA-C,2.8488104,0.9889867841409692,LILRB1,LILRB1,0.6366831,0.6141479099678456,TRM,Mono-C,1.7427468,0.011
S100A8,S100A8,2.1279328,0.6718061674008811,CD36,CD36,1.3569703,0.8713826366559485,TRM,Mono-C,1.7424515,0.0
S100A9,S100A9,2.8765604,0.775330396475771,ITGB2,ITGB2,0.60727656,0.4565826330532213,TRM,CD4 T,1.7419186,0.0
HLA-E,HLA-E,2.3889177,1.0,CD8B,CD8B,1.0948339,0.6658163265306123,Treg,γδ T,1.7418758,0.0
HLA-A,HLA-A,2.9714544,0.9814241486068112,CD8B,CD8B,0.51036483,0.3153526970954357,NK-CD16-,NK-CD16+,1.7409096,0.0
PKM,PKM,1.5085813,0.8518518518518519,CD44,CD44,1.9724663,0.8612334801762115,Treg,TRM,1.7405238,0.0
GRN,GRN,1.3472822,0.9242424242424242,TNFRSF1B,TNFRSF1B,2.1318145,1.0,Mono-NC,Mono-NC,1.7395483,0.0
HLA-C,HLA-C,3.000799,1.0,LILRA1,LILRA1,0.47775728,0.5080385852090032,Mono-NC,Mono-C,1.7392781,0.003
LGALS1,LGALS1,2.4424744,0.9172932330827067,CD69,CD69,1.0354137,0.5938375350140056,cDC2,CD4 T,1.738944,0.0
HLA-DRA,HLA-DRA,3.1423907,1.0,CD4,CD4,0.33111274,0.2801120448179272,Mono-NC,CD4 T,1.7367518,0.0
HLA-B,HLA-B,2.9927983,1.0,LILRA1,LILRA1,0.47775728,0.5080385852090032,Mono-NC,Mono-C,1.7352778,0.0
LGALS1,LGALS1,2.4346786,1.0,CD69,CD69,1.0354137,0.5938375350140056,Mono-NC,CD4 T,1.7350461,0.0
HLA-DPB1,HLA-DPB1,2.7090728,0.947136563876652,CD4,CD4,0.7606554,0.6428571428571429,TRM,cDC2,1.7348641,0.0
LTB,LTB,2.6262636,0.9495798319327731,CD40,CD40,0.8423143,0.631578947368421,CD4 T,B,1.7342889,0.0
CD14,CD14,2.3152533,0.9710610932475884,ITGB1,ITGB1,1.1527835,0.74,Mono-C,CD8 T,1.7340183,0.0
HLA-A,HLA-A,2.9807122,0.988795518207283,LILRB1,LILRB1,0.48631135,0.5176211453744494,CD4 T,TRM,1.7335118,0.0
LGALS1,LGALS1,2.429435,0.9807073954983923,CD69,CD69,1.0354137,0.5938375350140056,Mono-C,CD4 T,1.7324244,0.0
CD14,CD14,2.3152533,0.9710610932475884,ITGB1,ITGB1,1.14894,0.7136929460580913,Mono-C,NK-CD16+,1.7320967,0.0
CD48,CD48,1.0262057,0.6486068111455109,CD2,CD2,2.437096,0.9056122448979592,NK-CD16-,γδ T,1.7316508,0.0
CCL4,CCL4,2.5821323,0.9179566563467493,CCR1,CCR1,0.880954,0.7224669603524229,NK-CD16-,TRM,1.7315432,0.0
CD14,CD14,2.6164467,0.9559471365638766,ITGA4,ITGA4,0.84618366,0.803030303030303,TRM,Mono-NC,1.7313151,0.0
GRN,GRN,2.060383,0.9647577092511013,TNFRSF1B,TNFRSF1B,1.401767,0.8148148148148148,TRM,Treg,1.731075,0.0
HLA-B,HLA-B,2.3669298,0.8834586466165414,CD8B,CD8B,1.0948339,0.6658163265306123,cDC2,γδ T,1.7308818,0.004
HLA-DRA,HLA-DRA,3.1423907,1.0,LAG3,LAG3,0.31858182,0.18518518518518517,Mono-NC,Treg,1.7304863,0.0
LGALS9,LGALS9,0.8022431,0.6879699248120301,PTPRC,PTPRC,2.6577017,0.9848484848484849,cDC2,Mono-NC,1.7299724,0.0
TGFB1,TGFB1,0.9118043,0.6173469387755102,CXCR4,CXCR4,2.5478263,0.8,γδ T,CD8 T,1.7298152,0.0
HLA-A,HLA-A,2.9807122,0.988795518207283,LILRA1,LILRA1,0.47775728,0.5080385852090032,CD4 T,Mono-C,1.7292347,0.0
HLA-C,HLA-C,3.2823513,0.9891640866873065,CD8B,CD8B,0.1760683,0.10084033613445378,NK-CD16-,CD4 T,1.7292098,0.021
HLA-A,HLA-A,2.9714544,0.9814241486068112,LILRB1,LILRB1,0.48631135,0.5176211453744494,NK-CD16-,TRM,1.7288829,0.0
VCAN,VCAN,2.9436893,0.9903536977491961,TLR2,TLR2,0.51256245,0.6212121212121212,Mono-C,Mono-NC,1.7281259,0.0
HLA-B,HLA-B,3.1520638,0.988795518207283,LILRB1,LILRB1,0.30403018,0.4473684210526316,CD4 T,cDC2,1.728047,0.009
COPA,COPA,0.56071466,0.6299559471365639,CD74,CD74,2.89363,1.0,TRM,Mono-NC,1.7271724,0.0
HMGB1,HMGB1,1.8302479,0.8458646616541353,CXCR4,CXCR4,1.6237797,0.773109243697479,cDC2,CD4 T,1.7270138,0.0
VCAN,VCAN,2.9436893,0.9903536977491961,ITGB1,ITGB1,0.5097219,0.38345864661654133,Mono-C,B,1.7267056,0.0
HLA-DRB1,HLA-DRB1,3.2675595,0.9285714285714286,LAG3,LAG3,0.1844943,0.15126050420168066,cDC2,CD4 T,1.7260269,0.0
CD99,CD99,1.5316823,0.8622448979591837,CD81,CD81,1.9197115,0.9303405572755418,γδ T,NK-CD16-,1.7256968,0.0
LGALS1,LGALS1,2.4146504,0.933920704845815,CD69,CD69,1.0354137,0.5938375350140056,TRM,CD4 T,1.7250321,0.0
HLA-A,HLA-A,2.9714544,0.9814241486068112,LILRA1,LILRA1,0.47775728,0.5080385852090032,NK-CD16-,Mono-C,1.7246058,0.0
PKM,PKM,1.4764471,0.8345864661654135,CD44,CD44,1.9724663,0.8612334801762115,cDC2,TRM,1.7244568,0.0
SERPINA1,SERPINA1,2.4382563,0.9848484848484849,LRP1,LRP1,1.0102887,0.8360128617363344,Mono-NC,Mono-C,1.7242725,0.0
AGTRAP,AGTRAP,0.84341264,0.7459807073954984,RACK1,RACK1,2.603656,0.9629629629629629,Mono-C,Treg,1.7235343,0.0
HLA-DPA1,HLA-DPA1,2.878776,0.9515418502202643,LAG3,LAG3,0.5634088,0.41836734693877553,TRM,γδ T,1.7210925,0.0
PSAP,PSAP,2.6777368,1.0,LRP1,LRP1,0.7638819,0.7400881057268722,Mono-C,TRM,1.7208093,0.0
LTB,LTB,2.5990403,0.924812030075188,CD40,CD40,0.8423143,0.631578947368421,B,B,1.7206773,0.0
HLA-A,HLA-A,2.8019953,1.0,LILRB1,LILRB1,0.6366831,0.6141479099678456,CD8 T,Mono-C,1.7193391,0.001
LGALS1,LGALS1,2.4424744,0.9172932330827067,CD69,CD69,0.99429494,0.5743034055727554,cDC2,NK-CD16-,1.7183846,0.0
CD14,CD14,2.6164467,0.9559471365638766,ITGB1,ITGB1,0.8193306,0.7588424437299035,TRM,Mono-C,1.7178886,0.0
TNFSF13B,TNFSF13B,0.10057229,0.1111111111111111,HLA-DPB1,HLA-DPB1,3.3348026,1.0,Treg,B,1.7176875,0.0
COPA,COPA,0.604816,0.6045016077170418,CD74,CD74,2.8294744,0.9903536977491961,Mono-C,Mono-C,1.7171452,0.0
HLA-DPB1,HLA-DPB1,2.375882,0.9696969696969697,CD4,CD4,1.0583234,0.7037037037037037,Mono-NC,Treg,1.7171026,0.0
LGALS9,LGALS9,0.7756295,0.698237885462555,PTPRC,PTPRC,2.6577017,0.9848484848484849,TRM,Mono-NC,1.7166656,0.0
S100A4,S100A4,3.267807,1.0,CCR5,CCR5,0.16453725,0.2669172932330827,Treg,cDC2,1.7161721,0.0
HLA-B,HLA-B,3.1274333,1.0,LILRB1,LILRB1,0.30403018,0.4473684210526316,Mono-C,cDC2,1.7157317,0.046
VCAN,VCAN,2.9436893,0.9903536977491961,CD44,CD44,0.4876988,0.3900414937759336,Mono-C,NK-CD16+,1.7156941,0.0
AGTRAP,AGTRAP,0.3883318,0.47577092511013214,RACK1,RACK1,3.0416338,1.0,TRM,B,1.7149829,0.0
LGALS1,LGALS1,2.4346786,1.0,CD69,CD69,0.99429494,0.5743034055727554,Mono-NC,NK-CD16-,1.7144867,0.0
LTB,LTB,2.6262636,0.9495798319327731,TNFRSF1A,TNFRSF1A,0.8014042,0.7234726688102894,CD4 T,Mono-C,1.7138339,0.0
NRG1,NRG1,0.09246771,0.10792951541850221,HLA-DPB1,HLA-DPB1,3.3348026,1.0,TRM,B,1.7136352,0.0
HLA-B,HLA-B,3.2511985,0.9891640866873065,CD8B,CD8B,0.1760683,0.10084033613445378,NK-CD16-,CD4 T,1.7136334,0.006
CLEC2D,CLEC2D,0.8850114,0.6182572614107884,KLRB1,KLRB1,2.5420878,0.9256965944272446,NK-CD16+,NK-CD16-,1.7135496,0.0
HMGB1,HMGB1,1.8011355,0.9377593360995851,CXCR4,CXCR4,1.6237797,0.773109243697479,NK-CD16+,CD4 T,1.7124577,0.0
LGALS1,LGALS1,2.429435,0.9807073954983923,CD69,CD69,0.99429494,0.5743034055727554,Mono-C,NK-CD16-,1.711865,0.0
S100A4,S100A4,3.267807,1.0,CCR5,CCR5,0.15471545,0.1400560224089636,Treg,CD4 T,1.7112613,0.0
CD52,CD52,2.5462778,0.9719887955182073,SIGLEC10,SIGLEC10,0.8756948,0.7727272727272727,CD4 T,Mono-NC,1.7109863,0.0
HLA-B,HLA-B,3.2511985,0.9891640866873065,LILRB1,LILRB1,0.16951409,0.14522821576763487,NK-CD16-,NK-CD16+,1.7103564,0.031
HLA-E,HLA-E,2.3236692,1.0,CD8B,CD8B,1.0948339,0.6658163265306123,Mono-NC,γδ T,1.7092515,0.0
CD52,CD52,2.5418823,0.96,SIGLEC10,SIGLEC10,0.8756948,0.7727272727272727,CD8 T,Mono-NC,1.7087885,0.0
GZMA,GZMA,3.1262655,0.9597523219814241,F2R,F2R,0.29116866,0.22193877551020408,NK-CD16-,γδ T,1.7087171,0.0
LGALS9,LGALS9,1.0351217,0.9090909090909091,PTPRC,PTPRC,2.3810167,0.9821428571428571,Mono-NC,γδ T,1.7080692,0.0
HMGB1,HMGB1,1.7899321,0.8962848297213623,CXCR4,CXCR4,1.6237797,0.773109243697479,NK-CD16-,CD4 T,1.7068559,0.0
LGALS1,LGALS1,2.4146504,0.933920704845815,CD69,CD69,0.99429494,0.5743034055727554,TRM,NK-CD16-,1.7044727,0.0
LGALS1,LGALS1,2.4424744,0.9172932330827067,ITGB1,ITGB1,0.96273524,0.8636363636363636,cDC2,Mono-NC,1.7026048,0.0
VCAN,VCAN,2.9436893,0.9903536977491961,ITGA4,ITGA4,0.4613777,0.4983922829581994,Mono-C,Mono-C,1.7025335,0.0
HLA-F,HLA-F,1.6585511,0.9045643153526971,LILRB2,LILRB2,1.7463557,1.0,NK-CD16+,Mono-NC,1.7024534,0.0
CD14,CD14,2.3152533,0.9710610932475884,ITGB1,ITGB1,1.0891075,0.6965944272445821,Mono-C,NK-CD16-,1.7021804,0.0
CCL5,CCL5,3.070842,0.9087136929460581,CCR5,CCR5,0.33249417,0.2755102040816326,NK-CD16+,γδ T,1.7016681,0.0
HLA-C,HLA-C,2.9255548,1.0,LILRA1,LILRA1,0.47775728,0.5080385852090032,B,Mono-C,1.701656,0.021
LTB,LTB,2.5990403,0.924812030075188,TNFRSF1A,TNFRSF1A,0.8014042,0.7234726688102894,B,Mono-C,1.7002223,0.0
HLA-A,HLA-A,2.7621684,0.9967845659163987,LILRB1,LILRB1,0.6366831,0.6141479099678456,Mono-C,Mono-C,1.6994257,0.0
PSAP,PSAP,2.8930304,0.9911894273127754,LRP1,LRP1,0.50576186,0.6212121212121212,TRM,Mono-NC,1.6993961,0.0
HMGB1,HMGB1,1.7740713,0.92,CXCR4,CXCR4,1.6237797,0.773109243697479,CD8 T,CD4 T,1.6989255,0.0
LGALS1,LGALS1,2.4346786,1.0,ITGB1,ITGB1,0.96273524,0.8636363636363636,Mono-NC,Mono-NC,1.6987069,0.0
CD48,CD48,1.7161002,0.8879668049792531,CD2,CD2,1.6805748,0.8011204481792717,NK-CD16+,CD4 T,1.6983376,0.0
ANXA1,ANXA1,2.147105,0.9614147909967846,FPR1,FPR1,1.2494273,0.8906752411575563,Mono-C,Mono-C,1.6982661,0.0
LGALS1,LGALS1,2.4424744,0.9172932330827067,CD69,CD69,0.95297563,0.6122448979591837,cDC2,γδ T,1.697725,0.0
LGALS1,LGALS1,2.429435,0.9807073954983923,ITGB1,ITGB1,0.96273524,0.8636363636363636,Mono-C,Mono-NC,1.6960851,0.0
S100A9,S100A9,2.8765604,0.775330396475771,TLR4,TLR4,0.51519525,0.6060606060606061,TRM,Mono-NC,1.6958778,0.0
HLA-B,HLA-B,3.1520638,0.988795518207283,LILRA1,LILRA1,0.23902263,0.29295154185022027,CD4 T,TRM,1.6955433,0.0
TIMP1,TIMP1,1.0512655,0.6654135338345865,CD63,CD63,2.3396325,0.9613003095975232,cDC2,NK-CD16-,1.695449,0.0
HLA-A,HLA-A,2.7541637,0.9845814977973568,LILRB1,LILRB1,0.6366831,0.6141479099678456,TRM,Mono-C,1.6954234,0.0
S100A9,S100A9,2.4333746,0.9393939393939394,ITGB2,ITGB2,0.95731455,0.5820433436532507,Mono-NC,NK-CD16-,1.6953446,0.0
COPA,COPA,0.56071466,0.6299559471365639,CD74,CD74,2.8294744,0.9903536977491961,TRM,Mono-C,1.6950946,0.0
HLA-C,HLA-C,3.2823513,0.9891640866873065,LILRA1,LILRA1,0.10759691,0.22180451127819548,NK-CD16-,cDC2,1.6949741,0.0
S100A4,S100A4,3.267807,1.0,ERBB2,ERBB2,0.1201962,0.1037344398340249,Treg,NK-CD16+,1.6940016,0.0
LGALS1,LGALS1,2.4346786,1.0,CD69,CD69,0.95297563,0.6122448979591837,Mono-NC,γδ T,1.6938272,0.0
CCL5,CCL5,3.070842,0.9087136929460581,CCR1,CCR1,0.3167034,0.3787878787878788,NK-CD16+,Mono-NC,1.6937727,0.0
CCL5,CCL5,3.070842,0.9087136929460581,SDC4,SDC4,0.31436065,0.2962962962962963,NK-CD16+,Treg,1.6926013,0.0
HLA-DRA,HLA-DRA,3.1423907,1.0,LAG3,LAG3,0.24067335,0.2074688796680498,Mono-NC,NK-CD16+,1.691532,0.0
LTB,LTB,2.833597,0.9259259259259259,TNFRSF1A,TNFRSF1A,0.54939437,0.5757575757575758,Treg,Mono-NC,1.6914957,0.0
LGALS1,LGALS1,2.429435,0.9807073954983923,CD69,CD69,0.95297563,0.6122448979591837,Mono-C,γδ T,1.6912053,0.0
HLA-B,HLA-B,2.9044526,1.0,LILRA1,LILRA1,0.47775728,0.5080385852090032,B,Mono-C,1.6911049,0.005
GZMA,GZMA,3.1262655,0.9597523219814241,F2R,F2R,0.2553608,0.22,NK-CD16-,CD8 T,1.6908132,0.0
S100A12,S100A12,2.0239913,0.9131832797427653,CD36,CD36,1.3569703,0.8713826366559485,Mono-C,Mono-C,1.6904808,0.0
CD99,CD99,1.2895992,0.7848297213622291,CD81,CD81,2.0887177,0.92,NK-CD16-,CD8 T,1.6891584,0.0
TGFB1,TGFB1,0.82959795,0.6134453781512605,CXCR4,CXCR4,2.5478263,0.8,CD4 T,CD8 T,1.6887121,0.0
LGALS1,LGALS1,2.4146504,0.933920704845815,ITGB1,ITGB1,0.96273524,0.8636363636363636,TRM,Mono-NC,1.6886928,0.0
HLA-C,HLA-C,3.2688797,0.988795518207283,LILRA1,LILRA1,0.10759691,0.22180451127819548,CD4 T,cDC2,1.6882383,0.006
TGFB1,TGFB1,0.8281985,0.6296296296296297,CXCR4,CXCR4,2.5478263,0.8,Treg,CD8 T,1.6880124,0.0
HLA-DQB1,HLA-DQB1,2.430568,0.9849624060150376,CD4,CD4,0.9452533,0.8484848484848485,B,Mono-NC,1.6879107,0.0
VCAN,VCAN,2.9436893,0.9903536977491961,ITGA4,ITGA4,0.43139827,0.3753501400560224,Mono-C,CD4 T,1.6875439,0.0
HMGB1,HMGB1,1.75128,0.9215686274509803,CXCR4,CXCR4,1.6237797,0.773109243697479,CD4 T,CD4 T,1.6875298,0.0
CD14,CD14,2.3152533,0.9710610932475884,ITGB2,ITGB2,1.0578327,0.7037037037037037,Mono-C,Treg,1.686543,0.0
CLEC2D,CLEC2D,0.8305881,0.576530612244898,KLRB1,KLRB1,2.5420878,0.9256965944272446,γδ T,NK-CD16-,1.686338,0.0
VCAN,VCAN,2.9436893,0.9903536977491961,ITGA4,ITGA4,0.4272796,0.3494897959183674,Mono-C,γδ T,1.6854844,0.0
PSAP,PSAP,2.863864,1.0,LRP1,LRP1,0.50576186,0.6212121212121212,Mono-NC,Mono-NC,1.6848129,0.0
HLA-C,HLA-C,2.8911917,0.9903536977491961,LILRA1,LILRA1,0.47775728,0.5080385852090032,Mono-C,Mono-C,1.6844745,0.014
LGALS1,LGALS1,2.4146504,0.933920704845815,CD69,CD69,0.95297563,0.6122448979591837,TRM,γδ T,1.6838131,0.0
HLA-B,HLA-B,3.1274333,1.0,LILRA1,LILRA1,0.23902263,0.29295154185022027,Mono-C,TRM,1.683228,0.001
S100A9,S100A9,2.4333746,0.9393939393939394,CD68,CD68,0.93253684,0.6954887218045113,Mono-NC,cDC2,1.6829557,0.0
S100A9,S100A9,2.4333746,0.9393939393939394,ITGB2,ITGB2,0.93231255,0.5994897959183674,Mono-NC,γδ T,1.6828436,0.0
HLA-E,HLA-E,2.5274863,0.9872448979591837,CD8A,CD8A,0.8343133,0.46887966804979253,γδ T,NK-CD16+,1.6808999,0.0
HLA-DPA1,HLA-DPA1,3.0290613,1.0,CD4,CD4,0.33111274,0.2801120448179272,B,CD4 T,1.6800871,0.0
HMGB1,HMGB1,1.7357348,0.9548872180451128,CXCR4,CXCR4,1.6237797,0.773109243697479,B,CD4 T,1.6797572,0.0
S100A4,S100A4,3.027011,0.983402489626556,CCR5,CCR5,0.33249417,0.2755102040816326,NK-CD16+,γδ T,1.6797526,0.0
HLA-B,HLA-B,3.2511985,0.9891640866873065,LILRA1,LILRA1,0.10759691,0.22180451127819548,NK-CD16-,cDC2,1.6793977,0.0
TIMP1,TIMP1,2.8785126,0.8964757709251101,CD63,CD63,0.47881255,0.42857142857142855,TRM,B,1.6786625,0.0
HLA-E,HLA-E,2.2609172,0.9849624060150376,CD8B,CD8B,1.0948339,0.6658163265306123,B,γδ T,1.6778755,0.0
AGTRAP,AGTRAP,0.5689567,0.6363636363636364,RACK1,RACK1,2.7862792,0.9831932773109243,Mono-NC,CD4 T,1.6776179,0.0
AGTRAP,AGTRAP,0.84341264,0.7459807073954984,RACK1,RACK1,2.5111942,1.0,Mono-C,Mono-NC,1.6773034,0.0
AGTRAP,AGTRAP,0.3111769,0.25925925925925924,RACK1,RACK1,3.0416338,1.0,Treg,B,1.6764054,0.001
TIMP1,TIMP1,1.9573653,0.9696969696969697,CD63,CD63,1.3925025,0.887459807073955,Mono-NC,Mono-C,1.6749339,0.0
CCL5,CCL5,3.070842,0.9087136929460581,CCRL2,CCRL2,0.2782735,0.34140969162995594,NK-CD16+,TRM,1.6745578,0.0
HLA-DPA1,HLA-DPA1,3.0290613,1.0,LAG3,LAG3,0.31858182,0.18518518518518517,B,Treg,1.6738216,0.0
HLA-DRB1,HLA-DRB1,2.2889106,0.9140969162995595,CD4,CD4,1.0583234,0.7037037037037037,TRM,Treg,1.673617,0.0
CD22,CD22,0.88546044,0.6390977443609023,PTPRC,PTPRC,2.461759,0.9875518672199171,B,NK-CD16+,1.6736097,0.0
AGTRAP,AGTRAP,0.84341264,0.7459807073954984,RACK1,RACK1,2.5030425,0.977491961414791,Mono-C,Mono-C,1.6732275,0.0
HLA-DQB1,HLA-DQB1,3.0126412,0.9285714285714286,CD4,CD4,0.33111274,0.2801120448179272,cDC2,CD4 T,1.6718769,0.0
CCL5,CCL5,3.070842,0.9087136929460581,CCR5,CCR5,0.26665843,0.2222222222222222,NK-CD16+,Treg,1.6687503,0.0
CCL5,CCL5,3.070842,0.9087136929460581,CCR5,CCR5,0.26654285,0.3524229074889868,NK-CD16+,TRM,1.6686925,0.0
AGTRAP,AGTRAP,0.2947,0.2602040816326531,RACK1,RACK1,3.0416338,1.0,γδ T,B,1.6681669,0.0
AGTRAP,AGTRAP,0.5689567,0.6363636363636364,RACK1,RACK1,2.7672625,0.9887218045112782,Mono-NC,cDC2,1.6681095,0.0
CD14,CD14,2.6164467,0.9559471365638766,TLR4,TLR4,0.7193331,0.662379421221865,TRM,Mono-C,1.66789,0.0
AGTRAP,AGTRAP,0.5689567,0.6363636363636364,RACK1,RACK1,2.7657347,0.98,Mono-NC,CD8 T,1.6673456,0.0
GNAI2,GNAI2,2.0849884,0.9696969696969697,FPR1,FPR1,1.2494273,0.8906752411575563,Mono-NC,Mono-C,1.6672078,0.0
HLA-DQA1,HLA-DQA1,2.2742455,0.9849624060150376,CD4,CD4,1.0583234,0.7037037037037037,B,Treg,1.6662844,0.0
VCAN,VCAN,2.9436893,0.9903536977491961,TLR1,TLR1,0.38779616,0.5,Mono-C,Mono-NC,1.6657428,0.0
HLA-DQB1,HLA-DQB1,3.0126412,0.9285714285714286,LAG3,LAG3,0.31858182,0.18518518518518517,cDC2,Treg,1.6656115,0.0
HLA-DRA,HLA-DRA,3.0000286,0.9871382636655949,CD4,CD4,0.33111274,0.2801120448179272,Mono-C,CD4 T,1.6655707,0.0
CD14,CD14,2.6164467,0.9559471365638766,ITGB1,ITGB1,0.7144593,0.6296296296296297,TRM,Treg,1.665453,0.0
HMGB1,HMGB1,1.7054685,0.9485530546623794,CXCR4,CXCR4,1.6237797,0.773109243697479,Mono-C,CD4 T,1.6646241,0.0
HLA-A,HLA-A,2.480993,1.0,LILRA1,LILRA1,0.848199,0.8181818181818182,Mono-NC,Mono-NC,1.6645961,0.0
HLA-DPA1,HLA-DPA1,2.7644343,1.0,LAG3,LAG3,0.5634088,0.41836734693877553,Mono-NC,γδ T,1.6639216,0.0
PKM,PKM,1.306979,0.8681672025723473,CD44,CD44,2.020819,0.977491961414791,Mono-C,Mono-C,1.663899,0.0
HLA-E,HLA-E,2.2321634,0.9607843137254902,CD8B,CD8B,1.0948339,0.6658163265306123,CD4 T,γδ T,1.6634986,0.0
HLA-DRA,HLA-DRA,3.1423907,1.0,LAG3,LAG3,0.1844943,0.15126050420168066,Mono-NC,CD4 T,1.6634425,0.0
TIMP1,TIMP1,1.4424344,0.842443729903537,CD63,CD63,1.8841724,0.92,Mono-C,CD8 T,1.6633034,0.0
HLA-DQB1,HLA-DQB1,2.430568,0.9849624060150376,CD4,CD4,0.89178056,0.7556270096463023,B,Mono-C,1.6611743,0.0
HLA-DPB1,HLA-DPB1,2.375882,0.9696969696969697,CD4,CD4,0.9452533,0.8484848484848485,Mono-NC,Mono-NC,1.6605676,0.0
HLA-DRA,HLA-DRA,3.0000286,0.9871382636655949,LAG3,LAG3,0.31858182,0.18518518518518517,Mono-C,Treg,1.6593052,0.0
TIMP1,TIMP1,1.9573653,0.9696969696969697,CD63,CD63,1.3599596,0.8636363636363636,Mono-NC,Mono-NC,1.6586624,0.004
LGALS9,LGALS9,1.0351217,0.9090909090909091,PTPRC,PTPRC,2.281296,0.9839228295819936,Mono-NC,Mono-C,1.6582088,0.0
LTB,LTB,2.833597,0.9259259259259259,TNFRSF1A,TNFRSF1A,0.4826395,0.5451127819548872,Treg,cDC2,1.6581182,0.0
TIMP1,TIMP1,0.8471027,0.6,CD63,CD63,2.4684656,0.9779735682819384,CD8 T,TRM,1.6577841,0.001
COPA,COPA,0.42108074,0.5303030303030303,CD74,CD74,2.89363,1.0,Mono-NC,Mono-NC,1.6573554,0.0
HMGB1,HMGB1,1.9818271,1.0,CXCR4,CXCR4,1.3327702,0.7744360902255639,Treg,B,1.6572987,0.0
CLEC2D,CLEC2D,0.7723496,0.5864661654135338,KLRB1,KLRB1,2.5420878,0.9256965944272446,B,NK-CD16-,1.6572187,0.0
HLA-A,HLA-A,2.8019953,1.0,CD8B,CD8B,0.51036483,0.3153526970954357,CD8 T,NK-CD16+,1.65618,0.035
HLA-DQA1,HLA-DQA1,2.746594,0.9022556390977443,LAG3,LAG3,0.5634088,0.41836734693877553,cDC2,γδ T,1.6550014,0.0
LGALS1,LGALS1,1.4724506,0.7385892116182573,CD69,CD69,1.8365906,0.82,NK-CD16+,CD8 T,1.6545206,0.0
LGALS9,LGALS9,0.84653074,0.7652733118971061,PTPRC,PTPRC,2.461759,0.9875518672199171,Mono-C,NK-CD16+,1.6541449,0.0
HMGB1,HMGB1,1.6840637,0.9361233480176211,CXCR4,CXCR4,1.6237797,0.773109243697479,TRM,CD4 T,1.6539216,0.0
CD14,CD14,2.6164467,0.9559471365638766,ITGA4,ITGA4,0.6913513,0.5925925925925926,TRM,Treg,1.653899,0.0
PSAP,PSAP,2.8930304,0.9911894273127754,SORT1,SORT1,0.41241643,0.48484848484848486,TRM,Mono-NC,1.6527234,0.0
CLEC2D,CLEC2D,0.7607774,0.5185185185185185,KLRB1,KLRB1,2.5420878,0.9256965944272446,Treg,NK-CD16-,1.6514326,0.0
CCL5,CCL5,3.070842,0.9087136929460581,CCR1,CCR1,0.23124483,0.3082706766917293,NK-CD16+,cDC2,1.6510434,0.0
CCL5,CCL5,3.070842,0.9087136929460581,DPP4,DPP4,0.23118375,0.21288515406162464,NK-CD16+,CD4 T,1.6510129,0.0
HLA-A,HLA-A,2.665314,0.9924812030075187,LILRB1,LILRB1,0.6366831,0.6141479099678456,B,Mono-C,1.6509986,0.005
TNFSF13B,TNFSF13B,0.5918427,0.5616740088105727,HLA-DPB1,HLA-DPB1,2.7090728,0.947136563876652,TRM,TRM,1.6504577,0.0
VCAN,VCAN,2.9436893,0.9903536977491961,ITGA4,ITGA4,0.35356614,0.3383458646616541,Mono-C,B,1.6486278,0.0
VCAN,VCAN,2.9436893,0.9903536977491961,SELL,SELL,0.35351807,0.24929971988795518,Mono-C,CD4 T,1.6486037,0.0
CCL5,CCL5,3.070842,0.9087136929460581,CXCR3,CXCR3,0.22554833,0.19327731092436976,NK-CD16+,CD4 T,1.6481951,0.0
S100A9,S100A9,2.8765604,0.775330396475771,CD36,CD36,0.41850236,0.4393939393939394,TRM,Mono-NC,1.6475314,0.0
S100A4,S100A4,3.027011,0.983402489626556,CCR5,CCR5,0.26665843,0.2222222222222222,NK-CD16+,Treg,1.6468346,0.0
S100A4,S100A4,3.027011,0.983402489626556,CCR5,CCR5,0.26654285,0.3524229074889868,NK-CD16+,TRM,1.6467769,0.0
AGTRAP,AGTRAP,0.5067451,0.39473684210526316,RACK1,RACK1,2.7862792,0.9831932773109243,NK-CD16-,CD4 T,1.6465122,0.0
AGTRAP,AGTRAP,0.84341264,0.7459807073954984,RACK1,RACK1,2.4494903,0.9889867841409692,Mono-C,TRM,1.6464515,0.0
CCL4,CCL4,2.5821323,0.9179566563467493,CCR1,CCR1,0.708821,0.639871382636656,NK-CD16-,Mono-C,1.6454767,0.0
VCAN,VCAN,2.9436893,0.9903536977491961,SELL,SELL,0.34708825,0.3370044052863436,Mono-C,TRM,1.6453888,0.0
CLEC2D,CLEC2D,0.74860984,0.5350140056022409,KLRB1,KLRB1,2.5420878,0.9256965944272446,CD4 T,NK-CD16-,1.6453488,0.0
HMGB1,HMGB1,1.957732,0.9413265306122449,CXCR4,CXCR4,1.3327702,0.7744360902255639,γδ T,B,1.645251,0.0
VEGFA,VEGFA,1.2694507,0.6409691629955947,CD44,CD44,2.020819,0.977491961414791,TRM,Mono-C,1.6451348,0.0
LTB,LTB,2.833597,0.9259259259259259,TNFRSF1A,TNFRSF1A,0.45619887,0.375,Treg,γδ T,1.6448979,0.0
GNAI2,GNAI2,2.0849884,0.9696969696969697,C5AR1,C5AR1,1.2045323,0.9242424242424242,Mono-NC,Mono-NC,1.6447604,0.0
S100A8,S100A8,1.4347306,0.7121212121212122,ITGB2,ITGB2,1.8520461,0.941908713692946,Mono-NC,NK-CD16+,1.6433884,0.0
CD14,CD14,2.6164467,0.9559471365638766,ITGB1,ITGB1,0.66938674,0.4733893557422969,TRM,CD4 T,1.6429167,0.0
SECTM1,SECTM1,0.6598696,0.7121212121212122,CD7,CD7,2.6251845,0.9365325077399381,Mono-NC,NK-CD16-,1.6425271,0.0
HLA-A,HLA-A,2.9807122,0.988795518207283,LILRB1,LILRB1,0.30403018,0.4473684210526316,CD4 T,cDC2,1.6423712,0.0
CD14,CD14,2.6164467,0.9559471365638766,ITGA4,ITGA4,0.66753775,0.4979253112033195,TRM,NK-CD16+,1.6419922,0.0
HLA-E,HLA-E,2.7714274,0.991701244813278,CD8B,CD8B,0.51036483,0.3153526970954357,NK-CD16+,NK-CD16+,1.6408961,0.0
HLA-A,HLA-A,2.8019953,1.0,LILRA1,LILRA1,0.47775728,0.5080385852090032,CD8 T,Mono-C,1.6398762,0.008
PKM,PKM,1.306979,0.8681672025723473,CD44,CD44,1.9724663,0.8612334801762115,Mono-C,TRM,1.6397226,0.0
HLA-F,HLA-F,1.6585511,0.9045643153526971,CD8A,CD8A,1.6204809,0.7806122448979592,NK-CD16+,γδ T,1.639516,0.0
APP,APP,0.3850643,0.34,CD74,CD74,2.89363,1.0,CD8 T,Mono-NC,1.6393472,0.0
GZMA,GZMA,3.1262655,0.9597523219814241,F2R,F2R,0.15213738,0.1400560224089636,NK-CD16-,CD4 T,1.6392014,0.0
CD14,CD14,2.3152533,0.9710610932475884,ITGB1,ITGB1,0.96273524,0.8636363636363636,Mono-C,Mono-NC,1.6389942,0.0
VCAN,VCAN,1.6373343,0.6101321585903083,CD44,CD44,1.6401936,1.0,TRM,Mono-NC,1.6387639,0.0
S100A9,S100A9,2.8765604,0.775330396475771,TLR4,TLR4,0.40018338,0.4977973568281938,TRM,TRM,1.638372,0.0
PSAP,PSAP,2.863864,1.0,SORT1,SORT1,0.41241643,0.48484848484848486,Mono-NC,Mono-NC,1.6381402,0.0
HLA-E,HLA-E,2.7714274,0.991701244813278,KLRC2,KLRC2_KLRD1,0.5046022,0.33436532507739936,NK-CD16+,NK-CD16-,1.6380148,0.0
HLA-A,HLA-A,2.9714544,0.9814241486068112,LILRB1,LILRB1,0.30403018,0.4473684210526316,NK-CD16-,cDC2,1.6377423,0.0
CD99,CD99,1.6667216,0.9004149377593361,CD81,CD81,1.6084934,0.7969924812030075,NK-CD16+,cDC2,1.6376076,0.0
COPA,COPA,0.38063884,0.37037037037037035,CD74,CD74,2.89363,1.0,Treg,Mono-NC,1.6371344,0.0
AGTRAP,AGTRAP,0.5067451,0.39473684210526316,RACK1,RACK1,2.7672625,0.9887218045112782,NK-CD16-,cDC2,1.6370038,0.0
TGFB1,TGFB1,0.725409,0.6428571428571429,CXCR4,CXCR4,2.5478263,0.8,cDC2,CD8 T,1.6366177,0.0
CD14,CD14,2.3152533,0.9710610932475884,ITGB2,ITGB2,0.95731455,0.5820433436532507,Mono-C,NK-CD16-,1.6362839,0.0
HLA-A,HLA-A,2.7621684,0.9967845659163987,CD8B,CD8B,0.51036483,0.3153526970954357,Mono-C,NK-CD16+,1.6362666,0.006
HLA-DPB1,HLA-DPB1,2.7090728,0.947136563876652,LAG3,LAG3,0.5634088,0.41836734693877553,TRM,γδ T,1.6362408,0.0
AGTRAP,AGTRAP,0.5067451,0.39473684210526316,RACK1,RACK1,2.7657347,0.98,NK-CD16-,CD8 T,1.6362399,0.0
S100A8,S100A8,1.4347306,0.7121212121212122,CD69,CD69,1.8365906,0.82,Mono-NC,CD8 T,1.6356606,0.0
HLA-DPA1,HLA-DPA1,3.0290613,1.0,LAG3,LAG3,0.24067335,0.2074688796680498,B,NK-CD16+,1.6348673,0.0
HLA-DPB1,HLA-DPB1,2.375882,0.9696969696969697,CD4,CD4,0.89178056,0.7556270096463023,Mono-NC,Mono-C,1.6338313,0.0
VCAN,VCAN,2.9436893,0.9903536977491961,ITGA4,ITGA4,0.32363695,0.4008810572687225,Mono-C,TRM,1.6336632,0.0
HLA-E,HLA-E,1.3856709,0.7819548872180451,KLRD1,KLRC1_KLRD1,1.8809955,0.8513931888544891,cDC2,NK-CD16-,1.6333332,0.0
CD22,CD22,0.88546044,0.6390977443609023,PTPRC,PTPRC,2.3810167,0.9821428571428571,B,γδ T,1.6332386,0.0
TGFB1,TGFB1,0.7181346,0.5413533834586466,CXCR4,CXCR4,2.5478263,0.8,B,CD8 T,1.6329805,0.0
HLA-A,HLA-A,2.7541637,0.9845814977973568,CD8B,CD8B,0.51036483,0.3153526970954357,TRM,NK-CD16+,1.6322643,0.004
VCAN,VCAN,2.9436893,0.9903536977491961,TLR1,TLR1,0.3205201,0.4185022026431718,Mono-C,TRM,1.6321048,0.0
AGTRAP,AGTRAP,0.47775364,0.3900414937759336,RACK1,RACK1,2.7862792,0.9831932773109243,NK-CD16+,CD4 T,1.6320164,0.0
LGALS9,LGALS9,0.8022431,0.6879699248120301,PTPRC,PTPRC,2.461759,0.9875518672199171,cDC2,NK-CD16+,1.6320012,0.0
CD14,CD14,2.6164467,0.9559471365638766,ITGB1,ITGB1,0.64575475,0.6240601503759399,TRM,cDC2,1.6311008,0.0
LGALS1,LGALS1,2.4424744,0.9172932330827067,ITGB1,ITGB1,0.8193306,0.7588424437299035,cDC2,Mono-C,1.6309025,0.0
S100A9,S100A9,2.8765604,0.775330396475771,CD36,CD36,0.38347962,0.35462555066079293,TRM,TRM,1.63002,0.0
SPON2,SPON2,1.4078201,0.6970954356846473,ITGB2,ITGB2,1.8520461,0.941908713692946,NK-CD16+,NK-CD16+,1.6299331,0.0
GNAI2,GNAI2,2.0849884,0.9696969696969697,C5AR1,C5AR1,1.1721296,0.7180616740088106,Mono-NC,TRM,1.628559,0.0
ANXA1,ANXA1,2.147105,0.9614147909967846,FPR1,FPR1,1.1087703,0.7070484581497798,Mono-C,TRM,1.6279376,0.0
APP,APP,0.36090353,0.41479099678456594,CD74,CD74,2.89363,1.0,Mono-C,Mono-NC,1.6272668,0.0
LGALS1,LGALS1,2.4346786,1.0,ITGB1,ITGB1,0.8193306,0.7588424437299035,Mono-NC,Mono-C,1.6270046,0.0
HLA-DQB1,HLA-DQB1,3.0126412,0.9285714285714286,LAG3,LAG3,0.24067335,0.2074688796680498,cDC2,NK-CD16+,1.6266572,0.0
CCL5,CCL5,3.070842,0.9087136929460581,CCR1,CCR1,0.18202607,0.14860681114551083,NK-CD16+,NK-CD16-,1.6264341,0.0
VCAN,VCAN,2.9436893,0.9903536977491961,TLR1,TLR1,0.30913138,0.3633440514469453,Mono-C,Mono-C,1.6264104,0.0
HLA-F,HLA-F,1.506346,0.8647959183673469,LILRB2,LILRB2,1.7463557,1.0,γδ T,Mono-NC,1.6263509,0.0
VCAN,VCAN,2.9436893,0.9903536977491961,ITGA4,ITGA4,0.30852923,0.40225563909774437,Mono-C,cDC2,1.6261092,0.0
COPA,COPA,0.42108074,0.5303030303030303,CD74,CD74,2.8294744,0.9903536977491961,Mono-NC,Mono-C,1.6252776,0.0
AGTRAP,AGTRAP,0.84341264,0.7459807073954984,RACK1,RACK1,2.405449,0.9690402476780186,Mono-C,NK-CD16-,1.6244308,0.0
LGALS1,LGALS1,2.429435,0.9807073954983923,ITGB1,ITGB1,0.8193306,0.7588424437299035,Mono-C,Mono-C,1.6243827,0.0
HLA-A,HLA-A,2.7621684,0.9967845659163987,LILRB1,LILRB1,0.48631135,0.5176211453744494,Mono-C,TRM,1.6242399,0.011
CD14,CD14,2.3152533,0.9710610932475884,ITGB2,ITGB2,0.93231255,0.5994897959183674,Mono-C,γδ T,1.6237829,0.0
S100A9,S100A9,2.8765604,0.775330396475771,ITGB2,ITGB2,0.37066454,0.3233082706766917,TRM,B,1.6236125,0.0
AGTRAP,AGTRAP,0.47775364,0.3900414937759336,RACK1,RACK1,2.7672625,0.9887218045112782,NK-CD16+,cDC2,1.622508,0.0
CCL5,CCL5,3.070842,0.9087136929460581,DPP4,DPP4,0.17366476,0.12,NK-CD16+,CD8 T,1.6222534,0.0
CD48,CD48,0.7336922,0.6353383458646616,CD2,CD2,2.5105412,1.0,cDC2,Treg,1.6221167,0.0
AGTRAP,AGTRAP,0.47775364,0.3900414937759336,RACK1,RACK1,2.7657347,0.98,NK-CD16+,CD8 T,1.6217442,0.0
S100A8,S100A8,1.4347306,0.7121212121212122,CD68,CD68,1.8073629,0.947136563876652,Mono-NC,TRM,1.6210468,0.0
VCAN,VCAN,2.9436893,0.9903536977491961,SELL,SELL,0.29839385,0.21991701244813278,Mono-C,NK-CD16+,1.6210415,0.0
VEGFA,VEGFA,1.2694507,0.6409691629955947,CD44,CD44,1.9724663,0.8612334801762115,TRM,TRM,1.6209586,0.0
CD48,CD48,1.9030787,0.9696969696969697,CD2,CD2,1.3383713,0.7136929460580913,Mono-NC,NK-CD16+,1.6207249,0.0
GNAI2,GNAI2,1.9915086,0.9903536977491961,FPR1,FPR1,1.2494273,0.8906752411575563,Mono-C,Mono-C,1.6204679,0.0
HLA-DRA,HLA-DRA,3.0000286,0.9871382636655949,LAG3,LAG3,0.24067335,0.2074688796680498,Mono-C,NK-CD16+,1.620351,0.0
HLA-A,HLA-A,2.7541637,0.9845814977973568,LILRB1,LILRB1,0.48631135,0.5176211453744494,TRM,TRM,1.6202376,0.005
HLA-A,HLA-A,2.7621684,0.9967845659163987,LILRA1,LILRA1,0.47775728,0.5080385852090032,Mono-C,Mono-C,1.6199628,0.0
HLA-E,HLA-E,2.7714274,0.991701244813278,KLRC1,KLRC1_KLRD1,0.4662107,0.2372448979591837,NK-CD16+,γδ T,1.618819,0.0
LGALS9,LGALS9,0.7756295,0.698237885462555,PTPRC,PTPRC,2.461759,0.9875518672199171,TRM,NK-CD16+,1.6186943,0.0
CCL5,CCL5,3.070842,0.9087136929460581,CCR5,CCR5,0.16453725,0.2669172932330827,NK-CD16+,cDC2,1.6176896,0.0
HLA-DRB1,HLA-DRB1,2.2889106,0.9140969162995595,CD4,CD4,0.9452533,0.8484848484848485,TRM,Mono-NC,1.617082,0.0
LGALS1,LGALS1,2.4146504,0.933920704845815,ITGB1,ITGB1,0.8193306,0.7588424437299035,TRM,Mono-C,1.6169906,0.0
HLA-A,HLA-A,2.7541637,0.9845814977973568,LILRA1,LILRA1,0.47775728,0.5080385852090032,TRM,Mono-C,1.6159605,0.0
HLA-DQB1,HLA-DQB1,2.430568,0.9849624060150376,CD4,CD4,0.8007195,0.7290748898678414,B,TRM,1.6156437,0.0
LGALS9,LGALS9,0.84653074,0.7652733118971061,PTPRC,PTPRC,2.3810167,0.9821428571428571,Mono-C,γδ T,1.6137737,0.0
AGTRAP,AGTRAP,0.84341264,0.7459807073954984,RACK1,RACK1,2.3838053,0.966804979253112,Mono-C,NK-CD16+,1.613609,0.0
TNFSF13B,TNFSF13B,0.8503097,0.7575757575757576,HLA-DPB1,HLA-DPB1,2.375882,0.9696969696969697,Mono-NC,Mono-NC,1.6130958,0.0
CCL5,CCL5,3.070842,0.9087136929460581,CCR5,CCR5,0.15471545,0.1400560224089636,NK-CD16+,CD4 T,1.6127788,0.0
CD14,CD14,2.6164467,0.9559471365638766,ITGB2,ITGB2,0.60727656,0.4565826330532213,TRM,CD4 T,1.6118617,0.0
CD48,CD48,1.543134,0.9022556390977443,CD2,CD2,1.6805748,0.8011204481792717,B,CD4 T,1.6118543,0.0
HLA-E,HLA-E,2.3889177,1.0,CD8A,CD8A,0.8343133,0.46887966804979253,Treg,NK-CD16+,1.6116154,0.0
HLA-A,HLA-A,2.9807122,0.988795518207283,LILRA1,LILRA1,0.23902263,0.29295154185022027,CD4 T,TRM,1.6098675,0.0
VCAN,VCAN,2.9436893,0.9903536977491961,ITGA4,ITGA4,0.275941,0.22291021671826625,Mono-C,NK-CD16-,1.6098151,0.0
HLA-DQA1,HLA-DQA1,2.2742455,0.9849624060150376,CD4,CD4,0.9452533,0.8484848484848485,B,Mono-NC,1.6097494,0.0
CCL5,CCL5,3.070842,0.9087136929460581,SDC4,SDC4,0.14466937,0.2026431718061674,NK-CD16+,TRM,1.6077557,0.0
APP,APP,0.3850643,0.34,CD74,CD74,2.8294744,0.9903536977491961,CD8 T,Mono-C,1.6072694,0.0
HLA-DPA1,HLA-DPA1,3.0290613,1.0,LAG3,LAG3,0.1844943,0.15126050420168066,B,CD4 T,1.6067778,0.0
HLA-A,HLA-A,2.9714544,0.9814241486068112,LILRA1,LILRA1,0.23902263,0.29295154185022027,NK-CD16-,TRM,1.6052386,0.0
COPA,COPA,0.38063884,0.37037037037037035,CD74,CD74,2.8294744,0.9903536977491961,Treg,Mono-C,1.6050566,0.0
HLA-DPA1,HLA-DPA1,2.878776,0.9515418502202643,CD4,CD4,0.33111274,0.2801120448179272,TRM,CD4 T,1.6049445,0.0
CD99,CD99,1.2895992,0.7848297213622291,CD81,CD81,1.9197115,0.9303405572755418,NK-CD16-,NK-CD16-,1.6046553,0.0
PKM,PKM,1.5689479,0.920704845814978,CD44,CD44,1.6401936,1.0,TRM,Mono-NC,1.6045707,0.0
CD52,CD52,2.3310406,0.9393939393939394,SIGLEC10,SIGLEC10,0.8756948,0.7727272727272727,Mono-NC,Mono-NC,1.6033677,0.0
SERPINA1,SERPINA1,2.4382563,0.9848484848484849,LRP1,LRP1,0.7638819,0.7400881057268722,Mono-NC,TRM,1.6010691,0.0
LTB,LTB,2.833597,0.9259259259259259,TNFRSF1A,TNFRSF1A,0.36541182,0.3,Treg,CD8 T,1.5995044,0.0
LTB,LTB,2.833597,0.9259259259259259,TNFRSF1A,TNFRSF1A,0.36394188,0.28792569659442724,Treg,NK-CD16-,1.5987694,0.0
APP,APP,0.30374342,0.41409691629955947,CD74,CD74,2.89363,1.0,TRM,Mono-NC,1.5986867,0.0
HLA-DPA1,HLA-DPA1,2.878776,0.9515418502202643,LAG3,LAG3,0.31858182,0.18518518518518517,TRM,Treg,1.598679,0.0
HLA-DQB1,HLA-DQB1,3.0126412,0.9285714285714286,LAG3,LAG3,0.1844943,0.15126050420168066,cDC2,CD4 T,1.5985677,0.0
GNAI2,GNAI2,1.9915086,0.9903536977491961,C5AR1,C5AR1,1.2045323,0.9242424242424242,Mono-C,Mono-NC,1.5980204,0.0
TIMP1,TIMP1,1.4424344,0.842443729903537,CD63,CD63,1.7522402,0.8421052631578947,Mono-C,cDC2,1.5973372,0.0
GNAI2,GNAI2,2.0849884,0.9696969696969697,FPR1,FPR1,1.1087703,0.7070484581497798,Mono-NC,TRM,1.5968792,0.0
S100A4,S100A4,3.027011,0.983402489626556,CCR5,CCR5,0.16453725,0.2669172932330827,NK-CD16+,cDC2,1.595774,0.0
CD14,CD14,2.6164467,0.9559471365638766,ITGB1,ITGB1,0.57492626,0.4413265306122449,TRM,γδ T,1.5956864,0.0
HLA-DQB1,HLA-DQB1,2.430568,0.9849624060150376,CD4,CD4,0.7606554,0.6428571428571429,B,cDC2,1.5956117,0.0
S100A8,S100A8,1.4347306,0.7121212121212122,ITGB2,ITGB2,1.7561089,0.933920704845815,Mono-NC,TRM,1.5954198,0.0
CD48,CD48,1.5102451,0.8469387755102041,CD2,CD2,1.6805748,0.8011204481792717,γδ T,CD4 T,1.5954099,0.0
APP,APP,0.36090353,0.41479099678456594,CD74,CD74,2.8294744,0.9903536977491961,Mono-C,Mono-C,1.595189,0.0
CCL5,CCL5,3.070842,0.9087136929460581,CCRL2,CCRL2,0.11924693,0.18181818181818182,NK-CD16+,Mono-NC,1.5950445,0.0
CCL5,CCL5,3.070842,0.9087136929460581,DPP4,DPP4,0.11836013,0.1111111111111111,NK-CD16+,Treg,1.594601,0.0
VCAN,VCAN,2.9436893,0.9903536977491961,ITGA4,ITGA4,0.24467708,0.2,Mono-C,CD8 T,1.5941832,0.0
LTB,LTB,2.833597,0.9259259259259259,TNFRSF1A,TNFRSF1A,0.35417932,0.2962962962962963,Treg,Treg,1.5938882,0.0
TIMP1,TIMP1,0.8471027,0.6,CD63,CD63,2.3396325,0.9613003095975232,CD8 T,NK-CD16-,1.5933676,0.004
S100A8,S100A8,2.1279328,0.6718061674008811,ITGB2,ITGB2,1.0578327,0.7037037037037037,TRM,Treg,1.5928828,0.0
HLA-DRA,HLA-DRA,3.0000286,0.9871382636655949,LAG3,LAG3,0.1844943,0.15126050420168066,Mono-C,CD4 T,1.5922614,0.0
CCL5,CCL5,3.070842,0.9087136929460581,SDC4,SDC4,0.11359851,0.12,NK-CD16+,CD8 T,1.5922203,0.0
PSAP,PSAP,2.6777368,1.0,LRP1,LRP1,0.50576186,0.6212121212121212,Mono-C,Mono-NC,1.5917493,0.0
LGALS9,LGALS9,0.8022431,0.6879699248120301,PTPRC,PTPRC,2.3810167,0.9821428571428571,cDC2,γδ T,1.59163,0.0
CLEC2D,CLEC2D,0.17466402,0.21212121212121213,KLRB1,KLRB1,3.007725,0.98,Mono-NC,CD8 T,1.5911945,0.0
S100A4,S100A4,3.027011,0.983402489626556,CCR5,CCR5,0.15471545,0.1400560224089636,NK-CD16+,CD4 T,1.5908632,0.0
HLA-DRB1,HLA-DRB1,2.2889106,0.9140969162995595,CD4,CD4,0.89178056,0.7556270096463023,TRM,Mono-C,1.5903456,0.0
LTB,LTB,2.833597,0.9259259259259259,TNFRSF1A,TNFRSF1A,0.34344858,0.27800829875518673,Treg,NK-CD16+,1.5885228,0.0
HLA-DPB1,HLA-DPB1,2.375882,0.9696969696969697,CD4,CD4,0.8007195,0.7290748898678414,Mono-NC,TRM,1.5883007,0.0
LTB,LTB,2.6262636,0.9495798319327731,TNFRSF1A,TNFRSF1A,0.54939437,0.5757575757575758,CD4 T,Mono-NC,1.587829,0.0
COPA,COPA,0.282007,0.40225563909774437,CD74,CD74,2.89363,1.0,cDC2,Mono-NC,1.5878185,0.0
AGTRAP,AGTRAP,0.3883318,0.47577092511013214,RACK1,RACK1,2.7862792,0.9831932773109243,TRM,CD4 T,1.5873055,0.0
AGTRAP,AGTRAP,0.5689567,0.6363636363636364,RACK1,RACK1,2.603656,0.9629629629629629,Mono-NC,Treg,1.5863063,0.028
CD48,CD48,0.7336922,0.6353383458646616,CD2,CD2,2.437096,0.9056122448979592,cDC2,γδ T,1.5853941,0.0
CLEC2D,CLEC2D,0.16190672,0.19614147909967847,KLRB1,KLRB1,3.007725,0.98,Mono-C,CD8 T,1.5848159,0.0
CD99,CD99,1.0804802,0.7507002801120448,CD81,CD81,2.0887177,0.92,CD4 T,CD8 T,1.584599,0.0
CD22,CD22,0.88546044,0.6390977443609023,PTPRC,PTPRC,2.281296,0.9839228295819936,B,Mono-C,1.5833782,0.0
COPA,COPA,0.27266708,0.24489795918367346,CD74,CD74,2.89363,1.0,γδ T,Mono-NC,1.5831486,0.0
HLA-DQA1,HLA-DQA1,2.2742455,0.9849624060150376,CD4,CD4,0.89178056,0.7556270096463023,B,Mono-C,1.583013,0.0
CD52,CD52,2.2896302,0.8381742738589212,SIGLEC10,SIGLEC10,0.8756948,0.7727272727272727,NK-CD16+,Mono-NC,1.5826625,0.0
GRN,GRN,1.5962931,0.793233082706767,TNFRSF1B,TNFRSF1B,1.5683897,0.9389067524115756,cDC2,Mono-C,1.5823414,0.0
CD48,CD48,0.6537801,0.5616740088105727,CD2,CD2,2.5105412,1.0,TRM,Treg,1.5821607,0.0
VCAN,VCAN,2.9436893,0.9903536977491961,TLR1,TLR1,0.22045778,0.3609022556390977,Mono-C,cDC2,1.5820736,0.0
SPON2,SPON2,1.4078201,0.6970954356846473,ITGB2,ITGB2,1.7561089,0.933920704845815,NK-CD16+,TRM,1.5819645,0.0
GNAI2,GNAI2,1.9915086,0.9903536977491961,C5AR1,C5AR1,1.1721296,0.7180616740088106,Mono-C,TRM,1.581819,0.0
S100A8,S100A8,2.1279328,0.6718061674008811,CD69,CD69,1.0354137,0.5938375350140056,TRM,CD4 T,1.5816733,0.0
HMGB1,HMGB1,1.8302479,0.8458646616541353,CXCR4,CXCR4,1.3327702,0.7744360902255639,cDC2,B,1.5815091,0.0
CD99,CD99,1.6667216,0.9004149377593361,CD81,CD81,1.4962295,0.8571428571428571,NK-CD16+,γδ T,1.5814755,0.0
GZMA,GZMA,2.7375348,0.9626556016597511,F2R,F2R,0.42440417,0.34854771784232363,NK-CD16+,NK-CD16+,1.5809695,0.0
CD48,CD48,1.4808805,0.9035369774919614,CD2,CD2,1.6805748,0.8011204481792717,Mono-C,CD4 T,1.5807276,0.0
CD14,CD14,2.3152533,0.9710610932475884,ITGA4,ITGA4,0.84618366,0.803030303030303,Mono-C,Mono-NC,1.5807185,0.0
COPA,COPA,0.2675144,0.22406639004149378,CD74,CD74,2.89363,1.0,NK-CD16+,Mono-NC,1.5805722,0.0
HMGB1,HMGB1,1.5355808,0.9848484848484849,CXCR4,CXCR4,1.6237797,0.773109243697479,Mono-NC,CD4 T,1.5796802,0.0
PSAP,PSAP,2.8930304,0.9911894273127754,SORT1,SORT1,0.2660577,0.31511254019292606,TRM,Mono-C,1.5795441,0.0
HLA-E,HLA-E,2.3236692,1.0,CD8A,CD8A,0.8343133,0.46887966804979253,Mono-NC,NK-CD16+,1.5789912,0.0
LGALS1,LGALS1,2.4424744,0.9172932330827067,ITGB1,ITGB1,0.7144593,0.6296296296296297,cDC2,Treg,1.5784669,0.0
LGALS9,LGALS9,0.7756295,0.698237885462555,PTPRC,PTPRC,2.3810167,0.9821428571428571,TRM,γδ T,1.5783231,0.0
AGTRAP,AGTRAP,0.3883318,0.47577092511013214,RACK1,RACK1,2.7672625,0.9887218045112782,TRM,cDC2,1.5777972,0.0
AGTRAP,AGTRAP,0.3883318,0.47577092511013214,RACK1,RACK1,2.7657347,0.98,TRM,CD8 T,1.5770333,0.004
AGTRAP,AGTRAP,0.111815296,0.1092436974789916,RACK1,RACK1,3.0416338,1.0,CD4 T,B,1.5767245,0.0
S100A9,S100A9,2.4333746,0.9393939393939394,TLR4,TLR4,0.7193331,0.662379421221865,Mono-NC,Mono-C,1.5763539,0.0
LGALS9,LGALS9,1.0351217,0.9090909090909091,PTPRC,PTPRC,2.1173134,0.9629629629629629,Mono-NC,Treg,1.5762175,0.0
CLEC2D,CLEC2D,0.14157313,0.11455108359133127,KLRB1,KLRB1,3.007725,0.98,NK-CD16-,CD8 T,1.5746491,0.0
LGALS1,LGALS1,2.4346786,1.0,ITGB1,ITGB1,0.7144593,0.6296296296296297,Mono-NC,Treg,1.574569,0.0
PKM,PKM,1.5085813,0.8518518518518519,CD44,CD44,1.6401936,1.0,Treg,Mono-NC,1.5743874,0.0
LTB,LTB,2.5990403,0.924812030075188,TNFRSF1A,TNFRSF1A,0.54939437,0.5757575757575758,B,Mono-NC,1.5742173,0.0
S100A4,S100A4,3.027011,0.983402489626556,ERBB2,ERBB2,0.1201962,0.1037344398340249,NK-CD16+,NK-CD16+,1.5736035,0.0
VCAN,VCAN,2.9436893,0.9903536977491961,SELL,SELL,0.20338385,0.2878787878787879,Mono-C,Mono-NC,1.5735366,0.0
HLA-E,HLA-E,2.0511498,0.9823788546255506,CD8B,CD8B,1.0948339,0.6658163265306123,TRM,γδ T,1.5729918,0.0
LGALS1,LGALS1,2.429435,0.9807073954983923,ITGB1,ITGB1,0.7144593,0.6296296296296297,Mono-C,Treg,1.5719471,0.0
TNFSF13B,TNFSF13B,0.4346889,0.28291316526610644,HLA-DPB1,HLA-DPB1,2.7090728,0.947136563876652,CD4 T,TRM,1.5718808,0.0
LTB,LTB,2.833597,0.9259259259259259,CD40,CD40,0.3098617,0.3684210526315789,Treg,cDC2,1.5717293,0.0
HLA-A,HLA-A,2.665314,0.9924812030075187,LILRA1,LILRA1,0.47775728,0.5080385852090032,B,Mono-C,1.5715356,0.044
GRN,GRN,2.1633158,0.9903536977491961,TNFRSF1A,TNFRSF1A,0.9779132,0.8039647577092511,Mono-C,TRM,1.5706145,0.0
S100A8,S100A8,1.4347306,0.7121212121212122,ITGB2,ITGB2,1.7057548,0.8458646616541353,Mono-NC,cDC2,1.5702426,0.0
CD99,CD99,1.5316823,0.8622448979591837,CD81,CD81,1.6084934,0.7969924812030075,γδ T,cDC2,1.5700879,0.0
CLEC2D,CLEC2D,0.1321584,0.1,KLRB1,KLRB1,3.007725,0.98,CD8 T,CD8 T,1.5699418,0.0
HLA-E,HLA-E,2.044082,0.9807073954983923,CD8B,CD8B,1.0948339,0.6658163265306123,Mono-C,γδ T,1.5694579,0.0
AGTRAP,AGTRAP,0.09636733,0.19548872180451127,RACK1,RACK1,3.0416338,1.0,cDC2,B,1.5690006,0.0
HLA-DPB1,HLA-DPB1,2.375882,0.9696969696969697,CD4,CD4,0.7606554,0.6428571428571429,Mono-NC,cDC2,1.5682687,0.0
AGTRAP,AGTRAP,0.84341264,0.7459807073954984,RACK1,RACK1,2.2920516,0.9489795918367347,Mono-C,γδ T,1.5677321,0.0
CD14,CD14,2.3152533,0.9710610932475884,ITGB1,ITGB1,0.8193306,0.7588424437299035,Mono-C,Mono-C,1.567292,0.0
HMGB1,HMGB1,1.8011355,0.9377593360995851,CXCR4,CXCR4,1.3327702,0.7744360902255639,NK-CD16+,B,1.566953,0.0
TNFSF13B,TNFSF13B,0.42461497,0.4699248120300752,HLA-DPB1,HLA-DPB1,2.7090728,0.947136563876652,cDC2,TRM,1.5668439,0.0
APP,APP,0.30374342,0.41409691629955947,CD74,CD74,2.8294744,0.9903536977491961,TRM,Mono-C,1.5666089,0.0
CD14,CD14,2.6164467,0.9559471365638766,TLR4,TLR4,0.51519525,0.6060606060606061,TRM,Mono-NC,1.5658209,0.0
HLA-E,HLA-E,2.7714274,0.991701244813278,KLRC1,KLRC1_KLRD1,0.3601573,0.2033195020746888,NK-CD16+,NK-CD16+,1.5657923,0.0
PSAP,PSAP,2.863864,1.0,SORT1,SORT1,0.2660577,0.31511254019292606,Mono-NC,Mono-C,1.5649608,0.0
LGALS1,LGALS1,2.4146504,0.933920704845815,ITGB1,ITGB1,0.7144593,0.6296296296296297,TRM,Treg,1.5645549,0.0
CALM1,CALM1,2.6783094,0.991701244813278,PTPRA,PTPRA,0.45047057,0.37037037037037035,NK-CD16+,Treg,1.56439,0.0
LGALS9,LGALS9,0.84653074,0.7652733118971061,PTPRC,PTPRC,2.281296,0.9839228295819936,Mono-C,Mono-C,1.5639133,0.0
GZMB,GZMB,2.5985115,0.966804979253112,IGF2R,IGF2R,0.52877134,0.5305466237942122,NK-CD16+,Mono-C,1.5636414,0.0
HLA-F,HLA-F,1.506346,0.8647959183673469,CD8A,CD8A,1.6204809,0.7806122448979592,γδ T,γδ T,1.5634134,0.0
CD14,CD14,2.6164467,0.9559471365638766,ITGB1,ITGB1,0.5097219,0.38345864661654133,TRM,B,1.5630844,0.0
COPA,COPA,0.23228839,0.19659442724458204,CD74,CD74,2.89363,1.0,NK-CD16-,Mono-NC,1.5629592,0.0
HMGB1,HMGB1,1.7899321,0.8962848297213623,CXCR4,CXCR4,1.3327702,0.7744360902255639,NK-CD16-,B,1.5613512,0.0
S100A8,S100A8,2.1279328,0.6718061674008811,CD69,CD69,0.99429494,0.5743034055727554,TRM,NK-CD16-,1.5611138,0.0
C1QA,C1QA,1.9114438,0.6917293233082706,CD93,CD93,1.2095641,0.737885462555066,cDC2,TRM,1.560504,0.0
HLA-DPA1,HLA-DPA1,2.878776,0.9515418502202643,LAG3,LAG3,0.24067335,0.2074688796680498,TRM,NK-CD16+,1.5597247,0.0
TIMP1,TIMP1,1.4424344,0.842443729903537,CD63,CD63,1.6769781,0.8921161825726142,Mono-C,NK-CD16+,1.5597062,0.0
HLA-DRB1,HLA-DRB1,2.0605636,0.9699248120300752,CD4,CD4,1.0583234,0.7037037037037037,B,Treg,1.5594435,0.0
LGALS1,LGALS1,1.2807326,0.6296296296296297,CD69,CD69,1.8365906,0.82,Treg,CD8 T,1.5586617,0.0
PKM,PKM,1.4764471,0.8345864661654135,CD44,CD44,1.6401936,1.0,cDC2,Mono-NC,1.5583203,0.0
COPA,COPA,0.22268572,0.22556390977443608,CD74,CD74,2.89363,1.0,B,Mono-NC,1.5581579,0.0
HLA-E,HLA-E,2.7714274,0.991701244813278,KLRC2,KLRC2_KLRD1,0.344315,0.21428571428571427,NK-CD16+,γδ T,1.5578712,0.0
HLA-DRB5,HLA-DRB5,2.0568986,0.8721804511278195,CD4,CD4,1.0583234,0.7037037037037037,B,Treg,1.557611,0.0
COPA,COPA,0.22051787,0.20448179271708683,CD74,CD74,2.89363,1.0,CD4 T,Mono-NC,1.557074,0.0
SPON2,SPON2,1.4078201,0.6970954356846473,ITGB2,ITGB2,1.7057548,0.8458646616541353,NK-CD16+,cDC2,1.5567875,0.0
LGALS1,LGALS1,2.4424744,0.9172932330827067,ITGB1,ITGB1,0.66938674,0.4733893557422969,cDC2,CD4 T,1.5559306,0.0
COPA,COPA,0.282007,0.40225563909774437,CD74,CD74,2.8294744,0.9903536977491961,cDC2,Mono-C,1.5557407,0.0
AGTRAP,AGTRAP,0.5067451,0.39473684210526316,RACK1,RACK1,2.603656,0.9629629629629629,NK-CD16-,Treg,1.5552006,0.033
VCAN,VCAN,2.9436893,0.9903536977491961,TLR2,TLR2,0.16642308,0.2819548872180451,Mono-C,cDC2,1.5550562,0.0
LTB,LTB,2.6262636,0.9495798319327731,TNFRSF1A,TNFRSF1A,0.4826395,0.5451127819548872,CD4 T,cDC2,1.5544516,0.0
HMGB1,HMGB1,1.7740713,0.92,CXCR4,CXCR4,1.3327702,0.7744360902255639,CD8 T,B,1.5534208,0.0
HMGB1,HMGB1,1.9818271,1.0,CXCR4,CXCR4,1.1235944,0.6387665198237885,Treg,TRM,1.5527108,0.001
CLEC2D,CLEC2D,0.096341014,0.14977973568281938,KLRB1,KLRB1,3.007725,0.98,TRM,CD8 T,1.552033,0.0
LGALS1,LGALS1,2.4346786,1.0,ITGB1,ITGB1,0.66938674,0.4733893557422969,Mono-NC,CD4 T,1.5520327,0.0
CD48,CD48,0.59281886,0.4,CD2,CD2,2.5105412,1.0,CD8 T,Treg,1.5516801,0.0
COPA,COPA,0.27266708,0.24489795918367346,CD74,CD74,2.8294744,0.9903536977491961,γδ T,Mono-C,1.5510708,0.0
HLA-A,HLA-A,2.9807122,0.988795518207283,ERBB2,ERBB2,0.1201962,0.1037344398340249,CD4 T,NK-CD16+,1.5504541,0.0
GNAI2,GNAI2,1.9915086,0.9903536977491961,FPR1,FPR1,1.1087703,0.7070484581497798,Mono-C,TRM,1.5501394,0.0
HLA-E,HLA-E,2.0044045,0.934984520123839,CD8B,CD8B,1.0948339,0.6658163265306123,NK-CD16-,γδ T,1.5496192,0.0
LGALS1,LGALS1,2.429435,0.9807073954983923,ITGB1,ITGB1,0.66938674,0.4733893557422969,Mono-C,CD4 T,1.5494108,0.0
AGTRAP,AGTRAP,0.3111769,0.25925925925925924,RACK1,RACK1,2.7862792,0.9831932773109243,Treg,CD4 T,1.548728,0.048
COPA,COPA,0.2675144,0.22406639004149378,CD74,CD74,2.8294744,0.9903536977491961,NK-CD16+,Mono-C,1.5484945,0.0
CD52,CD52,2.7944887,0.9591836734693877,SIGLEC10,SIGLEC10,0.30192742,0.36466165413533835,γδ T,cDC2,1.548208,0.0
HLA-DPA1,HLA-DPA1,2.7644343,1.0,CD4,CD4,0.33111274,0.2801120448179272,Mono-NC,CD4 T,1.5477736,0.0
S100A8,S100A8,1.4347306,0.7121212121212122,CD68,CD68,1.6607586,0.9545454545454546,Mono-NC,Mono-NC,1.5477446,0.0
HLA-E,HLA-E,2.2609172,0.9849624060150376,CD8A,CD8A,0.8343133,0.46887966804979253,B,NK-CD16+,1.5476153,0.0
HLA-A,HLA-A,2.9714544,0.9814241486068112,ERBB2,ERBB2,0.1201962,0.1037344398340249,NK-CD16-,NK-CD16+,1.5458252,0.0
CD48,CD48,0.6537801,0.5616740088105727,CD2,CD2,2.437096,0.9056122448979592,TRM,γδ T,1.545438,0.0
PSAP,PSAP,2.6777368,1.0,SORT1,SORT1,0.41241643,0.48484848484848486,Mono-C,Mono-NC,1.5450766,0.0
HLA-DRB1,HLA-DRB1,2.2889106,0.9140969162995595,CD4,CD4,0.8007195,0.7290748898678414,TRM,TRM,1.5448151,0.0
LGALS1,LGALS1,2.4424744,0.9172932330827067,ITGB1,ITGB1,0.64575475,0.6240601503759399,cDC2,cDC2,1.5441146,0.0
COPA,COPA,0.19432183,0.16,CD74,CD74,2.89363,1.0,CD8 T,Mono-NC,1.543976,0.0
TNFSF13B,TNFSF13B,1.3735859,0.86,HLA-DPB1,HLA-DPB1,1.7125539,0.8488745980707395,CD8 T,Mono-C,1.5430698,0.0
PSAP,PSAP,2.8930304,0.9911894273127754,SORT1,SORT1,0.19255288,0.28854625550660795,TRM,TRM,1.5427916,0.0
S100A8,S100A8,2.1279328,0.6718061674008811,ITGB2,ITGB2,0.95731455,0.5820433436532507,TRM,NK-CD16-,1.5426236,0.0
CD58,CD58,0.57379407,0.6277533039647577,CD2,CD2,2.5105412,1.0,TRM,Treg,1.5421677,0.0
HMGB1,HMGB1,1.75128,0.9215686274509803,CXCR4,CXCR4,1.3327702,0.7744360902255639,CD4 T,B,1.5420251,0.0
LGALS1,LGALS1,2.4146504,0.933920704845815,ITGB1,ITGB1,0.66938674,0.4733893557422969,TRM,CD4 T,1.5420187,0.0
LGALS9,LGALS9,0.8022431,0.6879699248120301,PTPRC,PTPRC,2.281296,0.9839228295819936,cDC2,Mono-C,1.5417695,0.0
HLA-DPA1,HLA-DPA1,2.7644343,1.0,LAG3,LAG3,0.31858182,0.18518518518518517,Mono-NC,Treg,1.5415081,0.0
S100A9,S100A9,2.8765604,0.775330396475771,ITGB2,ITGB2,0.206161,0.18,TRM,CD8 T,1.5413607,0.0
LTB,LTB,2.6262636,0.9495798319327731,TNFRSF1A,TNFRSF1A,0.45619887,0.375,CD4 T,γδ T,1.5412313,0.0
LTB,LTB,2.5990403,0.924812030075188,TNFRSF1A,TNFRSF1A,0.4826395,0.5451127819548872,B,cDC2,1.5408399,0.0
HMGB1,HMGB1,1.957732,0.9413265306122449,CXCR4,CXCR4,1.1235944,0.6387665198237885,γδ T,TRM,1.5406632,0.0
AGTRAP,AGTRAP,0.2947,0.2602040816326531,RACK1,RACK1,2.7862792,0.9831932773109243,γδ T,CD4 T,1.5404896,0.0
S100A8,S100A8,2.1279328,0.6718061674008811,CD69,CD69,0.95297563,0.6122448979591837,TRM,γδ T,1.5404541,0.0
LGALS1,LGALS1,2.4346786,1.0,ITGB1,ITGB1,0.64575475,0.6240601503759399,Mono-NC,cDC2,1.5402167,0.0
AGTRAP,AGTRAP,0.5689567,0.6363636363636364,RACK1,RACK1,2.5111942,1.0,Mono-NC,Mono-NC,1.5400754,0.031
LTB,LTB,2.833597,0.9259259259259259,TNFRSF1A,TNFRSF1A,0.24602178,0.226890756302521,Treg,CD4 T,1.5398093,0.0
CD14,CD14,2.6164467,0.9559471365638766,ITGA4,ITGA4,0.4613777,0.4983922829581994,TRM,Mono-C,1.5389122,0.0
HLA-DQA1,HLA-DQA1,2.746594,0.9022556390977443,CD4,CD4,0.33111274,0.2801120448179272,cDC2,CD4 T,1.5388534,0.0
LGALS1,LGALS1,2.429435,0.9807073954983923,ITGB1,ITGB1,0.64575475,0.6240601503759399,Mono-C,cDC2,1.5375949,0.0
HLA-DQA1,HLA-DQA1,2.2742455,0.9849624060150376,CD4,CD4,0.8007195,0.7290748898678414,B,TRM,1.5374825,0.0
CLEC2D,CLEC2D,0.06665386,0.14285714285714285,KLRB1,KLRB1,3.007725,0.98,cDC2,CD8 T,1.5371895,0.0
CALM1,CALM1,2.6783094,0.991701244813278,PTPRA,PTPRA,0.39582723,0.33195020746887965,NK-CD16+,NK-CD16+,1.5370684,0.0
PKM,PKM,1.0531216,0.8787878787878788,CD44,CD44,2.020819,0.977491961414791,Mono-NC,Mono-C,1.5369703,0.0
AGTRAP,AGTRAP,0.5689567,0.6363636363636364,RACK1,RACK1,2.5030425,0.977491961414791,Mono-NC,Mono-C,1.5359995,0.013
GRN,GRN,1.5962931,0.793233082706767,TNFRSF1B,TNFRSF1B,1.4723437,0.8458149779735683,cDC2,TRM,1.5343184,0.0
HMGB1,HMGB1,1.7357348,0.9548872180451128,CXCR4,CXCR4,1.3327702,0.7744360902255639,B,B,1.5342525,0.0
HLA-E,HLA-E,2.2321634,0.9607843137254902,CD8A,CD8A,0.8343133,0.46887966804979253,CD4 T,NK-CD16+,1.5332384,0.0
VCAN,VCAN,2.9436893,0.9903536977491961,SELL,SELL,0.122435816,0.14814814814814814,Mono-C,Treg,1.5330626,0.0
HLA-DQA1,HLA-DQA1,2.746594,0.9022556390977443,LAG3,LAG3,0.31858182,0.18518518518518517,cDC2,Treg,1.5325879,0.0
GZMB,GZMB,2.5985115,0.966804979253112,IGF2R,IGF2R,0.4662221,0.3775933609958506,NK-CD16+,NK-CD16+,1.5323668,0.0
SECTM1,SECTM1,0.43928063,0.4565916398713826,CD7,CD7,2.6251845,0.9365325077399381,Mono-C,NK-CD16-,1.5322325,0.0
HLA-DPA1,HLA-DPA1,2.878776,0.9515418502202643,LAG3,LAG3,0.1844943,0.15126050420168066,TRM,CD4 T,1.5316352,0.0
AGTRAP,AGTRAP,0.2947,0.2602040816326531,RACK1,RACK1,2.7672625,0.9887218045112782,γδ T,cDC2,1.5309812,0.001
COPA,COPA,0.23228839,0.19659442724458204,CD74,CD74,2.8294744,0.9903536977491961,NK-CD16-,Mono-C,1.5308814,0.0
S100A8,S100A8,2.1279328,0.6718061674008811,CD68,CD68,0.93253684,0.6954887218045113,TRM,cDC2,1.5302348,0.0
LGALS1,LGALS1,2.4146504,0.933920704845815,ITGB1,ITGB1,0.64575475,0.6240601503759399,TRM,cDC2,1.5302026,0.0
S100A8,S100A8,2.1279328,0.6718061674008811,ITGB2,ITGB2,0.93231255,0.5994897959183674,TRM,γδ T,1.5301226,0.0
APP,APP,0.16368459,0.24242424242424243,CD74,CD74,2.89363,1.0,Mono-NC,Mono-NC,1.5286573,0.0
LGALS9,LGALS9,0.7756295,0.698237885462555,PTPRC,PTPRC,2.281296,0.9839228295819936,TRM,Mono-C,1.5284628,0.0
PSAP,PSAP,2.863864,1.0,SORT1,SORT1,0.19255288,0.28854625550660795,Mono-NC,TRM,1.5282084,0.0
LGALS9,LGALS9,1.0351217,0.9090909090909091,CD44,CD44,2.020819,0.977491961414791,Mono-NC,Mono-C,1.5279703,0.0
CALM1,CALM1,2.6783094,0.991701244813278,PTPRA,PTPRA,0.37720758,0.32,NK-CD16+,CD8 T,1.5277585,0.0
LTB,LTB,2.5990403,0.924812030075188,TNFRSF1A,TNFRSF1A,0.45619887,0.375,B,γδ T,1.5276196,0.0
VCAN,VCAN,2.9436893,0.9903536977491961,SELL,SELL,0.11102879,0.14661654135338345,Mono-C,cDC2,1.527359,0.0
CD48,CD48,1.7161002,0.8879668049792531,CD2,CD2,1.3383713,0.7136929460580913,NK-CD16+,NK-CD16+,1.5272357,0.0
HLA-DRB5,HLA-DRB5,1.9942361,0.7669172932330827,CD4,CD4,1.0583234,0.7037037037037037,cDC2,Treg,1.5262797,0.0
COPA,COPA,0.22268572,0.22556390977443608,CD74,CD74,2.8294744,0.9903536977491961,B,Mono-C,1.5260801,0.0
COPA,COPA,0.22051787,0.20448179271708683,CD74,CD74,2.8294744,0.9903536977491961,CD4 T,Mono-C,1.5249962,0.0
HLA-DRB1,HLA-DRB1,2.2889106,0.9140969162995595,CD4,CD4,0.7606554,0.6428571428571429,TRM,cDC2,1.524783,0.0
CD14,CD14,2.6164467,0.9559471365638766,ITGA4,ITGA4,0.43139827,0.3753501400560224,TRM,CD4 T,1.5239224,0.0
CD99,CD99,0.95711637,0.7491961414790996,CD81,CD81,2.0887177,0.92,Mono-C,CD8 T,1.522917,0.0
TIMP2,TIMP2,1.0243123,0.8295819935691319,CD44,CD44,2.020819,0.977491961414791,Mono-C,Mono-C,1.5225656,0.0
PSAP,PSAP,2.8930304,0.9911894273127754,LRP1,LRP1,0.15203843,0.23684210526315788,TRM,cDC2,1.5225344,0.0
C1QA,C1QA,1.9114438,0.6917293233082706,CD93,CD93,1.1336107,0.842443729903537,cDC2,Mono-C,1.5225272,0.0
CD14,CD14,2.6164467,0.9559471365638766,ITGA4,ITGA4,0.4272796,0.3494897959183674,TRM,γδ T,1.5218632,0.0
CD52,CD52,2.7944887,0.9591836734693877,SIGLEC10,SIGLEC10,0.24669465,0.29515418502202645,γδ T,TRM,1.5205916,0.0
LGALS9,LGALS9,1.0351217,0.9090909090909091,PTPRC,PTPRC,2.005679,0.938375350140056,Mono-NC,CD4 T,1.5204003,0.0
S100A9,S100A9,2.4333746,0.9393939393939394,ITGB2,ITGB2,0.60727656,0.4565826330532213,Mono-NC,CD4 T,1.5203257,0.003
TIMP2,TIMP2,1.0195317,0.8193832599118943,CD44,CD44,2.020819,0.977491961414791,TRM,Mono-C,1.5201753,0.0
HLA-DPB1,HLA-DPB1,2.7090728,0.947136563876652,CD4,CD4,0.33111274,0.2801120448179272,TRM,CD4 T,1.5200927,0.0
VCAN,VCAN,2.9436893,0.9903536977491961,TLR1,TLR1,0.09634738,0.1,Mono-C,CD8 T,1.5200183,0.0
HLA-E,HLA-E,2.7714274,0.991701244813278,KLRC2,KLRC2_KLRD1,0.2676733,0.17012448132780084,NK-CD16+,NK-CD16+,1.5195503,0.0
S100A9,S100A9,2.8765604,0.775330396475771,TLR4,TLR4,0.1623037,0.2781954887218045,TRM,cDC2,1.5194321,0.0
GRN,GRN,2.060383,0.9647577092511013,TNFRSF1A,TNFRSF1A,0.9779132,0.8039647577092511,TRM,TRM,1.5191481,0.0
HMGB1,HMGB1,1.7054685,0.9485530546623794,CXCR4,CXCR4,1.3327702,0.7744360902255639,Mono-C,B,1.5191194,0.0
HLA-E,HLA-E,2.5274863,0.9872448979591837,CD8B,CD8B,0.51036483,0.3153526970954357,γδ T,NK-CD16+,1.5189255,0.0
LTB,LTB,2.833597,0.9259259259259259,CD40,CD40,0.20363815,0.2599118942731278,Treg,TRM,1.5186175,0.0
CALM1,CALM1,2.6783094,0.991701244813278,PTPRA,PTPRA,0.35707742,0.29336734693877553,NK-CD16+,γδ T,1.5176934,0.0
APP,APP,0.14175355,0.15037593984962405,CD74,CD74,2.89363,1.0,B,Mono-NC,1.5176919,0.0
HLA-E,HLA-E,1.9404597,0.9,CD8B,CD8B,1.0948339,0.6658163265306123,CD8 T,γδ T,1.5176468,0.0
HLA-DQA1,HLA-DQA1,2.2742455,0.9849624060150376,CD4,CD4,0.7606554,0.6428571428571429,B,cDC2,1.5174505,0.0
CD14,CD14,2.3152533,0.9710610932475884,TLR4,TLR4,0.7193331,0.662379421221865,Mono-C,Mono-C,1.5172932,0.0
APP,APP,0.14060517,0.22556390977443608,CD74,CD74,2.89363,1.0,cDC2,Mono-NC,1.5171176,0.0
TGFB1,TGFB1,1.4091885,0.8464730290456431,CXCR4,CXCR4,1.6237797,0.773109243697479,NK-CD16+,CD4 T,1.516484,0.0
HLA-E,HLA-E,2.5274863,0.9872448979591837,KLRC2,KLRC2_KLRD1,0.5046022,0.33436532507739936,γδ T,NK-CD16-,1.5160443,0.0
PSAP,PSAP,2.8930304,0.9911894273127754,SORT1,SORT1,0.13779345,0.2556390977443609,TRM,cDC2,1.515412,0.0
CD48,CD48,0.59281886,0.4,CD2,CD2,2.437096,0.9056122448979592,CD8 T,γδ T,1.5149574,0.0
CD14,CD14,2.3152533,0.9710610932475884,ITGB1,ITGB1,0.7144593,0.6296296296296297,Mono-C,Treg,1.5148563,0.0
TIMP1,TIMP1,1.4424344,0.842443729903537,CD63,CD63,1.5867006,0.8469387755102041,Mono-C,γδ T,1.5145675,0.0
GZMA,GZMA,2.7375348,0.9626556016597511,F2R,F2R,0.29116866,0.22193877551020408,NK-CD16+,γδ T,1.5143517,0.0
CD99,CD99,1.5316823,0.8622448979591837,CD81,CD81,1.4962295,0.8571428571428571,γδ T,γδ T,1.5139558,0.0
HLA-DPB1,HLA-DPB1,2.7090728,0.947136563876652,LAG3,LAG3,0.31858182,0.18518518518518517,TRM,Treg,1.5138273,0.0
HMGB1,HMGB1,1.9818271,1.0,CXCR4,CXCR4,1.0455099,0.5637755102040817,Treg,γδ T,1.5136685,0.007
PSAP,PSAP,2.8930304,0.9911894273127754,CD1B,CD1B,0.13393842,0.16917293233082706,TRM,cDC2,1.5134844,0.0
PKM,PKM,1.0531216,0.8787878787878788,CD44,CD44,1.9724663,0.8612334801762115,Mono-NC,TRM,1.512794,0.0
CD99,CD99,1.6667216,0.9004149377593361,CD81,CD81,1.3585721,0.6916299559471366,NK-CD16+,TRM,1.5126469,0.0
GZMA,GZMA,2.599894,0.9005102040816326,F2R,F2R,0.42440417,0.34854771784232363,γδ T,NK-CD16+,1.5121491,0.0
COPA,COPA,0.19432183,0.16,CD74,CD74,2.8294744,0.9903536977491961,CD8 T,Mono-C,1.5118982,0.0
CALM1,CALM1,2.6783094,0.991701244813278,PTPRA,PTPRA,0.3444767,0.2755417956656347,NK-CD16+,NK-CD16-,1.5113931,0.0
CD48,CD48,1.3384117,0.7478991596638656,CD2,CD2,1.6805748,0.8011204481792717,CD4 T,CD4 T,1.5094932,0.0
LGALS1,LGALS1,2.4424744,0.9172932330827067,ITGB1,ITGB1,0.57492626,0.4413265306122449,cDC2,γδ T,1.5087004,0.0
HMGB1,HMGB1,1.6840637,0.9361233480176211,CXCR4,CXCR4,1.3327702,0.7744360902255639,TRM,B,1.5084169,0.0
CD14,CD14,2.6164467,0.9559471365638766,TLR4,TLR4,0.40018338,0.4977973568281938,TRM,TRM,1.5083151,0.0
PSAP,PSAP,2.863864,1.0,LRP1,LRP1,0.15203843,0.23684210526315788,Mono-NC,cDC2,1.5079511,0.0
CD58,CD58,0.5036403,0.4074074074074074,CD2,CD2,2.5105412,1.0,Treg,Treg,1.5070908,0.0
CD58,CD58,0.57379407,0.6277533039647577,CD2,CD2,2.437096,0.9056122448979592,TRM,γδ T,1.5054451,0.0
AGTRAP,AGTRAP,0.5067451,0.39473684210526316,RACK1,RACK1,2.5030425,0.977491961414791,NK-CD16-,Mono-C,1.5048938,0.001
LGALS1,LGALS1,2.4346786,1.0,ITGB1,ITGB1,0.57492626,0.4413265306122449,Mono-NC,γδ T,1.5048025,0.0
CD99,CD99,0.9208066,0.7037037037037037,CD81,CD81,2.0887177,0.92,Treg,CD8 T,1.5047622,0.002
MRC1,MRC1,0.35060623,0.2621145374449339,PTPRC,PTPRC,2.6577017,0.9848484848484849,TRM,Mono-NC,1.504154,0.0
LGALS9,LGALS9,1.0351217,0.9090909090909091,CD44,CD44,1.9724663,0.8612334801762115,Mono-NC,TRM,1.503794,0.0
CD14,CD14,2.3152533,0.9710610932475884,ITGA4,ITGA4,0.6913513,0.5925925925925926,Mono-C,Treg,1.5033023,0.0
HLA-E,HLA-E,1.3856709,0.7819548872180451,CD8A,CD8A,1.6204809,0.7806122448979592,cDC2,γδ T,1.5030758,0.0
HLA-DRB1,HLA-DRB1,2.0605636,0.9699248120300752,CD4,CD4,0.9452533,0.8484848484848485,B,Mono-NC,1.5029085,0.0
HLA-DPA1,HLA-DPA1,2.7644343,1.0,LAG3,LAG3,0.24067335,0.2074688796680498,Mono-NC,NK-CD16+,1.5025538,0.0
LGALS1,LGALS1,2.429435,0.9807073954983923,ITGB1,ITGB1,0.57492626,0.4413265306122449,Mono-C,γδ T,1.5021806,0.0
CD14,CD14,2.6164467,0.9559471365638766,TLR1,TLR1,0.38779616,0.5,TRM,Mono-NC,1.5021214,0.0
HMGB1,HMGB1,1.957732,0.9413265306122449,CXCR4,CXCR4,1.0455099,0.5637755102040817,γδ T,γδ T,1.501621,0.0
CD22,CD22,0.88546044,0.6390977443609023,PTPRC,PTPRC,2.1173134,0.9629629629629629,B,Treg,1.5013869,0.0
HLA-DRB5,HLA-DRB5,2.0568986,0.8721804511278195,CD4,CD4,0.9452533,0.8484848484848485,B,Mono-NC,1.501076,0.0
PSAP,PSAP,2.863864,1.0,SORT1,SORT1,0.13779345,0.2556390977443609,Mono-NC,cDC2,1.5008287,0.0
CD99,CD99,1.0804802,0.7507002801120448,CD81,CD81,1.9197115,0.9303405572755418,CD4 T,NK-CD16-,1.5000958,0.0
CD59,CD59,0.48945206,0.4074074074074074,CD2,CD2,2.5105412,1.0,Treg,Treg,1.4999967,0.0
GNAI2,GNAI2,2.0849884,0.9696969696969697,C5AR1,C5AR1,0.9142223,0.6752411575562701,Mono-NC,Mono-C,1.4996053,0.0
GRN,GRN,1.5962931,0.793233082706767,TNFRSF1B,TNFRSF1B,1.401767,0.8148148148148148,cDC2,Treg,1.4990301,0.0
PSAP,PSAP,2.863864,1.0,CD1B,CD1B,0.13393842,0.16917293233082706,Mono-NC,cDC2,1.4989011,0.0
TIMP2,TIMP2,1.0243123,0.8295819935691319,CD44,CD44,1.9724663,0.8612334801762115,Mono-C,TRM,1.4983892,0.0
S100A9,S100A9,2.8765604,0.775330396475771,CD36,CD36,0.11772665,0.15037593984962405,TRM,cDC2,1.4971435,0.0
HLA-DQB1,HLA-DQB1,2.430568,0.9849624060150376,LAG3,LAG3,0.5634088,0.41836734693877553,B,γδ T,1.4969884,0.0
HLA-E,HLA-E,2.5274863,0.9872448979591837,KLRC1,KLRC1_KLRD1,0.4662107,0.2372448979591837,γδ T,γδ T,1.4968485,0.0
APP,APP,0.16368459,0.24242424242424243,CD74,CD74,2.8294744,0.9903536977491961,Mono-NC,Mono-C,1.4965795,0.0
GZMA,GZMA,2.7375348,0.9626556016597511,F2R,F2R,0.2553608,0.22,NK-CD16+,CD8 T,1.4964478,0.0
TIMP2,TIMP2,1.0195317,0.8193832599118943,CD44,CD44,1.9724663,0.8612334801762115,TRM,TRM,1.4959991,0.0
LTB,LTB,2.6262636,0.9495798319327731,TNFRSF1A,TNFRSF1A,0.36541182,0.3,CD4 T,CD8 T,1.4958377,0.0
LTB,LTB,2.6262636,0.9495798319327731,TNFRSF1A,TNFRSF1A,0.36394188,0.28792569659442724,CD4 T,NK-CD16-,1.4951028,0.0
LGALS1,LGALS1,2.4146504,0.933920704845815,ITGB1,ITGB1,0.57492626,0.4413265306122449,TRM,γδ T,1.4947884,0.0
HLA-DQA1,HLA-DQA1,2.746594,0.9022556390977443,LAG3,LAG3,0.24067335,0.2074688796680498,cDC2,NK-CD16+,1.4936336,0.0
CD14,CD14,2.6164467,0.9559471365638766,ITGB2,ITGB2,0.37066454,0.3233082706766917,TRM,B,1.4935557,0.0
CD14,CD14,2.3152533,0.9710610932475884,ITGB1,ITGB1,0.66938674,0.4733893557422969,Mono-C,CD4 T,1.4923201,0.0
CD14,CD14,2.3152533,0.9710610932475884,ITGA4,ITGA4,0.66753775,0.4979253112033195,Mono-C,NK-CD16+,1.4913955,0.0
CD52,CD52,2.1064703,0.9259259259259259,SIGLEC10,SIGLEC10,0.8756948,0.7727272727272727,Treg,Mono-NC,1.4910825,0.0
LTB,LTB,2.6262636,0.9495798319327731,TNFRSF1A,TNFRSF1A,0.35417932,0.2962962962962963,CD4 T,Treg,1.4902215,0.0
MIF,MIF,0.95702225,0.66,CD44,CD44_CD74,2.020819,0.977491961414791,CD8 T,Mono-C,1.4889206,0.0
CALM1,CALM1,2.6783094,0.991701244813278,PTPRA,PTPRA,0.29881483,0.33440514469453375,NK-CD16+,Mono-C,1.4885621,0.0
CD52,CD52,2.7944887,0.9591836734693877,SIGLEC10,SIGLEC10,0.18228966,0.2090032154340836,γδ T,Mono-C,1.4883891,0.0
LTB,LTB,2.833597,0.9259259259259259,CD40,CD40,0.14197683,0.24242424242424243,Treg,Mono-NC,1.4877869,0.0
TGFB1,TGFB1,1.3503319,0.7972136222910217,CXCR4,CXCR4,1.6237797,0.773109243697479,NK-CD16-,CD4 T,1.4870558,0.0
APP,APP,0.14175355,0.15037593984962405,CD74,CD74,2.8294744,0.9903536977491961,B,Mono-C,1.4856141,0.0
APP,APP,0.14060517,0.22556390977443608,CD74,CD74,2.8294744,0.9903536977491961,cDC2,Mono-C,1.4850398,0.0
CD14,CD14,2.6164467,0.9559471365638766,ITGA4,ITGA4,0.35356614,0.3383458646616541,TRM,B,1.4850065,0.0
LTB,LTB,2.6262636,0.9495798319327731,TNFRSF1A,TNFRSF1A,0.34344858,0.27800829875518673,CD4 T,NK-CD16+,1.4848561,0.0
VCAN,VCAN,1.6373343,0.6101321585903083,CD44,CD44,1.3308253,0.8148148148148148,TRM,Treg,1.4840798,0.0
TNFSF13B,TNFSF13B,0.5918427,0.5616740088105727,HLA-DPB1,HLA-DPB1,2.375882,0.9696969696969697,TRM,Mono-NC,1.4838623,0.0
GRN,GRN,2.1633158,0.9903536977491961,TNFRSF1A,TNFRSF1A,0.8014042,0.7234726688102894,Mono-C,Mono-C,1.48236,0.0
LTB,LTB,2.5990403,0.924812030075188,TNFRSF1A,TNFRSF1A,0.36541182,0.3,B,CD8 T,1.482226,0.0
LGALS9,LGALS9,0.84653074,0.7652733118971061,PTPRC,PTPRC,2.1173134,0.9629629629629629,Mono-C,Treg,1.481922,0.0
LTB,LTB,2.5990403,0.924812030075188,TNFRSF1A,TNFRSF1A,0.36394188,0.28792569659442724,B,NK-CD16-,1.4814911,0.0
TIMP1,TIMP1,0.4937503,0.3949579831932773,CD63,CD63,2.4684656,0.9779735682819384,CD4 T,TRM,1.481108,0.001
CD14,CD14,2.3152533,0.9710610932475884,ITGB1,ITGB1,0.64575475,0.6240601503759399,Mono-C,cDC2,1.480504,0.0
CD99,CD99,0.8714399,0.7312775330396476,CD81,CD81,2.0887177,0.92,TRM,CD8 T,1.4800788,0.0
CALM1,CALM1,2.6783094,0.991701244813278,PTPRA,PTPRA,0.280643,0.2549019607843137,NK-CD16+,CD4 T,1.4794762,0.0
LGALS1,LGALS1,2.4424744,0.9172932330827067,CD69,CD69,0.5164226,0.36099585062240663,cDC2,NK-CD16+,1.4794486,0.0
CD52,CD52,2.7944887,0.9591836734693877,SIGLEC10,SIGLEC10,0.16302413,0.18045112781954886,γδ T,B,1.4787564,0.0
PTPN6,PTPN6,1.5784357,0.9696969696969697,CLEC12A,CLEC12A,1.3789101,0.8681672025723473,Mono-NC,Mono-C,1.4786729,0.0
ANXA1,ANXA1,1.7077402,0.849624060150376,FPR1,FPR1,1.2494273,0.8906752411575563,cDC2,Mono-C,1.4785838,0.0
SERPINA1,SERPINA1,1.9460464,0.9807073954983923,LRP1,LRP1,1.0102887,0.8360128617363344,Mono-C,Mono-C,1.4781675,0.0
CD99,CD99,1.6667216,0.9004149377593361,PILRA,PILRA,1.2890874,0.9090909090909091,NK-CD16+,Mono-NC,1.4779046,0.0
ANXA1,ANXA1,1.7056378,0.9074889867841409,FPR1,FPR1,1.2494273,0.8906752411575563,TRM,Mono-C,1.4775326,0.0
HMGB1,HMGB1,1.8302479,0.8458646616541353,CXCR4,CXCR4,1.1235944,0.6387665198237885,cDC2,TRM,1.4769211,0.0
LTB,LTB,2.5990403,0.924812030075188,TNFRSF1A,TNFRSF1A,0.35417932,0.2962962962962963,B,Treg,1.4766098,0.0
HLA-DRB1,HLA-DRB1,2.0605636,0.9699248120300752,CD4,CD4,0.89178056,0.7556270096463023,B,Mono-C,1.4761721,0.0
LGALS1,LGALS1,2.4424744,0.9172932330827067,ITGB1,ITGB1,0.5097219,0.38345864661654133,cDC2,B,1.4760981,0.0
LGALS1,LGALS1,2.4346786,1.0,CD69,CD69,0.5164226,0.36099585062240663,Mono-NC,NK-CD16+,1.4755507,0.0
HLA-DPB1,HLA-DPB1,2.7090728,0.947136563876652,LAG3,LAG3,0.24067335,0.2074688796680498,TRM,NK-CD16+,1.4748731,0.0
HLA-DPA1,HLA-DPA1,2.7644343,1.0,LAG3,LAG3,0.1844943,0.15126050420168066,Mono-NC,CD4 T,1.4744643,0.0
HLA-DRB5,HLA-DRB5,2.0568986,0.8721804511278195,CD4,CD4,0.89178056,0.7556270096463023,B,Mono-C,1.4743396,0.0
S100A9,S100A9,2.4333746,0.9393939393939394,TLR4,TLR4,0.51519525,0.6060606060606061,Mono-NC,Mono-NC,1.4742849,0.0
HLA-E,HLA-E,2.7714274,0.991701244813278,CD8B,CD8B,0.1760683,0.10084033613445378,NK-CD16+,CD4 T,1.4737478,0.0
PKM,PKM,1.306979,0.8681672025723473,CD44,CD44,1.6401936,1.0,Mono-C,Mono-NC,1.4735863,0.0
LGALS1,LGALS1,2.429435,0.9807073954983923,CD69,CD69,0.5164226,0.36099585062240663,Mono-C,NK-CD16+,1.4729288,0.0
CD99,CD99,0.85709506,0.62,CD81,CD81,2.0887177,0.92,CD8 T,CD8 T,1.4729064,0.002
LGALS1,LGALS1,2.4346786,1.0,ITGB1,ITGB1,0.5097219,0.38345864661654133,Mono-NC,B,1.4722002,0.0
SERPINA1,SERPINA1,2.4382563,0.9848484848484849,LRP1,LRP1,0.50576186,0.6212121212121212,Mono-NC,Mono-NC,1.4720091,0.0
PSAP,PSAP,2.6777368,1.0,SORT1,SORT1,0.2660577,0.31511254019292606,Mono-C,Mono-C,1.4718972,0.0
LTB,LTB,2.5990403,0.924812030075188,TNFRSF1A,TNFRSF1A,0.34344858,0.27800829875518673,B,NK-CD16+,1.4712445,0.0
HLA-E,HLA-E,2.7714274,0.991701244813278,CD8A,CD8A,0.17009616,0.11204481792717087,NK-CD16+,CD4 T,1.4707618,0.0
CD58,CD58,0.5036403,0.4074074074074074,CD2,CD2,2.437096,0.9056122448979592,Treg,γδ T,1.4703681,0.0
CD52,CD52,2.6386073,0.9849624060150376,SIGLEC10,SIGLEC10,0.30192742,0.36466165413533835,B,cDC2,1.4702673,0.0
CD14,CD14,2.6164467,0.9559471365638766,ITGA4,ITGA4,0.32363695,0.4008810572687225,TRM,TRM,1.4700419,0.0
HLA-DRB5,HLA-DRB5,1.9942361,0.7669172932330827,CD4,CD4,0.9452533,0.8484848484848485,cDC2,Mono-NC,1.4697447,0.0
HLA-DPB1,HLA-DPB1,2.375882,0.9696969696969697,LAG3,LAG3,0.5634088,0.41836734693877553,Mono-NC,γδ T,1.4696454,0.0
LGALS1,LGALS1,2.429435,0.9807073954983923,ITGB1,ITGB1,0.5097219,0.38345864661654133,Mono-C,B,1.4695785,0.0
HMGB1,HMGB1,1.9818271,1.0,HAVCR2,HAVCR2,0.957247,0.7731277533039648,Treg,TRM,1.469537,0.0
CD14,CD14,2.6164467,0.9559471365638766,TLR1,TLR1,0.3205201,0.4185022026431718,TRM,TRM,1.4684834,0.0
LTB,LTB,2.6262636,0.9495798319327731,CD40,CD40,0.3098617,0.3684210526315789,CD4 T,cDC2,1.4680626,0.0
CD59,CD59,0.4246249,0.4774436090225564,CD2,CD2,2.5105412,1.0,cDC2,Treg,1.4675831,0.0
HBEGF,HBEGF,0.91429305,0.5726872246696035,CD44,CD44,2.020819,0.977491961414791,TRM,Mono-C,1.467556,0.0
HLA-DRB1,HLA-DRB1,1.8739448,0.9848484848484849,CD4,CD4,1.0583234,0.7037037037037037,Mono-NC,Treg,1.4661341,0.0
CALM1,CALM1,2.6783094,0.991701244813278,PTPRA,PTPRA,0.2536749,0.3484848484848485,NK-CD16+,Mono-NC,1.4659922,0.0
HLA-DQA1,HLA-DQA1,2.746594,0.9022556390977443,LAG3,LAG3,0.1844943,0.15126050420168066,cDC2,CD4 T,1.4655441,0.0
LGALS1,LGALS1,2.4146504,0.933920704845815,CD69,CD69,0.5164226,0.36099585062240663,TRM,NK-CD16+,1.4655366,0.0
NRG1,NRG1,0.22177276,0.24437299035369775,HLA-DPB1,HLA-DPB1,2.7090728,0.947136563876652,Mono-C,TRM,1.4654227,0.0
HLA-DMA,HLA-DMA,1.8716204,0.8345864661654135,CD4,CD4,1.0583234,0.7037037037037037,cDC2,Treg,1.4649719,0.0
LGALS1,LGALS1,1.0930787,0.5386996904024768,CD69,CD69,1.8365906,0.82,NK-CD16-,CD8 T,1.4648347,0.0
MIF,MIF,0.95702225,0.66,CD44,CD44_CD74,1.9724663,0.8612334801762115,CD8 T,TRM,1.4647443,0.0
CD59,CD59,0.48945206,0.4074074074074074,CD2,CD2,2.437096,0.9056122448979592,Treg,γδ T,1.4632741,0.0
CD14,CD14,2.6164467,0.9559471365638766,TLR1,TLR1,0.30913138,0.3633440514469453,TRM,Mono-C,1.462789,0.0
CD14,CD14,2.6164467,0.9559471365638766,ITGA4,ITGA4,0.30852923,0.40225563909774437,TRM,cDC2,1.4624879,0.0
HMGB1,HMGB1,1.8011355,0.9377593360995851,CXCR4,CXCR4,1.1235944,0.6387665198237885,NK-CD16+,TRM,1.4623649,0.0
LGALS1,LGALS1,2.4146504,0.933920704845815,ITGB1,ITGB1,0.5097219,0.38345864661654133,TRM,B,1.4621861,0.0
CD14,CD14,2.3152533,0.9710610932475884,ITGB2,ITGB2,0.60727656,0.4565826330532213,Mono-C,CD4 T,1.4612648,0.0
ZG16B,ZG16B,0.374383,0.32,CXCR4,CXCR4,2.5478263,0.8,CD8 T,CD8 T,1.4611046,0.0
HLA-F,HLA-F,1.1733881,0.7777777777777778,LILRB2,LILRB2,1.7463557,1.0,Treg,Mono-NC,1.4598719,0.0
LGALS9,LGALS9,0.8022431,0.6879699248120301,PTPRC,PTPRC,2.1173134,0.9629629629629629,cDC2,Treg,1.4597783,0.0
GNAI2,GNAI2,1.6692941,0.9361233480176211,FPR1,FPR1,1.2494273,0.8906752411575563,TRM,Mono-C,1.4593607,0.0
SECTM1,SECTM1,0.6598696,0.7121212121212122,CD7,CD7,2.2578173,0.92,Mono-NC,CD8 T,1.4588435,0.0
CALM1,CALM1,2.6783094,0.991701244813278,KCNN4,KCNN4,0.23798586,0.29955947136563876,NK-CD16+,TRM,1.4581476,0.0
CCL4,CCL4,2.035246,0.9128630705394191,CCR1,CCR1,0.880954,0.7224669603524229,NK-CD16+,TRM,1.4581,0.0
S100A4,S100A4,2.5836742,0.8920704845814978,CCR5,CCR5,0.33249417,0.2755102040816326,TRM,γδ T,1.4580842,0.0
GRN,GRN,1.3472822,0.9242424242424242,TNFRSF1B,TNFRSF1B,1.5683897,0.9389067524115756,Mono-NC,Mono-C,1.4578359,0.0
HMGB1,HMGB1,1.957732,0.9413265306122449,HAVCR2,HAVCR2,0.957247,0.7731277533039648,γδ T,TRM,1.4574895,0.0
CCL4,CCL4,2.5821323,0.9179566563467493,CCR5,CCR5,0.33249417,0.2755102040816326,NK-CD16-,γδ T,1.4573133,0.0
HMGB1,HMGB1,1.7899321,0.8962848297213623,CXCR4,CXCR4,1.1235944,0.6387665198237885,NK-CD16-,TRM,1.4567633,0.0
TIMP1,TIMP1,0.44405347,0.35269709543568467,CD63,CD63,2.4684656,0.9779735682819384,NK-CD16+,TRM,1.4562595,0.008
LGALS9,LGALS9,1.0351217,0.9090909090909091,PTPRC,PTPRC,1.8769523,0.9148606811145511,Mono-NC,NK-CD16-,1.456037,0.0
VEGFA,VEGFA,1.2694507,0.6409691629955947,CD44,CD44,1.6401936,1.0,TRM,Mono-NC,1.4548221,0.0
CALM1,CALM1,2.6783094,0.991701244813278,KCNN4,KCNN4,0.23086745,0.25925925925925924,NK-CD16+,Treg,1.4545884,0.0
LTB,LTB,2.5990403,0.924812030075188,CD40,CD40,0.3098617,0.3684210526315789,B,cDC2,1.454451,0.0
SELPLG,SELPLG,0.7946696,0.8787878787878788,ITGB2,ITGB2,2.1123059,0.9646302250803859,Mono-NC,Mono-C,1.4534878,0.0
GNAI2,GNAI2,1.9915086,0.9903536977491961,C5AR1,C5AR1,0.9142223,0.6752411575562701,Mono-C,Mono-C,1.4528655,0.0
ANXA1,ANXA1,2.147105,0.9614147909967846,FPR1,FPR1,0.75772005,0.6818181818181818,Mono-C,Mono-NC,1.4524125,0.0
GZMB,GZMB,2.5985115,0.966804979253112,IGF2R,IGF2R,0.30584055,0.394273127753304,NK-CD16+,TRM,1.452176,0.0
CD48,CD48,1.223719,0.7407407407407407,CD2,CD2,1.6805748,0.8011204481792717,Treg,CD4 T,1.4521469,0.0
LGALS1,LGALS1,2.4424744,0.9172932330827067,CD69,CD69,0.46147123,0.37037037037037035,cDC2,Treg,1.4519728,0.0
GNAS,GNAS,2.194046,0.9398496240601504,PTGDR,PTGDR,0.70643866,0.5269709543568465,cDC2,NK-CD16+,1.4502423,0.0
LGALS9,LGALS9,0.2426989,0.2556390977443609,PTPRC,PTPRC,2.6577017,0.9848484848484849,B,Mono-NC,1.4502003,0.0
PKM,PKM,1.5689479,0.920704845814978,CD44,CD44,1.3308253,0.8148148148148148,TRM,Treg,1.4498866,0.0
HLA-E,HLA-E,2.3889177,1.0,CD8B,CD8B,0.51036483,0.3153526970954357,Treg,NK-CD16+,1.4496412,0.0
CCL4,CCL4,2.5821323,0.9179566563467493,CCR1,CCR1,0.3167034,0.3787878787878788,NK-CD16-,Mono-NC,1.4494178,0.0
CD99,CD99,1.2895992,0.7848297213622291,CD81,CD81,1.6084934,0.7969924812030075,NK-CD16-,cDC2,1.4490464,0.0
HMGB1,HMGB1,1.7740713,0.92,CXCR4,CXCR4,1.1235944,0.6387665198237885,CD8 T,TRM,1.4488329,0.022
LGALS1,LGALS1,2.4346786,1.0,CD69,CD69,0.46147123,0.37037037037037035,Mono-NC,Treg,1.4480749,0.001
HLA-F,HLA-F,1.6585511,0.9045643153526971,LILRB1,LILRB1,1.2360857,0.9242424242424242,NK-CD16+,Mono-NC,1.4473183,0.0
LGALS9,LGALS9,0.23665385,0.25925925925925924,PTPRC,PTPRC,2.6577017,0.9848484848484849,Treg,Mono-NC,1.4471778,0.0
HLA-DPB1,HLA-DPB1,2.7090728,0.947136563876652,LAG3,LAG3,0.1844943,0.15126050420168066,TRM,CD4 T,1.4467835,0.0
HLA-E,HLA-E,2.3889177,1.0,KLRC2,KLRC2_KLRD1,0.5046022,0.33436532507739936,Treg,NK-CD16-,1.4467599,0.0
LGALS9,LGALS9,0.7756295,0.698237885462555,PTPRC,PTPRC,2.1173134,0.9629629629629629,TRM,Treg,1.4464715,0.0
C1QB,C1QB,1.8822782,0.6616541353383458,LRP1,LRP1,1.0102887,0.8360128617363344,cDC2,Mono-C,1.4462835,0.0
CD14,CD14,2.6164467,0.9559471365638766,ITGA4,ITGA4,0.275941,0.22291021671826625,TRM,NK-CD16-,1.4461939,0.0
CALM1,CALM1,2.6783094,0.991701244813278,KCNQ1,KCNQ1,0.21376051,0.2572347266881029,NK-CD16+,Mono-C,1.446035,0.0
S100A8,S100A8,1.4347306,0.7121212121212122,CD68,CD68,1.4572712,0.9035369774919614,Mono-NC,Mono-C,1.4460009,0.0
CD99,CD99,1.6667216,0.9004149377593361,CD81,CD81,1.2251914,0.7717842323651453,NK-CD16+,NK-CD16+,1.4459565,0.0
CD22,CD22,0.88546044,0.6390977443609023,PTPRC,PTPRC,2.005679,0.938375350140056,B,CD4 T,1.4455696,0.0
GZMA,GZMA,2.599894,0.9005102040816326,F2R,F2R,0.29116866,0.22193877551020408,γδ T,γδ T,1.4455314,0.0
PKM,PKM,0.87012345,0.56,CD44,CD44,2.020819,0.977491961414791,CD8 T,Mono-C,1.4454712,0.0
LGALS1,LGALS1,2.429435,0.9807073954983923,CD69,CD69,0.46147123,0.37037037037037035,Mono-C,Treg,1.4454532,0.0
CD99,CD99,1.5316823,0.8622448979591837,CD81,CD81,1.3585721,0.6916299559471366,γδ T,TRM,1.4451272,0.0
CD14,CD14,2.3152533,0.9710610932475884,ITGB1,ITGB1,0.57492626,0.4413265306122449,Mono-C,γδ T,1.4450898,0.0
GZMA,GZMA,2.7375348,0.9626556016597511,F2R,F2R,0.15213738,0.1400560224089636,NK-CD16+,CD4 T,1.444836,0.0
HLA-E,HLA-E,2.5274863,0.9872448979591837,KLRC1,KLRC1_KLRD1,0.3601573,0.2033195020746888,γδ T,NK-CD16+,1.4438218,0.013
GZMB,GZMB,2.5985115,0.966804979253112,IGF2R,IGF2R,0.28827822,0.25925925925925924,NK-CD16+,Treg,1.4433949,0.0
HBEGF,HBEGF,0.91429305,0.5726872246696035,CD44,CD44,1.9724663,0.8612334801762115,TRM,TRM,1.4433796,0.0
HLA-DRB5,HLA-DRB5,1.9942361,0.7669172932330827,CD4,CD4,0.89178056,0.7556270096463023,cDC2,Mono-C,1.4430083,0.0
HLA-E,HLA-E,2.0511498,0.9823788546255506,CD8A,CD8A,0.8343133,0.46887966804979253,TRM,NK-CD16+,1.4427316,0.0
CALM1,CALM1,2.4348373,0.96,PTPRA,PTPRA,0.45047057,0.37037037037037035,CD8 T,Treg,1.4426539,0.0
CD52,CD52,2.6386073,0.9849624060150376,SIGLEC10,SIGLEC10,0.24669465,0.29515418502202645,B,TRM,1.4426509,0.0
S100A4,S100A4,2.5519533,0.923469387755102,CCR5,CCR5,0.33249417,0.2755102040816326,γδ T,γδ T,1.4422238,0.0
CD14,CD14,2.6164467,0.9559471365638766,TLR6,TLR6,0.2673376,0.3086816720257235,TRM,Mono-C,1.4418921,0.0
CD48,CD48,1.543134,0.9022556390977443,CD2,CD2,1.3383713,0.7136929460580913,B,NK-CD16+,1.4407526,0.0
CALM1,CALM1,2.6783094,0.991701244813278,PTPRA,PTPRA,0.20311838,0.29955947136563876,NK-CD16+,TRM,1.4407139,0.0
CD14,CD14,0.76847064,0.4398496240601504,ITGB2,ITGB2,2.1123059,0.9646302250803859,cDC2,Mono-C,1.4403882,0.0
CALM1,CALM1,2.6783094,0.991701244813278,INSR,INSR,0.20066448,0.2540192926045016,NK-CD16+,Mono-C,1.439487,0.0
HLA-E,HLA-E,2.044082,0.9807073954983923,CD8A,CD8A,0.8343133,0.46887966804979253,Mono-C,NK-CD16+,1.4391975,0.0
ANXA1,ANXA1,1.6285561,0.8547717842323651,FPR1,FPR1,1.2494273,0.8906752411575563,NK-CD16+,Mono-C,1.4389918,0.0
CD99,CD99,0.95711637,0.7491961414790996,CD81,CD81,1.9197115,0.9303405572755418,Mono-C,NK-CD16-,1.4384139,0.0
LGALS1,LGALS1,2.4146504,0.933920704845815,CD69,CD69,0.46147123,0.37037037037037035,TRM,Treg,1.4380609,0.0
HMGB1,HMGB1,1.8302479,0.8458646616541353,CXCR4,CXCR4,1.0455099,0.5637755102040817,cDC2,γδ T,1.4378788,0.006
CD59,CD59,0.36507612,0.4118942731277533,CD2,CD2,2.5105412,1.0,TRM,Treg,1.4378086,0.0
HMGB1,HMGB1,1.75128,0.9215686274509803,CXCR4,CXCR4,1.1235944,0.6387665198237885,CD4 T,TRM,1.4374372,0.001
GNAI2,GNAI2,1.6692941,0.9361233480176211,C5AR1,C5AR1,1.2045323,0.9242424242424242,TRM,Mono-NC,1.4369133,0.0
SELPLG,SELPLG,0.7946696,0.8787878787878788,ITGB2,ITGB2,2.077828,1.0,Mono-NC,Mono-NC,1.4362488,0.0
LTB,LTB,2.6262636,0.9495798319327731,TNFRSF1A,TNFRSF1A,0.24602178,0.226890756302521,CD4 T,CD4 T,1.4361427,0.0
HLA-E,HLA-E,2.5274863,0.9872448979591837,KLRC2,KLRC2_KLRD1,0.344315,0.21428571428571427,γδ T,γδ T,1.4359007,0.0
GZMB,GZMB,2.5985115,0.966804979253112,IGF2R,IGF2R,0.27312338,0.36363636363636365,NK-CD16+,Mono-NC,1.4358175,0.0
PSAP,PSAP,2.6777368,1.0,SORT1,SORT1,0.19255288,0.28854625550660795,Mono-C,TRM,1.4351448,0.0
CALM1,CALM1,2.6783094,0.991701244813278,INSR,INSR,0.18988392,0.2878787878787879,NK-CD16+,Mono-NC,1.4340967,0.0
GNAI2,GNAI2,1.6186169,0.8308270676691729,FPR1,FPR1,1.2494273,0.8906752411575563,cDC2,Mono-C,1.4340222,0.0
LGALS9,LGALS9,0.84653074,0.7652733118971061,CD44,CD44,2.020819,0.977491961414791,Mono-C,Mono-C,1.4336748,0.0
GNAS,GNAS,2.1603734,0.94,PTGDR,PTGDR,0.70643866,0.5269709543568465,CD8 T,NK-CD16+,1.4334061,0.0
HLA-DPA1,HLA-DPA1,1.80646,0.8810289389067524,CD4,CD4,1.0583234,0.7037037037037037,Mono-C,Treg,1.4323916,0.0
CALM1,CALM1,2.6783094,0.991701244813278,KCNN4,KCNN4,0.18584758,0.19548872180451127,NK-CD16+,B,1.4320785,0.0
GRN,GRN,2.060383,0.9647577092511013,TNFRSF1A,TNFRSF1A,0.8014042,0.7234726688102894,TRM,Mono-C,1.4308937,0.0
CD59,CD59,0.4246249,0.4774436090225564,CD2,CD2,2.437096,0.9056122448979592,cDC2,γδ T,1.4308605,0.0
HLA-DRB1,HLA-DRB1,2.0605636,0.9699248120300752,CD4,CD4,0.8007195,0.7290748898678414,B,TRM,1.4306415,0.0
CD14,CD14,2.6164467,0.9559471365638766,ITGA4,ITGA4,0.24467708,0.2,TRM,CD8 T,1.4305619,0.0
HMGB1,HMGB1,1.7357348,0.9548872180451128,CXCR4,CXCR4,1.1235944,0.6387665198237885,B,TRM,1.4296646,0.022
HLA-DRB5,HLA-DRB5,2.0568986,0.8721804511278195,CD4,CD4,0.8007195,0.7290748898678414,B,TRM,1.428809,0.0
SECTM1,SECTM1,0.23236595,0.28634361233480177,CD7,CD7,2.6251845,0.9365325077399381,TRM,NK-CD16-,1.4287752,0.0
CALM1,CALM1,2.6783094,0.991701244813278,FAS,FAS,0.17713857,0.15306122448979592,NK-CD16+,γδ T,1.427724,0.0
GZMA,GZMA,2.599894,0.9005102040816326,F2R,F2R,0.2553608,0.22,γδ T,CD8 T,1.4276274,0.0
LGALS1,LGALS1,1.0185882,0.5612244897959183,CD69,CD69,1.8365906,0.82,γδ T,CD8 T,1.4275894,0.0
CD48,CD48,1.9030787,0.9696969696969697,CD2,CD2,0.9504105,0.52,Mono-NC,CD8 T,1.4267446,0.0
HLA-DRB1,HLA-DRB1,2.2889106,0.9140969162995595,LAG3,LAG3,0.5634088,0.41836734693877553,TRM,γδ T,1.4261597,0.0
LGALS9,LGALS9,0.84653074,0.7652733118971061,PTPRC,PTPRC,2.005679,0.938375350140056,Mono-C,CD4 T,1.4261048,0.0
S100A9,S100A9,2.4333746,0.9393939393939394,CD36,CD36,0.41850236,0.4393939393939394,Mono-NC,Mono-NC,1.4259385,0.0
CALM1,CALM1,2.6783094,0.991701244813278,KCNN4,KCNN4,0.17289945,0.22727272727272727,NK-CD16+,Mono-NC,1.4256045,0.0
CD14,CD14,2.6164467,0.9559471365638766,TLR6,TLR6,0.23400983,0.23308270676691728,TRM,B,1.4252282,0.0
S100A4,S100A4,2.5836742,0.8920704845814978,CCR5,CCR5,0.26665843,0.2222222222222222,TRM,Treg,1.4251664,0.001
S100A4,S100A4,2.5836742,0.8920704845814978,CCR5,CCR5,0.26654285,0.3524229074889868,TRM,TRM,1.4251086,0.0
CCL4,CCL4,2.5821323,0.9179566563467493,CCR5,CCR5,0.26665843,0.2222222222222222,NK-CD16-,Treg,1.4243953,0.0
CCL4,CCL4,2.5821323,0.9179566563467493,CCR5,CCR5,0.26654285,0.3524229074889868,NK-CD16-,TRM,1.4243376,0.0
CD48,CD48,1.5102451,0.8469387755102041,CD2,CD2,1.3383713,0.7136929460580913,γδ T,NK-CD16+,1.4243082,0.0
CD52,CD52,2.5462778,0.9719887955182073,SIGLEC10,SIGLEC10,0.30192742,0.36466165413533835,CD4 T,cDC2,1.4241025,0.0
S100A8,S100A8,2.1279328,0.6718061674008811,TLR4,TLR4,0.7193331,0.662379421221865,TRM,Mono-C,1.423633,0.0
HMGB1,HMGB1,1.8011355,0.9377593360995851,CXCR4,CXCR4,1.0455099,0.5637755102040817,NK-CD16+,γδ T,1.4233227,0.015
CD14,CD14,0.76847064,0.4398496240601504,ITGB2,ITGB2,2.077828,1.0,cDC2,Mono-NC,1.4231493,0.0
LTB,LTB,2.5990403,0.924812030075188,TNFRSF1A,TNFRSF1A,0.24602178,0.226890756302521,B,CD4 T,1.422531,0.0
CD52,CD52,2.5418823,0.96,SIGLEC10,SIGLEC10,0.30192742,0.36466165413533835,CD8 T,cDC2,1.4219048,0.0
CD58,CD58,0.33325964,0.3,CD2,CD2,2.5105412,1.0,CD8 T,Treg,1.4219004,0.0
GNAI2,GNAI2,2.0849884,0.9696969696969697,FPR1,FPR1,0.75772005,0.6818181818181818,Mono-NC,Mono-NC,1.4213542,0.0
PKM,PKM,0.87012345,0.56,CD44,CD44,1.9724663,0.8612334801762115,CD8 T,TRM,1.4212949,0.0
CALM1,CALM1,2.6783094,0.991701244813278,PTPRA,PTPRA,0.16423671,0.15789473684210525,NK-CD16+,B,1.4212731,0.0
GNAI2,GNAI2,1.6692941,0.9361233480176211,C5AR1,C5AR1,1.1721296,0.7180616740088106,TRM,TRM,1.4207119,0.0
CD99,CD99,0.9208066,0.7037037037037037,CD81,CD81,1.9197115,0.9303405572755418,Treg,NK-CD16-,1.420259,0.002
PKM,PKM,1.5085813,0.8518518518518519,CD44,CD44,1.3308253,0.8148148148148148,Treg,Treg,1.4197032,0.007
HLA-E,HLA-E,2.0044045,0.934984520123839,CD8A,CD8A,0.8343133,0.46887966804979253,NK-CD16-,NK-CD16+,1.419359,0.0
HLA-DQA1,HLA-DQA1,2.2742455,0.9849624060150376,LAG3,LAG3,0.5634088,0.41836734693877553,B,γδ T,1.4188272,0.0
CD58,CD58,0.3266595,0.28061224489795916,CD2,CD2,2.5105412,1.0,γδ T,Treg,1.4186003,0.0
CD59,CD59,0.32642683,0.28,CD2,CD2,2.5105412,1.0,CD8 T,Treg,1.418484,0.0
CLEC2B,CLEC2B,1.6137797,0.8622291021671826,KLRF1,KLRF1,1.2231754,0.6182572614107884,NK-CD16-,NK-CD16+,1.4184775,0.0
CD14,CD14,2.6164467,0.9559471365638766,TLR1,TLR1,0.22045778,0.3609022556390977,TRM,cDC2,1.4184523,0.0
GNAI2,GNAI2,2.0849884,0.9696969696969697,S1PR4,S1PR4,0.751276,0.7272727272727273,Mono-NC,Mono-NC,1.4181322,0.0
HMGB1,HMGB1,1.7899321,0.8962848297213623,CXCR4,CXCR4,1.0455099,0.5637755102040817,NK-CD16-,γδ T,1.417721,0.008
VCAN,VCAN,1.6373343,0.6101321585903083,ITGB1,ITGB1,1.1977223,0.8568281938325991,TRM,TRM,1.4175284,0.0
HLA-E,HLA-E,2.3236692,1.0,CD8B,CD8B,0.51036483,0.3153526970954357,Mono-NC,NK-CD16+,1.417017,0.0
TNFSF13B,TNFSF13B,1.1212561,0.8167202572347267,HLA-DPB1,HLA-DPB1,1.7125539,0.8488745980707395,Mono-C,Mono-C,1.4169049,0.0
S100A9,S100A9,2.4333746,0.9393939393939394,TLR4,TLR4,0.40018338,0.4977973568281938,Mono-NC,TRM,1.416779,0.0
TIMP1,TIMP1,0.4937503,0.3949579831932773,CD63,CD63,2.3396325,0.9613003095975232,CD4 T,NK-CD16-,1.4166914,0.029
CD58,CD58,0.3218135,0.424812030075188,CD2,CD2,2.5105412,1.0,cDC2,Treg,1.4161774,0.0
TIMP1,TIMP1,0.36289695,0.29336734693877553,CD63,CD63,2.4684656,0.9779735682819384,γδ T,TRM,1.4156812,0.034
CALM1,CALM1,2.4348373,0.96,PTPRA,PTPRA,0.39582723,0.33195020746887965,CD8 T,NK-CD16+,1.4153323,0.0
CD14,CD14,2.3152533,0.9710610932475884,TLR4,TLR4,0.51519525,0.6060606060606061,Mono-C,Mono-NC,1.4152243,0.0
TGFB1,TGFB1,1.2064602,0.9242424242424242,CXCR4,CXCR4,1.6237797,0.773109243697479,Mono-NC,CD4 T,1.4151199,0.0
MRC1,MRC1,0.17221653,0.13909774436090225,PTPRC,PTPRC,2.6577017,0.9848484848484849,cDC2,Mono-NC,1.4149592,0.0
LTB,LTB,2.6262636,0.9495798319327731,CD40,CD40,0.20363815,0.2599118942731278,CD4 T,TRM,1.4149508,0.0
PSAP,PSAP,2.6777368,1.0,LRP1,LRP1,0.15203843,0.23684210526315788,Mono-C,cDC2,1.4148875,0.0
HMGB1,HMGB1,1.7054685,0.9485530546623794,CXCR4,CXCR4,1.1235944,0.6387665198237885,Mono-C,TRM,1.4145315,0.017
HLA-E,HLA-E,2.3236692,1.0,KLRC2,KLRC2_KLRD1,0.5046022,0.33436532507739936,Mono-NC,NK-CD16-,1.4141357,0.0
CCL4,CCL4,2.5821323,0.9179566563467493,CNR2,CNR2,0.24441135,0.2556390977443609,NK-CD16-,B,1.4132719,0.0
CALM1,CALM1,2.6783094,0.991701244813278,FAS,FAS,0.14768048,0.14565826330532214,NK-CD16+,CD4 T,1.412995,0.0
CD14,CD14,2.3152533,0.9710610932475884,ITGB1,ITGB1,0.5097219,0.38345864661654133,Mono-C,B,1.4124875,0.0
CALM1,CALM1,2.6783094,0.991701244813278,PTPRA,PTPRA,0.1449348,0.24436090225563908,NK-CD16+,cDC2,1.4116222,0.0
GNAI2,GNAI2,1.6186169,0.8308270676691729,C5AR1,C5AR1,1.2045323,0.9242424242424242,cDC2,Mono-NC,1.4115746,0.0
LGALS9,LGALS9,0.8022431,0.6879699248120301,CD44,CD44,2.020819,0.977491961414791,cDC2,Mono-C,1.411531,0.0
CD14,CD14,2.6164467,0.9559471365638766,ITGB2,ITGB2,0.206161,0.18,TRM,CD8 T,1.4113039,0.0
HLA-DRB1,HLA-DRB1,2.0605636,0.9699248120300752,CD4,CD4,0.7606554,0.6428571428571429,B,cDC2,1.4106095,0.0
HMGB1,HMGB1,1.9818271,1.0,THBD,THBD,0.83935446,0.5308370044052864,Treg,TRM,1.4105908,0.0
CD52,CD52,2.6386073,0.9849624060150376,SIGLEC10,SIGLEC10,0.18228966,0.2090032154340836,B,Mono-C,1.4104484,0.0
CD99,CD99,1.5316823,0.8622448979591837,PILRA,PILRA,1.2890874,0.9090909090909091,γδ T,Mono-NC,1.4103849,0.0
GRN,GRN,1.3472822,0.9242424242424242,TNFRSF1B,TNFRSF1B,1.4723437,0.8458149779735683,Mono-NC,TRM,1.4098129,0.0
CD48,CD48,1.4808805,0.9035369774919614,CD2,CD2,1.3383713,0.7136929460580913,Mono-C,NK-CD16+,1.4096259,0.0
HLA-DRB1,HLA-DRB1,1.8739448,0.9848484848484849,CD4,CD4,0.9452533,0.8484848484848485,Mono-NC,Mono-NC,1.4095991,0.0
LGALS9,LGALS9,0.84653074,0.7652733118971061,CD44,CD44,1.9724663,0.8612334801762115,Mono-C,TRM,1.4094986,0.0
S100A4,S100A4,2.5519533,0.923469387755102,CCR5,CCR5,0.26665843,0.2222222222222222,γδ T,Treg,1.4093058,0.004
S100A4,S100A4,2.5519533,0.923469387755102,CCR5,CCR5,0.26654285,0.3524229074889868,γδ T,TRM,1.4092481,0.0
HLA-DRB5,HLA-DRB5,2.0568986,0.8721804511278195,CD4,CD4,0.7606554,0.6428571428571429,B,cDC2,1.408777,0.0
HLA-DMA,HLA-DMA,1.8716204,0.8345864661654135,CD4,CD4,0.9452533,0.8484848484848485,cDC2,Mono-NC,1.4084369,0.0
S100A9,S100A9,2.4333746,0.9393939393939394,CD36,CD36,0.38347962,0.35462555066079293,Mono-NC,TRM,1.4084271,0.0
CALM1,CALM1,2.6783094,0.991701244813278,FAS,FAS,0.13845298,0.19696969696969696,NK-CD16+,Mono-NC,1.4083812,0.0
CALM1,CALM1,2.6783094,0.991701244813278,FAS,FAS,0.13839638,0.14814814814814814,NK-CD16+,Treg,1.4083529,0.0
ANXA1,ANXA1,1.7077402,0.849624060150376,FPR1,FPR1,1.1087703,0.7070484581497798,cDC2,TRM,1.4082552,0.0
PSAP,PSAP,2.6777368,1.0,SORT1,SORT1,0.13779345,0.2556390977443609,Mono-C,cDC2,1.4077652,0.0
ANXA1,ANXA1,1.7056378,0.9074889867841409,FPR1,FPR1,1.1087703,0.7070484581497798,TRM,TRM,1.407204,0.0
TGFB1,TGFB1,1.1898917,0.8392070484581498,CXCR4,CXCR4,1.6237797,0.773109243697479,TRM,CD4 T,1.4068357,0.0
CCL4,CCL4,2.5821323,0.9179566563467493,CCR1,CCR1,0.23124483,0.3082706766917293,NK-CD16-,cDC2,1.4066886,0.0
MRC1,MRC1,0.35060623,0.2621145374449339,PTPRC,PTPRC,2.461759,0.9875518672199171,TRM,NK-CD16+,1.4061826,0.0
CALM1,CALM1,2.4348373,0.96,PTPRA,PTPRA,0.37720758,0.32,CD8 T,CD8 T,1.4060224,0.0
PSAP,PSAP,2.6777368,1.0,CD1B,CD1B,0.13393842,0.16917293233082706,Mono-C,cDC2,1.4058375,0.0
TNFSF13B,TNFSF13B,0.4346889,0.28291316526610644,HLA-DPB1,HLA-DPB1,2.375882,0.9696969696969697,CD4 T,Mono-NC,1.4052854,0.0
TNFSF13B,TNFSF13B,0.10057229,0.1111111111111111,HLA-DPB1,HLA-DPB1,2.7090728,0.947136563876652,Treg,TRM,1.4048226,0.0
LGALS9,LGALS9,0.8022431,0.6879699248120301,PTPRC,PTPRC,2.005679,0.938375350140056,cDC2,CD4 T,1.403961,0.0
HMGB1,HMGB1,1.6840637,0.9361233480176211,CXCR4,CXCR4,1.1235944,0.6387665198237885,TRM,TRM,1.4038291,0.028
PKM,PKM,1.4764471,0.8345864661654135,CD44,CD44,1.3308253,0.8148148148148148,cDC2,Treg,1.4036362,0.0
S100A9,S100A9,2.4333746,0.9393939393939394,ITGB2,ITGB2,0.37066454,0.3233082706766917,Mono-NC,B,1.4020196,0.043
LTB,LTB,2.5990403,0.924812030075188,CD40,CD40,0.20363815,0.2599118942731278,B,TRM,1.4013392,0.0
CD59,CD59,0.36507612,0.4118942731277533,CD2,CD2,2.437096,0.9056122448979592,TRM,γδ T,1.4010861,0.0
CD52,CD52,2.6386073,0.9849624060150376,SIGLEC10,SIGLEC10,0.16302413,0.18045112781954886,B,B,1.4008157,0.0
NRG1,NRG1,0.09246771,0.10792951541850221,HLA-DPB1,HLA-DPB1,2.7090728,0.947136563876652,TRM,TRM,1.4007703,0.0
CALM1,CALM1,2.6783094,0.991701244813278,FAS,FAS,0.12227655,0.1078838174273859,NK-CD16+,NK-CD16+,1.400293,0.0
TNFSF13B,TNFSF13B,0.42461497,0.4699248120300752,HLA-DPB1,HLA-DPB1,2.375882,0.9696969696969697,cDC2,Mono-NC,1.4002484,0.0
HLA-DRB5,HLA-DRB5,1.7389911,0.8083700440528634,CD4,CD4,1.0583234,0.7037037037037037,TRM,Treg,1.3986573,0.0
HMGB1,HMGB1,1.957732,0.9413265306122449,THBD,THBD,0.83935446,0.5308370044052864,γδ T,TRM,1.3985432,0.0
HLA-F,HLA-F,1.0506701,0.7310924369747899,LILRB2,LILRB2,1.7463557,1.0,CD4 T,Mono-NC,1.3985128,0.0
LGALS9,LGALS9,0.7756295,0.698237885462555,CD44,CD44,2.020819,0.977491961414791,TRM,Mono-C,1.3982242,0.0
LGALS9,LGALS9,0.1378367,0.14,PTPRC,PTPRC,2.6577017,0.9848484848484849,CD8 T,Mono-NC,1.3977692,0.0
ANXA1,ANXA1,1.5458243,0.8,FPR1,FPR1,1.2494273,0.8906752411575563,CD8 T,Mono-C,1.3976258,0.0
HLA-E,HLA-E,2.5274863,0.9872448979591837,KLRC2,KLRC2_KLRD1,0.2676733,0.17012448132780084,γδ T,NK-CD16+,1.3975798,0.0
HLA-DRB5,HLA-DRB5,1.9942361,0.7669172932330827,CD4,CD4,0.8007195,0.7290748898678414,cDC2,TRM,1.3974779,0.0
HLA-F,HLA-F,1.1733881,0.7777777777777778,CD8A,CD8A,1.6204809,0.7806122448979592,Treg,γδ T,1.3969345,0.0
CD52,CD52,2.5462778,0.9719887955182073,SIGLEC10,SIGLEC10,0.24669465,0.29515418502202645,CD4 T,TRM,1.3964862,0.0
LGALS1,LGALS1,2.4424744,0.9172932330827067,CD69,CD69,0.35035554,0.2932330827067669,cDC2,B,1.396415,0.0
CALM1,CALM1,2.6783094,0.991701244813278,KCNQ1,KCNQ1,0.11400295,0.16079295154185022,NK-CD16+,TRM,1.3961562,0.0
CALM1,CALM1,2.4348373,0.96,PTPRA,PTPRA,0.35707742,0.29336734693877553,CD8 T,γδ T,1.3959574,0.0
S100A8,S100A8,1.4347306,0.7121212121212122,CD36,CD36,1.3569703,0.8713826366559485,Mono-NC,Mono-C,1.3958504,0.0
CD99,CD99,0.8714399,0.7312775330396476,CD81,CD81,1.9197115,0.9303405572755418,TRM,NK-CD16-,1.3955756,0.0
GNAI2,GNAI2,1.6186169,0.8308270676691729,C5AR1,C5AR1,1.1721296,0.7180616740088106,cDC2,TRM,1.3953733,0.0
ADAM10,ADAM10,0.76983654,0.8333333333333334,CD44,CD44,2.020819,0.977491961414791,Mono-NC,Mono-C,1.3953278,0.0
CALM1,CALM1,2.6783094,0.991701244813278,KCNQ1,KCNQ1,0.111896254,0.16666666666666666,NK-CD16+,Mono-NC,1.3951029,0.0
VCAN,VCAN,1.6373343,0.6101321585903083,ITGB1,ITGB1,1.1527835,0.74,TRM,CD8 T,1.3950589,0.0
CD52,CD52,2.5418823,0.96,SIGLEC10,SIGLEC10,0.24669465,0.29515418502202645,CD8 T,TRM,1.3942884,0.0
LGALS9,LGALS9,0.13019994,0.10990712074303406,PTPRC,PTPRC,2.6577017,0.9848484848484849,NK-CD16-,Mono-NC,1.3939508,0.0
HMGB1,HMGB1,1.8302479,0.8458646616541353,HAVCR2,HAVCR2,0.957247,0.7731277533039648,cDC2,TRM,1.3937474,0.0
VCAN,VCAN,1.6373343,0.6101321585903083,ITGB1,ITGB1,1.14894,0.7136929460580913,TRM,NK-CD16+,1.3931372,0.0
CD99,CD99,1.2895992,0.7848297213622291,CD81,CD81,1.4962295,0.8571428571428571,NK-CD16-,γδ T,1.3929143,0.0
CALM1,CALM1,2.6783094,0.991701244813278,FAS,FAS,0.106890716,0.1382636655948553,NK-CD16+,Mono-C,1.3926,0.0
LGALS1,LGALS1,2.4346786,1.0,CD69,CD69,0.35035554,0.2932330827067669,Mono-NC,B,1.3925171,0.0
GZMB,GZMB,2.5985115,0.966804979253112,IGF2R,IGF2R,0.18319818,0.15325077399380804,NK-CD16+,NK-CD16-,1.3908548,0.0
CD58,CD58,0.27093062,0.3484848484848485,CD2,CD2,2.5105412,1.0,Mono-NC,Treg,1.3907359,0.0
LGALS9,LGALS9,0.7756295,0.698237885462555,PTPRC,PTPRC,2.005679,0.938375350140056,TRM,CD4 T,1.3906542,0.0
HLA-F,HLA-F,1.0342016,0.8787878787878788,LILRB2,LILRB2,1.7463557,1.0,Mono-NC,Mono-NC,1.3902786,0.0
LGALS1,LGALS1,2.429435,0.9807073954983923,CD69,CD69,0.35035554,0.2932330827067669,Mono-C,B,1.3898953,0.0
CALM1,CALM1,2.4348373,0.96,PTPRA,PTPRA,0.3444767,0.2755417956656347,CD8 T,NK-CD16-,1.389657,0.0
CD14,CD14,2.6164467,0.9559471365638766,TLR4,TLR4,0.1623037,0.2781954887218045,TRM,cDC2,1.3893752,0.0
GNAI2,GNAI2,1.6692941,0.9361233480176211,FPR1,FPR1,1.1087703,0.7070484581497798,TRM,TRM,1.3890321,0.0
S100A4,S100A4,2.4453518,0.9019607843137255,CCR5,CCR5,0.33249417,0.2755102040816326,CD4 T,γδ T,1.388923,0.0
CD99,CD99,0.85709506,0.62,CD81,CD81,1.9197115,0.9303405572755418,CD8 T,NK-CD16-,1.3884033,0.002
CD14,CD14,2.3152533,0.9710610932475884,ITGA4,ITGA4,0.4613777,0.4983922829581994,Mono-C,Mono-C,1.3883154,0.0
HLA-E,HLA-E,1.9404597,0.9,CD8A,CD8A,0.8343133,0.46887966804979253,CD8 T,NK-CD16+,1.3873866,0.003
LGALS9,LGALS9,0.8022431,0.6879699248120301,CD44,CD44,1.9724663,0.8612334801762115,cDC2,TRM,1.3873547,0.0
CALM1,CALM1,2.6783094,0.991701244813278,KCNN4,KCNN4,0.09624716,0.12861736334405144,NK-CD16+,Mono-C,1.3872783,0.0
CALM1,CALM1,2.6783094,0.991701244813278,VIPR1,VIPR1,0.09492822,0.13183279742765272,NK-CD16+,Mono-C,1.3866189,0.0
CD14,CD14,2.6164467,0.9559471365638766,TLR6,TLR6,0.15556806,0.22466960352422907,TRM,TRM,1.3860074,0.0
HLA-F,HLA-F,1.0252563,0.819935691318328,LILRB2,LILRB2,1.7463557,1.0,Mono-C,Mono-NC,1.385806,0.0
LGALS9,LGALS9,0.11375386,0.10714285714285714,PTPRC,PTPRC,2.6577017,0.9848484848484849,γδ T,Mono-NC,1.3857278,0.0
HLA-E,HLA-E,2.2609172,0.9849624060150376,CD8B,CD8B,0.51036483,0.3153526970954357,B,NK-CD16+,1.385641,0.0
HLA-DPB1,HLA-DPB1,1.7125539,0.8488745980707395,CD4,CD4,1.0583234,0.7037037037037037,Mono-C,Treg,1.3854387,0.0
CD58,CD58,0.33325964,0.3,CD2,CD2,2.437096,0.9056122448979592,CD8 T,γδ T,1.3851779,0.0
CD58,CD58,0.25923505,0.23249299719887956,CD2,CD2,2.5105412,1.0,CD4 T,Treg,1.3848882,0.0
MIF,MIF,0.748788,0.5340557275541795,CD44,CD44_CD74,2.020819,0.977491961414791,NK-CD16-,Mono-C,1.3848035,0.0
CD58,CD58,0.258833,0.21052631578947367,CD2,CD2,2.5105412,1.0,NK-CD16-,Treg,1.3846871,0.0
LTB,LTB,2.6262636,0.9495798319327731,CD40,CD40,0.14197683,0.24242424242424243,CD4 T,Mono-NC,1.3841202,0.0
CD58,CD58,0.25665924,0.3086816720257235,CD2,CD2,2.5105412,1.0,Mono-C,Treg,1.3836002,0.0
HLA-DRB1,HLA-DRB1,1.8739448,0.9848484848484849,CD4,CD4,0.89178056,0.7556270096463023,Mono-NC,Mono-C,1.3828627,0.0
HLA-E,HLA-E,2.2609172,0.9849624060150376,KLRC2,KLRC2_KLRD1,0.5046022,0.33436532507739936,B,NK-CD16-,1.3827597,0.0
LGALS1,LGALS1,2.4146504,0.933920704845815,CD69,CD69,0.35035554,0.2932330827067669,TRM,B,1.382503,0.0
CCL4,CCL4,2.5821323,0.9179566563467493,CCR1,CCR1,0.18202607,0.14860681114551083,NK-CD16-,NK-CD16-,1.3820792,0.0
CD58,CD58,0.3266595,0.28061224489795916,CD2,CD2,2.437096,0.9056122448979592,γδ T,γδ T,1.3818778,0.0
CD59,CD59,0.32642683,0.28,CD2,CD2,2.437096,0.9056122448979592,CD8 T,γδ T,1.3817614,0.0
HLA-DMA,HLA-DMA,1.8716204,0.8345864661654135,CD4,CD4,0.89178056,0.7556270096463023,cDC2,Mono-C,1.3817005,0.0
CD22,CD22,0.88546044,0.6390977443609023,PTPRC,PTPRC,1.8769523,0.9148606811145511,B,NK-CD16-,1.3812064,0.0
GNAI2,GNAI2,2.0849884,0.9696969696969697,CXCR3,CXCR3,0.67741656,0.4923469387755102,Mono-NC,γδ T,1.3812025,0.0
CALM1,CALM1,2.6783094,0.991701244813278,KCNN4,KCNN4,0.08374009,0.11654135338345864,NK-CD16+,cDC2,1.3810247,0.0
HLA-DQB1,HLA-DQB1,2.430568,0.9849624060150376,CD4,CD4,0.33111274,0.2801120448179272,B,CD4 T,1.3808403,0.0
GZMB,GZMB,2.5985115,0.966804979253112,IGF2R,IGF2R,0.1624435,0.14030612244897958,NK-CD16+,γδ T,1.3804774,0.0
CD58,CD58,0.3218135,0.424812030075188,CD2,CD2,2.437096,0.9056122448979592,cDC2,γδ T,1.3794549,0.0
HLA-F,HLA-F,1.0123359,0.7744360902255639,LILRB2,LILRB2,1.7463557,1.0,B,Mono-NC,1.3793458,0.0
HMGB1,HMGB1,1.8011355,0.9377593360995851,HAVCR2,HAVCR2,0.957247,0.7731277533039648,NK-CD16+,TRM,1.3791913,0.0
CD99,CD99,1.5316823,0.8622448979591837,CD81,CD81,1.2251914,0.7717842323651453,γδ T,NK-CD16+,1.3784368,0.0
HLA-DRB5,HLA-DRB5,1.9942361,0.7669172932330827,CD4,CD4,0.7606554,0.6428571428571429,cDC2,cDC2,1.3774457,0.0
HLA-F,HLA-F,1.6585511,0.9045643153526971,CD8B,CD8B,1.0948339,0.6658163265306123,NK-CD16+,γδ T,1.3766925,0.0
GZMA,GZMA,2.599894,0.9005102040816326,F2R,F2R,0.15213738,0.1400560224089636,γδ T,CD4 T,1.3760157,0.0
HLA-DPA1,HLA-DPA1,1.80646,0.8810289389067524,CD4,CD4,0.9452533,0.8484848484848485,Mono-C,Mono-NC,1.3758566,0.0
CALM1,CALM1,2.6783094,0.991701244813278,INSR,INSR,0.072167516,0.12781954887218044,NK-CD16+,cDC2,1.3752384,0.0
GNAI2,GNAI2,1.9915086,0.9903536977491961,FPR1,FPR1,0.75772005,0.6818181818181818,Mono-C,Mono-NC,1.3746144,0.0
HLA-DQB1,HLA-DQB1,2.430568,0.9849624060150376,LAG3,LAG3,0.31858182,0.18518518518518517,B,Treg,1.3745749,0.0
GRN,GRN,1.3472822,0.9242424242424242,TNFRSF1B,TNFRSF1B,1.401767,0.8148148148148148,Mono-NC,Treg,1.3745246,0.0
CD59,CD59,0.23808646,0.19504643962848298,CD2,CD2,2.5105412,1.0,NK-CD16-,Treg,1.3743138,0.0
CALM1,CALM1,2.6783094,0.991701244813278,INSR,INSR,0.07030151,0.1145374449339207,NK-CD16+,TRM,1.3743055,0.0
S100A4,S100A4,2.5836742,0.8920704845814978,CCR5,CCR5,0.16453725,0.2669172932330827,TRM,cDC2,1.3741057,0.0
LGALS9,LGALS9,0.7756295,0.698237885462555,CD44,CD44,1.9724663,0.8612334801762115,TRM,TRM,1.374048,0.0
HMGB1,HMGB1,1.7899321,0.8962848297213623,HAVCR2,HAVCR2,0.957247,0.7731277533039648,NK-CD16-,TRM,1.3735895,0.0
CCL4,CCL4,2.5821323,0.9179566563467493,CCR5,CCR5,0.16453725,0.2669172932330827,NK-CD16-,cDC2,1.3733348,0.0
CD14,CD14,2.3152533,0.9710610932475884,ITGA4,ITGA4,0.43139827,0.3753501400560224,Mono-C,CD4 T,1.3733258,0.0
HLA-DQA1,HLA-DQA1,1.686849,0.7731277533039648,CD4,CD4,1.0583234,0.7037037037037037,TRM,Treg,1.3725863,0.0
CD59,CD59,0.23407479,0.2184873949579832,CD2,CD2,2.5105412,1.0,CD4 T,Treg,1.372308,0.0
CALM1,CALM1,2.6783094,0.991701244813278,KCNQ1,KCNQ1,0.06603595,0.13157894736842105,NK-CD16+,cDC2,1.3721727,0.0
CCL4,CCL4,2.035246,0.9128630705394191,CCR1,CCR1,0.708821,0.639871382636656,NK-CD16+,Mono-C,1.3720335,0.0
S100A12,S100A12,2.0239913,0.9131832797427653,TLR4,TLR4,0.7193331,0.662379421221865,Mono-C,Mono-C,1.3716623,0.0
GNAI2,GNAI2,1.9915086,0.9903536977491961,S1PR4,S1PR4,0.751276,0.7272727272727273,Mono-C,Mono-NC,1.3713923,0.0
CD14,CD14,2.3152533,0.9710610932475884,ITGA4,ITGA4,0.4272796,0.3494897959183674,Mono-C,γδ T,1.3712664,0.0
HLA-E,HLA-E,2.2321634,0.9607843137254902,CD8B,CD8B,0.51036483,0.3153526970954357,CD4 T,NK-CD16+,1.3712641,0.0
HLA-F,HLA-F,1.506346,0.8647959183673469,LILRB1,LILRB1,1.2360857,0.9242424242424242,γδ T,Mono-NC,1.3712158,0.0
ADAM10,ADAM10,0.76983654,0.8333333333333334,CD44,CD44,1.9724663,0.8612334801762115,Mono-NC,TRM,1.3711514,0.0
TGFB1,TGFB1,1.4091885,0.8464730290456431,CXCR4,CXCR4,1.3327702,0.7744360902255639,NK-CD16+,B,1.3709793,0.0
LTB,LTB,2.5990403,0.924812030075188,CD40,CD40,0.14197683,0.24242424242424243,B,Mono-NC,1.3705086,0.0
S100A4,S100A4,2.5836742,0.8920704845814978,CCR5,CCR5,0.15471545,0.1400560224089636,TRM,CD4 T,1.3691949,0.0
ANXA1,ANXA1,1.6285561,0.8547717842323651,FPR1,FPR1,1.1087703,0.7070484581497798,NK-CD16+,TRM,1.3686632,0.0
CCL4,CCL4,2.5821323,0.9179566563467493,CCR5,CCR5,0.15471545,0.1400560224089636,NK-CD16-,CD4 T,1.3684239,0.0
HLA-E,HLA-E,2.2321634,0.9607843137254902,KLRC2,KLRC2_KLRD1,0.5046022,0.33436532507739936,CD4 T,NK-CD16-,1.3683828,0.0
S100A8,S100A8,2.1279328,0.6718061674008811,ITGB2,ITGB2,0.60727656,0.4565826330532213,TRM,CD4 T,1.3676047,0.0
CD14,CD14,2.6164467,0.9559471365638766,RIPK1,RIPK1,0.117411435,0.11484593837535013,TRM,CD4 T,1.366929,0.0
CALM1,CALM1,2.4348373,0.96,PTPRA,PTPRA,0.29881483,0.33440514469453375,CD8 T,Mono-C,1.366826,0.0
HLA-E,HLA-E,2.3889177,1.0,KLRC2,KLRC2_KLRD1,0.344315,0.21428571428571427,Treg,γδ T,1.3666164,0.0
MRC1,MRC1,0.35060623,0.2621145374449339,PTPRC,PTPRC,2.3810167,0.9821428571428571,TRM,γδ T,1.3658115,0.0
HMGB1,HMGB1,1.7740713,0.92,HAVCR2,HAVCR2,0.957247,0.7731277533039648,CD8 T,TRM,1.3656592,0.0
SPP1,SPP1,0.7100559,0.2555066079295154,CD44,CD44,2.020819,0.977491961414791,TRM,Mono-C,1.3654374,0.0
HLA-DQB1,HLA-DQB1,1.6723169,0.7929515418502202,CD4,CD4,1.0583234,0.7037037037037037,TRM,Treg,1.3653202,0.0
HMGB1,HMGB1,1.9818271,1.0,TLR2,TLR2,0.7481718,0.684887459807074,Treg,Mono-C,1.3649995,0.0
PKM,PKM,0.7087613,0.48297213622291024,CD44,CD44,2.020819,0.977491961414791,NK-CD16-,Mono-C,1.3647901,0.0
CD52,CD52,2.5462778,0.9719887955182073,SIGLEC10,SIGLEC10,0.18228966,0.2090032154340836,CD4 T,Mono-C,1.3642837,0.0
GNAI2,GNAI2,1.6186169,0.8308270676691729,FPR1,FPR1,1.1087703,0.7070484581497798,cDC2,TRM,1.3636936,0.0
GNAS,GNAS,2.194046,0.9398496240601504,ADRB2,ADRB2,0.53259283,0.42323651452282157,cDC2,NK-CD16+,1.3633194,0.0
VCAN,VCAN,1.6373343,0.6101321585903083,ITGB1,ITGB1,1.0891075,0.6965944272445821,TRM,NK-CD16-,1.3632209,0.0
C1QB,C1QB,1.8822782,0.6616541353383458,C1QBP,C1QBP,0.84269893,0.706766917293233,cDC2,cDC2,1.3624885,0.0
GZMB,GZMB,2.5985115,0.966804979253112,IGF2R,IGF2R,0.1262604,0.11764705882352941,NK-CD16+,CD4 T,1.362386,0.0
CXCL8,CXCL8,0.30411965,0.16079295154185022,CD79A,CD79A,2.4201686,1.0,TRM,B,1.3621441,0.0
CD99,CD99,1.6667216,0.9004149377593361,CD81,CD81,1.0574592,0.7894736842105263,NK-CD16+,B,1.3620903,0.0
CD52,CD52,2.5418823,0.96,SIGLEC10,SIGLEC10,0.18228966,0.2090032154340836,CD8 T,Mono-C,1.3620859,0.0
LGALS9,LGALS9,0.84653074,0.7652733118971061,PTPRC,PTPRC,1.8769523,0.9148606811145511,Mono-C,NK-CD16-,1.3617415,0.0
VCAN,VCAN,1.6373343,0.6101321585903083,SELL,SELL,1.0858085,0.7368421052631579,TRM,B,1.3615714,0.0
ANXA1,ANXA1,1.4731047,0.8137755102040817,FPR1,FPR1,1.2494273,0.8906752411575563,γδ T,Mono-C,1.361266,0.0
CD14,CD14,2.6164467,0.9559471365638766,RIPK1,RIPK1,0.10605953,0.17180616740088106,TRM,TRM,1.3612531,0.0
MIF,MIF,0.748788,0.5340557275541795,CD44,CD44_CD74,1.9724663,0.8612334801762115,NK-CD16-,TRM,1.3606272,0.0
CD58,CD58,0.20947184,0.17842323651452283,CD2,CD2,2.5105412,1.0,NK-CD16+,Treg,1.3600066,0.0
CD14,CD14,2.6164467,0.9559471365638766,RIPK1,RIPK1,0.100936994,0.16666666666666666,TRM,Mono-NC,1.3586918,0.0
GNAI2,GNAI2,2.0849884,0.9696969696969697,S1PR4,S1PR4,0.6322236,0.49377593360995853,Mono-NC,NK-CD16+,1.358606,0.0
VCAN,VCAN,1.6373343,0.6101321585903083,CD44,CD44,1.0796558,0.7254901960784313,TRM,CD4 T,1.358495,0.0
CLEC2D,CLEC2D,0.17466402,0.21212121212121213,KLRB1,KLRB1,2.5420878,0.9256965944272446,Mono-NC,NK-CD16-,1.3583759,0.0
S100A4,S100A4,2.5519533,0.923469387755102,CCR5,CCR5,0.16453725,0.2669172932330827,γδ T,cDC2,1.3582453,0.003
MIF,MIF,0.69542724,0.48148148148148145,CD44,CD44_CD74,2.020819,0.977491961414791,Treg,Mono-C,1.3581231,0.0
CALM1,CALM1,2.4348373,0.96,PTPRA,PTPRA,0.280643,0.2549019607843137,CD8 T,CD4 T,1.3577402,0.0
CD14,CD14,2.3152533,0.9710610932475884,TLR4,TLR4,0.40018338,0.4977973568281938,Mono-C,TRM,1.3577183,0.0
TGFB1,TGFB1,1.0907497,0.8553054662379421,CXCR4,CXCR4,1.6237797,0.773109243697479,Mono-C,CD4 T,1.3572648,0.0
CD14,CD14,2.6164467,0.9559471365638766,TLR1,TLR1,0.09634738,0.1,TRM,CD8 T,1.356397,0.0
GRN,GRN,2.1633158,0.9903536977491961,TNFRSF1A,TNFRSF1A,0.54939437,0.5757575757575758,Mono-C,Mono-NC,1.3563551,0.0
S100A4,S100A4,2.4453518,0.9019607843137255,CCR5,CCR5,0.26665843,0.2222222222222222,CD4 T,Treg,1.3560052,0.042
S100A4,S100A4,2.4453518,0.9019607843137255,CCR5,CCR5,0.26654285,0.3524229074889868,CD4 T,TRM,1.3559474,0.004
SECTM1,SECTM1,0.08567738,0.14285714285714285,CD7,CD7,2.6251845,0.9365325077399381,cDC2,NK-CD16-,1.355431,0.0
SERPINA1,SERPINA1,1.9460464,0.9807073954983923,LRP1,LRP1,0.7638819,0.7400881057268722,Mono-C,TRM,1.3549641,0.0
CD14,CD14,2.6164467,0.9559471365638766,TLR6,TLR6,0.09305904,0.18796992481203006,TRM,cDC2,1.3547529,0.0
CD52,CD52,2.5462778,0.9719887955182073,SIGLEC10,SIGLEC10,0.16302413,0.18045112781954886,CD4 T,B,1.354651,0.0
PTPN6,PTPN6,1.5784357,0.9696969696969697,CLEC12A,CLEC12A,1.1304477,0.8636363636363636,Mono-NC,Mono-NC,1.3544416,0.0
HLA-F,HLA-F,1.6585511,0.9045643153526971,LILRB2,LILRB2,1.0501987,0.7909967845659164,NK-CD16+,Mono-C,1.3543749,0.0
VCAN,VCAN,1.6373343,0.6101321585903083,CD44,CD44,1.0712655,0.6658163265306123,TRM,γδ T,1.3542999,0.0
HMGB1,HMGB1,1.75128,0.9215686274509803,HAVCR2,HAVCR2,0.957247,0.7731277533039648,CD4 T,TRM,1.3542635,0.0
CD58,CD58,0.27093062,0.3484848484848485,CD2,CD2,2.437096,0.9056122448979592,Mono-NC,γδ T,1.3540133,0.0
HLA-DPB1,HLA-DPB1,2.375882,0.9696969696969697,CD4,CD4,0.33111274,0.2801120448179272,Mono-NC,CD4 T,1.3534973,0.0
CD48,CD48,1.0262057,0.6486068111455109,CD2,CD2,1.6805748,0.8011204481792717,NK-CD16-,CD4 T,1.3533902,0.0
S100A4,S100A4,2.5519533,0.923469387755102,CCR5,CCR5,0.15471545,0.1400560224089636,γδ T,CD4 T,1.3533344,0.003
HMGB1,HMGB1,1.957732,0.9413265306122449,TLR2,TLR2,0.7481718,0.684887459807074,γδ T,Mono-C,1.3529519,0.0
CD14,CD14,2.6164467,0.9559471365638766,RIPK1,RIPK1,0.08897497,0.12861736334405144,TRM,Mono-C,1.3527108,0.0
CD52,CD52,2.5418823,0.96,SIGLEC10,SIGLEC10,0.16302413,0.18045112781954886,CD8 T,B,1.3524532,0.0
LGALS9,LGALS9,0.2426989,0.2556390977443609,PTPRC,PTPRC,2.461759,0.9875518672199171,B,NK-CD16+,1.352229,0.0
CLEC2D,CLEC2D,0.16190672,0.19614147909967847,KLRB1,KLRB1,2.5420878,0.9256965944272446,Mono-C,NK-CD16-,1.3519973,0.0
S100A4,S100A4,2.5836742,0.8920704845814978,ERBB2,ERBB2,0.1201962,0.1037344398340249,TRM,NK-CD16+,1.3519351,0.0
MIF,MIF,0.683028,0.6466165413533834,CD44,CD44_CD74,2.020819,0.977491961414791,cDC2,Mono-C,1.3519235,0.0
GNAS,GNAS,1.997213,1.0,PTGDR,PTGDR,0.70643866,0.5269709543568465,Treg,NK-CD16+,1.3518258,0.0
GNAS,GNAS,2.194046,0.9398496240601504,PTGDR,PTGDR,0.50954175,0.38,cDC2,CD8 T,1.3517939,0.0
HLA-E,HLA-E,2.5274863,0.9872448979591837,CD8B,CD8B,0.1760683,0.10084033613445378,γδ T,CD4 T,1.3517773,0.0
CD14,CD14,2.3152533,0.9710610932475884,TLR1,TLR1,0.38779616,0.5,Mono-C,Mono-NC,1.3515247,0.0
HMGB1,HMGB1,1.9818271,1.0,TLR4,TLR4,0.7193331,0.662379421221865,Treg,Mono-C,1.3505801,0.0
CALM1,CALM1,2.248958,0.9495798319327731,PTPRA,PTPRA,0.45047057,0.37037037037037035,CD4 T,Treg,1.3497143,0.0
LGALS9,LGALS9,0.23665385,0.25925925925925924,PTPRC,PTPRC,2.461759,0.9875518672199171,Treg,NK-CD16+,1.3492064,0.003
HLA-DPA1,HLA-DPA1,1.80646,0.8810289389067524,CD4,CD4,0.89178056,0.7556270096463023,Mono-C,Mono-C,1.3491203,0.0
CD14,CD14,2.6164467,0.9559471365638766,RIPK1,RIPK1,0.08158232,0.17293233082706766,TRM,cDC2,1.3490145,0.0
HLA-E,HLA-E,2.5274863,0.9872448979591837,CD8A,CD8A,0.17009616,0.11204481792717087,γδ T,CD4 T,1.3487912,0.0
SECTM1,SECTM1,0.43928063,0.4565916398713826,CD7,CD7,2.2578173,0.92,Mono-C,CD8 T,1.3485489,0.0
CALM1,CALM1,2.2464035,0.9591836734693877,PTPRA,PTPRA,0.45047057,0.37037037037037035,γδ T,Treg,1.3484371,0.0
CD58,CD58,0.25923505,0.23249299719887956,CD2,CD2,2.437096,0.9056122448979592,CD4 T,γδ T,1.3481656,0.0
CD58,CD58,0.258833,0.21052631578947367,CD2,CD2,2.437096,0.9056122448979592,NK-CD16-,γδ T,1.3479645,0.0
HLA-DPB1,HLA-DPB1,2.375882,0.9696969696969697,LAG3,LAG3,0.31858182,0.18518518518518517,Mono-NC,Treg,1.3472319,0.0
CD58,CD58,0.25665924,0.3086816720257235,CD2,CD2,2.437096,0.9056122448979592,Mono-C,γδ T,1.3468777,0.0
PKM,PKM,1.0531216,0.8787878787878788,CD44,CD44,1.6401936,1.0,Mono-NC,Mono-NC,1.3466575,0.0
ADAM10,ADAM10,0.67234373,0.6655948553054662,CD44,CD44,2.020819,0.977491961414791,Mono-C,Mono-C,1.3465813,0.0
HMGB1,HMGB1,1.7357348,0.9548872180451128,HAVCR2,HAVCR2,0.957247,0.7731277533039648,B,TRM,1.3464909,0.0
GNAS,GNAS,2.1603734,0.94,ADRB2,ADRB2,0.53259283,0.42323651452282157,CD8 T,NK-CD16+,1.3464831,0.0
GZMB,GZMB,2.5985115,0.966804979253112,IGF2R,IGF2R,0.09401522,0.18796992481203006,NK-CD16+,cDC2,1.3462633,0.0
LTA,LTA,0.5572398,0.48148148148148145,TNFRSF1B,TNFRSF1B,2.1318145,1.0,Treg,Mono-NC,1.3445271,0.0
CD99,CD99,1.0804802,0.7507002801120448,CD81,CD81,1.6084934,0.7969924812030075,CD4 T,cDC2,1.3444868,0.0
CALM1,CALM1,2.4348373,0.96,PTPRA,PTPRA,0.2536749,0.3484848484848485,CD8 T,Mono-NC,1.3442562,0.0
TIMP2,TIMP2,0.6657636,0.7272727272727273,CD44,CD44,2.020819,0.977491961414791,Mono-NC,Mono-C,1.3432913,0.0
CD14,CD14,2.3152533,0.9710610932475884,ITGB2,ITGB2,0.37066454,0.3233082706766917,Mono-C,B,1.3429589,0.0
GRN,GRN,2.1633158,0.9903536977491961,TNFRSF1B,TNFRSF1B,0.5217292,0.4107883817427386,Mono-C,NK-CD16+,1.3425225,0.0
HLA-DRB5,HLA-DRB5,1.7389911,0.8083700440528634,CD4,CD4,0.9452533,0.8484848484848485,TRM,Mono-NC,1.3421222,0.0
CLEC2D,CLEC2D,0.14157313,0.11455108359133127,KLRB1,KLRB1,2.5420878,0.9256965944272446,NK-CD16-,NK-CD16-,1.3418305,0.0
TGFB1,TGFB1,1.3503319,0.7972136222910217,CXCR4,CXCR4,1.3327702,0.7744360902255639,NK-CD16-,B,1.3415511,0.0
SPP1,SPP1,0.7100559,0.2555066079295154,CD44,CD44,1.9724663,0.8612334801762115,TRM,TRM,1.3412611,0.0
GNAS,GNAS,2.194046,0.9398496240601504,ADCY7,ADCY7,0.48819146,0.6060606060606061,cDC2,Mono-NC,1.3411187,0.0
ZG16B,ZG16B,0.13359676,0.18181818181818182,CXCR4,CXCR4,2.5478263,0.8,Mono-NC,CD8 T,1.3407115,0.0
PKM,PKM,0.7087613,0.48297213622291024,CD44,CD44,1.9724663,0.8612334801762115,NK-CD16-,TRM,1.3406138,0.0
CD14,CD14,2.6164467,0.9559471365638766,TLR6,TLR6,0.064058654,0.10606060606060606,TRM,Mono-NC,1.3402526,0.0
GNAI2,GNAI2,1.4309491,0.8518518518518519,FPR1,FPR1,1.2494273,0.8906752411575563,Treg,Mono-C,1.3401883,0.0
LGALS1,LGALS1,2.4424744,0.9172932330827067,CD69,CD69,0.23701647,0.2687224669603524,cDC2,TRM,1.3397454,0.0
LGALS9,LGALS9,0.8022431,0.6879699248120301,PTPRC,PTPRC,1.8769523,0.9148606811145511,cDC2,NK-CD16-,1.3395977,0.0
HMGB1,HMGB1,1.957732,0.9413265306122449,TLR4,TLR4,0.7193331,0.662379421221865,γδ T,Mono-C,1.3385326,0.0
CD48,CD48,1.3384117,0.7478991596638656,CD2,CD2,1.3383713,0.7136929460580913,CD4 T,NK-CD16+,1.3383915,0.0
LGALS9,LGALS9,1.0351217,0.9090909090909091,CD44,CD44,1.6401936,1.0,Mono-NC,Mono-NC,1.3376577,0.0
CD59,CD59,0.23808646,0.19504643962848298,CD2,CD2,2.437096,0.9056122448979592,NK-CD16-,γδ T,1.3375913,0.0
HLA-DRB1,HLA-DRB1,1.8739448,0.9848484848484849,CD4,CD4,0.8007195,0.7290748898678414,Mono-NC,TRM,1.3373321,0.0
CLEC2D,CLEC2D,0.1321584,0.1,KLRB1,KLRB1,2.5420878,0.9256965944272446,CD8 T,NK-CD16-,1.3371232,0.0
CALM1,CALM1,2.4348373,0.96,KCNN4,KCNN4,0.23798586,0.29955947136563876,CD8 T,TRM,1.3364116,0.0
HLA-DMA,HLA-DMA,1.8716204,0.8345864661654135,CD4,CD4,0.8007195,0.7290748898678414,cDC2,TRM,1.33617,0.0
S100A4,S100A4,2.5519533,0.923469387755102,ERBB2,ERBB2,0.1201962,0.1037344398340249,γδ T,NK-CD16+,1.3360747,0.0
LGALS1,LGALS1,2.4346786,1.0,CD69,CD69,0.23701647,0.2687224669603524,Mono-NC,TRM,1.3358475,0.0
HLA-DQB1,HLA-DQB1,2.430568,0.9849624060150376,LAG3,LAG3,0.24067335,0.2074688796680498,B,NK-CD16+,1.3356206,0.0
CD59,CD59,0.23407479,0.2184873949579832,CD2,CD2,2.437096,0.9056122448979592,CD4 T,γδ T,1.3355855,0.0
HLA-F,HLA-F,1.0506701,0.7310924369747899,CD8A,CD8A,1.6204809,0.7806122448979592,CD4 T,γδ T,1.3355756,0.0
SELPLG,SELPLG,0.5583068,0.44813278008298757,ITGB2,ITGB2,2.1123059,0.9646302250803859,NK-CD16+,Mono-C,1.3353064,0.0
LGALS1,LGALS1,1.4724506,0.7385892116182573,ITGB1,ITGB1,1.1977223,0.8568281938325991,NK-CD16+,TRM,1.3350865,0.0
GNAS,GNAS,2.1603734,0.94,PTGDR,PTGDR,0.50954175,0.38,CD8 T,CD8 T,1.3349576,0.0
HMGB1,HMGB1,1.8302479,0.8458646616541353,THBD,THBD,0.83935446,0.5308370044052864,cDC2,TRM,1.3348012,0.0
GNAI2,GNAI2,1.9915086,0.9903536977491961,CXCR3,CXCR3,0.67741656,0.4923469387755102,Mono-C,γδ T,1.3344626,0.0
CD14,CD14,2.3152533,0.9710610932475884,ITGA4,ITGA4,0.35356614,0.3383458646616541,Mono-C,B,1.3344097,0.0
HLA-E,HLA-E,2.3236692,1.0,KLRC2,KLRC2_KLRD1,0.344315,0.21428571428571427,Mono-NC,γδ T,1.3339921,0.0
MIF,MIF,0.69542724,0.48148148148148145,CD44,CD44_CD74,1.9724663,0.8612334801762115,Treg,TRM,1.3339468,0.0
CD48,CD48,1.7161002,0.8879668049792531,CD2,CD2,0.9504105,0.52,NK-CD16+,CD8 T,1.3332553,0.0
LGALS1,LGALS1,2.429435,0.9807073954983923,CD69,CD69,0.23701647,0.2687224669603524,Mono-C,TRM,1.3332257,0.0
CALM1,CALM1,2.4348373,0.96,KCNN4,KCNN4,0.23086745,0.25925925925925924,CD8 T,Treg,1.3328524,0.0
TIMP2,TIMP2,1.0243123,0.8295819935691319,CD44,CD44,1.6401936,1.0,Mono-C,Mono-NC,1.332253,0.0
TGFB1,TGFB1,1.0401518,0.72,CXCR4,CXCR4,1.6237797,0.773109243697479,CD8 T,CD4 T,1.3319657,0.0
HMGB1,HMGB1,1.7054685,0.9485530546623794,HAVCR2,HAVCR2,0.957247,0.7731277533039648,Mono-C,TRM,1.3313577,0.0
TIMP2,TIMP2,1.0195317,0.8193832599118943,CD44,CD44,1.6401936,1.0,TRM,Mono-NC,1.3298626,0.0
PKM,PKM,0.63846976,0.4897959183673469,CD44,CD44,2.020819,0.977491961414791,γδ T,Mono-C,1.3296443,0.0
GNAI2,GNAI2,2.0849884,0.9696969696969697,S1PR4,S1PR4,0.5730861,0.5185185185185185,Mono-NC,Treg,1.3290372,0.0
HLA-DPB1,HLA-DPB1,1.7125539,0.8488745980707395,CD4,CD4,0.9452533,0.8484848484848485,Mono-C,Mono-NC,1.3289036,0.0
GNAI2,GNAI2,2.0849884,0.9696969696969697,S1PR5,S1PR5,0.57272816,0.45228215767634855,Mono-NC,NK-CD16+,1.3288583,0.0
YBX1,YBX1,2.4566286,1.0,NOTCH1,NOTCH1,0.20090024,0.24115755627009647,Mono-NC,Mono-C,1.3287644,0.0
CD59,CD59,0.14625815,0.1326530612244898,CD2,CD2,2.5105412,1.0,γδ T,Treg,1.3283997,0.0
HLA-E,HLA-E,2.3889177,1.0,KLRC2,KLRC2_KLRD1,0.2676733,0.17012448132780084,Treg,NK-CD16+,1.3282955,0.005
HLA-DMA,HLA-DMA,1.59805,0.8876651982378855,CD4,CD4,1.0583234,0.7037037037037037,TRM,Treg,1.3281868,0.0
MIF,MIF,0.683028,0.6466165413533834,CD44,CD44_CD74,1.9724663,0.8612334801762115,cDC2,TRM,1.3277471,0.0
HLA-F,HLA-F,1.0342016,0.8787878787878788,CD8A,CD8A,1.6204809,0.7806122448979592,Mono-NC,γδ T,1.3273413,0.0
ANXA1,ANXA1,1.5458243,0.8,FPR1,FPR1,1.1087703,0.7070484581497798,CD8 T,TRM,1.3272972,0.0
GNAI2,GNAI2,2.0849884,0.9696969696969697,S1PR4,S1PR4,0.5695364,0.4649859943977591,Mono-NC,CD4 T,1.3272624,0.0
FN1,FN1,0.23371491,0.1299559471365639,CD79A,CD79A,2.4201686,1.0,TRM,B,1.3269417,0.0
LTB,LTB,1.6756997,0.7448979591836735,TNFRSF1A,TNFRSF1A,0.9779132,0.8039647577092511,γδ T,TRM,1.3268064,0.0
YBX1,YBX1,2.4566286,1.0,NOTCH1,NOTCH1,0.19669603,0.2643171806167401,Mono-NC,TRM,1.3266623,0.0
LGALS9,LGALS9,0.7756295,0.698237885462555,PTPRC,PTPRC,1.8769523,0.9148606811145511,TRM,NK-CD16-,1.3262908,0.0
HLA-F,HLA-F,0.906024,0.6207430340557275,LILRB2,LILRB2,1.7463557,1.0,NK-CD16-,Mono-NC,1.3261898,0.0
LGALS1,LGALS1,2.4146504,0.933920704845815,CD69,CD69,0.23701647,0.2687224669603524,TRM,TRM,1.3258334,0.0
LGALS9,LGALS9,1.0351217,0.9090909090909091,PTPRC,PTPRC,1.6143658,0.9185022026431718,Mono-NC,TRM,1.3247437,0.0
VCAN,VCAN,1.6373343,0.6101321585903083,CD44,CD44,1.0119845,0.7,TRM,CD8 T,1.3246593,0.0
PKM,PKM,1.5689479,0.920704845814978,CD44,CD44,1.0796558,0.7254901960784313,TRM,CD4 T,1.3243018,0.0
CALM1,CALM1,2.4348373,0.96,KCNQ1,KCNQ1,0.21376051,0.2572347266881029,CD8 T,Mono-C,1.324299,0.0
GNAS,GNAS,2.1603734,0.94,ADCY7,ADCY7,0.48819146,0.6060606060606061,CD8 T,Mono-NC,1.3242824,0.0
CD99,CD99,1.2895992,0.7848297213622291,CD81,CD81,1.3585721,0.6916299559471366,NK-CD16-,TRM,1.3240857,0.0
SELPLG,SELPLG,0.7946696,0.8787878787878788,ITGB2,ITGB2,1.8520461,0.941908713692946,Mono-NC,NK-CD16+,1.3233578,0.0
CD58,CD58,0.20947184,0.17842323651452283,CD2,CD2,2.437096,0.9056122448979592,NK-CD16+,γδ T,1.323284,0.0
C1QB,C1QB,1.8822782,0.6616541353383458,LRP1,LRP1,0.7638819,0.7400881057268722,cDC2,TRM,1.3230801,0.0
ANXA1,ANXA1,1.3966732,0.773109243697479,FPR1,FPR1,1.2494273,0.8906752411575563,CD4 T,Mono-C,1.3230503,0.0
GRN,GRN,2.1633158,0.9903536977491961,TNFRSF1A,TNFRSF1A,0.4826395,0.5451127819548872,Mono-C,cDC2,1.3229777,0.0
HLA-F,HLA-F,1.0252563,0.819935691318328,CD8A,CD8A,1.6204809,0.7806122448979592,Mono-C,γδ T,1.3228686,0.0
ADAM10,ADAM10,0.67234373,0.6655948553054662,CD44,CD44,1.9724663,0.8612334801762115,Mono-C,TRM,1.3224051,0.0
CALM1,CALM1,2.248958,0.9495798319327731,PTPRA,PTPRA,0.39582723,0.33195020746887965,CD4 T,NK-CD16+,1.3223927,0.0
S100A8,S100A8,2.1279328,0.6718061674008811,CD69,CD69,0.5164226,0.36099585062240663,TRM,NK-CD16+,1.3221776,0.0
S100A8,S100A8,2.1279328,0.6718061674008811,TLR4,TLR4,0.51519525,0.6060606060606061,TRM,Mono-NC,1.321564,0.0
CALM1,CALM1,2.2464035,0.9591836734693877,PTPRA,PTPRA,0.39582723,0.33195020746887965,γδ T,NK-CD16+,1.3211154,0.0
HMGB1,HMGB1,1.6840637,0.9361233480176211,HAVCR2,HAVCR2,0.957247,0.7731277533039648,TRM,TRM,1.3206553,0.0
HMGB1,HMGB1,1.8011355,0.9377593360995851,THBD,THBD,0.83935446,0.5308370044052864,NK-CD16+,TRM,1.320245,0.0
CD99,CD99,1.6667216,0.9004149377593361,CD81,CD81,0.973723,0.6610644257703081,NK-CD16+,CD4 T,1.3202223,0.001
PKM,PKM,1.5689479,0.920704845814978,CD44,CD44,1.0712655,0.6658163265306123,TRM,γδ T,1.3201067,0.0
TNF,TNF,0.5083867,0.4444444444444444,TNFRSF1B,TNFRSF1B,2.1318145,1.0,Treg,Mono-NC,1.3201005,0.0
CD14,CD14,2.3152533,0.9710610932475884,ITGA4,ITGA4,0.32363695,0.4008810572687225,Mono-C,TRM,1.3194451,0.0
CLEC2D,CLEC2D,0.096341014,0.14977973568281938,KLRB1,KLRB1,2.5420878,0.9256965944272446,TRM,NK-CD16-,1.3192143,0.0
TIMP2,TIMP2,0.6657636,0.7272727272727273,CD44,CD44,1.9724663,0.8612334801762115,Mono-NC,TRM,1.3191149,0.0
CALM1,CALM1,2.4348373,0.96,PTPRA,PTPRA,0.20311838,0.29955947136563876,CD8 T,TRM,1.3189778,0.0
PKM,PKM,1.306979,0.8681672025723473,CD44,CD44,1.3308253,0.8148148148148148,Mono-C,Treg,1.3189021,0.005
ICAM3,ICAM3,1.5524573,0.9259259259259259,ITGAL,ITGAL,1.0843605,0.9090909090909091,Treg,Mono-NC,1.318409,0.0
SELPLG,SELPLG,0.5583068,0.44813278008298757,ITGB2,ITGB2,2.077828,1.0,NK-CD16+,Mono-NC,1.3180673,0.0
CD14,CD14,2.3152533,0.9710610932475884,TLR1,TLR1,0.3205201,0.4185022026431718,Mono-C,TRM,1.3178867,0.0
CALM1,CALM1,2.4348373,0.96,INSR,INSR,0.20066448,0.2540192926045016,CD8 T,Mono-C,1.3177509,0.0
GNAI2,GNAI2,1.4309491,0.8518518518518519,C5AR1,C5AR1,1.2045323,0.9242424242424242,Treg,Mono-NC,1.3177407,0.0
HLA-DRB1,HLA-DRB1,1.8739448,0.9848484848484849,CD4,CD4,0.7606554,0.6428571428571429,Mono-NC,cDC2,1.3173001,0.0
MRC1,MRC1,0.17221653,0.13909774436090225,PTPRC,PTPRC,2.461759,0.9875518672199171,cDC2,NK-CD16+,1.3169878,0.0
ANXA2,ANXA2,1.885408,0.9295154185022027,TLR2,TLR2,0.7481718,0.684887459807074,TRM,Mono-C,1.3167899,0.0
CD52,CD52,2.3310406,0.9393939393939394,SIGLEC10,SIGLEC10,0.30192742,0.36466165413533835,Mono-NC,cDC2,1.316484,0.0
HLA-F,HLA-F,1.0123359,0.7744360902255639,CD8A,CD8A,1.6204809,0.7806122448979592,B,γδ T,1.3164084,0.0
HLA-DMA,HLA-DMA,1.8716204,0.8345864661654135,CD4,CD4,0.7606554,0.6428571428571429,cDC2,cDC2,1.3161379,0.0
HLA-DQA1,HLA-DQA1,1.686849,0.7731277533039648,CD4,CD4,0.9452533,0.8484848484848485,TRM,Mono-NC,1.3160511,0.0
MRC1,MRC1,0.35060623,0.2621145374449339,PTPRC,PTPRC,2.281296,0.9839228295819936,TRM,Mono-C,1.3159511,0.0
YBX1,YBX1,2.4566286,1.0,NOTCH1,NOTCH1,0.17470248,0.14522821576763487,Mono-NC,NK-CD16+,1.3156655,0.0
HLA-DRB5,HLA-DRB5,1.7389911,0.8083700440528634,CD4,CD4,0.89178056,0.7556270096463023,TRM,Mono-C,1.3153858,0.0
HMGB1,HMGB1,1.7899321,0.8962848297213623,THBD,THBD,0.83935446,0.5308370044052864,NK-CD16-,TRM,1.3146433,0.0
PKM,PKM,0.6057957,0.48739495798319327,CD44,CD44,2.020819,0.977491961414791,CD4 T,Mono-C,1.3133073,0.0
CALM1,CALM1,2.248958,0.9495798319327731,PTPRA,PTPRA,0.37720758,0.32,CD4 T,CD8 T,1.3130828,0.0
TGM2,TGM2,1.4282444,0.6057268722466961,ITGB1,ITGB1,1.1977223,0.8568281938325991,TRM,TRM,1.3129833,0.0
ANXA1,ANXA1,1.3762354,0.8787878787878788,FPR1,FPR1,1.2494273,0.8906752411575563,Mono-NC,Mono-C,1.3128314,0.0
CD58,CD58,0.1149221,0.11278195488721804,CD2,CD2,2.5105412,1.0,B,Treg,1.3127316,0.0
LGALS1,LGALS1,1.4724506,0.7385892116182573,ITGB1,ITGB1,1.1527835,0.74,NK-CD16+,CD8 T,1.3126171,0.034
CALM1,CALM1,2.4348373,0.96,INSR,INSR,0.18988392,0.2878787878787879,CD8 T,Mono-NC,1.3123606,0.0
CD14,CD14,2.3152533,0.9710610932475884,TLR1,TLR1,0.30913138,0.3633440514469453,Mono-C,Mono-C,1.3121923,0.0
HLA-DRB1,HLA-DRB1,2.0605636,0.9699248120300752,LAG3,LAG3,0.5634088,0.41836734693877553,B,γδ T,1.3119862,0.0
CD14,CD14,2.3152533,0.9710610932475884,ITGA4,ITGA4,0.30852923,0.40225563909774437,Mono-C,cDC2,1.3118912,0.0
GNAI2,GNAI2,1.9915086,0.9903536977491961,S1PR4,S1PR4,0.6322236,0.49377593360995853,Mono-C,NK-CD16+,1.311866,0.0
LGALS9,LGALS9,0.2426989,0.2556390977443609,PTPRC,PTPRC,2.3810167,0.9821428571428571,B,γδ T,1.3118578,0.0
CALM1,CALM1,2.2464035,0.9591836734693877,PTPRA,PTPRA,0.37720758,0.32,γδ T,CD8 T,1.3118055,0.0
GNAI2,GNAI2,2.0849884,0.9696969696969697,S1PR4,S1PR4,0.5368091,0.44360902255639095,Mono-NC,B,1.3108988,0.0
LGALS1,LGALS1,1.4724506,0.7385892116182573,ITGB1,ITGB1,1.14894,0.7136929460580913,NK-CD16+,NK-CD16+,1.3106953,0.004
CALM1,CALM1,2.4348373,0.96,KCNN4,KCNN4,0.18584758,0.19548872180451127,CD8 T,B,1.3103424,0.0
CD14,CD14,0.76847064,0.4398496240601504,ITGB2,ITGB2,1.8520461,0.941908713692946,cDC2,NK-CD16+,1.3102584,0.0
HLA-DRB5,HLA-DRB5,2.0568986,0.8721804511278195,LAG3,LAG3,0.5634088,0.41836734693877553,B,γδ T,1.3101537,0.0
SECTM1,SECTM1,0.6598696,0.7121212121212122,CD7,CD7,1.9601786,0.9629629629629629,Mono-NC,Treg,1.3100241,0.0
HLA-DRB1,HLA-DRB1,2.2889106,0.9140969162995595,CD4,CD4,0.33111274,0.2801120448179272,TRM,CD4 T,1.3100116,0.0
CD59,CD59,0.10930789,0.12030075187969924,CD2,CD2,2.5105412,1.0,B,Treg,1.3099246,0.0
GRN,GRN,2.1633158,0.9903536977491961,TNFRSF1A,TNFRSF1A,0.45619887,0.375,Mono-C,γδ T,1.3097574,0.0
LGALS9,LGALS9,0.23665385,0.25925925925925924,PTPRC,PTPRC,2.3810167,0.9821428571428571,Treg,γδ T,1.3088353,0.017
HLA-DQB1,HLA-DQB1,1.6723169,0.7929515418502202,CD4,CD4,0.9452533,0.8484848484848485,TRM,Mono-NC,1.3087851,0.0
HLA-DPB1,HLA-DPB1,2.375882,0.9696969696969697,LAG3,LAG3,0.24067335,0.2074688796680498,Mono-NC,NK-CD16+,1.3082776,0.0
HLA-DQB1,HLA-DQB1,2.430568,0.9849624060150376,LAG3,LAG3,0.1844943,0.15126050420168066,B,CD4 T,1.3075311,0.0
ARPC5,ARPC5,2.0814621,1.0,ADRB2,ADRB2,0.53259283,0.42323651452282157,Mono-NC,NK-CD16+,1.3070275,0.0
HMGB1,HMGB1,1.7740713,0.92,THBD,THBD,0.83935446,0.5308370044052864,CD8 T,TRM,1.3067129,0.0
C3,C3,0.52352124,0.29515418502202645,CD81,CD81,2.0887177,0.92,TRM,CD8 T,1.3061194,0.0
CALM1,CALM1,2.4348373,0.96,FAS,FAS,0.17713857,0.15306122448979592,CD8 T,γδ T,1.305988,0.0
PKM,PKM,0.63846976,0.4897959183673469,CD44,CD44,1.9724663,0.8612334801762115,γδ T,TRM,1.3054681,0.0
GRN,GRN,2.060383,0.9647577092511013,TNFRSF1A,TNFRSF1A,0.54939437,0.5757575757575758,TRM,Mono-NC,1.3048887,0.0
CLEC2D,CLEC2D,0.8850114,0.6182572614107884,KLRB1,KLRB1,1.7240049,0.6442577030812325,NK-CD16+,CD4 T,1.3045081,0.0
CLEC2D,CLEC2D,0.06665386,0.14285714285714285,KLRB1,KLRB1,2.5420878,0.9256965944272446,cDC2,NK-CD16-,1.3043709,0.0
CALM1,CALM1,2.4348373,0.96,KCNN4,KCNN4,0.17289945,0.22727272727272727,CD8 T,Mono-NC,1.3038684,0.0
HLA-DRB1,HLA-DRB1,2.2889106,0.9140969162995595,LAG3,LAG3,0.31858182,0.18518518518518517,TRM,Treg,1.3037462,0.0
YBX1,YBX1,2.4566286,1.0,NOTCH1,NOTCH1,0.15067467,0.12,Mono-NC,CD8 T,1.3036516,0.0
HLA-DPA1,HLA-DPA1,1.80646,0.8810289389067524,CD4,CD4,0.8007195,0.7290748898678414,Mono-C,TRM,1.3035898,0.0
TGFB1,TGFB1,1.4091885,0.8464730290456431,ITGB1,ITGB1,1.1977223,0.8568281938325991,NK-CD16+,TRM,1.3034554,0.0
GNAS,GNAS,2.194046,0.9398496240601504,ADCY7,ADCY7,0.41265854,0.4758842443729904,cDC2,Mono-C,1.3033522,0.0
CALM1,CALM1,2.248958,0.9495798319327731,PTPRA,PTPRA,0.35707742,0.29336734693877553,CD4 T,γδ T,1.3030177,0.0
SPON2,SPON2,1.4078201,0.6970954356846473,ITGB1,ITGB1,1.1977223,0.8568281938325991,NK-CD16+,TRM,1.3027712,0.0
HLA-DQA1,HLA-DQA1,2.2742455,0.9849624060150376,CD4,CD4,0.33111274,0.2801120448179272,B,CD4 T,1.3026791,0.0
HLA-E,HLA-E,2.2609172,0.9849624060150376,KLRC2,KLRC2_KLRD1,0.344315,0.21428571428571427,B,γδ T,1.3026161,0.0
HLA-DPB1,HLA-DPB1,1.7125539,0.8488745980707395,CD4,CD4,0.89178056,0.7556270096463023,Mono-C,Mono-C,1.3021672,0.0
CALM1,CALM1,2.2464035,0.9591836734693877,PTPRA,PTPRA,0.35707742,0.29336734693877553,γδ T,γδ T,1.3017404,0.0
GNAI2,GNAI2,1.4309491,0.8518518518518519,C5AR1,C5AR1,1.1721296,0.7180616740088106,Treg,TRM,1.3015394,0.0
HLA-F,HLA-F,1.506346,0.8647959183673469,CD8B,CD8B,1.0948339,0.6658163265306123,γδ T,γδ T,1.3005899,0.0
VEGFA,VEGFA,1.2694507,0.6409691629955947,CD44,CD44,1.3308253,0.8148148148148148,TRM,Treg,1.300138,0.0
VCAN,VCAN,1.6373343,0.6101321585903083,ITGB1,ITGB1,0.96273524,0.8636363636363636,TRM,Mono-NC,1.3000348,0.0
BTLA,BTLA,0.17988712,0.18045112781954886,CD79A,CD79A,2.4201686,1.0,B,B,1.3000278,0.0
YBX1,YBX1,2.4566286,1.0,NOTCH1,NOTCH1,0.14316219,0.14814814814814814,Mono-NC,Treg,1.2998954,0.0
HLA-DQA2,HLA-DQA2,1.5412939,0.8270676691729323,CD4,CD4,1.0583234,0.7037037037037037,B,Treg,1.2998086,0.0
LGALS9,LGALS9,0.1378367,0.14,PTPRC,PTPRC,2.461759,0.9875518672199171,CD8 T,NK-CD16+,1.2997979,0.004
CALM1,CALM1,2.4348373,0.96,PTPRA,PTPRA,0.16423671,0.15789473684210525,CD8 T,B,1.2995371,0.001
MIF,MIF,0.5779544,0.4677871148459384,CD44,CD44_CD74,2.020819,0.977491961414791,CD4 T,Mono-C,1.2993867,0.0
NRG1,NRG1,0.22177276,0.24437299035369775,HLA-DPB1,HLA-DPB1,2.375882,0.9696969696969697,Mono-C,Mono-NC,1.2988273,0.0
GRN,GRN,2.1633158,0.9903536977491961,TNFRSF1B,TNFRSF1B,0.4341068,0.34183673469387754,Mono-C,γδ T,1.2987113,0.0
MIF,MIF,0.95702225,0.66,CD44,CD44_CD74,1.6401936,1.0,CD8 T,Mono-NC,1.298608,0.0
SERPINA1,SERPINA1,1.5866425,0.8876651982378855,LRP1,LRP1,1.0102887,0.8360128617363344,TRM,Mono-C,1.2984656,0.0
S100A9,S100A9,2.4333746,0.9393939393939394,TLR4,TLR4,0.1623037,0.2781954887218045,Mono-NC,cDC2,1.2978392,0.0
BTLA,BTLA,0.17454793,0.14814814814814814,CD79A,CD79A,2.4201686,1.0,Treg,B,1.2973583,0.0
CALM1,CALM1,2.248958,0.9495798319327731,PTPRA,PTPRA,0.3444767,0.2755417956656347,CD4 T,NK-CD16-,1.2967174,0.0
HLA-DQA1,HLA-DQA1,2.2742455,0.9849624060150376,LAG3,LAG3,0.31858182,0.18518518518518517,B,Treg,1.2964137,0.0
LGALS9,LGALS9,0.13019994,0.10990712074303406,PTPRC,PTPRC,2.461759,0.9875518672199171,NK-CD16-,NK-CD16+,1.2959795,0.0
CD52,CD52,2.2896302,0.8381742738589212,SIGLEC10,SIGLEC10,0.30192742,0.36466165413533835,NK-CD16+,cDC2,1.2957788,0.0
HLA-E,HLA-E,2.3236692,1.0,KLRC2,KLRC2_KLRD1,0.2676733,0.17012448132780084,Mono-NC,NK-CD16+,1.2956712,0.0
CD14,CD14,2.3152533,0.9710610932475884,ITGA4,ITGA4,0.275941,0.22291021671826625,Mono-C,NK-CD16-,1.2955971,0.0
CALM1,CALM1,2.2464035,0.9591836734693877,PTPRA,PTPRA,0.3444767,0.2755417956656347,γδ T,NK-CD16-,1.2954401,0.0
HMGB1,HMGB1,1.75128,0.9215686274509803,THBD,THBD,0.83935446,0.5308370044052864,CD4 T,TRM,1.2953172,0.0
SERPINA1,SERPINA1,2.4382563,0.9848484848484849,LRP1,LRP1,0.15203843,0.23684210526315788,Mono-NC,cDC2,1.2951473,0.0
C1QA,C1QA,1.3807284,0.42951541850220265,CD93,CD93,1.2095641,0.737885462555066,TRM,TRM,1.2951462,0.0
S100A8,S100A8,2.1279328,0.6718061674008811,CD69,CD69,0.46147123,0.37037037037037035,TRM,Treg,1.294702,0.0
CD99,CD99,1.5316823,0.8622448979591837,CD81,CD81,1.0574592,0.7894736842105263,γδ T,B,1.2945707,0.023
S100A9,S100A9,0.4767763,0.2669172932330827,ITGB2,ITGB2,2.1123059,0.9646302250803859,cDC2,Mono-C,1.2945411,0.044
PKM,PKM,1.5085813,0.8518518518518519,CD44,CD44,1.0796558,0.7254901960784313,Treg,CD4 T,1.2941185,0.003
CD14,CD14,0.47383842,0.3939393939393939,ITGB2,ITGB2,2.1123059,0.9646302250803859,Mono-NC,Mono-C,1.2930721,0.0
GRN,GRN,0.4541618,0.40601503759398494,TNFRSF1B,TNFRSF1B,2.1318145,1.0,B,Mono-NC,1.2929882,0.0
HMGB1,HMGB1,1.9818271,1.0,TLR2,TLR2,0.6037369,0.6079295154185022,Treg,TRM,1.2927821,0.0
C1QA,C1QA,1.9114438,0.6917293233082706,CD33,CD33,0.6734245,0.662379421221865,cDC2,Mono-C,1.2924342,0.0
GNAI2,GNAI2,1.6692941,0.9361233480176211,C5AR1,C5AR1,0.9142223,0.6752411575562701,TRM,Mono-C,1.2917582,0.0
CD59,CD59,0.14625815,0.1326530612244898,CD2,CD2,2.437096,0.9056122448979592,γδ T,γδ T,1.2916771,0.0
CD14,CD14,2.3152533,0.9710610932475884,TLR6,TLR6,0.2673376,0.3086816720257235,Mono-C,Mono-C,1.2912954,0.0
CALM1,CALM1,2.4348373,0.96,FAS,FAS,0.14768048,0.14565826330532214,CD8 T,CD4 T,1.2912589,0.0
GRN,GRN,2.060383,0.9647577092511013,TNFRSF1B,TNFRSF1B,0.5217292,0.4107883817427386,TRM,NK-CD16+,1.2910562,0.0
ANXA1,ANXA1,1.4731047,0.8137755102040817,FPR1,FPR1,1.1087703,0.7070484581497798,γδ T,TRM,1.2909374,0.0
GNAI2,GNAI2,2.0849884,0.9696969696969697,CXCR3,CXCR3,0.49649835,0.3746130030959752,Mono-NC,NK-CD16-,1.2907434,0.0
SELPLG,SELPLG,0.46913132,0.47266881028938906,ITGB2,ITGB2,2.1123059,0.9646302250803859,Mono-C,Mono-C,1.2907186,0.0
TGM2,TGM2,1.4282444,0.6057268722466961,ITGB1,ITGB1,1.1527835,0.74,TRM,CD8 T,1.290514,0.0
PKM,PKM,1.5689479,0.920704845814978,CD44,CD44,1.0119845,0.7,TRM,CD8 T,1.2904662,0.001
PKM,PKM,1.5085813,0.8518518518518519,CD44,CD44,1.0712655,0.6658163265306123,Treg,γδ T,1.2899234,0.006
CALM1,CALM1,2.4348373,0.96,PTPRA,PTPRA,0.1449348,0.24436090225563908,CD8 T,cDC2,1.2898861,0.0
GNAI2,GNAI2,1.3294944,0.8298755186721992,FPR1,FPR1,1.2494273,0.8906752411575563,NK-CD16+,Mono-C,1.2894609,0.0
CD99,CD99,1.2895992,0.7848297213622291,PILRA,PILRA,1.2890874,0.9090909090909091,NK-CD16-,Mono-NC,1.2893434,0.0
HLA-DQA1,HLA-DQA1,1.686849,0.7731277533039648,CD4,CD4,0.89178056,0.7556270096463023,TRM,Mono-C,1.2893147,0.0
HMGB1,HMGB1,1.8302479,0.8458646616541353,TLR2,TLR2,0.7481718,0.684887459807074,cDC2,Mono-C,1.2892098,0.0
PKM,PKM,0.6057957,0.48739495798319327,CD44,CD44,1.9724663,0.8612334801762115,CD4 T,TRM,1.289131,0.0
CD52,CD52,2.3310406,0.9393939393939394,SIGLEC10,SIGLEC10,0.24669465,0.29515418502202645,Mono-NC,TRM,1.2888676,0.0
TGM2,TGM2,1.4282444,0.6057268722466961,ITGB1,ITGB1,1.14894,0.7136929460580913,TRM,NK-CD16+,1.2885921,0.0
CD99,CD99,1.0804802,0.7507002801120448,CD81,CD81,1.4962295,0.8571428571428571,CD4 T,γδ T,1.2883549,0.005
HLA-E,HLA-E,2.2321634,0.9607843137254902,KLRC2,KLRC2_KLRD1,0.344315,0.21428571428571427,CD4 T,γδ T,1.2882392,0.0
CD55,CD55,1.1657451,0.8484848484848485,ADGRE5,ADGRE5,1.4101006,0.9242424242424242,Mono-NC,Mono-NC,1.2879229,0.0
GRN,GRN,2.1633158,0.9903536977491961,SORT1,SORT1,0.41241643,0.48484848484848486,Mono-C,Mono-NC,1.2878661,0.0
LGALS9,LGALS9,0.11375386,0.10714285714285714,PTPRC,PTPRC,2.461759,0.9875518672199171,γδ T,NK-CD16+,1.2877564,0.0
HMGB1,HMGB1,1.7357348,0.9548872180451128,THBD,THBD,0.83935446,0.5308370044052864,B,TRM,1.2875446,0.0
GNAS,GNAS,2.194046,0.9398496240601504,PTGDR,PTGDR,0.38096938,0.30030959752321984,cDC2,NK-CD16-,1.2875077,0.0
GRN,GRN,1.5962931,0.793233082706767,TNFRSF1A,TNFRSF1A,0.9779132,0.8039647577092511,cDC2,TRM,1.2871032,0.0
CALM1,CALM1,2.4348373,0.96,FAS,FAS,0.13845298,0.19696969696969696,CD8 T,Mono-NC,1.2866452,0.0
CALM1,CALM1,2.4348373,0.96,FAS,FAS,0.13839638,0.14814814814814814,CD8 T,Treg,1.2866168,0.0
YBX1,YBX1,2.4566286,1.0,NOTCH1,NOTCH1,0.11656918,0.10714285714285714,Mono-NC,γδ T,1.2865989,0.0
GNAI2,GNAI2,2.0849884,0.9696969696969697,ADCY7,ADCY7,0.48819146,0.6060606060606061,Mono-NC,Mono-NC,1.2865899,0.0
GNAS,GNAS,2.1603734,0.94,ADCY7,ADCY7,0.41265854,0.4758842443729904,CD8 T,Mono-C,1.286516,0.0
SECTM1,SECTM1,0.6598696,0.7121212121212122,CD7,CD7,1.910469,0.8239795918367347,Mono-NC,γδ T,1.2851694,0.0
HLA-DPA1,HLA-DPA1,1.80646,0.8810289389067524,CD4,CD4,0.7606554,0.6428571428571429,Mono-C,cDC2,1.2835577,0.0
CD99,CD99,0.95711637,0.7491961414790996,CD81,CD81,1.6084934,0.7969924812030075,Mono-C,cDC2,1.282805,0.013
S100A4,S100A4,2.4453518,0.9019607843137255,ERBB2,ERBB2,0.1201962,0.1037344398340249,CD4 T,NK-CD16+,1.282774,0.01
GNAI2,GNAI2,1.9915086,0.9903536977491961,S1PR4,S1PR4,0.5730861,0.5185185185185185,Mono-C,Treg,1.2822974,0.0
GNAI2,GNAI2,1.9915086,0.9903536977491961,S1PR5,S1PR5,0.57272816,0.45228215767634855,Mono-C,NK-CD16+,1.2821183,0.0
HLA-DQB1,HLA-DQB1,1.6723169,0.7929515418502202,CD4,CD4,0.89178056,0.7556270096463023,TRM,Mono-C,1.2820487,0.0
TNFSF13B,TNFSF13B,0.8503097,0.7575757575757576,HLA-DPB1,HLA-DPB1,1.7125539,0.8488745980707395,Mono-NC,Mono-C,1.2814318,0.0
CD48,CD48,1.223719,0.7407407407407407,CD2,CD2,1.3383713,0.7136929460580913,Treg,NK-CD16+,1.2810452,0.0
TGFB1,TGFB1,1.4091885,0.8464730290456431,ITGB1,ITGB1,1.1527835,0.74,NK-CD16+,CD8 T,1.2809861,0.0
LGALS1,LGALS1,1.4724506,0.7385892116182573,ITGB1,ITGB1,1.0891075,0.6965944272445821,NK-CD16+,NK-CD16-,1.2807791,0.014
HLA-E,HLA-E,2.0511498,0.9823788546255506,CD8B,CD8B,0.51036483,0.3153526970954357,TRM,NK-CD16+,1.2807573,0.0
HMGB1,HMGB1,1.957732,0.9413265306122449,TLR2,TLR2,0.6037369,0.6079295154185022,γδ T,TRM,1.2807344,0.0
GNAI2,GNAI2,1.9915086,0.9903536977491961,S1PR4,S1PR4,0.5695364,0.4649859943977591,Mono-C,CD4 T,1.2805225,0.0
SPON2,SPON2,1.4078201,0.6970954356846473,ITGB1,ITGB1,1.1527835,0.74,NK-CD16+,CD8 T,1.2803018,0.0
HLA-DPB1,HLA-DPB1,2.375882,0.9696969696969697,LAG3,LAG3,0.1844943,0.15126050420168066,Mono-NC,CD4 T,1.2801881,0.0
CD14,CD14,2.3152533,0.9710610932475884,ITGA4,ITGA4,0.24467708,0.2,Mono-C,CD8 T,1.2799652,0.0
SELPLG,SELPLG,0.44716093,0.4074074074074074,ITGB2,ITGB2,2.1123059,0.9646302250803859,Treg,Mono-C,1.2797334,0.0
TGFB1,TGFB1,1.4091885,0.8464730290456431,ITGB1,ITGB1,1.14894,0.7136929460580913,NK-CD16+,NK-CD16+,1.2790642,0.0
HLA-DRB5,HLA-DRB5,1.9942361,0.7669172932330827,LAG3,LAG3,0.5634088,0.41836734693877553,cDC2,γδ T,1.2788224,0.0
GNAI2,GNAI2,2.0849884,0.9696969696969697,S1PR4,S1PR4,0.47247362,0.3877551020408163,Mono-NC,γδ T,1.278731,0.0
CALM1,CALM1,2.4348373,0.96,FAS,FAS,0.12227655,0.1078838174273859,CD8 T,NK-CD16+,1.278557,0.0
SPON2,SPON2,1.4078201,0.6970954356846473,ITGB1,ITGB1,1.14894,0.7136929460580913,NK-CD16+,NK-CD16+,1.27838,0.0
GNAI2,GNAI2,2.0849884,0.9696969696969697,CXCR3,CXCR3,0.47176018,0.37037037037037035,Mono-NC,Treg,1.2783743,0.0
HLA-F,HLA-F,1.506346,0.8647959183673469,LILRB2,LILRB2,1.0501987,0.7909967845659164,γδ T,Mono-C,1.2782724,0.0
LGALS9,LGALS9,1.0351217,0.9090909090909091,PTPRC,PTPRC,1.5213683,0.8,Mono-NC,CD8 T,1.278245,0.049
PKM,PKM,1.4764471,0.8345864661654135,CD44,CD44,1.0796558,0.7254901960784313,cDC2,CD4 T,1.2780514,0.0
HLA-E,HLA-E,2.0511498,0.9823788546255506,KLRC2,KLRC2_KLRD1,0.5046022,0.33436532507739936,TRM,NK-CD16-,1.277876,0.0
C1QB,C1QB,1.8822782,0.6616541353383458,CD33,CD33,0.6734245,0.662379421221865,cDC2,Mono-C,1.2778513,0.0
CLEC2D,CLEC2D,0.8305881,0.576530612244898,KLRB1,KLRB1,1.7240049,0.6442577030812325,γδ T,CD4 T,1.2772965,0.0
HBEGF,HBEGF,0.91429305,0.5726872246696035,CD44,CD44,1.6401936,1.0,TRM,Mono-NC,1.2772434,0.0
HLA-E,HLA-E,2.044082,0.9807073954983923,CD8B,CD8B,0.51036483,0.3153526970954357,Mono-C,NK-CD16+,1.2772233,0.0
CALM1,CALM1,2.1036716,0.9629629629629629,PTPRA,PTPRA,0.45047057,0.37037037037037035,Treg,Treg,1.277071,0.027
MRC1,MRC1,0.17221653,0.13909774436090225,PTPRC,PTPRC,2.3810167,0.9821428571428571,cDC2,γδ T,1.2766166,0.0
CD58,CD58,0.1149221,0.11278195488721804,CD2,CD2,2.437096,0.9056122448979592,B,γδ T,1.2760091,0.0
HLA-F,HLA-F,1.6585511,0.9045643153526971,LILRB2,LILRB2,0.89341325,0.7268722466960352,NK-CD16+,TRM,1.2759821,0.0
GNAS,GNAS,1.8454778,0.9495798319327731,PTGDR,PTGDR,0.70643866,0.5269709543568465,CD4 T,NK-CD16+,1.2759583,0.0
HLA-F,HLA-F,0.8053414,0.7731277533039648,LILRB2,LILRB2,1.7463557,1.0,TRM,Mono-NC,1.2758485,0.0
CD14,CD14,0.47383842,0.3939393939393939,ITGB2,ITGB2,2.077828,1.0,Mono-NC,Mono-NC,1.2758331,0.008
VCAN,VCAN,1.6373343,0.6101321585903083,SELL,SELL,0.9139811,0.7234726688102894,TRM,Mono-C,1.2756577,0.0
S100A9,S100A9,2.4333746,0.9393939393939394,CD36,CD36,0.11772665,0.15037593984962405,Mono-NC,cDC2,1.2755506,0.0
SELPLG,SELPLG,0.7946696,0.8787878787878788,ITGB2,ITGB2,1.7561089,0.933920704845815,Mono-NC,TRM,1.2753892,0.0
MIF,MIF,0.5779544,0.4677871148459384,CD44,CD44_CD74,1.9724663,0.8612334801762115,CD4 T,TRM,1.2752104,0.0
HMGB1,HMGB1,1.8302479,0.8458646616541353,TLR4,TLR4,0.7193331,0.662379421221865,cDC2,Mono-C,1.2747905,0.0
HMGB1,HMGB1,1.8011355,0.9377593360995851,TLR2,TLR2,0.7481718,0.684887459807074,NK-CD16+,Mono-C,1.2746537,0.0
CD14,CD14,2.3152533,0.9710610932475884,TLR6,TLR6,0.23400983,0.23308270676691728,Mono-C,B,1.2746315,0.0
CALM1,CALM1,2.4348373,0.96,KCNQ1,KCNQ1,0.11400295,0.16079295154185022,CD8 T,TRM,1.2744201,0.0
HLA-E,HLA-E,2.044082,0.9807073954983923,KLRC2,KLRC2_KLRD1,0.5046022,0.33436532507739936,Mono-C,NK-CD16-,1.2743421,0.0
TGFB1,TGFB1,1.3503319,0.7972136222910217,ITGB1,ITGB1,1.1977223,0.8568281938325991,NK-CD16-,TRM,1.2740271,0.0
CALM1,CALM1,2.248958,0.9495798319327731,PTPRA,PTPRA,0.29881483,0.33440514469453375,CD4 T,Mono-C,1.2738864,0.0
PKM,PKM,1.4764471,0.8345864661654135,CD44,CD44,1.0712655,0.6658163265306123,cDC2,γδ T,1.2738563,0.0
SELPLG,SELPLG,0.46913132,0.47266881028938906,ITGB2,ITGB2,2.077828,1.0,Mono-C,Mono-NC,1.2734796,0.0
CALM1,CALM1,2.4348373,0.96,KCNQ1,KCNQ1,0.111896254,0.16666666666666666,CD8 T,Mono-NC,1.2733668,0.0
S100A8,S100A8,2.1279328,0.6718061674008811,CD36,CD36,0.41850236,0.4393939393939394,TRM,Mono-NC,1.2732176,0.0
CD59,CD59,0.10930789,0.12030075187969924,CD2,CD2,2.437096,0.9056122448979592,B,γδ T,1.2732021,0.0
YBX1,YBX1,2.3454394,0.9473684210526315,NOTCH1,NOTCH1,0.20090024,0.24115755627009647,cDC2,Mono-C,1.2731699,0.0
ANXA2,ANXA2,1.798081,0.9848484848484849,TLR2,TLR2,0.7481718,0.684887459807074,Mono-NC,Mono-C,1.2731264,0.0
CALM1,CALM1,2.2464035,0.9591836734693877,PTPRA,PTPRA,0.29881483,0.33440514469453375,γδ T,Mono-C,1.2726091,0.0
HMGB1,HMGB1,1.7054685,0.9485530546623794,THBD,THBD,0.83935446,0.5308370044052864,Mono-C,TRM,1.2724115,0.0
HLA-DMA,HLA-DMA,1.59805,0.8876651982378855,CD4,CD4,0.9452533,0.8484848484848485,TRM,Mono-NC,1.2716516,0.0
GRN,GRN,2.060383,0.9647577092511013,TNFRSF1A,TNFRSF1A,0.4826395,0.5451127819548872,TRM,cDC2,1.2715113,0.0
YBX1,YBX1,2.3454394,0.9473684210526315,NOTCH1,NOTCH1,0.19669603,0.2643171806167401,cDC2,TRM,1.2710677,0.0
CALM1,CALM1,2.4348373,0.96,FAS,FAS,0.106890716,0.1382636655948553,CD8 T,Mono-C,1.270864,0.0
GNAS,GNAS,2.1603734,0.94,PTGDR,PTGDR,0.38096938,0.30030959752321984,CD8 T,NK-CD16-,1.2706714,0.0
GNAI2,GNAI2,1.4309491,0.8518518518518519,FPR1,FPR1,1.1087703,0.7070484581497798,Treg,TRM,1.2698597,0.0
HLA-DRB5,HLA-DRB5,1.7389911,0.8083700440528634,CD4,CD4,0.8007195,0.7290748898678414,TRM,TRM,1.2698553,0.0
TGFB1,TGFB1,1.2064602,0.9242424242424242,CXCR4,CXCR4,1.3327702,0.7744360902255639,Mono-NC,B,1.2696152,0.0
S100A12,S100A12,2.0239913,0.9131832797427653,TLR4,TLR4,0.51519525,0.6060606060606061,Mono-C,Mono-NC,1.2695932,0.0
HMGB1,HMGB1,1.7899321,0.8962848297213623,TLR2,TLR2,0.7481718,0.684887459807074,NK-CD16-,Mono-C,1.269052,0.0
HLA-DRB1,HLA-DRB1,1.4783052,0.8488745980707395,CD4,CD4,1.0583234,0.7037037037037037,Mono-C,Treg,1.2683144,0.0
CD52,CD52,2.2896302,0.8381742738589212,SIGLEC10,SIGLEC10,0.24669465,0.29515418502202645,NK-CD16+,TRM,1.2681624,0.0
GRN,GRN,2.1633158,0.9903536977491961,TNFRSF1B,TNFRSF1B,0.3728196,0.30532212885154064,Mono-C,CD4 T,1.2680677,0.0
CD14,CD14,2.3152533,0.9710610932475884,TLR1,TLR1,0.22045778,0.3609022556390977,Mono-C,cDC2,1.2678555,0.0
TGFB1,TGFB1,0.9118043,0.6173469387755102,CXCR4,CXCR4,1.6237797,0.773109243697479,γδ T,CD4 T,1.267792,0.0
GNAI2,GNAI2,1.3294944,0.8298755186721992,C5AR1,C5AR1,1.2045323,0.9242424242424242,NK-CD16+,Mono-NC,1.2670133,0.0
CCL4,CCL4,1.6522963,0.7882653061224489,CCR1,CCR1,0.880954,0.7224669603524229,γδ T,TRM,1.2666252,0.0
GNAI2,GNAI2,1.6186169,0.8308270676691729,C5AR1,C5AR1,0.9142223,0.6752411575562701,cDC2,Mono-C,1.2664196,0.0
TGFB1,TGFB1,1.4091885,0.8464730290456431,CXCR4,CXCR4,1.1235944,0.6387665198237885,NK-CD16+,TRM,1.2663915,0.0
CALM1,CALM1,2.4348373,0.96,KCNN4,KCNN4,0.09624716,0.12861736334405144,CD8 T,Mono-C,1.2655423,0.0
GNAS,GNAS,1.997213,1.0,ADRB2,ADRB2,0.53259283,0.42323651452282157,Treg,NK-CD16+,1.264903,0.0
CALM1,CALM1,2.4348373,0.96,VIPR1,VIPR1,0.09492822,0.13183279742765272,CD8 T,Mono-C,1.2648828,0.0
CALM1,CALM1,2.248958,0.9495798319327731,PTPRA,PTPRA,0.280643,0.2549019607843137,CD4 T,CD4 T,1.2648005,0.0
HLA-DRB1,HLA-DRB1,2.2889106,0.9140969162995595,LAG3,LAG3,0.24067335,0.2074688796680498,TRM,NK-CD16+,1.264792,0.0
GRN,GRN,2.1633158,0.9903536977491961,TNFRSF1A,TNFRSF1A,0.36541182,0.3,Mono-C,CD8 T,1.2643638,0.0
HLA-E,HLA-E,2.2609172,0.9849624060150376,KLRC2,KLRC2_KLRD1,0.2676733,0.17012448132780084,B,NK-CD16+,1.2642952,0.0
GNAI2,GNAI2,1.9915086,0.9903536977491961,S1PR4,S1PR4,0.5368091,0.44360902255639095,Mono-C,B,1.2641588,0.0
S100A8,S100A8,2.1279328,0.6718061674008811,TLR4,TLR4,0.40018338,0.4977973568281938,TRM,TRM,1.2640581,0.0
GRN,GRN,2.1633158,0.9903536977491961,TNFRSF1A,TNFRSF1A,0.36394188,0.28792569659442724,Mono-C,NK-CD16-,1.2636288,0.0
CALM1,CALM1,2.2464035,0.9591836734693877,PTPRA,PTPRA,0.280643,0.2549019607843137,γδ T,CD4 T,1.2635232,0.0
HLA-F,HLA-F,0.906024,0.6207430340557275,CD8A,CD8A,1.6204809,0.7806122448979592,NK-CD16-,γδ T,1.2632525,0.0
C1QB,C1QB,1.8822782,0.6616541353383458,C1QBP,C1QBP,0.64315134,0.5185185185185185,cDC2,Treg,1.2627147,0.0
SELPLG,SELPLG,0.44716093,0.4074074074074074,ITGB2,ITGB2,2.077828,1.0,Treg,Mono-NC,1.2624944,0.0
CD14,CD14,0.76847064,0.4398496240601504,ITGB2,ITGB2,1.7561089,0.933920704845815,cDC2,TRM,1.2622898,0.0
LGALS9,LGALS9,0.2426989,0.2556390977443609,PTPRC,PTPRC,2.281296,0.9839228295819936,B,Mono-C,1.2619975,0.002
HLA-DRB5,HLA-DRB5,1.465296,0.7727272727272727,CD4,CD4,1.0583234,0.7037037037037037,Mono-NC,Treg,1.2618097,0.0
HMGB1,HMGB1,1.6840637,0.9361233480176211,THBD,THBD,0.83935446,0.5308370044052864,TRM,TRM,1.2617091,0.0
TGFB1,TGFB1,1.1898917,0.8392070484581498,CXCR4,CXCR4,1.3327702,0.7744360902255639,TRM,B,1.261331,0.0
HMGB1,HMGB1,1.7740713,0.92,TLR2,TLR2,0.7481718,0.684887459807074,CD8 T,Mono-C,1.2611215,0.0
VCAN,VCAN,0.5012526,0.42424242424242425,CD44,CD44,2.020819,0.977491961414791,Mono-NC,Mono-C,1.2610358,0.0
CD14,CD14,2.3152533,0.9710610932475884,ITGB2,ITGB2,0.206161,0.18,Mono-C,CD8 T,1.2607071,0.0
PKM,PKM,1.5085813,0.8518518518518519,CD44,CD44,1.0119845,0.7,Treg,CD8 T,1.2602829,0.03
HMGB1,HMGB1,1.8011355,0.9377593360995851,TLR4,TLR4,0.7193331,0.662379421221865,NK-CD16+,Mono-C,1.2602344,0.0
YBX1,YBX1,2.3454394,0.9473684210526315,NOTCH1,NOTCH1,0.17470248,0.14522821576763487,cDC2,NK-CD16+,1.2600709,0.0
LGALS9,LGALS9,1.0351217,0.9090909090909091,PTPRC,PTPRC,1.4847091,0.8646616541353384,Mono-NC,B,1.2599154,0.03
LGALS9,LGALS9,0.1378367,0.14,PTPRC,PTPRC,2.3810167,0.9821428571428571,CD8 T,γδ T,1.2594267,0.024
CALM1,CALM1,2.4348373,0.96,KCNN4,KCNN4,0.08374009,0.11654135338345864,CD8 T,cDC2,1.2592887,0.0
VCAN,VCAN,1.6373343,0.6101321585903083,CD44,CD44,0.88101256,0.5712074303405573,TRM,NK-CD16-,1.2591734,0.0
LTB,LTB,1.6756997,0.7448979591836735,CD40,CD40,0.8423143,0.631578947368421,γδ T,B,1.259007,0.0
GRN,GRN,2.1633158,0.9903536977491961,TNFRSF1A,TNFRSF1A,0.35417932,0.2962962962962963,Mono-C,Treg,1.2587476,0.0
TGM2,TGM2,1.4282444,0.6057268722466961,ITGB1,ITGB1,1.0891075,0.6965944272445821,TRM,NK-CD16-,1.2586759,0.0
YBX1,YBX1,2.4566286,1.0,NOTCH1,NOTCH1,0.060561344,0.12781954887218044,Mono-NC,cDC2,1.258595,0.0
GRN,GRN,2.060383,0.9647577092511013,TNFRSF1A,TNFRSF1A,0.45619887,0.375,TRM,γδ T,1.258291,0.0
GRN,GRN,2.1633158,0.9903536977491961,TNFRSF1B,TNFRSF1B,0.35248578,0.40225563909774437,Mono-C,cDC2,1.2579007,0.0
HLA-DQA1,HLA-DQA1,2.2742455,0.9849624060150376,LAG3,LAG3,0.24067335,0.2074688796680498,B,NK-CD16+,1.2574594,0.0
HLA-E,HLA-E,2.0044045,0.934984520123839,CD8B,CD8B,0.51036483,0.3153526970954357,NK-CD16-,NK-CD16+,1.2573847,0.0
C1QA,C1QA,1.3807284,0.42951541850220265,CD93,CD93,1.1336107,0.842443729903537,TRM,Mono-C,1.2571695,0.0
HLA-DMA,HLA-DMA,1.4552293,0.8796992481203008,CD4,CD4,1.0583234,0.7037037037037037,B,Treg,1.2567763,0.0
CD52,CD52,2.3310406,0.9393939393939394,SIGLEC10,SIGLEC10,0.18228966,0.2090032154340836,Mono-NC,Mono-C,1.2566651,0.0
HLA-DPB1,HLA-DPB1,1.7125539,0.8488745980707395,CD4,CD4,0.8007195,0.7290748898678414,Mono-C,TRM,1.2566366,0.0
S100A8,S100A8,2.1279328,0.6718061674008811,CD36,CD36,0.38347962,0.35462555066079293,TRM,TRM,1.2557062,0.0
LGALS9,LGALS9,0.13019994,0.10990712074303406,PTPRC,PTPRC,2.3810167,0.9821428571428571,NK-CD16-,γδ T,1.2556083,0.001
PKM,PKM,0.87012345,0.56,CD44,CD44,1.6401936,1.0,CD8 T,Mono-NC,1.2551585,0.019
GNAI2,GNAI2,2.0849884,0.9696969696969697,F2R,F2R,0.42440417,0.34854771784232363,Mono-NC,NK-CD16+,1.2546962,0.0
HMGB1,HMGB1,1.7899321,0.8962848297213623,TLR4,TLR4,0.7193331,0.662379421221865,NK-CD16-,Mono-C,1.2546326,0.0
HLA-E,HLA-E,2.0044045,0.934984520123839,KLRC2,KLRC2_KLRD1,0.5046022,0.33436532507739936,NK-CD16-,NK-CD16-,1.2545034,0.0
MIF,MIF,0.48784086,0.3903061224489796,CD44,CD44_CD74,2.020819,0.977491961414791,γδ T,Mono-C,1.2543299,0.0
TNFSF13B,TNFSF13B,1.3735859,0.86,TNFRSF13C,TNFRSF13C,1.1349291,0.7819548872180451,CD8 T,B,1.2542574,0.0
LGALS1,LGALS1,1.4724506,0.7385892116182573,CD69,CD69,1.0354137,0.5938375350140056,NK-CD16+,CD4 T,1.2539322,0.0
CALM1,CALM1,2.4348373,0.96,INSR,INSR,0.072167516,0.12781954887218044,CD8 T,cDC2,1.2535024,0.0
C1QB,C1QB,1.8822782,0.6616541353383458,C1QBP,C1QBP,0.6245358,0.5488721804511278,cDC2,B,1.253407,0.0
GRN,GRN,2.1633158,0.9903536977491961,TNFRSF1A,TNFRSF1A,0.34344858,0.27800829875518673,Mono-C,NK-CD16+,1.2533822,0.0
GNAS,GNAS,1.997213,1.0,PTGDR,PTGDR,0.50954175,0.38,Treg,CD8 T,1.2533774,0.0
ANXA1,ANXA1,1.3966732,0.773109243697479,FPR1,FPR1,1.1087703,0.7070484581497798,CD4 T,TRM,1.2527218,0.0
CALM1,CALM1,2.4348373,0.96,INSR,INSR,0.07030151,0.1145374449339207,CD8 T,TRM,1.2525694,0.0
ITGB2,ITGB2,2.1123059,0.9646302250803859,CD226,CD226,0.39117658,0.3236514522821577,Mono-C,NK-CD16+,1.2517412,0.0
TGFB1,TGFB1,1.3503319,0.7972136222910217,ITGB1,ITGB1,1.1527835,0.74,NK-CD16-,CD8 T,1.2515577,0.0
CALM1,CALM1,2.248958,0.9495798319327731,PTPRA,PTPRA,0.2536749,0.3484848484848485,CD4 T,Mono-NC,1.2513165,0.001
GNAI2,GNAI2,1.3294944,0.8298755186721992,C5AR1,C5AR1,1.1721296,0.7180616740088106,NK-CD16+,TRM,1.250812,0.0
CALM1,CALM1,2.4348373,0.96,KCNQ1,KCNQ1,0.06603595,0.13157894736842105,CD8 T,cDC2,1.2504367,0.0
SELPLG,SELPLG,0.7946696,0.8787878787878788,ITGB2,ITGB2,1.7057548,0.8458646616541353,Mono-NC,cDC2,1.2502122,0.0
CALM1,CALM1,2.2464035,0.9591836734693877,PTPRA,PTPRA,0.2536749,0.3484848484848485,γδ T,Mono-NC,1.2500392,0.0
APOE,APOE,1.4075412,0.4052863436123348,SORL1,SORL1,1.0923309,0.8102893890675241,TRM,Mono-C,1.2499361,0.0
HLA-E,HLA-E,2.2321634,0.9607843137254902,KLRC2,KLRC2_KLRD1,0.2676733,0.17012448132780084,CD4 T,NK-CD16+,1.2499183,0.001
CD22,CD22,0.88546044,0.6390977443609023,PTPRC,PTPRC,1.6143658,0.9185022026431718,B,TRM,1.2499131,0.0
HLA-DRB5,HLA-DRB5,1.7389911,0.8083700440528634,CD4,CD4,0.7606554,0.6428571428571429,TRM,cDC2,1.2498233,0.0
CALM1,CALM1,2.1036716,0.9629629629629629,PTPRA,PTPRA,0.39582723,0.33195020746887965,Treg,NK-CD16+,1.2497494,0.026
HMGB1,HMGB1,1.75128,0.9215686274509803,TLR2,TLR2,0.7481718,0.684887459807074,CD4 T,Mono-C,1.2497258,0.0
TGFB1,TGFB1,1.3503319,0.7972136222910217,ITGB1,ITGB1,1.14894,0.7136929460580913,NK-CD16-,NK-CD16+,1.2496359,0.0
S100A8,S100A8,2.1279328,0.6718061674008811,ITGB2,ITGB2,0.37066454,0.3233082706766917,TRM,B,1.2492987,0.0
TGFB1,TGFB1,1.4091885,0.8464730290456431,ITGB1,ITGB1,1.0891075,0.6965944272445821,NK-CD16+,NK-CD16-,1.249148,0.0
GNAI2,GNAI2,2.0849884,0.9696969696969697,ADCY7,ADCY7,0.41265854,0.4758842443729904,Mono-NC,Mono-C,1.2488234,0.0
HMGB1,HMGB1,1.9818271,1.0,TLR4,TLR4,0.51519525,0.6060606060606061,Treg,Mono-NC,1.2485112,0.0
SPON2,SPON2,1.4078201,0.6970954356846473,ITGB1,ITGB1,1.0891075,0.6965944272445821,NK-CD16+,NK-CD16-,1.2484639,0.0
CLEC2D,CLEC2D,0.7723496,0.5864661654135338,KLRB1,KLRB1,1.7240049,0.6442577030812325,B,CD4 T,1.2481773,0.0
YBX1,YBX1,2.3454394,0.9473684210526315,NOTCH1,NOTCH1,0.15067467,0.12,cDC2,CD8 T,1.248057,0.0
LGALS9,LGALS9,0.11375386,0.10714285714285714,PTPRC,PTPRC,2.3810167,0.9821428571428571,γδ T,γδ T,1.2473853,0.0
GRN,GRN,2.060383,0.9647577092511013,TNFRSF1B,TNFRSF1B,0.4341068,0.34183673469387754,TRM,γδ T,1.247245,0.0
HMGB1,HMGB1,1.9818271,1.0,TLR2,TLR2,0.51256245,0.6212121212121212,Treg,Mono-NC,1.2471948,0.0
CD52,CD52,2.3310406,0.9393939393939394,SIGLEC10,SIGLEC10,0.16302413,0.18045112781954886,Mono-NC,B,1.2470324,0.0
CD48,CD48,1.543134,0.9022556390977443,CD2,CD2,0.9504105,0.52,B,CD8 T,1.2467723,0.002
HMGB1,HMGB1,1.7740713,0.92,TLR4,TLR4,0.7193331,0.662379421221865,CD8 T,Mono-C,1.2467022,0.0
HLA-F,HLA-F,1.6585511,0.9045643153526971,CD8A,CD8A,0.8343133,0.46887966804979253,NK-CD16+,NK-CD16+,1.2464322,0.0
HMGB1,HMGB1,1.5355808,0.9848484848484849,HAVCR2,HAVCR2,0.957247,0.7731277533039648,Mono-NC,TRM,1.246414,0.0
HLA-F,HLA-F,0.74496293,0.52,LILRB2,LILRB2,1.7463557,1.0,CD8 T,Mono-NC,1.2456594,0.0
SECTM1,SECTM1,0.23236595,0.28634361233480177,CD7,CD7,2.2578173,0.92,TRM,CD8 T,1.2450916,0.0
HLA-DMA,HLA-DMA,1.59805,0.8876651982378855,CD4,CD4,0.89178056,0.7556270096463023,TRM,Mono-C,1.2449152,0.0
ANXA2,ANXA2,1.885408,0.9295154185022027,TLR2,TLR2,0.6037369,0.6079295154185022,TRM,TRM,1.2445724,0.0
YBX1,YBX1,2.3454394,0.9473684210526315,NOTCH1,NOTCH1,0.14316219,0.14814814814814814,cDC2,Treg,1.2443008,0.0
PKM,PKM,1.4764471,0.8345864661654135,CD44,CD44,1.0119845,0.7,cDC2,CD8 T,1.2442157,0.005
ADAM10,ADAM10,0.4676121,0.5572687224669604,CD44,CD44,2.020819,0.977491961414791,TRM,Mono-C,1.2442155,0.0
TIMP2,TIMP2,0.46746552,0.518796992481203,CD44,CD44,2.020819,0.977491961414791,cDC2,Mono-C,1.2441423,0.0
GNAI2,GNAI2,1.9915086,0.9903536977491961,CXCR3,CXCR3,0.49649835,0.3746130030959752,Mono-C,NK-CD16-,1.2440035,0.0
HLA-DQA1,HLA-DQA1,1.686849,0.7731277533039648,CD4,CD4,0.8007195,0.7290748898678414,TRM,TRM,1.2437842,0.0
CALM1,CALM1,2.248958,0.9495798319327731,KCNN4,KCNN4,0.23798586,0.29955947136563876,CD4 T,TRM,1.243472,0.0
MIF,MIF,0.46597883,0.5044052863436124,CD44,CD44_CD74,2.020819,0.977491961414791,TRM,Mono-C,1.2433989,0.0
LGALS9,LGALS9,0.84653074,0.7652733118971061,CD44,CD44,1.6401936,1.0,Mono-C,Mono-NC,1.2433622,0.0
SELPLG,SELPLG,0.37433174,0.29102167182662536,ITGB2,ITGB2,2.1123059,0.9646302250803859,NK-CD16-,Mono-C,1.2433188,0.0
HLA-DQA2,HLA-DQA2,1.5412939,0.8270676691729323,CD4,CD4,0.9452533,0.8484848484848485,B,Mono-NC,1.2432736,0.0
GNAS,GNAS,1.997213,1.0,ADCY7,ADCY7,0.48819146,0.6060606060606061,Treg,Mono-NC,1.2427022,0.0
ANXA1,ANXA1,1.3762354,0.8787878787878788,FPR1,FPR1,1.1087703,0.7070484581497798,Mono-NC,TRM,1.2425028,0.0
CLEC2D,CLEC2D,0.7607774,0.5185185185185185,KLRB1,KLRB1,1.7240049,0.6442577030812325,Treg,CD4 T,1.2423911,0.0
CALM1,CALM1,2.2464035,0.9591836734693877,KCNN4,KCNN4,0.23798586,0.29955947136563876,γδ T,TRM,1.2421947,0.0
HMGB1,HMGB1,1.7357348,0.9548872180451128,TLR2,TLR2,0.7481718,0.684887459807074,B,Mono-C,1.2419534,0.0
VCAN,VCAN,1.6373343,0.6101321585903083,ITGA4,ITGA4,0.84618366,0.803030303030303,TRM,Mono-NC,1.2417591,0.0
CD52,CD52,1.6054145,0.819935691318328,SIGLEC10,SIGLEC10,0.8756948,0.7727272727272727,Mono-C,Mono-NC,1.2405547,0.0
CALM1,CALM1,2.1036716,0.9629629629629629,PTPRA,PTPRA,0.37720758,0.32,Treg,CD8 T,1.2404395,0.041
HLA-E,HLA-E,1.3856709,0.7819548872180451,CD8B,CD8B,1.0948339,0.6658163265306123,cDC2,γδ T,1.2402524,0.004
HMGB1,HMGB1,1.9818271,1.0,HAVCR2,HAVCR2,0.49840647,0.575187969924812,Treg,cDC2,1.2401168,0.002
PSEN1,PSEN1,0.45922452,0.5080385852090032,CD44,CD44,2.020819,0.977491961414791,Mono-C,Mono-C,1.2400217,0.0
CALM1,CALM1,2.248958,0.9495798319327731,KCNN4,KCNN4,0.23086745,0.25925925925925924,CD4 T,Treg,1.2399127,0.0
GNAI2,GNAI2,1.9915086,0.9903536977491961,ADCY7,ADCY7,0.48819146,0.6060606060606061,Mono-C,Mono-NC,1.23985,0.0
GNAS,GNAS,2.194046,0.9398496240601504,PTGDR,PTGDR,0.28517222,0.22959183673469388,cDC2,γδ T,1.2396091,0.0
S100A8,S100A8,2.1279328,0.6718061674008811,CD69,CD69,0.35035554,0.2932330827067669,TRM,B,1.2391442,0.0
C1QB,C1QB,1.8822782,0.6616541353383458,C1QBP,C1QBP,0.5954272,0.46,cDC2,CD8 T,1.2388527,0.0
CD14,CD14,2.3152533,0.9710610932475884,TLR4,TLR4,0.1623037,0.2781954887218045,Mono-C,cDC2,1.2387785,0.0
CALM1,CALM1,2.2464035,0.9591836734693877,KCNN4,KCNN4,0.23086745,0.25925925925925924,γδ T,Treg,1.2386354,0.0
LTB,LTB,1.6756997,0.7448979591836735,TNFRSF1A,TNFRSF1A,0.8014042,0.7234726688102894,γδ T,Mono-C,1.238552,0.0
TNFSF13B,TNFSF13B,0.10057229,0.1111111111111111,HLA-DPB1,HLA-DPB1,2.375882,0.9696969696969697,Treg,Mono-NC,1.2382271,0.007
SELPLG,SELPLG,0.36312357,0.29336734693877553,ITGB2,ITGB2,2.1123059,0.9646302250803859,γδ T,Mono-C,1.2377148,0.0
CD14,CD14,0.76847064,0.4398496240601504,ITGB2,ITGB2,1.7057548,0.8458646616541353,cDC2,cDC2,1.2371128,0.0
TGFB1,TGFB1,1.3503319,0.7972136222910217,CXCR4,CXCR4,1.1235944,0.6387665198237885,NK-CD16-,TRM,1.2369632,0.0
VCAN,VCAN,0.5012526,0.42424242424242425,CD44,CD44,1.9724663,0.8612334801762115,Mono-NC,TRM,1.2368594,0.0
HLA-DRB1,HLA-DRB1,2.2889106,0.9140969162995595,LAG3,LAG3,0.1844943,0.15126050420168066,TRM,CD4 T,1.2367024,0.0
HLA-DPB1,HLA-DPB1,1.7125539,0.8488745980707395,CD4,CD4,0.7606554,0.6428571428571429,Mono-C,cDC2,1.2366047,0.0
HLA-DQB1,HLA-DQB1,1.6723169,0.7929515418502202,CD4,CD4,0.8007195,0.7290748898678414,TRM,TRM,1.2365181,0.0
HMGB1,HMGB1,1.957732,0.9413265306122449,TLR4,TLR4,0.51519525,0.6060606060606061,γδ T,Mono-NC,1.2364635,0.0
GRN,GRN,2.060383,0.9647577092511013,SORT1,SORT1,0.41241643,0.48484848484848486,TRM,Mono-NC,1.2363998,0.0
CLEC2D,CLEC2D,0.74860984,0.5350140056022409,KLRB1,KLRB1,1.7240049,0.6442577030812325,CD4 T,CD4 T,1.2363074,0.0
CD52,CD52,2.2896302,0.8381742738589212,SIGLEC10,SIGLEC10,0.18228966,0.2090032154340836,NK-CD16+,Mono-C,1.2359599,0.0
CD14,CD14,2.3152533,0.9710610932475884,TLR6,TLR6,0.15556806,0.22466960352422907,Mono-C,TRM,1.2354107,0.0
CD55,CD55,1.0605979,0.7588424437299035,ADGRE5,ADGRE5,1.4101006,0.9242424242424242,Mono-C,Mono-NC,1.2353492,0.0
CLEC2B,CLEC2B,1.2475088,0.7602040816326531,KLRF1,KLRF1,1.2231754,0.6182572614107884,γδ T,NK-CD16+,1.235342,0.0
HMGB1,HMGB1,1.75128,0.9215686274509803,TLR4,TLR4,0.7193331,0.662379421221865,CD4 T,Mono-C,1.2353065,0.0
HMGB1,HMGB1,1.957732,0.9413265306122449,TLR2,TLR2,0.51256245,0.6212121212121212,γδ T,Mono-NC,1.2351472,0.0
S100A8,S100A8,1.4347306,0.7121212121212122,CD69,CD69,1.0354137,0.5938375350140056,Mono-NC,CD4 T,1.2350721,0.0
ITGB2,ITGB2,2.077828,1.0,CD226,CD226,0.39117658,0.3236514522821577,Mono-NC,NK-CD16+,1.2345023,0.0
NRG1,NRG1,0.09246771,0.10792951541850221,HLA-DPB1,HLA-DPB1,2.375882,0.9696969696969697,TRM,Mono-NC,1.2341748,0.0
MRC1,MRC1,0.35060623,0.2621145374449339,PTPRC,PTPRC,2.1173134,0.9629629629629629,TRM,Treg,1.2339598,0.0
ANXA2,ANXA2,1.7191194,0.9260450160771704,TLR2,TLR2,0.7481718,0.684887459807074,Mono-C,Mono-C,1.2336457,0.0
VEGFA,VEGFA,1.2694507,0.6409691629955947,ITGB1,ITGB1,1.1977223,0.8568281938325991,TRM,TRM,1.2335865,0.0
LGALS1,LGALS1,1.4724506,0.7385892116182573,CD69,CD69,0.99429494,0.5743034055727554,NK-CD16+,NK-CD16-,1.2333728,0.0
ANXA1,ANXA1,2.147105,0.9614147909967846,FPR2,FPR2_FPR3,0.31863657,0.27973568281938327,Mono-C,TRM,1.2328708,0.0
SPON2,SPON2,1.4078201,0.6970954356846473,ITGB2,ITGB2,1.0578327,0.7037037037037037,NK-CD16+,Treg,1.2328265,0.0
ANXA1,ANXA1,1.7077402,0.849624060150376,FPR1,FPR1,0.75772005,0.6818181818181818,cDC2,Mono-NC,1.2327302,0.0
GNAI2,GNAI2,1.9915086,0.9903536977491961,S1PR4,S1PR4,0.47247362,0.3877551020408163,Mono-C,γδ T,1.231991,0.0
PKM,PKM,0.44308794,0.39849624060150374,CD44,CD44,2.020819,0.977491961414791,B,Mono-C,1.2319534,0.0
ANXA1,ANXA1,1.7056378,0.9074889867841409,FPR1,FPR1,0.75772005,0.6818181818181818,TRM,Mono-NC,1.231679,0.0
GNAI2,GNAI2,1.9915086,0.9903536977491961,CXCR3,CXCR3,0.47176018,0.37037037037037035,Mono-C,Treg,1.2316344,0.0
CALM1,CALM1,2.248958,0.9495798319327731,KCNQ1,KCNQ1,0.21376051,0.2572347266881029,CD4 T,Mono-C,1.2313594,0.0
YBX1,YBX1,2.3454394,0.9473684210526315,NOTCH1,NOTCH1,0.11656918,0.10714285714285714,cDC2,γδ T,1.2310044,0.0
PKM,PKM,0.44110313,0.3651452282157676,CD44,CD44,2.020819,0.977491961414791,NK-CD16+,Mono-C,1.2309611,0.0
LGALS9,LGALS9,0.84653074,0.7652733118971061,PTPRC,PTPRC,1.6143658,0.9185022026431718,Mono-C,TRM,1.2304482,0.006
CALM1,CALM1,2.1036716,0.9629629629629629,PTPRA,PTPRA,0.35707742,0.29336734693877553,Treg,γδ T,1.2303745,0.041
CD48,CD48,1.5102451,0.8469387755102041,CD2,CD2,0.9504105,0.52,γδ T,CD8 T,1.2303278,0.002
MIF,MIF,0.48784086,0.3903061224489796,CD44,CD44_CD74,1.9724663,0.8612334801762115,γδ T,TRM,1.2301536,0.0
CALM1,CALM1,2.2464035,0.9591836734693877,KCNQ1,KCNQ1,0.21376051,0.2572347266881029,γδ T,Mono-C,1.230082,0.0
GNAS,GNAS,1.7523254,0.9449339207048458,PTGDR,PTGDR,0.70643866,0.5269709543568465,TRM,NK-CD16+,1.229382,0.0
HLA-DQA1,HLA-DQA1,2.2742455,0.9849624060150376,LAG3,LAG3,0.1844943,0.15126050420168066,B,CD4 T,1.2293699,0.0
C1QB,C1QB,1.8822782,0.6616541353383458,C1QBP,C1QBP,0.5760991,0.5070028011204482,cDC2,CD4 T,1.2291887,0.0
C1QB,C1QB,1.4478918,0.41409691629955947,LRP1,LRP1,1.0102887,0.8360128617363344,TRM,Mono-C,1.2290902,0.0
VCAN,VCAN,1.6373343,0.6101321585903083,ITGB1,ITGB1,0.8193306,0.7588424437299035,TRM,Mono-C,1.2283325,0.0
PTPN6,PTPN6,1.0776117,0.8360128617363344,CLEC12A,CLEC12A,1.3789101,0.8681672025723473,Mono-C,Mono-C,1.2282609,0.0
HMGB1,HMGB1,1.957732,0.9413265306122449,HAVCR2,HAVCR2,0.49840647,0.575187969924812,γδ T,cDC2,1.2280692,0.0
HMGB1,HMGB1,1.7357348,0.9548872180451128,TLR4,TLR4,0.7193331,0.662379421221865,B,Mono-C,1.2275339,0.0
TGFB1,TGFB1,1.4091885,0.8464730290456431,CXCR4,CXCR4,1.0455099,0.5637755102040817,NK-CD16+,γδ T,1.2273493,0.0
HMGB1,HMGB1,1.7054685,0.9485530546623794,TLR2,TLR2,0.7481718,0.684887459807074,Mono-C,Mono-C,1.2268202,0.0
MRC1,MRC1,0.17221653,0.13909774436090225,PTPRC,PTPRC,2.281296,0.9839228295819936,cDC2,Mono-C,1.2267563,0.0
TGFB1,TGFB1,0.82959795,0.6134453781512605,CXCR4,CXCR4,1.6237797,0.773109243697479,CD4 T,CD4 T,1.2266889,0.0
ICAM3,ICAM3,1.5524573,0.9259259259259259,ITGAL,ITGAL,0.9007067,0.6680497925311203,Treg,NK-CD16+,1.226582,0.0
CD52,CD52,2.2896302,0.8381742738589212,SIGLEC10,SIGLEC10,0.16302413,0.18045112781954886,NK-CD16+,B,1.2263272,0.0
ADAM10,ADAM10,0.43152812,0.4074074074074074,CD44,CD44,2.020819,0.977491961414791,Treg,Mono-C,1.2261735,0.0
SELPLG,SELPLG,0.37433174,0.29102167182662536,ITGB2,ITGB2,2.077828,1.0,NK-CD16-,Mono-NC,1.2260798,0.0
CALM1,CALM1,2.248958,0.9495798319327731,PTPRA,PTPRA,0.20311838,0.29955947136563876,CD4 T,TRM,1.2260382,0.0
TGFB1,TGFB1,0.8281985,0.6296296296296297,CXCR4,CXCR4,1.6237797,0.773109243697479,Treg,CD4 T,1.2259891,0.003
SERPINA1,SERPINA1,1.9460464,0.9807073954983923,LRP1,LRP1,0.50576186,0.6212121212121212,Mono-C,Mono-NC,1.2259041,0.0
PKM,PKM,1.5689479,0.920704845814978,CD44,CD44,0.88101256,0.5712074303405573,TRM,NK-CD16-,1.2249802,0.0
CALM1,CALM1,2.248958,0.9495798319327731,INSR,INSR,0.20066448,0.2540192926045016,CD4 T,Mono-C,1.2248113,0.0
CALM1,CALM1,2.2464035,0.9591836734693877,PTPRA,PTPRA,0.20311838,0.29955947136563876,γδ T,TRM,1.2247609,0.0
CALM1,CALM1,2.1036716,0.9629629629629629,PTPRA,PTPRA,0.3444767,0.2755417956656347,Treg,NK-CD16-,1.2240741,0.049
HLA-DQA1,HLA-DQA1,1.686849,0.7731277533039648,CD4,CD4,0.7606554,0.6428571428571429,TRM,cDC2,1.2237523,0.0
CALM1,CALM1,2.2464035,0.9591836734693877,INSR,INSR,0.20066448,0.2540192926045016,γδ T,Mono-C,1.223534,0.0
GNAS,GNAS,2.1603734,0.94,PTGDR,PTGDR,0.28517222,0.22959183673469388,CD8 T,γδ T,1.2227728,0.0
GNAI2,GNAI2,2.0849884,0.9696969696969697,S1PR4,S1PR4,0.35944498,0.3987138263665595,Mono-NC,Mono-C,1.2222166,0.0
C3,C3,0.52352124,0.29515418502202645,CD81,CD81,1.9197115,0.9303405572755418,TRM,NK-CD16-,1.2216164,0.0
TNF,TNF,0.3113538,0.24,TNFRSF1B,TNFRSF1B,2.1318145,1.0,CD8 T,Mono-NC,1.2215841,0.0
S100A12,S100A12,2.0239913,0.9131832797427653,CD36,CD36,0.41850236,0.4393939393939394,Mono-C,Mono-NC,1.2212468,0.0
LGALS9,LGALS9,0.8022431,0.6879699248120301,CD44,CD44,1.6401936,1.0,cDC2,Mono-NC,1.2212183,0.0
GNAS,GNAS,1.7355174,0.8979591836734694,PTGDR,PTGDR,0.70643866,0.5269709543568465,γδ T,NK-CD16+,1.220978,0.0
SELPLG,SELPLG,0.36312357,0.29336734693877553,ITGB2,ITGB2,2.077828,1.0,γδ T,Mono-NC,1.2204758,0.0
GNAI2,GNAI2,1.1912591,0.7602040816326531,FPR1,FPR1,1.2494273,0.8906752411575563,γδ T,Mono-C,1.2203432,0.0
ADAM10,ADAM10,0.4676121,0.5572687224669604,CD44,CD44,1.9724663,0.8612334801762115,TRM,TRM,1.2200392,0.0
GNAI2,GNAI2,1.1905274,0.78,FPR1,FPR1,1.2494273,0.8906752411575563,CD8 T,Mono-C,1.2199774,0.0
TIMP2,TIMP2,0.46746552,0.518796992481203,CD44,CD44,1.9724663,0.8612334801762115,cDC2,TRM,1.2199659,0.0
TGFB1,TGFB1,1.3503319,0.7972136222910217,ITGB1,ITGB1,1.0891075,0.6965944272445821,NK-CD16-,NK-CD16-,1.2197196,0.0
CALM1,CALM1,2.248958,0.9495798319327731,INSR,INSR,0.18988392,0.2878787878787879,CD4 T,Mono-NC,1.219421,0.0
MIF,MIF,0.46597883,0.5044052863436124,CD44,CD44_CD74,1.9724663,0.8612334801762115,TRM,TRM,1.2192225,0.0
GNAI2,GNAI2,1.3294944,0.8298755186721992,FPR1,FPR1,1.1087703,0.7070484581497798,NK-CD16+,TRM,1.2191323,0.0
HLA-DRB1,HLA-DRB1,1.8739448,0.9848484848484849,LAG3,LAG3,0.5634088,0.41836734693877553,Mono-NC,γδ T,1.2186768,0.0
CALM1,CALM1,2.2464035,0.9591836734693877,INSR,INSR,0.18988392,0.2878787878787879,γδ T,Mono-NC,1.2181437,0.0
GNAS,GNAS,2.194046,0.9398496240601504,ADCY7,ADCY7,0.24104133,0.2074688796680498,cDC2,NK-CD16+,1.2175437,0.0
CALM1,CALM1,2.248958,0.9495798319327731,KCNN4,KCNN4,0.18584758,0.19548872180451127,CD4 T,B,1.2174028,0.0
PTPN6,PTPN6,1.0553743,0.7593984962406015,CLEC12A,CLEC12A,1.3789101,0.8681672025723473,B,Mono-C,1.2171421,0.0
HMGB1,HMGB1,1.8302479,0.8458646616541353,TLR2,TLR2,0.6037369,0.6079295154185022,cDC2,TRM,1.2169924,0.0
GRN,GRN,2.060383,0.9647577092511013,TNFRSF1B,TNFRSF1B,0.3728196,0.30532212885154064,TRM,CD4 T,1.2166014,0.0
HLA-DQA2,HLA-DQA2,1.5412939,0.8270676691729323,CD4,CD4,0.89178056,0.7556270096463023,B,Mono-C,1.2165372,0.0
HLA-DQB1,HLA-DQB1,1.6723169,0.7929515418502202,CD4,CD4,0.7606554,0.6428571428571429,TRM,cDC2,1.2164862,0.0
CD14,CD14,2.3152533,0.9710610932475884,RIPK1,RIPK1,0.117411435,0.11484593837535013,Mono-C,CD4 T,1.2163323,0.0
CALM1,CALM1,2.2464035,0.9591836734693877,KCNN4,KCNN4,0.18584758,0.19548872180451127,γδ T,B,1.2161255,0.0
HMGB1,HMGB1,1.6840637,0.9361233480176211,TLR2,TLR2,0.7481718,0.684887459807074,TRM,Mono-C,1.2161177,0.0
PSEN1,PSEN1,0.45922452,0.5080385852090032,CD44,CD44,1.9724663,0.8612334801762115,Mono-C,TRM,1.2158455,0.0
CD48,CD48,1.4808805,0.9035369774919614,CD2,CD2,0.9504105,0.52,Mono-C,CD8 T,1.2156456,0.007
GRN,GRN,2.1633158,0.9903536977491961,SORT1,SORT1,0.2660577,0.31511254019292606,Mono-C,Mono-C,1.2146868,0.0
S100A8,S100A8,1.4347306,0.7121212121212122,CD69,CD69,0.99429494,0.5743034055727554,Mono-NC,NK-CD16-,1.2145128,0.0
C3,C3,0.33866867,0.2781954887218045,CD81,CD81,2.0887177,0.92,cDC2,CD8 T,1.2136931,0.0
GRN,GRN,0.29554603,0.2962962962962963,TNFRSF1B,TNFRSF1B,2.1318145,1.0,Treg,Mono-NC,1.2136803,0.0
GNAI2,GNAI2,1.6692941,0.9361233480176211,FPR1,FPR1,0.75772005,0.6818181818181818,TRM,Mono-NC,1.213507,0.0
CALM1,CALM1,2.248958,0.9495798319327731,FAS,FAS,0.17713857,0.15306122448979592,CD4 T,γδ T,1.2130483,0.0
HLA-F,HLA-F,0.8053414,0.7731277533039648,CD8A,CD8A,1.6204809,0.7806122448979592,TRM,γδ T,1.2129111,0.0
GRN,GRN,2.060383,0.9647577092511013,TNFRSF1A,TNFRSF1A,0.36541182,0.3,TRM,CD8 T,1.2128974,0.0
LGALS1,LGALS1,1.4724506,0.7385892116182573,CD69,CD69,0.95297563,0.6122448979591837,NK-CD16+,γδ T,1.2127131,0.0
HMGB1,HMGB1,1.7054685,0.9485530546623794,TLR4,TLR4,0.7193331,0.662379421221865,Mono-C,Mono-C,1.2124008,0.0
PSEN1,PSEN1,0.4038222,0.5151515151515151,CD44,CD44,2.020819,0.977491961414791,Mono-NC,Mono-C,1.2123206,0.0
GRN,GRN,2.060383,0.9647577092511013,TNFRSF1A,TNFRSF1A,0.36394188,0.28792569659442724,TRM,NK-CD16-,1.2121625,0.0
S100A12,S100A12,2.0239913,0.9131832797427653,TLR4,TLR4,0.40018338,0.4977973568281938,Mono-C,TRM,1.2120874,0.0
HLA-DRB1,HLA-DRB1,1.4783052,0.8488745980707395,CD4,CD4,0.9452533,0.8484848484848485,Mono-C,Mono-NC,1.2117792,0.0
CALM1,CALM1,2.2464035,0.9591836734693877,FAS,FAS,0.17713857,0.15306122448979592,γδ T,γδ T,1.211771,0.0
TGFB1,TGFB1,1.0907497,0.8553054662379421,CXCR4,CXCR4,1.3327702,0.7744360902255639,Mono-C,B,1.21176,0.0
VEGFA,VEGFA,1.2694507,0.6409691629955947,ITGB1,ITGB1,1.1527835,0.74,TRM,CD8 T,1.211117,0.0
CALM1,CALM1,2.248958,0.9495798319327731,KCNN4,KCNN4,0.17289945,0.22727272727272727,CD4 T,Mono-NC,1.2109288,0.0
CD14,CD14,2.3152533,0.9710610932475884,RIPK1,RIPK1,0.10605953,0.17180616740088106,Mono-C,TRM,1.2106564,0.0
GNAI2,GNAI2,1.6692941,0.9361233480176211,S1PR4,S1PR4,0.751276,0.7272727272727273,TRM,Mono-NC,1.2102851,0.0
GNAS,GNAS,2.194046,0.9398496240601504,ADRB2,ADRB2,0.22599342,0.25757575757575757,cDC2,Mono-NC,1.2100197,0.0
CALM1,CALM1,2.2464035,0.9591836734693877,KCNN4,KCNN4,0.17289945,0.22727272727272727,γδ T,Mono-NC,1.2096515,0.0
VEGFA,VEGFA,1.2694507,0.6409691629955947,ITGB1,ITGB1,1.14894,0.7136929460580913,TRM,NK-CD16+,1.2091954,0.0
GNAS,GNAS,2.194046,0.9398496240601504,ADCY7,ADCY7,0.22399522,0.3303964757709251,cDC2,TRM,1.2090206,0.0
APOE,APOE,1.4075412,0.4052863436123348,LRP1,LRP1,1.0102887,0.8360128617363344,TRM,Mono-C,1.208915,0.0
GNAI2,GNAI2,2.0849884,0.9696969696969697,CCR5,CCR5,0.33249417,0.2755102040816326,Mono-NC,γδ T,1.2087413,0.0
TGM2,TGM2,1.4282444,0.6057268722466961,ADGRG1,ADGRG1,0.9882895,0.6970954356846473,TRM,NK-CD16+,1.208267,0.0
CD14,CD14,2.3152533,0.9710610932475884,RIPK1,RIPK1,0.100936994,0.16666666666666666,Mono-C,Mono-NC,1.2080951,0.0
GNAI2,GNAI2,1.9915086,0.9903536977491961,F2R,F2R,0.42440417,0.34854771784232363,Mono-C,NK-CD16+,1.2079564,0.0
LGALS9,LGALS9,0.7756295,0.698237885462555,CD44,CD44,1.6401936,1.0,TRM,Mono-NC,1.2079115,0.0
PKM,PKM,0.44308794,0.39849624060150374,CD44,CD44,1.9724663,0.8612334801762115,B,TRM,1.2077771,0.0
GRN,GRN,2.060383,0.9647577092511013,TNFRSF1A,TNFRSF1A,0.35417932,0.2962962962962963,TRM,Treg,1.2072812,0.0
CD48,CD48,0.7336922,0.6353383458646616,CD2,CD2,1.6805748,0.8011204481792717,cDC2,CD4 T,1.2071335,0.0
PKM,PKM,0.44110313,0.3651452282157676,CD44,CD44,1.9724663,0.8612334801762115,NK-CD16+,TRM,1.2067847,0.0
CALM1,CALM1,2.248958,0.9495798319327731,PTPRA,PTPRA,0.16423671,0.15789473684210525,CD4 T,B,1.2065974,0.0
GRN,GRN,2.060383,0.9647577092511013,TNFRSF1B,TNFRSF1B,0.35248578,0.40225563909774437,TRM,cDC2,1.2064345,0.0
CALM1,CALM1,1.9615846,0.9195046439628483,PTPRA,PTPRA,0.45047057,0.37037037037037035,NK-CD16-,Treg,1.2060275,0.014
LCK,LCK,1.3171462,0.8163265306122449,CD8B,CD8A_CD8B,1.0948339,0.6658163265306123,γδ T,γδ T,1.2059901,0.0
CD14,CD14,2.3152533,0.9710610932475884,TLR1,TLR1,0.09634738,0.1,Mono-C,CD8 T,1.2058003,0.0
CALM1,CALM1,2.2464035,0.9591836734693877,PTPRA,PTPRA,0.16423671,0.15789473684210525,γδ T,B,1.2053201,0.0
HLA-DRB5,HLA-DRB5,1.465296,0.7727272727272727,CD4,CD4,0.9452533,0.8484848484848485,Mono-NC,Mono-NC,1.2052747,0.0
MIF,MIF,0.38958907,0.3684210526315789,CD44,CD44_CD74,2.020819,0.977491961414791,B,Mono-C,1.205204,0.0
SELPLG,SELPLG,0.5583068,0.44813278008298757,ITGB2,ITGB2,1.8520461,0.941908713692946,NK-CD16+,NK-CD16+,1.2051765,0.0
SELPLG,SELPLG,0.29787472,0.28291316526610644,ITGB2,ITGB2,2.1123059,0.9646302250803859,CD4 T,Mono-C,1.2050903,0.0
ADAM10,ADAM10,0.76983654,0.8333333333333334,CD44,CD44,1.6401936,1.0,Mono-NC,Mono-NC,1.2050151,0.0
GNAS,GNAS,1.997213,1.0,ADCY7,ADCY7,0.41265854,0.4758842443729904,Treg,Mono-C,1.2049358,0.0
HLA-F,HLA-F,1.1733881,0.7777777777777778,LILRB1,LILRB1,1.2360857,0.9242424242424242,Treg,Mono-NC,1.204737,0.0
GNAS,GNAS,1.702909,0.9323308270676691,PTGDR,PTGDR,0.70643866,0.5269709543568465,B,NK-CD16+,1.2046738,0.0
GRN,GRN,2.1633158,0.9903536977491961,TNFRSF1A,TNFRSF1A,0.24602178,0.226890756302521,Mono-C,CD4 T,1.2046688,0.0
CD52,CD52,2.1064703,0.9259259259259259,SIGLEC10,SIGLEC10,0.30192742,0.36466165413533835,Treg,cDC2,1.2041988,0.02
GNAS,GNAS,2.194046,0.9398496240601504,ADCY7,ADCY7,0.21429002,0.36466165413533835,cDC2,cDC2,1.2041681,0.0
CD14,CD14,2.3152533,0.9710610932475884,TLR6,TLR6,0.09305904,0.18796992481203006,Mono-C,cDC2,1.2041562,0.0
S100A12,S100A12,2.0239913,0.9131832797427653,CD36,CD36,0.38347962,0.35462555066079293,Mono-C,TRM,1.2037355,0.0
CD22,CD22,0.88546044,0.6390977443609023,PTPRC,PTPRC,1.5213683,0.8,B,CD8 T,1.2034143,0.0
YBX1,YBX1,2.3454394,0.9473684210526315,NOTCH1,NOTCH1,0.060561344,0.12781954887218044,cDC2,cDC2,1.2030004,0.0
HMGB1,HMGB1,1.8011355,0.9377593360995851,TLR2,TLR2,0.6037369,0.6079295154185022,NK-CD16+,TRM,1.2024362,0.0
CD14,CD14,2.3152533,0.9710610932475884,RIPK1,RIPK1,0.08897497,0.12861736334405144,Mono-C,Mono-C,1.2021141,0.0
TGFB1,TGFB1,1.2064602,0.9242424242424242,ITGB1,ITGB1,1.1977223,0.8568281938325991,Mono-NC,TRM,1.2020912,0.0
GNAI2,GNAI2,1.9915086,0.9903536977491961,ADCY7,ADCY7,0.41265854,0.4758842443729904,Mono-C,Mono-C,1.2020836,0.0
ADAM10,ADAM10,0.43152812,0.4074074074074074,CD44,CD44,1.9724663,0.8612334801762115,Treg,TRM,1.2019973,0.0
GRN,GRN,2.060383,0.9647577092511013,TNFRSF1A,TNFRSF1A,0.34344858,0.27800829875518673,TRM,NK-CD16+,1.2019159,0.0
HMGB1,HMGB1,1.6840637,0.9361233480176211,TLR4,TLR4,0.7193331,0.662379421221865,TRM,Mono-C,1.2016984,0.0
VCAN,VCAN,1.6373343,0.6101321585903083,CD44,CD44,0.7647949,0.6090225563909775,TRM,cDC2,1.2010646,0.0
ANXA2,ANXA2,1.798081,0.9848484848484849,TLR2,TLR2,0.6037369,0.6079295154185022,Mono-NC,TRM,1.2009089,0.0
GNAS,GNAS,2.1603734,0.94,ADCY7,ADCY7,0.24104133,0.2074688796680498,CD8 T,NK-CD16+,1.2007074,0.0
HLA-DMA,HLA-DMA,1.4552293,0.8796992481203008,CD4,CD4,0.9452533,0.8484848484848485,B,Mono-NC,1.2002413,0.0
HLA-F,HLA-F,1.506346,0.8647959183673469,LILRB2,LILRB2,0.89341325,0.7268722466960352,γδ T,TRM,1.1998796,0.0
SECTM1,SECTM1,0.43928063,0.4565916398713826,CD7,CD7,1.9601786,0.9629629629629629,Mono-C,Treg,1.1997297,0.0
HLA-DMA,HLA-DMA,1.59805,0.8876651982378855,CD4,CD4,0.8007195,0.7290748898678414,TRM,TRM,1.1993847,0.0
ANXA2,ANXA2,1.885408,0.9295154185022027,TLR2,TLR2,0.51256245,0.6212121212121212,TRM,Mono-NC,1.1989852,0.0
GRN,GRN,1.5962931,0.793233082706767,TNFRSF1A,TNFRSF1A,0.8014042,0.7234726688102894,cDC2,Mono-C,1.1988486,0.0
ADAM10,ADAM10,0.37611127,0.3070539419087137,CD44,CD44,2.020819,0.977491961414791,NK-CD16+,Mono-C,1.1984651,0.0
CD14,CD14,2.3152533,0.9710610932475884,RIPK1,RIPK1,0.08158232,0.17293233082706766,Mono-C,cDC2,1.1984178,0.0
CALM1,CALM1,2.248958,0.9495798319327731,FAS,FAS,0.14768048,0.14565826330532214,CD4 T,CD4 T,1.1983193,0.0
TGFB1,TGFB1,1.3503319,0.7972136222910217,CXCR4,CXCR4,1.0455099,0.5637755102040817,NK-CD16-,γδ T,1.1979209,0.0
GNAI2,GNAI2,1.1912591,0.7602040816326531,C5AR1,C5AR1,1.2045323,0.9242424242424242,γδ T,Mono-NC,1.1978958,0.0
HLA-E,HLA-E,2.0511498,0.9823788546255506,KLRC2,KLRC2_KLRD1,0.344315,0.21428571428571427,TRM,γδ T,1.1977324,0.046
GNAI2,GNAI2,1.1905274,0.78,C5AR1,C5AR1,1.2045323,0.9242424242424242,CD8 T,Mono-NC,1.1975298,0.0
CALM1,CALM1,2.2464035,0.9591836734693877,FAS,FAS,0.14768048,0.14565826330532214,γδ T,CD4 T,1.197042,0.0
CALM1,CALM1,2.248958,0.9495798319327731,PTPRA,PTPRA,0.1449348,0.24436090225563908,CD4 T,cDC2,1.1969465,0.0
HMGB1,HMGB1,1.7899321,0.8962848297213623,TLR2,TLR2,0.6037369,0.6079295154185022,NK-CD16-,TRM,1.1968346,0.0
HLA-DRB1,HLA-DRB1,2.0605636,0.9699248120300752,CD4,CD4,0.33111274,0.2801120448179272,B,CD4 T,1.1958382,0.0
CALM1,CALM1,2.2464035,0.9591836734693877,PTPRA,PTPRA,0.1449348,0.24436090225563908,γδ T,cDC2,1.1956692,0.0
TGM2,TGM2,1.4282444,0.6057268722466961,ITGB1,ITGB1,0.96273524,0.8636363636363636,TRM,Mono-NC,1.1954898,0.0
GNAI2,GNAI2,2.0849884,0.9696969696969697,S1PR4,S1PR4,0.30440167,0.25232198142414863,Mono-NC,NK-CD16-,1.194695,0.0
GNAS,GNAS,2.194046,0.9398496240601504,ADRB2,ADRB2,0.19508307,0.22508038585209003,cDC2,Mono-C,1.1945646,0.0
MIF,MIF,0.748788,0.5340557275541795,CD44,CD44_CD74,1.6401936,1.0,NK-CD16-,Mono-NC,1.1944908,0.0
C1QB,C1QB,1.8822782,0.6616541353383458,LRP1,LRP1,0.50576186,0.6212121212121212,cDC2,Mono-NC,1.19402,0.0
HLA-DRB5,HLA-DRB5,2.0568986,0.8721804511278195,CD4,CD4,0.33111274,0.2801120448179272,B,CD4 T,1.1940057,0.0
S100A8,S100A8,1.4347306,0.7121212121212122,CD69,CD69,0.95297563,0.6122448979591837,Mono-NC,γδ T,1.1938531,0.0
TGFB1,TGFB1,1.1898917,0.8392070484581498,ITGB1,ITGB1,1.1977223,0.8568281938325991,TRM,TRM,1.193807,0.0
CALM1,CALM1,2.248958,0.9495798319327731,FAS,FAS,0.13845298,0.19696969696969696,CD4 T,Mono-NC,1.1937056,0.0
CALM1,CALM1,2.248958,0.9495798319327731,FAS,FAS,0.13839638,0.14814814814814814,CD4 T,Treg,1.1936772,0.0
PKM,PKM,1.306979,0.8681672025723473,CD44,CD44,1.0796558,0.7254901960784313,Mono-C,CD4 T,1.1933174,0.0
GNAS,GNAS,2.1603734,0.94,ADRB2,ADRB2,0.22599342,0.25757575757575757,CD8 T,Mono-NC,1.1931834,0.0
ANXA1,ANXA1,1.6285561,0.8547717842323651,FPR1,FPR1,0.75772005,0.6818181818181818,NK-CD16+,Mono-NC,1.1931381,0.0
TNF,TNF,0.25419366,0.3181818181818182,TNFRSF1B,TNFRSF1B,2.1318145,1.0,Mono-NC,Mono-NC,1.1930041,0.0
TNF,TNF,0.2541462,0.1991701244813278,TNFRSF1B,TNFRSF1B,2.1318145,1.0,NK-CD16+,Mono-NC,1.1929803,0.0
VCAN,VCAN,1.6373343,0.6101321585903083,TLR2,TLR2,0.7481718,0.684887459807074,TRM,Mono-C,1.1927531,0.0
CALM1,CALM1,2.2464035,0.9591836734693877,FAS,FAS,0.13845298,0.19696969696969696,γδ T,Mono-NC,1.1924282,0.0
CALM1,CALM1,2.2464035,0.9591836734693877,FAS,FAS,0.13839638,0.14814814814814814,γδ T,Treg,1.1924,0.0
GNAS,GNAS,2.1603734,0.94,ADCY7,ADCY7,0.22399522,0.3303964757709251,CD8 T,TRM,1.1921843,0.0
HMGB1,HMGB1,1.9818271,1.0,HAVCR2,HAVCR2,0.402509,0.5303030303030303,Treg,Mono-NC,1.1921681,0.03
ANXA1,ANXA1,2.147105,0.9614147909967846,FPR1,FPR1,0.23571904,0.29699248120300753,Mono-C,cDC2,1.191412,0.0
HMGB1,HMGB1,1.9818271,1.0,TLR4,TLR4,0.40018338,0.4977973568281938,Treg,TRM,1.1910052,0.001
GNAS,GNAS,1.6752717,0.9696969696969697,PTGDR,PTGDR,0.70643866,0.5269709543568465,Mono-NC,NK-CD16+,1.1908553,0.0
C1QB,C1QB,1.8822782,0.6616541353383458,C1QBP,C1QBP,0.4986058,0.3993808049535604,cDC2,NK-CD16-,1.190442,0.0
MMP9,MMP9,0.3595086,0.19383259911894274,CD44,CD44,2.020819,0.977491961414791,TRM,Mono-C,1.1901637,0.0
GNAS,GNAS,2.194046,0.9398496240601504,ADCY7,ADCY7,0.18623562,0.17346938775510204,cDC2,γδ T,1.1901408,0.0
CD14,CD14,2.3152533,0.9710610932475884,TLR6,TLR6,0.064058654,0.10606060606060606,Mono-C,Mono-NC,1.1896559,0.0
CD48,CD48,1.9030787,0.9696969696969697,CD2,CD2,0.4761548,0.29102167182662536,Mono-NC,NK-CD16-,1.1896167,0.001
HLA-DRB1,HLA-DRB1,2.0605636,0.9699248120300752,LAG3,LAG3,0.31858182,0.18518518518518517,B,Treg,1.1895727,0.0
PKM,PKM,1.306979,0.8681672025723473,CD44,CD44,1.0712655,0.6658163265306123,Mono-C,γδ T,1.1891222,0.0
GNAS,GNAS,1.997213,1.0,PTGDR,PTGDR,0.38096938,0.30030959752321984,Treg,NK-CD16-,1.1890912,0.0
CD99,CD99,1.6667216,0.9004149377593361,PILRA,PILRA,0.71143526,0.6913183279742765,NK-CD16+,Mono-C,1.1890785,0.0
GNAS,GNAS,1.8454778,0.9495798319327731,ADRB2,ADRB2,0.53259283,0.42323651452282157,CD4 T,NK-CD16+,1.1890353,0.0
HMGB1,HMGB1,1.7740713,0.92,TLR2,TLR2,0.6037369,0.6079295154185022,CD8 T,TRM,1.188904,0.0
PSAP,PSAP,1.3664533,0.7443609022556391,LRP1,LRP1,1.0102887,0.8360128617363344,cDC2,Mono-C,1.188371,0.0
C1QB,C1QB,1.8822782,0.6616541353383458,C1QBP,C1QBP,0.4942559,0.4024896265560166,cDC2,NK-CD16+,1.188267,0.0
GNAI2,GNAI2,1.6186169,0.8308270676691729,FPR1,FPR1,0.75772005,0.6818181818181818,cDC2,Mono-NC,1.1881685,0.0
PSEN1,PSEN1,0.4038222,0.5151515151515151,CD44,CD44,1.9724663,0.8612334801762115,Mono-NC,TRM,1.1881443,0.0
GNAI2,GNAI2,2.0849884,0.9696969696969697,F2R,F2R,0.29116866,0.22193877551020408,Mono-NC,γδ T,1.1880785,0.0
SELPLG,SELPLG,0.29787472,0.28291316526610644,ITGB2,ITGB2,2.077828,1.0,CD4 T,Mono-NC,1.1878513,0.0
MMP7,MMP7,0.35480422,0.2678018575851393,CD44,CD44,2.020819,0.977491961414791,NK-CD16-,Mono-C,1.1878116,0.0
HLA-DRB5,HLA-DRB5,2.0568986,0.8721804511278195,LAG3,LAG3,0.31858182,0.18518518518518517,B,Treg,1.1877402,0.0
HLA-DMB,HLA-DMB,1.3169913,0.7593984962406015,CD4,CD4,1.0583234,0.7037037037037037,cDC2,Treg,1.1876574,0.0
HMGB1,HMGB1,1.5355808,0.9848484848484849,THBD,THBD,0.83935446,0.5308370044052864,Mono-NC,TRM,1.1874676,0.0
SPP1,SPP1,0.35391083,0.19924812030075187,CD44,CD44,2.020819,0.977491961414791,cDC2,Mono-C,1.1873649,0.0
GNAS,GNAS,2.1603734,0.94,ADCY7,ADCY7,0.21429002,0.36466165413533835,CD8 T,cDC2,1.1873317,0.0
MMP7,MMP7,0.3537975,0.3,CD44,CD44,2.020819,0.977491961414791,CD8 T,Mono-C,1.1873082,0.0
TGFB1,TGFB1,1.0401518,0.72,CXCR4,CXCR4,1.3327702,0.7744360902255639,CD8 T,B,1.186461,0.004
TGFB1,TGFB1,1.4091885,0.8464730290456431,ITGB1,ITGB1,0.96273524,0.8636363636363636,NK-CD16+,Mono-NC,1.1859618,0.0
CALM1,CALM1,2.248958,0.9495798319327731,FAS,FAS,0.12227655,0.1078838174273859,CD4 T,NK-CD16+,1.1856173,0.0
SPON2,SPON2,1.4078201,0.6970954356846473,ITGB1,ITGB1,0.96273524,0.8636363636363636,NK-CD16+,Mono-NC,1.1852777,0.0
CD22,CD22,0.88546044,0.6390977443609023,PTPRC,PTPRC,1.4847091,0.8646616541353384,B,B,1.1850848,0.0
HLA-DRB1,HLA-DRB1,1.4783052,0.8488745980707395,CD4,CD4,0.89178056,0.7556270096463023,Mono-C,Mono-C,1.1850429,0.0
GNAI2,GNAI2,1.6186169,0.8308270676691729,S1PR4,S1PR4,0.751276,0.7272727272727273,cDC2,Mono-NC,1.1849465,0.0
HLA-DPA1,HLA-DPA1,1.80646,0.8810289389067524,LAG3,LAG3,0.5634088,0.41836734693877553,Mono-C,γδ T,1.1849344,0.0
CD99,CD99,1.0804802,0.7507002801120448,PILRA,PILRA,1.2890874,0.9090909090909091,CD4 T,Mono-NC,1.1847838,0.0
CALM1,CALM1,2.2464035,0.9591836734693877,FAS,FAS,0.12227655,0.1078838174273859,γδ T,NK-CD16+,1.18434,0.0
VCAN,VCAN,1.6373343,0.6101321585903083,CD44,CD44,0.7310221,0.6466165413533834,TRM,B,1.1841782,0.0
CCL4,CCL4,2.035246,0.9128630705394191,CCR5,CCR5,0.33249417,0.2755102040816326,NK-CD16+,γδ T,1.1838701,0.0
S100A8,S100A8,1.4347306,0.7121212121212122,CD68,CD68,0.93253684,0.6954887218045113,Mono-NC,cDC2,1.1836338,0.0
TNF,TNF,0.2347979,0.18112244897959184,TNFRSF1B,TNFRSF1B,2.1318145,1.0,γδ T,Mono-NC,1.1833062,0.0
GRN,GRN,2.1633158,0.9903536977491961,TNFRSF1B,TNFRSF1B,0.20323744,0.19548872180451127,Mono-C,B,1.1832767,0.0
LGALS9,LGALS9,1.0351217,0.9090909090909091,CD44,CD44,1.3308253,0.8148148148148148,Mono-NC,Treg,1.1829735,0.0
HLA-F,HLA-F,0.74496293,0.52,CD8A,CD8A,1.6204809,0.7806122448979592,CD8 T,γδ T,1.1827219,0.0
ICAM4,ICAM4,0.25308305,0.30303030303030304,ITGB2,ITGB2,2.1123059,0.9646302250803859,Mono-NC,Mono-C,1.1826944,0.0
SPON2,SPON2,1.4078201,0.6970954356846473,ITGB2,ITGB2,0.95731455,0.5820433436532507,NK-CD16+,NK-CD16-,1.1825674,0.0
S100A8,S100A8,2.1279328,0.6718061674008811,CD69,CD69,0.23701647,0.2687224669603524,TRM,TRM,1.1824746,0.0
CD48,CD48,1.0262057,0.6486068111455109,CD2,CD2,1.3383713,0.7136929460580913,NK-CD16-,NK-CD16+,1.1822884,0.0
GNAI2,GNAI2,1.1912591,0.7602040816326531,C5AR1,C5AR1,1.1721296,0.7180616740088106,γδ T,TRM,1.1816944,0.0
CALM1,CALM1,2.248958,0.9495798319327731,KCNQ1,KCNQ1,0.11400295,0.16079295154185022,CD4 T,TRM,1.1814805,0.0
GNAI2,GNAI2,1.1905274,0.78,C5AR1,C5AR1,1.1721296,0.7180616740088106,CD8 T,TRM,1.1813285,0.0
MIF,MIF,0.38958907,0.3684210526315789,CD44,CD44_CD74,1.9724663,0.8612334801762115,B,TRM,1.1810277,0.0
SPON2,SPON2,0.24908192,0.18,ITGB2,ITGB2,2.1123059,0.9646302250803859,CD8 T,Mono-C,1.1806939,0.0
MIF,MIF,0.34043798,0.29045643153526973,CD44,CD44_CD74,2.020819,0.977491961414791,NK-CD16+,Mono-C,1.1806284,0.0
CCL4,CCL4,1.6522963,0.7882653061224489,CCR1,CCR1,0.708821,0.639871382636656,γδ T,Mono-C,1.1805587,0.0
CALM1,CALM1,2.248958,0.9495798319327731,KCNQ1,KCNQ1,0.111896254,0.16666666666666666,CD4 T,Mono-NC,1.1804272,0.0
CALM1,CALM1,2.2464035,0.9591836734693877,KCNQ1,KCNQ1,0.11400295,0.16079295154185022,γδ T,TRM,1.1802032,0.0
HMGB1,HMGB1,1.957732,0.9413265306122449,HAVCR2,HAVCR2,0.402509,0.5303030303030303,γδ T,Mono-NC,1.1801205,0.001
TGFB1,TGFB1,1.2064602,0.9242424242424242,ITGB1,ITGB1,1.1527835,0.74,Mono-NC,CD8 T,1.1796219,0.004
ADAM10,ADAM10,0.3381124,0.24,CD44,CD44,2.020819,0.977491961414791,CD8 T,Mono-C,1.1794657,0.0
GNAS,GNAS,2.194046,0.9398496240601504,ADRB2,ADRB2,0.16466756,0.14285714285714285,cDC2,γδ T,1.1793568,0.0
HLA-DMA,HLA-DMA,1.59805,0.8876651982378855,CD4,CD4,0.7606554,0.6428571428571429,TRM,cDC2,1.1793528,0.0
VEGFA,VEGFA,1.2694507,0.6409691629955947,ITGB1,ITGB1,1.0891075,0.6965944272445821,TRM,NK-CD16-,1.1792791,0.0
CALM1,CALM1,2.2464035,0.9591836734693877,KCNQ1,KCNQ1,0.111896254,0.16666666666666666,γδ T,Mono-NC,1.1791499,0.0
HMGB1,HMGB1,1.957732,0.9413265306122449,TLR4,TLR4,0.40018338,0.4977973568281938,γδ T,TRM,1.1789577,0.0
PKM,PKM,1.4764471,0.8345864661654135,CD44,CD44,0.88101256,0.5712074303405573,cDC2,NK-CD16-,1.1787298,0.0
CALM1,CALM1,1.9615846,0.9195046439628483,PTPRA,PTPRA,0.39582723,0.33195020746887965,NK-CD16-,NK-CD16+,1.1787059,0.0
GRN,GRN,2.1633158,0.9903536977491961,TNFRSF1B,TNFRSF1B,0.19398513,0.14,Mono-C,CD8 T,1.1786505,0.0
HLA-DRB5,HLA-DRB5,1.465296,0.7727272727272727,CD4,CD4,0.89178056,0.7556270096463023,Mono-NC,Mono-C,1.1785383,0.0
CD1D,CD1D,0.6101338,0.5789473684210527,LILRB2,LILRB2,1.7463557,1.0,cDC2,Mono-NC,1.1782447,0.0
MRC1,MRC1,0.35060623,0.2621145374449339,PTPRC,PTPRC,2.005679,0.938375350140056,TRM,CD4 T,1.1781425,0.0
GRN,GRN,2.1633158,0.9903536977491961,SORT1,SORT1,0.19255288,0.28854625550660795,Mono-C,TRM,1.1779343,0.0
CALM1,CALM1,2.248958,0.9495798319327731,FAS,FAS,0.106890716,0.1382636655948553,CD4 T,Mono-C,1.1779244,0.0
GNAS,GNAS,2.1603734,0.94,ADRB2,ADRB2,0.19508307,0.22508038585209003,CD8 T,Mono-C,1.1777283,0.0
TGFB1,TGFB1,1.2064602,0.9242424242424242,ITGB1,ITGB1,1.14894,0.7136929460580913,Mono-NC,NK-CD16+,1.1777,0.001
TIMP2,TIMP2,1.0243123,0.8295819935691319,CD44,CD44,1.3308253,0.8148148148148148,Mono-C,Treg,1.1775688,0.0
GNAS,GNAS,1.8454778,0.9495798319327731,PTGDR,PTGDR,0.50954175,0.38,CD4 T,CD8 T,1.1775098,0.0
HMGB1,HMGB1,1.75128,0.9215686274509803,TLR2,TLR2,0.6037369,0.6079295154185022,CD4 T,TRM,1.1775084,0.0
CALM1,CALM1,2.2464035,0.9591836734693877,FAS,FAS,0.106890716,0.1382636655948553,γδ T,Mono-C,1.1766471,0.0
CD52,CD52,2.1064703,0.9259259259259259,SIGLEC10,SIGLEC10,0.24669465,0.29515418502202645,Treg,TRM,1.1765825,0.028
ANXA1,ANXA1,2.147105,0.9614147909967846,DYSF,DYSF,0.20494828,0.21864951768488747,Mono-C,Mono-C,1.1760266,0.0
CCL4,CCL4,2.035246,0.9128630705394191,CCR1,CCR1,0.3167034,0.3787878787878788,NK-CD16+,Mono-NC,1.1759746,0.0
VCAN,VCAN,1.6373343,0.6101321585903083,ITGB1,ITGB1,0.7144593,0.6296296296296297,TRM,Treg,1.1758969,0.0
GNAI2,GNAI2,2.0849884,0.9696969696969697,CCR5,CCR5,0.26665843,0.2222222222222222,Mono-NC,Treg,1.1758235,0.0
GNAI2,GNAI2,2.0849884,0.9696969696969697,CCR5,CCR5,0.26654285,0.3524229074889868,Mono-NC,TRM,1.1757656,0.0
TNFSF13B,TNFSF13B,1.3735859,0.86,HLA-DPB1,HLA-DPB1,0.97774124,0.6058091286307054,CD8 T,NK-CD16+,1.1756636,0.0
GNAI2,GNAI2,1.9915086,0.9903536977491961,S1PR4,S1PR4,0.35944498,0.3987138263665595,Mono-C,Mono-C,1.1754768,0.0
C1QB,C1QB,1.8822782,0.6616541353383458,C1QBP,C1QBP,0.4685052,0.39540816326530615,cDC2,γδ T,1.1753917,0.0
SERPINA1,SERPINA1,1.5866425,0.8876651982378855,LRP1,LRP1,0.7638819,0.7400881057268722,TRM,TRM,1.1752622,0.0
TIMP2,TIMP2,1.0195317,0.8193832599118943,CD44,CD44,1.3308253,0.8148148148148148,TRM,Treg,1.1751785,0.0
SPP1,SPP1,0.7100559,0.2555066079295154,CD44,CD44,1.6401936,1.0,TRM,Mono-NC,1.1751248,0.0
SECTM1,SECTM1,0.43928063,0.4565916398713826,CD7,CD7,1.910469,0.8239795918367347,Mono-C,γδ T,1.1748748,0.0
TGFB1,TGFB1,0.725409,0.6428571428571429,CXCR4,CXCR4,1.6237797,0.773109243697479,cDC2,CD4 T,1.1745943,0.0
VEGFA,VEGFA,1.2694507,0.6409691629955947,CD44,CD44,1.0796558,0.7254901960784313,TRM,CD4 T,1.1745532,0.0
CALR,CALR,1.3386991,0.8281938325991189,LRP1,LRP1,1.0102887,0.8360128617363344,TRM,Mono-C,1.1744939,0.0
PKM,PKM,0.7087613,0.48297213622291024,CD44,CD44,1.6401936,1.0,NK-CD16-,Mono-NC,1.1744775,0.04
ADAM10,ADAM10,0.37611127,0.3070539419087137,CD44,CD44,1.9724663,0.8612334801762115,NK-CD16+,TRM,1.1742887,0.0
ARPC5,ARPC5,1.815909,0.954983922829582,ADRB2,ADRB2,0.53259283,0.42323651452282157,Mono-C,NK-CD16+,1.174251,0.0
HLA-DMA,HLA-DMA,1.4552293,0.8796992481203008,CD4,CD4,0.89178056,0.7556270096463023,B,Mono-C,1.173505,0.0
GNAI2,GNAI2,1.6692941,0.9361233480176211,CXCR3,CXCR3,0.67741656,0.4923469387755102,TRM,γδ T,1.1733553,0.0
GNAS,GNAS,2.1603734,0.94,ADCY7,ADCY7,0.18623562,0.17346938775510204,CD8 T,γδ T,1.1733046,0.0
HMGB1,HMGB1,1.8302479,0.8458646616541353,TLR4,TLR4,0.51519525,0.6060606060606061,cDC2,Mono-NC,1.1727216,0.0
GNAS,GNAS,2.194046,0.9398496240601504,ADCY7,ADCY7,0.15139137,0.1346749226006192,cDC2,NK-CD16-,1.1727186,0.0
CALM1,CALM1,2.248958,0.9495798319327731,KCNN4,KCNN4,0.09624716,0.12861736334405144,CD4 T,Mono-C,1.1726027,0.0
GNAI2,GNAI2,1.4309491,0.8518518518518519,C5AR1,C5AR1,0.9142223,0.6752411575562701,Treg,Mono-C,1.1725857,0.0
CD99,CD99,1.6667216,0.9004149377593361,PILRA,PILRA,0.67828345,0.6629955947136564,NK-CD16+,TRM,1.1725025,0.0
TNFSF13B,TNFSF13B,1.3735859,0.86,HLA-DPB1,HLA-DPB1,0.97109836,0.6352040816326531,CD8 T,γδ T,1.1723422,0.0
CALM1,CALM1,2.248958,0.9495798319327731,VIPR1,VIPR1,0.09492822,0.13183279742765272,CD4 T,Mono-C,1.1719432,0.0
SECTM1,SECTM1,0.08567738,0.14285714285714285,CD7,CD7,2.2578173,0.92,cDC2,CD8 T,1.1717473,0.0
HMGB1,HMGB1,1.8302479,0.8458646616541353,TLR2,TLR2,0.51256245,0.6212121212121212,cDC2,Mono-NC,1.1714052,0.0
TGFB1,TGFB1,1.1898917,0.8392070484581498,ITGB1,ITGB1,1.1527835,0.74,TRM,CD8 T,1.1713376,0.001
CALM1,CALM1,2.2464035,0.9591836734693877,KCNN4,KCNN4,0.09624716,0.12861736334405144,γδ T,Mono-C,1.1713253,0.0
CD52,CD52,1.4663346,0.5990712074303406,SIGLEC10,SIGLEC10,0.8756948,0.7727272727272727,NK-CD16-,Mono-NC,1.1710147,0.0
HLA-DQA2,HLA-DQA2,1.5412939,0.8270676691729323,CD4,CD4,0.8007195,0.7290748898678414,B,TRM,1.1710067,0.0
TGFB1,TGFB1,0.7181346,0.5413533834586466,CXCR4,CXCR4,1.6237797,0.773109243697479,B,CD4 T,1.1709571,0.0
CALM1,CALM1,2.1036716,0.9629629629629629,KCNN4,KCNN4,0.23798586,0.29955947136563876,Treg,TRM,1.1708287,0.006
CALM1,CALM1,2.2464035,0.9591836734693877,VIPR1,VIPR1,0.09492822,0.13183279742765272,γδ T,Mono-C,1.1706659,0.0
ITGB2,ITGB2,2.1123059,0.9646302250803859,CD226,CD226,0.22872603,0.21008403361344538,Mono-C,CD4 T,1.170516,0.0
VEGFA,VEGFA,1.2694507,0.6409691629955947,CD44,CD44,1.0712655,0.6658163265306123,TRM,γδ T,1.1703581,0.0
HLA-F,HLA-F,1.506346,0.8647959183673469,CD8A,CD8A,0.8343133,0.46887966804979253,γδ T,NK-CD16+,1.1703296,0.0
GNAI2,GNAI2,2.0849884,0.9696969696969697,F2R,F2R,0.2553608,0.22,Mono-NC,CD8 T,1.1701746,0.0
SPON2,SPON2,1.4078201,0.6970954356846473,ITGB2,ITGB2,0.93231255,0.5994897959183674,NK-CD16+,γδ T,1.1700664,0.0
HMGB1,HMGB1,1.7357348,0.9548872180451128,TLR2,TLR2,0.6037369,0.6079295154185022,B,TRM,1.1697359,0.0
TGFB1,TGFB1,1.1898917,0.8392070484581498,ITGB1,ITGB1,1.14894,0.7136929460580913,TRM,NK-CD16+,1.1694158,0.0
CALM1,CALM1,1.9615846,0.9195046439628483,PTPRA,PTPRA,0.37720758,0.32,NK-CD16-,CD8 T,1.169396,0.026
S100A8,S100A8,0.22620511,0.16165413533834586,ITGB2,ITGB2,2.1123059,0.9646302250803859,cDC2,Mono-C,1.1692555,0.023
MIF,MIF,0.69542724,0.48148148148148145,CD44,CD44_CD74,1.6401936,1.0,Treg,Mono-NC,1.1678104,0.0
ITGB2,ITGB2,2.1123059,0.9646302250803859,CD226,CD226,0.22253276,0.18877551020408162,Mono-C,γδ T,1.1674193,0.0
CALM1,CALM1,2.1036716,0.9629629629629629,KCNN4,KCNN4,0.23086745,0.25925925925925924,Treg,Treg,1.1672695,0.009
CD48,CD48,0.6537801,0.5616740088105727,CD2,CD2,1.6805748,0.8011204481792717,TRM,CD4 T,1.1671774,0.0
GNAS,GNAS,1.6274227,0.9260450160771704,PTGDR,PTGDR,0.70643866,0.5269709543568465,Mono-C,NK-CD16+,1.1669307,0.0
PKM,PKM,1.5689479,0.920704845814978,CD44,CD44,0.7647949,0.6090225563909775,TRM,cDC2,1.1668714,0.0
GNAS,GNAS,1.8454778,0.9495798319327731,ADCY7,ADCY7,0.48819146,0.6060606060606061,CD4 T,Mono-NC,1.1668346,0.0
CALM1,CALM1,2.248958,0.9495798319327731,KCNN4,KCNN4,0.08374009,0.11654135338345864,CD4 T,cDC2,1.166349,0.0
CD86,CD86,0.99410695,0.7973568281938326,CTLA4,CTLA4,1.3385537,0.7407407407407407,TRM,Treg,1.1663303,0.0
MMP9,MMP9,0.3595086,0.19383259911894274,CD44,CD44,1.9724663,0.8612334801762115,TRM,TRM,1.1659875,0.0
VEGFA,VEGFA,0.31109628,0.26366559485530544,CD44,CD44,2.020819,0.977491961414791,Mono-C,Mono-C,1.1659576,0.0
TNF,TNF,0.19934118,0.16246498599439776,TNFRSF1B,TNFRSF1B,2.1318145,1.0,CD4 T,Mono-NC,1.1655779,0.0
GNAS,GNAS,2.194046,0.9398496240601504,ADRB2,ADRB2,0.13696499,0.10681114551083591,cDC2,NK-CD16-,1.1655055,0.0
ICAM4,ICAM4,0.25308305,0.30303030303030304,ITGB2,ITGB2,2.077828,1.0,Mono-NC,Mono-NC,1.1654555,0.0
CALM1,CALM1,2.2464035,0.9591836734693877,KCNN4,KCNN4,0.08374009,0.11654135338345864,γδ T,cDC2,1.1650717,0.0
TGFB1,TGFB1,1.2064602,0.9242424242424242,CXCR4,CXCR4,1.1235944,0.6387665198237885,Mono-NC,TRM,1.1650274,0.0
CD1D,CD1D,0.58350027,0.5980707395498392,LILRB2,LILRB2,1.7463557,1.0,Mono-C,Mono-NC,1.164928,0.0
PSEN1,PSEN1,0.30842534,0.2962962962962963,CD44,CD44,2.020819,0.977491961414791,Treg,Mono-C,1.1646222,0.0
VCAN,VCAN,1.6373343,0.6101321585903083,ITGA4,ITGA4,0.6913513,0.5925925925925926,TRM,Treg,1.1643429,0.0
HMGB1,HMGB1,1.8302479,0.8458646616541353,HAVCR2,HAVCR2,0.49840647,0.575187969924812,cDC2,cDC2,1.1643271,0.0
MMP7,MMP7,0.35480422,0.2678018575851393,CD44,CD44,1.9724663,0.8612334801762115,NK-CD16-,TRM,1.1636353,0.0
SPON2,SPON2,0.24908192,0.18,ITGB2,ITGB2,2.077828,1.0,CD8 T,Mono-NC,1.1634549,0.0
GRN,GRN,2.060383,0.9647577092511013,SORT1,SORT1,0.2660577,0.31511254019292606,TRM,Mono-C,1.1632204,0.0
SPP1,SPP1,0.35391083,0.19924812030075187,CD44,CD44,1.9724663,0.8612334801762115,cDC2,TRM,1.1631886,0.0
MMP7,MMP7,0.3537975,0.3,CD44,CD44,1.9724663,0.8612334801762115,CD8 T,TRM,1.163132,0.0
GNAI2,GNAI2,2.0849884,0.9696969696969697,ADCY7,ADCY7,0.24104133,0.2074688796680498,Mono-NC,NK-CD16+,1.1630149,0.0
HBEGF,HBEGF,0.30517185,0.2057877813504823,CD44,CD44,2.020819,0.977491961414791,Mono-C,Mono-C,1.1629953,0.0
CD14,CD14,0.47383842,0.3939393939393939,ITGB2,ITGB2,1.8520461,0.941908713692946,Mono-NC,NK-CD16+,1.1629423,0.025
HBEGF,HBEGF,0.30462474,0.2878787878787879,CD44,CD44,2.020819,0.977491961414791,Mono-NC,Mono-C,1.1627219,0.0
HLA-DRB5,HLA-DRB5,1.9942361,0.7669172932330827,CD4,CD4,0.33111274,0.2801120448179272,cDC2,CD4 T,1.1626744,0.0
GRN,GRN,1.3472822,0.9242424242424242,TNFRSF1A,TNFRSF1A,0.9779132,0.8039647577092511,Mono-NC,TRM,1.1625977,0.0
GNAS,GNAS,2.1603734,0.94,ADRB2,ADRB2,0.16466756,0.14285714285714285,CD8 T,γδ T,1.1625205,0.0
GNAI2,GNAI2,1.9915086,0.9903536977491961,CCR5,CCR5,0.33249417,0.2755102040816326,Mono-C,γδ T,1.1620014,0.0
MIF,MIF,0.683028,0.6466165413533834,CD44,CD44_CD74,1.6401936,1.0,cDC2,Mono-NC,1.1616108,0.0
ANXA2,ANXA2,1.7191194,0.9260450160771704,TLR2,TLR2,0.6037369,0.6079295154185022,Mono-C,TRM,1.1614282,0.0
HLA-DQA1,HLA-DQA1,1.2642461,0.8484848484848485,CD4,CD4,1.0583234,0.7037037037037037,Mono-NC,Treg,1.1612847,0.0
ACTR2,ACTR2,1.789913,0.9848484848484849,ADRB2,ADRB2,0.53259283,0.42323651452282157,Mono-NC,NK-CD16+,1.161253,0.0
C1QB,C1QB,1.8822782,0.6616541353383458,C1QBP,C1QBP,0.4400316,0.5606060606060606,cDC2,Mono-NC,1.1611549,0.0
SELPLG,SELPLG,0.46913132,0.47266881028938906,ITGB2,ITGB2,1.8520461,0.941908713692946,Mono-C,NK-CD16+,1.1605887,0.0
CALM1,CALM1,2.248958,0.9495798319327731,INSR,INSR,0.072167516,0.12781954887218044,CD4 T,cDC2,1.1605628,0.0
GNAI2,GNAI2,2.0849884,0.9696969696969697,FPR1,FPR1,0.23571904,0.29699248120300753,Mono-NC,cDC2,1.1603537,0.0
GNAS,GNAS,2.194046,0.9398496240601504,ADCY7,ADCY7,0.12583455,0.1111111111111111,cDC2,Treg,1.1599402,0.0
CALM1,CALM1,2.248958,0.9495798319327731,INSR,INSR,0.07030151,0.1145374449339207,CD4 T,TRM,1.1596298,0.0
CALM1,CALM1,1.9615846,0.9195046439628483,PTPRA,PTPRA,0.35707742,0.29336734693877553,NK-CD16-,γδ T,1.159331,0.0
CALM1,CALM1,2.2464035,0.9591836734693877,INSR,INSR,0.072167516,0.12781954887218044,γδ T,cDC2,1.1592855,0.0
CALM1,CALM1,2.1036716,0.9629629629629629,KCNQ1,KCNQ1,0.21376051,0.2572347266881029,Treg,Mono-C,1.1587161,0.005
YBX1,YBX1,2.1158457,0.960352422907489,NOTCH1,NOTCH1,0.20090024,0.24115755627009647,TRM,Mono-C,1.158373,0.0
CALM1,CALM1,2.2464035,0.9591836734693877,INSR,INSR,0.07030151,0.1145374449339207,γδ T,TRM,1.1583525,0.0
HMGB1,HMGB1,1.8011355,0.9377593360995851,TLR4,TLR4,0.51519525,0.6060606060606061,NK-CD16+,Mono-NC,1.1581655,0.0
HLA-DRB5,HLA-DRB5,1.2568141,0.6945337620578779,CD4,CD4,1.0583234,0.7037037037037037,Mono-C,Treg,1.1575687,0.0
CALM1,CALM1,2.248958,0.9495798319327731,KCNQ1,KCNQ1,0.06603595,0.13157894736842105,CD4 T,cDC2,1.157497,0.0
SELPLG,SELPLG,0.5583068,0.44813278008298757,ITGB2,ITGB2,1.7561089,0.933920704845815,NK-CD16+,TRM,1.1572078,0.0
HMGB1,HMGB1,1.8011355,0.9377593360995851,TLR2,TLR2,0.51256245,0.6212121212121212,NK-CD16+,Mono-NC,1.156849,0.0
ADAM10,ADAM10,0.29276904,0.23993808049535603,CD44,CD44,2.020819,0.977491961414791,NK-CD16-,Mono-C,1.156794,0.0
TGFB1,TGFB1,1.1898917,0.8392070484581498,CXCR4,CXCR4,1.1235944,0.6387665198237885,TRM,TRM,1.156743,0.0
TGFB1,TGFB1,1.3503319,0.7972136222910217,ITGB1,ITGB1,0.96273524,0.8636363636363636,NK-CD16-,Mono-NC,1.1565336,0.0
MIF,MIF,0.34043798,0.29045643153526973,CD44,CD44_CD74,1.9724663,0.8612334801762115,NK-CD16+,TRM,1.1564522,0.0
HLA-DRB5,HLA-DRB5,1.9942361,0.7669172932330827,LAG3,LAG3,0.31858182,0.18518518518518517,cDC2,Treg,1.156409,0.0
YBX1,YBX1,2.1158457,0.960352422907489,NOTCH1,NOTCH1,0.19669603,0.2643171806167401,TRM,TRM,1.1562709,0.0
ADAM10,ADAM10,0.67234373,0.6655948553054662,CD44,CD44,1.6401936,1.0,Mono-C,Mono-NC,1.1562686,0.0
CALM1,CALM1,2.2464035,0.9591836734693877,KCNQ1,KCNQ1,0.06603595,0.13157894736842105,γδ T,cDC2,1.1562197,0.0
GNAI2,GNAI2,2.0849884,0.9696969696969697,S1PR1,S1PR1,0.22716816,0.1991701244813278,Mono-NC,NK-CD16+,1.1560782,0.0
GNAS,GNAS,2.1603734,0.94,ADCY7,ADCY7,0.15139137,0.1346749226006192,CD8 T,NK-CD16-,1.1558824,0.0
ANXA2,ANXA2,1.798081,0.9848484848484849,TLR2,TLR2,0.51256245,0.6212121212121212,Mono-NC,Mono-NC,1.1553217,0.0
ADAM10,ADAM10,0.3381124,0.24,CD44,CD44,1.9724663,0.8612334801762115,CD8 T,TRM,1.1552894,0.0
GNAI2,GNAI2,2.0849884,0.9696969696969697,CXCR3,CXCR3,0.22554833,0.19327731092436976,Mono-NC,CD4 T,1.1552683,0.0
GNAS,GNAS,2.194046,0.9398496240601504,ADCY7,ADCY7,0.11645088,0.11484593837535013,cDC2,CD4 T,1.1552484,0.0
HMGB1,HMGB1,1.7054685,0.9485530546623794,TLR2,TLR2,0.6037369,0.6079295154185022,Mono-C,TRM,1.1546028,0.0
GNAI2,GNAI2,2.0849884,0.9696969696969697,ADCY7,ADCY7,0.22399522,0.3303964757709251,Mono-NC,TRM,1.1544918,0.0
ARPC5,ARPC5,2.0814621,1.0,ADRB2,ADRB2,0.22599342,0.25757575757575757,Mono-NC,Mono-NC,1.1537278,0.0
C1QA,C1QA,1.9114438,0.6917293233082706,CD33,CD33,0.395981,0.5,cDC2,Mono-NC,1.1537124,0.0
VCAN,VCAN,1.6373343,0.6101321585903083,ITGB1,ITGB1,0.66938674,0.4733893557422969,TRM,CD4 T,1.1533606,0.0
ITGB2,ITGB2,2.077828,1.0,CD226,CD226,0.22872603,0.21008403361344538,Mono-NC,CD4 T,1.1532769,0.0
GRN,GRN,2.060383,0.9647577092511013,TNFRSF1A,TNFRSF1A,0.24602178,0.226890756302521,TRM,CD4 T,1.1532024,0.0
HLA-DMB,HLA-DMB,1.2478437,0.8105726872246696,CD4,CD4,1.0583234,0.7037037037037037,TRM,Treg,1.1530836,0.0
CALM1,CALM1,1.9615846,0.9195046439628483,PTPRA,PTPRA,0.3444767,0.2755417956656347,NK-CD16-,NK-CD16-,1.1530306,0.0
TIMP2,TIMP2,0.6657636,0.7272727272727273,CD44,CD44,1.6401936,1.0,Mono-NC,Mono-NC,1.1529787,0.0
HMGB1,HMGB1,1.7899321,0.8962848297213623,TLR4,TLR4,0.51519525,0.6060606060606061,NK-CD16-,Mono-NC,1.1525637,0.0
VCAN,VCAN,1.6373343,0.6101321585903083,ITGA4,ITGA4,0.66753775,0.4979253112033195,TRM,NK-CD16+,1.152436,0.0
TNFSF13B,TNFSF13B,0.5918427,0.5616740088105727,HLA-DPB1,HLA-DPB1,1.7125539,0.8488745980707395,TRM,Mono-C,1.1521983,0.0
CALM1,CALM1,2.1036716,0.9629629629629629,INSR,INSR,0.20066448,0.2540192926045016,Treg,Mono-C,1.152168,0.007
ANXA1,ANXA1,1.5458243,0.8,FPR1,FPR1,0.75772005,0.6818181818181818,CD8 T,Mono-NC,1.1517721,0.001
PSEN1,PSEN1,0.28233021,0.3986784140969163,CD44,CD44,2.020819,0.977491961414791,TRM,Mono-C,1.1515746,0.0
SELPLG,SELPLG,0.19067334,0.2665198237885463,ITGB2,ITGB2,2.1123059,0.9646302250803859,TRM,Mono-C,1.1514896,0.0
HMGB1,HMGB1,1.7899321,0.8962848297213623,TLR2,TLR2,0.51256245,0.6212121212121212,NK-CD16-,Mono-NC,1.1512473,0.0
GNAS,GNAS,1.5960115,0.8668730650154799,PTGDR,PTGDR,0.70643866,0.5269709543568465,NK-CD16-,NK-CD16+,1.1512251,0.0
HLA-DRB5,HLA-DRB5,1.7389911,0.8083700440528634,LAG3,LAG3,0.5634088,0.41836734693877553,TRM,γδ T,1.1511999,0.0
HLA-DQA2,HLA-DQA2,1.5412939,0.8270676691729323,CD4,CD4,0.7606554,0.6428571428571429,B,cDC2,1.1509746,0.0
CCL4,CCL4,2.035246,0.9128630705394191,CCR5,CCR5,0.26665843,0.2222222222222222,NK-CD16+,Treg,1.1509521,0.0
CCL4,CCL4,2.035246,0.9128630705394191,CCR5,CCR5,0.26654285,0.3524229074889868,NK-CD16+,TRM,1.1508944,0.0
GNAI2,GNAI2,1.6692941,0.9361233480176211,S1PR4,S1PR4,0.6322236,0.49377593360995853,TRM,NK-CD16+,1.1507589,0.0
C1QB,C1QB,1.8822782,0.6616541353383458,C1QBP,C1QBP,0.4191703,0.48237885462555063,cDC2,TRM,1.1507243,0.0
HLA-DRB1,HLA-DRB1,2.0605636,0.9699248120300752,LAG3,LAG3,0.24067335,0.2074688796680498,B,NK-CD16+,1.1506184,0.0
GRN,GRN,2.1633158,0.9903536977491961,SORT1,SORT1,0.13779345,0.2556390977443609,Mono-C,cDC2,1.1505547,0.0
GNAI2,GNAI2,1.051248,0.7450980392156863,FPR1,FPR1,1.2494273,0.8906752411575563,CD4 T,Mono-C,1.1503377,0.0
ITGB2,ITGB2,2.077828,1.0,CD226,CD226,0.22253276,0.18877551020408162,Mono-NC,γδ T,1.1501803,0.0
GNAI2,GNAI2,1.1912591,0.7602040816326531,FPR1,FPR1,1.1087703,0.7070484581497798,γδ T,TRM,1.1500146,0.0
PKM,PKM,1.5689479,0.920704845814978,CD44,CD44,0.7310221,0.6466165413533834,TRM,B,1.1499851,0.027
HMGB1,HMGB1,1.8011355,0.9377593360995851,HAVCR2,HAVCR2,0.49840647,0.575187969924812,NK-CD16+,cDC2,1.149771,0.001
GNAI2,GNAI2,1.1905274,0.78,FPR1,FPR1,1.1087703,0.7070484581497798,CD8 T,TRM,1.1496489,0.0
GNAI2,GNAI2,2.0849884,0.9696969696969697,ADCY7,ADCY7,0.21429002,0.36466165413533835,Mono-NC,cDC2,1.1496391,0.0
SELPLG,SELPLG,0.44716093,0.4074074074074074,ITGB2,ITGB2,1.8520461,0.941908713692946,Treg,NK-CD16+,1.1496035,0.0
HLA-DRB5,HLA-DRB5,2.0568986,0.8721804511278195,LAG3,LAG3,0.24067335,0.2074688796680498,B,NK-CD16+,1.148786,0.0
GNAS,GNAS,2.1603734,0.94,ADRB2,ADRB2,0.13696499,0.10681114551083591,CD8 T,NK-CD16-,1.1486692,0.0
GNAI2,GNAI2,1.6186169,0.8308270676691729,CXCR3,CXCR3,0.67741656,0.4923469387755102,cDC2,γδ T,1.1480167,0.0
GNAI2,GNAI2,1.9915086,0.9903536977491961,S1PR4,S1PR4,0.30440167,0.25232198142414863,Mono-C,NK-CD16-,1.1479552,0.0
TGFB1,TGFB1,1.2064602,0.9242424242424242,ITGB1,ITGB1,1.0891075,0.6965944272445821,Mono-NC,NK-CD16-,1.1477839,0.0
HLA-F,HLA-F,1.6585511,0.9045643153526971,LILRB1,LILRB1,0.6366831,0.6141479099678456,NK-CD16+,Mono-C,1.1476171,0.0
ITGB2,ITGB2,2.1123059,0.9646302250803859,CD226,CD226,0.18145773,0.14814814814814814,Mono-C,Treg,1.1468818,0.0
CALM1,CALM1,2.1036716,0.9629629629629629,INSR,INSR,0.18988392,0.2878787878787879,Treg,Mono-NC,1.1467777,0.013
LCK,LCK,1.198587,0.7407407407407407,CD8B,CD8A_CD8B,1.0948339,0.6658163265306123,Treg,γδ T,1.1467104,0.0
CALR,CALR,1.2827677,0.7676348547717843,LRP1,LRP1,1.0102887,0.8360128617363344,NK-CD16+,Mono-C,1.1465282,0.0
CLEC2B,CLEC2B,1.0688573,0.74,KLRF1,KLRF1,1.2231754,0.6182572614107884,CD8 T,NK-CD16+,1.1460164,0.0
C1QB,C1QB,1.4478918,0.41409691629955947,C1QBP,C1QBP,0.84269893,0.706766917293233,TRM,cDC2,1.1452954,0.0
YBX1,YBX1,2.1158457,0.960352422907489,NOTCH1,NOTCH1,0.17470248,0.14522821576763487,TRM,NK-CD16+,1.145274,0.0
GRN,GRN,2.1633158,0.9903536977491961,TNFRSF1B,TNFRSF1B,0.1271853,0.1021671826625387,Mono-C,NK-CD16-,1.1452506,0.0
S100A8,S100A8,2.1279328,0.6718061674008811,TLR4,TLR4,0.1623037,0.2781954887218045,TRM,cDC2,1.1451182,0.0
HSPA8,HSPA8,1.757351,0.9848484848484849,ADRB2,ADRB2,0.53259283,0.42323651452282157,Mono-NC,NK-CD16+,1.144972,0.0
MIF,MIF,0.95702225,0.66,CXCR4,CD74_CXCR4,1.3327702,0.7744360902255639,CD8 T,B,1.1448963,0.0
MRC1,MRC1,0.17221653,0.13909774436090225,PTPRC,PTPRC,2.1173134,0.9629629629629629,cDC2,Treg,1.1447649,0.024
CALM1,CALM1,2.1036716,0.9629629629629629,KCNN4,KCNN4,0.18584758,0.19548872180451127,Treg,B,1.1447595,0.028
HMGB1,HMGB1,1.7740713,0.92,TLR4,TLR4,0.51519525,0.6060606060606061,CD8 T,Mono-NC,1.1446333,0.0
GNAS,GNAS,2.194046,0.9398496240601504,VIPR1,VIPR1,0.09492822,0.13183279742765272,cDC2,Mono-C,1.1444871,0.0
CD48,CD48,1.3384117,0.7478991596638656,CD2,CD2,0.9504105,0.52,CD4 T,CD8 T,1.1444111,0.029
CD52,CD52,2.1064703,0.9259259259259259,SIGLEC10,SIGLEC10,0.18228966,0.2090032154340836,Treg,Mono-C,1.14438,0.049
TGFB1,TGFB1,1.0907497,0.8553054662379421,ITGB1,ITGB1,1.1977223,0.8568281938325991,Mono-C,TRM,1.1442361,0.0
HMGB1,HMGB1,1.7899321,0.8962848297213623,HAVCR2,HAVCR2,0.49840647,0.575187969924812,NK-CD16-,cDC2,1.1441693,0.0
MIF,MIF,0.95702225,0.66,CD44,CD44_CD74,1.3308253,0.8148148148148148,CD8 T,Treg,1.1439238,0.004
HMGB1,HMGB1,1.6840637,0.9361233480176211,TLR2,TLR2,0.6037369,0.6079295154185022,TRM,TRM,1.1439003,0.0
HLA-F,HLA-F,1.0506701,0.7310924369747899,LILRB1,LILRB1,1.2360857,0.9242424242424242,CD4 T,Mono-NC,1.1433779,0.0
HMGB1,HMGB1,1.7740713,0.92,TLR2,TLR2,0.51256245,0.6212121212121212,CD8 T,Mono-NC,1.1433169,0.003
GNAS,GNAS,2.1603734,0.94,ADCY7,ADCY7,0.12583455,0.1111111111111111,CD8 T,Treg,1.143104,0.003
HSPA8,HSPA8,1.7535446,0.921161825726141,ADRB2,ADRB2,0.53259283,0.42323651452282157,NK-CD16+,NK-CD16+,1.1430687,0.0
CLEC2B,CLEC2B,1.0621762,0.7261410788381742,KLRF1,KLRF1,1.2231754,0.6182572614107884,NK-CD16+,NK-CD16+,1.1426759,0.0
C1QA,C1QA,1.9114438,0.6917293233082706,CD93,CD93,0.3738278,0.3787878787878788,cDC2,Mono-NC,1.1426358,0.0
GNAS,GNAS,1.7523254,0.9449339207048458,ADRB2,ADRB2,0.53259283,0.42323651452282157,TRM,NK-CD16+,1.1424592,0.0
S100A9,S100A9,0.4767763,0.2669172932330827,CD68,CD68,1.8073629,0.947136563876652,cDC2,TRM,1.1420696,0.0
HMGB1,HMGB1,1.5355808,0.9848484848484849,TLR2,TLR2,0.7481718,0.684887459807074,Mono-NC,Mono-C,1.1418762,0.0
VEGFA,VEGFA,0.31109628,0.26366559485530544,CD44,CD44,1.9724663,0.8612334801762115,Mono-C,TRM,1.1417813,0.0
VCAN,VCAN,1.6373343,0.6101321585903083,ITGB1,ITGB1,0.64575475,0.6240601503759399,TRM,cDC2,1.1415446,0.0
GNAI2,GNAI2,1.9915086,0.9903536977491961,F2R,F2R,0.29116866,0.22193877551020408,Mono-C,γδ T,1.1413386,0.0
GNAS,GNAS,1.997213,1.0,PTGDR,PTGDR,0.28517222,0.22959183673469388,Treg,γδ T,1.1411927,0.003
GRN,GRN,0.15044707,0.14,TNFRSF1B,TNFRSF1B,2.1318145,1.0,CD8 T,Mono-NC,1.1411308,0.0
HMGB1,HMGB1,1.9818271,1.0,THBD,THBD,0.29989356,0.2282958199356913,Treg,Mono-C,1.1408603,0.008
VEGFA,VEGFA,1.2694507,0.6409691629955947,CD44,CD44,1.0119845,0.7,TRM,CD8 T,1.1407175,0.0
PSEN1,PSEN1,0.30842534,0.2962962962962963,CD44,CD44,1.9724663,0.8612334801762115,Treg,TRM,1.1404458,0.0
GRN,GRN,0.1490577,0.13692946058091288,TNFRSF1B,TNFRSF1B,2.1318145,1.0,NK-CD16+,Mono-NC,1.140436,0.0
CALM1,CALM1,2.1036716,0.9629629629629629,FAS,FAS,0.17713857,0.15306122448979592,Treg,γδ T,1.140405,0.03
CCL4,CCL4,2.035246,0.9128630705394191,CNR2,CNR2,0.24441135,0.2556390977443609,NK-CD16+,B,1.1398287,0.0
RETN,RETN,0.35841697,0.3215434083601286,CAP1,CAP1,1.9208485,1.0,Mono-C,Mono-NC,1.1396327,0.0
HLA-DRB1,HLA-DRB1,1.4783052,0.8488745980707395,CD4,CD4,0.8007195,0.7290748898678414,Mono-C,TRM,1.1395123,0.0
TGFB1,TGFB1,1.1898917,0.8392070484581498,ITGB1,ITGB1,1.0891075,0.6965944272445821,TRM,NK-CD16-,1.1394997,0.0
HSPA8,HSPA8,1.7463955,0.9259259259259259,ADRB2,ADRB2,0.53259283,0.42323651452282157,Treg,NK-CD16+,1.1394942,0.0
LGALS3,LGALS3,1.5745354,0.8971061093247589,ENG,ENG,0.70372885,0.6453744493392071,Mono-C,TRM,1.1391321,0.0
C1QB,C1QB,1.8822782,0.6616541353383458,CD33,CD33,0.395981,0.5,cDC2,Mono-NC,1.1391296,0.0
HBEGF,HBEGF,0.30517185,0.2057877813504823,CD44,CD44,1.9724663,0.8612334801762115,Mono-C,TRM,1.1388191,0.0
HBEGF,HBEGF,0.30462474,0.2878787878787879,CD44,CD44,1.9724663,0.8612334801762115,Mono-NC,TRM,1.1385455,0.0
CD55,CD55,0.8667511,0.6585903083700441,ADGRE5,ADGRE5,1.4101006,0.9242424242424242,TRM,Mono-NC,1.1384258,0.0
GNAS,GNAS,2.1603734,0.94,ADCY7,ADCY7,0.11645088,0.11484593837535013,CD8 T,CD4 T,1.1384121,0.0
CALM1,CALM1,2.1036716,0.9629629629629629,KCNN4,KCNN4,0.17289945,0.22727272727272727,Treg,Mono-NC,1.1382855,0.026
ARPC5,ARPC5,2.0814621,1.0,ADRB2,ADRB2,0.19508307,0.22508038585209003,Mono-NC,Mono-C,1.1382726,0.0
HLA-DPB1,HLA-DPB1,1.7125539,0.8488745980707395,LAG3,LAG3,0.5634088,0.41836734693877553,Mono-C,γδ T,1.1379813,0.0
S100A12,S100A12,0.9182544,0.4977973568281938,CD36,CD36,1.3569703,0.8713826366559485,TRM,Mono-C,1.1376123,0.0
TGM2,TGM2,1.4282444,0.6057268722466961,ITGA4,ITGA4,0.84618366,0.803030303030303,TRM,Mono-NC,1.137214,0.0
CD48,CD48,0.59281886,0.4,CD2,CD2,1.6805748,0.8011204481792717,CD8 T,CD4 T,1.1366968,0.012
GNAI2,GNAI2,2.0849884,0.9696969696969697,ADCY7,ADCY7,0.18623562,0.17346938775510204,Mono-NC,γδ T,1.135612,0.0
ITGB2,ITGB2,2.1123059,0.9646302250803859,CD226,CD226,0.15833157,0.14,Mono-C,CD8 T,1.1353188,0.0
ADAM10,ADAM10,0.24980623,0.22969187675070027,CD44,CD44,2.020819,0.977491961414791,CD4 T,Mono-C,1.1353126,0.0
HLA-F,HLA-F,1.0342016,0.8787878787878788,LILRB1,LILRB1,1.2360857,0.9242424242424242,Mono-NC,Mono-NC,1.1351436,0.0
CLEC2D,CLEC2D,0.8850114,0.6182572614107884,KLRB1,KLRB1,1.3843299,0.5933609958506224,NK-CD16+,NK-CD16+,1.1346706,0.0
SELPLG,SELPLG,0.19067334,0.2665198237885463,ITGB2,ITGB2,2.077828,1.0,TRM,Mono-NC,1.1342506,0.0
HLA-F,HLA-F,1.1733881,0.7777777777777778,CD8B,CD8B,1.0948339,0.6658163265306123,Treg,γδ T,1.1341109,0.0
GNAS,GNAS,1.7355174,0.8979591836734694,ADRB2,ADRB2,0.53259283,0.42323651452282157,γδ T,NK-CD16+,1.1340551,0.0
YBX1,YBX1,2.1158457,0.960352422907489,NOTCH1,NOTCH1,0.15067467,0.12,TRM,CD8 T,1.1332601,0.0
CCL4,CCL4,2.035246,0.9128630705394191,CCR1,CCR1,0.23124483,0.3082706766917293,NK-CD16+,cDC2,1.1332453,0.0
HMGB1,HMGB1,1.75128,0.9215686274509803,TLR4,TLR4,0.51519525,0.6060606060606061,CD4 T,Mono-NC,1.1332376,0.0
HLA-DRB5,HLA-DRB5,1.465296,0.7727272727272727,CD4,CD4,0.8007195,0.7290748898678414,Mono-NC,TRM,1.1330078,0.0
ADAM10,ADAM10,0.29276904,0.23993808049535603,CD44,CD44,1.9724663,0.8612334801762115,NK-CD16-,TRM,1.1326177,0.0
SELPLG,SELPLG,0.5583068,0.44813278008298757,ITGB2,ITGB2,1.7057548,0.8458646616541353,NK-CD16+,cDC2,1.1320307,0.0
HMGB1,HMGB1,1.75128,0.9215686274509803,TLR2,TLR2,0.51256245,0.6212121212121212,CD4 T,Mono-NC,1.1319212,0.0
GRN,GRN,2.060383,0.9647577092511013,TNFRSF1B,TNFRSF1B,0.20323744,0.19548872180451127,TRM,B,1.1318103,0.0
LGALS9,LGALS9,0.2426989,0.2556390977443609,CD44,CD44,2.020819,0.977491961414791,B,Mono-C,1.1317589,0.0
NAMPT,NAMPT,1.4919114,0.8193832599118943,ITGA5,ITGA5_ITGB1,0.77074647,0.6101321585903083,TRM,TRM,1.1313289,0.0
HLA-DMB,HLA-DMB,1.3169913,0.7593984962406015,CD4,CD4,0.9452533,0.8484848484848485,cDC2,Mono-NC,1.1311224,0.0
GNAS,GNAS,1.7523254,0.9449339207048458,PTGDR,PTGDR,0.50954175,0.38,TRM,CD8 T,1.1309335,0.0
HLA-F,HLA-F,1.0252563,0.819935691318328,LILRB1,LILRB1,1.2360857,0.9242424242424242,Mono-C,Mono-NC,1.130671,0.0
CALR,CALR,1.2507865,0.7255639097744361,LRP1,LRP1,1.0102887,0.8360128617363344,cDC2,Mono-C,1.1305376,0.0
CALM1,CALM1,1.9615846,0.9195046439628483,PTPRA,PTPRA,0.29881483,0.33440514469453375,NK-CD16-,Mono-C,1.1301997,0.045
ITGB2,ITGB2,2.077828,1.0,CD226,CD226,0.18145773,0.14814814814814814,Mono-NC,Treg,1.1296428,0.0
YBX1,YBX1,2.1158457,0.960352422907489,NOTCH1,NOTCH1,0.14316219,0.14814814814814814,TRM,Treg,1.129504,0.0
C3,C3,0.33866867,0.2781954887218045,CD81,CD81,1.9197115,0.9303405572755418,cDC2,NK-CD16-,1.1291901,0.0
GNAI2,GNAI2,1.9915086,0.9903536977491961,CCR5,CCR5,0.26665843,0.2222222222222222,Mono-C,Treg,1.1290835,0.0
GNAS,GNAS,1.8454778,0.9495798319327731,ADCY7,ADCY7,0.41265854,0.4758842443729904,CD4 T,Mono-C,1.1290681,0.0
GNAI2,GNAI2,1.9915086,0.9903536977491961,CCR5,CCR5,0.26654285,0.3524229074889868,Mono-C,TRM,1.1290257,0.0
GNAI2,GNAI2,2.0849884,0.9696969696969697,S1PR3,S1PR3,0.17297463,0.21221864951768488,Mono-NC,Mono-C,1.1289815,0.0
HMGB1,HMGB1,1.957732,0.9413265306122449,THBD,THBD,0.29989356,0.2282958199356913,γδ T,Mono-C,1.1288128,0.0
LGALS9,LGALS9,0.23665385,0.25925925925925924,CD44,CD44,2.020819,0.977491961414791,Treg,Mono-C,1.1287364,0.0
TNFSF13B,TNFSF13B,1.1212561,0.8167202572347267,TNFRSF13C,TNFRSF13C,1.1349291,0.7819548872180451,Mono-C,B,1.1280925,0.0
HLA-DMA,HLA-DMA,1.4552293,0.8796992481203008,CD4,CD4,0.8007195,0.7290748898678414,B,TRM,1.1279744,0.0
GNAI2,GNAI2,1.051248,0.7450980392156863,C5AR1,C5AR1,1.2045323,0.9242424242424242,CD4 T,Mono-NC,1.1278901,0.0
C1QA,C1QA,1.9114438,0.6917293233082706,CR1,CR1,0.3438843,0.35691318327974275,cDC2,Mono-C,1.1276641,0.0
GNAS,GNAS,2.1603734,0.94,VIPR1,VIPR1,0.09492822,0.13183279742765272,CD8 T,Mono-C,1.1276509,0.0
HMGB1,HMGB1,1.5355808,0.9848484848484849,TLR4,TLR4,0.7193331,0.662379421221865,Mono-NC,Mono-C,1.1274569,0.0
ANXA1,ANXA1,2.147105,0.9614147909967846,FPR3,FPR2_FPR3,0.10772969,0.10610932475884244,Mono-C,Mono-C,1.1274173,0.0
PSEN1,PSEN1,0.28233021,0.3986784140969163,CD44,CD44,1.9724663,0.8612334801762115,TRM,TRM,1.1273983,0.0
FN1,FN1,0.23371491,0.1299559471365639,CD44,CD44,2.020819,0.977491961414791,TRM,Mono-C,1.1272669,0.0
CD58,CD58,0.57379407,0.6277533039647577,CD2,CD2,1.6805748,0.8011204481792717,TRM,CD4 T,1.1271844,0.0
GRN,GRN,2.060383,0.9647577092511013,TNFRSF1B,TNFRSF1B,0.19398513,0.14,TRM,CD8 T,1.1271842,0.0
SPON2,SPON2,1.4078201,0.6970954356846473,ITGA4,ITGA4,0.84618366,0.803030303030303,NK-CD16+,Mono-NC,1.1270019,0.0
GRN,GRN,2.060383,0.9647577092511013,SORT1,SORT1,0.19255288,0.28854625550660795,TRM,TRM,1.126468,0.0
TGFB1,TGFB1,1.2064602,0.9242424242424242,CXCR4,CXCR4,1.0455099,0.5637755102040817,Mono-NC,γδ T,1.1259851,0.013
CALM1,CALM1,2.1036716,0.9629629629629629,FAS,FAS,0.14768048,0.14565826330532214,Treg,CD4 T,1.125676,0.046
HMGB1,HMGB1,1.7357348,0.9548872180451128,TLR4,TLR4,0.51519525,0.6060606060606061,B,Mono-NC,1.125465,0.0
GNAI2,GNAI2,1.6186169,0.8308270676691729,S1PR4,S1PR4,0.6322236,0.49377593360995853,cDC2,NK-CD16+,1.1254203,0.0
HLA-DQA1,HLA-DQA1,1.686849,0.7731277533039648,LAG3,LAG3,0.5634088,0.41836734693877553,TRM,γδ T,1.1251289,0.0
LTA,LTA,0.117950454,0.12,TNFRSF1B,TNFRSF1B,2.1318145,1.0,CD8 T,Mono-NC,1.1248825,0.0
HMGB1,HMGB1,1.75128,0.9215686274509803,HAVCR2,HAVCR2,0.49840647,0.575187969924812,CD4 T,cDC2,1.1248432,0.002
GNAI2,GNAI2,2.0849884,0.9696969696969697,CCR5,CCR5,0.16453725,0.2669172932330827,Mono-NC,cDC2,1.1247628,0.0
ACTR2,ACTR2,1.7165008,0.9646302250803859,ADRB2,ADRB2,0.53259283,0.42323651452282157,Mono-C,NK-CD16+,1.1245468,0.0
SPON2,SPON2,0.1364203,0.1092436974789916,ITGB2,ITGB2,2.1123059,0.9646302250803859,CD4 T,Mono-C,1.1243631,0.0
HLA-F,HLA-F,1.0123359,0.7744360902255639,LILRB1,LILRB1,1.2360857,0.9242424242424242,B,Mono-NC,1.1242108,0.0
HMGB1,HMGB1,1.7357348,0.9548872180451128,TLR2,TLR2,0.51256245,0.6212121212121212,B,Mono-NC,1.1241486,0.001
ADAM10,ADAM10,0.2271121,0.1913265306122449,CD44,CD44,2.020819,0.977491961414791,γδ T,Mono-C,1.1239655,0.0
COL6A2,COL6A2,0.22681384,0.1825726141078838,CD44,CD44,2.020819,0.977491961414791,NK-CD16+,Mono-C,1.1238164,0.0
TGM2,TGM2,1.4282444,0.6057268722466961,ITGB1,ITGB1,0.8193306,0.7588424437299035,TRM,Mono-C,1.1237874,0.0
GNAI2,GNAI2,1.9915086,0.9903536977491961,F2R,F2R,0.2553608,0.22,Mono-C,CD8 T,1.1234347,0.0
CD99,CD99,0.95711637,0.7491961414790996,PILRA,PILRA,1.2890874,0.9090909090909091,Mono-C,Mono-NC,1.123102,0.0
ARPC5,ARPC5,2.0814621,1.0,ADRB2,ADRB2,0.16466756,0.14285714285714285,Mono-NC,γδ T,1.1230649,0.0
HSPA8,HSPA8,1.7135137,0.8345864661654135,ADRB2,ADRB2,0.53259283,0.42323651452282157,cDC2,NK-CD16+,1.1230533,0.0
S100A8,S100A8,2.1279328,0.6718061674008811,CD36,CD36,0.11772665,0.15037593984962405,TRM,cDC2,1.1228297,0.0
SECTM1,SECTM1,0.6598696,0.7121212121212122,CD7,CD7,1.5852526,0.7925311203319502,Mono-NC,NK-CD16+,1.1225611,0.0
HBEGF,HBEGF,0.91429305,0.5726872246696035,CD44,CD44,1.3308253,0.8148148148148148,TRM,Treg,1.1225592,0.0
GNAS,GNAS,1.7355174,0.8979591836734694,PTGDR,PTGDR,0.50954175,0.38,γδ T,CD8 T,1.1225295,0.0
HLA-DRB1,HLA-DRB1,2.0605636,0.9699248120300752,LAG3,LAG3,0.1844943,0.15126050420168066,B,CD4 T,1.1225289,0.0
SPON2,SPON2,1.4078201,0.6970954356846473,ITGAM,ITGAM,0.8371364,0.729903536977492,NK-CD16+,Mono-C,1.1224782,0.0
TGFB1,TGFB1,0.9118043,0.6173469387755102,CXCR4,CXCR4,1.3327702,0.7744360902255639,γδ T,B,1.1222873,0.007
MIF,MIF,0.2232884,0.28938906752411575,CD44,CD44_CD74,2.020819,0.977491961414791,Mono-C,Mono-C,1.1220536,0.0
GNAI2,GNAI2,1.3294944,0.8298755186721992,C5AR1,C5AR1,0.9142223,0.6752411575562701,NK-CD16+,Mono-C,1.1218584,0.0
TGFB1,TGFB1,1.0907497,0.8553054662379421,ITGB1,ITGB1,1.1527835,0.74,Mono-C,CD8 T,1.1217666,0.012
ITGB2,ITGB2,1.8520461,0.941908713692946,CD226,CD226,0.39117658,0.3236514522821577,NK-CD16+,NK-CD16+,1.1216114,0.0
CD99,CD99,1.5316823,0.8622448979591837,PILRA,PILRA,0.71143526,0.6913183279742765,γδ T,Mono-C,1.1215588,0.0
GNAI2,GNAI2,2.0849884,0.9696969696969697,S1PR1,S1PR1,0.1580485,0.15789473684210525,Mono-NC,B,1.1215184,0.0
GNAI2,GNAI2,1.6692941,0.9361233480176211,S1PR4,S1PR4,0.5730861,0.5185185185185185,TRM,Treg,1.1211901,0.0
GNAI2,GNAI2,1.6692941,0.9361233480176211,S1PR5,S1PR5,0.57272816,0.45228215767634855,TRM,NK-CD16+,1.1210111,0.0
HLA-DRB5,HLA-DRB5,2.0568986,0.8721804511278195,LAG3,LAG3,0.1844943,0.15126050420168066,B,CD4 T,1.1206964,0.0
VCAN,VCAN,1.6373343,0.6101321585903083,TLR2,TLR2,0.6037369,0.6079295154185022,TRM,TRM,1.1205356,0.0
GNAS,GNAS,1.7523254,0.9449339207048458,ADCY7,ADCY7,0.48819146,0.6060606060606061,TRM,Mono-NC,1.1202585,0.0
ARPC5,ARPC5,1.7079098,0.8609022556390977,ADRB2,ADRB2,0.53259283,0.42323651452282157,cDC2,NK-CD16+,1.1202513,0.0
GNAI2,GNAI2,2.0849884,0.9696969696969697,CCR5,CCR5,0.15471545,0.1400560224089636,Mono-NC,CD4 T,1.119852,0.0
TGFB1,TGFB1,1.0907497,0.8553054662379421,ITGB1,ITGB1,1.14894,0.7136929460580913,Mono-C,NK-CD16+,1.1198449,0.0
ANXA1,ANXA1,2.147105,0.9614147909967846,DYSF,DYSF,0.09204767,0.1277533039647577,Mono-C,TRM,1.1195763,0.0
HLA-DRB1,HLA-DRB1,1.4783052,0.8488745980707395,CD4,CD4,0.7606554,0.6428571428571429,Mono-C,cDC2,1.1194804,0.0
GNAI2,GNAI2,1.6692941,0.9361233480176211,S1PR4,S1PR4,0.5695364,0.4649859943977591,TRM,CD4 T,1.1194153,0.0
GNAS,GNAS,1.997213,1.0,ADCY7,ADCY7,0.24104133,0.2074688796680498,Treg,NK-CD16+,1.1191272,0.008
TGFB1,TGFB1,1.0401518,0.72,ITGB1,ITGB1,1.1977223,0.8568281938325991,CD8 T,TRM,1.118937,0.011
GNAI2,GNAI2,2.0849884,0.9696969696969697,F2R,F2R,0.15213738,0.1400560224089636,Mono-NC,CD4 T,1.1185628,0.0
GNAI2,GNAI2,2.0849884,0.9696969696969697,ADCY7,ADCY7,0.15139137,0.1346749226006192,Mono-NC,NK-CD16-,1.1181898,0.0
ITGB2,ITGB2,2.077828,1.0,CD226,CD226,0.15833157,0.14,Mono-NC,CD8 T,1.1180798,0.0
HLA-DQB1,HLA-DQB1,1.6723169,0.7929515418502202,LAG3,LAG3,0.5634088,0.41836734693877553,TRM,γδ T,1.1178628,0.0
GNAS,GNAS,1.702909,0.9323308270676691,ADRB2,ADRB2,0.53259283,0.42323651452282157,B,NK-CD16+,1.1177509,0.0
TGFB1,TGFB1,1.1898917,0.8392070484581498,CXCR4,CXCR4,1.0455099,0.5637755102040817,TRM,γδ T,1.1177008,0.0
HLA-DRB5,HLA-DRB5,1.9942361,0.7669172932330827,LAG3,LAG3,0.24067335,0.2074688796680498,cDC2,NK-CD16+,1.1174548,0.0
HMGB1,HMGB1,1.7357348,0.9548872180451128,HAVCR2,HAVCR2,0.49840647,0.575187969924812,B,cDC2,1.1170707,0.031
GRN,GRN,0.10194528,0.10364145658263306,TNFRSF1B,TNFRSF1B,2.1318145,1.0,CD4 T,Mono-NC,1.1168799,0.0
MMP7,MMP7,0.21264707,0.19924812030075187,CD44,CD44,2.020819,0.977491961414791,cDC2,Mono-C,1.116733,0.0
HMGB1,HMGB1,1.8302479,0.8458646616541353,HAVCR2,HAVCR2,0.402509,0.5303030303030303,cDC2,Mono-NC,1.1163784,0.048
GNAI2,GNAI2,1.9915086,0.9903536977491961,ADCY7,ADCY7,0.24104133,0.2074688796680498,Mono-C,NK-CD16+,1.116275,0.0
YBX1,YBX1,2.1158457,0.960352422907489,NOTCH1,NOTCH1,0.11656918,0.10714285714285714,TRM,γδ T,1.1162075,0.0
VEGFA,VEGFA,1.2694507,0.6409691629955947,ITGB1,ITGB1,0.96273524,0.8636363636363636,TRM,Mono-NC,1.1160929,0.0
ANXA2,ANXA2,1.7191194,0.9260450160771704,TLR2,TLR2,0.51256245,0.6212121212121212,Mono-C,Mono-NC,1.1158409,0.0
ANXA1,ANXA1,1.4731047,0.8137755102040817,FPR1,FPR1,0.75772005,0.6818181818181818,γδ T,Mono-NC,1.1154124,0.0
HMGB1,HMGB1,1.8302479,0.8458646616541353,TLR4,TLR4,0.40018338,0.4977973568281938,cDC2,TRM,1.1152157,0.0
PTPN6,PTPN6,1.5784357,0.9696969696969697,CD300LF,CD300LF,0.65190804,0.6818181818181818,Mono-NC,Mono-NC,1.1151719,0.0
ARPC5,ARPC5,1.6970575,0.9427312775330396,ADRB2,ADRB2,0.53259283,0.42323651452282157,TRM,NK-CD16+,1.1148251,0.0
CD55,CD55,1.1657451,0.8484848484848485,ADGRE2,ADGRE2,1.0632316,0.8787878787878788,Mono-NC,Mono-NC,1.1144884,0.0
ICAM3,ICAM3,1.144457,0.8787878787878788,ITGAL,ITGAL,1.0843605,0.9090909090909091,Mono-NC,Mono-NC,1.1144087,0.0
C1QA,C1QA,1.9114438,0.6917293233082706,CR1,CR1,0.31708542,0.3007518796992481,cDC2,B,1.1142646,0.0
TGFB1,TGFB1,1.4091885,0.8464730290456431,ITGB1,ITGB1,0.8193306,0.7588424437299035,NK-CD16+,Mono-C,1.1142595,0.0
HMGB1,HMGB1,1.957732,0.9413265306122449,HAVCR2,HAVCR2,0.27027726,0.21161825726141079,γδ T,NK-CD16+,1.1140046,0.003
MRC1,MRC1,0.35060623,0.2621145374449339,PTPRC,PTPRC,1.8769523,0.9148606811145511,TRM,NK-CD16-,1.1137793,0.0
SELPLG,SELPLG,0.11501996,0.12,ITGB2,ITGB2,2.1123059,0.9646302250803859,CD8 T,Mono-C,1.113663,0.0
HMGB1,HMGB1,1.957732,0.9413265306122449,HAVCR2,HAVCR2,0.2695384,0.21826625386996903,γδ T,NK-CD16-,1.1136352,0.0
GNAI2,GNAI2,1.9915086,0.9903536977491961,FPR1,FPR1,0.23571904,0.29699248120300753,Mono-C,cDC2,1.1136138,0.0
SPON2,SPON2,1.4078201,0.6970954356846473,ITGB1,ITGB1,0.8193306,0.7588424437299035,NK-CD16+,Mono-C,1.1135753,0.0
GNAS,GNAS,1.8454778,0.9495798319327731,PTGDR,PTGDR,0.38096938,0.30030959752321984,CD4 T,NK-CD16-,1.1132236,0.0
SELPLG,SELPLG,0.37433174,0.29102167182662536,ITGB2,ITGB2,1.8520461,0.941908713692946,NK-CD16-,NK-CD16+,1.113189,0.0
HLA-DRB5,HLA-DRB5,1.465296,0.7727272727272727,CD4,CD4,0.7606554,0.6428571428571429,Mono-NC,cDC2,1.1129757,0.0
SELPLG,SELPLG,0.46913132,0.47266881028938906,ITGB2,ITGB2,1.7561089,0.933920704845815,Mono-C,TRM,1.1126201,0.0
LTB,LTB,1.6756997,0.7448979591836735,TNFRSF1A,TNFRSF1A,0.54939437,0.5757575757575758,γδ T,Mono-NC,1.112547,0.0
GNAS,GNAS,1.7355174,0.8979591836734694,ADCY7,ADCY7,0.48819146,0.6060606060606061,γδ T,Mono-NC,1.1118544,0.0
HLA-F,HLA-F,1.1733881,0.7777777777777778,LILRB2,LILRB2,1.0501987,0.7909967845659164,Treg,Mono-C,1.1117934,0.0
GNAI2,GNAI2,1.051248,0.7450980392156863,C5AR1,C5AR1,1.1721296,0.7180616740088106,CD4 T,TRM,1.1116889,0.0
LCK,LCK,1.1283894,0.7619047619047619,CD8B,CD8A_CD8B,1.0948339,0.6658163265306123,CD4 T,γδ T,1.1116116,0.0
GNAS,GNAS,1.997213,1.0,ADRB2,ADRB2,0.22599342,0.25757575757575757,Treg,Mono-NC,1.1116033,0.003
GNAI2,GNAI2,2.0849884,0.9696969696969697,UNC5B,UNC5B,0.13736078,0.22556390977443608,Mono-NC,cDC2,1.1111746,0.0
ADAM10,ADAM10,0.24980623,0.22969187675070027,CD44,CD44,1.9724663,0.8612334801762115,CD4 T,TRM,1.1111363,0.0
PTPN6,PTPN6,0.8431796,0.5603715170278638,CLEC12A,CLEC12A,1.3789101,0.8681672025723473,NK-CD16-,Mono-C,1.1110449,0.0
TIMP2,TIMP2,1.0243123,0.8295819935691319,ITGB1,ITGB1,1.1977223,0.8568281938325991,Mono-C,TRM,1.1110172,0.0
GNAS,GNAS,1.997213,1.0,ADCY7,ADCY7,0.22399522,0.3303964757709251,Treg,TRM,1.1106042,0.015
VEGFA,VEGFA,0.2002169,0.18,CD44,CD44,2.020819,0.977491961414791,CD8 T,Mono-C,1.110518,0.0
HMGB1,HMGB1,1.7054685,0.9485530546623794,TLR4,TLR4,0.51519525,0.6060606060606061,Mono-C,Mono-NC,1.1103319,0.0
ITGB2,ITGB2,2.1123059,0.9646302250803859,CD226,CD226,0.108285084,0.14757709251101322,Mono-C,TRM,1.1102955,0.0
HMGB1,HMGB1,1.957732,0.9413265306122449,HAVCR2,HAVCR2,0.2609597,0.2765273311897106,γδ T,Mono-C,1.1093458,0.004
GNAI2,GNAI2,1.9915086,0.9903536977491961,S1PR1,S1PR1,0.22716816,0.1991701244813278,Mono-C,NK-CD16+,1.1093384,0.0
ARPC5,ARPC5,2.0814621,1.0,ADRB2,ADRB2,0.13696499,0.10681114551083591,Mono-NC,NK-CD16-,1.1092136,0.0
MIF,MIF,0.5779544,0.4677871148459384,CD44,CD44_CD74,1.6401936,1.0,CD4 T,Mono-NC,1.109074,0.0
HMGB1,HMGB1,1.7054685,0.9485530546623794,TLR2,TLR2,0.51256245,0.6212121212121212,Mono-C,Mono-NC,1.1090155,0.0
CALM1,CALM1,2.1036716,0.9629629629629629,KCNQ1,KCNQ1,0.11400295,0.16079295154185022,Treg,TRM,1.1088372,0.049
CCL4,CCL4,2.035246,0.9128630705394191,CCR1,CCR1,0.18202607,0.14860681114551083,NK-CD16+,NK-CD16-,1.108636,0.0
TIMP2,TIMP2,1.0195317,0.8193832599118943,ITGB1,ITGB1,1.1977223,0.8568281938325991,TRM,TRM,1.1086271,0.0
GNAI2,GNAI2,1.9915086,0.9903536977491961,CXCR3,CXCR3,0.22554833,0.19327731092436976,Mono-C,CD4 T,1.1085285,0.0
NAMPT,NAMPT,1.4462692,0.8006430868167203,ITGA5,ITGA5_ITGB1,0.77074647,0.6101321585903083,Mono-C,TRM,1.1085079,0.0
GNAI2,GNAI2,2.0849884,0.9696969696969697,S1PR4,S1PR4,0.13158453,0.1762114537444934,Mono-NC,TRM,1.1082864,0.0
GNAI2,GNAI2,2.0849884,0.9696969696969697,S1PR4,S1PR4,0.1313393,0.14,Mono-NC,CD8 T,1.1081638,0.0
GNAI2,GNAI2,2.0849884,0.9696969696969697,CXCR2,CXCR2,0.13101147,0.1078838174273859,Mono-NC,NK-CD16+,1.1079999,0.0
TNFSF13B,TNFSF13B,1.3735859,0.86,CD40,CD40,0.8423143,0.631578947368421,CD8 T,B,1.1079501,0.0
HLA-DMA,HLA-DMA,1.4552293,0.8796992481203008,CD4,CD4,0.7606554,0.6428571428571429,B,cDC2,1.1079423,0.0
GNAI2,GNAI2,1.9915086,0.9903536977491961,ADCY7,ADCY7,0.22399522,0.3303964757709251,Mono-C,TRM,1.107752,0.0
SELPLG,SELPLG,0.36312357,0.29336734693877553,ITGB2,ITGB2,1.8520461,0.941908713692946,γδ T,NK-CD16+,1.1075848,0.0
LGALS9,LGALS9,0.2426989,0.2556390977443609,CD44,CD44,1.9724663,0.8612334801762115,B,TRM,1.1075826,0.0
CLEC2D,CLEC2D,0.8305881,0.576530612244898,KLRB1,KLRB1,1.3843299,0.5933609958506224,γδ T,NK-CD16+,1.1074591,0.0
TGFB1,TGFB1,1.0907497,0.8553054662379421,CXCR4,CXCR4,1.1235944,0.6387665198237885,Mono-C,TRM,1.107172,0.001
SPON2,SPON2,0.1364203,0.1092436974789916,ITGB2,ITGB2,2.077828,1.0,CD4 T,Mono-NC,1.1071241,0.0
GNAS,GNAS,1.702909,0.9323308270676691,PTGDR,PTGDR,0.50954175,0.38,B,CD8 T,1.1062254,0.0
VCAN,VCAN,1.6373343,0.6101321585903083,ITGB1,ITGB1,0.57492626,0.4413265306122449,TRM,γδ T,1.1061304,0.0
C1QB,C1QB,1.4478918,0.41409691629955947,LRP1,LRP1,0.7638819,0.7400881057268722,TRM,TRM,1.1058869,0.0
HLA-DMB,HLA-DMB,1.1532631,0.7518796992481203,CD4,CD4,1.0583234,0.7037037037037037,B,Treg,1.1057932,0.0
GNAS,GNAS,1.997213,1.0,ADCY7,ADCY7,0.21429002,0.36466165413533835,Treg,cDC2,1.1057515,0.013
GNAI2,GNAI2,2.0849884,0.9696969696969697,ADCY7,ADCY7,0.12583455,0.1111111111111111,Mono-NC,Treg,1.1054114,0.0
CD99,CD99,1.5316823,0.8622448979591837,PILRA,PILRA,0.67828345,0.6629955947136564,γδ T,TRM,1.1049829,0.0
CD99,CD99,0.9208066,0.7037037037037037,PILRA,PILRA,1.2890874,0.9090909090909091,Treg,Mono-NC,1.104947,0.0
HLA-DQA1,HLA-DQA1,1.2642461,0.8484848484848485,CD4,CD4,0.9452533,0.8484848484848485,Mono-NC,Mono-NC,1.1047497,0.0
LGALS9,LGALS9,0.23665385,0.25925925925925924,CD44,CD44,1.9724663,0.8612334801762115,Treg,TRM,1.1045601,0.0
COL9A3,COL9A3,0.18822518,0.18796992481203006,CD44,CD44,2.020819,0.977491961414791,B,Mono-C,1.1045221,0.0
SELPLG,SELPLG,0.096498884,0.16917293233082706,ITGB2,ITGB2,2.1123059,0.9646302250803859,cDC2,Mono-C,1.1044024,0.0
HLA-DMB,HLA-DMB,1.3169913,0.7593984962406015,CD4,CD4,0.89178056,0.7556270096463023,cDC2,Mono-C,1.104386,0.0
PTPN6,PTPN6,1.0776117,0.8360128617363344,CLEC12A,CLEC12A,1.1304477,0.8636363636363636,Mono-C,Mono-NC,1.1040297,0.0
CALR,CALR,1.1977082,0.7306501547987616,LRP1,LRP1,1.0102887,0.8360128617363344,NK-CD16-,Mono-C,1.1039984,0.0
GNAS,GNAS,1.6752717,0.9696969696969697,ADRB2,ADRB2,0.53259283,0.42323651452282157,Mono-NC,NK-CD16+,1.1039323,0.001
MMP7,MMP7,0.18660419,0.14285714285714285,CD44,CD44,2.020819,0.977491961414791,CD4 T,Mono-C,1.1037116,0.0
LCK,LCK,1.1123873,0.7427385892116183,CD8B,CD8A_CD8B,1.0948339,0.6658163265306123,NK-CD16+,γδ T,1.1036105,0.0
C1QB,C1QB,1.8822782,0.6616541353383458,C1QBP,C1QBP,0.32488257,0.40514469453376206,cDC2,Mono-C,1.1035804,0.0
FN1,FN1,0.23371491,0.1299559471365639,CD44,CD44,1.9724663,0.8612334801762115,TRM,TRM,1.1030906,0.0
GNAI2,GNAI2,1.6692941,0.9361233480176211,S1PR4,S1PR4,0.5368091,0.44360902255639095,TRM,B,1.1030517,0.0
GNAI2,GNAI2,1.9915086,0.9903536977491961,ADCY7,ADCY7,0.21429002,0.36466165413533835,Mono-C,cDC2,1.1028993,0.0
HLA-DRB1,HLA-DRB1,1.8739448,0.9848484848484849,CD4,CD4,0.33111274,0.2801120448179272,Mono-NC,CD4 T,1.1025288,0.0
HMGB1,HMGB1,1.7054685,0.9485530546623794,HAVCR2,HAVCR2,0.49840647,0.575187969924812,Mono-C,cDC2,1.1019375,0.015
TNF,TNF,0.07192662,0.14285714285714285,TNFRSF1B,TNFRSF1B,2.1318145,1.0,cDC2,Mono-NC,1.1018705,0.0
CALR,CALR,1.1930972,0.7037037037037037,LRP1,LRP1,1.0102887,0.8360128617363344,Treg,Mono-C,1.1016929,0.0
SELPLG,SELPLG,0.44716093,0.4074074074074074,ITGB2,ITGB2,1.7561089,0.933920704845815,Treg,TRM,1.1016349,0.0
HLA-DMA,HLA-DMA,1.8716204,0.8345864661654135,CD4,CD4,0.33111274,0.2801120448179272,cDC2,CD4 T,1.1013665,0.0
HLA-DRB5,HLA-DRB5,1.2568141,0.6945337620578779,CD4,CD4,0.9452533,0.8484848484848485,Mono-C,Mono-NC,1.1010337,0.0
COL9A2,COL9A2,0.18095502,0.18,CD44,CD44,2.020819,0.977491961414791,CD8 T,Mono-C,1.100887,0.0
GNAI2,GNAI2,2.0849884,0.9696969696969697,ADCY7,ADCY7,0.11645088,0.11484593837535013,Mono-NC,CD4 T,1.1007196,0.0
HMGB1,HMGB1,1.8011355,0.9377593360995851,TLR4,TLR4,0.40018338,0.4977973568281938,NK-CD16+,TRM,1.1006595,0.0
CKLF,CKLF,1.7133977,0.88,CCR4,CCR4,0.48696607,0.4074074074074074,CD8 T,Treg,1.1001819,0.0
CCL4,CCL4,2.035246,0.9128630705394191,CCR5,CCR5,0.16453725,0.2669172932330827,NK-CD16+,cDC2,1.0998915,0.0
ADAM10,ADAM10,0.2271121,0.1913265306122449,CD44,CD44,1.9724663,0.8612334801762115,γδ T,TRM,1.0997893,0.0
CALM1,CALM1,1.9615846,0.9195046439628483,KCNN4,KCNN4,0.23798586,0.29955947136563876,NK-CD16-,TRM,1.0997852,0.0
COL6A2,COL6A2,0.22681384,0.1825726141078838,CD44,CD44,1.9724663,0.8612334801762115,NK-CD16+,TRM,1.0996401,0.0
HMGB1,HMGB1,1.6840637,0.9361233480176211,TLR4,TLR4,0.51519525,0.6060606060606061,TRM,Mono-NC,1.0996294,0.0
CALM1,CALM1,2.1036716,0.9629629629629629,VIPR1,VIPR1,0.09492822,0.13183279742765272,Treg,Mono-C,1.0992999,0.037
GRN,GRN,2.060383,0.9647577092511013,SORT1,SORT1,0.13779345,0.2556390977443609,TRM,cDC2,1.0990883,0.0
CD22,CD22,0.88546044,0.6390977443609023,PTPRC,PTPRC,1.3123608,0.6954887218045113,B,cDC2,1.0989106,0.0
MMP9,MMP9,0.17615944,0.13157894736842105,CD44,CD44,2.020819,0.977491961414791,cDC2,Mono-C,1.0984892,0.0
HMGB1,HMGB1,1.6840637,0.9361233480176211,TLR2,TLR2,0.51256245,0.6212121212121212,TRM,Mono-NC,1.0983131,0.001
ADAM10,ADAM10,0.17495443,0.31954887218045114,CD44,CD44,2.020819,0.977491961414791,cDC2,Mono-C,1.0978867,0.0
MIF,MIF,0.2232884,0.28938906752411575,CD44,CD44_CD74,1.9724663,0.8612334801762115,Mono-C,TRM,1.0978774,0.0
HSPA8,HSPA8,1.6609634,0.9118942731277533,ADRB2,ADRB2,0.53259283,0.42323651452282157,TRM,NK-CD16+,1.0967782,0.0
ICAM3,ICAM3,1.1089442,0.7510373443983402,ITGAL,ITGAL,1.0843605,0.9090909090909091,NK-CD16+,Mono-NC,1.0966523,0.0
HLA-DMB,HLA-DMB,1.2478437,0.8105726872246696,CD4,CD4,0.9452533,0.8484848484848485,TRM,Mono-NC,1.0965486,0.0
MIF,MIF,0.17226273,0.25757575757575757,CD44,CD44_CD74,2.020819,0.977491961414791,Mono-NC,Mono-C,1.0965408,0.0
SELPLG,SELPLG,0.11501996,0.12,ITGB2,ITGB2,2.077828,1.0,CD8 T,Mono-NC,1.096424,0.0
SECTM1,SECTM1,0.23236595,0.28634361233480177,CD7,CD7,1.9601786,0.9629629629629629,TRM,Treg,1.0962722,0.0
HLA-DRB1,HLA-DRB1,1.8739448,0.9848484848484849,LAG3,LAG3,0.31858182,0.18518518518518517,Mono-NC,Treg,1.0962633,0.0
HLA-F,HLA-F,0.44610938,0.518796992481203,LILRB2,LILRB2,1.7463557,1.0,cDC2,Mono-NC,1.0962325,0.0
CALM1,CALM1,1.9615846,0.9195046439628483,KCNN4,KCNN4,0.23086745,0.25925925925925924,NK-CD16-,Treg,1.096226,0.001
GNAS,GNAS,1.997213,1.0,ADRB2,ADRB2,0.19508307,0.22508038585209003,Treg,Mono-C,1.096148,0.007
CD48,CD48,1.7161002,0.8879668049792531,CD2,CD2,0.4761548,0.29102167182662536,NK-CD16+,NK-CD16-,1.0961275,0.001
C1QA,C1QA,1.9114438,0.6917293233082706,CD33,CD33,0.28041336,0.3722466960352423,cDC2,TRM,1.0959285,0.0
GNAI2,GNAI2,1.6186169,0.8308270676691729,S1PR4,S1PR4,0.5730861,0.5185185185185185,cDC2,Treg,1.0958515,0.0
GNAI2,GNAI2,1.6186169,0.8308270676691729,S1PR5,S1PR5,0.57272816,0.45228215767634855,cDC2,NK-CD16+,1.0956726,0.0
GNAS,GNAS,1.702909,0.9323308270676691,ADCY7,ADCY7,0.48819146,0.6060606060606061,B,Mono-NC,1.0955502,0.0
HMGB1,HMGB1,1.7899321,0.8962848297213623,TLR4,TLR4,0.40018338,0.4977973568281938,NK-CD16-,TRM,1.0950577,0.0
CCL4,CCL4,2.035246,0.9128630705394191,CCR5,CCR5,0.15471545,0.1400560224089636,NK-CD16+,CD4 T,1.0949807,0.0
GNAI2,GNAI2,2.0849884,0.9696969696969697,S1PR3,S1PR3,0.10491559,0.10792951541850221,Mono-NC,TRM,1.094952,0.0
TGFB1,TGFB1,1.0401518,0.72,ITGB1,ITGB1,1.14894,0.7136929460580913,CD8 T,NK-CD16+,1.0945458,0.035
GNAI2,GNAI2,1.4309491,0.8518518518518519,FPR1,FPR1,0.75772005,0.6818181818181818,Treg,Mono-NC,1.0943346,0.0
LGALS3,LGALS3,1.4848105,0.9090909090909091,ENG,ENG,0.70372885,0.6453744493392071,Mono-NC,TRM,1.0942696,0.0
PSEN1,PSEN1,0.16765077,0.2744360902255639,CD44,CD44,2.020819,0.977491961414791,cDC2,Mono-C,1.0942348,0.0
GNAI2,GNAI2,2.0849884,0.9696969696969697,S1PR4,S1PR4,0.103215255,0.15789473684210525,Mono-NC,cDC2,1.0941018,0.0
GNAI2,GNAI2,1.6186169,0.8308270676691729,S1PR4,S1PR4,0.5695364,0.4649859943977591,cDC2,CD4 T,1.0940766,0.0
GRN,GRN,2.060383,0.9647577092511013,TNFRSF1B,TNFRSF1B,0.1271853,0.1021671826625387,TRM,NK-CD16-,1.0937842,0.0
ARPC5,ARPC5,2.0814621,1.0,LDLR,LDLR,0.10507937,0.13504823151125403,Mono-NC,Mono-C,1.0932708,0.0
S100A12,S100A12,2.0239913,0.9131832797427653,TLR4,TLR4,0.1623037,0.2781954887218045,Mono-C,cDC2,1.0931475,0.0
ITGB2,ITGB2,2.077828,1.0,CD226,CD226,0.108285084,0.14757709251101322,Mono-NC,TRM,1.0930566,0.0
PTPN6,PTPN6,1.0553743,0.7593984962406015,CLEC12A,CLEC12A,1.1304477,0.8636363636363636,B,Mono-NC,1.092911,0.0
MMP7,MMP7,0.21264707,0.19924812030075187,CD44,CD44,1.9724663,0.8612334801762115,cDC2,TRM,1.0925567,0.0
GNAS,GNAS,1.6752717,0.9696969696969697,PTGDR,PTGDR,0.50954175,0.38,Mono-NC,CD8 T,1.0924067,0.008
CD58,CD58,0.5036403,0.4074074074074074,CD2,CD2,1.6805748,0.8011204481792717,Treg,CD4 T,1.0921075,0.0
GNAS,GNAS,1.997213,1.0,ADCY7,ADCY7,0.18623562,0.17346938775510204,Treg,γδ T,1.0917243,0.029
GNAI2,GNAI2,1.4309491,0.8518518518518519,S1PR4,S1PR4,0.751276,0.7272727272727273,Treg,Mono-NC,1.0911126,0.001
GNAI2,GNAI2,0.93232304,0.6992481203007519,FPR1,FPR1,1.2494273,0.8906752411575563,B,Mono-C,1.0908751,0.0
C1QA,C1QA,1.9114438,0.6917293233082706,CD33,CD33,0.2698707,0.37969924812030076,cDC2,cDC2,1.0906572,0.0
VCAN,VCAN,0.1599463,0.15037593984962405,CD44,CD44,2.020819,0.977491961414791,cDC2,Mono-C,1.0903826,0.0
TGFB1,TGFB1,1.0907497,0.8553054662379421,ITGB1,ITGB1,1.0891075,0.6965944272445821,Mono-C,NK-CD16-,1.0899286,0.0
ICAM3,ICAM3,1.5524573,0.9259259259259259,ITGAL,ITGAL,0.62672406,0.48214285714285715,Treg,γδ T,1.0895907,0.0
HLA-DRB5,HLA-DRB5,1.9942361,0.7669172932330827,LAG3,LAG3,0.1844943,0.15126050420168066,cDC2,CD4 T,1.0893652,0.0
SPON2,SPON2,1.4078201,0.6970954356846473,ITGA5,ITGA5,0.77074647,0.6101321585903083,NK-CD16+,TRM,1.0892832,0.0
GNAI2,GNAI2,2.0849884,0.9696969696969697,UNC5B,UNC5B,0.09301387,0.1343612334801762,Mono-NC,TRM,1.089001,0.0
MRC1,MRC1,0.17221653,0.13909774436090225,PTPRC,PTPRC,2.005679,0.938375350140056,cDC2,CD4 T,1.0889478,0.0
GNAI2,GNAI2,1.9915086,0.9903536977491961,ADCY7,ADCY7,0.18623562,0.17346938775510204,Mono-C,γδ T,1.0888721,0.0
LGALS9,LGALS9,0.84653074,0.7652733118971061,CD44,CD44,1.3308253,0.8148148148148148,Mono-C,Treg,1.088678,0.002
TIMP2,TIMP2,1.0243123,0.8295819935691319,ITGB1,ITGB1,1.1527835,0.74,Mono-C,CD8 T,1.088548,0.0
HLA-DMB,HLA-DMB,1.1184314,0.8167202572347267,CD4,CD4,1.0583234,0.7037037037037037,Mono-C,Treg,1.0883775,0.0
ADAM10,ADAM10,0.15574858,0.15037593984962405,CD44,CD44,2.020819,0.977491961414791,B,Mono-C,1.0882838,0.0
YBX1,YBX1,2.1158457,0.960352422907489,NOTCH1,NOTCH1,0.060561344,0.12781954887218044,TRM,cDC2,1.0882035,0.0
CALM1,CALM1,1.9615846,0.9195046439628483,KCNQ1,KCNQ1,0.21376051,0.2572347266881029,NK-CD16-,Mono-C,1.0876726,0.0
SELPLG,SELPLG,0.46913132,0.47266881028938906,ITGB2,ITGB2,1.7057548,0.8458646616541353,Mono-C,cDC2,1.087443,0.0
SELPLG,SELPLG,0.096498884,0.16917293233082706,ITGB2,ITGB2,2.077828,1.0,cDC2,Mono-NC,1.0871634,0.0
HMGB1,HMGB1,1.7740713,0.92,TLR4,TLR4,0.40018338,0.4977973568281938,CD8 T,TRM,1.0871273,0.01
TIMP2,TIMP2,1.0243123,0.8295819935691319,ITGB1,ITGB1,1.14894,0.7136929460580913,Mono-C,NK-CD16+,1.086626,0.0
VEGFA,VEGFA,0.2002169,0.18,CD44,CD44,1.9724663,0.8612334801762115,CD8 T,TRM,1.0863416,0.0
TIMP2,TIMP2,1.0195317,0.8193832599118943,ITGB1,ITGB1,1.1527835,0.74,TRM,CD8 T,1.0861576,0.0
APOE,APOE,1.4075412,0.4052863436123348,LRP1,LRP1,0.7638819,0.7400881057268722,TRM,TRM,1.0857115,0.0
LGALS9,LGALS9,1.0351217,0.9090909090909091,CD47,CD47,1.1356851,0.7717842323651453,Mono-NC,NK-CD16+,1.0854034,0.0
CD59,CD59,0.48945206,0.4074074074074074,CD2,CD2,1.6805748,0.8011204481792717,Treg,CD4 T,1.0850134,0.0
TGFB1,TGFB1,1.3503319,0.7972136222910217,ITGB1,ITGB1,0.8193306,0.7588424437299035,NK-CD16-,Mono-C,1.0848312,0.0
HGF,HGF,0.148831,0.18006430868167203,CD44,CD44,2.020819,0.977491961414791,Mono-C,Mono-C,1.0848249,0.0
HLA-F,HLA-F,1.6585511,0.9045643153526971,CD8B,CD8B,0.51036483,0.3153526970954357,NK-CD16+,NK-CD16+,1.084458,0.0
TIMP2,TIMP2,1.0195317,0.8193832599118943,ITGB1,ITGB1,1.14894,0.7136929460580913,TRM,NK-CD16+,1.0842359,0.0
VEGFA,VEGFA,0.1474075,0.16541353383458646,CD44,CD44,2.020819,0.977491961414791,cDC2,Mono-C,1.0841132,0.0
HMGB1,HMGB1,1.957732,0.9413265306122449,THBD,THBD,0.20896673,0.24242424242424243,γδ T,Mono-NC,1.0833493,0.004
GNAI2,GNAI2,1.6692941,0.9361233480176211,CXCR3,CXCR3,0.49649835,0.3746130030959752,TRM,NK-CD16-,1.0828962,0.0
ITGB2,ITGB2,2.1123059,0.9646302250803859,CD226,CD226,0.053129725,0.11278195488721804,Mono-C,cDC2,1.0827178,0.0
GNAI2,GNAI2,0.91576546,0.6207430340557275,FPR1,FPR1,1.2494273,0.8906752411575563,NK-CD16-,Mono-C,1.0825964,0.0
GNAS,GNAS,1.7523254,0.9449339207048458,ADCY7,ADCY7,0.41265854,0.4758842443729904,TRM,Mono-C,1.082492,0.0
GNAI2,GNAI2,1.9915086,0.9903536977491961,S1PR3,S1PR3,0.17297463,0.21221864951768488,Mono-C,Mono-C,1.0822417,0.0
CIRBP,CIRBP,1.3343707,0.8148148148148148,TREM1,TREM1,0.82927376,0.5638766519823789,Treg,TRM,1.0818223,0.0
GNAS,GNAS,1.6752717,0.9696969696969697,ADCY7,ADCY7,0.48819146,0.6060606060606061,Mono-NC,Mono-NC,1.0817316,0.01
PSEN1,PSEN1,0.14256981,0.15789473684210525,CD44,CD44,2.020819,0.977491961414791,B,Mono-C,1.0816944,0.0
C1QB,C1QB,1.8822782,0.6616541353383458,CD33,CD33,0.28041336,0.3722466960352423,cDC2,TRM,1.0813458,0.0
TGFB1,TGFB1,0.82959795,0.6134453781512605,CXCR4,CXCR4,1.3327702,0.7744360902255639,CD4 T,B,1.0811841,0.04
CALM1,CALM1,1.9615846,0.9195046439628483,INSR,INSR,0.20066448,0.2540192926045016,NK-CD16-,Mono-C,1.0811245,0.0
GNAS,GNAS,1.997213,1.0,ADRB2,ADRB2,0.16466756,0.14285714285714285,Treg,γδ T,1.0809402,0.012
COL9A3,COL9A3,0.18822518,0.18796992481203006,CD44,CD44,1.9724663,0.8612334801762115,B,TRM,1.0803457,0.0
SPP1,SPP1,0.1398205,0.1130030959752322,CD44,CD44,2.020819,0.977491961414791,NK-CD16-,Mono-C,1.0803198,0.0
CD99,CD99,0.8714399,0.7312775330396476,PILRA,PILRA,1.2890874,0.9090909090909091,TRM,Mono-NC,1.0802636,0.0
GNAI2,GNAI2,1.051248,0.7450980392156863,FPR1,FPR1,1.1087703,0.7070484581497798,CD4 T,TRM,1.0800091,0.0
GNAS,GNAS,1.6274227,0.9260450160771704,ADRB2,ADRB2,0.53259283,0.42323651452282157,Mono-C,NK-CD16+,1.0800078,0.0
MMP7,MMP7,0.18660419,0.14285714285714285,CD44,CD44,1.9724663,0.8612334801762115,CD4 T,TRM,1.0795352,0.0
LGALS9,LGALS9,0.1378367,0.14,CD44,CD44,2.020819,0.977491961414791,CD8 T,Mono-C,1.0793278,0.0
PSEN1,PSEN1,0.13780133,0.12033195020746888,CD44,CD44,2.020819,0.977491961414791,NK-CD16+,Mono-C,1.0793102,0.0
LTB,LTB,1.6756997,0.7448979591836735,TNFRSF1A,TNFRSF1A,0.4826395,0.5451127819548872,γδ T,cDC2,1.0791696,0.0
GNAI2,GNAI2,1.6692941,0.9361233480176211,ADCY7,ADCY7,0.48819146,0.6060606060606061,TRM,Mono-NC,1.0787427,0.0
LGALS3,LGALS3,1.4537047,0.8480176211453745,ENG,ENG,0.70372885,0.6453744493392071,TRM,TRM,1.0787168,0.0
CD48,CD48,1.9030787,0.9696969696969697,CD244,CD244,0.25420353,0.2157676348547718,Mono-NC,NK-CD16+,1.078641,0.0
HSPA8,HSPA8,1.624369,0.88,ADRB2,ADRB2,0.53259283,0.42323651452282157,CD8 T,NK-CD16+,1.078481,0.0
CLEC2D,CLEC2D,0.7723496,0.5864661654135338,KLRB1,KLRB1,1.3843299,0.5933609958506224,B,NK-CD16+,1.0783398,0.0
GNAI2,GNAI2,1.9915086,0.9903536977491961,CCR5,CCR5,0.16453725,0.2669172932330827,Mono-C,cDC2,1.078023,0.0
HLA-DQA1,HLA-DQA1,1.2642461,0.8484848484848485,CD4,CD4,0.89178056,0.7556270096463023,Mono-NC,Mono-C,1.0780133,0.0
GNAI2,GNAI2,1.6186169,0.8308270676691729,S1PR4,S1PR4,0.5368091,0.44360902255639095,cDC2,B,1.077713,0.0
ANXA1,ANXA1,1.3966732,0.773109243697479,FPR1,FPR1,0.75772005,0.6818181818181818,CD4 T,Mono-NC,1.0771966,0.0
S100A8,S100A8,1.4347306,0.7121212121212122,TLR4,TLR4,0.7193331,0.662379421221865,Mono-NC,Mono-C,1.0770319,0.0
COL9A2,COL9A2,0.18095502,0.18,CD44,CD44,1.9724663,0.8612334801762115,CD8 T,TRM,1.0767107,0.0
SELPLG,SELPLG,0.44716093,0.4074074074074074,ITGB2,ITGB2,1.7057548,0.8458646616541353,Treg,cDC2,1.0764579,0.0
TGFB1,TGFB1,1.1898917,0.8392070484581498,ITGB1,ITGB1,0.96273524,0.8636363636363636,TRM,Mono-NC,1.0763135,0.032
MMP7,MMP7,0.1317242,0.10459183673469388,CD44,CD44,2.020819,0.977491961414791,γδ T,Mono-C,1.0762715,0.0
C1QB,C1QB,1.8822782,0.6616541353383458,CD33,CD33,0.2698707,0.37969924812030076,cDC2,cDC2,1.0760745,0.0
CALM1,CALM1,1.9615846,0.9195046439628483,INSR,INSR,0.18988392,0.2878787878787879,NK-CD16-,Mono-NC,1.0757343,0.0
HMGB1,HMGB1,1.75128,0.9215686274509803,TLR4,TLR4,0.40018338,0.4977973568281938,CD4 T,TRM,1.0757316,0.0
HLA-DQA2,HLA-DQA2,1.0928336,0.5601503759398496,CD4,CD4,1.0583234,0.7037037037037037,cDC2,Treg,1.0755785,0.0
COL9A2,COL9A2,0.13031147,0.14814814814814814,CD44,CD44,2.020819,0.977491961414791,Treg,Mono-C,1.0755652,0.0
LGALS9,LGALS9,0.13019994,0.10990712074303406,CD44,CD44,2.020819,0.977491961414791,NK-CD16-,Mono-C,1.0755094,0.0
VEGFA,VEGFA,1.2694507,0.6409691629955947,CD44,CD44,0.88101256,0.5712074303405573,TRM,NK-CD16-,1.0752316,0.0
SELPLG,SELPLG,0.29787472,0.28291316526610644,ITGB2,ITGB2,1.8520461,0.941908713692946,CD4 T,NK-CD16+,1.0749605,0.0
VCAN,VCAN,1.6373343,0.6101321585903083,TLR2,TLR2,0.51256245,0.6212121212121212,TRM,Mono-NC,1.0749484,0.0
GNAI2,GNAI2,1.9915086,0.9903536977491961,S1PR1,S1PR1,0.1580485,0.15789473684210525,Mono-C,B,1.0747786,0.0
PSEN1,PSEN1,0.12841062,0.10835913312693499,CD44,CD44,2.020819,0.977491961414791,NK-CD16-,Mono-C,1.0746148,0.0
ANXA2,ANXA2,1.4006976,0.7593984962406015,TLR2,TLR2,0.7481718,0.684887459807074,cDC2,Mono-C,1.0744348,0.0
GRN,GRN,1.3472822,0.9242424242424242,TNFRSF1A,TNFRSF1A,0.8014042,0.7234726688102894,Mono-NC,Mono-C,1.0743432,0.0
MMP9,MMP9,0.17615944,0.13157894736842105,CD44,CD44,1.9724663,0.8612334801762115,cDC2,TRM,1.0743129,0.0
GNAS,GNAS,1.997213,1.0,ADCY7,ADCY7,0.15139137,0.1346749226006192,Treg,NK-CD16-,1.0743022,0.045
HLA-DRB5,HLA-DRB5,1.2568141,0.6945337620578779,CD4,CD4,0.89178056,0.7556270096463023,Mono-C,Mono-C,1.0742973,0.0
GNAS,GNAS,1.7355174,0.8979591836734694,ADCY7,ADCY7,0.41265854,0.4758842443729904,γδ T,Mono-C,1.074088,0.0
CALM1,CALM1,1.9615846,0.9195046439628483,KCNN4,KCNN4,0.18584758,0.19548872180451127,NK-CD16-,B,1.073716,0.0
ADAM10,ADAM10,0.17495443,0.31954887218045114,CD44,CD44,1.9724663,0.8612334801762115,cDC2,TRM,1.0737104,0.0
ITGB2,ITGB2,1.7561089,0.933920704845815,CD226,CD226,0.39117658,0.3236514522821577,TRM,NK-CD16+,1.0736427,0.0
TNFSF13B,TNFSF13B,0.4346889,0.28291316526610644,HLA-DPB1,HLA-DPB1,1.7125539,0.8488745980707395,CD4 T,Mono-C,1.0736214,0.0
VCAN,VCAN,1.6373343,0.6101321585903083,ITGB1,ITGB1,0.5097219,0.38345864661654133,TRM,B,1.073528,0.0
GNAI2,GNAI2,1.9915086,0.9903536977491961,CCR5,CCR5,0.15471545,0.1400560224089636,Mono-C,CD4 T,1.073112,0.0
CD99,CD99,0.85709506,0.62,PILRA,PILRA,1.2890874,0.9090909090909091,CD8 T,Mono-NC,1.0730913,0.0
GRN,GRN,1.5962931,0.793233082706767,TNFRSF1A,TNFRSF1A,0.54939437,0.5757575757575758,cDC2,Mono-NC,1.0728438,0.0
HLA-F,HLA-F,1.0506701,0.7310924369747899,CD8B,CD8B,1.0948339,0.6658163265306123,CD4 T,γδ T,1.072752,0.0
CIRBP,CIRBP,1.3158954,0.86,TREM1,TREM1,0.82927376,0.5638766519823789,CD8 T,TRM,1.0725846,0.0
CLEC2D,CLEC2D,0.7607774,0.5185185185185185,KLRB1,KLRB1,1.3843299,0.5933609958506224,Treg,NK-CD16+,1.0725536,0.0
HLA-F,HLA-F,1.6585511,0.9045643153526971,LILRB1,LILRB1,0.48631135,0.5176211453744494,NK-CD16+,TRM,1.0724312,0.0
MIF,MIF,0.17226273,0.25757575757575757,CD44,CD44_CD74,1.9724663,0.8612334801762115,Mono-NC,TRM,1.0723646,0.0
C1QA,C1QA,1.9114438,0.6917293233082706,CR1,CR1,0.23274004,0.2665198237885463,cDC2,TRM,1.0720919,0.0
GNAI2,GNAI2,1.9915086,0.9903536977491961,F2R,F2R,0.15213738,0.1400560224089636,Mono-C,CD4 T,1.071823,0.0
HLA-F,HLA-F,1.506346,0.8647959183673469,LILRB1,LILRB1,0.6366831,0.6141479099678456,γδ T,Mono-C,1.0715146,0.0
GNAI2,GNAI2,1.9915086,0.9903536977491961,ADCY7,ADCY7,0.15139137,0.1346749226006192,Mono-C,NK-CD16-,1.07145,0.0
SECTM1,SECTM1,0.23236595,0.28634361233480177,CD7,CD7,1.910469,0.8239795918367347,TRM,γδ T,1.0714175,0.0
PSEN1,PSEN1,0.121966906,0.10714285714285714,CD44,CD44,2.020819,0.977491961414791,γδ T,Mono-C,1.0713929,0.0
TGM2,TGM2,1.4282444,0.6057268722466961,ITGB1,ITGB1,0.7144593,0.6296296296296297,TRM,Treg,1.0713518,0.0
ANXA1,ANXA1,0.8931233,0.5634674922600619,FPR1,FPR1,1.2494273,0.8906752411575563,NK-CD16-,Mono-C,1.0712754,0.0
HLA-F,HLA-F,0.906024,0.6207430340557275,LILRB1,LILRB1,1.2360857,0.9242424242424242,NK-CD16-,Mono-NC,1.0710548,0.0
GNAI2,GNAI2,1.6692941,0.9361233480176211,S1PR4,S1PR4,0.47247362,0.3877551020408163,TRM,γδ T,1.0708839,0.0
S100A12,S100A12,2.0239913,0.9131832797427653,CD36,CD36,0.11772665,0.15037593984962405,Mono-C,cDC2,1.070859,0.0
PTPN6,PTPN6,0.7626841,0.6578947368421053,CLEC12A,CLEC12A,1.3789101,0.8681672025723473,cDC2,Mono-C,1.0707971,0.0
GNAI2,GNAI2,1.6692941,0.9361233480176211,CXCR3,CXCR3,0.47176018,0.37037037037037035,TRM,Treg,1.0705272,0.0
PSEN1,PSEN1,0.16765077,0.2744360902255639,CD44,CD44,1.9724663,0.8612334801762115,cDC2,TRM,1.0700586,0.0
SECTM1,SECTM1,0.6598696,0.7121212121212122,CD7,CD7,1.4802365,0.7927170868347339,Mono-NC,CD4 T,1.0700531,0.0
HLA-DMB,HLA-DMB,1.2478437,0.8105726872246696,CD4,CD4,0.89178056,0.7556270096463023,TRM,Mono-C,1.0698122,0.0
HMGB1,HMGB1,1.5355808,0.9848484848484849,TLR2,TLR2,0.6037369,0.6079295154185022,Mono-NC,TRM,1.0696588,0.034
HSPA8,HSPA8,1.6064255,0.8739495798319328,ADRB2,ADRB2,0.53259283,0.42323651452282157,CD4 T,NK-CD16+,1.0695091,0.0
CALM1,CALM1,1.9615846,0.9195046439628483,FAS,FAS,0.17713857,0.15306122448979592,NK-CD16-,γδ T,1.0693616,0.0
LGALS3,LGALS3,1.5745354,0.8971061093247589,LAG3,LAG3,0.5634088,0.41836734693877553,Mono-C,γδ T,1.0689721,0.0
CKLF,CKLF,1.6509312,0.8341836734693877,CCR4,CCR4,0.48696607,0.4074074074074074,γδ T,Treg,1.0689486,0.0
HLA-DPA1,HLA-DPA1,1.80646,0.8810289389067524,CD4,CD4,0.33111274,0.2801120448179272,Mono-C,CD4 T,1.0687864,0.001
S100A9,S100A9,0.4767763,0.2669172932330827,CD68,CD68,1.6607586,0.9545454545454546,cDC2,Mono-NC,1.0687674,0.0
MMP7,MMP7,0.11657594,0.12334801762114538,CD44,CD44,2.020819,0.977491961414791,TRM,Mono-C,1.0686975,0.0
TNFSF13B,TNFSF13B,0.42461497,0.4699248120300752,HLA-DPB1,HLA-DPB1,1.7125539,0.8488745980707395,cDC2,Mono-C,1.0685844,0.0
GNAS,GNAS,1.6274227,0.9260450160771704,PTGDR,PTGDR,0.50954175,0.38,Mono-C,CD8 T,1.0684822,0.004
GNAI2,GNAI2,0.93232304,0.6992481203007519,C5AR1,C5AR1,1.2045323,0.9242424242424242,B,Mono-NC,1.0684277,0.0
TGFB1,TGFB1,1.0907497,0.8553054662379421,CXCR4,CXCR4,1.0455099,0.5637755102040817,Mono-C,γδ T,1.0681298,0.018
HMGB1,HMGB1,1.7357348,0.9548872180451128,TLR4,TLR4,0.40018338,0.4977973568281938,B,TRM,1.0679591,0.002
LGALS9,LGALS9,0.11375386,0.10714285714285714,CD44,CD44,2.020819,0.977491961414791,γδ T,Mono-C,1.0672864,0.0
PSEN1,PSEN1,0.11373049,0.1,CD44,CD44,2.020819,0.977491961414791,CD8 T,Mono-C,1.0672747,0.0
CALM1,CALM1,1.9615846,0.9195046439628483,KCNN4,KCNN4,0.17289945,0.22727272727272727,NK-CD16-,Mono-NC,1.067242,0.0
GNAS,GNAS,1.997213,1.0,ADRB2,ADRB2,0.13696499,0.10681114551083591,Treg,NK-CD16-,1.067089,0.022
CD48,CD48,1.9030787,0.9696969696969697,CD244,CD244,0.23106226,0.3181818181818182,Mono-NC,Mono-NC,1.0670705,0.0
ANXA1,ANXA1,1.3762354,0.8787878787878788,FPR1,FPR1,0.75772005,0.6818181818181818,Mono-NC,Mono-NC,1.0669777,0.006
GNAS,GNAS,1.7523254,0.9449339207048458,PTGDR,PTGDR,0.38096938,0.30030959752321984,TRM,NK-CD16-,1.0666474,0.0
LGALS9,LGALS9,0.8022431,0.6879699248120301,CD44,CD44,1.3308253,0.8148148148148148,cDC2,Treg,1.0665343,0.002
CLEC2D,CLEC2D,0.74860984,0.5350140056022409,KLRB1,KLRB1,1.3843299,0.5933609958506224,CD4 T,NK-CD16+,1.0664699,0.0
VCAN,VCAN,0.1599463,0.15037593984962405,CD44,CD44,1.9724663,0.8612334801762115,cDC2,TRM,1.0662063,0.0
C3,C3,0.52352124,0.29515418502202645,CD81,CD81,1.6084934,0.7969924812030075,TRM,cDC2,1.0660074,0.0
LTB,LTB,1.6756997,0.7448979591836735,TNFRSF1A,TNFRSF1A,0.45619887,0.375,γδ T,γδ T,1.0659493,0.0
ITGB2,ITGB2,2.077828,1.0,CD226,CD226,0.053129725,0.11278195488721804,Mono-NC,cDC2,1.0654788,0.0
GNAS,GNAS,1.8454778,0.9495798319327731,PTGDR,PTGDR,0.28517222,0.22959183673469388,CD4 T,γδ T,1.065325,0.0
SELPLG,SELPLG,0.37433174,0.29102167182662536,ITGB2,ITGB2,1.7561089,0.933920704845815,NK-CD16-,TRM,1.0652204,0.0
PSAP,PSAP,1.3664533,0.7443609022556391,LRP1,LRP1,0.7638819,0.7400881057268722,cDC2,TRM,1.0651677,0.0
HMGB1,HMGB1,1.8302479,0.8458646616541353,THBD,THBD,0.29989356,0.2282958199356913,cDC2,Mono-C,1.0650707,0.0
HGF,HGF,0.10895583,0.15638766519823788,CD44,CD44,2.020819,0.977491961414791,TRM,Mono-C,1.0648874,0.0
C1QA,C1QA,1.9114438,0.6917293233082706,CR1,CR1,0.21769552,0.2727272727272727,cDC2,Mono-NC,1.0645697,0.0
HLA-F,HLA-F,1.0342016,0.8787878787878788,CD8B,CD8B,1.0948339,0.6658163265306123,Mono-NC,γδ T,1.0645177,0.0
GNAI2,GNAI2,1.9915086,0.9903536977491961,UNC5B,UNC5B,0.13736078,0.22556390977443608,Mono-C,cDC2,1.0644346,0.0
GNAS,GNAS,1.5960115,0.8668730650154799,ADRB2,ADRB2,0.53259283,0.42323651452282157,NK-CD16-,NK-CD16+,1.0643022,0.0
ADAM10,ADAM10,0.15574858,0.15037593984962405,CD44,CD44,1.9724663,0.8612334801762115,B,TRM,1.0641074,0.0
MIF,MIF,0.48784086,0.3903061224489796,CD44,CD44_CD74,1.6401936,1.0,γδ T,Mono-NC,1.0640172,0.001
ICAM3,ICAM3,1.0413592,0.7066326530612245,ITGAL,ITGAL,1.0843605,0.9090909090909091,γδ T,Mono-NC,1.0628598,0.0
LTA,LTA,0.5572398,0.48148148148148145,TNFRSF1B,TNFRSF1B,1.5683897,0.9389067524115756,Treg,Mono-C,1.0628147,0.0
CCL3,CCL3,1.2443963,0.5959752321981424,CCR1,CCR1,0.880954,0.7224669603524229,NK-CD16-,TRM,1.0626752,0.0
HLA-DPA1,HLA-DPA1,1.80646,0.8810289389067524,LAG3,LAG3,0.31858182,0.18518518518518517,Mono-C,Treg,1.062521,0.0
VCAN,VCAN,1.6373343,0.6101321585903083,CD44,CD44,0.4876988,0.3900414937759336,TRM,NK-CD16+,1.0625166,0.0
HMGB1,HMGB1,1.957732,0.9413265306122449,TLR2,TLR2,0.16642308,0.2819548872180451,γδ T,cDC2,1.0620775,0.001
CD55,CD55,1.0605979,0.7588424437299035,ADGRE2,ADGRE2,1.0632316,0.8787878787878788,Mono-C,Mono-NC,1.0619147,0.0
GNAI2,GNAI2,1.9915086,0.9903536977491961,S1PR4,S1PR4,0.13158453,0.1762114537444934,Mono-C,TRM,1.0615466,0.0
GNAI2,GNAI2,1.9915086,0.9903536977491961,S1PR4,S1PR4,0.1313393,0.14,Mono-C,CD8 T,1.0614239,0.0
GNAI2,GNAI2,1.9915086,0.9903536977491961,CXCR2,CXCR2,0.13101147,0.1078838174273859,Mono-C,NK-CD16+,1.06126,0.0
SPON2,SPON2,1.4078201,0.6970954356846473,ITGB1,ITGB1,0.7144593,0.6296296296296297,NK-CD16+,Treg,1.0611397,0.0
C1QB,C1QB,1.4478918,0.41409691629955947,CD33,CD33,0.6734245,0.662379421221865,TRM,Mono-C,1.0606582,0.0
HGF,HGF,0.148831,0.18006430868167203,CD44,CD44,1.9724663,0.8612334801762115,Mono-C,TRM,1.0606487,0.0
GNAI2,GNAI2,0.91576546,0.6207430340557275,C5AR1,C5AR1,1.2045323,0.9242424242424242,NK-CD16-,Mono-NC,1.0601488,0.0
HLA-F,HLA-F,1.0252563,0.819935691318328,CD8B,CD8B,1.0948339,0.6658163265306123,Mono-C,γδ T,1.060045,0.0
HMGB1,HMGB1,1.957732,0.9413265306122449,TLR4,TLR4,0.1623037,0.2781954887218045,γδ T,cDC2,1.0600178,0.0
VEGFA,VEGFA,0.1474075,0.16541353383458646,CD44,CD44,1.9724663,0.8612334801762115,cDC2,TRM,1.0599369,0.0
TGM2,TGM2,1.4282444,0.6057268722466961,ITGA4,ITGA4,0.6913513,0.5925925925925926,TRM,Treg,1.0597978,0.0
SELPLG,SELPLG,0.36312357,0.29336734693877553,ITGB2,ITGB2,1.7561089,0.933920704845815,γδ T,TRM,1.0596162,0.0
HGF,HGF,0.09813274,0.13636363636363635,CD44,CD44,2.020819,0.977491961414791,Mono-NC,Mono-C,1.0594759,0.0
GRN,GRN,1.5962931,0.793233082706767,TNFRSF1B,TNFRSF1B,0.5217292,0.4107883817427386,cDC2,NK-CD16+,1.0590111,0.0
HLA-DMB,HLA-DMB,1.3169913,0.7593984962406015,CD4,CD4,0.8007195,0.7290748898678414,cDC2,TRM,1.0588554,0.0
GNAI2,GNAI2,1.9915086,0.9903536977491961,ADCY7,ADCY7,0.12583455,0.1111111111111111,Mono-C,Treg,1.0586716,0.0
RETN,RETN,0.19570571,0.18722466960352424,CAP1,CAP1,1.9208485,1.0,TRM,Mono-NC,1.0582771,0.0
GNAS,GNAS,1.7355174,0.8979591836734694,PTGDR,PTGDR,0.38096938,0.30030959752321984,γδ T,NK-CD16-,1.0582434,0.0
MMP7,MMP7,0.094848365,0.10932475884244373,CD44,CD44,2.020819,0.977491961414791,Mono-C,Mono-C,1.0578337,0.0
GNAS,GNAS,1.6274227,0.9260450160771704,ADCY7,ADCY7,0.48819146,0.6060606060606061,Mono-C,Mono-NC,1.0578071,0.0
GNAS,GNAS,1.702909,0.9323308270676691,ADCY7,ADCY7,0.41265854,0.4758842443729904,B,Mono-C,1.0577837,0.0
GNAI2,GNAI2,1.6186169,0.8308270676691729,CXCR3,CXCR3,0.49649835,0.3746130030959752,cDC2,NK-CD16-,1.0575576,0.0
PSEN1,PSEN1,0.14256981,0.15789473684210525,CD44,CD44,1.9724663,0.8612334801762115,B,TRM,1.0575181,0.0
LGALS9,LGALS9,1.0351217,0.9090909090909091,CD44,CD44,1.0796558,0.7254901960784313,Mono-NC,CD4 T,1.0573888,0.0
LAMB3,LAMB3,0.09384765,0.1277533039647577,CD44,CD44,2.020819,0.977491961414791,TRM,Mono-C,1.0573334,0.0
HLA-DRB1,HLA-DRB1,1.8739448,0.9848484848484849,LAG3,LAG3,0.24067335,0.2074688796680498,Mono-NC,NK-CD16+,1.057309,0.0
TIMP2,TIMP2,1.0243123,0.8295819935691319,ITGB1,ITGB1,1.0891075,0.6965944272445821,Mono-C,NK-CD16-,1.0567099,0.0
TGFB1,TGFB1,1.4091885,0.8464730290456431,ENG,ENG,0.70372885,0.6453744493392071,NK-CD16+,TRM,1.0564587,0.0
SPP1,SPP1,0.1398205,0.1130030959752322,CD44,CD44,1.9724663,0.8612334801762115,NK-CD16-,TRM,1.0561434,0.0
LGALS9,LGALS9,0.1378367,0.14,CD44,CD44,1.9724663,0.8612334801762115,CD8 T,TRM,1.0551515,0.0
PSEN1,PSEN1,0.13780133,0.12033195020746888,CD44,CD44,1.9724663,0.8612334801762115,NK-CD16+,TRM,1.0551338,0.0
TGFB1,TGFB1,0.9118043,0.6173469387755102,ITGB1,ITGB1,1.1977223,0.8568281938325991,γδ T,TRM,1.0547633,0.004
PTPN6,PTPN6,0.73054206,0.7136563876651982,CLEC12A,CLEC12A,1.3789101,0.8681672025723473,TRM,Mono-C,1.0547261,0.0
CALM1,CALM1,1.9615846,0.9195046439628483,FAS,FAS,0.14768048,0.14565826330532214,NK-CD16-,CD4 T,1.0546325,0.0
TGFB1,TGFB1,1.4091885,0.8464730290456431,CXCR4,CXCR4,0.70004535,0.3157894736842105,NK-CD16+,NK-CD16-,1.0546169,0.035
TIMP2,TIMP2,1.0195317,0.8193832599118943,ITGB1,ITGB1,1.0891075,0.6965944272445821,TRM,NK-CD16-,1.0543196,0.0
GNAI2,GNAI2,1.4309491,0.8518518518518519,CXCR3,CXCR3,0.67741656,0.4923469387755102,Treg,γδ T,1.0541828,0.0
GNAI2,GNAI2,1.9915086,0.9903536977491961,ADCY7,ADCY7,0.11645088,0.11484593837535013,Mono-C,CD4 T,1.0539798,0.0
ADAM10,ADAM10,0.4676121,0.5572687224669604,CD44,CD44,1.6401936,1.0,TRM,Mono-NC,1.0539029,0.0
TIMP2,TIMP2,0.46746552,0.518796992481203,CD44,CD44,1.6401936,1.0,cDC2,Mono-NC,1.0538296,0.0
HLA-F,HLA-F,1.0123359,0.7744360902255639,CD8B,CD8B,1.0948339,0.6658163265306123,B,γδ T,1.0535848,0.0
GNAI2,GNAI2,1.6186169,0.8308270676691729,ADCY7,ADCY7,0.48819146,0.6060606060606061,cDC2,Mono-NC,1.0534042,0.0
LGALS9,LGALS9,0.7756295,0.698237885462555,CD44,CD44,1.3308253,0.8148148148148148,TRM,Treg,1.0532274,0.002
LGALS9,LGALS9,1.0351217,0.9090909090909091,CD44,CD44,1.0712655,0.6658163265306123,Mono-NC,γδ T,1.0531936,0.0
CD55,CD55,1.1657451,0.8484848484848485,ADGRE5,ADGRE5,0.94057596,0.6597510373443983,Mono-NC,NK-CD16+,1.0531605,0.0
MIF,MIF,0.46597883,0.5044052863436124,CD44,CD44_CD74,1.6401936,1.0,TRM,Mono-NC,1.0530862,0.0
HMGB1,HMGB1,1.7054685,0.9485530546623794,TLR4,TLR4,0.40018338,0.4977973568281938,Mono-C,TRM,1.0528259,0.0
GNAS,GNAS,1.5960115,0.8668730650154799,PTGDR,PTGDR,0.50954175,0.38,NK-CD16-,CD8 T,1.0527766,0.013
GNAI2,GNAI2,1.1912591,0.7602040816326531,C5AR1,C5AR1,0.9142223,0.6752411575562701,γδ T,Mono-C,1.0527407,0.0
CD59,CD59,0.4246249,0.4774436090225564,CD2,CD2,1.6805748,0.8011204481792717,cDC2,CD4 T,1.0525998,0.0
ICAM4,ICAM4,0.25308305,0.30303030303030304,ITGB2,ITGB2,1.8520461,0.941908713692946,Mono-NC,NK-CD16+,1.0525646,0.0
GNAI2,GNAI2,1.1905274,0.78,C5AR1,C5AR1,0.9142223,0.6752411575562701,CD8 T,Mono-C,1.0523748,0.0
HLA-DQA2,HLA-DQA2,1.5412939,0.8270676691729323,LAG3,LAG3,0.5634088,0.41836734693877553,B,γδ T,1.0523514,0.0
GNAI2,GNAI2,0.93232304,0.6992481203007519,C5AR1,C5AR1,1.1721296,0.7180616740088106,B,TRM,1.0522263,0.0
MMP7,MMP7,0.1317242,0.10459183673469388,CD44,CD44,1.9724663,0.8612334801762115,γδ T,TRM,1.0520953,0.0
GSTP1,GSTP1,1.9810578,0.9678456591639871,TRAF2,TRAF2,0.1230275,0.12,Mono-C,CD8 T,1.0520426,0.0
TIMP2,TIMP2,1.0243123,0.8295819935691319,CD44,CD44,1.0796558,0.7254901960784313,Mono-C,CD4 T,1.0519841,0.0
COL9A2,COL9A2,0.13031147,0.14814814814814814,CD44,CD44,1.9724663,0.8612334801762115,Treg,TRM,1.0513889,0.0
LGALS9,LGALS9,0.13019994,0.10990712074303406,CD44,CD44,1.9724663,0.8612334801762115,NK-CD16-,TRM,1.0513332,0.0
HLA-DMA,HLA-DMA,1.044295,0.77491961414791,CD4,CD4,1.0583234,0.7037037037037037,Mono-C,Treg,1.0513091,0.0
CALR,CALR,1.3386991,0.8281938325991189,LRP1,LRP1,0.7638819,0.7400881057268722,TRM,TRM,1.0512905,0.0
SPON2,SPON2,0.24908192,0.18,ITGB2,ITGB2,1.8520461,0.941908713692946,CD8 T,NK-CD16+,1.050564,0.0
HMGB1,HMGB1,1.8011355,0.9377593360995851,THBD,THBD,0.29989356,0.2282958199356913,NK-CD16+,Mono-C,1.0505146,0.001
APOE,APOE,1.4075412,0.4052863436123348,SORL1,SORL1,0.69347787,0.6541850220264317,TRM,TRM,1.0505095,0.0
PSEN1,PSEN1,0.12841062,0.10835913312693499,CD44,CD44,1.9724663,0.8612334801762115,NK-CD16-,TRM,1.0504385,0.0
HLA-F,HLA-F,1.0506701,0.7310924369747899,LILRB2,LILRB2,1.0501987,0.7909967845659164,CD4 T,Mono-C,1.0504344,0.0
ADAM10,ADAM10,0.76983654,0.8333333333333334,CD44,CD44,1.3308253,0.8148148148148148,Mono-NC,Treg,1.0503309,0.002
CD55,CD55,1.1657451,0.8484848484848485,ADGRE5,ADGRE5,0.9345183,0.7459807073954984,Mono-NC,Mono-C,1.0501317,0.0
CALM1,CALM1,1.9615846,0.9195046439628483,FAS,FAS,0.13845298,0.19696969696969696,NK-CD16-,Mono-NC,1.0500188,0.011
PSEN1,PSEN1,0.45922452,0.5080385852090032,CD44,CD44,1.6401936,1.0,Mono-C,Mono-NC,1.0497091,0.0
TIMP2,TIMP2,1.0195317,0.8193832599118943,CD44,CD44,1.0796558,0.7254901960784313,TRM,CD4 T,1.0495937,0.0
SPON2,SPON2,1.4078201,0.6970954356846473,ITGA4,ITGA4,0.6913513,0.5925925925925926,NK-CD16+,Treg,1.0495857,0.0
TNFSF13B,TNFSF13B,1.1212561,0.8167202572347267,HLA-DPB1,HLA-DPB1,0.97774124,0.6058091286307054,Mono-C,NK-CD16+,1.0494987,0.002
VCAN,VCAN,1.6373343,0.6101321585903083,ITGA4,ITGA4,0.4613777,0.4983922829581994,TRM,Mono-C,1.049356,0.0
HLA-DMB,HLA-DMB,1.1532631,0.7518796992481203,CD4,CD4,0.9452533,0.8484848484848485,B,Mono-NC,1.0492582,0.0
SERPINA1,SERPINA1,1.9460464,0.9807073954983923,LRP1,LRP1,0.15203843,0.23684210526315788,Mono-C,cDC2,1.0490423,0.0
TGM2,TGM2,1.4282444,0.6057268722466961,ITGB1,ITGB1,0.66938674,0.4733893557422969,TRM,CD4 T,1.0488155,0.0
SEMA4A,SEMA4A,0.3511191,0.4212218649517685,LILRB2,LILRB2,1.7463557,1.0,Mono-C,Mono-NC,1.0487374,0.0
ITGB2,ITGB2,1.7057548,0.8458646616541353,CD226,CD226,0.39117658,0.3236514522821577,cDC2,NK-CD16+,1.0484657,0.0
ICAM3,ICAM3,1.5524573,0.9259259259259259,ITGAL,ITGAL,0.5443839,0.5498392282958199,Treg,Mono-C,1.0484207,0.0
GNAI2,GNAI2,1.9915086,0.9903536977491961,S1PR3,S1PR3,0.10491559,0.10792951541850221,Mono-C,TRM,1.048212,0.0
YBX1,YBX1,1.8949707,0.9292604501607717,NOTCH1,NOTCH1,0.20090024,0.24115755627009647,Mono-C,Mono-C,1.0479355,0.0
TGM2,TGM2,1.4282444,0.6057268722466961,ITGA4,ITGA4,0.66753775,0.4979253112033195,TRM,NK-CD16+,1.047891,0.0
TIMP2,TIMP2,1.0243123,0.8295819935691319,CD44,CD44,1.0712655,0.6658163265306123,Mono-C,γδ T,1.0477889,0.0
GNAI2,GNAI2,1.9915086,0.9903536977491961,S1PR4,S1PR4,0.103215255,0.15789473684210525,Mono-C,cDC2,1.047362,0.0
PSEN1,PSEN1,0.121966906,0.10714285714285714,CD44,CD44,1.9724663,0.8612334801762115,γδ T,TRM,1.0472167,0.0
COL9A2,COL9A2,0.07329838,0.13909774436090225,CD44,CD44,2.020819,0.977491961414791,cDC2,Mono-C,1.0470587,0.0
GNAI2,GNAI2,1.6692941,0.9361233480176211,F2R,F2R,0.42440417,0.34854771784232363,TRM,NK-CD16+,1.0468491,0.0
SERPINA1,SERPINA1,1.5866425,0.8876651982378855,LRP1,LRP1,0.50576186,0.6212121212121212,TRM,Mono-NC,1.0462022,0.0
TNFSF13B,TNFSF13B,1.1212561,0.8167202572347267,HLA-DPB1,HLA-DPB1,0.97109836,0.6352040816326531,Mono-C,γδ T,1.0461773,0.0
GNAS,GNAS,1.997213,1.0,VIPR1,VIPR1,0.09492822,0.13183279742765272,Treg,Mono-C,1.0460706,0.004
HSPA8,HSPA8,1.5592026,0.8545918367346939,ADRB2,ADRB2,0.53259283,0.42323651452282157,γδ T,NK-CD16+,1.0458977,0.0
YBX1,YBX1,1.8949707,0.9292604501607717,NOTCH1,NOTCH1,0.19669603,0.2643171806167401,Mono-C,TRM,1.0458333,0.0
GNAI2,GNAI2,1.6186169,0.8308270676691729,S1PR4,S1PR4,0.47247362,0.3877551020408163,cDC2,γδ T,1.0455453,0.0
C1QB,C1QB,1.4478918,0.41409691629955947,C1QBP,C1QBP,0.64315134,0.5185185185185185,TRM,Treg,1.0455216,0.0
TIMP2,TIMP2,1.0195317,0.8193832599118943,CD44,CD44,1.0712655,0.6658163265306123,TRM,γδ T,1.0453986,0.0
GNAI2,GNAI2,1.6186169,0.8308270676691729,CXCR3,CXCR3,0.47176018,0.37037037037037035,cDC2,Treg,1.0451885,0.0
HMGB1,HMGB1,1.7899321,0.8962848297213623,THBD,THBD,0.29989356,0.2282958199356913,NK-CD16-,Mono-C,1.0449128,0.001
MMP7,MMP7,0.11657594,0.12334801762114538,CD44,CD44,1.9724663,0.8612334801762115,TRM,TRM,1.0445211,0.0
VEGFA,VEGFA,1.2694507,0.6409691629955947,ITGB1,ITGB1,0.8193306,0.7588424437299035,TRM,Mono-C,1.0443907,0.0
GNAS,GNAS,1.6752717,0.9696969696969697,ADCY7,ADCY7,0.41265854,0.4758842443729904,Mono-NC,Mono-C,1.0439651,0.044
GNAI2,GNAI2,0.91576546,0.6207430340557275,C5AR1,C5AR1,1.1721296,0.7180616740088106,NK-CD16-,TRM,1.0439476,0.0
GNAI2,GNAI2,1.3294944,0.8298755186721992,FPR1,FPR1,0.75772005,0.6818181818181818,NK-CD16+,Mono-NC,1.0436072,0.0
FABP5,FABP5,0.94941276,0.5837004405286343,RXRA,RXRA,1.1376562,0.9090909090909091,TRM,Mono-NC,1.0435345,0.0
GNAS,GNAS,1.8454778,0.9495798319327731,ADCY7,ADCY7,0.24104133,0.2074688796680498,CD4 T,NK-CD16+,1.0432596,0.0
LGALS9,LGALS9,0.11375386,0.10714285714285714,CD44,CD44,1.9724663,0.8612334801762115,γδ T,TRM,1.0431101,0.0
PSEN1,PSEN1,0.11373049,0.1,CD44,CD44,1.9724663,0.8612334801762115,CD8 T,TRM,1.0430984,0.0
GNAI2,GNAI2,1.9915086,0.9903536977491961,UNC5B,UNC5B,0.09301387,0.1343612334801762,Mono-C,TRM,1.0422612,0.0
CD48,CD48,1.9030787,0.9696969696969697,CD244,CD244,0.181425,0.15170278637770898,Mono-NC,NK-CD16-,1.0422518,0.0
HLA-F,HLA-F,1.0342016,0.8787878787878788,LILRB2,LILRB2,1.0501987,0.7909967845659164,Mono-NC,Mono-C,1.0422001,0.0
HMGB1,HMGB1,1.6840637,0.9361233480176211,TLR4,TLR4,0.40018338,0.4977973568281938,TRM,TRM,1.0421236,0.0
GNAS,GNAS,1.5960115,0.8668730650154799,ADCY7,ADCY7,0.48819146,0.6060606060606061,NK-CD16-,Mono-NC,1.0421015,0.004
GNAS,GNAS,1.702909,0.9323308270676691,PTGDR,PTGDR,0.38096938,0.30030959752321984,B,NK-CD16-,1.0419391,0.004
CALM1,CALM1,1.9615846,0.9195046439628483,FAS,FAS,0.12227655,0.1078838174273859,NK-CD16-,NK-CD16+,1.0419306,0.0
GSTP1,GSTP1,1.9810578,0.9678456591639871,TRAF2,TRAF2,0.10143168,0.1111111111111111,Mono-C,Treg,1.0412447,0.0
GNAI2,GNAI2,1.6692941,0.9361233480176211,ADCY7,ADCY7,0.41265854,0.4758842443729904,TRM,Mono-C,1.0409763,0.0
MIF,MIF,0.748788,0.5340557275541795,CXCR4,CD74_CXCR4,1.3327702,0.7744360902255639,NK-CD16-,B,1.0407791,0.0
HGF,HGF,0.10895583,0.15638766519823788,CD44,CD44,1.9724663,0.8612334801762115,TRM,TRM,1.040711,0.0
ITGB2,ITGB2,1.8520461,0.941908713692946,CD226,CD226,0.22872603,0.21008403361344538,NK-CD16+,CD4 T,1.0403861,0.0
GNAI2,GNAI2,1.3294944,0.8298755186721992,S1PR4,S1PR4,0.751276,0.7272727272727273,NK-CD16+,Mono-NC,1.0403852,0.0
MIF,MIF,0.95702225,0.66,CXCR4,CD74_CXCR4,1.1235944,0.6387665198237885,CD8 T,TRM,1.0403084,0.0
SELPLG,SELPLG,0.37433174,0.29102167182662536,ITGB2,ITGB2,1.7057548,0.8458646616541353,NK-CD16-,cDC2,1.0400432,0.0
MIF,MIF,0.748788,0.5340557275541795,CD44,CD44_CD74,1.3308253,0.8148148148148148,NK-CD16-,Treg,1.0398066,0.03
GRN,GRN,1.5962931,0.793233082706767,TNFRSF1A,TNFRSF1A,0.4826395,0.5451127819548872,cDC2,cDC2,1.0394663,0.0
TGFB1,TGFB1,1.4091885,0.8464730290456431,ITGB1,ITGB1,0.66938674,0.4733893557422969,NK-CD16+,CD4 T,1.0392876,0.037
APOE,APOE,1.4075412,0.4052863436123348,ABCA1,ABCA1,0.6704691,0.6079295154185022,TRM,TRM,1.0390052,0.0
HLA-DMB,HLA-DMB,1.3169913,0.7593984962406015,CD4,CD4,0.7606554,0.6428571428571429,cDC2,cDC2,1.0388234,0.0
SPON2,SPON2,1.4078201,0.6970954356846473,ITGB1,ITGB1,0.66938674,0.4733893557422969,NK-CD16+,CD4 T,1.0386034,0.0
TNF,TNF,0.5083867,0.4444444444444444,TNFRSF1B,TNFRSF1B,1.5683897,0.9389067524115756,Treg,Mono-C,1.0383881,0.0
CALM1,CALM1,1.9615846,0.9195046439628483,KCNQ1,KCNQ1,0.11400295,0.16079295154185022,NK-CD16-,TRM,1.0377938,0.0
HLA-F,HLA-F,1.0252563,0.819935691318328,LILRB2,LILRB2,1.0501987,0.7909967845659164,Mono-C,Mono-C,1.0377275,0.0
SPON2,SPON2,1.4078201,0.6970954356846473,ITGA4,ITGA4,0.66753775,0.4979253112033195,NK-CD16+,NK-CD16+,1.037679,0.0
ITGB2,ITGB2,1.8520461,0.941908713692946,CD226,CD226,0.22253276,0.18877551020408162,NK-CD16+,γδ T,1.0372895,0.0
TGM2,TGM2,1.4282444,0.6057268722466961,ITGB1,ITGB1,0.64575475,0.6240601503759399,TRM,cDC2,1.0369996,0.0
CALM1,CALM1,1.9615846,0.9195046439628483,KCNQ1,KCNQ1,0.111896254,0.16666666666666666,NK-CD16-,Mono-NC,1.0367404,0.001
C1QB,C1QB,1.4478918,0.41409691629955947,C1QBP,C1QBP,0.6245358,0.5488721804511278,TRM,B,1.0362139,0.0
RETN,RETN,0.1510014,0.19696969696969696,CAP1,CAP1,1.9208485,1.0,Mono-NC,Mono-NC,1.0359249,0.0
ADAM10,ADAM10,0.43152812,0.4074074074074074,CD44,CD44,1.6401936,1.0,Treg,Mono-NC,1.0358609,0.0
GNAS,GNAS,1.8454778,0.9495798319327731,ADRB2,ADRB2,0.22599342,0.25757575757575757,CD4 T,Mono-NC,1.0357356,0.0
HGF,HGF,0.09813274,0.13636363636363635,CD44,CD44,1.9724663,0.8612334801762115,Mono-NC,TRM,1.0352995,0.0
HLA-DRB5,HLA-DRB5,1.7389911,0.8083700440528634,CD4,CD4,0.33111274,0.2801120448179272,TRM,CD4 T,1.035052,0.0
YBX1,YBX1,1.8949707,0.9292604501607717,NOTCH1,NOTCH1,0.17470248,0.14522821576763487,Mono-C,NK-CD16+,1.0348365,0.0
CALR,CALR,1.0592397,0.6989795918367347,LRP1,LRP1,1.0102887,0.8360128617363344,γδ T,Mono-C,1.0347643,0.0
GNAS,GNAS,1.8454778,0.9495798319327731,ADCY7,ADCY7,0.22399522,0.3303964757709251,CD4 T,TRM,1.0347365,0.0
NAMPT,NAMPT,1.2987005,0.8181818181818182,ITGA5,ITGA5_ITGB1,0.77074647,0.6101321585903083,Mono-NC,TRM,1.0347235,0.0
SELPLG,SELPLG,0.36312357,0.29336734693877553,ITGB2,ITGB2,1.7057548,0.8458646616541353,γδ T,cDC2,1.0344392,0.0
VCAN,VCAN,1.6373343,0.6101321585903083,ITGA4,ITGA4,0.43139827,0.3753501400560224,TRM,CD4 T,1.0343664,0.0
CALM1,CALM1,1.9615846,0.9195046439628483,FAS,FAS,0.106890716,0.1382636655948553,NK-CD16-,Mono-C,1.0342376,0.003
C1QA,C1QA,1.9114438,0.6917293233082706,CD93,CD93,0.15698543,0.2819548872180451,cDC2,cDC2,1.0342146,0.0
CD38,CD38,0.649277,0.45975232198142413,PECAM1,PECAM1,1.4181811,0.9393939393939394,NK-CD16-,Mono-NC,1.0337291,0.0
MMP7,MMP7,0.094848365,0.10932475884244373,CD44,CD44,1.9724663,0.8612334801762115,Mono-C,TRM,1.0336573,0.0
HLA-F,HLA-F,1.1733881,0.7777777777777778,LILRB2,LILRB2,0.89341325,0.7268722466960352,Treg,TRM,1.0334007,0.0
HLA-F,HLA-F,0.44610938,0.518796992481203,CD8A,CD8A,1.6204809,0.7806122448979592,cDC2,γδ T,1.0332952,0.0
LAMB3,LAMB3,0.09384765,0.1277533039647577,CD44,CD44,1.9724663,0.8612334801762115,TRM,TRM,1.033157,0.0
CD86,CD86,0.727501,0.7424242424242424,CTLA4,CTLA4,1.3385537,0.7407407407407407,Mono-NC,Treg,1.0330273,0.0
HLA-DQA1,HLA-DQA1,1.2642461,0.8484848484848485,CD4,CD4,0.8007195,0.7290748898678414,Mono-NC,TRM,1.0324829,0.0
VCAN,VCAN,1.6373343,0.6101321585903083,ITGA4,ITGA4,0.4272796,0.3494897959183674,TRM,γδ T,1.0323069,0.0
HLA-DMB,HLA-DMB,1.1184314,0.8167202572347267,CD4,CD4,0.9452533,0.8484848484848485,Mono-C,Mono-NC,1.0318424,0.0
GNAI2,GNAI2,1.4309491,0.8518518518518519,S1PR4,S1PR4,0.6322236,0.49377593360995853,Treg,NK-CD16+,1.0315864,0.009
S100A8,S100A8,0.22620511,0.16165413533834586,CD69,CD69,1.8365906,0.82,cDC2,CD8 T,1.0313978,0.0
HLA-F,HLA-F,1.0123359,0.7744360902255639,LILRB2,LILRB2,1.0501987,0.7909967845659164,B,Mono-C,1.0312673,0.0
YBX1,YBX1,1.8613478,0.9774436090225563,NOTCH1,NOTCH1,0.20090024,0.24115755627009647,B,Mono-C,1.031124,0.0
GNAS,GNAS,1.8454778,0.9495798319327731,ADCY7,ADCY7,0.21429002,0.36466165413533835,CD4 T,cDC2,1.0298839,0.002
HLA-DQB1,HLA-DQB1,1.0010759,0.7575757575757576,CD4,CD4,1.0583234,0.7037037037037037,Mono-NC,Treg,1.0296996,0.0
CALR,CALR,1.0484807,0.66,LRP1,LRP1,1.0102887,0.8360128617363344,CD8 T,Mono-C,1.0293847,0.0
CD48,CD48,1.9030787,0.9696969696969697,CD244,CD244,0.1554209,0.13520408163265307,Mono-NC,γδ T,1.0292498,0.0
HLA-DRB1,HLA-DRB1,1.8739448,0.9848484848484849,LAG3,LAG3,0.1844943,0.15126050420168066,Mono-NC,CD4 T,1.0292195,0.0
YBX1,YBX1,1.8613478,0.9774436090225563,NOTCH1,NOTCH1,0.19669603,0.2643171806167401,B,TRM,1.0290219,0.0
CALM1,CALM1,1.9615846,0.9195046439628483,KCNN4,KCNN4,0.09624716,0.12861736334405144,NK-CD16-,Mono-C,1.0289159,0.006
HLA-DRB5,HLA-DRB5,1.7389911,0.8083700440528634,LAG3,LAG3,0.31858182,0.18518518518518517,TRM,Treg,1.0287864,0.0
HLA-DRB5,HLA-DRB5,1.2568141,0.6945337620578779,CD4,CD4,0.8007195,0.7290748898678414,Mono-C,TRM,1.0287669,0.0
CD48,CD48,1.9030787,0.9696969696969697,CD244,CD244,0.15405756,0.14,Mono-NC,CD8 T,1.0285681,0.0
CALM1,CALM1,1.9615846,0.9195046439628483,VIPR1,VIPR1,0.09492822,0.13183279742765272,NK-CD16-,Mono-C,1.0282564,0.0
TNF,TNF,0.5083867,0.4444444444444444,VSIR,VSIR,1.5465891,0.9545454545454546,Treg,Mono-NC,1.0274879,0.0
ICAM3,ICAM3,0.9703577,0.6918767507002801,ITGAL,ITGAL,1.0843605,0.9090909090909091,CD4 T,Mono-NC,1.0273591,0.0
GNAS,GNAS,1.3481836,0.8340248962655602,PTGDR,PTGDR,0.70643866,0.5269709543568465,NK-CD16+,NK-CD16+,1.0273111,0.005
C1QA,C1QA,1.3807284,0.42951541850220265,CD33,CD33,0.6734245,0.662379421221865,TRM,Mono-C,1.0270765,0.0
TGFB1,TGFB1,1.3503319,0.7972136222910217,ENG,ENG,0.70372885,0.6453744493392071,NK-CD16-,TRM,1.0270303,0.0
SELPLG,SELPLG,0.29787472,0.28291316526610644,ITGB2,ITGB2,1.7561089,0.933920704845815,CD4 T,TRM,1.0269918,0.0
SPON2,SPON2,1.4078201,0.6970954356846473,ITGB1,ITGB1,0.64575475,0.6240601503759399,NK-CD16+,cDC2,1.0267874,0.0
GRN,GRN,1.5962931,0.793233082706767,TNFRSF1A,TNFRSF1A,0.45619887,0.375,cDC2,γδ T,1.026246,0.0
CD48,CD48,1.9030787,0.9696969696969697,CD244,CD244,0.14902529,0.19935691318327975,Mono-NC,Mono-C,1.026052,0.0
ANXA2,ANXA2,1.885408,0.9295154185022027,TLR2,TLR2,0.16642308,0.2819548872180451,TRM,cDC2,1.0259156,0.0
HMGB1,HMGB1,1.75128,0.9215686274509803,THBD,THBD,0.29989356,0.2282958199356913,CD4 T,Mono-C,1.0255867,0.011
CLEC2B,CLEC2B,0.82712275,0.5882352941176471,KLRF1,KLRF1,1.2231754,0.6182572614107884,CD4 T,NK-CD16+,1.0251491,0.0
HLA-DMB,HLA-DMB,1.2478437,0.8105726872246696,CD4,CD4,0.8007195,0.7290748898678414,TRM,TRM,1.0242816,0.0
LGALS3,LGALS3,1.4848105,0.9090909090909091,LAG3,LAG3,0.5634088,0.41836734693877553,Mono-NC,γδ T,1.0241096,0.0
ACTR2,ACTR2,1.5147045,0.9185022026431718,ADRB2,ADRB2,0.53259283,0.42323651452282157,TRM,NK-CD16+,1.0236486,0.0
HLA-DPA1,HLA-DPA1,1.80646,0.8810289389067524,LAG3,LAG3,0.24067335,0.2074688796680498,Mono-C,NK-CD16+,1.0235667,0.0
LGALS9,LGALS9,1.0351217,0.9090909090909091,CD44,CD44,1.0119845,0.7,Mono-NC,CD8 T,1.0235531,0.002
CALR,CALR,1.2827677,0.7676348547717843,LRP1,LRP1,0.7638819,0.7400881057268722,NK-CD16+,TRM,1.0233247,0.0
SECTM1,SECTM1,0.08567738,0.14285714285714285,CD7,CD7,1.9601786,0.9629629629629629,cDC2,Treg,1.022928,0.001
COL9A2,COL9A2,0.07329838,0.13909774436090225,CD44,CD44,1.9724663,0.8612334801762115,cDC2,TRM,1.0228823,0.0
CD59,CD59,0.36507612,0.4118942731277533,CD2,CD2,1.6805748,0.8011204481792717,TRM,CD4 T,1.0228255,0.0
YBX1,YBX1,1.8949707,0.9292604501607717,NOTCH1,NOTCH1,0.15067467,0.12,Mono-C,CD8 T,1.0228226,0.0
GSTP1,GSTP1,1.9225049,0.9696969696969697,TRAF2,TRAF2,0.1230275,0.12,Mono-NC,CD8 T,1.0227662,0.0
LGALS9,LGALS9,1.0351217,0.9090909090909091,LRP1,LRP1,1.0102887,0.8360128617363344,Mono-NC,Mono-C,1.0227052,0.0
CALM1,CALM1,1.9615846,0.9195046439628483,KCNN4,KCNN4,0.08374009,0.11654135338345864,NK-CD16-,cDC2,1.0226623,0.019
TNFSF13B,TNFSF13B,1.3735859,0.86,TNFRSF13B,TNFRSF13B,0.6716681,0.5037593984962406,CD8 T,B,1.022627,0.0
ICAM3,ICAM3,1.144457,0.8787878787878788,ITGAL,ITGAL,0.9007067,0.6680497925311203,Mono-NC,NK-CD16+,1.0225818,0.0
HLA-DMB,HLA-DMB,1.1532631,0.7518796992481203,CD4,CD4,0.89178056,0.7556270096463023,B,Mono-C,1.0225219,0.0
PSEN1,PSEN1,0.4038222,0.5151515151515151,CD44,CD44,1.6401936,1.0,Mono-NC,Mono-NC,1.022008,0.0
HLA-DPB1,HLA-DPB1,1.7125539,0.8488745980707395,CD4,CD4,0.33111274,0.2801120448179272,Mono-C,CD4 T,1.0218333,0.003
C1QB,C1QB,1.4478918,0.41409691629955947,C1QBP,C1QBP,0.5954272,0.46,TRM,CD8 T,1.0216595,0.0
GNAI2,GNAI2,1.6186169,0.8308270676691729,F2R,F2R,0.42440417,0.34854771784232363,cDC2,NK-CD16+,1.0215106,0.0
SELPLG,SELPLG,0.19067334,0.2665198237885463,ITGB2,ITGB2,1.8520461,0.941908713692946,TRM,NK-CD16+,1.0213597,0.0
ARPC5,ARPC5,1.815909,0.954983922829582,ADRB2,ADRB2,0.22599342,0.25757575757575757,Mono-C,Mono-NC,1.0209513,0.0
HLA-DRB1,HLA-DRB1,1.4783052,0.8488745980707395,LAG3,LAG3,0.5634088,0.41836734693877553,Mono-C,γδ T,1.020857,0.0
HLA-F,HLA-F,0.8053414,0.7731277533039648,LILRB1,LILRB1,1.2360857,0.9242424242424242,TRM,Mono-NC,1.0207136,0.0
LTB,LTB,1.6756997,0.7448979591836735,TNFRSF1A,TNFRSF1A,0.36541182,0.3,γδ T,CD8 T,1.0205557,0.0
GNAI2,GNAI2,0.93232304,0.6992481203007519,FPR1,FPR1,1.1087703,0.7070484581497798,B,TRM,1.0205467,0.0
SPP1,SPP1,0.7100559,0.2555066079295154,CD44,CD44,1.3308253,0.8148148148148148,TRM,Treg,1.0204406,0.002
GNAS,GNAS,1.8454778,0.9495798319327731,ADRB2,ADRB2,0.19508307,0.22508038585209003,CD4 T,Mono-C,1.0202805,0.0
GNAS,GNAS,1.6274227,0.9260450160771704,ADCY7,ADCY7,0.41265854,0.4758842443729904,Mono-C,Mono-C,1.0200406,0.009
LTB,LTB,1.6756997,0.7448979591836735,TNFRSF1A,TNFRSF1A,0.36394188,0.28792569659442724,γδ T,NK-CD16-,1.0198208,0.0
YBX1,YBX1,1.8949707,0.9292604501607717,NOTCH1,NOTCH1,0.14316219,0.14814814814814814,Mono-C,Treg,1.0190665,0.011
HLA-DQA2,HLA-DQA2,1.0928336,0.5601503759398496,CD4,CD4,0.9452533,0.8484848484848485,cDC2,Mono-NC,1.0190434,0.0
PTPN6,PTPN6,0.6590211,0.5062240663900415,CLEC12A,CLEC12A,1.3789101,0.8681672025723473,NK-CD16+,Mono-C,1.0189656,0.0
GNAS,GNAS,1.7523254,0.9449339207048458,PTGDR,PTGDR,0.28517222,0.22959183673469388,TRM,γδ T,1.0187488,0.001
TIMP2,TIMP2,1.0243123,0.8295819935691319,CD44,CD44,1.0119845,0.7,Mono-C,CD8 T,1.0181484,0.001
YBX1,YBX1,1.8613478,0.9774436090225563,NOTCH1,NOTCH1,0.17470248,0.14522821576763487,B,NK-CD16+,1.0180252,0.001
C1QB,C1QB,1.8822782,0.6616541353383458,LRP1,LRP1,0.15203843,0.23684210526315788,cDC2,cDC2,1.0171583,0.0
VEGFA,VEGFA,1.2694507,0.6409691629955947,CD44,CD44,0.7647949,0.6090225563909775,TRM,cDC2,1.0171227,0.0
CALM1,CALM1,1.9615846,0.9195046439628483,INSR,INSR,0.072167516,0.12781954887218044,NK-CD16-,cDC2,1.016876,0.006
S100A8,S100A8,0.22620511,0.16165413533834586,CD68,CD68,1.8073629,0.947136563876652,cDC2,TRM,1.016784,0.0
ITGB2,ITGB2,1.8520461,0.941908713692946,CD226,CD226,0.18145773,0.14814814814814814,NK-CD16+,Treg,1.0167519,0.0
CALM1,CALM1,1.9615846,0.9195046439628483,INSR,INSR,0.07030151,0.1145374449339207,NK-CD16-,TRM,1.015943,0.004
GNAS,GNAS,1.8454778,0.9495798319327731,ADCY7,ADCY7,0.18623562,0.17346938775510204,CD4 T,γδ T,1.0158567,0.01
GSTP1,GSTP1,1.9810578,0.9678456591639871,TRAF2,TRAF2,0.05057145,0.12406015037593984,Mono-C,cDC2,1.0158147,0.0
TIMP2,TIMP2,1.0195317,0.8193832599118943,CD44,CD44,1.0119845,0.7,TRM,CD8 T,1.015758,0.001
GNAI2,GNAI2,1.6186169,0.8308270676691729,ADCY7,ADCY7,0.41265854,0.4758842443729904,cDC2,Mono-C,1.0156378,0.0
HLA-DPB1,HLA-DPB1,1.7125539,0.8488745980707395,LAG3,LAG3,0.31858182,0.18518518518518517,Mono-C,Treg,1.0155678,0.0
GRN,GRN,1.5962931,0.793233082706767,TNFRSF1B,TNFRSF1B,0.4341068,0.34183673469387754,cDC2,γδ T,1.0151999,0.0
LTB,LTB,1.6756997,0.7448979591836735,TNFRSF1A,TNFRSF1A,0.35417932,0.2962962962962963,γδ T,Treg,1.0149395,0.0
MIF,MIF,0.38958907,0.3684210526315789,CD44,CD44_CD74,1.6401936,1.0,B,Mono-NC,1.0148914,0.01
LTA,LTA,0.5572398,0.48148148148148145,TNFRSF1B,TNFRSF1B,1.4723437,0.8458149779735683,Treg,TRM,1.0147917,0.0
GNAI2,GNAI2,1.6692941,0.9361233480176211,S1PR4,S1PR4,0.35944498,0.3987138263665595,TRM,Mono-C,1.0143695,0.0
HLA-DRB5,HLA-DRB5,1.465296,0.7727272727272727,LAG3,LAG3,0.5634088,0.41836734693877553,Mono-NC,γδ T,1.0143524,0.0
CIRBP,CIRBP,1.1992505,0.8646616541353384,TREM1,TREM1,0.82927376,0.5638766519823789,B,TRM,1.0142621,0.0
MIF,MIF,0.95702225,0.66,CD44,CD44_CD74,1.0712655,0.6658163265306123,CD8 T,γδ T,1.0141438,0.003
MIF,MIF,0.69542724,0.48148148148148145,CXCR4,CD74_CXCR4,1.3327702,0.7744360902255639,Treg,B,1.0140988,0.0
CALM1,CALM1,1.9615846,0.9195046439628483,KCNQ1,KCNQ1,0.06603595,0.13157894736842105,NK-CD16-,cDC2,1.0138103,0.017
ANXA1,ANXA1,1.7077402,0.849624060150376,FPR2,FPR2_FPR3,0.31863657,0.27973568281938327,cDC2,TRM,1.0131884,0.0
HBEGF,HBEGF,0.91429305,0.5726872246696035,CD9,CD9,1.1109124,0.5851393188854489,TRM,NK-CD16-,1.0126028,0.0
VCAN,VCAN,1.6373343,0.6101321585903083,TLR1,TLR1,0.38779616,0.5,TRM,Mono-NC,1.0125653,0.0
HLA-DQA1,HLA-DQA1,1.2642461,0.8484848484848485,CD4,CD4,0.7606554,0.6428571428571429,Mono-NC,cDC2,1.0124507,0.0
TNF,TNF,0.5083867,0.4444444444444444,VSIR,VSIR,1.5161986,0.9292604501607717,Treg,Mono-C,1.0122926,0.0
GNAI2,GNAI2,0.91576546,0.6207430340557275,FPR1,FPR1,1.1087703,0.7070484581497798,NK-CD16-,TRM,1.0122678,0.0
SECTM1,SECTM1,0.43928063,0.4565916398713826,CD7,CD7,1.5852526,0.7925311203319502,Mono-C,NK-CD16+,1.0122666,0.0
ANXA1,ANXA1,1.7056378,0.9074889867841409,FPR2,FPR2_FPR3,0.31863657,0.27973568281938327,TRM,TRM,1.0121372,0.0
C1QB,C1QB,1.4478918,0.41409691629955947,C1QBP,C1QBP,0.5760991,0.5070028011204482,TRM,CD4 T,1.0119954,0.0
GSTP1,GSTP1,1.9225049,0.9696969696969697,TRAF2,TRAF2,0.10143168,0.1111111111111111,Mono-NC,Treg,1.0119683,0.0
HLA-DQB1,HLA-DQB1,0.9642835,0.6816720257234726,CD4,CD4,1.0583234,0.7037037037037037,Mono-C,Treg,1.0113034,0.0
GRN,GRN,0.4541618,0.40601503759398494,TNFRSF1B,TNFRSF1B,1.5683897,0.9389067524115756,B,Mono-C,1.0112758,0.0
GNAS,GNAS,1.7355174,0.8979591836734694,PTGDR,PTGDR,0.28517222,0.22959183673469388,γδ T,γδ T,1.0103447,0.01
C3,C3,0.52352124,0.29515418502202645,CD81,CD81,1.4962295,0.8571428571428571,TRM,γδ T,1.0098754,0.0
LTB,LTB,1.6756997,0.7448979591836735,TNFRSF1A,TNFRSF1A,0.34344858,0.27800829875518673,γδ T,NK-CD16+,1.0095742,0.0
HLA-DQA1,HLA-DQA1,1.686849,0.7731277533039648,CD4,CD4,0.33111274,0.2801120448179272,TRM,CD4 T,1.0089809,0.0
ICAM3,ICAM3,0.93318963,0.7142857142857143,ITGAL,ITGAL,1.0843605,0.9090909090909091,B,Mono-NC,1.008775,0.0
HLA-DRB5,HLA-DRB5,1.2568141,0.6945337620578779,CD4,CD4,0.7606554,0.6428571428571429,Mono-C,cDC2,1.0087347,0.0
CD55,CD55,0.60710025,0.518796992481203,ADGRE5,ADGRE5,1.4101006,0.9242424242424242,B,Mono-NC,1.0086005,0.0
LGALS3,LGALS3,1.4537047,0.8480176211453745,LAG3,LAG3,0.5634088,0.41836734693877553,TRM,γδ T,1.0085567,0.0
HLA-F,HLA-F,1.506346,0.8647959183673469,CD8B,CD8B,0.51036483,0.3153526970954357,γδ T,NK-CD16+,1.0083554,0.0
ADAM10,ADAM10,0.37611127,0.3070539419087137,CD44,CD44,1.6401936,1.0,NK-CD16+,Mono-NC,1.0081525,0.0
ACTR2,ACTR2,1.789913,0.9848484848484849,ADRB2,ADRB2,0.22599342,0.25757575757575757,Mono-NC,Mono-NC,1.0079533,0.0
MIF,MIF,0.683028,0.6466165413533834,CXCR4,CD74_CXCR4,1.3327702,0.7744360902255639,cDC2,B,1.007899,0.0
ICAM3,ICAM3,1.5524573,0.9259259259259259,ITGAL,ITGAL,0.46330258,0.3498452012383901,Treg,NK-CD16-,1.00788,0.0
SPON2,SPON2,1.4078201,0.6970954356846473,ITGB2,ITGB2,0.60727656,0.4565826330532213,NK-CD16+,CD4 T,1.0075483,0.0
CALR,CALR,1.2507865,0.7255639097744361,LRP1,LRP1,0.7638819,0.7400881057268722,cDC2,TRM,1.0073342,0.0
CD58,CD58,0.33325964,0.3,CD2,CD2,1.6805748,0.8011204481792717,CD8 T,CD4 T,1.0069172,0.0
YBX1,YBX1,1.8613478,0.9774436090225563,NOTCH1,NOTCH1,0.15067467,0.12,B,CD8 T,1.0060112,0.013
CD99,CD99,1.6667216,0.9004149377593361,PILRB,PILRB,0.34492552,0.2987551867219917,NK-CD16+,NK-CD16+,1.0058236,0.0
YBX1,YBX1,1.8949707,0.9292604501607717,NOTCH1,NOTCH1,0.11656918,0.10714285714285714,Mono-C,γδ T,1.00577,0.0
ARPC5,ARPC5,1.815909,0.954983922829582,ADRB2,ADRB2,0.19508307,0.22508038585209003,Mono-C,Mono-C,1.005496,0.0
ITGB2,ITGB2,1.8520461,0.941908713692946,CD226,CD226,0.15833157,0.14,NK-CD16+,CD8 T,1.0051888,0.0
HLA-DMB,HLA-DMB,1.1184314,0.8167202572347267,CD4,CD4,0.89178056,0.7556270096463023,Mono-C,Mono-C,1.005106,0.0
GNAS,GNAS,1.8454778,0.9495798319327731,ADRB2,ADRB2,0.16466756,0.14285714285714285,CD4 T,γδ T,1.0050727,0.0
ICAM3,ICAM3,1.1089442,0.7510373443983402,ITGAL,ITGAL,0.9007067,0.6680497925311203,NK-CD16+,NK-CD16+,1.0048255,0.0
ICAM4,ICAM4,0.25308305,0.30303030303030304,ITGB2,ITGB2,1.7561089,0.933920704845815,Mono-NC,TRM,1.004596,0.0
GRN,GRN,1.5962931,0.793233082706767,SORT1,SORT1,0.41241643,0.48484848484848486,cDC2,Mono-NC,1.0043547,0.0
GNAS,GNAS,1.5960115,0.8668730650154799,ADCY7,ADCY7,0.41265854,0.4758842443729904,NK-CD16-,Mono-C,1.004335,0.02
HLA-DMB,HLA-DMB,1.2478437,0.8105726872246696,CD4,CD4,0.7606554,0.6428571428571429,TRM,cDC2,1.0042496,0.0
GNAS,GNAS,1.6274227,0.9260450160771704,PTGDR,PTGDR,0.38096938,0.30030959752321984,Mono-C,NK-CD16-,1.004196,0.027
HLA-F,HLA-F,1.1733881,0.7777777777777778,CD8A,CD8A,0.8343133,0.46887966804979253,Treg,NK-CD16+,1.0038507,0.0
CD58,CD58,0.3266595,0.28061224489795916,CD2,CD2,1.6805748,0.8011204481792717,γδ T,CD4 T,1.0036172,0.0
CD59,CD59,0.32642683,0.28,CD2,CD2,1.6805748,0.8011204481792717,CD8 T,CD4 T,1.0035008,0.0
GNAI2,GNAI2,1.3294944,0.8298755186721992,CXCR3,CXCR3,0.67741656,0.4923469387755102,NK-CD16+,γδ T,1.0034554,0.0
HLA-DQA1,HLA-DQA1,1.686849,0.7731277533039648,LAG3,LAG3,0.31858182,0.18518518518518517,TRM,Treg,1.0027153,0.0
SPON2,SPON2,0.24908192,0.18,ITGB2,ITGB2,1.7561089,0.933920704845815,CD8 T,TRM,1.0025954,0.0
YBX1,YBX1,1.8613478,0.9774436090225563,NOTCH1,NOTCH1,0.14316219,0.14814814814814814,B,Treg,1.002255,0.045
ANXA2,ANXA2,1.4006976,0.7593984962406015,TLR2,TLR2,0.6037369,0.6079295154185022,cDC2,TRM,1.0022173,0.0
GNAI2,GNAI2,1.4309491,0.8518518518518519,S1PR5,S1PR5,0.57272816,0.45228215767634855,Treg,NK-CD16+,1.0018387,0.0
SELPLG,SELPLG,0.29787472,0.28291316526610644,ITGB2,ITGB2,1.7057548,0.8458646616541353,CD4 T,cDC2,1.0018147,0.0
HLA-DQB1,HLA-DQB1,1.6723169,0.7929515418502202,CD4,CD4,0.33111274,0.2801120448179272,TRM,CD4 T,1.0017148,0.0
TGM2,TGM2,1.4282444,0.6057268722466961,ITGB1,ITGB1,0.57492626,0.4413265306122449,TRM,γδ T,1.0015852,0.0
ADAM10,ADAM10,0.67234373,0.6655948553054662,CD44,CD44,1.3308253,0.8148148148148148,Mono-C,Treg,1.0015845,0.011
MIF,MIF,0.95702225,0.66,CXCR4,CD74_CXCR4,1.0455099,0.5637755102040817,CD8 T,γδ T,1.0012661,0.0
CD58,CD58,0.3218135,0.424812030075188,CD2,CD2,1.6805748,0.8011204481792717,cDC2,CD4 T,1.0011941,0.0
ANXA1,ANXA1,0.8931233,0.5634674922600619,FPR1,FPR1,1.1087703,0.7070484581497798,NK-CD16-,TRM,1.0009468,0.0
GNAI2,GNAI2,1.6692941,0.9361233480176211,CCR5,CCR5,0.33249417,0.2755102040816326,TRM,γδ T,1.0008942,0.0
CD55,CD55,1.0605979,0.7588424437299035,ADGRE5,ADGRE5,0.94057596,0.6597510373443983,Mono-C,NK-CD16+,1.000587,0.0
CD99,CD99,1.2895992,0.7848297213622291,PILRA,PILRA,0.71143526,0.6913183279742765,NK-CD16-,Mono-C,1.0005172,0.0
HLA-F,HLA-F,0.906024,0.6207430340557275,CD8B,CD8B,1.0948339,0.6658163265306123,NK-CD16-,γδ T,1.0004289,0.0
GNAI2,GNAI2,1.4309491,0.8518518518518519,S1PR4,S1PR4,0.5695364,0.4649859943977591,Treg,CD4 T,1.0002427,0.029
VEGFA,VEGFA,1.2694507,0.6409691629955947,CD44,CD44,0.7310221,0.6466165413533834,TRM,B,1.0002364,0.0
MMP9,MMP9,0.3595086,0.19383259911894274,CD44,CD44,1.6401936,1.0,TRM,Mono-NC,0.9998511,0.0
ZG16B,ZG16B,0.374383,0.32,CXCR4,CXCR4,1.6237797,0.773109243697479,CD8 T,CD4 T,0.9990813,0.0
GNAS,GNAS,1.8454778,0.9495798319327731,ADCY7,ADCY7,0.15139137,0.1346749226006192,CD4 T,NK-CD16-,0.9984346,0.048
HSPA8,HSPA8,1.4641503,0.8142414860681114,ADRB2,ADRB2,0.53259283,0.42323651452282157,NK-CD16-,NK-CD16+,0.9983716,0.0
TIMP2,TIMP2,0.6657636,0.7272727272727273,CD44,CD44,1.3308253,0.8148148148148148,Mono-NC,Treg,0.9982945,0.015
SECTM1,SECTM1,0.08567738,0.14285714285714285,CD7,CD7,1.910469,0.8239795918367347,cDC2,γδ T,0.9980732,0.0
PTPN6,PTPN6,1.5784357,0.9696969696969697,CD300LF,CD300LF,0.41737768,0.43729903536977494,Mono-NC,Mono-C,0.9979067,0.0
CD55,CD55,1.0605979,0.7588424437299035,ADGRE5,ADGRE5,0.9345183,0.7459807073954984,Mono-C,Mono-C,0.9975581,0.0
MMP7,MMP7,0.35480422,0.2678018575851393,CD44,CD44,1.6401936,1.0,NK-CD16-,Mono-NC,0.99749887,0.0
SPP1,SPP1,0.35391083,0.19924812030075187,CD44,CD44,1.6401936,1.0,cDC2,Mono-NC,0.9970522,0.0
MMP7,MMP7,0.3537975,0.3,CD44,CD44,1.6401936,1.0,CD8 T,Mono-NC,0.99699557,0.0
HBEGF,HBEGF,0.91429305,0.5726872246696035,CD44,CD44,1.0796558,0.7254901960784313,TRM,CD4 T,0.9969744,0.0
HLA-F,HLA-F,1.506346,0.8647959183673469,LILRB1,LILRB1,0.48631135,0.5176211453744494,γδ T,TRM,0.99632865,0.0
LGALS9,LGALS9,1.0351217,0.9090909090909091,HAVCR2,HAVCR2,0.957247,0.7731277533039648,Mono-NC,TRM,0.99618435,0.0
HLA-DPA1,HLA-DPA1,1.80646,0.8810289389067524,LAG3,LAG3,0.1844943,0.15126050420168066,Mono-C,CD4 T,0.99547714,0.0
VCAN,VCAN,1.6373343,0.6101321585903083,ITGA4,ITGA4,0.35356614,0.3383458646616541,TRM,B,0.99545026,0.0
HLA-DQB1,HLA-DQB1,1.6723169,0.7929515418502202,LAG3,LAG3,0.31858182,0.18518518518518517,TRM,Treg,0.99544936,0.0
VCAN,VCAN,1.6373343,0.6101321585903083,SELL,SELL,0.35351807,0.24929971988795518,TRM,CD4 T,0.9954262,0.0
ICAM3,ICAM3,0.9058521,0.7620578778135049,ITGAL,ITGAL,1.0843605,0.9090909090909091,Mono-C,Mono-NC,0.9951063,0.0
VEGFA,VEGFA,1.2694507,0.6409691629955947,SIRPA,SIRPA,0.7202235,0.6960352422907489,TRM,TRM,0.99483705,0.0
HLA-DMA,HLA-DMA,1.044295,0.77491961414791,CD4,CD4,0.9452533,0.8484848484848485,Mono-C,Mono-NC,0.9947741,0.0
ICAM3,ICAM3,1.5524573,0.9259259259259259,ITGAL,ITGAL,0.437027,0.37037037037037035,Treg,Treg,0.99474216,0.0
SPON2,SPON2,0.1364203,0.1092436974789916,ITGB2,ITGB2,1.8520461,0.941908713692946,CD4 T,NK-CD16+,0.9942332,0.0
SPON2,SPON2,1.4078201,0.6970954356846473,ITGAM,ITGAM,0.5801289,0.6211453744493393,NK-CD16+,TRM,0.9939745,0.0
TIMP2,TIMP2,1.0243123,0.8295819935691319,ITGB1,ITGB1,0.96273524,0.8636363636363636,Mono-C,Mono-NC,0.9935237,0.0
LTB,LTB,1.6756997,0.7448979591836735,CD40,CD40,0.3098617,0.3684210526315789,γδ T,cDC2,0.9927807,0.0
HBEGF,HBEGF,0.91429305,0.5726872246696035,CD44,CD44,1.0712655,0.6658163265306123,TRM,γδ T,0.99277925,0.0
TNFSF13B,TNFSF13B,0.8503097,0.7575757575757576,TNFRSF13C,TNFRSF13C,1.1349291,0.7819548872180451,Mono-NC,B,0.9926194,0.0
CD1D,CD1D,0.23885658,0.3333333333333333,LILRB2,LILRB2,1.7463557,1.0,Mono-NC,Mono-NC,0.9926061,0.0
ACTR2,ACTR2,1.789913,0.9848484848484849,ADRB2,ADRB2,0.19508307,0.22508038585209003,Mono-NC,Mono-C,0.99249804,0.0
ITGB2,ITGB2,1.7561089,0.933920704845815,CD226,CD226,0.22872603,0.21008403361344538,TRM,CD4 T,0.99241745,0.0
CCL4,CCL4,1.6522963,0.7882653061224489,CCR5,CCR5,0.33249417,0.2755102040816326,γδ T,γδ T,0.9923952,0.0
HLA-DQA2,HLA-DQA2,1.0928336,0.5601503759398496,CD4,CD4,0.89178056,0.7556270096463023,cDC2,Mono-C,0.99230707,0.0
VCAN,VCAN,1.6373343,0.6101321585903083,SELL,SELL,0.34708825,0.3370044052863436,TRM,TRM,0.9922113,0.0
VEGFA,VEGFA,1.2694507,0.6409691629955947,ITGB1,ITGB1,0.7144593,0.6296296296296297,TRM,Treg,0.991955,0.0
HSPA8,HSPA8,1.757351,0.9848484848484849,ADRB2,ADRB2,0.22599342,0.25757575757575757,Mono-NC,Mono-NC,0.9916722,0.005
SPON2,SPON2,1.4078201,0.6970954356846473,ITGB1,ITGB1,0.57492626,0.4413265306122449,NK-CD16+,γδ T,0.9913732,0.0
HSPA8,HSPA8,1.4501526,0.8947368421052632,ADRB2,ADRB2,0.53259283,0.42323651452282157,B,NK-CD16+,0.9913727,0.0
CIRBP,CIRBP,1.1533456,0.7703081232492998,TREM1,TREM1,0.82927376,0.5638766519823789,CD4 T,TRM,0.99130964,0.0
GNAS,GNAS,1.8454778,0.9495798319327731,ADRB2,ADRB2,0.13696499,0.10681114551083591,CD4 T,NK-CD16-,0.9912214,0.003
TIMP2,TIMP2,1.0195317,0.8193832599118943,ITGB1,ITGB1,0.96273524,0.8636363636363636,TRM,Mono-NC,0.99113345,0.0
LGALS9,LGALS9,0.84653074,0.7652733118971061,CD47,CD47,1.1356851,0.7717842323651453,Mono-C,NK-CD16+,0.99110794,0.0
HLA-F,HLA-F,0.74496293,0.52,LILRB1,LILRB1,1.2360857,0.9242424242424242,CD8 T,Mono-NC,0.9905243,0.0
TNF,TNF,0.5083867,0.4444444444444444,TNFRSF1B,TNFRSF1B,1.4723437,0.8458149779735683,Treg,TRM,0.99036515,0.0
MIF,MIF,0.34043798,0.29045643153526973,CD44,CD44_CD74,1.6401936,1.0,NK-CD16+,Mono-NC,0.9903158,0.022
ARPC5,ARPC5,1.815909,0.954983922829582,ADRB2,ADRB2,0.16466756,0.14285714285714285,Mono-C,γδ T,0.9902883,0.0
CLEC2B,CLEC2B,0.7570214,0.7575757575757576,KLRF1,KLRF1,1.2231754,0.6182572614107884,Mono-NC,NK-CD16+,0.9900984,0.0
HLA-DRB5,HLA-DRB5,1.7389911,0.8083700440528634,LAG3,LAG3,0.24067335,0.2074688796680498,TRM,NK-CD16+,0.9898322,0.0
ICAM3,ICAM3,0.8952916,0.6145510835913313,ITGAL,ITGAL,1.0843605,0.9090909090909091,NK-CD16-,Mono-NC,0.9898261,0.0
HSPA8,HSPA8,1.7535446,0.921161825726141,ADRB2,ADRB2,0.22599342,0.25757575757575757,NK-CD16+,Mono-NC,0.989769,0.001
SEMA4A,SEMA4A,0.23234732,0.30303030303030304,LILRB2,LILRB2,1.7463557,1.0,Mono-NC,Mono-NC,0.9893515,0.0
ITGB2,ITGB2,1.7561089,0.933920704845815,CD226,CD226,0.22253276,0.18877551020408162,TRM,γδ T,0.9893208,0.0
GNAS,GNAS,1.7523254,0.9449339207048458,ADRB2,ADRB2,0.22599342,0.25757575757575757,TRM,Mono-NC,0.9891594,0.044
ADAM10,ADAM10,0.3381124,0.24,CD44,CD44,1.6401936,1.0,CD8 T,Mono-NC,0.989153,0.001
GNAI2,GNAI2,1.6186169,0.8308270676691729,S1PR4,S1PR4,0.35944498,0.3987138263665595,cDC2,Mono-C,0.98903096,0.0
YBX1,YBX1,1.8613478,0.9774436090225563,NOTCH1,NOTCH1,0.11656918,0.10714285714285714,B,γδ T,0.9889585,0.018
GNAS,GNAS,1.5960115,0.8668730650154799,PTGDR,PTGDR,0.38096938,0.30030959752321984,NK-CD16-,NK-CD16-,0.98849046,0.032
GNAI2,GNAI2,1.6692941,0.9361233480176211,S1PR4,S1PR4,0.30440167,0.25232198142414863,TRM,NK-CD16-,0.9868479,0.0
PTPN6,PTPN6,0.8431796,0.5603715170278638,CLEC12A,CLEC12A,1.1304477,0.8636363636363636,NK-CD16-,Mono-NC,0.98681366,0.0
GSTP1,GSTP1,1.9225049,0.9696969696969697,TRAF2,TRAF2,0.05057145,0.12406015037593984,Mono-NC,cDC2,0.9865382,0.0
HSPA8,HSPA8,1.7463955,0.9259259259259259,ADRB2,ADRB2,0.22599342,0.25757575757575757,Treg,Mono-NC,0.98619443,0.045
CD99,CD99,1.6667216,0.9004149377593361,PILRB,PILRB,0.30456108,0.24922600619195046,NK-CD16+,NK-CD16-,0.98564136,0.0
CD48,CD48,1.7161002,0.8879668049792531,CD244,CD244,0.25420353,0.2157676348547718,NK-CD16+,NK-CD16+,0.9851519,0.0
BTLA,BTLA,0.17988712,0.18045112781954886,CD247,CD247,1.7896166,0.8761609907120743,B,NK-CD16-,0.9847518,0.0
GRN,GRN,1.5962931,0.793233082706767,TNFRSF1B,TNFRSF1B,0.3728196,0.30532212885154064,cDC2,CD4 T,0.9845563,0.0
CXCL16,CXCL16,0.87628204,0.7599118942731278,CXCR6,CXCR6,1.0927927,0.6296296296296297,TRM,Treg,0.98453736,0.0
CCL4,CCL4,1.6522963,0.7882653061224489,CCR1,CCR1,0.3167034,0.3787878787878788,γδ T,Mono-NC,0.9844999,0.0
CD99,CD99,1.2895992,0.7848297213622291,PILRA,PILRA,0.67828345,0.6629955947136564,NK-CD16-,TRM,0.9839413,0.0
CIRBP,CIRBP,1.1382291,0.7676348547717843,TREM1,TREM1,0.82927376,0.5638766519823789,NK-CD16+,TRM,0.9837514,0.0
SELPLG,SELPLG,0.11501996,0.12,ITGB2,ITGB2,1.8520461,0.941908713692946,CD8 T,NK-CD16+,0.983533,0.0
CD14,CD14,0.76847064,0.4398496240601504,ITGB1,ITGB1,1.1977223,0.8568281938325991,cDC2,TRM,0.9830965,0.0
GNAI2,GNAI2,1.051248,0.7450980392156863,C5AR1,C5AR1,0.9142223,0.6752411575562701,CD4 T,Mono-C,0.98273516,0.0
ANXA2,ANXA2,1.798081,0.9848484848484849,TLR2,TLR2,0.16642308,0.2819548872180451,Mono-NC,cDC2,0.98225206,0.0
BTLA,BTLA,0.17454793,0.14814814814814814,CD247,CD247,1.7896166,0.8761609907120743,Treg,NK-CD16-,0.98208225,0.0
TNFSF13B,TNFSF13B,1.1212561,0.8167202572347267,CD40,CD40,0.8423143,0.631578947368421,Mono-C,B,0.9817852,0.0
HLA-F,HLA-F,1.6585511,0.9045643153526971,LILRB1,LILRB1,0.30403018,0.4473684210526316,NK-CD16+,cDC2,0.98129064,0.0
GNAI2,GNAI2,1.3294944,0.8298755186721992,S1PR4,S1PR4,0.6322236,0.49377593360995853,NK-CD16+,NK-CD16+,0.980859,0.0
GRN,GRN,1.5962931,0.793233082706767,TNFRSF1A,TNFRSF1A,0.36541182,0.3,cDC2,CD8 T,0.9808525,0.0
CALR,CALR,1.1977082,0.7306501547987616,LRP1,LRP1,0.7638819,0.7400881057268722,NK-CD16-,TRM,0.9807951,0.0
VCAN,VCAN,1.6373343,0.6101321585903083,ITGA4,ITGA4,0.32363695,0.4008810572687225,TRM,TRM,0.9804857,0.0
GNAI2,GNAI2,1.6692941,0.9361233480176211,F2R,F2R,0.29116866,0.22193877551020408,TRM,γδ T,0.9802314,0.0
ITGB2,ITGB2,1.8520461,0.941908713692946,CD226,CD226,0.108285084,0.14757709251101322,NK-CD16+,TRM,0.9801656,0.0
GRN,GRN,1.5962931,0.793233082706767,TNFRSF1A,TNFRSF1A,0.36394188,0.28792569659442724,cDC2,NK-CD16-,0.9801175,0.0
LTA,LTA,0.5572398,0.48148148148148145,TNFRSF1B,TNFRSF1B,1.401767,0.8148148148148148,Treg,Treg,0.9795034,0.0
ICAM4,ICAM4,0.25308305,0.30303030303030304,ITGB2,ITGB2,1.7057548,0.8458646616541353,Mono-NC,cDC2,0.9794189,0.0
VCAN,VCAN,1.6373343,0.6101321585903083,TLR1,TLR1,0.3205201,0.4185022026431718,TRM,TRM,0.97892725,0.0
LGALS9,LGALS9,1.0351217,0.9090909090909091,CD47,CD47,0.92230505,0.8181818181818182,Mono-NC,Mono-NC,0.9787134,0.0
CALR,CALR,1.1930972,0.7037037037037037,LRP1,LRP1,0.7638819,0.7400881057268722,Treg,TRM,0.9784896,0.0
HLA-F,HLA-F,0.906024,0.6207430340557275,LILRB2,LILRB2,1.0501987,0.7909967845659164,NK-CD16-,Mono-C,0.9781113,0.0
YBX1,YBX1,1.8949707,0.9292604501607717,NOTCH1,NOTCH1,0.060561344,0.12781954887218044,Mono-C,cDC2,0.977766,0.005
SPON2,SPON2,0.24908192,0.18,ITGB2,ITGB2,1.7057548,0.8458646616541353,CD8 T,cDC2,0.97741836,0.0
CD1D,CD1D,0.20845255,0.2577092511013216,LILRB2,LILRB2,1.7463557,1.0,TRM,Mono-NC,0.9774041,0.0
ACTR2,ACTR2,1.789913,0.9848484848484849,ADRB2,ADRB2,0.16466756,0.14285714285714285,Mono-NC,γδ T,0.97729033,0.0
HLA-DMB,HLA-DMB,1.1532631,0.7518796992481203,CD4,CD4,0.8007195,0.7290748898678414,B,TRM,0.9769913,0.0
C1QB,C1QB,1.4478918,0.41409691629955947,LRP1,LRP1,0.50576186,0.6212121212121212,TRM,Mono-NC,0.97682685,0.0
HLA-DPB1,HLA-DPB1,1.7125539,0.8488745980707395,LAG3,LAG3,0.24067335,0.2074688796680498,Mono-C,NK-CD16+,0.9766136,0.0
CCL3,CCL3,1.2443963,0.5959752321981424,CCR1,CCR1,0.708821,0.639871382636656,NK-CD16-,Mono-C,0.97660863,0.0
ARPC5,ARPC5,1.815909,0.954983922829582,ADRB2,ADRB2,0.13696499,0.10681114551083591,Mono-C,NK-CD16-,0.97643703,0.0
HLA-F,HLA-F,1.6585511,0.9045643153526971,LILRB2,LILRB2,0.29402286,0.3609022556390977,NK-CD16+,cDC2,0.976287,0.0
HSPA8,HSPA8,1.757351,0.9848484848484849,ADRB2,ADRB2,0.19508307,0.22508038585209003,Mono-NC,Mono-C,0.97621703,0.003
CD58,CD58,0.27093062,0.3484848484848485,CD2,CD2,1.6805748,0.8011204481792717,Mono-NC,CD4 T,0.9757527,0.0
VEGFA,VEGFA,0.31109628,0.26366559485530544,CD44,CD44,1.6401936,1.0,Mono-C,Mono-NC,0.97564495,0.0
S100A8,S100A8,1.4347306,0.7121212121212122,CD69,CD69,0.5164226,0.36099585062240663,Mono-NC,NK-CD16+,0.97557664,0.006
GNAI2,GNAI2,1.6186169,0.8308270676691729,CCR5,CCR5,0.33249417,0.2755102040816326,cDC2,γδ T,0.97555554,0.0
PTPN6,PTPN6,0.57184577,0.42,CLEC12A,CLEC12A,1.3789101,0.8681672025723473,CD8 T,Mono-C,0.9753779,0.0
GRN,GRN,1.5962931,0.793233082706767,TNFRSF1A,TNFRSF1A,0.35417932,0.2962962962962963,cDC2,Treg,0.9752362,0.0
S100A8,S100A8,1.4347306,0.7121212121212122,TLR4,TLR4,0.51519525,0.6060606060606061,Mono-NC,Mono-NC,0.97496295,0.0
CALR,CALR,0.9388712,0.6778711484593838,LRP1,LRP1,1.0102887,0.8360128617363344,CD4 T,Mono-C,0.97457993,0.0
GNAI2,GNAI2,1.1912591,0.7602040816326531,FPR1,FPR1,0.75772005,0.6818181818181818,γδ T,Mono-NC,0.97448957,0.001
GRN,GRN,1.5962931,0.793233082706767,TNFRSF1B,TNFRSF1B,0.35248578,0.40225563909774437,cDC2,cDC2,0.97438943,0.0
HSPA8,HSPA8,1.7535446,0.921161825726141,ADRB2,ADRB2,0.19508307,0.22508038585209003,NK-CD16+,Mono-C,0.9743138,0.0
PSEN1,PSEN1,0.30842534,0.2962962962962963,CD44,CD44,1.6401936,1.0,Treg,Mono-NC,0.97430944,0.0
SELPLG,SELPLG,0.096498884,0.16917293233082706,ITGB2,ITGB2,1.8520461,0.941908713692946,cDC2,NK-CD16+,0.9742725,0.0
GNAI2,GNAI2,1.1905274,0.78,FPR1,FPR1,0.75772005,0.6818181818181818,CD8 T,Mono-NC,0.9741237,0.017
CLEC2B,CLEC2B,1.6137797,0.8622291021671826,KLRF1,KLRF1,0.33376342,0.20278637770897834,NK-CD16-,NK-CD16-,0.9737716,0.0
GNAS,GNAS,1.7523254,0.9449339207048458,ADRB2,ADRB2,0.19508307,0.22508038585209003,TRM,Mono-C,0.9737042,0.025
ANXA1,ANXA1,1.6285561,0.8547717842323651,FPR2,FPR2_FPR3,0.31863657,0.27973568281938327,NK-CD16+,TRM,0.97359633,0.0
CD48,CD48,1.7161002,0.8879668049792531,CD244,CD244,0.23106226,0.3181818181818182,NK-CD16+,Mono-NC,0.97358125,0.0
C3,C3,0.33866867,0.2781954887218045,CD81,CD81,1.6084934,0.7969924812030075,cDC2,cDC2,0.9735811,0.0
SELPLG,SELPLG,0.19067334,0.2665198237885463,ITGB2,ITGB2,1.7561089,0.933920704845815,TRM,TRM,0.9733911,0.0
C1QB,C1QB,1.4478918,0.41409691629955947,C1QBP,C1QBP,0.4986058,0.3993808049535604,TRM,NK-CD16-,0.97324884,0.0
VCAN,VCAN,1.6373343,0.6101321585903083,TLR1,TLR1,0.30913138,0.3633440514469453,TRM,Mono-C,0.97323287,0.0
HLA-DQB1,HLA-DQB1,1.0010759,0.7575757575757576,CD4,CD4,0.9452533,0.8484848484848485,Mono-NC,Mono-NC,0.97316456,0.0
PTPN6,PTPN6,1.5784357,0.9696969696969697,CD300LF,CD300LF,0.36763394,0.4251101321585903,Mono-NC,TRM,0.9730348,0.0
VCAN,VCAN,1.6373343,0.6101321585903083,ITGA4,ITGA4,0.30852923,0.40225563909774437,TRM,cDC2,0.9729318,0.0
RETN,RETN,0.35841697,0.3215434083601286,CAP1,CAP1,1.587193,0.9517684887459807,Mono-C,Mono-C,0.972805,0.0
HBEGF,HBEGF,0.30517185,0.2057877813504823,CD44,CD44,1.6401936,1.0,Mono-C,Mono-NC,0.9726827,0.0
VASP,VASP,1.8138554,0.9848484848484849,CXCR2,CXCR2,0.13101147,0.1078838174273859,Mono-NC,NK-CD16+,0.97243345,0.0
HBEGF,HBEGF,0.30462474,0.2878787878787879,CD44,CD44,1.6401936,1.0,Mono-NC,Mono-NC,0.9724091,0.0
HLA-F,HLA-F,1.0506701,0.7310924369747899,LILRB2,LILRB2,0.89341325,0.7268722466960352,CD4 T,TRM,0.9720417,0.0
ANXA1,ANXA1,1.7077402,0.849624060150376,FPR1,FPR1,0.23571904,0.29699248120300753,cDC2,cDC2,0.97172964,0.003
GSTP1,GSTP1,1.8200711,0.8721804511278195,TRAF2,TRAF2,0.1230275,0.12,cDC2,CD8 T,0.9715493,0.0
GNAI2,GNAI2,1.1912591,0.7602040816326531,S1PR4,S1PR4,0.751276,0.7272727272727273,γδ T,Mono-NC,0.9712676,0.002
ACTR2,ACTR2,1.7165008,0.9646302250803859,ADRB2,ADRB2,0.22599342,0.25757575757575757,Mono-C,Mono-NC,0.9712471,0.0
C1QB,C1QB,1.4478918,0.41409691629955947,C1QBP,C1QBP,0.4942559,0.4024896265560166,TRM,NK-CD16+,0.97107387,0.0
ICAM3,ICAM3,1.0413592,0.7066326530612245,ITGAL,ITGAL,0.9007067,0.6680497925311203,γδ T,NK-CD16+,0.971033,0.0
GNAI2,GNAI2,1.1905274,0.78,S1PR4,S1PR4,0.751276,0.7272727272727273,CD8 T,Mono-NC,0.9709017,0.037
ANXA1,ANXA1,1.7056378,0.9074889867841409,FPR1,FPR1,0.23571904,0.29699248120300753,TRM,cDC2,0.97067845,0.0
CALR,CALR,0.9305456,0.8181818181818182,LRP1,LRP1,1.0102887,0.8360128617363344,Mono-NC,Mono-C,0.97041714,0.0
GNAS,GNAS,1.8454778,0.9495798319327731,VIPR1,VIPR1,0.09492822,0.13183279742765272,CD4 T,Mono-C,0.97020304,0.0
CD58,CD58,0.25923505,0.23249299719887956,CD2,CD2,1.6805748,0.8011204481792717,CD4 T,CD4 T,0.9699049,0.0
GRN,GRN,1.5962931,0.793233082706767,TNFRSF1A,TNFRSF1A,0.34344858,0.27800829875518673,cDC2,NK-CD16+,0.9698708,0.0
HSPA8,HSPA8,1.7135137,0.8345864661654135,ADRB2,ADRB2,0.22599342,0.25757575757575757,cDC2,Mono-NC,0.96975356,0.0
CD58,CD58,0.258833,0.21052631578947367,CD2,CD2,1.6805748,0.8011204481792717,NK-CD16-,CD4 T,0.9697039,0.0
VEGFA,VEGFA,1.2694507,0.6409691629955947,ITGB1,ITGB1,0.66938674,0.4733893557422969,TRM,CD4 T,0.9694187,0.0
TGM2,TGM2,1.4282444,0.6057268722466961,ITGB1,ITGB1,0.5097219,0.38345864661654133,TRM,B,0.9689831,0.0
LGALS9,LGALS9,0.8022431,0.6879699248120301,CD47,CD47,1.1356851,0.7717842323651453,cDC2,NK-CD16+,0.9689641,0.0
ITGB2,ITGB2,1.7561089,0.933920704845815,CD226,CD226,0.18145773,0.14814814814814814,TRM,Treg,0.9687833,0.0
CD58,CD58,0.25665924,0.3086816720257235,CD2,CD2,1.6805748,0.8011204481792717,Mono-C,CD4 T,0.968617,0.0
HLA-DMA,HLA-DMA,1.044295,0.77491961414791,CD4,CD4,0.89178056,0.7556270096463023,Mono-C,Mono-C,0.9680377,0.0
GNAI2,GNAI2,1.6692941,0.9361233480176211,CCR5,CCR5,0.26665843,0.2222222222222222,TRM,Treg,0.9679763,0.0
GNAI2,GNAI2,1.6692941,0.9361233480176211,CCR5,CCR5,0.26654285,0.3524229074889868,TRM,TRM,0.9679185,0.0
VCAN,VCAN,1.6373343,0.6101321585903083,SELL,SELL,0.29839385,0.21991701244813278,TRM,NK-CD16+,0.9678641,0.0
ITGB2,ITGB2,1.7057548,0.8458646616541353,CD226,CD226,0.22872603,0.21008403361344538,cDC2,CD4 T,0.9672404,0.0
NRG1,NRG1,0.22177276,0.24437299035369775,HLA-DPB1,HLA-DPB1,1.7125539,0.8488745980707395,Mono-C,Mono-C,0.9671633,0.0
S100A9,S100A9,0.4767763,0.2669172932330827,CD68,CD68,1.4572712,0.9035369774919614,cDC2,Mono-C,0.96702373,0.012
CD40LG,CD40LG,0.5116621,0.4117647058823529,CD53,CD53,1.4223129,0.9118942731277533,CD4 T,TRM,0.9669875,0.0
ARPC5,ARPC5,1.7079098,0.8609022556390977,ADRB2,ADRB2,0.22599342,0.25757575757575757,cDC2,Mono-NC,0.9669516,0.0
ADAM10,ADAM10,0.29276904,0.23993808049535603,CD44,CD44,1.6401936,1.0,NK-CD16-,Mono-NC,0.9664813,0.0
CD55,CD55,0.8667511,0.6585903083700441,ADGRE2,ADGRE2,1.0632316,0.8787878787878788,TRM,Mono-NC,0.96499133,0.0
HLA-DMA,HLA-DMA,1.59805,0.8876651982378855,CD4,CD4,0.33111274,0.2801120448179272,TRM,CD4 T,0.9645814,0.0
ITGB2,ITGB2,1.7057548,0.8458646616541353,CD226,CD226,0.22253276,0.18877551020408162,cDC2,γδ T,0.96414375,0.0
HLA-F,HLA-F,1.0342016,0.8787878787878788,LILRB2,LILRB2,0.89341325,0.7268722466960352,Mono-NC,TRM,0.96380746,0.0
HLA-DQA1,HLA-DQA1,1.686849,0.7731277533039648,LAG3,LAG3,0.24067335,0.2074688796680498,TRM,NK-CD16+,0.96376115,0.0
GNAI2,GNAI2,1.4309491,0.8518518518518519,CXCR3,CXCR3,0.49649835,0.3746130030959752,Treg,NK-CD16-,0.9637237,0.01
LTB,LTB,0.9492059,0.5,TNFRSF1A,TNFRSF1A,0.9779132,0.8039647577092511,NK-CD16-,TRM,0.9635595,0.0
ACTR2,ACTR2,1.789913,0.9848484848484849,ADRB2,ADRB2,0.13696499,0.10681114551083591,Mono-NC,NK-CD16-,0.96343905,0.0
GRN,GRN,0.4541618,0.40601503759398494,TNFRSF1B,TNFRSF1B,1.4723437,0.8458149779735683,B,TRM,0.9632527,0.0
HBEGF,HBEGF,0.91429305,0.5726872246696035,CD44,CD44,1.0119845,0.7,TRM,CD8 T,0.96313876,0.001
LGALS9,LGALS9,0.84653074,0.7652733118971061,CD44,CD44,1.0796558,0.7254901960784313,Mono-C,CD4 T,0.9630933,0.0
GDF11,GDF11,0.1361848,0.14814814814814814,ACTR2,ACTR2,1.789913,0.9848484848484849,Treg,Mono-NC,0.96304893,0.0
APOE,APOE,1.4075412,0.4052863436123348,SORL1,SORL1,0.5182548,0.4066390041493776,TRM,NK-CD16+,0.962898,0.0
GNAI2,GNAI2,1.6692941,0.9361233480176211,F2R,F2R,0.2553608,0.22,TRM,CD8 T,0.9623275,0.0
APOE,APOE,1.4075412,0.4052863436123348,TREM2,TREM2,0.516853,0.36123348017621143,TRM,TRM,0.96219707,0.0
IL23A,IL23A,0.17799231,0.18518518518518517,LILRB2,LILRB2,1.7463557,1.0,Treg,Mono-NC,0.962174,0.0
GSTP1,GSTP1,1.8012135,0.8606811145510835,TRAF2,TRAF2,0.1230275,0.12,NK-CD16-,CD8 T,0.96212053,0.0
HLA-DRB5,HLA-DRB5,1.7389911,0.8083700440528634,LAG3,LAG3,0.1844943,0.15126050420168066,TRM,CD4 T,0.9617427,0.0
ARPC5,ARPC5,1.6970575,0.9427312775330396,ADRB2,ADRB2,0.22599342,0.25757575757575757,TRM,Mono-NC,0.96152544,0.0
GNAI2,GNAI2,1.6186169,0.8308270676691729,S1PR4,S1PR4,0.30440167,0.25232198142414863,cDC2,NK-CD16-,0.9615093,0.0
PSEN1,PSEN1,0.28233021,0.3986784140969163,CD44,CD44,1.6401936,1.0,TRM,Mono-NC,0.96126187,0.0
HSPA8,HSPA8,1.757351,0.9848484848484849,ADRB2,ADRB2,0.16466756,0.14285714285714285,Mono-NC,γδ T,0.9610093,0.009
LTB,LTB,1.6756997,0.7448979591836735,TNFRSF1A,TNFRSF1A,0.24602178,0.226890756302521,γδ T,CD4 T,0.9608607,0.0
LRPAP1,LRPAP1,0.82922006,0.7037037037037037,SORL1,SORL1,1.0923309,0.8102893890675241,Treg,Mono-C,0.9607755,0.0
GSTP1,GSTP1,1.8200711,0.8721804511278195,TRAF2,TRAF2,0.10143168,0.1111111111111111,cDC2,Treg,0.9607514,0.0
GDF11,GDF11,0.13153017,0.14,ACTR2,ACTR2,1.789913,0.9848484848484849,CD8 T,Mono-NC,0.9607216,0.0
CD14,CD14,0.76847064,0.4398496240601504,ITGB1,ITGB1,1.1527835,0.74,cDC2,CD8 T,0.9606271,0.014
ARPC5,ARPC5,1.815909,0.954983922829582,LDLR,LDLR,0.10507937,0.13504823151125403,Mono-C,Mono-C,0.9604942,0.0
SECTM1,SECTM1,0.43928063,0.4565916398713826,CD7,CD7,1.4802365,0.7927170868347339,Mono-C,CD4 T,0.9597586,0.0
HLA-DMB,HLA-DMB,1.1184314,0.8167202572347267,CD4,CD4,0.8007195,0.7290748898678414,Mono-C,TRM,0.9595755,0.0
GNAI2,GNAI2,1.4309491,0.8518518518518519,ADCY7,ADCY7,0.48819146,0.6060606060606061,Treg,Mono-NC,0.9595703,0.008
CD99,CD99,1.6667216,0.9004149377593361,PILRB,PILRB,0.25231978,0.2066326530612245,NK-CD16+,γδ T,0.9595207,0.0
CCL4,CCL4,1.6522963,0.7882653061224489,CCR5,CCR5,0.26665843,0.2222222222222222,γδ T,Treg,0.95947737,0.0
CCL4,CCL4,1.6522963,0.7882653061224489,CCR5,CCR5,0.26654285,0.3524229074889868,γδ T,TRM,0.9594196,0.0
HLA-F,HLA-F,1.0252563,0.819935691318328,LILRB2,LILRB2,0.89341325,0.7268722466960352,Mono-C,TRM,0.95933473,0.0
CD59,CD59,0.23808646,0.19504643962848298,CD2,CD2,1.6805748,0.8011204481792717,NK-CD16-,CD4 T,0.9593306,0.0
HSPA8,HSPA8,1.7535446,0.921161825726141,ADRB2,ADRB2,0.16466756,0.14285714285714285,NK-CD16+,γδ T,0.9591061,0.0
LGALS9,LGALS9,0.84653074,0.7652733118971061,CD44,CD44,1.0712655,0.6658163265306123,Mono-C,γδ T,0.95889807,0.0
PTPN6,PTPN6,0.538721,0.41581632653061223,CLEC12A,CLEC12A,1.3789101,0.8681672025723473,γδ T,Mono-C,0.9588156,0.0
SPON2,SPON2,1.4078201,0.6970954356846473,ITGB1,ITGB1,0.5097219,0.38345864661654133,NK-CD16+,B,0.958771,0.0
CD14,CD14,0.76847064,0.4398496240601504,ITGB1,ITGB1,1.14894,0.7136929460580913,cDC2,NK-CD16+,0.9587053,0.001
GDF11,GDF11,0.12699887,0.11203319502074689,ACTR2,ACTR2,1.789913,0.9848484848484849,NK-CD16+,Mono-NC,0.958456,0.0
C1QB,C1QB,1.4478918,0.41409691629955947,C1QBP,C1QBP,0.4685052,0.39540816326530615,TRM,γδ T,0.95819855,0.0
LGALS9,LGALS9,1.0351217,0.9090909090909091,CD44,CD44,0.88101256,0.5712074303405573,Mono-NC,NK-CD16-,0.9580671,0.0
SEMA4A,SEMA4A,0.16917062,0.2577092511013216,LILRB2,LILRB2,1.7463557,1.0,TRM,Mono-NC,0.95776314,0.0
VEGFA,VEGFA,1.2694507,0.6409691629955947,ITGB1,ITGB1,0.64575475,0.6240601503759399,TRM,cDC2,0.95760274,0.0
CD59,CD59,0.23407479,0.2184873949579832,CD2,CD2,1.6805748,0.8011204481792717,CD4 T,CD4 T,0.9573248,0.0
ITGB2,ITGB2,1.7561089,0.933920704845815,CD226,CD226,0.15833157,0.14,TRM,CD8 T,0.9572202,0.0
PTPN6,PTPN6,1.5784357,0.9696969696969697,CLEC12A,CLEC12A,0.3357166,0.3876651982378855,Mono-NC,TRM,0.95707613,0.0
HLA-DMB,HLA-DMB,1.1532631,0.7518796992481203,CD4,CD4,0.7606554,0.6428571428571429,B,cDC2,0.95695925,0.0
APOE,APOE,1.4075412,0.4052863436123348,LRP1,LRP1,0.50576186,0.6212121212121212,TRM,Mono-NC,0.9566515,0.0
VCAN,VCAN,1.6373343,0.6101321585903083,ITGA4,ITGA4,0.275941,0.22291021671826625,TRM,NK-CD16-,0.9566377,0.0
ANXA2,ANXA2,1.4006976,0.7593984962406015,TLR2,TLR2,0.51256245,0.6212121212121212,cDC2,Mono-NC,0.95663,0.0
HLA-DQB1,HLA-DQB1,1.6723169,0.7929515418502202,LAG3,LAG3,0.24067335,0.2074688796680498,TRM,NK-CD16+,0.9564951,0.0
ANXA1,ANXA1,1.7077402,0.849624060150376,DYSF,DYSF,0.20494828,0.21864951768488747,cDC2,Mono-C,0.95634425,0.0
CD58,CD58,0.57379407,0.6277533039647577,CD2,CD2,1.3383713,0.7136929460580913,TRM,NK-CD16+,0.9560827,0.0
ACTR2,ACTR2,1.7165008,0.9646302250803859,ADRB2,ADRB2,0.19508307,0.22508038585209003,Mono-C,Mono-C,0.9557919,0.0
LGALS9,LGALS9,0.7756295,0.698237885462555,CD47,CD47,1.1356851,0.7717842323651453,TRM,NK-CD16+,0.9556573,0.0
MIF,MIF,0.5779544,0.4677871148459384,CXCR4,CD74_CXCR4,1.3327702,0.7744360902255639,CD4 T,B,0.9553623,0.0
ANXA1,ANXA1,1.7056378,0.9074889867841409,DYSF,DYSF,0.20494828,0.21864951768488747,TRM,Mono-C,0.95529306,0.0
GNAI2,GNAI2,1.6692941,0.9361233480176211,ADCY7,ADCY7,0.24104133,0.2074688796680498,TRM,NK-CD16+,0.9551677,0.0
TGFB1,TGFB1,1.2064602,0.9242424242424242,ENG,ENG,0.70372885,0.6453744493392071,Mono-NC,TRM,0.9550946,0.0
TNF,TNF,0.5083867,0.4444444444444444,TNFRSF1B,TNFRSF1B,1.401767,0.8148148148148148,Treg,Treg,0.9550768,0.0
GNAI2,GNAI2,1.6186169,0.8308270676691729,F2R,F2R,0.29116866,0.22193877551020408,cDC2,γδ T,0.9548928,0.0
MYL9,MYL9,0.073126614,0.10150375939849623,CD69,CD69,1.8365906,0.82,cDC2,CD8 T,0.95485866,0.0
HLA-DQB1,HLA-DQB1,0.9642835,0.6816720257234726,CD4,CD4,0.9452533,0.8484848484848485,Mono-C,Mono-NC,0.9547684,0.0
HSPA8,HSPA8,1.7135137,0.8345864661654135,ADRB2,ADRB2,0.19508307,0.22508038585209003,cDC2,Mono-C,0.9542984,0.0
HLA-DQA2,HLA-DQA2,0.8478521,0.5462555066079295,CD4,CD4,1.0583234,0.7037037037037037,TRM,Treg,0.95308775,0.0
HLA-F,HLA-F,1.0123359,0.7744360902255639,LILRB2,LILRB2,0.89341325,0.7268722466960352,B,TRM,0.95287454,0.0
TIMP2,TIMP2,1.0243123,0.8295819935691319,CD44,CD44,0.88101256,0.5712074303405573,Mono-C,NK-CD16-,0.9526624,0.0
ITGB2,ITGB2,1.8520461,0.941908713692946,CD226,CD226,0.053129725,0.11278195488721804,NK-CD16+,cDC2,0.9525879,0.0
GNAI2,GNAI2,1.6692941,0.9361233480176211,FPR1,FPR1,0.23571904,0.29699248120300753,TRM,cDC2,0.9525066,0.0
ARPC5,ARPC5,1.7079098,0.8609022556390977,ADRB2,ADRB2,0.19508307,0.22508038585209003,cDC2,Mono-C,0.9514964,0.0
GNAI2,GNAI2,1.4309491,0.8518518518518519,CXCR3,CXCR3,0.47176018,0.37037037037037035,Treg,Treg,0.9513546,0.035
GSTP1,GSTP1,1.8012135,0.8606811145510835,TRAF2,TRAF2,0.10143168,0.1111111111111111,NK-CD16-,Treg,0.9513226,0.0
GNAI2,GNAI2,1.3294944,0.8298755186721992,S1PR5,S1PR5,0.57272816,0.45228215767634855,NK-CD16+,NK-CD16+,0.95111126,0.0
TIMP2,TIMP2,1.0195317,0.8193832599118943,CD44,CD44,0.88101256,0.5712074303405573,TRM,NK-CD16-,0.95027214,0.0
HLA-F,HLA-F,0.8053414,0.7731277533039648,CD8B,CD8B,1.0948339,0.6658163265306123,TRM,γδ T,0.95008767,0.0
GNAI2,GNAI2,1.3294944,0.8298755186721992,S1PR4,S1PR4,0.5695364,0.4649859943977591,NK-CD16+,CD4 T,0.94951534,0.0
CLEC2D,CLEC2D,0.17466402,0.21212121212121213,KLRB1,KLRB1,1.7240049,0.6442577030812325,Mono-NC,CD4 T,0.94933444,0.0
BTLA,BTLA,0.17988712,0.18045112781954886,CD247,CD247,1.7187241,0.8796680497925311,B,NK-CD16+,0.94930565,0.0
LCK,LCK,0.80284005,0.5294117647058824,CD8B,CD8A_CD8B,1.0948339,0.6658163265306123,NK-CD16-,γδ T,0.9488369,0.0
CD48,CD48,1.7161002,0.8879668049792531,CD244,CD244,0.181425,0.15170278637770898,NK-CD16+,NK-CD16-,0.9487626,0.0
CALR,CALR,1.3386991,0.8281938325991189,ITGAV,ITGAV,0.5585293,0.5748898678414097,TRM,TRM,0.94861424,0.0
HLA-DPB1,HLA-DPB1,1.7125539,0.8488745980707395,LAG3,LAG3,0.1844943,0.15126050420168066,Mono-C,CD4 T,0.94852406,0.0
CCL4,CCL4,1.6522963,0.7882653061224489,CNR2,CNR2,0.24441135,0.2556390977443609,γδ T,B,0.9483538,0.0
GRN,GRN,1.3472822,0.9242424242424242,TNFRSF1A,TNFRSF1A,0.54939437,0.5757575757575758,Mono-NC,Mono-NC,0.94833827,0.0
GNAI2,GNAI2,1.6692941,0.9361233480176211,S1PR1,S1PR1,0.22716816,0.1991701244813278,TRM,NK-CD16+,0.94823116,0.0
SELPLG,SELPLG,0.19067334,0.2665198237885463,ITGB2,ITGB2,1.7057548,0.8458646616541353,TRM,cDC2,0.94821405,0.0
S100A8,S100A8,1.4347306,0.7121212121212122,CD69,CD69,0.46147123,0.37037037037037035,Mono-NC,Treg,0.9481009,0.049
ACTR2,ACTR2,1.789913,0.9848484848484849,LDLR,LDLR,0.10507937,0.13504823151125403,Mono-NC,Mono-C,0.94749624,0.0
GNAI2,GNAI2,1.6692941,0.9361233480176211,CXCR3,CXCR3,0.22554833,0.19327731092436976,TRM,CD4 T,0.9474212,0.0
HSPA8,HSPA8,1.757351,0.9848484848484849,ADRB2,ADRB2,0.13696499,0.10681114551083591,Mono-NC,NK-CD16-,0.94715804,0.019
CD86,CD86,0.5555806,0.5789473684210527,CTLA4,CTLA4,1.3385537,0.7407407407407407,cDC2,Treg,0.94706714,0.0
TGFB1,TGFB1,1.1898917,0.8392070484581498,ENG,ENG,0.70372885,0.6453744493392071,TRM,TRM,0.94681025,0.0
HLA-DQA2,HLA-DQA2,1.0928336,0.5601503759398496,CD4,CD4,0.8007195,0.7290748898678414,cDC2,TRM,0.94677657,0.0
GNAI2,GNAI2,1.6692941,0.9361233480176211,ADCY7,ADCY7,0.22399522,0.3303964757709251,TRM,TRM,0.94664466,0.0
BTLA,BTLA,0.17454793,0.14814814814814814,CD247,CD247,1.7187241,0.8796680497925311,Treg,NK-CD16+,0.946636,0.0
PTPN6,PTPN6,0.7626841,0.6578947368421053,CLEC12A,CLEC12A,1.1304477,0.8636363636363636,cDC2,Mono-NC,0.9465659,0.0
LGALS3,LGALS3,1.5745354,0.8971061093247589,LAG3,LAG3,0.31858182,0.18518518518518517,Mono-C,Treg,0.9465586,0.0
VEGFA,VEGFA,1.2694507,0.6409691629955947,SIRPA,SIRPA,0.62366134,0.617363344051447,TRM,Mono-C,0.946556,0.0
HLA-DQB1,HLA-DQB1,1.0010759,0.7575757575757576,CD4,CD4,0.89178056,0.7556270096463023,Mono-NC,Mono-C,0.9464282,0.0
SPON2,SPON2,0.1364203,0.1092436974789916,ITGB2,ITGB2,1.7561089,0.933920704845815,CD4 T,TRM,0.94626456,0.0
ARPC5,ARPC5,1.6970575,0.9427312775330396,ADRB2,ADRB2,0.19508307,0.22508038585209003,TRM,Mono-C,0.94607025,0.0
LGALS3,LGALS3,1.5745354,0.8971061093247589,ENG,ENG,0.3172815,0.40601503759398494,Mono-C,cDC2,0.9459084,0.0
HSPA8,HSPA8,1.7535446,0.921161825726141,ADRB2,ADRB2,0.13696499,0.10681114551083591,NK-CD16+,NK-CD16-,0.9452548,0.0
CD58,CD58,0.20947184,0.17842323651452283,CD2,CD2,1.6805748,0.8011204481792717,NK-CD16+,CD4 T,0.9450233,0.0
ADAM10,ADAM10,0.24980623,0.22969187675070027,CD44,CD44,1.6401936,1.0,CD4 T,Mono-NC,0.94499993,0.002
TGM2,TGM2,1.4282444,0.6057268722466961,ITGA4,ITGA4,0.4613777,0.4983922829581994,TRM,Mono-C,0.94481105,0.0
C1QB,C1QB,1.4478918,0.41409691629955947,C1QBP,C1QBP,0.4400316,0.5606060606060606,TRM,Mono-NC,0.94396174,0.0
ITGB2,ITGB2,1.7057548,0.8458646616541353,CD226,CD226,0.18145773,0.14814814814814814,cDC2,Treg,0.94360626,0.0
S100A8,S100A8,0.22620511,0.16165413533834586,CD68,CD68,1.6607586,0.9545454545454546,cDC2,Mono-NC,0.94348186,0.0
HSPA8,HSPA8,1.6609634,0.9118942731277533,ADRB2,ADRB2,0.22599342,0.25757575757575757,TRM,Mono-NC,0.9434784,0.001
CLEC2D,CLEC2D,0.16190672,0.19614147909967847,KLRB1,KLRB1,1.7240049,0.6442577030812325,Mono-C,CD4 T,0.9429558,0.0
ANXA2,ANXA2,1.7191194,0.9260450160771704,TLR2,TLR2,0.16642308,0.2819548872180451,Mono-C,cDC2,0.94277126,0.0
GNAI2,GNAI2,1.6186169,0.8308270676691729,CCR5,CCR5,0.26665843,0.2222222222222222,cDC2,Treg,0.9426377,0.0
GNAI2,GNAI2,1.6186169,0.8308270676691729,CCR5,CCR5,0.26654285,0.3524229074889868,cDC2,TRM,0.94257987,0.0
HLA-F,HLA-F,1.0506701,0.7310924369747899,CD8A,CD8A,0.8343133,0.46887966804979253,CD4 T,NK-CD16+,0.9424917,0.0
GNAI2,GNAI2,1.6692941,0.9361233480176211,ADCY7,ADCY7,0.21429002,0.36466165413533835,TRM,cDC2,0.9417921,0.0
CCL4,CCL4,1.6522963,0.7882653061224489,CCR1,CCR1,0.23124483,0.3082706766917293,γδ T,cDC2,0.94177055,0.0
LGALS9,LGALS9,0.2426989,0.2556390977443609,CD44,CD44,1.6401936,1.0,B,Mono-NC,0.94144624,0.009
ICAM1,ICAM1,0.33819893,0.3788546255506608,SPN,SPN,1.5440981,0.9848484848484849,TRM,Mono-NC,0.9411485,0.0
C3,C3,0.52352124,0.29515418502202645,CD81,CD81,1.3585721,0.6916299559471366,TRM,TRM,0.9410467,0.0
VCAN,VCAN,1.6373343,0.6101321585903083,ITGA4,ITGA4,0.24467708,0.2,TRM,CD8 T,0.9410057,0.0
LGALS9,LGALS9,0.8022431,0.6879699248120301,CD44,CD44,1.0796558,0.7254901960784313,cDC2,CD4 T,0.94094944,0.0
ACTR2,ACTR2,1.7165008,0.9646302250803859,ADRB2,ADRB2,0.16466756,0.14285714285714285,Mono-C,γδ T,0.9405842,0.0
CD99,CD99,1.6667216,0.9004149377593361,PILRA,PILRA,0.21408899,0.2857142857142857,NK-CD16+,cDC2,0.9404053,0.0
SELPLG,SELPLG,0.7946696,0.8787878787878788,SELL,SELL,1.0858085,0.7368421052631579,Mono-NC,B,0.9402391,0.0
SEMA4A,SEMA4A,0.13406414,0.19172932330827067,LILRB2,LILRB2,1.7463557,1.0,cDC2,Mono-NC,0.94020987,0.0
FABP5,FABP5,0.94941276,0.5837004405286343,RXRA,RXRA,0.9308078,0.7942122186495176,TRM,Mono-C,0.9401103,0.0
CKLF,CKLF,1.3927923,0.7781954887218046,CCR4,CCR4,0.48696607,0.4074074074074074,cDC2,Treg,0.9398792,0.0
TNF,TNF,0.3113538,0.24,TNFRSF1B,TNFRSF1B,1.5683897,0.9389067524115756,CD8 T,Mono-C,0.9398717,0.0
C1QA,C1QA,0.6701635,0.45454545454545453,CD93,CD93,1.2095641,0.737885462555066,Mono-NC,TRM,0.9398638,0.0
LTB,LTB,1.6756997,0.7448979591836735,CD40,CD40,0.20363815,0.2599118942731278,γδ T,TRM,0.93966895,0.0
HLA-DMB,HLA-DMB,1.1184314,0.8167202572347267,CD4,CD4,0.7606554,0.6428571428571429,Mono-C,cDC2,0.9395434,0.0
CALR,CALR,0.867899,0.6616541353383458,LRP1,LRP1,1.0102887,0.8360128617363344,B,Mono-C,0.9390938,0.0
HSPA8,HSPA8,1.7135137,0.8345864661654135,ADRB2,ADRB2,0.16466756,0.14285714285714285,cDC2,γδ T,0.93909067,0.0
LGALS9,LGALS9,0.23665385,0.25925925925925924,CD44,CD44,1.6401936,1.0,Treg,Mono-NC,0.9384237,0.028
CD99,CD99,1.5316823,0.8622448979591837,PILRB,PILRB,0.34492552,0.2987551867219917,γδ T,NK-CD16+,0.9383039,0.0
GNAI2,GNAI2,1.6186169,0.8308270676691729,F2R,F2R,0.2553608,0.22,cDC2,CD8 T,0.9369889,0.0
FN1,FN1,0.23371491,0.1299559471365639,CD44,CD44,1.6401936,1.0,TRM,Mono-NC,0.93695426,0.0
CIRBP,CIRBP,1.0442779,0.9090909090909091,TREM1,TREM1,0.82927376,0.5638766519823789,Mono-NC,TRM,0.9367758,0.0
LGALS9,LGALS9,0.8022431,0.6879699248120301,CD44,CD44,1.0712655,0.6658163265306123,cDC2,γδ T,0.9367543,0.0
ARPC5,ARPC5,1.7079098,0.8609022556390977,ADRB2,ADRB2,0.16466756,0.14285714285714285,cDC2,γδ T,0.9362887,0.0
HLA-DQA2,HLA-DQA2,1.5412939,0.8270676691729323,CD4,CD4,0.33111274,0.2801120448179272,B,CD4 T,0.9362033,0.0
MIF,MIF,0.748788,0.5340557275541795,CXCR4,CD74_CXCR4,1.1235944,0.6387665198237885,NK-CD16-,TRM,0.9361912,0.0
PSAP,PSAP,1.3664533,0.7443609022556391,LRP1,LRP1,0.50576186,0.6212121212121212,cDC2,Mono-NC,0.9361076,0.0
CD48,CD48,1.7161002,0.8879668049792531,CD244,CD244,0.1554209,0.13520408163265307,NK-CD16+,γδ T,0.93576056,0.0
HLA-DQA1,HLA-DQA1,1.686849,0.7731277533039648,LAG3,LAG3,0.1844943,0.15126050420168066,TRM,CD4 T,0.9356716,0.0
CD38,CD38,0.453005,0.34,PECAM1,PECAM1,1.4181811,0.9393939393939394,CD8 T,Mono-NC,0.935593,0.0
SELPLG,SELPLG,0.11501996,0.12,ITGB2,ITGB2,1.7561089,0.933920704845815,CD8 T,TRM,0.9355644,0.002
ICAM3,ICAM3,0.9703577,0.6918767507002801,ITGAL,ITGAL,0.9007067,0.6680497925311203,CD4 T,NK-CD16+,0.9355322,0.0
CIRBP,CIRBP,1.041552,0.7040816326530612,TREM1,TREM1,0.82927376,0.5638766519823789,γδ T,TRM,0.9354129,0.0
GSTP1,GSTP1,1.8200711,0.8721804511278195,TRAF2,TRAF2,0.05057145,0.12406015037593984,cDC2,cDC2,0.9353213,0.0
CD48,CD48,1.7161002,0.8879668049792531,CD244,CD244,0.15405756,0.14,NK-CD16+,CD8 T,0.93507886,0.0
SPON2,SPON2,1.4078201,0.6970954356846473,ITGA4,ITGA4,0.4613777,0.4983922829581994,NK-CD16+,Mono-C,0.9345989,0.0
GRN,GRN,1.3472822,0.9242424242424242,TNFRSF1B,TNFRSF1B,0.5217292,0.4107883817427386,Mono-NC,NK-CD16+,0.9345057,0.0
GNAI2,GNAI2,1.1912591,0.7602040816326531,CXCR3,CXCR3,0.67741656,0.4923469387755102,γδ T,γδ T,0.93433785,0.0
CD86,CD86,0.5299974,0.5434083601286174,CTLA4,CTLA4,1.3385537,0.7407407407407407,Mono-C,Treg,0.9342755,0.0
HLA-F,HLA-F,1.0342016,0.8787878787878788,CD8A,CD8A,0.8343133,0.46887966804979253,Mono-NC,NK-CD16+,0.93425745,0.0
GNAI2,GNAI2,1.1905274,0.78,CXCR3,CXCR3,0.67741656,0.4923469387755102,CD8 T,γδ T,0.933972,0.006
ADAM10,ADAM10,0.2271121,0.1913265306122449,CD44,CD44,1.6401936,1.0,γδ T,Mono-NC,0.9336528,0.003
C1QB,C1QB,1.4478918,0.41409691629955947,C1QBP,C1QBP,0.4191703,0.48237885462555063,TRM,TRM,0.93353105,0.0
COL6A2,COL6A2,0.22681384,0.1825726141078838,CD44,CD44,1.6401936,1.0,NK-CD16+,Mono-NC,0.9335037,0.0
CD177,CD177,0.44877496,0.25925925925925924,PECAM1,PECAM1,1.4181811,0.9393939393939394,Treg,Mono-NC,0.933478,0.0
HLA-DMA,HLA-DMA,0.8082313,0.7727272727272727,CD4,CD4,1.0583234,0.7037037037037037,Mono-NC,Treg,0.93327737,0.0
GNAI2,GNAI2,1.3294944,0.8298755186721992,S1PR4,S1PR4,0.5368091,0.44360902255639095,NK-CD16+,B,0.9331517,0.002
CLEC2D,CLEC2D,0.14157313,0.11455108359133127,KLRB1,KLRB1,1.7240049,0.6442577030812325,NK-CD16-,CD4 T,0.93278897,0.0
CD48,CD48,1.7161002,0.8879668049792531,CD244,CD244,0.14902529,0.19935691318327975,NK-CD16+,Mono-C,0.93256277,0.0
ANXA1,ANXA1,1.5458243,0.8,FPR2,FPR2_FPR3,0.31863657,0.27973568281938327,CD8 T,TRM,0.9322304,0.003
ITGB2,ITGB2,1.7561089,0.933920704845815,CD226,CD226,0.108285084,0.14757709251101322,TRM,TRM,0.932197,0.0
ANXA1,ANXA1,1.6285561,0.8547717842323651,FPR1,FPR1,0.23571904,0.29699248120300753,NK-CD16+,cDC2,0.9321376,0.04
ITGB2,ITGB2,1.7057548,0.8458646616541353,CD226,CD226,0.15833157,0.14,cDC2,CD8 T,0.9320432,0.0
GRN,GRN,0.29554603,0.2962962962962963,TNFRSF1B,TNFRSF1B,1.5683897,0.9389067524115756,Treg,Mono-C,0.93196785,0.033
TIMP2,TIMP2,0.6657636,0.7272727272727273,ITGB1,ITGB1,1.1977223,0.8568281938325991,Mono-NC,TRM,0.93174297,0.0
HSPA8,HSPA8,1.757351,0.9848484848484849,LDLR,LDLR,0.10507937,0.13504823151125403,Mono-NC,Mono-C,0.9312152,0.001
GRN,GRN,1.5962931,0.793233082706767,SORT1,SORT1,0.2660577,0.31511254019292606,cDC2,Mono-C,0.9311754,0.0
ARPC5,ARPC5,1.6970575,0.9427312775330396,ADRB2,ADRB2,0.16466756,0.14285714285714285,TRM,γδ T,0.93086255,0.0
PTPN6,PTPN6,0.73054206,0.7136563876651982,CLEC12A,CLEC12A,1.1304477,0.8636363636363636,TRM,Mono-NC,0.9304949,0.0
HLA-DQA2,HLA-DQA2,1.5412939,0.8270676691729323,LAG3,LAG3,0.31858182,0.18518518518518517,B,Treg,0.92993784,0.0
ARPC5,ARPC5,1.3271196,0.7800829875518672,ADRB2,ADRB2,0.53259283,0.42323651452282157,NK-CD16+,NK-CD16+,0.9298562,0.0
GNAI2,GNAI2,1.6186169,0.8308270676691729,ADCY7,ADCY7,0.24104133,0.2074688796680498,cDC2,NK-CD16+,0.9298291,0.0
TGM2,TGM2,1.4282444,0.6057268722466961,ITGA4,ITGA4,0.43139827,0.3753501400560224,TRM,CD4 T,0.9298213,0.0
HLA-F,HLA-F,1.0252563,0.819935691318328,CD8A,CD8A,0.8343133,0.46887966804979253,Mono-C,NK-CD16+,0.9297848,0.0
HSPA8,HSPA8,1.7535446,0.921161825726141,LDLR,LDLR,0.10507937,0.13504823151125403,NK-CD16+,Mono-C,0.929312,0.0
LGALS9,LGALS9,0.84653074,0.7652733118971061,CD44,CD44,1.0119845,0.7,Mono-C,CD8 T,0.92925763,0.025
TNF,TNF,0.3113538,0.24,VSIR,VSIR,1.5465891,0.9545454545454546,CD8 T,Mono-NC,0.92897147,0.0
CD40LG,CD40LG,0.5116621,0.4117647058823529,CD53,CD53,1.346168,0.8939393939393939,CD4 T,Mono-NC,0.9289151,0.0
VCAN,VCAN,1.6373343,0.6101321585903083,TLR1,TLR1,0.22045778,0.3609022556390977,TRM,cDC2,0.92889607,0.0
CD99,CD99,1.6667216,0.9004149377593361,PILRB,PILRB,0.19105348,0.18796992481203006,NK-CD16+,B,0.92888755,0.0
CD14,CD14,0.76847064,0.4398496240601504,ITGB1,ITGB1,1.0891075,0.6965944272445821,cDC2,NK-CD16-,0.9287891,0.0
PTPN6,PTPN6,1.5784357,0.9696969696969697,CD300LF,CD300LF,0.27868325,0.22,Mono-NC,CD8 T,0.9285594,0.0
LGALS9,LGALS9,0.84653074,0.7652733118971061,LRP1,LRP1,1.0102887,0.8360128617363344,Mono-C,Mono-C,0.9284097,0.0
HLA-DQB1,HLA-DQB1,1.6723169,0.7929515418502202,LAG3,LAG3,0.1844943,0.15126050420168066,TRM,CD4 T,0.9284056,0.0
ICAM3,ICAM3,0.771952,0.54,ITGAL,ITGAL,1.0843605,0.9090909090909091,CD8 T,Mono-NC,0.92815626,0.0
CLEC2D,CLEC2D,0.1321584,0.1,KLRB1,KLRB1,1.7240049,0.6442577030812325,CD8 T,CD4 T,0.92808163,0.0
HLA-DQB1,HLA-DQB1,0.9642835,0.6816720257234726,CD4,CD4,0.89178056,0.7556270096463023,Mono-C,Mono-C,0.92803204,0.0
HSPA8,HSPA8,1.6609634,0.9118942731277533,ADRB2,ADRB2,0.19508307,0.22508038585209003,TRM,Mono-C,0.9280232,0.0
GRN,GRN,0.4541618,0.40601503759398494,TNFRSF1B,TNFRSF1B,1.401767,0.8148148148148148,B,Treg,0.9279644,0.025
CD47,CD47,1.1356851,0.7717842323651453,SIRPA,SIRPA,0.7202235,0.6960352422907489,NK-CD16+,TRM,0.9279543,0.0
SIRPA,SIRPA,0.7202235,0.6960352422907489,CD47,CD47,1.1356851,0.7717842323651453,TRM,NK-CD16+,0.9279543,0.0
HLA-F,HLA-F,0.8053414,0.7731277533039648,LILRB2,LILRB2,1.0501987,0.7909967845659164,TRM,Mono-C,0.92777,0.0
GNAI2,GNAI2,1.6692941,0.9361233480176211,ADCY7,ADCY7,0.18623562,0.17346938775510204,TRM,γδ T,0.9277649,0.0
TGM2,TGM2,1.4282444,0.6057268722466961,ITGA4,ITGA4,0.4272796,0.3494897959183674,TRM,γδ T,0.927762,0.0
GNAI2,GNAI2,1.4309491,0.8518518518518519,F2R,F2R,0.42440417,0.34854771784232363,Treg,NK-CD16+,0.9276766,0.003
LGALS9,LGALS9,0.7756295,0.698237885462555,CD44,CD44,1.0796558,0.7254901960784313,TRM,CD4 T,0.92764264,0.0
GNAI2,GNAI2,1.6186169,0.8308270676691729,FPR1,FPR1,0.23571904,0.29699248120300753,cDC2,cDC2,0.927168,0.006
HLA-DQA2,HLA-DQA2,1.0928336,0.5601503759398496,CD4,CD4,0.7606554,0.6428571428571429,cDC2,cDC2,0.9267445,0.0
ACTR2,ACTR2,1.7165008,0.9646302250803859,ADRB2,ADRB2,0.13696499,0.10681114551083591,Mono-C,NK-CD16-,0.9267329,0.0
S100A8,S100A8,1.4347306,0.7121212121212122,CD36,CD36,0.41850236,0.4393939393939394,Mono-NC,Mono-NC,0.9266165,0.001
MMP7,MMP7,0.21264707,0.19924812030075187,CD44,CD44,1.6401936,1.0,cDC2,Mono-NC,0.92642033,0.0
GDF11,GDF11,0.1361848,0.14814814814814814,ACTR2,ACTR2,1.7165008,0.9646302250803859,Treg,Mono-C,0.9263428,0.0
CD1D,CD1D,0.106318794,0.11278195488721804,LILRB2,LILRB2,1.7463557,1.0,B,Mono-NC,0.92633724,0.0
SELPLG,SELPLG,0.096498884,0.16917293233082706,ITGB2,ITGB2,1.7561089,0.933920704845815,cDC2,TRM,0.92630386,0.0
C3,C3,0.52352124,0.29515418502202645,ITGAX,ITGAX,1.3290197,0.8370044052863436,TRM,TRM,0.9262705,0.0
CXCL16,CXCL16,0.87628204,0.7599118942731278,CXCR6,CXCR6,0.9758011,0.6071428571428571,TRM,γδ T,0.9260416,0.0
GSTP1,GSTP1,1.8012135,0.8606811145510835,TRAF2,TRAF2,0.05057145,0.12406015037593984,NK-CD16-,cDC2,0.9258925,0.0
HSPA8,HSPA8,1.7135137,0.8345864661654135,ADRB2,ADRB2,0.13696499,0.10681114551083591,cDC2,NK-CD16-,0.9252394,0.0
ADAM10,ADAM10,0.76983654,0.8333333333333334,CD44,CD44,1.0796558,0.7254901960784313,Mono-NC,CD4 T,0.92474616,0.0
IL16,IL16,0.73825866,0.6296296296296297,CD9,CD9,1.1109124,0.5851393188854489,Treg,NK-CD16-,0.9245856,0.0
ICAM1,ICAM1,0.33819893,0.3788546255506608,IL2RG,IL2RG,1.5104911,0.8888888888888888,TRM,Treg,0.924345,0.0
GDF11,GDF11,0.13153017,0.14,ACTR2,ACTR2,1.7165008,0.9646302250803859,CD8 T,Mono-C,0.92401546,0.0
GNAS,GNAS,1.7523254,0.9449339207048458,VIPR1,VIPR1,0.09492822,0.13183279742765272,TRM,Mono-C,0.92362684,0.001
LGALS9,LGALS9,0.7756295,0.698237885462555,CD44,CD44,1.0712655,0.6658163265306123,TRM,γδ T,0.9234475,0.0
HLA-F,HLA-F,1.0123359,0.7744360902255639,CD8A,CD8A,0.8343133,0.46887966804979253,B,NK-CD16+,0.9233246,0.0
GNAI2,GNAI2,0.93232304,0.6992481203007519,C5AR1,C5AR1,0.9142223,0.6752411575562701,B,Mono-C,0.92327267,0.005
GNAI2,GNAI2,1.6186169,0.8308270676691729,S1PR1,S1PR1,0.22716816,0.1991701244813278,cDC2,NK-CD16+,0.9228926,0.0
HLA-DMA,HLA-DMA,1.044295,0.77491961414791,CD4,CD4,0.8007195,0.7290748898678414,Mono-C,TRM,0.9225072,0.0
ARPC5,ARPC5,1.7079098,0.8609022556390977,ADRB2,ADRB2,0.13696499,0.10681114551083591,cDC2,NK-CD16-,0.9224374,0.0
CALR,CALR,1.3386991,0.8281938325991189,LRP1,LRP1,0.50576186,0.6212121212121212,TRM,Mono-NC,0.9222305,0.0
NAMPT,NAMPT,1.4919114,0.8193832599118943,ITGA5,ITGA5_ITGB1,0.35250825,0.3954983922829582,TRM,Mono-C,0.92220986,0.0
VEGFA,VEGFA,1.2694507,0.6409691629955947,ITGB1,ITGB1,0.57492626,0.4413265306122449,TRM,γδ T,0.92218846,0.0
GNAI2,GNAI2,1.6186169,0.8308270676691729,CXCR3,CXCR3,0.22554833,0.19327731092436976,cDC2,CD4 T,0.92208266,0.0
C1QB,C1QB,1.4478918,0.41409691629955947,CD33,CD33,0.395981,0.5,TRM,Mono-NC,0.9219364,0.0
TIMP2,TIMP2,1.0243123,0.8295819935691319,ITGB1,ITGB1,0.8193306,0.7588424437299035,Mono-C,Mono-C,0.9218214,0.0
GNAI2,GNAI2,1.4309491,0.8518518518518519,ADCY7,ADCY7,0.41265854,0.4758842443729904,Treg,Mono-C,0.92180383,0.024
GDF11,GDF11,0.12699887,0.11203319502074689,ACTR2,ACTR2,1.7165008,0.9646302250803859,NK-CD16+,Mono-C,0.92174983,0.0
GNAI2,GNAI2,1.6186169,0.8308270676691729,ADCY7,ADCY7,0.22399522,0.3303964757709251,cDC2,TRM,0.9213061,0.0
GRN,GRN,1.5962931,0.793233082706767,TNFRSF1A,TNFRSF1A,0.24602178,0.226890756302521,cDC2,CD4 T,0.9211574,0.0
GNAI2,GNAI2,1.6692941,0.9361233480176211,S1PR3,S1PR3,0.17297463,0.21221864951768488,TRM,Mono-C,0.92113435,0.0
SPON2,SPON2,0.1364203,0.1092436974789916,ITGB2,ITGB2,1.7057548,0.8458646616541353,CD4 T,cDC2,0.9210875,0.0
CD58,CD58,0.5036403,0.4074074074074074,CD2,CD2,1.3383713,0.7136929460580913,Treg,NK-CD16+,0.9210058,0.0
CALR,CALR,1.2827677,0.7676348547717843,ITGAV,ITGAV,0.5585293,0.5748898678414097,NK-CD16+,TRM,0.92064846,0.0
ADAM10,ADAM10,0.76983654,0.8333333333333334,CD44,CD44,1.0712655,0.6658163265306123,Mono-NC,γδ T,0.920551,0.0
VCAN,VCAN,1.6373343,0.6101321585903083,SELL,SELL,0.20338385,0.2878787878787879,TRM,Mono-NC,0.9203591,0.0
VEGFA,VEGFA,0.2002169,0.18,CD44,CD44,1.6401936,1.0,CD8 T,Mono-NC,0.92020524,0.007
LGALS3,LGALS3,1.5745354,0.8971061093247589,ENG,ENG,0.2657711,0.3183279742765273,Mono-C,Mono-C,0.92015326,0.0
HLA-F,HLA-F,0.74496293,0.52,CD8B,CD8B,1.0948339,0.6658163265306123,CD8 T,γδ T,0.9198984,0.0
LRPAP1,LRPAP1,0.82922006,0.7037037037037037,LRP1,LRP1,1.0102887,0.8360128617363344,Treg,Mono-C,0.9197544,0.0
SPON2,SPON2,1.4078201,0.6970954356846473,ITGA4,ITGA4,0.43139827,0.3753501400560224,NK-CD16+,CD4 T,0.9196092,0.0
TIMP2,TIMP2,1.0195317,0.8193832599118943,ITGB1,ITGB1,0.8193306,0.7588424437299035,TRM,Mono-C,0.91943115,0.0
CD55,CD55,1.1657451,0.8484848484848485,ADGRE5,ADGRE5,0.6728257,0.5102040816326531,Mono-NC,γδ T,0.9192854,0.0
FABP5,FABP5,0.6990098,0.5263157894736842,RXRA,RXRA,1.1376562,0.9090909090909091,cDC2,Mono-NC,0.918333,0.0
CD99,CD99,1.5316823,0.8622448979591837,PILRB,PILRB,0.30456108,0.24922600619195046,γδ T,NK-CD16-,0.9181217,0.0
SPON2,SPON2,1.4078201,0.6970954356846473,ITGA4,ITGA4,0.4272796,0.3494897959183674,NK-CD16+,γδ T,0.91754985,0.0
S100A8,S100A8,1.4347306,0.7121212121212122,TLR4,TLR4,0.40018338,0.4977973568281938,Mono-NC,TRM,0.917457,0.0
C3,C3,0.33866867,0.2781954887218045,CD81,CD81,1.4962295,0.8571428571428571,cDC2,γδ T,0.9174491,0.0
HLA-F,HLA-F,1.6585511,0.9045643153526971,CD8B,CD8B,0.1760683,0.10084033613445378,NK-CD16+,CD4 T,0.9173097,0.0
CCL4,CCL4,1.6522963,0.7882653061224489,CCR1,CCR1,0.18202607,0.14860681114551083,γδ T,NK-CD16-,0.91716117,0.0
ARPC5,ARPC5,1.6970575,0.9427312775330396,ADRB2,ADRB2,0.13696499,0.10681114551083591,TRM,NK-CD16-,0.91701126,0.0
ICAM3,ICAM3,0.93318963,0.7142857142857143,ITGAL,ITGAL,0.9007067,0.6680497925311203,B,NK-CD16+,0.9169482,0.0
GNAI2,GNAI2,1.6692941,0.9361233480176211,CCR5,CCR5,0.16453725,0.2669172932330827,TRM,cDC2,0.91691566,0.0
S100A9,S100A9,0.4767763,0.2669172932330827,CD36,CD36,1.3569703,0.8713826366559485,cDC2,Mono-C,0.91687334,0.0
ANXA1,ANXA1,1.6285561,0.8547717842323651,DYSF,DYSF,0.20494828,0.21864951768488747,NK-CD16+,Mono-C,0.9167522,0.0
GNAI2,GNAI2,1.6186169,0.8308270676691729,ADCY7,ADCY7,0.21429002,0.36466165413533835,cDC2,cDC2,0.9164535,0.0
HSPA8,HSPA8,1.6064255,0.8739495798319328,ADRB2,ADRB2,0.22599342,0.25757575757575757,CD4 T,Mono-NC,0.91620946,0.029
GNAS,GNAS,1.7355174,0.8979591836734694,VIPR1,VIPR1,0.09492822,0.13183279742765272,γδ T,Mono-C,0.9152228,0.006
GNAI2,GNAI2,0.91576546,0.6207430340557275,C5AR1,C5AR1,0.9142223,0.6752411575562701,NK-CD16-,Mono-C,0.9149939,0.0
GRN,GRN,1.3472822,0.9242424242424242,TNFRSF1A,TNFRSF1A,0.4826395,0.5451127819548872,Mono-NC,cDC2,0.91496086,0.0
HLA-F,HLA-F,1.6585511,0.9045643153526971,CD8A,CD8A,0.17009616,0.11204481792717087,NK-CD16+,CD4 T,0.9143236,0.0
CKLF,CKLF,1.3415992,0.7476780185758514,CCR4,CCR4,0.48696607,0.4074074074074074,NK-CD16-,Treg,0.9142827,0.0
COL9A3,COL9A3,0.18822518,0.18796992481203006,CD44,CD44,1.6401936,1.0,B,Mono-NC,0.91420937,0.0
HLA-F,HLA-F,1.6585511,0.9045643153526971,LILRB1,LILRB1,0.16951409,0.14522821576763487,NK-CD16+,NK-CD16+,0.9140326,0.0
VEGFA,VEGFA,1.2694507,0.6409691629955947,ITGAV,ITGAV,0.5585293,0.5748898678414097,TRM,TRM,0.91399,0.0
CD59,CD59,0.48945206,0.4074074074074074,CD2,CD2,1.3383713,0.7136929460580913,Treg,NK-CD16+,0.9139117,0.0
HLA-DQA1,HLA-DQA1,1.2642461,0.8484848484848485,LAG3,LAG3,0.5634088,0.41836734693877553,Mono-NC,γδ T,0.9138274,0.0
TNF,TNF,0.3113538,0.24,VSIR,VSIR,1.5161986,0.9292604501607717,CD8 T,Mono-C,0.9137762,0.0
LCK,LCK,1.3171462,0.8163265306122449,CD8B,CD8A_CD8B,0.51036483,0.3153526970954357,γδ T,NK-CD16+,0.91375554,0.0
CIRBP,CIRBP,0.9981893,0.6578947368421053,TREM1,TREM1,0.82927376,0.5638766519823789,NK-CD16-,TRM,0.9137315,0.0
GNAI2,GNAI2,1.6692941,0.9361233480176211,S1PR1,S1PR1,0.1580485,0.15789473684210525,TRM,B,0.9136713,0.0
CD59,CD59,0.14625815,0.1326530612244898,CD2,CD2,1.6805748,0.8011204481792717,γδ T,CD4 T,0.91341645,0.0
MMP7,MMP7,0.18660419,0.14285714285714285,CD44,CD44,1.6401936,1.0,CD4 T,Mono-NC,0.91339886,0.0
GNAI2,GNAI2,1.3294944,0.8298755186721992,CXCR3,CXCR3,0.49649835,0.3746130030959752,NK-CD16+,NK-CD16-,0.91299635,0.0
HSPA8,HSPA8,1.6609634,0.9118942731277533,ADRB2,ADRB2,0.16466756,0.14285714285714285,TRM,γδ T,0.9128155,0.001
GNAI2,GNAI2,1.6692941,0.9361233480176211,CCR5,CCR5,0.15471545,0.1400560224089636,TRM,CD4 T,0.91200477,0.0
GNAI2,GNAI2,1.1912591,0.7602040816326531,S1PR4,S1PR4,0.6322236,0.49377593360995853,γδ T,NK-CD16+,0.9117414,0.011
CALR,CALR,1.0592397,0.6989795918367347,LRP1,LRP1,0.7638819,0.7400881057268722,γδ T,TRM,0.91156083,0.0
TNF,TNF,0.25419366,0.3181818181818182,TNFRSF1B,TNFRSF1B,1.5683897,0.9389067524115756,Mono-NC,Mono-C,0.91129166,0.0
TNF,TNF,0.2541462,0.1991701244813278,TNFRSF1B,TNFRSF1B,1.5683897,0.9389067524115756,NK-CD16+,Mono-C,0.91126794,0.0
ACTR2,ACTR2,1.7165008,0.9646302250803859,LDLR,LDLR,0.10507937,0.13504823151125403,Mono-C,Mono-C,0.9107901,0.0
GNAI2,GNAI2,1.6692941,0.9361233480176211,F2R,F2R,0.15213738,0.1400560224089636,TRM,CD4 T,0.91071576,0.0
GSTO1,GSTO1,1.7341418,0.933920704845815,RYR1,RYR1,0.08709178,0.13636363636363635,TRM,Mono-NC,0.9106168,0.0
COL9A2,COL9A2,0.18095502,0.18,CD44,CD44,1.6401936,1.0,CD8 T,Mono-NC,0.9105743,0.0
SELPLG,SELPLG,0.11501996,0.12,ITGB2,ITGB2,1.7057548,0.8458646616541353,CD8 T,cDC2,0.91038734,0.011
GNAI2,GNAI2,1.6692941,0.9361233480176211,ADCY7,ADCY7,0.15139137,0.1346749226006192,TRM,NK-CD16-,0.91034275,0.0
MIF,MIF,0.48784086,0.3903061224489796,CXCR4,CD74_CXCR4,1.3327702,0.7744360902255639,γδ T,B,0.91030556,0.0
CLEC2D,CLEC2D,0.096341014,0.14977973568281938,KLRB1,KLRB1,1.7240049,0.6442577030812325,TRM,CD4 T,0.91017294,0.0
HLA-DRB5,HLA-DRB5,1.2568141,0.6945337620578779,LAG3,LAG3,0.5634088,0.41836734693877553,Mono-C,γδ T,0.9101114,0.0
MIF,MIF,0.748788,0.5340557275541795,CD44,CD44_CD74,1.0712655,0.6658163265306123,NK-CD16-,γδ T,0.9100267,0.037
MIF,MIF,0.69542724,0.48148148148148145,CXCR4,CD74_CXCR4,1.1235944,0.6387665198237885,Treg,TRM,0.90951085,0.003
HSPA8,HSPA8,1.7135137,0.8345864661654135,LDLR,LDLR,0.10507937,0.13504823151125403,cDC2,Mono-C,0.9092966,0.0
TIMP2,TIMP2,0.6657636,0.7272727272727273,ITGB1,ITGB1,1.1527835,0.74,Mono-NC,CD8 T,0.90927356,0.0
CD55,CD55,1.1657451,0.8484848484848485,ADGRE2,ADGRE2,0.65278596,0.6365638766519823,Mono-NC,TRM,0.9092655,0.0
S100A8,S100A8,1.4347306,0.7121212121212122,CD36,CD36,0.38347962,0.35462555066079293,Mono-NC,TRM,0.9091051,0.0
GNAI2,GNAI2,1.3294944,0.8298755186721992,ADCY7,ADCY7,0.48819146,0.6060606060606061,NK-CD16+,Mono-NC,0.9088429,0.0
LTB,LTB,1.6756997,0.7448979591836735,CD40,CD40,0.14197683,0.24242424242424243,γδ T,Mono-NC,0.9088383,0.0
SECTM1,SECTM1,0.23236595,0.28634361233480177,CD7,CD7,1.5852526,0.7925311203319502,TRM,NK-CD16+,0.9088093,0.0
TNFSF13B,TNFSF13B,1.3735859,0.86,TFRC,TFRC,0.4432532,0.4074074074074074,CD8 T,Treg,0.90841955,0.0
CCL4,CCL4,1.6522963,0.7882653061224489,CCR5,CCR5,0.16453725,0.2669172932330827,γδ T,cDC2,0.90841675,0.0
HSPA8,HSPA8,1.2839475,0.8681672025723473,ADRB2,ADRB2,0.53259283,0.42323651452282157,Mono-C,NK-CD16+,0.9082701,0.012
MMP9,MMP9,0.17615944,0.13157894736842105,CD44,CD44,1.6401936,1.0,cDC2,Mono-NC,0.90817654,0.0
LGALS9,LGALS9,1.0351217,0.9090909090909091,CD47,CD47,0.78074646,0.6390977443609023,Mono-NC,B,0.90793407,0.0
ANXA1,ANXA1,1.7077402,0.849624060150376,FPR3,FPR2_FPR3,0.10772969,0.10610932475884244,cDC2,Mono-C,0.90773493,0.0
LGALS3,LGALS3,1.5745354,0.8971061093247589,LAG3,LAG3,0.24067335,0.2074688796680498,Mono-C,NK-CD16+,0.90760434,0.0
ADAM10,ADAM10,0.17495443,0.31954887218045114,CD44,CD44,1.6401936,1.0,cDC2,Mono-NC,0.907574,0.014
TIMP2,TIMP2,0.6657636,0.7272727272727273,ITGB1,ITGB1,1.14894,0.7136929460580913,Mono-NC,NK-CD16+,0.9073518,0.0
LGALS9,LGALS9,0.8022431,0.6879699248120301,CD44,CD44,1.0119845,0.7,cDC2,CD8 T,0.9071138,0.045
ITGB2,ITGB2,1.7057548,0.8458646616541353,CD226,CD226,0.108285084,0.14757709251101322,cDC2,TRM,0.9070199,0.0
ANXA1,ANXA1,1.7056378,0.9074889867841409,FPR3,FPR2_FPR3,0.10772969,0.10610932475884244,TRM,Mono-C,0.90668374,0.0
ARPC5,ARPC5,1.7079098,0.8609022556390977,LDLR,LDLR,0.10507937,0.13504823151125403,cDC2,Mono-C,0.9064946,0.0
LGALS9,LGALS9,0.8022431,0.6879699248120301,LRP1,LRP1,1.0102887,0.8360128617363344,cDC2,Mono-C,0.9062659,0.0
CALR,CALR,1.0484807,0.66,LRP1,LRP1,0.7638819,0.7400881057268722,CD8 T,TRM,0.90618134,0.0
HLA-F,HLA-F,1.506346,0.8647959183673469,LILRB1,LILRB1,0.30403018,0.4473684210526316,γδ T,cDC2,0.9051881,0.0
HLA-F,HLA-F,1.1733881,0.7777777777777778,LILRB1,LILRB1,0.6366831,0.6141479099678456,Treg,Mono-C,0.9050356,0.0
HLA-DRB1,HLA-DRB1,1.4783052,0.8488745980707395,CD4,CD4,0.33111274,0.2801120448179272,Mono-C,CD4 T,0.904709,0.0
CALR,CALR,1.2507865,0.7255639097744361,ITGAV,ITGAV,0.5585293,0.5748898678414097,cDC2,TRM,0.90465796,0.0
ITGB2,ITGB2,1.7561089,0.933920704845815,CD226,CD226,0.053129725,0.11278195488721804,TRM,cDC2,0.9046193,0.0
CKLF,CKLF,1.3211074,0.7777777777777778,CCR4,CCR4,0.48696607,0.4074074074074074,Treg,Treg,0.90403676,0.0
PSEN1,PSEN1,0.16765077,0.2744360902255639,CD44,CD44,1.6401936,1.0,cDC2,Mono-NC,0.9039222,0.0
CSF1,CSF1,0.2809114,0.25925925925925924,CSF3R,CSF3R,1.5266305,0.9260450160771704,Treg,Mono-C,0.9037709,0.0
CD55,CD55,0.8667511,0.6585903083700441,ADGRE5,ADGRE5,0.94057596,0.6597510373443983,TRM,NK-CD16+,0.9036635,0.0
CCL4,CCL4,1.6522963,0.7882653061224489,CCR5,CCR5,0.15471545,0.1400560224089636,γδ T,CD4 T,0.90350586,0.0
GNAI2,GNAI2,1.6692941,0.9361233480176211,UNC5B,UNC5B,0.13736078,0.22556390977443608,TRM,cDC2,0.90332747,0.0
PLAU,PLAU,0.36424682,0.4052863436123348,PLAUR,PLAUR,1.4423888,0.8171806167400881,TRM,TRM,0.9033178,0.0
MIF,MIF,0.683028,0.6466165413533834,CXCR4,CD74_CXCR4,1.1235944,0.6387665198237885,cDC2,TRM,0.9033112,0.0
ICAM3,ICAM3,0.9058521,0.7620578778135049,ITGAL,ITGAL,0.9007067,0.6680497925311203,Mono-C,NK-CD16+,0.9032794,0.0
CD99,CD99,0.5172694,0.45864661654135336,PILRA,PILRA,1.2890874,0.9090909090909091,B,Mono-NC,0.9031784,0.0
NRG1,NRG1,0.09246771,0.10792951541850221,HLA-DPB1,HLA-DPB1,1.7125539,0.8488745980707395,TRM,Mono-C,0.90251076,0.0
HLA-DMA,HLA-DMA,1.044295,0.77491961414791,CD4,CD4,0.7606554,0.6428571428571429,Mono-C,cDC2,0.9024752,0.0
GNAI2,GNAI2,1.6186169,0.8308270676691729,ADCY7,ADCY7,0.18623562,0.17346938775510204,cDC2,γδ T,0.9024263,0.0
GSTP1,GSTP1,1.681307,0.9559471365638766,TRAF2,TRAF2,0.1230275,0.12,TRM,CD8 T,0.9021672,0.0
LGALS3,LGALS3,1.5745354,0.8971061093247589,MCAM,MCAM,0.2294808,0.18,Mono-C,CD8 T,0.90200806,0.0
LGALS9,LGALS9,0.84653074,0.7652733118971061,HAVCR2,HAVCR2,0.957247,0.7731277533039648,Mono-C,TRM,0.90188885,0.0
C1QA,C1QA,0.6701635,0.45454545454545453,CD93,CD93,1.1336107,0.842443729903537,Mono-NC,Mono-C,0.9018871,0.0
VCAN,VCAN,1.6373343,0.6101321585903083,TLR2,TLR2,0.16642308,0.2819548872180451,TRM,cDC2,0.9018787,0.0
GRN,GRN,1.3472822,0.9242424242424242,TNFRSF1A,TNFRSF1A,0.45619887,0.375,Mono-NC,γδ T,0.90174055,0.0
LGALS3,LGALS3,1.4848105,0.9090909090909091,LAG3,LAG3,0.31858182,0.18518518518518517,Mono-NC,Treg,0.90169615,0.0
TNF,TNF,0.2347979,0.18112244897959184,TNFRSF1B,TNFRSF1B,1.5683897,0.9389067524115756,γδ T,Mono-C,0.9015938,0.0
SELPLG,SELPLG,0.096498884,0.16917293233082706,ITGB2,ITGB2,1.7057548,0.8458646616541353,cDC2,cDC2,0.9011268,0.002
ARPC5,ARPC5,1.6970575,0.9427312775330396,LDLR,LDLR,0.10507937,0.13504823151125403,TRM,Mono-C,0.90106845,0.0
LGALS3,LGALS3,1.4848105,0.9090909090909091,ENG,ENG,0.3172815,0.40601503759398494,Mono-NC,cDC2,0.901046,0.0
GNAI2,GNAI2,1.3294944,0.8298755186721992,S1PR4,S1PR4,0.47247362,0.3877551020408163,NK-CD16+,γδ T,0.900984,0.032
HLA-DQB1,HLA-DQB1,1.0010759,0.7575757575757576,CD4,CD4,0.8007195,0.7290748898678414,Mono-NC,TRM,0.9008977,0.0
HSPA8,HSPA8,1.6064255,0.8739495798319328,ADRB2,ADRB2,0.19508307,0.22508038585209003,CD4 T,Mono-C,0.9007543,0.017
CD55,CD55,0.8667511,0.6585903083700441,ADGRE5,ADGRE5,0.9345183,0.7459807073954984,TRM,Mono-C,0.90063465,0.0
GNAI2,GNAI2,1.3294944,0.8298755186721992,CXCR3,CXCR3,0.47176018,0.37037037037037035,NK-CD16+,Treg,0.90062726,0.028
GNAI2,GNAI2,1.6692941,0.9361233480176211,S1PR4,S1PR4,0.13158453,0.1762114537444934,TRM,TRM,0.9004393,0.007
TNF,TNF,0.25419366,0.3181818181818182,VSIR,VSIR,1.5465891,0.9545454545454546,Mono-NC,Mono-NC,0.9003914,0.0
TNF,TNF,0.2541462,0.1991701244813278,VSIR,VSIR,1.5465891,0.9545454545454546,NK-CD16+,Mono-NC,0.9003677,0.0
HLA-F,HLA-F,1.506346,0.8647959183673469,LILRB2,LILRB2,0.29402286,0.3609022556390977,γδ T,cDC2,0.9001844,0.0
GNAI2,GNAI2,1.6692941,0.9361233480176211,CXCR2,CXCR2,0.13101147,0.1078838174273859,TRM,NK-CD16+,0.9001528,0.0
LGALS9,LGALS9,1.0351217,0.9090909090909091,CD44,CD44,0.7647949,0.6090225563909775,Mono-NC,cDC2,0.89995825,0.009
ANXA1,ANXA1,1.7077402,0.849624060150376,DYSF,DYSF,0.09204767,0.1277533039647577,cDC2,TRM,0.89989394,0.0
GRN,GRN,1.5962931,0.793233082706767,TNFRSF1B,TNFRSF1B,0.20323744,0.19548872180451127,cDC2,B,0.89976525,0.0
HLA-F,HLA-F,0.906024,0.6207430340557275,LILRB2,LILRB2,0.89341325,0.7268722466960352,NK-CD16-,TRM,0.89971864,0.0
LGALS9,LGALS9,1.0351217,0.9090909090909091,LRP1,LRP1,0.7638819,0.7400881057268722,Mono-NC,TRM,0.8995018,0.0
NAMPT,NAMPT,1.4462692,0.8006430868167203,ITGA5,ITGA5_ITGB1,0.35250825,0.3954983922829582,Mono-C,Mono-C,0.8993887,0.0
MIF,MIF,0.46597883,0.5044052863436124,CXCR4,CD74_CXCR4,1.3327702,0.7744360902255639,TRM,B,0.89937454,0.0
HSPA8,HSPA8,1.6609634,0.9118942731277533,ADRB2,ADRB2,0.13696499,0.10681114551083591,TRM,NK-CD16-,0.8989642,0.007
ANXA1,ANXA1,1.7056378,0.9074889867841409,DYSF,DYSF,0.09204767,0.1277533039647577,TRM,TRM,0.89884275,0.0
CD48,CD48,1.543134,0.9022556390977443,CD244,CD244,0.25420353,0.2157676348547718,B,NK-CD16+,0.89866877,0.0
HLA-DRB1,HLA-DRB1,1.4783052,0.8488745980707395,LAG3,LAG3,0.31858182,0.18518518518518517,Mono-C,Treg,0.8984435,0.0
IL16,IL16,0.73825866,0.6296296296296297,CD4,CD4,1.0583234,0.7037037037037037,Treg,Treg,0.898291,0.0
HLA-DRB5,HLA-DRB5,1.465296,0.7727272727272727,CD4,CD4,0.33111274,0.2801120448179272,Mono-NC,CD4 T,0.8982044,0.0
ICAM3,ICAM3,0.8952916,0.6145510835913313,ITGAL,ITGAL,0.9007067,0.6680497925311203,NK-CD16-,NK-CD16+,0.89799917,0.0
ADAM10,ADAM10,0.15574858,0.15037593984962405,CD44,CD44,1.6401936,1.0,B,Mono-NC,0.8979711,0.022
CD58,CD58,0.1149221,0.11278195488721804,CD2,CD2,1.6805748,0.8011204481792717,B,CD4 T,0.8977484,0.0
HLA-F,HLA-F,1.6585511,0.9045643153526971,LILRB1,LILRB1,0.13692278,0.14285714285714285,NK-CD16+,B,0.8977369,0.0
CD99,CD99,1.6667216,0.9004149377593361,PILRB,PILRB,0.12873712,0.12,NK-CD16+,CD8 T,0.89772934,0.0
HBEGF,HBEGF,0.91429305,0.5726872246696035,CD44,CD44,0.88101256,0.5712074303405573,TRM,NK-CD16-,0.8976528,0.0
HLA-F,HLA-F,0.74496293,0.52,LILRB2,LILRB2,1.0501987,0.7909967845659164,CD8 T,Mono-C,0.8975808,0.001
GNAI2,GNAI2,1.6692941,0.9361233480176211,ADCY7,ADCY7,0.12583455,0.1111111111111111,TRM,Treg,0.89756435,0.003
TGFB1,TGFB1,1.0907497,0.8553054662379421,ENG,ENG,0.70372885,0.6453744493392071,Mono-C,TRM,0.8972393,0.0
MIF,MIF,0.748788,0.5340557275541795,CXCR4,CD74_CXCR4,1.0455099,0.5637755102040817,NK-CD16-,γδ T,0.89714897,0.0
HLA-DQA2,HLA-DQA2,0.8478521,0.5462555066079295,CD4,CD4,0.9452533,0.8484848484848485,TRM,Mono-NC,0.8965527,0.0
TNFSF13B,TNFSF13B,1.1212561,0.8167202572347267,TNFRSF13B,TNFRSF13B,0.6716681,0.5037593984962406,Mono-C,B,0.8964621,0.0
CD99,CD99,1.0804802,0.7507002801120448,PILRA,PILRA,0.71143526,0.6913183279742765,CD4 T,Mono-C,0.8959577,0.0
ANXA1,ANXA1,1.4731047,0.8137755102040817,FPR2,FPR2_FPR3,0.31863657,0.27973568281938327,γδ T,TRM,0.8958706,0.0
GNAI2,GNAI2,1.6186169,0.8308270676691729,S1PR3,S1PR3,0.17297463,0.21221864951768488,cDC2,Mono-C,0.89579576,0.0
LTB,LTB,0.9492059,0.5,CD40,CD40,0.8423143,0.631578947368421,NK-CD16-,B,0.89576006,0.0
CLEC2D,CLEC2D,0.06665386,0.14285714285714285,KLRB1,KLRB1,1.7240049,0.6442577030812325,cDC2,CD4 T,0.89532936,0.0
GRN,GRN,1.5962931,0.793233082706767,TNFRSF1B,TNFRSF1B,0.19398513,0.14,cDC2,CD8 T,0.8951391,0.011
ICAM2,ICAM2,0.70572096,0.7272727272727273,ITGAL,ITGAL_ITGB2,1.0843605,0.9090909090909091,Mono-NC,Mono-NC,0.89504075,0.0
PSEN1,PSEN1,0.45922452,0.5080385852090032,CD44,CD44,1.3308253,0.8148148148148148,Mono-C,Treg,0.8950249,0.022
TGFB1,TGFB1,1.4091885,0.8464730290456431,LPP,LPP,0.3808161,0.45454545454545453,NK-CD16+,Mono-NC,0.8950023,0.0
CD59,CD59,0.10930789,0.12030075187969924,CD2,CD2,1.6805748,0.8011204481792717,B,CD4 T,0.89494133,0.0
SPP1,SPP1,0.7100559,0.2555066079295154,CD44,CD44,1.0796558,0.7254901960784313,TRM,CD4 T,0.89485586,0.0
PTPN6,PTPN6,0.6590211,0.5062240663900415,CLEC12A,CLEC12A,1.1304477,0.8636363636363636,NK-CD16+,Mono-NC,0.8947344,0.0
TIMP2,TIMP2,1.0243123,0.8295819935691319,CD44,CD44,0.7647949,0.6090225563909775,Mono-C,cDC2,0.89455354,0.0
HGF,HGF,0.148831,0.18006430868167203,CD44,CD44,1.6401936,1.0,Mono-C,Mono-NC,0.8945123,0.0
GRN,GRN,1.5962931,0.793233082706767,SORT1,SORT1,0.19255288,0.28854625550660795,cDC2,TRM,0.894423,0.0
CALR,CALR,1.2827677,0.7676348547717843,LRP1,LRP1,0.50576186,0.6212121212121212,NK-CD16+,Mono-NC,0.89426476,0.0
VEGFA,VEGFA,0.1474075,0.16541353383458646,CD44,CD44,1.6401936,1.0,cDC2,Mono-NC,0.89380056,0.003
HLA-DMA,HLA-DMA,1.4552293,0.8796992481203008,CD4,CD4,0.33111274,0.2801120448179272,B,CD4 T,0.893171,0.0
LGALS9,LGALS9,0.7756295,0.698237885462555,LRP1,LRP1,1.0102887,0.8360128617363344,TRM,Mono-C,0.8929591,0.0
GNAI2,GNAI2,1.6692941,0.9361233480176211,ADCY7,ADCY7,0.11645088,0.11484593837535013,TRM,CD4 T,0.8928725,0.0
TIMP2,TIMP2,1.0195317,0.8193832599118943,CD44,CD44,0.7647949,0.6090225563909775,TRM,cDC2,0.8921633,0.0
CD99,CD99,1.5316823,0.8622448979591837,PILRB,PILRB,0.25231978,0.2066326530612245,γδ T,γδ T,0.89200103,0.0
HLA-DRB5,HLA-DRB5,1.465296,0.7727272727272727,LAG3,LAG3,0.31858182,0.18518518518518517,Mono-NC,Treg,0.8919389,0.0
THBS1,THBS1,0.4268466,0.2797427652733119,CD36,CD36,1.3569703,0.8713826366559485,Mono-C,Mono-C,0.89190847,0.0
TNF,TNF,0.3113538,0.24,TNFRSF1B,TNFRSF1B,1.4723437,0.8458149779735683,CD8 T,TRM,0.89184874,0.0
GNAI2,GNAI2,1.6186169,0.8308270676691729,CCR5,CCR5,0.16453725,0.2669172932330827,cDC2,cDC2,0.8915771,0.0
RETN,RETN,0.19570571,0.18722466960352424,CAP1,CAP1,1.587193,0.9517684887459807,TRM,Mono-C,0.89144933,0.0
PSEN1,PSEN1,0.14256981,0.15789473684210525,CD44,CD44,1.6401936,1.0,B,Mono-NC,0.8913817,0.0
GSTP1,GSTP1,1.681307,0.9559471365638766,TRAF2,TRAF2,0.10143168,0.1111111111111111,TRM,Treg,0.89136934,0.0
SPON2,SPON2,1.4078201,0.6970954356846473,ITGAM,ITGAM,0.3743598,0.31950207468879666,NK-CD16+,NK-CD16+,0.8910899,0.0
HLA-DQA2,HLA-DQA2,1.5412939,0.8270676691729323,LAG3,LAG3,0.24067335,0.2074688796680498,B,NK-CD16+,0.8909836,0.0
TGM2,TGM2,1.4282444,0.6057268722466961,ITGA4,ITGA4,0.35356614,0.3383458646616541,TRM,B,0.89090526,0.0
LGALS9,LGALS9,1.0351217,0.9090909090909091,CD47,CD47,0.74665785,0.5637755102040817,Mono-NC,γδ T,0.89088976,0.0
GRN,GRN,1.3472822,0.9242424242424242,TNFRSF1B,TNFRSF1B,0.4341068,0.34183673469387754,Mono-NC,γδ T,0.8906945,0.004
TNF,TNF,0.2347979,0.18112244897959184,VSIR,VSIR,1.5465891,0.9545454545454546,γδ T,Mono-NC,0.89069355,0.0
SPP1,SPP1,0.7100559,0.2555066079295154,CD44,CD44,1.0712655,0.6658163265306123,TRM,γδ T,0.89066064,0.0
CIRBP,CIRBP,1.3343707,0.8148148148148148,TREM1,TREM1,0.44684002,0.4694533762057878,Treg,Mono-C,0.8906054,0.0
SPP1,SPP1,0.1398205,0.1130030959752322,CD44,CD44,1.6401936,1.0,NK-CD16-,Mono-NC,0.890007,0.001
IL2,IL2,0.357467,0.22,CD53,CD53,1.4223129,0.9118942731277533,CD8 T,TRM,0.88988996,0.0
VEGFA,VEGFA,1.2694507,0.6409691629955947,ITGB1,ITGB1,0.5097219,0.38345864661654133,TRM,B,0.88958627,0.0
PSAP,PSAP,1.3664533,0.7443609022556391,SORT1,SORT1,0.41241643,0.48484848484848486,cDC2,Mono-NC,0.8894349,0.0
SPON2,SPON2,1.4078201,0.6970954356846473,ITGB2,ITGB2,0.37066454,0.3233082706766917,NK-CD16+,B,0.8892423,0.0
APOE,APOE,1.4075412,0.4052863436123348,SORL1,SORL1,0.3708102,0.4393939393939394,TRM,Mono-NC,0.88917565,0.0
PSEN1,PSEN1,0.13780133,0.12033195020746888,CD44,CD44,1.6401936,1.0,NK-CD16+,Mono-NC,0.88899744,0.0
CD99,CD99,1.6667216,0.9004149377593361,PILRB,PILRB,0.11076467,0.11484593837535013,NK-CD16+,CD4 T,0.8887431,0.0
C1QA,C1QA,1.3807284,0.42951541850220265,CD33,CD33,0.395981,0.5,TRM,Mono-NC,0.88835466,0.0
GNAI2,GNAI2,1.6186169,0.8308270676691729,S1PR1,S1PR1,0.1580485,0.15789473684210525,cDC2,B,0.8883327,0.0
GNAI2,GNAI2,1.6692941,0.9361233480176211,S1PR3,S1PR3,0.10491559,0.10792951541850221,TRM,TRM,0.88710487,0.0
CD48,CD48,1.543134,0.9022556390977443,CD244,CD244,0.23106226,0.3181818181818182,B,Mono-NC,0.88709813,0.0
GNAI2,GNAI2,1.6186169,0.8308270676691729,CCR5,CCR5,0.15471545,0.1400560224089636,cDC2,CD4 T,0.8866662,0.0
C1QB,C1QB,1.4478918,0.41409691629955947,C1QBP,C1QBP,0.32488257,0.40514469453376206,TRM,Mono-C,0.8863872,0.0
LGALS3,LGALS3,1.4537047,0.8480176211453745,LAG3,LAG3,0.31858182,0.18518518518518517,TRM,Treg,0.88614327,0.0
LGALS3,LGALS3,1.5745354,0.8971061093247589,ENG,ENG,0.19742186,0.18,Mono-C,CD8 T,0.88597864,0.0
MMP7,MMP7,0.1317242,0.10459183673469388,CD44,CD44,1.6401936,1.0,γδ T,Mono-NC,0.8859589,0.0
CD55,CD55,1.1657451,0.8484848484848485,ADGRE5,ADGRE5,0.60591316,0.43653250773993807,Mono-NC,NK-CD16-,0.88582915,0.0
ICAM3,ICAM3,1.144457,0.8787878787878788,ITGAL,ITGAL,0.62672406,0.48214285714285715,Mono-NC,γδ T,0.88559055,0.0
LGALS3,LGALS3,1.4537047,0.8480176211453745,ENG,ENG,0.3172815,0.40601503759398494,TRM,cDC2,0.8854931,0.0
CD99,CD99,1.6667216,0.9004149377593361,PILRB,PILRB,0.10421776,0.14790996784565916,NK-CD16+,Mono-C,0.8854697,0.0
CD55,CD55,1.1657451,0.8484848484848485,ADGRE2,ADGRE2,0.60515314,0.5401929260450161,Mono-NC,Mono-C,0.8854492,0.0
GNAI2,GNAI2,1.6186169,0.8308270676691729,F2R,F2R,0.15213738,0.1400560224089636,cDC2,CD4 T,0.88537717,0.0
COL9A2,COL9A2,0.13031147,0.14814814814814814,CD44,CD44,1.6401936,1.0,Treg,Mono-NC,0.88525254,0.0
TNF,TNF,0.25419366,0.3181818181818182,VSIR,VSIR,1.5161986,0.9292604501607717,Mono-NC,Mono-C,0.88519615,0.0
TNF,TNF,0.2541462,0.1991701244813278,VSIR,VSIR,1.5161986,0.9292604501607717,NK-CD16+,Mono-C,0.8851724,0.0
APOE,APOE,1.4075412,0.4052863436123348,SORL1,SORL1,0.36265242,0.31092436974789917,TRM,CD4 T,0.8850968,0.0
GNAI2,GNAI2,1.6186169,0.8308270676691729,ADCY7,ADCY7,0.15139137,0.1346749226006192,cDC2,NK-CD16-,0.88500416,0.0
LGALS9,LGALS9,0.84653074,0.7652733118971061,CD47,CD47,0.92230505,0.8181818181818182,Mono-C,Mono-NC,0.8844179,0.0
PSEN1,PSEN1,0.12841062,0.10835913312693499,CD44,CD44,1.6401936,1.0,NK-CD16-,Mono-NC,0.8843021,0.0
TNF,TNF,0.19934118,0.16246498599439776,TNFRSF1B,TNFRSF1B,1.5683897,0.9389067524115756,CD4 T,Mono-C,0.8838654,0.0
CD40LG,CD40LG,0.3442081,0.24,CD53,CD53,1.4223129,0.9118942731277533,CD8 T,TRM,0.8832605,0.0
LGALS9,LGALS9,1.0351217,0.9090909090909091,CD44,CD44,0.7310221,0.6466165413533834,Mono-NC,B,0.8830719,0.034
HSPA8,HSPA8,1.6609634,0.9118942731277533,LDLR,LDLR,0.10507937,0.13504823151125403,TRM,Mono-C,0.8830214,0.0
LRPAP1,LRPAP1,0.6734038,0.7272727272727273,SORL1,SORL1,1.0923309,0.8102893890675241,Mono-NC,Mono-C,0.88286734,0.0
HLA-DQB1,HLA-DQB1,0.9642835,0.6816720257234726,CD4,CD4,0.8007195,0.7290748898678414,Mono-C,TRM,0.8825015,0.0
TNFSF12,TNFSF12,0.8168387,0.6,TNFRSF25,TNFRSF25,0.94785535,0.66,CD8 T,CD8 T,0.882347,0.0
CD99,CD99,1.6667216,0.9004149377593361,CD99L2,CD99L2,0.09785482,0.15151515151515152,NK-CD16+,Mono-NC,0.8822882,0.0
CD48,CD48,1.5102451,0.8469387755102041,CD244,CD244,0.25420353,0.2157676348547718,γδ T,NK-CD16+,0.8822243,0.0
GNAI2,GNAI2,1.1912591,0.7602040816326531,S1PR5,S1PR5,0.57272816,0.45228215767634855,γδ T,NK-CD16+,0.88199365,0.0
BAG6,BAG6,0.42296848,0.4887459807073955,NCR3,NCR3,1.3405855,0.76,Mono-C,CD8 T,0.881777,0.0
GNAI2,GNAI2,1.4309491,0.8518518518518519,CCR5,CCR5,0.33249417,0.2755102040816326,Treg,γδ T,0.8817216,0.032
GNAI2,GNAI2,1.1905274,0.78,S1PR5,S1PR5,0.57272816,0.45228215767634855,CD8 T,NK-CD16+,0.8816278,0.001
CD59,CD59,0.4246249,0.4774436090225564,CD2,CD2,1.3383713,0.7136929460580913,cDC2,NK-CD16+,0.8814981,0.0
CIRBP,CIRBP,1.3158954,0.86,TREM1,TREM1,0.44684002,0.4694533762057878,CD8 T,Mono-C,0.88136774,0.0
GNAI2,GNAI2,1.6692941,0.9361233480176211,UNC5B,UNC5B,0.09301387,0.1343612334801762,TRM,TRM,0.881154,0.0
CD40LG,CD40LG,0.5116621,0.4117647058823529,CD53,CD53,1.250519,0.7717842323651453,CD4 T,NK-CD16+,0.8810906,0.0
PSEN1,PSEN1,0.121966906,0.10714285714285714,CD44,CD44,1.6401936,1.0,γδ T,Mono-NC,0.88108027,0.001
HLA-DQB1,HLA-DQB1,1.0010759,0.7575757575757576,CD4,CD4,0.7606554,0.6428571428571429,Mono-NC,cDC2,0.88086563,0.0
SPON2,SPON2,1.4078201,0.6970954356846473,ITGA4,ITGA4,0.35356614,0.3383458646616541,NK-CD16+,B,0.88069314,0.0
CD99,CD99,1.6667216,0.9004149377593361,PILRB,PILRB,0.09447523,0.18796992481203006,NK-CD16+,cDC2,0.8805984,0.0
CIRBP,CIRBP,0.9316608,0.7556390977443609,TREM1,TREM1,0.82927376,0.5638766519823789,cDC2,TRM,0.8804673,0.0
SPON2,SPON2,1.4078201,0.6970954356846473,ITGA5,ITGA5,0.35250825,0.3954983922829582,NK-CD16+,Mono-C,0.88016415,0.0
VCAN,VCAN,1.6373343,0.6101321585903083,SELL,SELL,0.122435816,0.14814814814814814,TRM,Treg,0.8798851,0.0
TGFB1,TGFB1,1.4091885,0.8464730290456431,LPP,LPP,0.35053685,0.37942122186495175,NK-CD16+,Mono-C,0.87986267,0.0
GRN,GRN,1.3472822,0.9242424242424242,SORT1,SORT1,0.41241643,0.48484848484848486,Mono-NC,Mono-NC,0.8798493,0.0
LGALS9,LGALS9,0.8022431,0.6879699248120301,HAVCR2,HAVCR2,0.957247,0.7731277533039648,cDC2,TRM,0.87974507,0.0
TGFB1,TGFB1,1.4091885,0.8464730290456431,LPP,LPP,0.35022116,0.2962962962962963,NK-CD16+,Treg,0.87970483,0.0
CD47,CD47,1.1356851,0.7717842323651453,SIRPA,SIRPA,0.62366134,0.617363344051447,NK-CD16+,Mono-C,0.87967324,0.0
SIRPA,SIRPA,0.62366134,0.617363344051447,CD47,CD47,1.1356851,0.7717842323651453,Mono-C,NK-CD16+,0.87967324,0.0
LGALS3,LGALS3,1.5745354,0.8971061093247589,LAG3,LAG3,0.1844943,0.15126050420168066,Mono-C,CD4 T,0.8795148,0.0
ICAM3,ICAM3,1.5524573,0.9259259259259259,ITGAL,ITGAL,0.2064871,0.19327731092436976,Treg,CD4 T,0.8794722,0.0
HLA-DQA1,HLA-DQA1,0.7005987,0.5016077170418006,CD4,CD4,1.0583234,0.7037037037037037,Mono-C,Treg,0.87946105,0.0
ITGB2,ITGB2,1.7057548,0.8458646616541353,CD226,CD226,0.053129725,0.11278195488721804,cDC2,cDC2,0.8794422,0.0
CD99,CD99,1.0804802,0.7507002801120448,PILRA,PILRA,0.67828345,0.6629955947136564,CD4 T,TRM,0.87938184,0.0
CLEC2D,CLEC2D,0.8850114,0.6182572614107884,KLRB1,KLRB1,0.87324405,0.37244897959183676,NK-CD16+,γδ T,0.87912774,0.0
ICAM1,ICAM1,0.21409014,0.2508038585209003,SPN,SPN,1.5440981,0.9848484848484849,Mono-C,Mono-NC,0.8790941,0.0
BAG6,BAG6,0.41719928,0.5,NCR3,NCR3,1.3405855,0.76,Mono-NC,CD8 T,0.87889236,0.0
ZG16B,ZG16B,0.13359676,0.18181818181818182,CXCR4,CXCR4,1.6237797,0.773109243697479,Mono-NC,CD4 T,0.8786882,0.0
VEGFA,VEGFA,1.2694507,0.6409691629955947,CD44,CD44,0.4876988,0.3900414937759336,TRM,NK-CD16+,0.8785747,0.0
MMP7,MMP7,0.11657594,0.12334801762114538,CD44,CD44,1.6401936,1.0,TRM,Mono-NC,0.87838477,0.0
CALR,CALR,1.2507865,0.7255639097744361,LRP1,LRP1,0.50576186,0.6212121212121212,cDC2,Mono-NC,0.8782742,0.0
CALR,CALR,1.1977082,0.7306501547987616,ITGAV,ITGAV,0.5585293,0.5748898678414097,NK-CD16-,TRM,0.87811875,0.0
GNAI2,GNAI2,1.6186169,0.8308270676691729,UNC5B,UNC5B,0.13736078,0.22556390977443608,cDC2,cDC2,0.8779889,0.0
TIMP2,TIMP2,1.0243123,0.8295819935691319,CD44,CD44,0.7310221,0.6466165413533834,Mono-C,B,0.8776672,0.005
TIMP2,TIMP2,0.6657636,0.7272727272727273,ITGB1,ITGB1,1.0891075,0.6965944272445821,Mono-NC,NK-CD16-,0.87743556,0.0
C1QA,C1QA,1.3807284,0.42951541850220265,CD93,CD93,0.3738278,0.3787878787878788,TRM,Mono-NC,0.8772781,0.0
PSEN1,PSEN1,0.11373049,0.1,CD44,CD44,1.6401936,1.0,CD8 T,Mono-NC,0.87696207,0.003
GNAI2,GNAI2,1.3294944,0.8298755186721992,F2R,F2R,0.42440417,0.34854771784232363,NK-CD16+,NK-CD16+,0.87694925,0.0
HLA-DMA,HLA-DMA,0.8082313,0.7727272727272727,CD4,CD4,0.9452533,0.8484848484848485,Mono-NC,Mono-NC,0.8767423,0.0
LGALS9,LGALS9,1.0351217,0.9090909090909091,CD47,CD47,0.7175519,0.5742296918767507,Mono-NC,CD4 T,0.8763368,0.0
ICAM3,ICAM3,1.5524573,0.9259259259259259,ITGAL,ITGAL,0.19977444,0.18,Treg,CD8 T,0.8761159,0.0
ADAM10,ADAM10,0.67234373,0.6655948553054662,CD44,CD44,1.0796558,0.7254901960784313,Mono-C,CD4 T,0.87599975,0.0
SELPLG,SELPLG,0.7946696,0.8787878787878788,ITGB2,ITGB2,0.95731455,0.5820433436532507,Mono-NC,NK-CD16-,0.87599206,0.03
TGM2,TGM2,1.4282444,0.6057268722466961,ITGA4,ITGA4,0.32363695,0.4008810572687225,TRM,TRM,0.8759407,0.0
CALR,CALR,1.1930972,0.7037037037037037,ITGAV,ITGAV,0.5585293,0.5748898678414097,Treg,TRM,0.87581325,0.0
TNF,TNF,0.2347979,0.18112244897959184,VSIR,VSIR,1.5161986,0.9292604501607717,γδ T,Mono-C,0.8754983,0.0
CD99,CD99,0.4618594,0.462406015037594,PILRA,PILRA,1.2890874,0.9090909090909091,cDC2,Mono-NC,0.8754734,0.0
ANXA1,ANXA1,1.5458243,0.8,DYSF,DYSF,0.20494828,0.21864951768488747,CD8 T,Mono-C,0.8753863,0.009
LTB,LTB,0.9492059,0.5,TNFRSF1A,TNFRSF1A,0.8014042,0.7234726688102894,NK-CD16-,Mono-C,0.87530506,0.004
LGALS3,LGALS3,1.4848105,0.9090909090909091,ENG,ENG,0.2657711,0.3183279742765273,Mono-NC,Mono-C,0.87529075,0.0
TIMP2,TIMP2,1.0195317,0.8193832599118943,CD44,CD44,0.7310221,0.6466165413533834,TRM,B,0.8752769,0.007
GNAI2,GNAI2,1.6186169,0.8308270676691729,CXCR2,CXCR2,0.13101147,0.1078838174273859,cDC2,NK-CD16+,0.8748142,0.0
PTPN6,PTPN6,0.37038472,0.31932773109243695,CLEC12A,CLEC12A,1.3789101,0.8681672025723473,CD4 T,Mono-C,0.8746474,0.0
HGF,HGF,0.10895583,0.15638766519823788,CD44,CD44,1.6401936,1.0,TRM,Mono-NC,0.8745747,0.0
C3,C3,0.52352124,0.29515418502202645,CD81,CD81,1.2251914,0.7717842323651453,TRM,NK-CD16+,0.87435627,0.0
VCAN,VCAN,1.6373343,0.6101321585903083,SELL,SELL,0.11102879,0.14661654135338345,TRM,cDC2,0.87418157,0.0
HLA-DQA2,HLA-DQA2,0.68994284,0.5151515151515151,CD4,CD4,1.0583234,0.7037037037037037,Mono-NC,Treg,0.8741331,0.0
CD99,CD99,1.6667216,0.9004149377593361,CD99L2,CD99L2,0.081535384,0.1157556270096463,NK-CD16+,Mono-C,0.87412846,0.0
ICAM3,ICAM3,1.5524573,0.9259259259259259,ITGAL,ITGAL,0.19545276,0.28193832599118945,Treg,TRM,0.8739551,0.0
PTPN6,PTPN6,0.36877084,0.3333333333333333,CLEC12A,CLEC12A,1.3789101,0.8681672025723473,Treg,Mono-C,0.87384045,0.0
CKLF,CKLF,1.2593031,0.6862745098039216,CCR4,CCR4,0.48696607,0.4074074074074074,CD4 T,Treg,0.8731346,0.0
TNF,TNF,0.19934118,0.16246498599439776,VSIR,VSIR,1.5465891,0.9545454545454546,CD4 T,Mono-NC,0.87296516,0.0
CD99,CD99,1.5316823,0.8622448979591837,PILRA,PILRA,0.21408899,0.2857142857142857,γδ T,cDC2,0.87288564,0.0
CD99,CD99,1.6667216,0.9004149377593361,PILRB,PILRB,0.079033956,0.10606060606060606,NK-CD16+,Mono-NC,0.8728778,0.0
TIMP2,TIMP2,0.6657636,0.7272727272727273,CD44,CD44,1.0796558,0.7254901960784313,Mono-NC,CD4 T,0.8727097,0.003
A2M,A2M,0.7345292,0.4052863436123348,LRP1,LRP1,1.0102887,0.8360128617363344,TRM,Mono-C,0.872409,0.0
CD38,CD38,0.32645863,0.2576530612244898,PECAM1,PECAM1,1.4181811,0.9393939393939394,γδ T,Mono-NC,0.8723198,0.0
GNAI2,GNAI2,1.6186169,0.8308270676691729,ADCY7,ADCY7,0.12583455,0.1111111111111111,cDC2,Treg,0.87222576,0.023
TGFB1,TGFB1,1.0401518,0.72,ENG,ENG,0.70372885,0.6453744493392071,CD8 T,TRM,0.8719404,0.0
ADAM10,ADAM10,0.67234373,0.6655948553054662,CD44,CD44,1.0712655,0.6658163265306123,Mono-C,γδ T,0.8718046,0.0
ICAM1,ICAM1,0.19924289,0.31203007518796994,SPN,SPN,1.5440981,0.9848484848484849,cDC2,Mono-NC,0.8716705,0.0
TGM2,TGM2,1.4282444,0.6057268722466961,SDC4,SDC4,0.31436065,0.2962962962962963,TRM,Treg,0.8713025,0.0
GNAI2,GNAI2,1.3294944,0.8298755186721992,ADCY7,ADCY7,0.41265854,0.4758842443729904,NK-CD16+,Mono-C,0.87107646,0.0
CD48,CD48,1.5102451,0.8469387755102041,CD244,CD244,0.23106226,0.3181818181818182,γδ T,Mono-NC,0.8706537,0.0
MIF,MIF,0.69542724,0.48148148148148145,CXCR4,CD74_CXCR4,1.0455099,0.5637755102040817,Treg,γδ T,0.8704686,0.01
LGALS3,LGALS3,1.5745354,0.8971061093247589,ENG,ENG,0.16630077,0.24242424242424243,Mono-C,Mono-NC,0.8704181,0.0
ACTR2,ACTR2,1.5147045,0.9185022026431718,ADRB2,ADRB2,0.22599342,0.25757575757575757,TRM,Mono-NC,0.87034893,0.0
HLA-F,HLA-F,0.906024,0.6207430340557275,CD8A,CD8A,0.8343133,0.46887966804979253,NK-CD16-,NK-CD16+,0.8701686,0.0
HLA-DQA2,HLA-DQA2,0.8478521,0.5462555066079295,CD4,CD4,0.89178056,0.7556270096463023,TRM,Mono-C,0.8698163,0.0
TIMP2,TIMP2,1.0243123,0.8295819935691319,ITGB1,ITGB1,0.7144593,0.6296296296296297,Mono-C,Treg,0.8693858,0.001
SERPINA1,SERPINA1,1.5866425,0.8876651982378855,LRP1,LRP1,0.15203843,0.23684210526315788,TRM,cDC2,0.8693405,0.0
HGF,HGF,0.09813274,0.13636363636363635,CD44,CD44,1.6401936,1.0,Mono-NC,Mono-NC,0.86916316,0.0
RETN,RETN,0.1510014,0.19696969696969696,CAP1,CAP1,1.587193,0.9517684887459807,Mono-NC,Mono-C,0.86909723,0.0
TIMP2,TIMP2,0.6657636,0.7272727272727273,CD44,CD44,1.0712655,0.6658163265306123,Mono-NC,γδ T,0.86851454,0.006
TGM2,TGM2,1.4282444,0.6057268722466961,ITGA4,ITGA4,0.30852923,0.40225563909774437,TRM,cDC2,0.8683868,0.0
CALR,CALR,0.7260937,0.6334405144694534,LRP1,LRP1,1.0102887,0.8360128617363344,Mono-C,Mono-C,0.86819124,0.0
ANXA1,ANXA1,1.6285561,0.8547717842323651,FPR3,FPR2_FPR3,0.10772969,0.10610932475884244,NK-CD16+,Mono-C,0.8681429,0.005
ICAM3,ICAM3,1.1089442,0.7510373443983402,ITGAL,ITGAL,0.62672406,0.48214285714285715,NK-CD16+,γδ T,0.8678341,0.0
CD99,CD99,1.6667216,0.9004149377593361,PILRB,PILRB,0.06874516,0.11233480176211454,NK-CD16+,TRM,0.86773336,0.0
PTPN6,PTPN6,1.5784357,0.9696969696969697,CLEC12A,CLEC12A,0.1569512,0.14,Mono-NC,CD8 T,0.8676934,0.0
CD48,CD48,1.4808805,0.9035369774919614,CD244,CD244,0.25420353,0.2157676348547718,Mono-C,NK-CD16+,0.867542,0.0
GNAI2,GNAI2,1.6186169,0.8308270676691729,ADCY7,ADCY7,0.11645088,0.11484593837535013,cDC2,CD4 T,0.8675339,0.0
MMP7,MMP7,0.094848365,0.10932475884244373,CD44,CD44,1.6401936,1.0,Mono-C,Mono-NC,0.867521,0.001
PSEN1,PSEN1,0.4038222,0.5151515151515151,CD44,CD44,1.3308253,0.8148148148148148,Mono-NC,Treg,0.86732376,0.045
GRN,GRN,1.5962931,0.793233082706767,SORT1,SORT1,0.13779345,0.2556390977443609,cDC2,cDC2,0.86704326,0.0
LAMB3,LAMB3,0.09384765,0.1277533039647577,CD44,CD44,1.6401936,1.0,TRM,Mono-NC,0.8670206,0.0
TIMP2,TIMP2,1.0195317,0.8193832599118943,ITGB1,ITGB1,0.7144593,0.6296296296296297,TRM,Treg,0.8669955,0.0
VCAN,VCAN,1.6373343,0.6101321585903083,TLR1,TLR1,0.09634738,0.1,TRM,CD8 T,0.86684084,0.0
CD55,CD55,1.0605979,0.7588424437299035,ADGRE5,ADGRE5,0.6728257,0.5102040816326531,Mono-C,γδ T,0.8667118,0.0
TNFSF12,TNFSF12,0.8168387,0.6,TNFRSF25,TNFRSF25,0.91637623,0.6296296296296297,CD8 T,Treg,0.8666074,0.0
IL16,IL16,0.6221161,0.5,CD9,CD9,1.1109124,0.5851393188854489,CD8 T,NK-CD16-,0.86651427,0.0
LGALS9,LGALS9,0.7756295,0.698237885462555,HAVCR2,HAVCR2,0.957247,0.7731277533039648,TRM,TRM,0.86643827,0.0
GSTP1,GSTP1,1.681307,0.9559471365638766,TRAF2,TRAF2,0.05057145,0.12406015037593984,TRM,cDC2,0.8659392,0.0
SPON2,SPON2,1.4078201,0.6970954356846473,ITGA4,ITGA4,0.32363695,0.4008810572687225,NK-CD16+,TRM,0.8657285,0.0
CCL3,CCL3,1.2443963,0.5959752321981424,CCR4,CCR4,0.48696607,0.4074074074074074,NK-CD16-,Treg,0.8656812,0.0
RETN,RETN,0.35841697,0.3215434083601286,CAP1,CAP1,1.3729357,0.9185022026431718,Mono-C,TRM,0.8656763,0.0
TGFB1,TGFB1,1.3503319,0.7972136222910217,LPP,LPP,0.3808161,0.45454545454545453,NK-CD16-,Mono-NC,0.865574,0.0
PTPN6,PTPN6,1.0776117,0.8360128617363344,CD300LF,CD300LF,0.65190804,0.6818181818181818,Mono-C,Mono-NC,0.86475986,0.0
LCK,LCK,0.6341847,0.46,CD8B,CD8A_CD8B,1.0948339,0.6658163265306123,CD8 T,γδ T,0.8645093,0.0
GNAI2,GNAI2,1.051248,0.7450980392156863,CXCR3,CXCR3,0.67741656,0.4923469387755102,CD4 T,γδ T,0.86433226,0.0
MIF,MIF,0.683028,0.6466165413533834,CXCR4,CD74_CXCR4,1.0455099,0.5637755102040817,cDC2,γδ T,0.86426896,0.0
C1QB,C1QB,1.4478918,0.41409691629955947,CD33,CD33,0.28041336,0.3722466960352423,TRM,TRM,0.8641526,0.0
LGALS9,LGALS9,0.84653074,0.7652733118971061,CD44,CD44,0.88101256,0.5712074303405573,Mono-C,NK-CD16-,0.8637717,0.0
PTPN6,PTPN6,1.5784357,0.9696969696969697,CLEC12A,CLEC12A,0.14910583,0.12693498452012383,Mono-NC,NK-CD16-,0.8637707,0.0
TNFSF13B,TNFSF13B,0.5918427,0.5616740088105727,TNFRSF13C,TNFRSF13C,1.1349291,0.7819548872180451,TRM,B,0.8633859,0.0
TNF,TNF,0.25419366,0.3181818181818182,TNFRSF1B,TNFRSF1B,1.4723437,0.8458149779735683,Mono-NC,TRM,0.8632687,0.0
TNF,TNF,0.2541462,0.1991701244813278,TNFRSF1B,TNFRSF1B,1.4723437,0.8458149779735683,NK-CD16+,TRM,0.86324495,0.0
TGFB1,TGFB1,1.4091885,0.8464730290456431,ENG,ENG,0.3172815,0.40601503759398494,NK-CD16+,cDC2,0.863235,0.0
HLA-DQA2,HLA-DQA2,1.5412939,0.8270676691729323,LAG3,LAG3,0.1844943,0.15126050420168066,B,CD4 T,0.86289406,0.0
LGALS3,LGALS3,1.4848105,0.9090909090909091,LAG3,LAG3,0.24067335,0.2074688796680498,Mono-NC,NK-CD16+,0.8627419,0.0
HLA-DQB1,HLA-DQB1,0.9642835,0.6816720257234726,CD4,CD4,0.7606554,0.6428571428571429,Mono-C,cDC2,0.86246943,0.0
CLEC2B,CLEC2B,0.50165504,0.5488721804511278,KLRF1,KLRF1,1.2231754,0.6182572614107884,cDC2,NK-CD16+,0.8624152,0.0
C1QA,C1QA,1.3807284,0.42951541850220265,CR1,CR1,0.3438843,0.35691318327974275,TRM,Mono-C,0.86230636,0.0
ICAM1,ICAM1,0.21409014,0.2508038585209003,IL2RG,IL2RG,1.5104911,0.8888888888888888,Mono-C,Treg,0.8622906,0.0
CD48,CD48,1.543134,0.9022556390977443,CD244,CD244,0.181425,0.15170278637770898,B,NK-CD16-,0.8622795,0.0
LGALS9,LGALS9,0.8022431,0.6879699248120301,CD47,CD47,0.92230505,0.8181818181818182,cDC2,Mono-NC,0.86227405,0.0
CD40LG,CD40LG,0.5116621,0.4117647058823529,CD53,CD53,1.2126129,0.7959183673469388,CD4 T,γδ T,0.8621375,0.0
GNAI2,GNAI2,1.6186169,0.8308270676691729,S1PR3,S1PR3,0.10491559,0.10792951541850221,cDC2,TRM,0.8617663,0.0
GRN,GRN,1.5962931,0.793233082706767,TNFRSF1B,TNFRSF1B,0.1271853,0.1021671826625387,cDC2,NK-CD16-,0.8617392,0.0
CD99,CD99,1.5316823,0.8622448979591837,PILRB,PILRB,0.19105348,0.18796992481203006,γδ T,B,0.8613679,0.0
MIF,MIF,0.38958907,0.3684210526315789,CXCR4,CD74_CXCR4,1.3327702,0.7744360902255639,B,B,0.86117965,0.01
GNAI2,GNAI2,1.4309491,0.8518518518518519,F2R,F2R,0.29116866,0.22193877551020408,Treg,γδ T,0.8610589,0.035
SPP1,SPP1,0.7100559,0.2555066079295154,CD44,CD44,1.0119845,0.7,TRM,CD8 T,0.8610202,0.006
ANXA1,ANXA1,1.6285561,0.8547717842323651,DYSF,DYSF,0.09204767,0.1277533039647577,NK-CD16+,TRM,0.8603019,0.0
CSF1,CSF1,0.19358002,0.15306122448979592,CSF3R,CSF3R,1.5266305,0.9260450160771704,γδ T,Mono-C,0.8601053,0.0
GRN,GRN,1.3472822,0.9242424242424242,TNFRSF1B,TNFRSF1B,0.3728196,0.30532212885154064,Mono-NC,CD4 T,0.8600509,0.026
IL16,IL16,0.60916126,0.4770408163265306,CD9,CD9,1.1109124,0.5851393188854489,γδ T,NK-CD16-,0.86003685,0.0
LGALS3,LGALS3,1.4537047,0.8480176211453745,ENG,ENG,0.2657711,0.3183279742765273,TRM,Mono-C,0.8597379,0.0
HLA-DRB1,HLA-DRB1,1.4783052,0.8488745980707395,LAG3,LAG3,0.24067335,0.2074688796680498,Mono-C,NK-CD16+,0.85948926,0.0
C1QB,C1QB,1.4478918,0.41409691629955947,CD33,CD33,0.2698707,0.37969924812030076,TRM,cDC2,0.85888124,0.0
GRN,GRN,0.1490577,0.13692946058091288,TNFRSF1B,TNFRSF1B,1.5683897,0.9389067524115756,NK-CD16+,Mono-C,0.8587237,0.002
SPON2,SPON2,1.4078201,0.6970954356846473,ITGA4,ITGA4,0.30852923,0.40225563909774437,NK-CD16+,cDC2,0.8581747,0.0
PTPN6,PTPN6,1.5784357,0.9696969696969697,CLEC12A,CLEC12A,0.13729744,0.15789473684210525,Mono-NC,cDC2,0.8578665,0.0
TNF,TNF,0.19934118,0.16246498599439776,VSIR,VSIR,1.5161986,0.9292604501607717,CD4 T,Mono-C,0.8577699,0.0
ANXA1,ANXA1,1.3966732,0.773109243697479,FPR2,FPR2_FPR3,0.31863657,0.27973568281938327,CD4 T,TRM,0.85765487,0.0
LGALS3,LGALS3,1.4848105,0.9090909090909091,MCAM,MCAM,0.2294808,0.18,Mono-NC,CD8 T,0.85714567,0.0
ANXA2,ANXA2,0.96594554,0.6581632653061225,TLR2,TLR2,0.7481718,0.684887459807074,γδ T,Mono-C,0.85705864,0.0
CD55,CD55,1.1657451,0.8484848484848485,ADGRE5,ADGRE5,0.54786426,0.552863436123348,Mono-NC,TRM,0.8568047,0.0
COL9A2,COL9A2,0.07329838,0.13909774436090225,CD44,CD44,1.6401936,1.0,cDC2,Mono-NC,0.85674596,0.0
CD55,CD55,1.0605979,0.7588424437299035,ADGRE2,ADGRE2,0.65278596,0.6365638766519823,Mono-C,TRM,0.85669196,0.0
TNF,TNF,0.3113538,0.24,TNFRSF1B,TNFRSF1B,1.401767,0.8148148148148148,CD8 T,Treg,0.8565604,0.0
GRN,GRN,1.3472822,0.9242424242424242,TNFRSF1A,TNFRSF1A,0.36541182,0.3,Mono-NC,CD8 T,0.85634696,0.004
SECTM1,SECTM1,0.23236595,0.28634361233480177,CD7,CD7,1.4802365,0.7927170868347339,TRM,CD4 T,0.85630125,0.0
CD48,CD48,1.4808805,0.9035369774919614,CD244,CD244,0.23106226,0.3181818181818182,Mono-C,Mono-NC,0.8559714,0.0
GNAI2,GNAI2,1.6186169,0.8308270676691729,UNC5B,UNC5B,0.09301387,0.1343612334801762,cDC2,TRM,0.8558154,0.0
HSPA8,HSPA8,1.6064255,0.8739495798319328,LDLR,LDLR,0.10507937,0.13504823151125403,CD4 T,Mono-C,0.85575247,0.01
GRN,GRN,1.3472822,0.9242424242424242,TNFRSF1A,TNFRSF1A,0.36394188,0.28792569659442724,Mono-NC,NK-CD16-,0.85561204,0.001
TNFSF10,TNFSF10,1.0840671,0.7717041800643086,CCR6,CCR6,0.62660265,0.5185185185185185,Mono-C,Treg,0.8553349,0.0
ACTR2,ACTR2,1.5147045,0.9185022026431718,ADRB2,ADRB2,0.19508307,0.22508038585209003,TRM,Mono-C,0.85489374,0.0
ICAM1,ICAM1,0.19924289,0.31203007518796994,IL2RG,IL2RG,1.5104911,0.8888888888888888,cDC2,Treg,0.854867,0.0
CD70,CD70,0.11029921,0.10526315789473684,CD27,CD27,1.5986589,0.8888888888888888,B,Treg,0.8544791,0.0
LCK,LCK,1.198587,0.7407407407407407,CD8B,CD8A_CD8B,0.51036483,0.3153526970954357,Treg,NK-CD16+,0.85447586,0.0
SELPLG,SELPLG,0.7946696,0.8787878787878788,SELL,SELL,0.9139811,0.7234726688102894,Mono-NC,Mono-C,0.85432535,0.0
IL10,IL10,0.109406434,0.13876651982378854,CD27,CD27,1.5986589,0.8888888888888888,TRM,Treg,0.8540327,0.0
PTPN6,PTPN6,1.0553743,0.7593984962406015,CD300LF,CD300LF,0.65190804,0.6818181818181818,B,Mono-NC,0.85364115,0.0
ZG16B,ZG16B,0.374383,0.32,CXCR4,CXCR4,1.3327702,0.7744360902255639,CD8 T,B,0.8535766,0.0
TNF,TNF,0.2347979,0.18112244897959184,TNFRSF1B,TNFRSF1B,1.4723437,0.8458149779735683,γδ T,TRM,0.8535708,0.0
ICAM3,ICAM3,1.5524573,0.9259259259259259,ITGAL,ITGAL,0.15358762,0.17293233082706766,Treg,B,0.85302246,0.001
HLA-DRB5,HLA-DRB5,1.465296,0.7727272727272727,LAG3,LAG3,0.24067335,0.2074688796680498,Mono-NC,NK-CD16+,0.85298467,0.0
CD47,CD47,1.1356851,0.7717842323651453,SIRPG,SIRPG,0.5696164,0.5185185185185185,NK-CD16+,Treg,0.85265076,0.0
SIRPG,SIRPG,0.5696164,0.5185185185185185,CD47,CD47,1.1356851,0.7717842323651453,Treg,NK-CD16+,0.85265076,0.0
BAG6,BAG6,0.3644881,0.4911894273127753,NCR3,NCR3,1.3405855,0.76,TRM,CD8 T,0.8525368,0.0
TGM2,TGM2,1.4282444,0.6057268722466961,ITGA4,ITGA4,0.275941,0.22291021671826625,TRM,NK-CD16-,0.8520927,0.0
CLEC2D,CLEC2D,0.8305881,0.576530612244898,KLRB1,KLRB1,0.87324405,0.37244897959183676,γδ T,γδ T,0.8519161,0.0
ICAM1,ICAM1,0.15969443,0.21212121212121213,SPN,SPN,1.5440981,0.9848484848484849,Mono-NC,Mono-NC,0.8518963,0.0
IL2,IL2,0.357467,0.22,CD53,CD53,1.346168,0.8939393939393939,CD8 T,Mono-NC,0.8518175,0.0
TGFB1,TGFB1,1.4091885,0.8464730290456431,SDC2,SDC2,0.2943811,0.2577092511013216,NK-CD16+,TRM,0.8517848,0.0
CSF1,CSF1,0.17689057,0.18,CSF3R,CSF3R,1.5266305,0.9260450160771704,CD8 T,Mono-C,0.85176057,0.0
CALR,CALR,1.1977082,0.7306501547987616,LRP1,LRP1,0.50576186,0.6212121212121212,NK-CD16-,Mono-NC,0.85173506,0.0
CD59,CD59,0.36507612,0.4118942731277533,CD2,CD2,1.3383713,0.7136929460580913,TRM,NK-CD16+,0.8517237,0.0
IL16,IL16,0.59223366,0.484593837535014,CD9,CD9,1.1109124,0.5851393188854489,CD4 T,NK-CD16-,0.85157305,0.0
CALR,CALR,0.9388712,0.6778711484593838,LRP1,LRP1,0.7638819,0.7400881057268722,CD4 T,TRM,0.85137653,0.0
PTPN6,PTPN6,1.5784357,0.9696969696969697,CD300LF,CD300LF,0.12420191,0.21428571428571427,Mono-NC,cDC2,0.8513188,0.0
TGFB1,TGFB1,1.4091885,0.8464730290456431,LPP,LPP,0.29313895,0.3788546255506608,NK-CD16+,TRM,0.85116374,0.0
PTPN6,PTPN6,0.57184577,0.42,CLEC12A,CLEC12A,1.1304477,0.8636363636363636,CD8 T,Mono-NC,0.85114676,0.0
RETN,RETN,0.35841697,0.3215434083601286,CAP1,CAP1,1.343522,0.7969924812030075,Mono-C,cDC2,0.85096943,0.0
APOE,APOE,1.4075412,0.4052863436123348,SDC2,SDC2,0.2943811,0.2577092511013216,TRM,TRM,0.85096115,0.0
MIF,MIF,0.5779544,0.4677871148459384,CXCR4,CD74_CXCR4,1.1235944,0.6387665198237885,CD4 T,TRM,0.8507744,0.0
GRN,GRN,1.3472822,0.9242424242424242,TNFRSF1A,TNFRSF1A,0.35417932,0.2962962962962963,Mono-NC,Treg,0.8507308,0.013
TGFB1,TGFB1,1.3503319,0.7972136222910217,LPP,LPP,0.35053685,0.37942122186495175,NK-CD16-,Mono-C,0.85043436,0.0
TGFB1,TGFB1,1.3503319,0.7972136222910217,LPP,LPP,0.35022116,0.2962962962962963,NK-CD16-,Treg,0.8502765,0.0
HLA-DMA,HLA-DMA,0.8082313,0.7727272727272727,CD4,CD4,0.89178056,0.7556270096463023,Mono-NC,Mono-C,0.8500059,0.0
THBS1,THBS1,0.3429111,0.23788546255506607,CD36,CD36,1.3569703,0.8713826366559485,TRM,Mono-C,0.8499407,0.0
GRN,GRN,1.3472822,0.9242424242424242,TNFRSF1B,TNFRSF1B,0.35248578,0.40225563909774437,Mono-NC,cDC2,0.849884,0.037
TGFB1,TGFB1,1.4091885,0.8464730290456431,LPP,LPP,0.28998932,0.26,NK-CD16+,CD8 T,0.84958893,0.0
CALR,CALR,1.1930972,0.7037037037037037,LRP1,LRP1,0.50576186,0.6212121212121212,Treg,Mono-NC,0.84942955,0.026
HLA-F,HLA-F,0.8053414,0.7731277533039648,LILRB2,LILRB2,0.89341325,0.7268722466960352,TRM,TRM,0.84937733,0.0
CD48,CD48,1.543134,0.9022556390977443,CD244,CD244,0.1554209,0.13520408163265307,B,γδ T,0.84927744,0.0
LGALS9,LGALS9,0.7756295,0.698237885462555,CD47,CD47,0.92230505,0.8181818181818182,TRM,Mono-NC,0.8489673,0.0
C1QA,C1QA,1.3807284,0.42951541850220265,CR1,CR1,0.31708542,0.3007518796992481,TRM,B,0.8489069,0.0
TGFB1,TGFB1,1.4091885,0.8464730290456431,TGFBR1,TGFBR1_TGFBR2,0.2883065,0.381057268722467,NK-CD16+,TRM,0.8487475,0.0
C3,C3,0.33866867,0.2781954887218045,CD81,CD81,1.3585721,0.6916299559471366,cDC2,TRM,0.8486204,0.0
CD48,CD48,1.543134,0.9022556390977443,CD244,CD244,0.15405756,0.14,B,CD8 T,0.84859574,0.0
LGALS3,LGALS3,1.5745354,0.8971061093247589,ENG,ENG,0.12184824,0.10644257703081232,Mono-C,CD4 T,0.8481918,0.0
ANXA1,ANXA1,1.3762354,0.8787878787878788,FPR2,FPR2_FPR3,0.31863657,0.27973568281938327,Mono-NC,TRM,0.84743595,0.032
CALR,CALR,0.9305456,0.8181818181818182,LRP1,LRP1,0.7638819,0.7400881057268722,Mono-NC,TRM,0.84721375,0.002
LGALS3,LGALS3,1.4537047,0.8480176211453745,LAG3,LAG3,0.24067335,0.2074688796680498,TRM,NK-CD16+,0.847189,0.0
TIMP2,TIMP2,1.0243123,0.8295819935691319,ITGB1,ITGB1,0.66938674,0.4733893557422969,Mono-C,CD4 T,0.8468495,0.0
TNFSF13B,TNFSF13B,0.8503097,0.7575757575757576,CD40,CD40,0.8423143,0.631578947368421,Mono-NC,B,0.84631205,0.0
NAMPT,NAMPT,1.4919114,0.8193832599118943,INSR,INSR,0.20066448,0.2540192926045016,TRM,Mono-C,0.84628797,0.0
LRPAP1,LRPAP1,0.60012096,0.6167400881057269,SORL1,SORL1,1.0923309,0.8102893890675241,TRM,Mono-C,0.846226,0.0
ICAM3,ICAM3,1.5524573,0.9259259259259259,ITGAD,ITGAD_ITGB2,0.13989866,0.10526315789473684,Treg,NK-CD16-,0.846178,0.0
CD48,CD48,1.543134,0.9022556390977443,CD244,CD244,0.14902529,0.19935691318327975,B,Mono-C,0.84607965,0.0
CD48,CD48,1.5102451,0.8469387755102041,CD244,CD244,0.181425,0.15170278637770898,γδ T,NK-CD16-,0.84583503,0.0
CD38,CD38,0.649277,0.45975232198142413,PECAM1,PECAM1,1.0418698,0.8231511254019293,NK-CD16-,Mono-C,0.84557337,0.0
GRN,GRN,1.3472822,0.9242424242424242,TNFRSF1A,TNFRSF1A,0.34344858,0.27800829875518673,Mono-NC,NK-CD16+,0.8453654,0.0
CD40LG,CD40LG,0.3442081,0.24,CD53,CD53,1.346168,0.8939393939393939,CD8 T,Mono-NC,0.8451881,0.0
MMP9,MMP9,0.3595086,0.19383259911894274,CD44,CD44,1.3308253,0.8148148148148148,TRM,Treg,0.845167,0.014
TNFSF13B,TNFSF13B,1.3735859,0.86,TFRC,TFRC,0.31630236,0.3787878787878788,CD8 T,Mono-NC,0.8449441,0.0
TIMP2,TIMP2,1.0195317,0.8193832599118943,ITGB1,ITGB1,0.66938674,0.4733893557422969,TRM,CD4 T,0.84445924,0.0
ICAM3,ICAM3,1.144457,0.8787878787878788,ITGAL,ITGAL,0.5443839,0.5498392282958199,Mono-NC,Mono-C,0.84442043,0.0
GNAI2,GNAI2,1.1912591,0.7602040816326531,CXCR3,CXCR3,0.49649835,0.3746130030959752,γδ T,NK-CD16-,0.84387875,0.005
ACTR2,ACTR2,1.1547889,0.7218045112781954,ADRB2,ADRB2,0.53259283,0.42323651452282157,cDC2,NK-CD16+,0.8436909,0.0
HLA-F,HLA-F,1.0506701,0.7310924369747899,LILRB1,LILRB1,0.6366831,0.6141479099678456,CD4 T,Mono-C,0.8436766,0.0
LTA,LTA,0.117950454,0.12,TNFRSF1B,TNFRSF1B,1.5683897,0.9389067524115756,CD8 T,Mono-C,0.84317005,0.0
IL16,IL16,0.57509,0.42879256965944273,CD9,CD9,1.1109124,0.5851393188854489,NK-CD16-,NK-CD16-,0.84300125,0.0
LTB,LTB,0.8430222,0.7878787878787878,CD40,CD40,0.8423143,0.631578947368421,Mono-NC,B,0.8426683,0.003
LGALS3,LGALS3,1.5745354,0.8971061093247589,MCAM,MCAM,0.110788435,0.1111111111111111,Mono-C,Treg,0.8426619,0.0
TNFSF13B,TNFSF13B,1.3735859,0.86,TNFRSF13B,TNFRSF13B,0.31149745,0.18518518518518517,CD8 T,Treg,0.8425417,0.0
HBEGF,HBEGF,0.91429305,0.5726872246696035,CD82,CD82,0.77013856,0.5555555555555556,TRM,Treg,0.8422158,0.0
FCER2,FCER2,0.35505903,0.2857142857142857,ITGAX,ITGAX_ITGB2,1.3290197,0.8370044052863436,B,TRM,0.84203935,0.0
SPON2,SPON2,1.4078201,0.6970954356846473,ITGA4,ITGA4,0.275941,0.22291021671826625,NK-CD16+,NK-CD16-,0.84188056,0.0
HLA-F,HLA-F,1.1733881,0.7777777777777778,CD8B,CD8B,0.51036483,0.3153526970954357,Treg,NK-CD16+,0.8418765,0.0
LRPAP1,LRPAP1,0.6734038,0.7272727272727273,LRP1,LRP1,1.0102887,0.8360128617363344,Mono-NC,Mono-C,0.8418462,0.0
IL16,IL16,0.73825866,0.6296296296296297,CD4,CD4,0.9452533,0.8484848484848485,Treg,Mono-NC,0.841756,0.0
S100A8,S100A8,0.22620511,0.16165413533834586,CD68,CD68,1.4572712,0.9035369774919614,cDC2,Mono-C,0.84173816,0.006
TNFSF13B,TNFSF13B,1.3735859,0.86,CD40,CD40,0.3098617,0.3684210526315789,CD8 T,cDC2,0.8417238,0.0
LGALS9,LGALS9,0.8022431,0.6879699248120301,CD44,CD44,0.88101256,0.5712074303405573,cDC2,NK-CD16-,0.84162784,0.022
LGALS3,LGALS3,1.4537047,0.8480176211453745,MCAM,MCAM,0.2294808,0.18,TRM,CD8 T,0.8415928,0.0
TGFB1,TGFB1,1.4091885,0.8464730290456431,TGFBR3,TGFBR3,0.2734932,0.23236514522821577,NK-CD16+,NK-CD16+,0.84134084,0.0
HLA-F,HLA-F,1.506346,0.8647959183673469,CD8B,CD8B,0.1760683,0.10084033613445378,γδ T,CD4 T,0.84120715,0.0
LGALS3,LGALS3,1.4848105,0.9090909090909091,ENG,ENG,0.19742186,0.18,Mono-NC,CD8 T,0.8411162,0.0
HLA-F,HLA-F,0.44610938,0.518796992481203,LILRB1,LILRB1,1.2360857,0.9242424242424242,cDC2,Mono-NC,0.84109753,0.0
NAMPT,NAMPT,1.4919114,0.8193832599118943,INSR,INSR,0.18988392,0.2878787878787879,TRM,Mono-NC,0.8408977,0.0
ICAM1,ICAM1,0.33819893,0.3788546255506608,IL2RG,IL2RG,1.3431982,0.8,TRM,CD8 T,0.84069854,0.0
HBEGF,HBEGF,0.91429305,0.5726872246696035,CD9,CD9,0.7663731,0.5154185022026432,TRM,TRM,0.8403331,0.0
IL16,IL16,0.6221161,0.5,CD4,CD4,1.0583234,0.7037037037037037,CD8 T,Treg,0.84021974,0.0
GNAI2,GNAI2,1.1912591,0.7602040816326531,ADCY7,ADCY7,0.48819146,0.6060606060606061,γδ T,Mono-NC,0.8397253,0.013
ACTR2,ACTR2,1.5147045,0.9185022026431718,ADRB2,ADRB2,0.16466756,0.14285714285714285,TRM,γδ T,0.83968604,0.0
HBEGF,HBEGF,0.91429305,0.5726872246696035,CD44,CD44,0.7647949,0.6090225563909775,TRM,cDC2,0.83954394,0.0
CLEC2B,CLEC2B,0.45511556,0.4919614147909968,KLRF1,KLRF1,1.2231754,0.6182572614107884,Mono-C,NK-CD16+,0.8391455,0.0
ANXA1,ANXA1,1.4731047,0.8137755102040817,DYSF,DYSF,0.20494828,0.21864951768488747,γδ T,Mono-C,0.8390265,0.0
HLA-F,HLA-F,1.506346,0.8647959183673469,CD8A,CD8A,0.17009616,0.11204481792717087,γδ T,CD4 T,0.8382211,0.0
FN1,FN1,0.23371491,0.1299559471365639,PLAUR,PLAUR,1.4423888,0.8171806167400881,TRM,TRM,0.83805186,0.0
HLA-F,HLA-F,1.506346,0.8647959183673469,LILRB1,LILRB1,0.16951409,0.14522821576763487,γδ T,NK-CD16+,0.83793,0.0
TGFB1,TGFB1,1.4091885,0.8464730290456431,ENG,ENG,0.2657711,0.3183279742765273,NK-CD16+,Mono-C,0.8374798,0.0
MIF,MIF,0.34043798,0.29045643153526973,CXCR4,CD74_CXCR4,1.3327702,0.7744360902255639,NK-CD16+,B,0.8366041,0.009
APOE,APOE,1.4075412,0.4052863436123348,SORL1,SORL1,0.26548564,0.24,TRM,CD8 T,0.8365134,0.0
TGM2,TGM2,1.4282444,0.6057268722466961,ITGA4,ITGA4,0.24467708,0.2,TRM,CD8 T,0.8364607,0.0
ICAM3,ICAM3,0.771952,0.54,ITGAL,ITGAL,0.9007067,0.6680497925311203,CD8 T,NK-CD16+,0.83632934,0.0
TNF,TNF,0.19934118,0.16246498599439776,TNFRSF1B,TNFRSF1B,1.4723437,0.8458149779735683,CD4 T,TRM,0.83584243,0.0
CD58,CD58,0.33325964,0.3,CD2,CD2,1.3383713,0.7136929460580913,CD8 T,NK-CD16+,0.8358154,0.0
SPON2,SPON2,1.4078201,0.6970954356846473,ITGAM,ITGAM,0.2632269,0.3484848484848485,NK-CD16+,Mono-NC,0.8355235,0.0
SECTM1,SECTM1,0.08567738,0.14285714285714285,CD7,CD7,1.5852526,0.7925311203319502,cDC2,NK-CD16+,0.835465,0.0
HLA-F,HLA-F,1.0342016,0.8787878787878788,LILRB1,LILRB1,0.6366831,0.6141479099678456,Mono-NC,Mono-C,0.83544236,0.0
GRN,GRN,0.10194528,0.10364145658263306,TNFRSF1B,TNFRSF1B,1.5683897,0.9389067524115756,CD4 T,Mono-C,0.83516747,0.001
CD55,CD55,0.60710025,0.518796992481203,ADGRE2,ADGRE2,1.0632316,0.8787878787878788,B,Mono-NC,0.8351659,0.0
ICAM1,ICAM1,0.15969443,0.21212121212121213,IL2RG,IL2RG,1.5104911,0.8888888888888888,Mono-NC,Treg,0.8350928,0.0
TIMP2,TIMP2,1.0243123,0.8295819935691319,ITGB1,ITGB1,0.64575475,0.6240601503759399,Mono-C,cDC2,0.83503354,0.0
LGALS3,LGALS3,1.4848105,0.9090909090909091,LAG3,LAG3,0.1844943,0.15126050420168066,Mono-NC,CD4 T,0.83465236,0.0
CD38,CD38,0.2510329,0.2033195020746888,PECAM1,PECAM1,1.4181811,0.9393939393939394,NK-CD16+,Mono-NC,0.834607,0.0
PTPN6,PTPN6,0.538721,0.41581632653061223,CLEC12A,CLEC12A,1.1304477,0.8636363636363636,γδ T,Mono-NC,0.83458436,0.0
CD99,CD99,0.95711637,0.7491961414790996,PILRA,PILRA,0.71143526,0.6913183279742765,Mono-C,Mono-C,0.83427584,0.0
ICAM3,ICAM3,1.0413592,0.7066326530612245,ITGAL,ITGAL,0.62672406,0.48214285714285715,γδ T,γδ T,0.8340416,0.0
C3,C3,0.33866867,0.2781954887218045,ITGAX,ITGAX,1.3290197,0.8370044052863436,cDC2,TRM,0.8338442,0.0
TGFB1,TGFB1,1.3503319,0.7972136222910217,ENG,ENG,0.3172815,0.40601503759398494,NK-CD16-,cDC2,0.8338067,0.0
IL16,IL16,0.60916126,0.4770408163265306,CD4,CD4,1.0583234,0.7037037037037037,γδ T,Treg,0.8337423,0.0
ICAM1,ICAM1,0.33819893,0.3788546255506608,ITGAX,ITGAX_ITGB2,1.3290197,0.8370044052863436,TRM,TRM,0.8336093,0.0
CD55,CD55,1.0605979,0.7588424437299035,ADGRE5,ADGRE5,0.60591316,0.43653250773993807,Mono-C,NK-CD16-,0.8332555,0.0
CD55,CD55,1.0605979,0.7588424437299035,ADGRE2,ADGRE2,0.60515314,0.5401929260450161,Mono-C,Mono-C,0.8328755,0.0
CD48,CD48,1.5102451,0.8469387755102041,CD244,CD244,0.1554209,0.13520408163265307,γδ T,γδ T,0.832833,0.0
TIMP2,TIMP2,1.0195317,0.8193832599118943,ITGB1,ITGB1,0.64575475,0.6240601503759399,TRM,cDC2,0.8326433,0.0
TIMP2,TIMP2,0.46746552,0.518796992481203,ITGB1,ITGB1,1.1977223,0.8568281938325991,cDC2,TRM,0.8325939,0.0
CD58,CD58,0.3266595,0.28061224489795916,CD2,CD2,1.3383713,0.7136929460580913,γδ T,NK-CD16+,0.83251536,0.0
CD59,CD59,0.32642683,0.28,CD2,CD2,1.3383713,0.7136929460580913,CD8 T,NK-CD16+,0.8323991,0.0
TIGIT,TIGIT,1.348636,0.8148148148148148,NECTIN2,NECTIN2,0.31610417,0.40308370044052866,Treg,TRM,0.8323701,0.0
NECTIN2,NECTIN2,0.31610417,0.40308370044052866,TIGIT,TIGIT,1.348636,0.8148148148148148,TRM,Treg,0.8323701,0.0
TGFB1,TGFB1,1.4091885,0.8464730290456431,LPP,LPP,0.25542137,0.2074688796680498,NK-CD16+,NK-CD16+,0.83230495,0.0
CD48,CD48,1.5102451,0.8469387755102041,CD244,CD244,0.15405756,0.14,γδ T,CD8 T,0.8321513,0.0
ADAM10,ADAM10,0.76983654,0.8333333333333334,TSPAN14,TSPAN14,0.8938319,0.803030303030303,Mono-NC,Mono-NC,0.8318342,0.0
CSF1,CSF1,0.13695963,0.11764705882352941,CSF3R,CSF3R,1.5266305,0.9260450160771704,CD4 T,Mono-C,0.8317951,0.0
HLA-DRB1,HLA-DRB1,1.4783052,0.8488745980707395,LAG3,LAG3,0.1844943,0.15126050420168066,Mono-C,CD4 T,0.83139974,0.0
CD48,CD48,1.4808805,0.9035369774919614,CD244,CD244,0.181425,0.15170278637770898,Mono-C,NK-CD16-,0.83115274,0.0
GNAI2,GNAI2,1.3294944,0.8298755186721992,CCR5,CCR5,0.33249417,0.2755102040816326,NK-CD16+,γδ T,0.83099425,0.0
HLA-F,HLA-F,1.0252563,0.819935691318328,LILRB1,LILRB1,0.6366831,0.6141479099678456,Mono-C,Mono-C,0.8309697,0.0
C1QA,C1QA,1.3807284,0.42951541850220265,CD33,CD33,0.28041336,0.3722466960352423,TRM,TRM,0.8305709,0.0
CD99,CD99,1.5316823,0.8622448979591837,PILRB,PILRB,0.12873712,0.12,γδ T,CD8 T,0.8302097,0.0
CD1D,CD1D,0.6101338,0.5789473684210527,LILRB2,LILRB2,1.0501987,0.7909967845659164,cDC2,Mono-C,0.8301662,0.0
CD58,CD58,0.3218135,0.424812030075188,CD2,CD2,1.3383713,0.7136929460580913,cDC2,NK-CD16+,0.8300924,0.0
HLA-F,HLA-F,1.1733881,0.7777777777777778,LILRB1,LILRB1,0.48631135,0.5176211453744494,Treg,TRM,0.8298497,0.002
CD48,CD48,1.5102451,0.8469387755102041,CD244,CD244,0.14902529,0.19935691318327975,γδ T,Mono-C,0.8296352,0.0
GNAI2,GNAI2,1.4309491,0.8518518518518519,S1PR1,S1PR1,0.22716816,0.1991701244813278,Treg,NK-CD16+,0.82905865,0.035
TGFB1,TGFB1,1.4091885,0.8464730290456431,TGFBR2,TGFBR1_TGFBR2,0.24874294,0.2074688796680498,NK-CD16+,NK-CD16+,0.8289657,0.0
CD55,CD55,0.24729888,0.22128851540616246,ADGRE5,ADGRE5,1.4101006,0.9242424242424242,CD4 T,Mono-NC,0.8286997,0.0
ADAM17,ADAM17,0.459285,0.48231511254019294,ITGB1,ITGB1,1.1977223,0.8568281938325991,Mono-C,TRM,0.82850367,0.0
LGALS9,LGALS9,0.7756295,0.698237885462555,CD44,CD44,0.88101256,0.5712074303405573,TRM,NK-CD16-,0.82832104,0.027
HLA-DQA2,HLA-DQA2,1.0928336,0.5601503759398496,LAG3,LAG3,0.5634088,0.41836734693877553,cDC2,γδ T,0.8281212,0.0
TNF,TNF,0.25419366,0.3181818181818182,TNFRSF1B,TNFRSF1B,1.401767,0.8148148148148148,Mono-NC,Treg,0.82798034,0.0
TNF,TNF,0.2541462,0.1991701244813278,TNFRSF1B,TNFRSF1B,1.401767,0.8148148148148148,NK-CD16+,Treg,0.8279566,0.0
CLEC2B,CLEC2B,0.43250582,0.44933920704845814,KLRF1,KLRF1,1.2231754,0.6182572614107884,TRM,NK-CD16+,0.8278406,0.0
ICAM3,ICAM3,1.1089442,0.7510373443983402,ITGAL,ITGAL,0.5443839,0.5498392282958199,NK-CD16+,Mono-C,0.82666403,0.0
SPON2,SPON2,1.4078201,0.6970954356846473,ITGA4,ITGA4,0.24467708,0.2,NK-CD16+,CD8 T,0.8262486,0.0
ADAM9,ADAM9,0.4540225,0.526431718061674,ITGB1,ITGB1,1.1977223,0.8568281938325991,TRM,TRM,0.8258724,0.0
APOE,APOE,1.4075412,0.4052863436123348,SORL1,SORL1,0.24419343,0.20153061224489796,TRM,γδ T,0.8258673,0.0
ACTR2,ACTR2,1.5147045,0.9185022026431718,ADRB2,ADRB2,0.13696499,0.10681114551083591,TRM,NK-CD16-,0.82583475,0.0
NAMPT,NAMPT,1.2987005,0.8181818181818182,ITGA5,ITGA5_ITGB1,0.35250825,0.3954983922829582,Mono-NC,Mono-C,0.8256043,0.0
LGALS3,LGALS3,1.4537047,0.8480176211453745,ENG,ENG,0.19742186,0.18,TRM,CD8 T,0.8255633,0.0
LGALS3,LGALS3,1.4848105,0.9090909090909091,ENG,ENG,0.16630077,0.24242424242424243,Mono-NC,Mono-NC,0.8255556,0.0
GDF11,GDF11,0.1361848,0.14814814814814814,ACTR2,ACTR2,1.5147045,0.9185022026431718,Treg,TRM,0.82544464,0.0
C1QA,C1QA,1.3807284,0.42951541850220265,CD33,CD33,0.2698707,0.37969924812030076,TRM,cDC2,0.8252995,0.0
IL16,IL16,0.59223366,0.484593837535014,CD4,CD4,1.0583234,0.7037037037037037,CD4 T,Treg,0.8252785,0.0
HLA-DRB5,HLA-DRB5,1.465296,0.7727272727272727,LAG3,LAG3,0.1844943,0.15126050420168066,Mono-NC,CD4 T,0.82489514,0.0
HLA-F,HLA-F,1.0123359,0.7744360902255639,LILRB1,LILRB1,0.6366831,0.6141479099678456,B,Mono-C,0.8245095,0.0
HLA-DQA2,HLA-DQA2,0.8478521,0.5462555066079295,CD4,CD4,0.8007195,0.7290748898678414,TRM,TRM,0.8242858,0.0
HLA-DMB,HLA-DMB,1.3169913,0.7593984962406015,CD4,CD4,0.33111274,0.2801120448179272,cDC2,CD4 T,0.82405204,0.0
SPN,SPN,1.5440981,0.9848484848484849,SIGLEC1,SIGLEC1,0.103584744,0.14537444933920704,Mono-NC,TRM,0.82384145,0.0
NAMPT,NAMPT,1.4462692,0.8006430868167203,INSR,INSR,0.20066448,0.2540192926045016,Mono-C,Mono-C,0.82346684,0.0
GDF11,GDF11,0.13153017,0.14,ACTR2,ACTR2,1.5147045,0.9185022026431718,CD8 T,TRM,0.8231173,0.0
CIRBP,CIRBP,1.1992505,0.8646616541353384,TREM1,TREM1,0.44684002,0.4694533762057878,B,Mono-C,0.82304525,0.0
HLA-DQA1,HLA-DQA1,0.7005987,0.5016077170418006,CD4,CD4,0.9452533,0.8484848484848485,Mono-C,Mono-NC,0.82292604,0.0
CLEC2D,CLEC2D,0.7723496,0.5864661654135338,KLRB1,KLRB1,0.87324405,0.37244897959183676,B,γδ T,0.8227968,0.015
ARF6,ARF6,1.074952,0.8148148148148148,SMAP1,SMAP1,0.57048416,0.48,Treg,CD8 T,0.8227181,0.0
HBEGF,HBEGF,0.91429305,0.5726872246696035,CD44,CD44,0.7310221,0.6466165413533834,TRM,B,0.8226576,0.001
CD55,CD55,0.23502463,0.34962406015037595,ADGRE5,ADGRE5,1.4101006,0.9242424242424242,cDC2,Mono-NC,0.8225626,0.0
TGFB1,TGFB1,1.3503319,0.7972136222910217,SDC2,SDC2,0.2943811,0.2577092511013216,NK-CD16-,TRM,0.8223565,0.0
MDK,MDK,0.110244885,0.14661654135338345,NCL,NCL,1.5343214,0.9,cDC2,CD8 T,0.82228315,0.0
CD55,CD55,0.23426762,0.16,ADGRE5,ADGRE5,1.4101006,0.9242424242424242,CD8 T,Mono-NC,0.8221841,0.0
CD38,CD38,0.2260057,0.2222222222222222,PECAM1,PECAM1,1.4181811,0.9393939393939394,Treg,Mono-NC,0.82209337,0.0
SELPLG,SELPLG,0.5583068,0.44813278008298757,SELL,SELL,1.0858085,0.7368421052631579,NK-CD16+,B,0.82205766,0.0
TGFB1,TGFB1,1.3503319,0.7972136222910217,LPP,LPP,0.29313895,0.3788546255506608,NK-CD16-,TRM,0.82173544,0.0
HLA-F,HLA-F,1.506346,0.8647959183673469,LILRB1,LILRB1,0.13692278,0.14285714285714285,γδ T,B,0.8216344,0.0
SIRPA,SIRPA,0.7202235,0.6960352422907489,CD47,CD47,0.92230505,0.8181818181818182,TRM,Mono-NC,0.82126427,0.0
CD47,CD47,0.92230505,0.8181818181818182,SIRPA,SIRPA,0.7202235,0.6960352422907489,Mono-NC,TRM,0.82126427,0.0
CD99,CD99,1.5316823,0.8622448979591837,PILRB,PILRB,0.11076467,0.11484593837535013,γδ T,CD4 T,0.82122344,0.0
GDF11,GDF11,0.12699887,0.11203319502074689,ACTR2,ACTR2,1.5147045,0.9185022026431718,NK-CD16+,TRM,0.8208517,0.0
CD40LG,CD40LG,0.5116621,0.4117647058823529,CD53,CD53,1.1287597,0.8120300751879699,CD4 T,B,0.82021093,0.0
TGFB1,TGFB1,1.3503319,0.7972136222910217,LPP,LPP,0.28998932,0.26,NK-CD16-,CD8 T,0.8201606,0.0
TNF,TNF,0.07192662,0.14285714285714285,TNFRSF1B,TNFRSF1B,1.5683897,0.9389067524115756,cDC2,Mono-C,0.8201581,0.0
HLA-F,HLA-F,0.8053414,0.7731277533039648,CD8A,CD8A,0.8343133,0.46887966804979253,TRM,NK-CD16+,0.8198273,0.0
LCK,LCK,1.1283894,0.7619047619047619,CD8B,CD8A_CD8B,0.51036483,0.3153526970954357,CD4 T,NK-CD16+,0.81937706,0.0
TGFB1,TGFB1,1.3503319,0.7972136222910217,TGFBR1,TGFBR1_TGFBR2,0.2883065,0.381057268722467,NK-CD16-,TRM,0.8193192,0.0
HLA-F,HLA-F,0.74496293,0.52,LILRB2,LILRB2,0.89341325,0.7268722466960352,CD8 T,TRM,0.8191881,0.007
LGALS3,LGALS3,1.4537047,0.8480176211453745,LAG3,LAG3,0.1844943,0.15126050420168066,TRM,CD4 T,0.8190995,0.0
S100A12,S100A12,0.9182544,0.4977973568281938,TLR4,TLR4,0.7193331,0.662379421221865,TRM,Mono-C,0.8187938,0.0
TNFSF13B,TNFSF13B,1.3735859,0.86,TFRC,TFRC,0.2637421,0.2973568281938326,CD8 T,TRM,0.818664,0.0
ARPC5,ARPC5,1.1046995,0.7372448979591837,ADRB2,ADRB2,0.53259283,0.42323651452282157,γδ T,NK-CD16+,0.8186462,0.0
TNF,TNF,0.2347979,0.18112244897959184,TNFRSF1B,TNFRSF1B,1.401767,0.8148148148148148,γδ T,Treg,0.8182825,0.0
CD48,CD48,1.4808805,0.9035369774919614,CD244,CD244,0.1554209,0.13520408163265307,Mono-C,γδ T,0.8181507,0.0
NAMPT,NAMPT,1.4462692,0.8006430868167203,INSR,INSR,0.18988392,0.2878787878787879,Mono-C,Mono-NC,0.81807655,0.0
LRPAP1,LRPAP1,0.5438209,0.5789473684210527,SORL1,SORL1,1.0923309,0.8102893890675241,cDC2,Mono-C,0.8180759,0.0
ICAM3,ICAM3,1.5524573,0.9259259259259259,ITGAL,ITGAL,0.083555095,0.15413533834586465,Treg,cDC2,0.8180062,0.002
CD99,CD99,1.5316823,0.8622448979591837,PILRB,PILRB,0.10421776,0.14790996784565916,γδ T,Mono-C,0.81795,0.0
VEGFA,VEGFA,1.2694507,0.6409691629955947,NRP1,NRP1,0.3663469,0.3700440528634361,TRM,TRM,0.81789875,0.0
CD99,CD99,0.95711637,0.7491961414790996,PILRA,PILRA,0.67828345,0.6629955947136564,Mono-C,TRM,0.8176999,0.0
HLA-DQA2,HLA-DQA2,0.68994284,0.5151515151515151,CD4,CD4,0.9452533,0.8484848484848485,Mono-NC,Mono-NC,0.8175981,0.0
CD48,CD48,1.4808805,0.9035369774919614,CD244,CD244,0.15405756,0.14,Mono-C,CD8 T,0.817469,0.0
MDK,MDK,0.110244885,0.14661654135338345,NCL,NCL,1.5244778,0.8518518518518519,cDC2,Treg,0.81736135,0.001
CD99,CD99,1.2895992,0.7848297213622291,PILRB,PILRB,0.34492552,0.2987551867219917,NK-CD16-,NK-CD16+,0.81726235,0.0
CD1D,CD1D,0.58350027,0.5980707395498392,LILRB2,LILRB2,1.0501987,0.7909967845659164,Mono-C,Mono-C,0.81684947,0.0
IL16,IL16,0.57509,0.42879256965944273,CD4,CD4,1.0583234,0.7037037037037037,NK-CD16-,Treg,0.81670666,0.0
PSAP,PSAP,1.3664533,0.7443609022556391,SORT1,SORT1,0.2660577,0.31511254019292606,cDC2,Mono-C,0.8162555,0.0
CD99,CD99,0.9208066,0.7037037037037037,PILRA,PILRA,0.71143526,0.6913183279742765,Treg,Mono-C,0.8161209,0.016
SELPLG,SELPLG,0.7946696,0.8787878787878788,ITGAM,ITGAM,0.8371364,0.729903536977492,Mono-NC,Mono-C,0.815903,0.0
CALR,CALR,0.867899,0.6616541353383458,LRP1,LRP1,0.7638819,0.7400881057268722,B,TRM,0.81589043,0.001
LRPAP1,LRPAP1,0.5390503,0.5659163987138264,SORL1,SORL1,1.0923309,0.8102893890675241,Mono-C,Mono-C,0.81569064,0.0
CD55,CD55,0.22108056,0.1908713692946058,ADGRE5,ADGRE5,1.4101006,0.9242424242424242,NK-CD16+,Mono-NC,0.81559056,0.0
TGFB1,TGFB1,1.4091885,0.8464730290456431,TGFBR2,TGFBR1_TGFBR2,0.22191997,0.17337461300309598,NK-CD16+,NK-CD16-,0.81555426,0.0
ACTR2,ACTR2,1.0976653,0.7037037037037037,ADRB2,ADRB2,0.53259283,0.42323651452282157,Treg,NK-CD16+,0.81512904,0.005
IL16,IL16,0.73825866,0.6296296296296297,CD4,CD4,0.89178056,0.7556270096463023,Treg,Mono-C,0.8150196,0.0
CD48,CD48,1.4808805,0.9035369774919614,CD244,CD244,0.14902529,0.19935691318327975,Mono-C,Mono-C,0.8149529,0.0
FABP5,FABP5,0.6990098,0.5263157894736842,RXRA,RXRA,0.9308078,0.7942122186495176,cDC2,Mono-C,0.8149088,0.0
CD99,CD99,1.5316823,0.8622448979591837,CD99L2,CD99L2,0.09785482,0.15151515151515152,γδ T,Mono-NC,0.81476855,0.0
TGFB1,TGFB1,1.4091885,0.8464730290456431,LPP,LPP,0.22014976,0.18112244897959184,NK-CD16+,γδ T,0.81466913,0.0
TIMP2,TIMP2,0.6657636,0.7272727272727273,ITGB1,ITGB1,0.96273524,0.8636363636363636,Mono-NC,Mono-NC,0.8142494,0.001
RETN,RETN,0.35841697,0.3215434083601286,CAP1,CAP1,1.2699081,0.8008298755186722,Mono-C,NK-CD16+,0.8141625,0.0
LRPAP1,LRPAP1,0.53571665,0.45228215767634855,SORL1,SORL1,1.0923309,0.8102893890675241,NK-CD16+,Mono-C,0.8140238,0.0
LGALS9,LGALS9,0.84653074,0.7652733118971061,CD47,CD47,0.78074646,0.6390977443609023,Mono-C,B,0.81363857,0.0
CD99,CD99,1.5316823,0.8622448979591837,PILRB,PILRB,0.09447523,0.18796992481203006,γδ T,cDC2,0.81307876,0.0
CXCL16,CXCL16,0.531988,0.5909090909090909,CXCR6,CXCR6,1.0927927,0.6296296296296297,Mono-NC,Treg,0.8123904,0.0
GNAI2,GNAI2,1.051248,0.7450980392156863,S1PR5,S1PR5,0.57272816,0.45228215767634855,CD4 T,NK-CD16+,0.81198806,0.0
TGFB1,TGFB1,1.3503319,0.7972136222910217,TGFBR3,TGFBR3,0.2734932,0.23236514522821577,NK-CD16-,NK-CD16+,0.81191254,0.0
MIF,MIF,0.5779544,0.4677871148459384,CXCR4,CD74_CXCR4,1.0455099,0.5637755102040817,CD4 T,γδ T,0.8117322,0.001
FASLG,FASLG,0.64506274,0.46439628482972134,TNFRSF1A,TNFRSF1A,0.9779132,0.8039647577092511,NK-CD16-,TRM,0.811488,0.0
LCK,LCK,1.1123873,0.7427385892116183,CD8B,CD8A_CD8B,0.51036483,0.3153526970954357,NK-CD16+,NK-CD16+,0.8113761,0.0
CD40LG,CD40LG,0.5116621,0.4117647058823529,CD9,CD9,1.1109124,0.5851393188854489,CD4 T,NK-CD16-,0.8112873,0.0
CLEC2D,CLEC2D,0.74860984,0.5350140056022409,KLRB1,KLRB1,0.87324405,0.37244897959183676,CD4 T,γδ T,0.8109269,0.007
TGFB1,TGFB1,1.4091885,0.8464730290456431,TGFBR1,TGFBR1_TGFBR2,0.21265137,0.1836734693877551,NK-CD16+,γδ T,0.81091994,0.0
GRN,GRN,0.1490577,0.13692946058091288,TNFRSF1B,TNFRSF1B,1.4723437,0.8458149779735683,NK-CD16+,TRM,0.8107007,0.015
GNAI2,GNAI2,1.3294944,0.8298755186721992,F2R,F2R,0.29116866,0.22193877551020408,NK-CD16+,γδ T,0.8103315,0.0
TIMP2,TIMP2,0.46746552,0.518796992481203,ITGB1,ITGB1,1.1527835,0.74,cDC2,CD8 T,0.8101245,0.0
LGALS3,LGALS3,1.4537047,0.8480176211453745,ENG,ENG,0.16630077,0.24242424242424243,TRM,Mono-NC,0.81000274,0.0
LGALS9,LGALS9,1.0351217,0.9090909090909091,CD47,CD47,0.584772,0.44,Mono-NC,CD8 T,0.80994684,0.0
ACTR2,ACTR2,1.5147045,0.9185022026431718,LDLR,LDLR,0.10507937,0.13504823151125403,TRM,Mono-C,0.80989194,0.0
MDK,MDK,0.0854343,0.11894273127753303,NCL,NCL,1.5343214,0.9,TRM,CD8 T,0.8098779,0.0
ANXA2,ANXA2,0.8710724,0.6224066390041494,TLR2,TLR2,0.7481718,0.684887459807074,NK-CD16+,Mono-C,0.8096221,0.0
TNF,TNF,0.07192662,0.14285714285714285,VSIR,VSIR,1.5465891,0.9545454545454546,cDC2,Mono-NC,0.80925786,0.0
CALR,CALR,1.0592397,0.6989795918367347,ITGAV,ITGAV,0.5585293,0.5748898678414097,γδ T,TRM,0.8088845,0.0
CD40LG,CD40LG,0.5116621,0.4117647058823529,CD53,CD53,1.1060241,0.72,CD4 T,CD8 T,0.80884314,0.0
APOE,APOE,1.4075412,0.4052863436123348,SORL1,SORL1,0.20911896,0.17182662538699692,TRM,NK-CD16-,0.80833006,0.0
TIMP2,TIMP2,0.46746552,0.518796992481203,ITGB1,ITGB1,1.14894,0.7136929460580913,cDC2,NK-CD16+,0.80820274,0.0
TGFB1,TGFB1,1.3503319,0.7972136222910217,ENG,ENG,0.2657711,0.3183279742765273,NK-CD16-,Mono-C,0.80805147,0.0
NAMPT,NAMPT,1.4919114,0.8193832599118943,ITGA5,ITGA5_ITGB1,0.12419133,0.22932330827067668,TRM,cDC2,0.80805135,0.0
TGFB1,TGFB1,1.4091885,0.8464730290456431,TGFBR1,TGFBR1_TGFBR2,0.20684367,0.29699248120300753,NK-CD16+,cDC2,0.80801606,0.0
GNAI2,GNAI2,1.1912591,0.7602040816326531,F2R,F2R,0.42440417,0.34854771784232363,γδ T,NK-CD16+,0.80783165,0.0
TGFB1,TGFB1,0.9118043,0.6173469387755102,ENG,ENG,0.70372885,0.6453744493392071,γδ T,TRM,0.80776656,0.0
LRPAP1,LRPAP1,0.5230249,0.4179566563467492,SORL1,SORL1,1.0923309,0.8102893890675241,NK-CD16-,Mono-C,0.8076779,0.0
SPON2,SPON2,1.4078201,0.6970954356846473,ITGAM,ITGAM,0.20714018,0.3157894736842105,NK-CD16+,cDC2,0.80748016,0.0
CD14,CD14,0.76847064,0.4398496240601504,ITGA4,ITGA4,0.84618366,0.803030303030303,cDC2,Mono-NC,0.80732715,0.0
TGFB1,TGFB1,1.4091885,0.8464730290456431,LPP,LPP,0.20437108,0.33458646616541354,NK-CD16+,cDC2,0.8067798,0.0
C1QA,C1QA,1.3807284,0.42951541850220265,CR1,CR1,0.23274004,0.2665198237885463,TRM,TRM,0.8067342,0.0
GRN,GRN,1.3472822,0.9242424242424242,SORT1,SORT1,0.2660577,0.31511254019292606,Mono-NC,Mono-C,0.80666995,0.0
CD99,CD99,1.5316823,0.8622448979591837,CD99L2,CD99L2,0.081535384,0.1157556270096463,γδ T,Mono-C,0.8066088,0.0
CXADR,CXADR,0.091131605,0.1013215859030837,JAML,JAML,1.5220076,0.9517684887459807,TRM,Mono-C,0.8065696,0.0
JAML,JAML,1.5220076,0.9517684887459807,CXADR,CXADR,0.091131605,0.1013215859030837,Mono-C,TRM,0.8065696,0.0
PLAU,PLAU,0.17025682,0.22932330827067668,PLAUR,PLAUR,1.4423888,0.8171806167400881,cDC2,TRM,0.8063228,0.0
ADAM17,ADAM17,0.459285,0.48231511254019294,ITGB1,ITGB1,1.1527835,0.74,Mono-C,CD8 T,0.80603427,0.0
MIF,MIF,0.48784086,0.3903061224489796,CXCR4,CD74_CXCR4,1.1235944,0.6387665198237885,γδ T,TRM,0.80571765,0.0
CD99,CD99,1.5316823,0.8622448979591837,PILRB,PILRB,0.079033956,0.10606060606060606,γδ T,Mono-NC,0.8053581,0.0
LGALS9,LGALS9,0.84653074,0.7652733118971061,LRP1,LRP1,0.7638819,0.7400881057268722,Mono-C,TRM,0.8052063,0.0
LRPAP1,LRPAP1,0.60012096,0.6167400881057269,LRP1,LRP1,1.0102887,0.8360128617363344,TRM,Mono-C,0.80520487,0.0
MDK,MDK,0.0854343,0.11894273127753303,NCL,NCL,1.5244778,0.8518518518518519,TRM,Treg,0.8049561,0.002
CD58,CD58,0.27093062,0.3484848484848485,CD2,CD2,1.3383713,0.7136929460580913,Mono-NC,NK-CD16+,0.80465096,0.0
HLA-DMA,HLA-DMA,0.8082313,0.7727272727272727,CD4,CD4,0.8007195,0.7290748898678414,Mono-NC,TRM,0.8044754,0.0
HLA-DQA2,HLA-DQA2,0.8478521,0.5462555066079295,CD4,CD4,0.7606554,0.6428571428571429,TRM,cDC2,0.80425376,0.0
CD55,CD55,1.0605979,0.7588424437299035,ADGRE5,ADGRE5,0.54786426,0.552863436123348,Mono-C,TRM,0.80423105,0.0
ADAM17,ADAM17,0.459285,0.48231511254019294,ITGB1,ITGB1,1.14894,0.7136929460580913,Mono-C,NK-CD16+,0.8041125,0.0
IL2,IL2,0.357467,0.22,CD53,CD53,1.250519,0.7717842323651453,CD8 T,NK-CD16+,0.803993,0.0
ICAM3,ICAM3,1.144457,0.8787878787878788,ITGAL,ITGAL,0.46330258,0.3498452012383901,Mono-NC,NK-CD16-,0.8038798,0.0
CALR,CALR,1.0484807,0.66,ITGAV,ITGAV,0.5585293,0.5748898678414097,CD8 T,TRM,0.80350506,0.001
ADAM9,ADAM9,0.4540225,0.526431718061674,ITGB1,ITGB1,1.1527835,0.74,TRM,CD8 T,0.803403,0.0
LGALS3,LGALS3,1.4848105,0.9090909090909091,ENG,ENG,0.12184824,0.10644257703081232,Mono-NC,CD4 T,0.80332935,0.0
TGFB1,TGFB1,1.4091885,0.8464730290456431,ENG,ENG,0.19742186,0.18,NK-CD16+,CD8 T,0.8033052,0.001
ICAM2,ICAM2,0.70572096,0.7272727272727273,ITGAL,ITGAL_ITGB2,0.9007067,0.6680497925311203,Mono-NC,NK-CD16+,0.80321383,0.0
TGFB1,TGFB1,1.4091885,0.8464730290456431,LPP,LPP,0.19721772,0.17182662538699692,NK-CD16+,NK-CD16-,0.8032031,0.0
HLA-DOB,HLA-DOB,0.54773015,0.47368421052631576,CD4,CD4,1.0583234,0.7037037037037037,B,Treg,0.8030268,0.0
TGFB1,TGFB1,1.3503319,0.7972136222910217,LPP,LPP,0.25542137,0.2074688796680498,NK-CD16-,NK-CD16+,0.80287665,0.0
ADAM9,ADAM9,0.4540225,0.526431718061674,ITGB1,ITGB1,1.14894,0.7136929460580913,TRM,NK-CD16+,0.80148125,0.0
CXADR,CXADR,0.080684796,0.12030075187969924,JAML,JAML,1.5220076,0.9517684887459807,cDC2,Mono-C,0.8013462,0.0
JAML,JAML,1.5220076,0.9517684887459807,CXADR,CXADR,0.080684796,0.12030075187969924,Mono-C,cDC2,0.8013462,0.0
ANXA1,ANXA1,1.3966732,0.773109243697479,DYSF,DYSF,0.20494828,0.21864951768488747,CD4 T,Mono-C,0.80081075,0.0
CFP,CFP,1.31523,0.8681672025723473,NCR1,NCR1,0.28607303,0.23529411764705882,Mono-C,NK-CD16-,0.80065155,0.0
TNF,TNF,0.19934118,0.16246498599439776,TNFRSF1B,TNFRSF1B,1.401767,0.8148148148148148,CD4 T,Treg,0.8005541,0.0
CD99,CD99,1.5316823,0.8622448979591837,PILRB,PILRB,0.06874516,0.11233480176211454,γδ T,TRM,0.8002137,0.0
CIRBP,CIRBP,1.1533456,0.7703081232492998,TREM1,TREM1,0.44684002,0.4694533762057878,CD4 T,Mono-C,0.8000928,0.0
TNFSF10,TNFSF10,1.0840671,0.7717041800643086,CCR6,CCR6,0.51606035,0.38,Mono-C,CD8 T,0.8000637,0.0
C1QB,C1QB,1.4478918,0.41409691629955947,LRP1,LRP1,0.15203843,0.23684210526315788,TRM,cDC2,0.79996514,0.0
IL1B,IL1B,0.8441269,0.4565916398713826,SIGIRR,SIGIRR,0.75546813,0.5726141078838174,Mono-C,NK-CD16+,0.79979753,0.0
TIMP2,TIMP2,1.0243123,0.8295819935691319,ITGB1,ITGB1,0.57492626,0.4413265306122449,Mono-C,γδ T,0.79961926,0.0
CD99,CD99,0.9208066,0.7037037037037037,PILRA,PILRA,0.67828345,0.6629955947136564,Treg,TRM,0.79954505,0.041
TGFB1,TGFB1,1.3503319,0.7972136222910217,TGFBR2,TGFBR1_TGFBR2,0.24874294,0.2074688796680498,NK-CD16-,NK-CD16+,0.7995374,0.0
C1QA,C1QA,1.3807284,0.42951541850220265,CR1,CR1,0.21769552,0.2727272727272727,TRM,Mono-NC,0.7992119,0.0
CD24,CD24,0.7220978,0.556390977443609,SIGLEC10,SIGLEC10,0.8756948,0.7727272727272727,B,Mono-NC,0.7988963,0.0
CD58,CD58,0.25923505,0.23249299719887956,CD2,CD2,1.3383713,0.7136929460580913,CD4 T,NK-CD16+,0.79880315,0.0
ADAM17,ADAM17,0.39984384,0.5151515151515151,ITGB1,ITGB1,1.1977223,0.8568281938325991,Mono-NC,TRM,0.79878306,0.0
CD58,CD58,0.258833,0.21052631578947367,CD2,CD2,1.3383713,0.7136929460580913,NK-CD16-,NK-CD16+,0.7986021,0.0
ICAM3,ICAM3,0.9703577,0.6918767507002801,ITGAL,ITGAL,0.62672406,0.48214285714285715,CD4 T,γδ T,0.7985409,0.0
S100A8,S100A8,1.4347306,0.7121212121212122,TLR4,TLR4,0.1623037,0.2781954887218045,Mono-NC,cDC2,0.79851717,0.001
NAMPT,NAMPT,1.4919114,0.8193832599118943,ITGA5,ITGA5_ITGB1,0.10447823,0.16666666666666666,TRM,Mono-NC,0.7981948,0.0
GNAI2,GNAI2,1.3294944,0.8298755186721992,CCR5,CCR5,0.26654285,0.3524229074889868,NK-CD16+,TRM,0.7980186,0.007
CD38,CD38,0.17769729,0.14285714285714285,PECAM1,PECAM1,1.4181811,0.9393939393939394,CD4 T,Mono-NC,0.7979392,0.0
LGALS3,LGALS3,1.4848105,0.9090909090909091,MCAM,MCAM,0.110788435,0.1111111111111111,Mono-NC,Treg,0.79779947,0.0
HLA-DQA1,HLA-DQA1,1.2642461,0.8484848484848485,CD4,CD4,0.33111274,0.2801120448179272,Mono-NC,CD4 T,0.7976794,0.002
CD58,CD58,0.25665924,0.3086816720257235,CD2,CD2,1.3383713,0.7136929460580913,Mono-C,NK-CD16+,0.7975153,0.0
CD40LG,CD40LG,0.3442081,0.24,CD53,CD53,1.250519,0.7717842323651453,CD8 T,NK-CD16+,0.7973636,0.0
TIMP2,TIMP2,1.0195317,0.8193832599118943,ITGB1,ITGB1,0.57492626,0.4413265306122449,TRM,γδ T,0.797229,0.0
CD40LG,CD40LG,0.5116621,0.4117647058823529,CD53,CD53,1.0827756,0.7012383900928792,CD4 T,NK-CD16-,0.79721886,0.0
CD99,CD99,1.2895992,0.7848297213622291,PILRB,PILRB,0.30456108,0.24922600619195046,NK-CD16-,NK-CD16-,0.79708016,0.0
GRN,GRN,1.3472822,0.9242424242424242,TNFRSF1A,TNFRSF1A,0.24602178,0.226890756302521,Mono-NC,CD4 T,0.79665196,0.011
LGALS9,LGALS9,0.84653074,0.7652733118971061,CD47,CD47,0.74665785,0.5637755102040817,Mono-C,γδ T,0.79659426,0.0
LRPAP1,LRPAP1,0.82922006,0.7037037037037037,LRP1,LRP1,0.7638819,0.7400881057268722,Treg,TRM,0.796551,0.0
CD48,CD48,1.3384117,0.7478991596638656,CD244,CD244,0.25420353,0.2157676348547718,CD4 T,NK-CD16+,0.7963076,0.0
CD40LG,CD40LG,0.5116621,0.4117647058823529,CD53,CD53,1.0807643,0.8231511254019293,CD4 T,Mono-C,0.7962132,0.0
HLA-DQA1,HLA-DQA1,0.7005987,0.5016077170418006,CD4,CD4,0.89178056,0.7556270096463023,Mono-C,Mono-C,0.79618967,0.0
TGFB1,TGFB1,1.4091885,0.8464730290456431,LPP,LPP,0.18281756,0.18796992481203006,NK-CD16+,B,0.79600304,0.0
SPP1,SPP1,0.7100559,0.2555066079295154,CD44,CD44,0.88101256,0.5712074303405573,TRM,NK-CD16-,0.79553425,0.0
LTA,LTA,0.117950454,0.12,TNFRSF1B,TNFRSF1B,1.4723437,0.8458149779735683,CD8 T,TRM,0.79514706,0.0
CD40LG,CD40LG,0.5116621,0.4117647058823529,CD53,CD53,1.0784515,0.7142857142857143,CD4 T,cDC2,0.7950568,0.0
MIF,MIF,0.46597883,0.5044052863436124,CXCR4,CD74_CXCR4,1.1235944,0.6387665198237885,TRM,TRM,0.79478663,0.006
SERPINA1,SERPINA1,0.57855076,0.4924812030075188,LRP1,LRP1,1.0102887,0.8360128617363344,cDC2,Mono-C,0.79441977,0.0
CD55,CD55,0.17872322,0.14705882352941177,ADGRE5,ADGRE5,1.4101006,0.9242424242424242,NK-CD16-,Mono-NC,0.7944119,0.0
APOE,APOE,1.4075412,0.4052863436123348,SORL1,SORL1,0.18086772,0.23684210526315788,TRM,cDC2,0.7942044,0.0
CD40LG,CD40LG,0.16607237,0.18518518518518517,CD53,CD53,1.4223129,0.9118942731277533,Treg,TRM,0.7941926,0.001
VEGFA,VEGFA,1.2694507,0.6409691629955947,SIRPA,SIRPA,0.31892416,0.45864661654135336,TRM,cDC2,0.7941874,0.0
TNF,TNF,0.07192662,0.14285714285714285,VSIR,VSIR,1.5161986,0.9292604501607717,cDC2,Mono-C,0.7940626,0.0
HLA-DRB5,HLA-DRB5,1.2568141,0.6945337620578779,CD4,CD4,0.33111274,0.2801120448179272,Mono-C,CD4 T,0.79396343,0.0
TGFB1,TGFB1,1.2064602,0.9242424242424242,LPP,LPP,0.3808161,0.45454545454545453,Mono-NC,Mono-NC,0.79363817,0.01
VCAN,VCAN,0.5012526,0.42424242424242425,SELL,SELL,1.0858085,0.7368421052631579,Mono-NC,B,0.7935306,0.0
F13A1,F13A1,0.38930294,0.3502202643171806,ITGB1,ITGB1,1.1977223,0.8568281938325991,TRM,TRM,0.79351264,0.0
TIGIT,TIGIT,1.348636,0.8148148148148148,NECTIN2,NECTIN2,0.23838682,0.34962406015037595,Treg,cDC2,0.79351145,0.0
NECTIN2,NECTIN2,0.23838682,0.34962406015037595,TIGIT,TIGIT,1.348636,0.8148148148148148,cDC2,Treg,0.79351145,0.0
ARPC5,ARPC5,1.0543809,0.7669172932330827,ADRB2,ADRB2,0.53259283,0.42323651452282157,B,NK-CD16+,0.79348683,0.018
A2M,A2M,0.57661355,0.41729323308270677,LRP1,LRP1,1.0102887,0.8360128617363344,cDC2,Mono-C,0.79345113,0.0
ICAM3,ICAM3,1.0413592,0.7066326530612245,ITGAL,ITGAL,0.5443839,0.5498392282958199,γδ T,Mono-C,0.79287153,0.0
CIRBP,CIRBP,1.1382291,0.7676348547717843,TREM1,TREM1,0.44684002,0.4694533762057878,NK-CD16+,Mono-C,0.7925346,0.0
GNAI2,GNAI2,1.3294944,0.8298755186721992,F2R,F2R,0.2553608,0.22,NK-CD16+,CD8 T,0.7924276,0.02
MIF,MIF,0.95702225,0.66,TNFRSF14,TNFRSF14,0.6278129,0.7272727272727273,CD8 T,Mono-NC,0.7924176,0.0
S100A8,S100A8,0.22620511,0.16165413533834586,CD36,CD36,1.3569703,0.8713826366559485,cDC2,Mono-C,0.7915877,0.0
LGALS9,LGALS9,0.8022431,0.6879699248120301,CD47,CD47,0.78074646,0.6390977443609023,cDC2,B,0.7914948,0.0
CD99,CD99,0.8714399,0.7312775330396476,PILRA,PILRA,0.71143526,0.6913183279742765,TRM,Mono-C,0.79143757,0.0
HLA-DQA1,HLA-DQA1,1.2642461,0.8484848484848485,LAG3,LAG3,0.31858182,0.18518518518518517,Mono-NC,Treg,0.79141396,0.0
HLA-DQA2,HLA-DQA2,0.68994284,0.5151515151515151,CD4,CD4,0.89178056,0.7556270096463023,Mono-NC,Mono-C,0.7908617,0.0
ICAM3,ICAM3,1.144457,0.8787878787878788,ITGAL,ITGAL,0.437027,0.37037037037037035,Mono-NC,Treg,0.790742,0.008
CLEC2B,CLEC2B,1.2475088,0.7602040816326531,KLRF1,KLRF1,0.33376342,0.20278637770897834,γδ T,NK-CD16-,0.79063606,0.0
TNFSF12,TNFSF12,0.6333843,0.5925925925925926,TNFRSF25,TNFRSF25,0.94785535,0.66,Treg,CD8 T,0.79061985,0.0
HSPA1A,HSPA1A,0.86123985,0.7427652733118971,TLR4,TLR4,0.7193331,0.662379421221865,Mono-C,Mono-C,0.7902865,0.0
CD55,CD55,1.1657451,0.8484848484848485,ADGRE5,ADGRE5,0.41455382,0.37815126050420167,Mono-NC,CD4 T,0.79014945,0.0
HLA-F,HLA-F,0.74496293,0.52,CD8A,CD8A,0.8343133,0.46887966804979253,CD8 T,NK-CD16+,0.7896381,0.033
HLA-DMB,HLA-DMB,1.2478437,0.8105726872246696,CD4,CD4,0.33111274,0.2801120448179272,TRM,CD4 T,0.78947824,0.0
CIRBP,CIRBP,0.749337,0.7268722466960352,TREM1,TREM1,0.82927376,0.5638766519823789,TRM,TRM,0.7893054,0.0
CIRBP,CIRBP,0.7483424,0.684887459807074,TREM1,TREM1,0.82927376,0.5638766519823789,Mono-C,TRM,0.7888081,0.0
LGALS9,LGALS9,1.0351217,0.9090909090909091,CD47,CD47,0.5424275,0.5939849624060151,Mono-NC,cDC2,0.7887746,0.0
TNFSF13B,TNFSF13B,1.3735859,0.86,CD40,CD40,0.20363815,0.2599118942731278,CD8 T,TRM,0.78861207,0.0
CCL3,CCL3,1.2443963,0.5959752321981424,CCR5,CCR5,0.33249417,0.2755102040816326,NK-CD16-,γδ T,0.78844523,0.0
CD59,CD59,0.23808646,0.19504643962848298,CD2,CD2,1.3383713,0.7136929460580913,NK-CD16-,NK-CD16+,0.78822887,0.0
BAG6,BAG6,0.2357238,0.40977443609022557,NCR3,NCR3,1.3405855,0.76,cDC2,CD8 T,0.7881546,0.0
LRPAP1,LRPAP1,0.48357314,0.4,SORL1,SORL1,1.0923309,0.8102893890675241,CD8 T,Mono-C,0.78795207,0.0
LGALS3,LGALS3,1.4537047,0.8480176211453745,ENG,ENG,0.12184824,0.10644257703081232,TRM,CD4 T,0.78777647,0.0
TGFB1,TGFB1,1.4091885,0.8464730290456431,ENG,ENG,0.16630077,0.24242424242424243,NK-CD16+,Mono-NC,0.78774464,0.0
HLA-DRB5,HLA-DRB5,1.2568141,0.6945337620578779,LAG3,LAG3,0.31858182,0.18518518518518517,Mono-C,Treg,0.787698,0.0
GRN,GRN,0.10194528,0.10364145658263306,TNFRSF1B,TNFRSF1B,1.4723437,0.8458149779735683,CD4 T,TRM,0.7871445,0.041
TGFB1,TGFB1,1.4091885,0.8464730290456431,ACVR1B,ACVR1B_TGFBR2,0.16493146,0.25757575757575757,NK-CD16+,Mono-NC,0.78705996,0.0
CD38,CD38,0.15535754,0.22556390977443608,PECAM1,PECAM1,1.4181811,0.9393939393939394,cDC2,Mono-NC,0.7867693,0.0
IL1B,IL1B,0.8441269,0.4565916398713826,SIGIRR,SIGIRR,0.72914785,0.5925925925925926,Mono-C,Treg,0.78663737,0.0
TGM2,TGM2,1.4282444,0.6057268722466961,SDC4,SDC4,0.14466937,0.2026431718061674,TRM,TRM,0.7864569,0.0
CD59,CD59,0.23407479,0.2184873949579832,CD2,CD2,1.3383713,0.7136929460580913,CD4 T,NK-CD16+,0.78622305,0.0
TGFB1,TGFB1,1.3503319,0.7972136222910217,TGFBR2,TGFBR1_TGFBR2,0.22191997,0.17337461300309598,NK-CD16-,NK-CD16-,0.78612596,0.0
ICAM3,ICAM3,1.1089442,0.7510373443983402,ITGAL,ITGAL,0.46330258,0.3498452012383901,NK-CD16+,NK-CD16-,0.7861234,0.0
LGALS9,LGALS9,1.0351217,0.9090909090909091,CD47,CD47,0.5359284,0.4148606811145511,Mono-NC,NK-CD16-,0.7855251,0.0
TGFB1,TGFB1,1.4091885,0.8464730290456431,LPP,LPP,0.16181767,0.14285714285714285,NK-CD16+,CD4 T,0.7855031,0.0
TOR2A,TOR2A,0.29114643,0.3939393939393939,ATP5F1B,ATP5F1B,1.279633,0.9545454545454546,Mono-NC,Mono-NC,0.7853897,0.0
TGFB1,TGFB1,1.1898917,0.8392070484581498,LPP,LPP,0.3808161,0.45454545454545453,TRM,Mono-NC,0.7853539,0.0
TGFB1,TGFB1,1.3503319,0.7972136222910217,LPP,LPP,0.22014976,0.18112244897959184,NK-CD16-,γδ T,0.7852408,0.0
NAMPT,NAMPT,1.4462692,0.8006430868167203,ITGA5,ITGA5_ITGB1,0.12419133,0.22932330827067668,Mono-C,cDC2,0.7852302,0.0
IL2,IL2,0.357467,0.22,CD53,CD53,1.2126129,0.7959183673469388,CD8 T,γδ T,0.7850399,0.0
ANXA2,ANXA2,0.96594554,0.6581632653061225,TLR2,TLR2,0.6037369,0.6079295154185022,γδ T,TRM,0.7848412,0.0
TNFSF13B,TNFSF13B,0.4346889,0.28291316526610644,TNFRSF13C,TNFRSF13C,1.1349291,0.7819548872180451,CD4 T,B,0.784809,0.0
CD48,CD48,1.3384117,0.7478991596638656,CD244,CD244,0.23106226,0.3181818181818182,CD4 T,Mono-NC,0.784737,0.0
HLA-DMA,HLA-DMA,0.8082313,0.7727272727272727,CD4,CD4,0.7606554,0.6428571428571429,Mono-NC,cDC2,0.7844434,0.0
HSPA1A,HSPA1A,0.8493773,0.8181818181818182,TLR4,TLR4,0.7193331,0.662379421221865,Mono-NC,Mono-C,0.78435516,0.0
RETN,RETN,0.19570571,0.18722466960352424,CAP1,CAP1,1.3729357,0.9185022026431718,TRM,TRM,0.7843207,0.0
SERPINE1,SERPINE1,0.12619221,0.13215859030837004,PLAUR,PLAUR,1.4423888,0.8171806167400881,TRM,TRM,0.7842905,0.0
HLA-DQA2,HLA-DQA2,0.5102141,0.3954983922829582,CD4,CD4,1.0583234,0.7037037037037037,Mono-C,Treg,0.78426874,0.0
CD99,CD99,0.85709506,0.62,PILRA,PILRA,0.71143526,0.6913183279742765,CD8 T,Mono-C,0.78426516,0.014
TGFB1,TGFB1,1.4091885,0.8464730290456431,TGFBR1,TGFBR1_TGFBR2,0.1586696,0.20257234726688103,NK-CD16+,Mono-C,0.78392905,0.0
LILRB4,LILRB4,0.68809706,0.6563876651982379,LAIR1,LAIR1,0.8797599,0.748898678414097,TRM,TRM,0.7839285,0.0
APOE,APOE,1.4075412,0.4052863436123348,TREM2,TREM2,0.1602002,0.15037593984962405,TRM,cDC2,0.7838707,0.0
IL16,IL16,0.6221161,0.5,CD4,CD4,0.9452533,0.8484848484848485,CD8 T,Mono-NC,0.78368473,0.0
ANXA2,ANXA2,1.4006976,0.7593984962406015,TLR2,TLR2,0.16642308,0.2819548872180451,cDC2,cDC2,0.78356034,0.0
ARPC5,ARPC5,1.0339274,0.742296918767507,ADRB2,ADRB2,0.53259283,0.42323651452282157,CD4 T,NK-CD16+,0.7832601,0.003
ADAM10,ADAM10,0.67234373,0.6655948553054662,TSPAN14,TSPAN14,0.8938319,0.803030303030303,Mono-C,Mono-NC,0.78308785,0.0
LGALS9,LGALS9,0.8022431,0.6879699248120301,LRP1,LRP1,0.7638819,0.7400881057268722,cDC2,TRM,0.7830625,0.0
SECTM1,SECTM1,0.08567738,0.14285714285714285,CD7,CD7,1.4802365,0.7927170868347339,cDC2,CD4 T,0.78295696,0.0
ANXA1,ANXA1,1.4731047,0.8137755102040817,DYSF,DYSF,0.09204767,0.1277533039647577,γδ T,TRM,0.7825762,0.002
CALR,CALR,1.0592397,0.6989795918367347,LRP1,LRP1,0.50576186,0.6212121212121212,γδ T,Mono-NC,0.7825008,0.003
FABP5,FABP5,0.94941276,0.5837004405286343,RXRA,RXRA,0.6155501,0.6145374449339207,TRM,TRM,0.78248143,0.0
TNFSF13B,TNFSF13B,1.1212561,0.8167202572347267,TFRC,TFRC,0.4432532,0.4074074074074074,Mono-C,Treg,0.78225464,0.0
LGALS3,LGALS3,1.4537047,0.8480176211453745,MCAM,MCAM,0.110788435,0.1111111111111111,TRM,Treg,0.7822466,0.0
HLA-DQB1,HLA-DQB1,1.0010759,0.7575757575757576,LAG3,LAG3,0.5634088,0.41836734693877553,Mono-NC,γδ T,0.7822423,0.0
LGALS9,LGALS9,0.84653074,0.7652733118971061,CD47,CD47,0.7175519,0.5742296918767507,Mono-C,CD4 T,0.7820413,0.0
NAMPT,NAMPT,1.4919114,0.8193832599118943,INSR,INSR,0.072167516,0.12781954887218044,TRM,cDC2,0.78203946,0.0
TGFB1,TGFB1,1.3503319,0.7972136222910217,TGFBR1,TGFBR1_TGFBR2,0.21265137,0.1836734693877551,NK-CD16-,γδ T,0.78149164,0.0
THBS1,THBS1,0.4268466,0.2797427652733119,CD47,CD47,1.1356851,0.7717842323651453,Mono-C,NK-CD16+,0.78126585,0.0
NAMPT,NAMPT,1.4919114,0.8193832599118943,INSR,INSR,0.07030151,0.1145374449339207,TRM,TRM,0.7811065,0.0
PLAU,PLAU,0.36424682,0.4052863436123348,ITGB1,ITGB1,1.1977223,0.8568281938325991,TRM,TRM,0.7809846,0.0
IL16,IL16,0.45075288,0.42105263157894735,CD9,CD9,1.1109124,0.5851393188854489,B,NK-CD16-,0.78083265,0.0
CCL3,CCL3,1.2443963,0.5959752321981424,CCR1,CCR1,0.3167034,0.3787878787878788,NK-CD16-,Mono-NC,0.7805499,0.0
HLA-F,HLA-F,1.0506701,0.7310924369747899,CD8B,CD8B,0.51036483,0.3153526970954357,CD4 T,NK-CD16+,0.78051746,0.0
TNFSF10,TNFSF10,0.93402314,0.6818181818181818,CCR6,CCR6,0.62660265,0.5185185185185185,Mono-NC,Treg,0.7803129,0.0
ICAM3,ICAM3,0.93318963,0.7142857142857143,ITGAL,ITGAL,0.62672406,0.48214285714285715,B,γδ T,0.7799568,0.0
APOE,APOE,1.4075412,0.4052863436123348,LRP1,LRP1,0.15203843,0.23684210526315788,TRM,cDC2,0.7797898,0.0
TNFSF13B,TNFSF13B,0.42461497,0.4699248120300752,TNFRSF13C,TNFRSF13C,1.1349291,0.7819548872180451,cDC2,B,0.77977204,0.0
PSAP,PSAP,1.3664533,0.7443609022556391,SORT1,SORT1,0.19255288,0.28854625550660795,cDC2,TRM,0.7795031,0.0
F13A1,F13A1,0.36109623,0.3762057877813505,ITGB1,ITGB1,1.1977223,0.8568281938325991,Mono-C,TRM,0.7794093,0.0
TOR2A,TOR2A,0.27905864,0.4473684210526316,ATP5F1B,ATP5F1B,1.279633,0.9545454545454546,cDC2,Mono-NC,0.77934587,0.0
COL6A2,COL6A2,0.22681384,0.1825726141078838,CD44,CD44,1.3308253,0.8148148148148148,NK-CD16+,Treg,0.77881956,0.046
CFP,CFP,1.31523,0.8681672025723473,NCR1,NCR1,0.24225856,0.1991701244813278,Mono-C,NK-CD16+,0.7787443,0.0
ICAM1,ICAM1,0.21409014,0.2508038585209003,IL2RG,IL2RG,1.3431982,0.8,Mono-C,CD8 T,0.77864414,0.0
TGFB1,TGFB1,1.3503319,0.7972136222910217,TGFBR1,TGFBR1_TGFBR2,0.20684367,0.29699248120300753,NK-CD16-,cDC2,0.7785878,0.0
MIF,MIF,0.95702225,0.66,TNFRSF14,TNFRSF14,0.60011584,0.4444444444444444,CD8 T,Treg,0.77856904,0.0
TGFB1,TGFB1,1.2064602,0.9242424242424242,LPP,LPP,0.35053685,0.37942122186495175,Mono-NC,Mono-C,0.77849853,0.012
CD40LG,CD40LG,0.3442081,0.24,CD53,CD53,1.2126129,0.7959183673469388,CD8 T,γδ T,0.7784105,0.0
TGFB1,TGFB1,1.2064602,0.9242424242424242,LPP,LPP,0.35022116,0.2962962962962963,Mono-NC,Treg,0.7783407,0.038
GNAI2,GNAI2,1.3294944,0.8298755186721992,S1PR1,S1PR1,0.22716816,0.1991701244813278,NK-CD16+,NK-CD16+,0.7783313,0.0
TIMP2,TIMP2,0.46746552,0.518796992481203,ITGB1,ITGB1,1.0891075,0.6965944272445821,cDC2,NK-CD16-,0.7782865,0.0
LGALS9,LGALS9,0.7756295,0.698237885462555,CD47,CD47,0.78074646,0.6390977443609023,TRM,B,0.778188,0.0
SPP1,SPP1,0.7100559,0.2555066079295154,ITGA4,ITGA4_ITGB1,0.84618366,0.803030303030303,TRM,Mono-NC,0.7781198,0.0
SELPLG,SELPLG,0.46913132,0.47266881028938906,SELL,SELL,1.0858085,0.7368421052631579,Mono-C,B,0.77746993,0.0
TGFB1,TGFB1,1.3503319,0.7972136222910217,LPP,LPP,0.20437108,0.33458646616541354,NK-CD16-,cDC2,0.7773515,0.0
IL16,IL16,0.60916126,0.4770408163265306,CD4,CD4,0.9452533,0.8484848484848485,γδ T,Mono-NC,0.77720726,0.0
LRPAP1,LRPAP1,0.5438209,0.5789473684210527,LRP1,LRP1,1.0102887,0.8360128617363344,cDC2,Mono-C,0.7770548,0.0
APOE,APOE,1.4075412,0.4052863436123348,ABCA1,ABCA1,0.14650519,0.12,TRM,CD8 T,0.7770232,0.0
ARPC5,ARPC5,1.3271196,0.7800829875518672,ADRB2,ADRB2,0.22599342,0.25757575757575757,NK-CD16+,Mono-NC,0.7765565,0.043
ADAM17,ADAM17,0.39984384,0.5151515151515151,ITGB1,ITGB1,1.1527835,0.74,Mono-NC,CD8 T,0.77631366,0.001
S100A8,S100A8,1.4347306,0.7121212121212122,CD36,CD36,0.11772665,0.15037593984962405,Mono-NC,cDC2,0.77622867,0.008
NAMPT,NAMPT,1.4462692,0.8006430868167203,ITGA5,ITGA5_ITGB1,0.10447823,0.16666666666666666,Mono-C,Mono-NC,0.7753737,0.0
ADAM15,ADAM15,0.35220286,0.40514469453376206,ITGB1,ITGB1,1.1977223,0.8568281938325991,Mono-C,TRM,0.7749626,0.0
TNFSF12,TNFSF12,0.6333843,0.5925925925925926,TNFRSF25,TNFRSF25,0.91637623,0.6296296296296297,Treg,Treg,0.7748803,0.0
CD99,CD99,0.8714399,0.7312775330396476,PILRA,PILRA,0.67828345,0.6629955947136564,TRM,TRM,0.7748617,0.0
APOE,APOE,1.4075412,0.4052863436123348,LSR,LSR,0.14184277,0.14814814814814814,TRM,Treg,0.77469194,0.0
LRPAP1,LRPAP1,0.5390503,0.5659163987138264,LRP1,LRP1,1.0102887,0.8360128617363344,Mono-C,Mono-C,0.7746695,0.0
LGALS9,LGALS9,0.8022431,0.6879699248120301,CD47,CD47,0.74665785,0.5637755102040817,cDC2,γδ T,0.7744505,0.0
ADAM17,ADAM17,0.39984384,0.5151515151515151,ITGB1,ITGB1,1.14894,0.7136929460580913,Mono-NC,NK-CD16+,0.7743919,0.0
ADAM17,ADAM17,0.459285,0.48231511254019294,ITGB1,ITGB1,1.0891075,0.6965944272445821,Mono-C,NK-CD16-,0.77419627,0.0
CD58,CD58,0.20947184,0.17842323651452283,CD2,CD2,1.3383713,0.7136929460580913,NK-CD16+,NK-CD16+,0.77392155,0.0
TGFB1,TGFB1,1.3503319,0.7972136222910217,ENG,ENG,0.19742186,0.18,NK-CD16-,CD8 T,0.7738769,0.001
CD55,CD55,0.60710025,0.518796992481203,ADGRE5,ADGRE5,0.94057596,0.6597510373443983,B,NK-CD16+,0.7738381,0.0
TGFB1,TGFB1,1.3503319,0.7972136222910217,LPP,LPP,0.19721772,0.17182662538699692,NK-CD16-,NK-CD16-,0.7737748,0.0
CFP,CFP,1.2613188,0.9242424242424242,NCR1,NCR1,0.28607303,0.23529411764705882,Mono-NC,NK-CD16-,0.77369595,0.0
IL1B,IL1B,0.8441269,0.4565916398713826,SIGIRR,SIGIRR,0.7019428,0.5306122448979592,Mono-C,γδ T,0.7730348,0.0
LRPAP1,LRPAP1,0.53571665,0.45228215767634855,LRP1,LRP1,1.0102887,0.8360128617363344,NK-CD16+,Mono-C,0.7730027,0.0
ICAM3,ICAM3,1.1089442,0.7510373443983402,ITGAL,ITGAL,0.437027,0.37037037037037035,NK-CD16+,Treg,0.7729856,0.011
SIRPA,SIRPA,0.62366134,0.617363344051447,CD47,CD47,0.92230505,0.8181818181818182,Mono-C,Mono-NC,0.7729832,0.0
CD47,CD47,0.92230505,0.8181818181818182,SIRPA,SIRPA,0.62366134,0.617363344051447,Mono-NC,Mono-C,0.7729832,0.0
TGFB1,TGFB1,1.4091885,0.8464730290456431,TGFBR1,TGFBR1_TGFBR2,0.13642497,0.21212121212121213,NK-CD16+,Mono-NC,0.77280676,0.002
HLA-F,HLA-F,1.0342016,0.8787878787878788,CD8B,CD8B,0.51036483,0.3153526970954357,Mono-NC,NK-CD16+,0.7722832,0.0
TNF,TNF,0.07192662,0.14285714285714285,TNFRSF1B,TNFRSF1B,1.4723437,0.8458149779735683,cDC2,TRM,0.77213514,0.0
CD38,CD38,0.12579858,0.17180616740088106,PECAM1,PECAM1,1.4181811,0.9393939393939394,TRM,Mono-NC,0.7719898,0.0
LRPAP1,LRPAP1,0.45115834,0.3852040816326531,SORL1,SORL1,1.0923309,0.8102893890675241,γδ T,Mono-C,0.7717446,0.0
ADAM9,ADAM9,0.4540225,0.526431718061674,ITGB1,ITGB1,1.0891075,0.6965944272445821,TRM,NK-CD16-,0.771565,0.0
ICAM1,ICAM1,0.21409014,0.2508038585209003,ITGAX,ITGAX_ITGB2,1.3290197,0.8370044052863436,Mono-C,TRM,0.7715549,0.0
ICAM2,ICAM2,0.70572096,0.7272727272727273,ITGAM,ITGAM_ITGB2,0.8371364,0.729903536977492,Mono-NC,Mono-C,0.7714287,0.0
HLA-F,HLA-F,0.906024,0.6207430340557275,LILRB1,LILRB1,0.6366831,0.6141479099678456,NK-CD16-,Mono-C,0.77135354,0.0
ICAM1,ICAM1,0.19924289,0.31203007518796994,IL2RG,IL2RG,1.3431982,0.8,cDC2,CD8 T,0.77122056,0.0
F13A1,F13A1,0.38930294,0.3502202643171806,ITGB1,ITGB1,1.1527835,0.74,TRM,CD8 T,0.77104324,0.0
TGFB1,TGFB1,1.4091885,0.8464730290456431,TGFBR2,TGFBR1_TGFBR2,0.13285531,0.14,NK-CD16+,CD8 T,0.7710219,0.029
CD99,CD99,1.2895992,0.7848297213622291,PILRB,PILRB,0.25231978,0.2066326530612245,NK-CD16-,γδ T,0.7709595,0.0
TGM2,TGM2,1.4282444,0.6057268722466961,SDC4,SDC4,0.11359851,0.12,TRM,CD8 T,0.7709214,0.0
CD55,CD55,0.60710025,0.518796992481203,ADGRE5,ADGRE5,0.9345183,0.7459807073954984,B,Mono-C,0.7708093,0.0
HLA-F,HLA-F,0.44610938,0.518796992481203,CD8B,CD8B,1.0948339,0.6658163265306123,cDC2,γδ T,0.77047163,0.0
LGALS9,LGALS9,1.0351217,0.9090909090909091,LRP1,LRP1,0.50576186,0.6212121212121212,Mono-NC,Mono-NC,0.7704418,0.0
TGFB1,TGFB1,1.1898917,0.8392070484581498,LPP,LPP,0.35053685,0.37942122186495175,TRM,Mono-C,0.77021426,0.0
TGFB1,TGFB1,1.1898917,0.8392070484581498,LPP,LPP,0.35022116,0.2962962962962963,TRM,Treg,0.7700564,0.015
GRN,GRN,1.3472822,0.9242424242424242,SORT1,SORT1,0.19255288,0.28854625550660795,Mono-NC,TRM,0.76991755,0.0
CD55,CD55,0.8667511,0.6585903083700441,ADGRE5,ADGRE5,0.6728257,0.5102040816326531,TRM,γδ T,0.7697884,0.0
LGALS9,LGALS9,0.7756295,0.698237885462555,LRP1,LRP1,0.7638819,0.7400881057268722,TRM,TRM,0.7697557,0.0
RETN,RETN,0.19570571,0.18722466960352424,CAP1,CAP1,1.343522,0.7969924812030075,TRM,cDC2,0.76961386,0.0
ARF6,ARF6,0.96866137,0.7973568281938326,SMAP1,SMAP1,0.57048416,0.48,TRM,CD8 T,0.76957273,0.0
IL16,IL16,0.73825866,0.6296296296296297,CD4,CD4,0.8007195,0.7290748898678414,Treg,TRM,0.76948905,0.0
PSEN1,PSEN1,0.45922452,0.5080385852090032,CD44,CD44,1.0796558,0.7254901960784313,Mono-C,CD4 T,0.7694402,0.001
ADAM17,ADAM17,0.34113428,0.43612334801762115,ITGB1,ITGB1,1.1977223,0.8568281938325991,TRM,TRM,0.7694283,0.0
TGFB1,TGFB1,1.4091885,0.8464730290456431,TGFBR1,TGFBR1_TGFBR2,0.12962475,0.12044817927170869,NK-CD16+,CD4 T,0.7694066,0.0
F13A1,F13A1,0.38930294,0.3502202643171806,ITGB1,ITGB1,1.14894,0.7136929460580913,TRM,NK-CD16+,0.76912147,0.0
C1QA,C1QA,1.3807284,0.42951541850220265,CD93,CD93,0.15698543,0.2819548872180451,TRM,cDC2,0.7688569,0.0
TNF,TNF,0.5083867,0.4444444444444444,ICOS,ICOS,1.0291984,0.7407407407407407,Treg,Treg,0.7687925,0.0
IL16,IL16,0.59223366,0.484593837535014,CD4,CD4,0.9452533,0.8484848484848485,CD4 T,Mono-NC,0.7687435,0.0
TNFSF12,TNFSF12,0.58940524,0.5639097744360902,TNFRSF25,TNFRSF25,0.94785535,0.66,cDC2,CD8 T,0.76863027,0.0
HLA-F,HLA-F,1.0506701,0.7310924369747899,LILRB1,LILRB1,0.48631135,0.5176211453744494,CD4 T,TRM,0.76849073,0.0
LGALS3,LGALS3,0.83324724,0.5331632653061225,ENG,ENG,0.70372885,0.6453744493392071,γδ T,TRM,0.76848805,0.0
BTLA,BTLA,0.17988712,0.18045112781954886,CD247,CD247,1.356764,0.8518518518518519,B,Treg,0.76832557,0.001
HLA-F,HLA-F,1.0252563,0.819935691318328,CD8B,CD8B,0.51036483,0.3153526970954357,Mono-C,NK-CD16+,0.7678106,0.0
TGFB1,TGFB1,1.4091885,0.8464730290456431,ITGB5,ITGB5,0.12635961,0.1960352422907489,NK-CD16+,TRM,0.76777405,0.0
CD99,CD99,0.85709506,0.62,PILRA,PILRA,0.67828345,0.6629955947136564,CD8 T,TRM,0.7676892,0.027
LTA,LTA,0.5572398,0.48148148148148145,TNFRSF1A,TNFRSF1A,0.9779132,0.8039647577092511,Treg,TRM,0.76757646,0.0
LTB,LTB,0.69216895,0.462406015037594,CD40,CD40,0.8423143,0.631578947368421,cDC2,B,0.7672416,0.0
TIMP2,TIMP2,1.0243123,0.8295819935691319,ITGB1,ITGB1,0.5097219,0.38345864661654133,Mono-C,B,0.76701707,0.0
C3,C3,0.52352124,0.29515418502202645,LRP1,LRP1,1.0102887,0.8360128617363344,TRM,Mono-C,0.76690495,0.0
IL1B,IL1B,0.77821034,0.43612334801762115,SIGIRR,SIGIRR,0.75546813,0.5726141078838174,TRM,NK-CD16+,0.76683927,0.0
LGALS9,LGALS9,1.0351217,0.9090909090909091,HAVCR2,HAVCR2,0.49840647,0.575187969924812,Mono-NC,cDC2,0.76676404,0.0
TGFB1,TGFB1,0.82959795,0.6134453781512605,ENG,ENG,0.70372885,0.6453744493392071,CD4 T,TRM,0.76666343,0.0
LRPAP1,LRPAP1,0.5230249,0.4179566563467492,LRP1,LRP1,1.0102887,0.8360128617363344,NK-CD16-,Mono-C,0.7666568,0.0
TGFB1,TGFB1,1.3503319,0.7972136222910217,LPP,LPP,0.18281756,0.18796992481203006,NK-CD16-,B,0.76657474,0.0
SELPLG,SELPLG,0.44716093,0.4074074074074074,SELL,SELL,1.0858085,0.7368421052631579,Treg,B,0.76648474,0.0
ICAM3,ICAM3,0.9058521,0.7620578778135049,ITGAL,ITGAL,0.62672406,0.48214285714285715,Mono-C,γδ T,0.76628804,0.0
SPON2,SPON2,1.4078201,0.6970954356846473,ITGA5,ITGA5,0.12419133,0.22932330827067668,NK-CD16+,cDC2,0.7660057,0.0
CD55,CD55,0.12125156,0.10714285714285714,ADGRE5,ADGRE5,1.4101006,0.9242424242424242,γδ T,Mono-NC,0.7656761,0.0
BTLA,BTLA,0.17454793,0.14814814814814814,CD247,CD247,1.356764,0.8518518518518519,Treg,Treg,0.76565593,0.001
TGFB1,TGFB1,1.4091885,0.8464730290456431,ENG,ENG,0.12184824,0.10644257703081232,NK-CD16+,CD4 T,0.76551837,0.0
ACTR2,ACTR2,0.9979617,0.6887966804979253,ADRB2,ADRB2,0.53259283,0.42323651452282157,NK-CD16+,NK-CD16+,0.76527727,0.0
PSEN1,PSEN1,0.45922452,0.5080385852090032,CD44,CD44,1.0712655,0.6658163265306123,Mono-C,γδ T,0.76524496,0.003
TIMP2,TIMP2,1.0195317,0.8193832599118943,ITGB1,ITGB1,0.5097219,0.38345864661654133,TRM,B,0.7646268,0.0
ICAM1,ICAM1,0.19924289,0.31203007518796994,ITGAX,ITGAX_ITGB2,1.3290197,0.8370044052863436,cDC2,TRM,0.7641313,0.0
HLA-DQB1,HLA-DQB1,0.9642835,0.6816720257234726,LAG3,LAG3,0.5634088,0.41836734693877553,Mono-C,γδ T,0.76384616,0.0
LRPAP1,LRPAP1,0.4337759,0.3949579831932773,SORL1,SORL1,1.0923309,0.8102893890675241,CD4 T,Mono-C,0.7630534,0.0
SPON2,SPON2,1.4078201,0.6970954356846473,ITGAM,ITGAM,0.11717172,0.1111111111111111,NK-CD16+,Treg,0.76249593,0.0
ADAM10,ADAM10,0.76983654,0.8333333333333334,IL6R,IL6R,0.75482005,0.6945337620578779,Mono-NC,Mono-C,0.76232827,0.0
CD58,CD58,0.57379407,0.6277533039647577,CD2,CD2,0.9504105,0.52,TRM,CD8 T,0.76210225,0.005
TNFSF13B,TNFSF13B,1.3735859,0.86,TNFRSF17,TNFRSF17,0.15055928,0.15789473684210525,CD8 T,B,0.7620726,0.0
RETN,RETN,0.1510014,0.19696969696969696,CAP1,CAP1,1.3729357,0.9185022026431718,Mono-NC,TRM,0.7619685,0.0
IL16,IL16,0.4130227,0.33195020746887965,CD9,CD9,1.1109124,0.5851393188854489,NK-CD16+,NK-CD16-,0.76196754,0.0
TGFB1,TGFB1,1.2064602,0.9242424242424242,ENG,ENG,0.3172815,0.40601503759398494,Mono-NC,cDC2,0.76187086,0.021
TGFB1,TGFB1,1.4091885,0.8464730290456431,ACVR1B,ACVR1B_TGFBR2,0.11455071,0.14790996784565916,NK-CD16+,Mono-C,0.7618696,0.0
TGFB1,TGFB1,1.4091885,0.8464730290456431,ITGB5,ITGB5,0.11423527,0.18045112781954886,NK-CD16+,cDC2,0.7617119,0.0
TNFSF13B,TNFSF13B,1.3735859,0.86,TFRC,TFRC,0.14952786,0.1832797427652733,CD8 T,Mono-C,0.7615569,0.0
HLA-F,HLA-F,1.0123359,0.7744360902255639,CD8B,CD8B,0.51036483,0.3153526970954357,B,NK-CD16+,0.7613504,0.001
LRPAP1,LRPAP1,0.82922006,0.7037037037037037,SORL1,SORL1,0.69347787,0.6541850220264317,Treg,TRM,0.76134896,0.0
LGALS9,LGALS9,0.7756295,0.698237885462555,CD47,CD47,0.74665785,0.5637755102040817,TRM,γδ T,0.7611437,0.0
ICAM3,ICAM3,0.8952916,0.6145510835913313,ITGAL,ITGAL,0.62672406,0.48214285714285715,NK-CD16-,γδ T,0.76100785,0.0
TNFSF13B,TNFSF13B,0.8503097,0.7575757575757576,TNFRSF13B,TNFRSF13B,0.6716681,0.5037593984962406,Mono-NC,B,0.76098895,0.0
TGFB1,TGFB1,1.4091885,0.8464730290456431,ACVR1B,ACVR1B_TGFBR2,0.11226234,0.16519823788546256,NK-CD16+,TRM,0.76072544,0.0
BAG6,BAG6,0.18024026,0.20300751879699247,NCR3,NCR3,1.3405855,0.76,B,CD8 T,0.7604129,0.0
HLA-F,HLA-F,1.0342016,0.8787878787878788,LILRB1,LILRB1,0.48631135,0.5176211453744494,Mono-NC,TRM,0.76025647,0.001
IL16,IL16,0.57509,0.42879256965944273,CD4,CD4,0.9452533,0.8484848484848485,NK-CD16-,Mono-NC,0.76017165,0.0
HLA-DMB,HLA-DMB,0.46199447,0.5,CD4,CD4,1.0583234,0.7037037037037037,Mono-NC,Treg,0.7601589,0.0
CD48,CD48,1.3384117,0.7478991596638656,CD244,CD244,0.181425,0.15170278637770898,CD4 T,NK-CD16-,0.75991833,0.0
LGALS9,LGALS9,0.8022431,0.6879699248120301,CD47,CD47,0.7175519,0.5742296918767507,cDC2,CD4 T,0.7598975,0.0
LTA,LTA,0.117950454,0.12,TNFRSF1B,TNFRSF1B,1.401767,0.8148148148148148,CD8 T,Treg,0.7598587,0.0
CD55,CD55,0.8667511,0.6585903083700441,ADGRE2,ADGRE2,0.65278596,0.6365638766519823,TRM,TRM,0.7597685,0.0
CKLF,CKLF,1.0324333,0.7709251101321586,CCR4,CCR4,0.48696607,0.4074074074074074,TRM,Treg,0.7596997,0.0
C3,C3,0.52352124,0.29515418502202645,C3AR1,C3AR1,0.99550945,0.73568281938326,TRM,TRM,0.75951535,0.0
NAMPT,NAMPT,1.4462692,0.8006430868167203,INSR,INSR,0.072167516,0.12781954887218044,Mono-C,cDC2,0.75921834,0.0
TOR2A,TOR2A,0.23844133,0.2829581993569132,ATP5F1B,ATP5F1B,1.279633,0.9545454545454546,Mono-C,Mono-NC,0.7590372,0.0
PLAU,PLAU,0.36424682,0.4052863436123348,ITGB1,ITGB1,1.1527835,0.74,TRM,CD8 T,0.7585152,0.0
TGFB1,TGFB1,1.3503319,0.7972136222910217,ENG,ENG,0.16630077,0.24242424242424243,NK-CD16-,Mono-NC,0.75831634,0.002
NAMPT,NAMPT,1.4462692,0.8006430868167203,INSR,INSR,0.07030151,0.1145374449339207,Mono-C,TRM,0.75828534,0.0
FASLG,FASLG,0.5386062,0.4149377593360996,TNFRSF1A,TNFRSF1A,0.9779132,0.8039647577092511,NK-CD16+,TRM,0.7582597,0.0
CD55,CD55,1.1657451,0.8484848484848485,ADGRE5,ADGRE5,0.3507167,0.3,Mono-NC,CD8 T,0.7582309,0.001
TNFSF13B,TNFSF13B,1.3735859,0.86,CD40,CD40,0.14197683,0.24242424242424243,CD8 T,Mono-NC,0.7577814,0.0
TGFB1,TGFB1,1.3503319,0.7972136222910217,ACVR1B,ACVR1B_TGFBR2,0.16493146,0.25757575757575757,NK-CD16-,Mono-NC,0.75763166,0.0
TNFSF12,TNFSF12,0.8168387,0.6,CD163,CD163,0.6979688,0.5726872246696035,CD8 T,TRM,0.75740373,0.0
ICAM3,ICAM3,0.9703577,0.6918767507002801,ITGAL,ITGAL,0.5443839,0.5498392282958199,CD4 T,Mono-C,0.7573708,0.0
IL16,IL16,0.6221161,0.5,CD4,CD4,0.89178056,0.7556270096463023,CD8 T,Mono-C,0.75694835,0.0
F13A1,F13A1,0.36109623,0.3762057877813505,ITGB1,ITGB1,1.1527835,0.74,Mono-C,CD8 T,0.7569399,0.0
PLAU,PLAU,0.36424682,0.4052863436123348,ITGB1,ITGB1,1.14894,0.7136929460580913,TRM,NK-CD16+,0.7565934,0.0
ICAM2,ICAM2,0.42850184,0.36,ITGAL,ITGAL_ITGB2,1.0843605,0.9090909090909091,CD8 T,Mono-NC,0.75643116,0.0
APOE,APOE,1.4075412,0.4052863436123348,LDLR,LDLR,0.10507937,0.13504823151125403,TRM,Mono-C,0.7563103,0.0
SPON2,SPON2,1.4078201,0.6970954356846473,ITGA5,ITGA5,0.10447823,0.16666666666666666,NK-CD16+,Mono-NC,0.7561492,0.0
CD40LG,CD40LG,0.16607237,0.18518518518518517,CD53,CD53,1.346168,0.8939393939393939,Treg,Mono-NC,0.7561202,0.014
TGFB1,TGFB1,1.3503319,0.7972136222910217,LPP,LPP,0.16181767,0.14285714285714285,NK-CD16-,CD4 T,0.7560748,0.0
HLA-F,HLA-F,1.0252563,0.819935691318328,LILRB1,LILRB1,0.48631135,0.5176211453744494,Mono-C,TRM,0.7557838,0.0
TNFSF13B,TNFSF13B,1.3735859,0.86,TFRC,TFRC,0.13763095,0.24060150375939848,CD8 T,cDC2,0.75560844,0.0
CCL3,CCL3,1.2443963,0.5959752321981424,CCR5,CCR5,0.26665843,0.2222222222222222,NK-CD16-,Treg,0.7555274,0.0
CCL3,CCL3,1.2443963,0.5959752321981424,CCR5,CCR5,0.26654285,0.3524229074889868,NK-CD16-,TRM,0.75546956,0.0
APOE,APOE,1.4075412,0.4052863436123348,ABCA1,ABCA1,0.103008986,0.13909774436090225,TRM,cDC2,0.7552751,0.0
ARF6,ARF6,0.9398564,0.7,SMAP1,SMAP1,0.57048416,0.48,CD8 T,CD8 T,0.7551703,0.003
F13A1,F13A1,0.36109623,0.3762057877813505,ITGB1,ITGB1,1.14894,0.7136929460580913,Mono-C,NK-CD16+,0.7550181,0.0
IL7,IL7,0.16673441,0.18045112781954886,IL2RG,IL2RG_IL7R,1.3431982,0.8,B,CD8 T,0.7549663,0.0
CD38,CD38,0.0915525,0.10526315789473684,PECAM1,PECAM1,1.4181811,0.9393939393939394,B,Mono-NC,0.7548668,0.0
CD55,CD55,1.1657451,0.8484848484848485,CR1,CR1,0.3438843,0.35691318327974275,Mono-NC,Mono-C,0.75481474,0.0
IL16,IL16,0.45075288,0.42105263157894735,CD4,CD4,1.0583234,0.7037037037037037,B,Treg,0.7545381,0.0
TGFB1,TGFB1,1.3503319,0.7972136222910217,TGFBR1,TGFBR1_TGFBR2,0.1586696,0.20257234726688103,NK-CD16-,Mono-C,0.75450075,0.0
VEGFA,VEGFA,0.31109628,0.26366559485530544,ITGB1,ITGB1,1.1977223,0.8568281938325991,Mono-C,TRM,0.7544093,0.0
CXCL16,CXCL16,0.531988,0.5909090909090909,CXCR6,CXCR6,0.9758011,0.6071428571428571,Mono-NC,γδ T,0.75389457,0.0
HBEGF,HBEGF,0.91429305,0.5726872246696035,CD82,CD82,0.5932534,0.49624060150375937,TRM,B,0.7537732,0.0
IL1B,IL1B,0.77821034,0.43612334801762115,SIGIRR,SIGIRR,0.72914785,0.5925925925925926,TRM,Treg,0.7536791,0.0
TGFB1,TGFB1,1.1898917,0.8392070484581498,ENG,ENG,0.3172815,0.40601503759398494,TRM,cDC2,0.7535866,0.0
ADAM28,ADAM28,0.65992755,0.556390977443609,ITGA4,ITGA4,0.84618366,0.803030303030303,B,Mono-NC,0.7530556,0.0
TNFSF12,TNFSF12,0.58940524,0.5639097744360902,TNFRSF25,TNFRSF25,0.91637623,0.6296296296296297,cDC2,Treg,0.7528907,0.0
GNAI2,GNAI2,0.93232304,0.6992481203007519,S1PR5,S1PR5,0.57272816,0.45228215767634855,B,NK-CD16+,0.75252557,0.039
ADAM15,ADAM15,0.35220286,0.40514469453376206,ITGB1,ITGB1,1.1527835,0.74,Mono-C,CD8 T,0.7524932,0.0
HLA-DQA1,HLA-DQA1,1.2642461,0.8484848484848485,LAG3,LAG3,0.24067335,0.2074688796680498,Mono-NC,NK-CD16+,0.7524597,0.0
ICAM3,ICAM3,1.0413592,0.7066326530612245,ITGAL,ITGAL,0.46330258,0.3498452012383901,γδ T,NK-CD16-,0.7523309,0.0
IL16,IL16,0.73825866,0.6296296296296297,CD9,CD9,0.7663731,0.5154185022026432,Treg,TRM,0.7523159,0.0
PSAP,PSAP,1.3664533,0.7443609022556391,SORT1,SORT1,0.13779345,0.2556390977443609,cDC2,cDC2,0.75212336,0.0
ICOSLG,ICOSLG,0.16540283,0.22466960352422907,CTLA4,CTLA4,1.3385537,0.7407407407407407,TRM,Treg,0.7519783,0.0
BAG6,BAG6,0.16334994,0.14241486068111456,NCR3,NCR3,1.3405855,0.76,NK-CD16-,CD8 T,0.7519677,0.0
CD99,CD99,1.2895992,0.7848297213622291,PILRA,PILRA,0.21408899,0.2857142857142857,NK-CD16-,cDC2,0.7518441,0.0
CFP,CFP,1.2613188,0.9242424242424242,NCR1,NCR1,0.24225856,0.1991701244813278,Mono-NC,NK-CD16+,0.7517887,0.0
CD1D,CD1D,0.6101338,0.5789473684210527,LILRB2,LILRB2,0.89341325,0.7268722466960352,cDC2,TRM,0.75177354,0.0
CD38,CD38,0.649277,0.45975232198142413,PECAM1,PECAM1,0.85384303,0.7026431718061674,NK-CD16-,TRM,0.75156,0.0
ICAM1,ICAM1,0.15969443,0.21212121212121213,IL2RG,IL2RG,1.3431982,0.8,Mono-NC,CD8 T,0.7514463,0.0
GNAI2,GNAI2,1.3294944,0.8298755186721992,S1PR3,S1PR3,0.17297463,0.21221864951768488,NK-CD16+,Mono-C,0.7512345,0.004
HLA-DQA1,HLA-DQA1,0.7005987,0.5016077170418006,CD4,CD4,0.8007195,0.7290748898678414,Mono-C,TRM,0.7506591,0.0
APOE,APOE,1.4075412,0.4052863436123348,ABCA1,ABCA1,0.09375068,0.10610932475884244,TRM,Mono-C,0.75064594,0.0
ADAM15,ADAM15,0.35220286,0.40514469453376206,ITGB1,ITGB1,1.14894,0.7136929460580913,Mono-C,NK-CD16+,0.7505714,0.0
SIRPA,SIRPA,0.7202235,0.6960352422907489,CD47,CD47,0.78074646,0.6390977443609023,TRM,B,0.75048494,0.0
CD47,CD47,0.78074646,0.6390977443609023,SIRPA,SIRPA,0.7202235,0.6960352422907489,B,TRM,0.75048494,0.0
IL16,IL16,0.60916126,0.4770408163265306,CD4,CD4,0.89178056,0.7556270096463023,γδ T,Mono-C,0.7504709,0.0
IL2,IL2,0.357467,0.22,IL2RG,IL2RB_IL2RG,1.1434076,0.7027863777089783,CD8 T,NK-CD16-,0.75043726,0.0
TGFB1,TGFB1,1.2064602,0.9242424242424242,SDC2,SDC2,0.2943811,0.2577092511013216,Mono-NC,TRM,0.7504207,0.0
PTPN6,PTPN6,0.37038472,0.31932773109243695,CLEC12A,CLEC12A,1.1304477,0.8636363636363636,CD4 T,Mono-NC,0.7504162,0.0
PSAP,PSAP,1.3664533,0.7443609022556391,CD1B,CD1B,0.13393842,0.16917293233082706,cDC2,cDC2,0.75019586,0.0
TGFB1,TGFB1,1.4091885,0.8464730290456431,ACVR1,ACVR1_TGFBR1_TGFBR2,0.090866275,0.14977973568281938,NK-CD16+,TRM,0.7500274,0.0
TGFB1,TGFB1,1.4091885,0.8464730290456431,ACVR1,ACVR1_TGFBR2,0.090866275,0.14977973568281938,NK-CD16+,TRM,0.7500274,0.0
TGFB1,TGFB1,1.2064602,0.9242424242424242,LPP,LPP,0.29313895,0.3788546255506608,Mono-NC,TRM,0.7497996,0.041
NAMPT,NAMPT,1.2987005,0.8181818181818182,INSR,INSR,0.20066448,0.2540192926045016,Mono-NC,Mono-C,0.7496825,0.0
PTPN6,PTPN6,0.36877084,0.3333333333333333,CLEC12A,CLEC12A,1.1304477,0.8636363636363636,Treg,Mono-NC,0.7496093,0.0
IL16,IL16,0.73825866,0.6296296296296297,CD4,CD4,0.7606554,0.6428571428571429,Treg,cDC2,0.749457,0.0
HLA-F,HLA-F,1.0123359,0.7744360902255639,LILRB1,LILRB1,0.48631135,0.5176211453744494,B,TRM,0.7493236,0.0
A2M,A2M,0.7345292,0.4052863436123348,LRP1,LRP1,0.7638819,0.7400881057268722,TRM,TRM,0.7492056,0.0
ZG16B,ZG16B,0.374383,0.32,CXCR4,CXCR4,1.1235944,0.6387665198237885,CD8 T,TRM,0.7489887,0.0
HLA-DRB5,HLA-DRB5,1.2568141,0.6945337620578779,LAG3,LAG3,0.24067335,0.2074688796680498,Mono-C,NK-CD16+,0.7487437,0.0
BAG6,BAG6,0.15687817,0.14030612244897958,NCR3,NCR3,1.3405855,0.76,γδ T,CD8 T,0.74873185,0.0
NECTIN2,NECTIN2,0.14877188,0.12,TIGIT,TIGIT,1.348636,0.8148148148148148,CD8 T,Treg,0.74870396,0.0
TIGIT,TIGIT,1.348636,0.8148148148148148,NECTIN2,NECTIN2,0.14877188,0.12,Treg,CD8 T,0.74870396,0.0
CALR,CALR,0.9388712,0.6778711484593838,ITGAV,ITGAV,0.5585293,0.5748898678414097,CD4 T,TRM,0.74870026,0.0
MMP2,MMP2,0.07874492,0.1211453744493392,PECAM1,PECAM1,1.4181811,0.9393939393939394,TRM,Mono-NC,0.748463,0.0
HLA-F,HLA-F,0.44610938,0.518796992481203,LILRB2,LILRB2,1.0501987,0.7909967845659164,cDC2,Mono-C,0.74815404,0.003
CD55,CD55,1.1657451,0.8484848484848485,ADGRE5,ADGRE5,0.33054128,0.41729323308270677,Mono-NC,cDC2,0.7481432,0.0
BAG6,BAG6,0.15503825,0.14,NCR3,NCR3,1.3405855,0.76,CD8 T,CD8 T,0.74781185,0.0
PTPN6,PTPN6,0.8431796,0.5603715170278638,CD300LF,CD300LF,0.65190804,0.6818181818181818,NK-CD16-,Mono-NC,0.7475438,0.0
PTPN6,PTPN6,1.0776117,0.8360128617363344,CD300LF,CD300LF,0.41737768,0.43729903536977494,Mono-C,Mono-C,0.7474947,0.0
CD38,CD38,0.453005,0.34,PECAM1,PECAM1,1.0418698,0.8231511254019293,CD8 T,Mono-C,0.74743736,0.0
TGFB1,TGFB1,1.2064602,0.9242424242424242,TGFBR1,TGFBR1_TGFBR2,0.2883065,0.381057268722467,Mono-NC,TRM,0.74738336,0.024
RETN,RETN,0.1510014,0.19696969696969696,CAP1,CAP1,1.343522,0.7969924812030075,Mono-NC,cDC2,0.74726164,0.0
ADAM17,ADAM17,0.34113428,0.43612334801762115,ITGB1,ITGB1,1.1527835,0.74,TRM,CD8 T,0.7469589,0.0
LRPAP1,LRPAP1,0.48357314,0.4,LRP1,LRP1,1.0102887,0.8360128617363344,CD8 T,Mono-C,0.74693096,0.0
CD48,CD48,1.3384117,0.7478991596638656,CD244,CD244,0.1554209,0.13520408163265307,CD4 T,γδ T,0.7469163,0.0
LGALS9,LGALS9,0.7756295,0.698237885462555,CD47,CD47,0.7175519,0.5742296918767507,TRM,CD4 T,0.74659073,0.0
HLA-DOB,HLA-DOB,0.54773015,0.47368421052631576,CD4,CD4,0.9452533,0.8484848484848485,B,Mono-NC,0.74649173,0.0
CD48,CD48,1.3384117,0.7478991596638656,CD244,CD244,0.15405756,0.14,CD4 T,CD8 T,0.74623466,0.004
CD47,CD47,0.92230505,0.8181818181818182,SIRPG,SIRPG,0.5696164,0.5185185185185185,Mono-NC,Treg,0.7459607,0.0
SIRPG,SIRPG,0.5696164,0.5185185185185185,CD47,CD47,0.92230505,0.8181818181818182,Treg,Mono-NC,0.7459607,0.0
TOR2A,TOR2A,0.21160266,0.18672199170124482,ATP5F1B,ATP5F1B,1.279633,0.9545454545454546,NK-CD16+,Mono-NC,0.74561787,0.0
CIRBP,CIRBP,1.0442779,0.9090909090909091,TREM1,TREM1,0.44684002,0.4694533762057878,Mono-NC,Mono-C,0.745559,0.001
TNFSF13B,TNFSF13B,1.3735859,0.86,TFRC,TFRC,0.11735174,0.14285714285714285,CD8 T,B,0.74546885,0.0
ADAM10,ADAM10,0.76983654,0.8333333333333334,NOTCH2,NOTCH2,0.72093487,0.6881028938906752,Mono-NC,Mono-C,0.7453857,0.0
CALR,CALR,1.3386991,0.8281938325991189,LRP1,LRP1,0.15203843,0.23684210526315788,TRM,cDC2,0.7453688,0.005
HLA-DQA2,HLA-DQA2,0.68994284,0.5151515151515151,CD4,CD4,0.8007195,0.7290748898678414,Mono-NC,TRM,0.74533117,0.0
CD177,CD177,0.44877496,0.25925925925925924,PECAM1,PECAM1,1.0418698,0.8231511254019293,Treg,Mono-C,0.74532235,0.0
ADAM17,ADAM17,0.34113428,0.43612334801762115,ITGB1,ITGB1,1.14894,0.7136929460580913,TRM,NK-CD16+,0.74503714,0.0
CALR,CALR,0.7260937,0.6334405144694534,LRP1,LRP1,0.7638819,0.7400881057268722,Mono-C,TRM,0.74498785,0.003
CALR,CALR,0.9305456,0.8181818181818182,ITGAV,ITGAV,0.5585293,0.5748898678414097,Mono-NC,TRM,0.7445375,0.01
ADAM17,ADAM17,0.39984384,0.5151515151515151,ITGB1,ITGB1,1.0891075,0.6965944272445821,Mono-NC,NK-CD16-,0.74447566,0.0
ICAM1,ICAM1,0.15969443,0.21212121212121213,ITGAX,ITGAX_ITGB2,1.3290197,0.8370044052863436,Mono-NC,TRM,0.74435705,0.0
NAMPT,NAMPT,1.2987005,0.8181818181818182,INSR,INSR,0.18988392,0.2878787878787879,Mono-NC,Mono-NC,0.7442922,0.0
GNAI2,GNAI2,0.91576546,0.6207430340557275,S1PR5,S1PR5,0.57272816,0.45228215767634855,NK-CD16-,NK-CD16+,0.74424684,0.0
CIRBP,CIRBP,1.041552,0.7040816326530612,TREM1,TREM1,0.44684002,0.4694533762057878,γδ T,Mono-C,0.744196,0.0
CD14,CD14,0.76847064,0.4398496240601504,TLR4,TLR4,0.7193331,0.662379421221865,cDC2,Mono-C,0.74390185,0.0
BAG6,BAG6,0.14706534,0.14814814814814814,NCR3,NCR3,1.3405855,0.76,Treg,CD8 T,0.74382544,0.0
GNAI2,GNAI2,1.3294944,0.8298755186721992,S1PR1,S1PR1,0.1580485,0.15789473684210525,NK-CD16+,B,0.74377143,0.016
CD48,CD48,1.3384117,0.7478991596638656,CD244,CD244,0.14902529,0.19935691318327975,CD4 T,Mono-C,0.7437185,0.0
PLAT,PLAT,0.47695556,0.38,LRP1,LRP1,1.0102887,0.8360128617363344,CD8 T,Mono-C,0.7436221,0.0
LCK,LCK,1.3171462,0.8163265306122449,CD8A,CD8A_CD8B,0.17009616,0.11204481792717087,γδ T,CD4 T,0.7436212,0.0
TGFB1,TGFB1,1.3503319,0.7972136222910217,TGFBR1,TGFBR1_TGFBR2,0.13642497,0.21212121212121213,NK-CD16-,Mono-NC,0.74337846,0.003
CLEC2B,CLEC2B,0.26340762,0.2222222222222222,KLRF1,KLRF1,1.2231754,0.6182572614107884,Treg,NK-CD16+,0.7432915,0.009
ADAM10,ADAM10,0.76983654,0.8333333333333334,GPNMB,GPNMB,0.71647525,0.40308370044052866,Mono-NC,TRM,0.7431559,0.0
TNF,TNF,0.5083867,0.4444444444444444,TNFRSF1A,TNFRSF1A,0.9779132,0.8039647577092511,Treg,TRM,0.74314994,0.0
IL2,IL2,0.357467,0.22,CD53,CD53,1.1287597,0.8120300751879699,CD8 T,B,0.7431134,0.0
TIMP2,TIMP2,0.6657636,0.7272727272727273,ITGB1,ITGB1,0.8193306,0.7588424437299035,Mono-NC,Mono-C,0.7425471,0.0
GRN,GRN,1.3472822,0.9242424242424242,SORT1,SORT1,0.13779345,0.2556390977443609,Mono-NC,cDC2,0.7425378,0.0
CD59,CD59,0.14625815,0.1326530612244898,CD2,CD2,1.3383713,0.7136929460580913,γδ T,NK-CD16+,0.7423147,0.0
TGM2,TGM2,1.4282444,0.6057268722466961,ITGA9,ITGA9,0.056280013,0.10526315789473684,TRM,cDC2,0.7422622,0.0
HLA-DMB,HLA-DMB,1.1532631,0.7518796992481203,CD4,CD4,0.33111274,0.2801120448179272,B,CD4 T,0.7421879,0.0
TGFB1,TGFB1,1.1898917,0.8392070484581498,SDC2,SDC2,0.2943811,0.2577092511013216,TRM,TRM,0.7421364,0.0
IL16,IL16,0.59223366,0.484593837535014,CD4,CD4,0.89178056,0.7556270096463023,CD4 T,Mono-C,0.74200714,0.0
TGFB1,TGFB1,1.1898917,0.8392070484581498,LPP,LPP,0.29313895,0.3788546255506608,TRM,TRM,0.74151534,0.0
CD55,CD55,1.1657451,0.8484848484848485,CR1,CR1,0.31708542,0.3007518796992481,Mono-NC,B,0.74141526,0.0
CXCL16,CXCL16,0.38895267,0.46616541353383456,CXCR6,CXCR6,1.0927927,0.6296296296296297,cDC2,Treg,0.74087274,0.0
ICAM1,ICAM1,0.33819893,0.3788546255506608,IL2RG,IL2RG,1.1434076,0.7027863777089783,TRM,NK-CD16-,0.74080324,0.0
CD40LG,CD40LG,0.5116621,0.4117647058823529,CD53,CD53,0.96965307,0.6862745098039216,CD4 T,CD4 T,0.74065757,0.0
SPP1,SPP1,0.7100559,0.2555066079295154,ITGA5,ITGA5_ITGB1,0.77074647,0.6101321585903083,TRM,TRM,0.74040115,0.0
CD99,CD99,1.2895992,0.7848297213622291,PILRB,PILRB,0.19105348,0.18796992481203006,NK-CD16-,B,0.74032634,0.0
IL1B,IL1B,0.77821034,0.43612334801762115,SIGIRR,SIGIRR,0.7019428,0.5306122448979592,TRM,γδ T,0.74007654,0.0
TGFB1,TGFB1,1.3503319,0.7972136222910217,TGFBR1,TGFBR1_TGFBR2,0.12962475,0.12044817927170869,NK-CD16-,CD4 T,0.7399783,0.0
TGFB1,TGFB1,1.2064602,0.9242424242424242,TGFBR3,TGFBR3,0.2734932,0.23236514522821577,Mono-NC,NK-CD16+,0.7399767,0.0
TGFB1,TGFB1,1.1898917,0.8392070484581498,LPP,LPP,0.28998932,0.26,TRM,CD8 T,0.7399405,0.01
ICAM2,ICAM2,0.39511392,0.3360995850622407,ITGAL,ITGAL_ITGB2,1.0843605,0.9090909090909091,NK-CD16+,Mono-NC,0.7397372,0.0
GZMB,GZMB,0.9504289,0.44642857142857145,IGF2R,IGF2R,0.52877134,0.5305466237942122,γδ T,Mono-C,0.7396001,0.0
CIRBP,CIRBP,1.3343707,0.8148148148148148,TREM1,TREM1,0.144818,0.15151515151515152,Treg,Mono-NC,0.73959434,0.024
THBS1,THBS1,0.3429111,0.23788546255506607,CD47,CD47,1.1356851,0.7717842323651453,TRM,NK-CD16+,0.7392981,0.0
ANXA2,ANXA2,0.96594554,0.6581632653061225,TLR2,TLR2,0.51256245,0.6212121212121212,γδ T,Mono-NC,0.739254,0.001
F13A1,F13A1,0.38930294,0.3502202643171806,ITGB1,ITGB1,1.0891075,0.6965944272445821,TRM,NK-CD16-,0.73920524,0.0
ICAM3,ICAM3,1.0413592,0.7066326530612245,ITGAL,ITGAL,0.437027,0.37037037037037035,γδ T,Treg,0.7391931,0.029
TGFB1,TGFB1,1.1898917,0.8392070484581498,TGFBR1,TGFBR1_TGFBR2,0.2883065,0.381057268722467,TRM,TRM,0.7390991,0.0
BAG6,BAG6,0.13755105,0.12033195020746888,NCR3,NCR3,1.3405855,0.76,NK-CD16+,CD8 T,0.73906827,0.0
ICAM3,ICAM3,0.93318963,0.7142857142857143,ITGAL,ITGAL,0.5443839,0.5498392282958199,B,Mono-C,0.73878676,0.0
CD1D,CD1D,0.58350027,0.5980707395498392,LILRB2,LILRB2,0.89341325,0.7268722466960352,Mono-C,TRM,0.7384567,0.0
TGFB1,TGFB1,1.3503319,0.7972136222910217,ITGB5,ITGB5,0.12635961,0.1960352422907489,NK-CD16-,TRM,0.73834574,0.0
CCL3,CCL3,1.2443963,0.5959752321981424,CCR1,CCR1,0.23124483,0.3082706766917293,NK-CD16-,cDC2,0.73782057,0.0
CD55,CD55,1.0605979,0.7588424437299035,ADGRE5,ADGRE5,0.41455382,0.37815126050420167,Mono-C,CD4 T,0.7375759,0.0
ACTR2,ACTR2,0.94241387,0.7293233082706767,ADRB2,ADRB2,0.53259283,0.42323651452282157,B,NK-CD16+,0.73750335,0.001
ANXA2,ANXA2,0.8710724,0.6224066390041494,TLR2,TLR2,0.6037369,0.6079295154185022,NK-CD16+,TRM,0.73740464,0.002
APOE,APOE,1.4075412,0.4052863436123348,SCARB1,SCARB1,0.0672093,0.11894273127753303,TRM,TRM,0.73737526,0.0
TNF,TNF,0.07192662,0.14285714285714285,TNFRSF1B,TNFRSF1B,1.401767,0.8148148148148148,cDC2,Treg,0.7368468,0.0
LGALS9,LGALS9,1.0351217,0.9090909090909091,CD47,CD47,0.438202,0.5022026431718062,Mono-NC,TRM,0.73666185,0.0
VEGFA,VEGFA,1.2694507,0.6409691629955947,NRP2,NRP2,0.20378709,0.24669603524229075,TRM,TRM,0.7366189,0.0
CD40LG,CD40LG,0.3442081,0.24,CD53,CD53,1.1287597,0.8120300751879699,CD8 T,B,0.73648393,0.002
PTPN6,PTPN6,1.0553743,0.7593984962406015,CD300LF,CD300LF,0.41737768,0.43729903536977494,B,Mono-C,0.736376,0.0
CD55,CD55,0.8667511,0.6585903083700441,ADGRE5,ADGRE5,0.60591316,0.43653250773993807,TRM,NK-CD16-,0.7363321,0.0
SELPLG,SELPLG,0.5583068,0.44813278008298757,SELL,SELL,0.9139811,0.7234726688102894,NK-CD16+,Mono-C,0.73614395,0.0
TGFB1,TGFB1,1.3503319,0.7972136222910217,ENG,ENG,0.12184824,0.10644257703081232,NK-CD16-,CD4 T,0.73609006,0.0
CALR,CALR,1.3386991,0.8281938325991189,ITGAV,ITGAV,0.13333224,0.15755627009646303,TRM,Mono-C,0.7360157,0.0
CD55,CD55,0.8667511,0.6585903083700441,ADGRE2,ADGRE2,0.60515314,0.5401929260450161,TRM,Mono-C,0.73595214,0.0
ICAM1,ICAM1,0.33819893,0.3788546255506608,IL2RG,IL2RG,1.1336156,0.7634854771784232,TRM,NK-CD16+,0.73590726,0.0
TGFB1,TGFB1,1.0907497,0.8553054662379421,LPP,LPP,0.3808161,0.45454545454545453,Mono-C,Mono-NC,0.7357829,0.017
IL16,IL16,0.4130227,0.33195020746887965,CD4,CD4,1.0583234,0.7037037037037037,NK-CD16+,Treg,0.73567307,0.0
CCL2,CCL2,0.590091,0.2665198237885463,CCR1,CCR1,0.880954,0.7224669603524229,TRM,TRM,0.7355225,0.0
TOR2A,TOR2A,0.18943338,0.29955947136563876,ATP5F1B,ATP5F1B,1.279633,0.9545454545454546,TRM,Mono-NC,0.7345332,0.0
CALR,CALR,1.3386991,0.8281938325991189,ITGAV,ITGAV,0.13029556,0.22932330827067668,TRM,cDC2,0.7344973,0.0
VASP,VASP,1.3371221,0.8392070484581498,CXCR2,CXCR2,0.13101147,0.1078838174273859,TRM,NK-CD16+,0.7340668,0.0
BAG6,BAG6,0.12735814,0.12044817927170869,NCR3,NCR3,1.3405855,0.76,CD4 T,CD8 T,0.73397183,0.0
APOE,APOE,1.4075412,0.4052863436123348,LSR,LSR,0.05990023,0.10150375939849623,TRM,cDC2,0.7337207,0.0
CD47,CD47,0.74665785,0.5637755102040817,SIRPA,SIRPA,0.7202235,0.6960352422907489,γδ T,TRM,0.73344064,0.0
SIRPA,SIRPA,0.7202235,0.6960352422907489,CD47,CD47,0.74665785,0.5637755102040817,TRM,γδ T,0.73344064,0.0
IL16,IL16,0.57509,0.42879256965944273,CD4,CD4,0.89178056,0.7556270096463023,NK-CD16-,Mono-C,0.7334353,0.0
GNAI2,GNAI2,1.3294944,0.8298755186721992,UNC5B,UNC5B,0.13736078,0.22556390977443608,NK-CD16+,cDC2,0.7334276,0.016
ZG16B,ZG16B,0.13359676,0.18181818181818182,CXCR4,CXCR4,1.3327702,0.7744360902255639,Mono-NC,B,0.7331835,0.0
IL16,IL16,0.35509396,0.45454545454545453,CD9,CD9,1.1109124,0.5851393188854489,Mono-NC,NK-CD16-,0.7330032,0.0
RETN,RETN,0.19570571,0.18722466960352424,CAP1,CAP1,1.2699081,0.8008298755186722,TRM,NK-CD16+,0.7328069,0.0
TGFB1,TGFB1,1.3503319,0.7972136222910217,ACVR1B,ACVR1B_TGFBR2,0.11455071,0.14790996784565916,NK-CD16-,Mono-C,0.7324413,0.0
TGFB1,TGFB1,1.3503319,0.7972136222910217,ITGB5,ITGB5,0.11423527,0.18045112781954886,NK-CD16-,cDC2,0.7322836,0.0
VEGFA,VEGFA,0.31109628,0.26366559485530544,ITGB1,ITGB1,1.1527835,0.74,Mono-C,CD8 T,0.7319399,0.003
ICAM3,ICAM3,0.37935913,0.39097744360902253,ITGAL,ITGAL,1.0843605,0.9090909090909091,cDC2,Mono-NC,0.7318598,0.005
IL2,IL2,0.357467,0.22,CD53,CD53,1.1060241,0.72,CD8 T,CD8 T,0.7317456,0.005
TGFB1,TGFB1,1.1898917,0.8392070484581498,TGFBR3,TGFBR3,0.2734932,0.23236514522821577,TRM,NK-CD16+,0.73169243,0.0
LGALS3BP,LGALS3BP,0.26561338,0.31954887218045114,ITGB1,ITGB1,1.1977223,0.8568281938325991,cDC2,TRM,0.7316679,0.0
TGFB1,TGFB1,1.3503319,0.7972136222910217,ACVR1B,ACVR1B_TGFBR2,0.11226234,0.16519823788546256,NK-CD16-,TRM,0.73129714,0.0
FASLG,FASLG,0.4846578,0.37755102040816324,TNFRSF1A,TNFRSF1A,0.9779132,0.8039647577092511,γδ T,TRM,0.7312855,0.0
CALR,CALR,1.3386991,0.8281938325991189,ITGAV,ITGAV,0.12378688,0.14814814814814814,TRM,Treg,0.731243,0.008
LRPAP1,LRPAP1,0.45115834,0.3852040816326531,LRP1,LRP1,1.0102887,0.8360128617363344,γδ T,Mono-C,0.7307235,0.0
HLA-DQA1,HLA-DQA1,0.7005987,0.5016077170418006,CD4,CD4,0.7606554,0.6428571428571429,Mono-C,cDC2,0.73062706,0.0
IL1B,IL1B,0.8441269,0.4565916398713826,SIGIRR,SIGIRR,0.6169845,0.52,Mono-C,CD8 T,0.73055565,0.0
CIRBP,CIRBP,1.3158954,0.86,TREM1,TREM1,0.144818,0.15151515151515152,CD8 T,Mono-NC,0.7303567,0.008
GNAI2,GNAI2,1.3294944,0.8298755186721992,CXCR2,CXCR2,0.13101147,0.1078838174273859,NK-CD16+,NK-CD16+,0.7302529,0.019
SELPLG,SELPLG,0.37433174,0.29102167182662536,SELL,SELL,1.0858085,0.7368421052631579,NK-CD16-,B,0.7300701,0.0
VEGFA,VEGFA,0.31109628,0.26366559485530544,ITGB1,ITGB1,1.14894,0.7136929460580913,Mono-C,NK-CD16+,0.73001814,0.0
CD14,CD14,0.76847064,0.4398496240601504,ITGA4,ITGA4,0.6913513,0.5925925925925926,cDC2,Treg,0.72991097,0.01
ARF6,ARF6,1.074952,0.8148148148148148,SMAP1,SMAP1,0.38485685,0.3333333333333333,Treg,Treg,0.7299044,0.017
LGALS3,LGALS3,0.75502,0.5526315789473685,ENG,ENG,0.70372885,0.6453744493392071,cDC2,TRM,0.7293744,0.0
CD80,CD80,0.119809784,0.14814814814814814,CTLA4,CTLA4,1.3385537,0.7407407407407407,Treg,Treg,0.7291817,0.0
TGFB1,TGFB1,1.1898917,0.8392070484581498,ENG,ENG,0.2657711,0.3183279742765273,TRM,Mono-C,0.72783136,0.0
HLA-DQA2,HLA-DQA2,0.5102141,0.3954983922829582,CD4,CD4,0.9452533,0.8484848484848485,Mono-C,Mono-NC,0.72773373,0.0
CD40LG,CD40LG,0.3442081,0.24,CD9,CD9,1.1109124,0.5851393188854489,CD8 T,NK-CD16-,0.7275603,0.0
CD86,CD86,0.11622165,0.12781954887218044,CTLA4,CTLA4,1.3385537,0.7407407407407407,B,Treg,0.72738767,0.0
SIRPA,SIRPA,0.31892416,0.45864661654135336,CD47,CD47,1.1356851,0.7717842323651453,cDC2,NK-CD16+,0.72730464,0.0
CD47,CD47,1.1356851,0.7717842323651453,SIRPA,SIRPA,0.31892416,0.45864661654135336,NK-CD16+,cDC2,0.72730464,0.0
SIRPB2,SIRPB2,0.31865022,0.3536977491961415,CD47,CD47,1.1356851,0.7717842323651453,Mono-C,NK-CD16+,0.72716767,0.0
CD58,CD58,0.5036403,0.4074074074074074,CD2,CD2,0.9504105,0.52,Treg,CD8 T,0.7270254,0.032
PLAU,PLAU,0.36424682,0.4052863436123348,ITGB1,ITGB1,1.0891075,0.6965944272445821,TRM,NK-CD16-,0.7266772,0.0
CD58,CD58,0.1149221,0.11278195488721804,CD2,CD2,1.3383713,0.7136929460580913,B,NK-CD16+,0.72664666,0.0
ICAM1,ICAM1,0.33819893,0.3788546255506608,SPN,SPN,1.1130515,0.7136929460580913,TRM,NK-CD16+,0.7256252,0.0
ICAM4,ICAM4,0.25308305,0.30303030303030304,ITGB1,ITGB1,1.1977223,0.8568281938325991,Mono-NC,TRM,0.7254027,0.0
HLA-DQA2,HLA-DQA2,0.68994284,0.5151515151515151,CD4,CD4,0.7606554,0.6428571428571429,Mono-NC,cDC2,0.7252991,0.0
ICAM3,ICAM3,0.9058521,0.7620578778135049,ITGAL,ITGAL,0.5443839,0.5498392282958199,Mono-C,Mono-C,0.725118,0.0
CD40LG,CD40LG,0.3442081,0.24,CD53,CD53,1.1060241,0.72,CD8 T,CD8 T,0.72511613,0.031
F13A1,F13A1,0.36109623,0.3762057877813505,ITGB1,ITGB1,1.0891075,0.6965944272445821,Mono-C,NK-CD16-,0.7251019,0.0
TNFSF10,TNFSF10,0.93402314,0.6818181818181818,CCR6,CCR6,0.51606035,0.38,Mono-NC,CD8 T,0.72504175,0.0
NAMPT,NAMPT,0.6792021,0.5185185185185185,ITGA5,ITGA5_ITGB1,0.77074647,0.6101321585903083,Treg,TRM,0.7249743,0.0
CD55,CD55,1.1657451,0.8484848484848485,ADGRE5,ADGRE5,0.28384545,0.2962962962962963,Mono-NC,Treg,0.7247953,0.006
HLA-DMB,HLA-DMB,1.1184314,0.8167202572347267,CD4,CD4,0.33111274,0.2801120448179272,Mono-C,CD4 T,0.7247721,0.0
TIGIT,TIGIT,1.348636,0.8148148148148148,PVR,PVR,0.10072808,0.15151515151515152,Treg,Mono-NC,0.72468203,0.0
ACTR2,ACTR2,0.9165794,0.6479591836734694,ADRB2,ADRB2,0.53259283,0.42323651452282157,γδ T,NK-CD16+,0.7245861,0.0
SELPLG,SELPLG,0.36312357,0.29336734693877553,SELL,SELL,1.0858085,0.7368421052631579,γδ T,B,0.724466,0.0
S100A12,S100A12,0.09193885,0.10606060606060606,CD36,CD36,1.3569703,0.8713826366559485,Mono-NC,Mono-C,0.7244546,0.0
HLA-DQA1,HLA-DQA1,1.2642461,0.8484848484848485,LAG3,LAG3,0.1844943,0.15126050420168066,Mono-NC,CD4 T,0.7243702,0.001
CD59,CD59,0.10930789,0.12030075187969924,CD2,CD2,1.3383713,0.7136929460580913,B,NK-CD16+,0.7238396,0.0
ICAM3,ICAM3,0.36315802,0.3766519823788546,ITGAL,ITGAL,1.0843605,0.9090909090909091,TRM,Mono-NC,0.72375923,0.006
SPON2,SPON2,0.24908192,0.18,ITGB1,ITGB1,1.1977223,0.8568281938325991,CD8 T,TRM,0.72340214,0.0
FASLG,FASLG,0.64506274,0.46439628482972134,TNFRSF1A,TNFRSF1A,0.8014042,0.7234726688102894,NK-CD16-,Mono-C,0.72323346,0.0
LGALS9,LGALS9,1.0351217,0.9090909090909091,CD47,CD47,0.41050547,0.4855305466237942,Mono-NC,Mono-C,0.7228136,0.0
IL16,IL16,0.334567,0.3729903536977492,CD9,CD9,1.1109124,0.5851393188854489,Mono-C,NK-CD16-,0.7227397,0.0
TGFB1,TGFB1,1.1898917,0.8392070484581498,LPP,LPP,0.25542137,0.2074688796680498,TRM,NK-CD16+,0.72265655,0.003
PTPN6,PTPN6,1.0776117,0.8360128617363344,CD300LF,CD300LF,0.36763394,0.4251101321585903,Mono-C,TRM,0.7226228,0.0
CIRBP,CIRBP,0.9981893,0.6578947368421053,TREM1,TREM1,0.44684002,0.4694533762057878,NK-CD16-,Mono-C,0.7225146,0.0
ARF6,ARF6,1.074952,0.8148148148148148,SMAP1,SMAP1,0.36998785,0.3333333333333333,Treg,CD4 T,0.7224699,0.009
LRPAP1,LRPAP1,0.4337759,0.3949579831932773,LRP1,LRP1,1.0102887,0.8360128617363344,CD4 T,Mono-C,0.7220323,0.0
MIF,MIF,0.95702225,0.66,TNFRSF14,TNFRSF14,0.48630035,0.38589211618257263,CD8 T,NK-CD16+,0.7216613,0.0
CALR,CALR,1.3386991,0.8281938325991189,SCARF1,SCARF1,0.10408452,0.15859030837004406,TRM,TRM,0.7213918,0.0
CD55,CD55,1.1657451,0.8484848484848485,ADGRE5,ADGRE5,0.27659565,0.24060150375939848,Mono-NC,B,0.7211704,0.0
HLA-F,HLA-F,0.8053414,0.7731277533039648,LILRB1,LILRB1,0.6366831,0.6141479099678456,TRM,Mono-C,0.72101223,0.0
CXCL16,CXCL16,0.34920648,0.3633440514469453,CXCR6,CXCR6,1.0927927,0.6296296296296297,Mono-C,Treg,0.7209996,0.0
ADAM15,ADAM15,0.35220286,0.40514469453376206,ITGB1,ITGB1,1.0891075,0.6965944272445821,Mono-C,NK-CD16-,0.7206552,0.0
HLA-DRB5,HLA-DRB5,1.2568141,0.6945337620578779,LAG3,LAG3,0.1844943,0.15126050420168066,Mono-C,CD4 T,0.7206542,0.0
TGFB1,TGFB1,1.0907497,0.8553054662379421,LPP,LPP,0.35053685,0.37942122186495175,Mono-C,Mono-C,0.7206433,0.005
TGFB1,TGFB1,1.3503319,0.7972136222910217,ACVR1,ACVR1_TGFBR1_TGFBR2,0.090866275,0.14977973568281938,NK-CD16-,TRM,0.7205991,0.0
TGFB1,TGFB1,1.3503319,0.7972136222910217,ACVR1,ACVR1_TGFBR2,0.090866275,0.14977973568281938,NK-CD16-,TRM,0.7205991,0.0
IL2,IL2,0.357467,0.22,IL2RB,IL2RB_IL2RG,1.0830096,0.7777777777777778,CD8 T,Treg,0.7202383,0.0
ADAM10,ADAM10,0.76983654,0.8333333333333334,AXL,AXL,0.6706365,0.5263157894736842,Mono-NC,cDC2,0.72023654,0.0
IL2,IL2,0.357467,0.22,CD53,CD53,1.0827756,0.7012383900928792,CD8 T,NK-CD16-,0.72012126,0.0
CD59,CD59,0.48945206,0.4074074074074074,CD2,CD2,0.9504105,0.52,Treg,CD8 T,0.71993124,0.006
ICAM3,ICAM3,0.8952916,0.6145510835913313,ITGAL,ITGAL,0.5443839,0.5498392282958199,NK-CD16-,Mono-C,0.7198378,0.0
HLA-DOB,HLA-DOB,0.54773015,0.47368421052631576,CD4,CD4,0.89178056,0.7556270096463023,B,Mono-C,0.71975535,0.0
LGALS9,LGALS9,1.0351217,0.9090909090909091,CD47,CD47,0.40409848,0.37037037037037035,Mono-NC,Treg,0.7196101,0.003
MMP9,MMP9,0.3595086,0.19383259911894274,CD44,CD44,1.0796558,0.7254901960784313,TRM,CD4 T,0.7195822,0.0
TNFSF12,TNFSF12,0.8168387,0.6,CD163,CD163,0.6218418,0.5594855305466238,CD8 T,Mono-C,0.7193402,0.0
ADAM15,ADAM15,0.24094445,0.3392070484581498,ITGB1,ITGB1,1.1977223,0.8568281938325991,TRM,TRM,0.7193334,0.0
FN1,FN1,0.23371491,0.1299559471365639,C5AR1,C5AR1,1.2045323,0.9242424242424242,TRM,Mono-NC,0.7191236,0.0
IL2,IL2,0.357467,0.22,CD53,CD53,1.0807643,0.8231511254019293,CD8 T,Mono-C,0.7191156,0.0
SIRPA,SIRPA,0.7202235,0.6960352422907489,CD47,CD47,0.7175519,0.5742296918767507,TRM,CD4 T,0.7188877,0.0
CD47,CD47,0.7175519,0.5742296918767507,SIRPA,SIRPA,0.7202235,0.6960352422907489,CD4 T,TRM,0.7188877,0.0
LGALS9,LGALS9,1.0351217,0.9090909090909091,HAVCR2,HAVCR2,0.402509,0.5303030303030303,Mono-NC,Mono-NC,0.7188153,0.0
IL1B,IL1B,0.8441269,0.4565916398713826,SIGIRR,SIGIRR,0.5935004,0.456656346749226,Mono-C,NK-CD16-,0.71881366,0.0
TNFSF13B,TNFSF13B,1.1212561,0.8167202572347267,TFRC,TFRC,0.31630236,0.3787878787878788,Mono-C,Mono-NC,0.7187792,0.0
LRPAP1,LRPAP1,0.6734038,0.7272727272727273,LRP1,LRP1,0.7638819,0.7400881057268722,Mono-NC,TRM,0.71864283,0.0
THBS1,THBS1,0.4268466,0.2797427652733119,LRP1,LRP1,1.0102887,0.8360128617363344,Mono-C,Mono-C,0.71856767,0.0
SEMA4D,SEMA4D,0.6669683,0.4628482972136223,PLXNB2,PLXNB2,0.7697096,0.803030303030303,NK-CD16-,Mono-NC,0.71833897,0.0
TOR2A,TOR2A,0.15690121,0.14,ATP5F1B,ATP5F1B,1.279633,0.9545454545454546,CD8 T,Mono-NC,0.71826714,0.0
CD14,CD14,0.76847064,0.4398496240601504,ITGA4,ITGA4,0.66753775,0.4979253112033195,cDC2,NK-CD16+,0.7180042,0.0
NECTIN2,NECTIN2,0.08735202,0.1157556270096463,TIGIT,TIGIT,1.348636,0.8148148148148148,Mono-C,Treg,0.71799403,0.0
TIGIT,TIGIT,1.348636,0.8148148148148148,NECTIN2,NECTIN2,0.08735202,0.1157556270096463,Treg,Mono-C,0.71799403,0.0
IL2,IL2,0.357467,0.22,CD53,CD53,1.0784515,0.7142857142857143,CD8 T,cDC2,0.7179593,0.0
TNFSF13B,TNFSF13B,0.5918427,0.5616740088105727,CD40,CD40,0.8423143,0.631578947368421,TRM,B,0.7170785,0.0
ICAM3,ICAM3,0.9703577,0.6918767507002801,ITGAL,ITGAL,0.46330258,0.3498452012383901,CD4 T,NK-CD16-,0.71683013,0.0
S100A12,S100A12,0.9182544,0.4977973568281938,TLR4,TLR4,0.51519525,0.6060606060606061,TRM,Mono-NC,0.7167248,0.0
TNFSF13B,TNFSF13B,1.1212561,0.8167202572347267,TNFRSF13B,TNFRSF13B,0.31149745,0.18518518518518517,Mono-C,Treg,0.7163768,0.0
ARPC5,ARPC5,1.3271196,0.7800829875518672,LDLR,LDLR,0.10507937,0.13504823151125403,NK-CD16+,Mono-C,0.7160995,0.038
LGALS9,LGALS9,0.84653074,0.7652733118971061,CD47,CD47,0.584772,0.44,Mono-C,CD8 T,0.7156514,0.0
TNFSF13B,TNFSF13B,1.1212561,0.8167202572347267,CD40,CD40,0.3098617,0.3684210526315789,Mono-C,cDC2,0.7155589,0.0
MMP9,MMP9,0.3595086,0.19383259911894274,CD44,CD44,1.0712655,0.6658163265306123,TRM,γδ T,0.71538705,0.002
ADAM17,ADAM17,0.34113428,0.43612334801762115,ITGB1,ITGB1,1.0891075,0.6965944272445821,TRM,NK-CD16-,0.7151209,0.0
TIMP2,TIMP2,0.46746552,0.518796992481203,ITGB1,ITGB1,0.96273524,0.8636363636363636,cDC2,Mono-NC,0.7151004,0.024
ARF6,ARF6,0.85949427,0.6224489795918368,SMAP1,SMAP1,0.57048416,0.48,γδ T,CD8 T,0.7149892,0.0
CLEC11A,CLEC11A,0.23171917,0.2744360902255639,ITGB1,ITGB1,1.1977223,0.8568281938325991,cDC2,TRM,0.7147207,0.0
TGFB1,TGFB1,0.725409,0.6428571428571429,ENG,ENG,0.70372885,0.6453744493392071,cDC2,TRM,0.7145689,0.013
ADAM10,ADAM10,0.67234373,0.6655948553054662,IL6R,IL6R,0.75482005,0.6945337620578779,Mono-C,Mono-C,0.7135819,0.0
CD40LG,CD40LG,0.3442081,0.24,CD53,CD53,1.0827756,0.7012383900928792,CD8 T,NK-CD16-,0.71349186,0.004
CALR,CALR,0.867899,0.6616541353383458,ITGAV,ITGAV,0.5585293,0.5748898678414097,B,TRM,0.71321416,0.008
CCL3,CCL3,1.2443963,0.5959752321981424,CCR1,CCR1,0.18202607,0.14860681114551083,NK-CD16-,NK-CD16-,0.7132112,0.0
CD99,CD99,1.0804802,0.7507002801120448,PILRB,PILRB,0.34492552,0.2987551867219917,CD4 T,NK-CD16+,0.7127029,0.0
CD40LG,CD40LG,0.3442081,0.24,CD53,CD53,1.0807643,0.8231511254019293,CD8 T,Mono-C,0.7124862,0.004
MIF,MIF,0.95702225,0.66,TNFRSF14,TNFRSF14,0.46767053,0.43609022556390975,CD8 T,B,0.7123464,0.0
HLA-DQA2,HLA-DQA2,1.0928336,0.5601503759398496,CD4,CD4,0.33111274,0.2801120448179272,cDC2,CD4 T,0.7119732,0.0
PTPN6,PTPN6,1.0553743,0.7593984962406015,CD300LF,CD300LF,0.36763394,0.4251101321585903,B,TRM,0.7115041,0.0
NAMPT,NAMPT,1.2987005,0.8181818181818182,ITGA5,ITGA5_ITGB1,0.12419133,0.22932330827067668,Mono-NC,cDC2,0.71144587,0.0
IL16,IL16,0.6221161,0.5,CD4,CD4,0.8007195,0.7290748898678414,CD8 T,TRM,0.7114178,0.0
CALR,CALR,1.3386991,0.8281938325991189,SCARF1,SCARF1,0.08411578,0.14661654135338345,TRM,cDC2,0.7114074,0.0
CD40LG,CD40LG,0.3442081,0.24,CD53,CD53,1.0784515,0.7142857142857143,CD8 T,cDC2,0.7113298,0.002
ICAM1,ICAM1,0.33819893,0.3788546255506608,ITGAL,ITGAL_ITGB2,1.0843605,0.9090909090909091,TRM,Mono-NC,0.7112797,0.0
ADAM17,ADAM17,0.459285,0.48231511254019294,ITGB1,ITGB1,0.96273524,0.8636363636363636,Mono-C,Mono-NC,0.7110101,0.0
RETN,RETN,0.1510014,0.19696969696969696,CAP1,CAP1,1.2699081,0.8008298755186722,Mono-NC,NK-CD16+,0.7104547,0.0
ZG16B,ZG16B,0.374383,0.32,CXCR4,CXCR4,1.0455099,0.5637755102040817,CD8 T,γδ T,0.70994645,0.0
ARF6,ARF6,1.074952,0.8148148148148148,SMAP1,SMAP1,0.34457767,0.29591836734693877,Treg,γδ T,0.70976484,0.01
TGS1,TGS1,0.28139538,0.25,RXRA,RXRA,1.1376562,0.9090909090909091,γδ T,Mono-NC,0.7095258,0.0
ADAM15,ADAM15,0.22107957,0.25757575757575757,ITGB1,ITGB1,1.1977223,0.8568281938325991,Mono-NC,TRM,0.70940095,0.0
CALR,CALR,1.3386991,0.8281938325991189,ITGAV,ITGAV,0.079938605,0.13636363636363635,TRM,Mono-NC,0.7093189,0.002
CKLF,CKLF,0.93158865,0.7845659163987139,CCR4,CCR4,0.48696607,0.4074074074074074,Mono-C,Treg,0.7092774,0.0
LGALS3BP,LGALS3BP,0.26561338,0.31954887218045114,ITGB1,ITGB1,1.1527835,0.74,cDC2,CD8 T,0.7091985,0.0
CD99,CD99,1.2895992,0.7848297213622291,PILRB,PILRB,0.12873712,0.12,NK-CD16-,CD8 T,0.70916814,0.01
TNFSF10,TNFSF10,1.0840671,0.7717041800643086,CCR6,CCR6,0.33357057,0.3233082706766917,Mono-C,B,0.70881885,0.0
FABP5,FABP5,0.2793515,0.18518518518518517,RXRA,RXRA,1.1376562,0.9090909090909091,Treg,Mono-NC,0.70850384,0.0
ADAM9,ADAM9,0.4540225,0.526431718061674,ITGB1,ITGB1,0.96273524,0.8636363636363636,TRM,Mono-NC,0.70837885,0.0
GZMB,GZMB,0.9504289,0.44642857142857145,IGF2R,IGF2R,0.4662221,0.3775933609958506,γδ T,NK-CD16+,0.7083255,0.0
CD40LG,CD40LG,0.16607237,0.18518518518518517,CD53,CD53,1.250519,0.7717842323651453,Treg,NK-CD16+,0.7082957,0.042
HLA-F,HLA-F,0.906024,0.6207430340557275,CD8B,CD8B,0.51036483,0.3153526970954357,NK-CD16-,NK-CD16+,0.7081944,0.001
TOR2A,TOR2A,0.13663022,0.11989795918367346,ATP5F1B,ATP5F1B,1.279633,0.9545454545454546,γδ T,Mono-NC,0.7081316,0.0
CALR,CALR,1.2827677,0.7676348547717843,ITGAV,ITGAV,0.13333224,0.15755627009646303,NK-CD16+,Mono-C,0.70804995,0.002
HBEGF,HBEGF,0.30517185,0.2057877813504823,CD9,CD9,1.1109124,0.5851393188854489,Mono-C,NK-CD16-,0.70804214,0.0
ADAM10,ADAM10,0.76983654,0.8333333333333334,NOTCH2,NOTCH2,0.64599603,0.7121212121212122,Mono-NC,Mono-NC,0.70791626,0.0
HBEGF,HBEGF,0.30462474,0.2878787878787879,CD9,CD9,1.1109124,0.5851393188854489,Mono-NC,NK-CD16-,0.70776856,0.0
VCAN,VCAN,0.5012526,0.42424242424242425,SELL,SELL,0.9139811,0.7234726688102894,Mono-NC,Mono-C,0.7076168,0.0
APOE,APOE,0.3226691,0.20676691729323307,SORL1,SORL1,1.0923309,0.8102893890675241,cDC2,Mono-C,0.7075,0.0
CD55,CD55,0.8667511,0.6585903083700441,ADGRE5,ADGRE5,0.54786426,0.552863436123348,TRM,TRM,0.7073077,0.0
PTPN6,PTPN6,0.7626841,0.6578947368421053,CD300LF,CD300LF,0.65190804,0.6818181818181818,cDC2,Mono-NC,0.7072961,0.0
LGALS3BP,LGALS3BP,0.26561338,0.31954887218045114,ITGB1,ITGB1,1.14894,0.7136929460580913,cDC2,NK-CD16+,0.7072767,0.0
IL16,IL16,0.35509396,0.45454545454545453,CD4,CD4,1.0583234,0.7037037037037037,Mono-NC,Treg,0.70670867,0.0
PTPN6,PTPN6,1.0776117,0.8360128617363344,CLEC12A,CLEC12A,0.3357166,0.3876651982378855,Mono-C,TRM,0.70666414,0.0
LGALS3BP,LGALS3BP,0.21553737,0.2511013215859031,ITGB1,ITGB1,1.1977223,0.8568281938325991,TRM,TRM,0.7066299,0.0
CALR,CALR,1.2827677,0.7676348547717843,ITGAV,ITGAV,0.13029556,0.22932330827067668,NK-CD16+,cDC2,0.7065316,0.003
LRPAP1,LRPAP1,0.32044557,0.3233082706766917,SORL1,SORL1,1.0923309,0.8102893890675241,B,Mono-C,0.70638824,0.0
HLA-DQA2,HLA-DQA2,1.0928336,0.5601503759398496,LAG3,LAG3,0.31858182,0.18518518518518517,cDC2,Treg,0.7057077,0.0
CD55,CD55,1.0605979,0.7588424437299035,ADGRE5,ADGRE5,0.3507167,0.3,Mono-C,CD8 T,0.7056573,0.0
HLA-DQA2,HLA-DQA2,0.8478521,0.5462555066079295,LAG3,LAG3,0.5634088,0.41836734693877553,TRM,γδ T,0.7056304,0.0
TGFB1,TGFB1,1.1898917,0.8392070484581498,LPP,LPP,0.22014976,0.18112244897959184,TRM,γδ T,0.7050207,0.01
IL16,IL16,0.60916126,0.4770408163265306,CD4,CD4,0.8007195,0.7290748898678414,γδ T,TRM,0.7049404,0.0
CCL3,CCL3,0.5284874,0.2946058091286307,CCR1,CCR1,0.880954,0.7224669603524229,NK-CD16+,TRM,0.70472074,0.0
CCL3,CCL3,1.2443963,0.5959752321981424,CCR5,CCR5,0.16453725,0.2669172932330827,NK-CD16-,cDC2,0.7044668,0.0
TGFB1,TGFB1,1.0907497,0.8553054662379421,ENG,ENG,0.3172815,0.40601503759398494,Mono-C,cDC2,0.7040156,0.031
HLA-DMB,HLA-DMB,0.46199447,0.5,CD4,CD4,0.9452533,0.8484848484848485,Mono-NC,Mono-NC,0.7036239,0.0
ICAM4,ICAM4,0.25308305,0.30303030303030304,ITGB1,ITGB1,1.1527835,0.74,Mono-NC,CD8 T,0.7029333,0.0
FN1,FN1,0.23371491,0.1299559471365639,C5AR1,C5AR1,1.1721296,0.7180616740088106,TRM,TRM,0.7029223,0.0
CD55,CD55,1.0605979,0.7588424437299035,CR1,CR1,0.3438843,0.35691318327974275,Mono-C,Mono-C,0.70224106,0.0
SIRPA,SIRPA,0.62366134,0.617363344051447,CD47,CD47,0.78074646,0.6390977443609023,Mono-C,B,0.70220387,0.0
CD47,CD47,0.78074646,0.6390977443609023,SIRPA,SIRPA,0.62366134,0.617363344051447,B,Mono-C,0.70220387,0.0
CCL20,CCL20,0.72674614,0.48,CXCR3,CXCR3,0.67741656,0.4923469387755102,CD8 T,γδ T,0.7020813,0.0
LGALS3,LGALS3,0.6997166,0.48148148148148145,ENG,ENG,0.70372885,0.6453744493392071,Treg,TRM,0.70172274,0.01
ARF6,ARF6,0.83286387,0.6390041493775933,SMAP1,SMAP1,0.57048416,0.48,NK-CD16+,CD8 T,0.701674,0.0
NAMPT,NAMPT,1.2987005,0.8181818181818182,ITGA5,ITGA5_ITGB1,0.10447823,0.16666666666666666,Mono-NC,Mono-NC,0.70158935,0.0
CIRBP,CIRBP,1.3343707,0.8148148148148148,TREM1,TREM1,0.06860728,0.10150375939849623,Treg,cDC2,0.70148903,0.049
MIF,MIF,0.95702225,0.66,TNFRSF14,TNFRSF14,0.44593257,0.3949579831932773,CD8 T,CD4 T,0.7014774,0.0
VEGFA,VEGFA,1.2694507,0.6409691629955947,ITGAV,ITGAV,0.13333224,0.15755627009646303,TRM,Mono-C,0.70139146,0.0
CLEC2B,CLEC2B,1.0688573,0.74,KLRF1,KLRF1,0.33376342,0.20278637770897834,CD8 T,NK-CD16-,0.7013104,0.003
TGFB1,TGFB1,1.1898917,0.8392070484581498,TGFBR1,TGFBR1_TGFBR2,0.21265137,0.1836734693877551,TRM,γδ T,0.70127153,0.008
ICAM4,ICAM4,0.25308305,0.30303030303030304,ITGB1,ITGB1,1.14894,0.7136929460580913,Mono-NC,NK-CD16+,0.70101154,0.0
HLA-DQA2,HLA-DQA2,0.5102141,0.3954983922829582,CD4,CD4,0.89178056,0.7556270096463023,Mono-C,Mono-C,0.70099735,0.0
SPON2,SPON2,0.24908192,0.18,ITGB1,ITGB1,1.1527835,0.74,CD8 T,CD8 T,0.70093274,0.009
TGM2,TGM2,0.20374848,0.15151515151515152,ITGB1,ITGB1,1.1977223,0.8568281938325991,Mono-NC,TRM,0.7007354,0.011
SPP1,SPP1,0.7100559,0.2555066079295154,ITGA4,ITGA4_ITGB1,0.6913513,0.5925925925925926,TRM,Treg,0.7007036,0.0
SEMA4A,SEMA4A,0.3511191,0.4212218649517685,LILRB2,LILRB2,1.0501987,0.7909967845659164,Mono-C,Mono-C,0.7006589,0.0
HLA-DRB5,HLA-DRB5,0.3428786,0.27385892116182575,CD4,CD4,1.0583234,0.7037037037037037,NK-CD16+,Treg,0.700601,0.032
CD99,CD99,1.2895992,0.7848297213622291,PILRB,PILRB,0.11076467,0.11484593837535013,NK-CD16-,CD4 T,0.7001819,0.0
VEGFA,VEGFA,0.31109628,0.26366559485530544,ITGB1,ITGB1,1.0891075,0.6965944272445821,Mono-C,NK-CD16-,0.7001019,0.0
VEGFA,VEGFA,1.2694507,0.6409691629955947,ITGAV,ITGAV,0.13029556,0.22932330827067668,TRM,cDC2,0.6998731,0.0
CCL3,CCL3,1.2443963,0.5959752321981424,CCR5,CCR5,0.15471545,0.1400560224089636,NK-CD16-,CD4 T,0.6995559,0.0
CD55,CD55,1.1657451,0.8484848484848485,CR1,CR1,0.23274004,0.2665198237885463,Mono-NC,TRM,0.6992426,0.0
SPON2,SPON2,0.24908192,0.18,ITGB1,ITGB1,1.14894,0.7136929460580913,CD8 T,NK-CD16+,0.69901097,0.001
VEGFA,VEGFA,0.2002169,0.18,ITGB1,ITGB1,1.1977223,0.8568281938325991,CD8 T,TRM,0.6989696,0.01
ARF6,ARF6,1.074952,0.8148148148148148,SMAP1,SMAP1,0.32273948,0.4393939393939394,Treg,Mono-NC,0.69884574,0.009
TNFSF12,TNFSF12,0.44976926,0.38375350140056025,TNFRSF25,TNFRSF25,0.94785535,0.66,CD4 T,CD8 T,0.6988123,0.0
RTN4,RTN4,1.3181567,0.9090909090909091,S1PR2,S1PR2,0.07879539,0.1111111111111111,Mono-NC,Treg,0.6984761,0.0
TGFB1,TGFB1,1.1898917,0.8392070484581498,TGFBR1,TGFBR1_TGFBR2,0.20684367,0.29699248120300753,TRM,cDC2,0.6983677,0.01
LGALS3,LGALS3,0.83324724,0.5331632653061225,LAG3,LAG3,0.5634088,0.41836734693877553,γδ T,γδ T,0.698328,0.0
ICAM3,ICAM3,0.93318963,0.7142857142857143,ITGAL,ITGAL,0.46330258,0.3498452012383901,B,NK-CD16-,0.6982461,0.006
IL16,IL16,0.45075288,0.42105263157894735,CD4,CD4,0.9452533,0.8484848484848485,B,Mono-NC,0.6980031,0.0
CLEC2B,CLEC2B,1.0621762,0.7261410788381742,KLRF1,KLRF1,0.33376342,0.20278637770897834,NK-CD16+,NK-CD16-,0.6979698,0.0
SELPLG,SELPLG,0.5583068,0.44813278008298757,ITGAM,ITGAM,0.8371364,0.729903536977492,NK-CD16+,Mono-C,0.6977216,0.0
APP,APP,0.3850643,0.34,LRP1,LRP1,1.0102887,0.8360128617363344,CD8 T,Mono-C,0.69767654,0.0
IL1B,IL1B,0.77821034,0.43612334801762115,SIGIRR,SIGIRR,0.6169845,0.52,TRM,CD8 T,0.6975974,0.0
CCL20,CCL20,0.71738446,0.48148148148148145,CXCR3,CXCR3,0.67741656,0.4923469387755102,Treg,γδ T,0.6974005,0.0
CD99,CD99,1.2895992,0.7848297213622291,PILRB,PILRB,0.10421776,0.14790996784565916,NK-CD16-,Mono-C,0.6969085,0.0
ADAM15,ADAM15,0.24094445,0.3392070484581498,ITGB1,ITGB1,1.1527835,0.74,TRM,CD8 T,0.696864,0.0
ADAM10,ADAM10,0.67234373,0.6655948553054662,NOTCH2,NOTCH2,0.72093487,0.6881028938906752,Mono-C,Mono-C,0.6966393,0.0
VEGFA,VEGFA,1.2694507,0.6409691629955947,ITGAV,ITGAV,0.12378688,0.14814814814814814,TRM,Treg,0.6966188,0.0
ICAM1,ICAM1,0.33819893,0.3788546255506608,IL2RG,IL2RG,1.0547692,0.7168367346938775,TRM,γδ T,0.696484,0.0
IL16,IL16,0.59223366,0.484593837535014,CD4,CD4,0.8007195,0.7290748898678414,CD4 T,TRM,0.6964766,0.0
IL16,IL16,0.334567,0.3729903536977492,CD4,CD4,1.0583234,0.7037037037037037,Mono-C,Treg,0.6964452,0.0
C3,C3,0.52352124,0.29515418502202645,ITGAX,ITGAX,0.86921126,0.8333333333333334,TRM,Mono-NC,0.69636625,0.0
CXCL16,CXCL16,0.87628204,0.7599118942731278,CXCR6,CXCR6,0.5163077,0.36134453781512604,TRM,CD4 T,0.6962949,0.0
HLA-F,HLA-F,0.906024,0.6207430340557275,LILRB1,LILRB1,0.48631135,0.5176211453744494,NK-CD16-,TRM,0.69616765,0.0
VASP,VASP,1.2602537,0.8938906752411575,CXCR2,CXCR2,0.13101147,0.1078838174273859,Mono-C,NK-CD16+,0.6956326,0.0
CD55,CD55,1.0605979,0.7588424437299035,ADGRE5,ADGRE5,0.33054128,0.41729323308270677,Mono-C,cDC2,0.6955696,0.0
PTPN6,PTPN6,1.0553743,0.7593984962406015,CLEC12A,CLEC12A,0.3357166,0.3876651982378855,B,TRM,0.69554543,0.0
ADAM15,ADAM15,0.24094445,0.3392070484581498,ITGB1,ITGB1,1.14894,0.7136929460580913,TRM,NK-CD16+,0.69494224,0.0
ICOSLG,ICOSLG,0.050558623,0.10902255639097744,CTLA4,CTLA4,1.3385537,0.7407407407407407,cDC2,Treg,0.6945561,0.0
LGALS9,LGALS9,0.84653074,0.7652733118971061,CD47,CD47,0.5424275,0.5939849624060151,Mono-C,cDC2,0.6944791,0.0
ADAM10,ADAM10,0.67234373,0.6655948553054662,GPNMB,GPNMB,0.71647525,0.40308370044052866,Mono-C,TRM,0.6944095,0.0
IL16,IL16,0.6221161,0.5,CD9,CD9,0.7663731,0.5154185022026432,CD8 T,TRM,0.6942446,0.0
MIF,MIF,0.95702225,0.66,TNFRSF14,TNFRSF14,0.43101996,0.4790996784565916,CD8 T,Mono-C,0.6940211,0.0
CD99,CD99,1.2895992,0.7848297213622291,CD99L2,CD99L2,0.09785482,0.15151515151515152,NK-CD16-,Mono-NC,0.693727,0.0
TGFB1,TGFB1,1.1898917,0.8392070484581498,LPP,LPP,0.19721772,0.17182662538699692,TRM,NK-CD16-,0.6935547,0.035
LGALS9,LGALS9,0.8022431,0.6879699248120301,CD47,CD47,0.584772,0.44,cDC2,CD8 T,0.69350755,0.0
CALR,CALR,1.2827677,0.7676348547717843,SCARF1,SCARF1,0.10408452,0.15859030837004406,NK-CD16+,TRM,0.6934261,0.0
RTN4,RTN4,1.3181567,0.9090909090909091,S1PR2,S1PR2,0.06845517,0.15789473684210525,Mono-NC,cDC2,0.69330597,0.0
TGFB1,TGFB1,1.0907497,0.8553054662379421,SDC2,SDC2,0.2943811,0.2577092511013216,Mono-C,TRM,0.69256544,0.0
CD99,CD99,1.0804802,0.7507002801120448,PILRB,PILRB,0.30456108,0.24922600619195046,CD4 T,NK-CD16-,0.6925206,0.001
TNFSF13B,TNFSF13B,1.1212561,0.8167202572347267,TFRC,TFRC,0.2637421,0.2973568281938326,Mono-C,TRM,0.6924991,0.0
CIRBP,CIRBP,1.3158954,0.86,TREM1,TREM1,0.06860728,0.10150375939849623,CD8 T,cDC2,0.6922514,0.028
CLEC11A,CLEC11A,0.23171917,0.2744360902255639,ITGB1,ITGB1,1.1527835,0.74,cDC2,CD8 T,0.6922513,0.0
CALR,CALR,1.2507865,0.7255639097744361,ITGAV,ITGAV,0.13333224,0.15755627009646303,cDC2,Mono-C,0.6920594,0.003
CD99,CD99,1.2895992,0.7848297213622291,PILRB,PILRB,0.09447523,0.18796992481203006,NK-CD16-,cDC2,0.6920372,0.0
SELPLG,SELPLG,0.29787472,0.28291316526610644,SELL,SELL,1.0858085,0.7368421052631579,CD4 T,B,0.6918416,0.0
TNFSF12,TNFSF12,0.4358098,0.3494897959183674,TNFRSF25,TNFRSF25,0.94785535,0.66,γδ T,CD8 T,0.69183254,0.0
CD55,CD55,1.1657451,0.8484848484848485,CR1,CR1,0.21769552,0.2727272727272727,Mono-NC,Mono-NC,0.6917203,0.0
VEGFA,VEGFA,1.2694507,0.6409691629955947,SIRPA,SIRPA,0.113880225,0.16666666666666666,TRM,Mono-NC,0.6916655,0.0
SELPLG,SELPLG,0.46913132,0.47266881028938906,SELL,SELL,0.9139811,0.7234726688102894,Mono-C,Mono-C,0.6915562,0.0
IL16,IL16,0.6221161,0.5,CD4,CD4,0.7606554,0.6428571428571429,CD8 T,cDC2,0.69138575,0.0
LGALS9,LGALS9,0.84653074,0.7652733118971061,CD47,CD47,0.5359284,0.4148606811145511,Mono-C,NK-CD16-,0.6912296,0.0
PTPN6,PTPN6,0.73054206,0.7136563876651982,CD300LF,CD300LF,0.65190804,0.6818181818181818,TRM,Mono-NC,0.69122505,0.0
ST6GAL1,ST6GAL1,0.4966913,0.45112781954887216,CD22,CD22,0.88546044,0.6390977443609023,B,B,0.69107586,0.0
ARF6,ARF6,1.074952,0.8148148148148148,SMAP1,SMAP1,0.30665138,0.2572614107883817,Treg,NK-CD16+,0.6908017,0.019
ADAM9,ADAM9,0.18362345,0.2556390977443609,ITGB1,ITGB1,1.1977223,0.8568281938325991,cDC2,TRM,0.6906729,0.0
CALR,CALR,1.2507865,0.7255639097744361,ITGAV,ITGAV,0.13029556,0.22932330827067668,cDC2,cDC2,0.690541,0.009
ACTR2,ACTR2,1.1547889,0.7218045112781954,ADRB2,ADRB2,0.22599342,0.25757575757575757,cDC2,Mono-NC,0.6903911,0.007
CLEC11A,CLEC11A,0.23171917,0.2744360902255639,ITGB1,ITGB1,1.14894,0.7136929460580913,cDC2,NK-CD16+,0.69032955,0.0
ARF6,ARF6,1.074952,0.8148148148148148,SMAP1,SMAP1,0.30451304,0.24613003095975233,Treg,NK-CD16-,0.68973255,0.016
HBEGF,HBEGF,0.91429305,0.5726872246696035,CD9,CD9,0.4647885,0.38345864661654133,TRM,cDC2,0.68954074,0.0
TGFB1,TGFB1,1.0907497,0.8553054662379421,TGFBR1,TGFBR1_TGFBR2,0.2883065,0.381057268722467,Mono-C,TRM,0.6895281,0.043
ARF6,ARF6,1.074952,0.8148148148148148,SMAP1,SMAP1,0.30401206,0.3440514469453376,Treg,Mono-C,0.68948203,0.019
IL16,IL16,0.26804468,0.40225563909774437,CD9,CD9,1.1109124,0.5851393188854489,cDC2,NK-CD16-,0.6894786,0.0
CIRBP,CIRBP,0.9316608,0.7556390977443609,TREM1,TREM1,0.44684002,0.4694533762057878,cDC2,Mono-C,0.6892504,0.0
LGALS9,LGALS9,0.2426989,0.2556390977443609,CD47,CD47,1.1356851,0.7717842323651453,B,NK-CD16+,0.689192,0.0
CD55,CD55,1.0605979,0.7588424437299035,CR1,CR1,0.31708542,0.3007518796992481,Mono-C,B,0.68884164,0.0
SPP1,SPP1,0.7100559,0.2555066079295154,ITGA4,ITGA4_ITGB1,0.66753775,0.4979253112033195,TRM,NK-CD16+,0.6887968,0.0
IL1B,IL1B,0.8441269,0.4565916398713826,ADRB2,ADRB2,0.53259283,0.42323651452282157,Mono-C,NK-CD16+,0.68835986,0.0
MIF,MIF,0.748788,0.5340557275541795,TNFRSF14,TNFRSF14,0.6278129,0.7272727272727273,NK-CD16-,Mono-NC,0.6883005,0.0
HSPA1A,HSPA1A,0.86123985,0.7427652733118971,TLR4,TLR4,0.51519525,0.6060606060606061,Mono-C,Mono-NC,0.6882175,0.0
IL16,IL16,0.57509,0.42879256965944273,CD4,CD4,0.8007195,0.7290748898678414,NK-CD16-,TRM,0.6879047,0.0
IL16,IL16,0.60916126,0.4770408163265306,CD9,CD9,0.7663731,0.5154185022026432,γδ T,TRM,0.68776715,0.0
HLA-DMA,HLA-DMA,1.044295,0.77491961414791,CD4,CD4,0.33111274,0.2801120448179272,Mono-C,CD4 T,0.68770385,0.0
CD59,CD59,0.4246249,0.4774436090225564,CD2,CD2,0.9504105,0.52,cDC2,CD8 T,0.6875177,0.015
SELPLG,SELPLG,0.7946696,0.8787878787878788,ITGAM,ITGAM,0.5801289,0.6211453744493393,Mono-NC,TRM,0.68739927,0.0
PLAU,PLAU,0.36424682,0.4052863436123348,LRP1,LRP1,1.0102887,0.8360128617363344,TRM,Mono-C,0.6872678,0.0
ADAM15,ADAM15,0.22107957,0.25757575757575757,ITGB1,ITGB1,1.1527835,0.74,Mono-NC,CD8 T,0.68693155,0.001
SLPI,SLPI,0.27675843,0.20743034055727555,PLSCR1,PLSCR1,1.0963318,0.8634361233480177,NK-CD16-,TRM,0.68654513,0.0
LGALS9,LGALS9,0.23665385,0.25925925925925924,CD47,CD47,1.1356851,0.7717842323651453,Treg,NK-CD16+,0.68616945,0.004
IL1B,IL1B,0.77821034,0.43612334801762115,SIGIRR,SIGIRR,0.5935004,0.456656346749226,TRM,NK-CD16-,0.6858554,0.0
TGFB1,TGFB1,1.2064602,0.9242424242424242,ACVR1B,ACVR1B_TGFBR2,0.16493146,0.25757575757575757,Mono-NC,Mono-NC,0.6856958,0.023
APP,APP,0.36090353,0.41479099678456594,LRP1,LRP1,1.0102887,0.8360128617363344,Mono-C,Mono-C,0.6855961,0.0
CD99,CD99,1.2895992,0.7848297213622291,CD99L2,CD99L2,0.081535384,0.1157556270096463,NK-CD16-,Mono-C,0.68556726,0.0
NAMPT,NAMPT,1.2987005,0.8181818181818182,INSR,INSR,0.072167516,0.12781954887218044,Mono-NC,cDC2,0.685434,0.0
CD47,CD47,0.74665785,0.5637755102040817,SIRPA,SIRPA,0.62366134,0.617363344051447,γδ T,Mono-C,0.68515956,0.0
SIRPA,SIRPA,0.62366134,0.617363344051447,CD47,CD47,0.74665785,0.5637755102040817,Mono-C,γδ T,0.68515956,0.0
ADAM15,ADAM15,0.22107957,0.25757575757575757,ITGB1,ITGB1,1.14894,0.7136929460580913,Mono-NC,NK-CD16+,0.6850098,0.0
IL16,IL16,0.60916126,0.4770408163265306,CD4,CD4,0.7606554,0.6428571428571429,γδ T,cDC2,0.68490833,0.0
MMP9,MMP9,0.3595086,0.19383259911894274,LRP1,LRP1,1.0102887,0.8360128617363344,TRM,Mono-C,0.6848987,0.0
ANXA2,ANXA2,0.62143266,0.4733893557422969,TLR2,TLR2,0.7481718,0.684887459807074,CD4 T,Mono-C,0.68480223,0.041
CLEC2B,CLEC2B,0.14635763,0.14285714285714285,KLRF1,KLRF1,1.2231754,0.6182572614107884,B,NK-CD16+,0.68476653,0.0
ICAM3,ICAM3,0.9058521,0.7620578778135049,ITGAL,ITGAL,0.46330258,0.3498452012383901,Mono-C,NK-CD16-,0.68457735,0.001
CALM3,CALM3,1.1553215,0.7407407407407407,KCNQ1,KCNQ1,0.21376051,0.2572347266881029,Treg,Mono-C,0.684541,0.0
NAMPT,NAMPT,1.2987005,0.8181818181818182,INSR,INSR,0.07030151,0.1145374449339207,Mono-NC,TRM,0.684501,0.0
LCK,LCK,1.198587,0.7407407407407407,CD8A,CD8A_CD8B,0.17009616,0.11204481792717087,Treg,CD4 T,0.68434155,0.003
CD38,CD38,0.32645863,0.2576530612244898,PECAM1,PECAM1,1.0418698,0.8231511254019293,γδ T,Mono-C,0.68416417,0.0
LGALS3BP,LGALS3BP,0.21553737,0.2511013215859031,ITGB1,ITGB1,1.1527835,0.74,TRM,CD8 T,0.6841605,0.001
IL1B,IL1B,0.8441269,0.4565916398713826,SIGIRR,SIGIRR,0.524048,0.4565826330532213,Mono-C,CD4 T,0.6840874,0.0
PLAU,PLAU,0.17025682,0.22932330827067668,ITGB1,ITGB1,1.1977223,0.8568281938325991,cDC2,TRM,0.6839896,0.0
ARF6,ARF6,0.7969873,0.803030303030303,SMAP1,SMAP1,0.57048416,0.48,Mono-NC,CD8 T,0.6837357,0.005
VEGFA,VEGFA,1.2694507,0.6409691629955947,NRP1,NRP1,0.09785131,0.15413533834586465,TRM,cDC2,0.683651,0.0
CALR,CALR,1.2827677,0.7676348547717843,SCARF1,SCARF1,0.08411578,0.14661654135338345,NK-CD16+,cDC2,0.6834417,0.0
LRPAP1,LRPAP1,0.6734038,0.7272727272727273,SORL1,SORL1,0.69347787,0.6541850220264317,Mono-NC,TRM,0.6834408,0.0
ARF6,ARF6,0.795973,0.5588235294117647,SMAP1,SMAP1,0.57048416,0.48,NK-CD16-,CD8 T,0.6832286,0.002
ADAM9,ADAM9,0.16861698,0.21864951768488747,ITGB1,ITGB1,1.1977223,0.8568281938325991,Mono-C,TRM,0.68316966,0.0
TNFSF12,TNFSF12,0.44976926,0.38375350140056025,TNFRSF25,TNFRSF25,0.91637623,0.6296296296296297,CD4 T,Treg,0.68307275,0.0
ANXA2,ANXA2,0.6179516,0.44427244582043346,TLR2,TLR2,0.7481718,0.684887459807074,NK-CD16-,Mono-C,0.6830617,0.013
MDK,MDK,0.110244885,0.14661654135338345,NCL,NCL,1.2558001,0.7523219814241486,cDC2,NK-CD16-,0.6830225,0.0
ADAM12,ADAM12,0.1674131,0.14814814814814814,ITGB1,ITGB1,1.1977223,0.8568281938325991,Treg,TRM,0.6825677,0.0
CXCL16,CXCL16,0.38895267,0.46616541353383456,CXCR6,CXCR6,0.9758011,0.6071428571428571,cDC2,γδ T,0.68237686,0.0
HSPA1A,HSPA1A,0.8493773,0.8181818181818182,TLR4,TLR4,0.51519525,0.6060606060606061,Mono-NC,Mono-NC,0.68228626,0.0
TGS1,TGS1,0.22690348,0.1950207468879668,RXRA,RXRA,1.1376562,0.9090909090909091,NK-CD16+,Mono-NC,0.6822798,0.0
LGALS3BP,LGALS3BP,0.21553737,0.2511013215859031,ITGB1,ITGB1,1.14894,0.7136929460580913,TRM,NK-CD16+,0.6822387,0.0
TGFB1,TGFB1,1.0907497,0.8553054662379421,TGFBR3,TGFBR3,0.2734932,0.23236514522821577,Mono-C,NK-CD16+,0.68212146,0.0
LRPAP1,LRPAP1,0.60012096,0.6167400881057269,LRP1,LRP1,0.7638819,0.7400881057268722,TRM,TRM,0.6820015,0.0
ADAM17,ADAM17,0.1656468,0.18045112781954886,ITGB1,ITGB1,1.1977223,0.8568281938325991,B,TRM,0.68168455,0.0
CALR,CALR,1.2827677,0.7676348547717843,ITGAV,ITGAV,0.079938605,0.13636363636363635,NK-CD16+,Mono-NC,0.68135315,0.047
ADAM17,ADAM17,0.39984384,0.5151515151515151,ITGB1,ITGB1,0.96273524,0.8636363636363636,Mono-NC,Mono-NC,0.68128955,0.005
TGS1,TGS1,0.22383806,0.3333333333333333,RXRA,RXRA,1.1376562,0.9090909090909091,Mono-NC,Mono-NC,0.68074715,0.0
ADAM10,ADAM10,0.4676121,0.5572687224669604,TSPAN14,TSPAN14,0.8938319,0.803030303030303,TRM,Mono-NC,0.680722,0.0
SELPLG,SELPLG,0.44716093,0.4074074074074074,SELL,SELL,0.9139811,0.7234726688102894,Treg,Mono-C,0.680571,0.0
MIF,MIF,0.95702225,0.66,TNFRSF14,TNFRSF14,0.40399426,0.47577092511013214,CD8 T,TRM,0.68050826,0.0
SLPI,SLPI,0.2644276,0.22,PLSCR1,PLSCR1,1.0963318,0.8634361233480177,CD8 T,TRM,0.68037975,0.0
C3,C3,0.52352124,0.29515418502202645,ITGAM,ITGAM,0.8371364,0.729903536977492,TRM,Mono-C,0.68032885,0.0
LGALS9,LGALS9,0.7756295,0.698237885462555,CD47,CD47,0.584772,0.44,TRM,CD8 T,0.68020076,0.0
RETN,RETN,0.35841697,0.3215434083601286,CAP1,CAP1,1.0017245,0.6785714285714286,Mono-C,γδ T,0.68007076,0.0
LGALS3BP,LGALS3BP,0.16127618,0.12,ITGB1,ITGB1,1.1977223,0.8568281938325991,CD8 T,TRM,0.67949927,0.0
LTA,LTA,0.5572398,0.48148148148148145,TNFRSF1A,TNFRSF1A,0.8014042,0.7234726688102894,Treg,Mono-C,0.679322,0.0
IL16,IL16,0.59223366,0.484593837535014,CD9,CD9,0.7663731,0.5154185022026432,CD4 T,TRM,0.6793034,0.0
ICAM3,ICAM3,0.8952916,0.6145510835913313,ITGAL,ITGAL,0.46330258,0.3498452012383901,NK-CD16-,NK-CD16-,0.6792971,0.0
CD99,CD99,1.2895992,0.7848297213622291,PILRB,PILRB,0.06874516,0.11233480176211454,NK-CD16-,TRM,0.67917216,0.002
IL16,IL16,0.4130227,0.33195020746887965,CD4,CD4,0.9452533,0.8484848484848485,NK-CD16+,Mono-NC,0.679138,0.0
ICAM1,ICAM1,0.21409014,0.2508038585209003,IL2RG,IL2RG,1.1434076,0.7027863777089783,Mono-C,NK-CD16-,0.67874885,0.0
PTPN6,PTPN6,1.0776117,0.8360128617363344,CD300LF,CD300LF,0.27868325,0.22,Mono-C,CD8 T,0.67814744,0.0
TNFSF12,TNFSF12,0.8168387,0.6,TNFRSF25,TNFRSF25,0.53942317,0.43977591036414565,CD8 T,CD4 T,0.6781309,0.0
CALM3,CALM3,1.1553215,0.7407407407407407,INSR,INSR,0.20066448,0.2540192926045016,Treg,Mono-C,0.677993,0.0
TGM2,TGM2,0.15794569,0.1,ITGB1,ITGB1,1.1977223,0.8568281938325991,CD8 T,TRM,0.67783403,0.044
CALR,CALR,1.2507865,0.7255639097744361,SCARF1,SCARF1,0.10408452,0.15859030837004406,cDC2,TRM,0.6774355,0.0
TGFB1,TGFB1,1.1898917,0.8392070484581498,ACVR1B,ACVR1B_TGFBR2,0.16493146,0.25757575757575757,TRM,Mono-NC,0.67741156,0.0
LGALS3BP,LGALS3BP,0.26561338,0.31954887218045114,ITGB1,ITGB1,1.0891075,0.6965944272445821,cDC2,NK-CD16-,0.6773604,0.0
HLA-F,HLA-F,1.0506701,0.7310924369747899,LILRB1,LILRB1,0.30403018,0.4473684210526316,CD4 T,cDC2,0.67735016,0.014
CD40LG,CD40LG,0.5116621,0.4117647058823529,CD40,CD40,0.8423143,0.631578947368421,CD4 T,B,0.67698824,0.0
HLA-DMB,HLA-DMB,0.46199447,0.5,CD4,CD4,0.89178056,0.7556270096463023,Mono-NC,Mono-C,0.6768875,0.0
ARF6,ARF6,0.96866137,0.7973568281938326,SMAP1,SMAP1,0.38485685,0.3333333333333333,TRM,Treg,0.6767591,0.01
CCL20,CCL20,0.72674614,0.48,CCR6,CCR6,0.62660265,0.5185185185185185,CD8 T,Treg,0.67667437,0.0
THBS1,THBS1,0.3429111,0.23788546255506607,LRP1,LRP1,1.0102887,0.8360128617363344,TRM,Mono-C,0.6765999,0.0
ADAM17,ADAM17,0.15525667,0.14,ITGB1,ITGB1,1.1977223,0.8568281938325991,CD8 T,TRM,0.6764895,0.0
IL16,IL16,0.59223366,0.484593837535014,CD4,CD4,0.7606554,0.6428571428571429,CD4 T,cDC2,0.67644453,0.0
TGM2,TGM2,0.20374848,0.15151515151515152,ITGB1,ITGB1,1.14894,0.7136929460580913,Mono-NC,NK-CD16+,0.6763442,0.039
LGALS9,LGALS9,0.84653074,0.7652733118971061,LRP1,LRP1,0.50576186,0.6212121212121212,Mono-C,Mono-NC,0.67614627,0.0
TNFSF12,TNFSF12,0.4358098,0.3494897959183674,TNFRSF25,TNFRSF25,0.91637623,0.6296296296296297,γδ T,Treg,0.676093,0.0
IL2,IL2,0.357467,0.22,IL2RA,IL2RA_IL2RB_IL2RG,0.9946281,0.6296296296296297,CD8 T,Treg,0.67604756,0.0
F13A1,F13A1,0.38930294,0.3502202643171806,ITGB1,ITGB1,0.96273524,0.8636363636363636,TRM,Mono-NC,0.6760191,0.0
HSPA1A,HSPA1A,0.63209105,0.6013215859030837,TLR4,TLR4,0.7193331,0.662379421221865,TRM,Mono-C,0.6757121,0.0
RTN4,RTN4,1.2725098,0.8898678414096917,S1PR2,S1PR2,0.07879539,0.1111111111111111,TRM,Treg,0.6756526,0.0
ADAM28,ADAM28,0.65992755,0.556390977443609,ITGA4,ITGA4,0.6913513,0.5925925925925926,B,Treg,0.6756394,0.0
ADAM17,ADAM17,0.15327583,0.1377551020408163,ITGB1,ITGB1,1.1977223,0.8568281938325991,γδ T,TRM,0.6754991,0.0
SIRPG,SIRPG,0.5696164,0.5185185185185185,CD47,CD47,0.78074646,0.6390977443609023,Treg,B,0.6751814,0.0
CD47,CD47,0.78074646,0.6390977443609023,SIRPG,SIRPG,0.5696164,0.5185185185185185,B,Treg,0.6751814,0.0
ADAM17,ADAM17,0.15251371,0.13692946058091288,ITGB1,ITGB1,1.1977223,0.8568281938325991,NK-CD16+,TRM,0.675118,0.0
ACTR2,ACTR2,1.1547889,0.7218045112781954,ADRB2,ADRB2,0.19508307,0.22508038585209003,cDC2,Mono-C,0.67493594,0.004
VEGFA,VEGFA,1.2694507,0.6409691629955947,ITGAV,ITGAV,0.079938605,0.13636363636363635,TRM,Mono-NC,0.67469466,0.0
VEGFA,VEGFA,0.2002169,0.18,ITGB1,ITGB1,1.14894,0.7136929460580913,CD8 T,NK-CD16+,0.6745784,0.036
THBS1,THBS1,0.4268466,0.2797427652733119,CD47,CD47,0.92230505,0.8181818181818182,Mono-C,Mono-NC,0.6745758,0.0
C3,C3,0.33866867,0.2781954887218045,LRP1,LRP1,1.0102887,0.8360128617363344,cDC2,Mono-C,0.6744787,0.0
MIF,MIF,0.748788,0.5340557275541795,TNFRSF14,TNFRSF14,0.60011584,0.4444444444444444,NK-CD16-,Treg,0.67445195,0.0
CD40LG,CD40LG,0.5116621,0.4117647058823529,ITGAM,ITGAM_ITGB2,0.8371364,0.729903536977492,CD4 T,Mono-C,0.67439926,0.0
HLA-DOB,HLA-DOB,0.54773015,0.47368421052631576,CD4,CD4,0.8007195,0.7290748898678414,B,TRM,0.67422485,0.0
ADAM17,ADAM17,0.15021485,0.14814814814814814,ITGB1,ITGB1,1.1977223,0.8568281938325991,Treg,TRM,0.67396855,0.002
ICAM1,ICAM1,0.21409014,0.2508038585209003,IL2RG,IL2RG,1.1336156,0.7634854771784232,Mono-C,NK-CD16+,0.67385286,0.0
LRPAP1,LRPAP1,0.82922006,0.7037037037037037,SORL1,SORL1,0.5182548,0.4066390041493776,Treg,NK-CD16+,0.6737374,0.0
VCAN,VCAN,0.5012526,0.42424242424242425,ITGA4,ITGA4,0.84618366,0.803030303030303,Mono-NC,Mono-NC,0.6737181,0.016
HGF,HGF,0.148831,0.18006430868167203,ITGB1,ITGB1,1.1977223,0.8568281938325991,Mono-C,TRM,0.67327666,0.0
CALM3,CALM3,1.1553215,0.7407407407407407,INSR,INSR,0.18988392,0.2878787878787879,Treg,Mono-NC,0.6726027,0.0
VEGFA,VEGFA,0.1474075,0.16541353383458646,ITGB1,ITGB1,1.1977223,0.8568281938325991,cDC2,TRM,0.6725649,0.0
LGALS9,LGALS9,0.84653074,0.7652733118971061,HAVCR2,HAVCR2,0.49840647,0.575187969924812,Mono-C,cDC2,0.6724686,0.0
LGALS9,LGALS9,0.8022431,0.6879699248120301,CD47,CD47,0.5424275,0.5939849624060151,cDC2,cDC2,0.67233527,0.0
TNFSF10,TNFSF10,1.0840671,0.7717041800643086,CCR6,CCR6,0.26041096,0.2184873949579832,Mono-C,CD4 T,0.67223907,0.0
CD55,CD55,1.0605979,0.7588424437299035,ADGRE5,ADGRE5,0.28384545,0.2962962962962963,Mono-C,Treg,0.67222166,0.021
CIRBP,CIRBP,1.1992505,0.8646616541353384,TREM1,TREM1,0.144818,0.15151515151515152,B,Mono-NC,0.6720342,0.017
CCL20,CCL20,0.71738446,0.48148148148148145,CCR6,CCR6,0.62660265,0.5185185185185185,Treg,Treg,0.67199355,0.0
C3,C3,0.52352124,0.29515418502202645,C3AR1,C3AR1,0.8201244,0.7727272727272727,TRM,Mono-NC,0.6718228,0.0
TGS1,TGS1,0.20593381,0.21052631578947367,RXRA,RXRA,1.1376562,0.9090909090909091,B,Mono-NC,0.671795,0.0
C1QA,C1QA,0.6701635,0.45454545454545453,CD33,CD33,0.6734245,0.662379421221865,Mono-NC,Mono-C,0.671794,0.0
MIF,MIF,0.95702225,0.66,TNFRSF14,TNFRSF14,0.38633946,0.3239795918367347,CD8 T,γδ T,0.67168087,0.0
ADAM10,ADAM10,0.67234373,0.6655948553054662,AXL,AXL,0.6706365,0.5263157894736842,Mono-C,cDC2,0.6714901,0.0
ICAM1,ICAM1,0.19924289,0.31203007518796994,IL2RG,IL2RG,1.1434076,0.7027863777089783,cDC2,NK-CD16-,0.6713252,0.0
IL16,IL16,0.45075288,0.42105263157894735,CD4,CD4,0.89178056,0.7556270096463023,B,Mono-C,0.67126673,0.0
SERPINA1,SERPINA1,0.57855076,0.4924812030075188,LRP1,LRP1,0.7638819,0.7400881057268722,cDC2,TRM,0.67121637,0.0
ICAM2,ICAM2,0.25793207,0.23529411764705882,ITGAL,ITGAL_ITGB2,1.0843605,0.9090909090909091,CD4 T,Mono-NC,0.6711463,0.0
ICAM4,ICAM4,0.25308305,0.30303030303030304,ITGB1,ITGB1,1.0891075,0.6965944272445821,Mono-NC,NK-CD16-,0.67109525,0.0
ADAM12,ADAM12,0.14426556,0.1,ITGB1,ITGB1,1.1977223,0.8568281938325991,CD8 T,TRM,0.6709939,0.0
TNFSF12,TNFSF12,0.39399472,0.3111455108359133,TNFRSF25,TNFRSF25,0.94785535,0.66,NK-CD16-,CD8 T,0.670925,0.0
IL16,IL16,0.57509,0.42879256965944273,CD9,CD9,0.7663731,0.5154185022026432,NK-CD16-,TRM,0.67073154,0.0
MDK,MDK,0.0854343,0.11894273127753303,NCL,NCL,1.2558001,0.7523219814241486,TRM,NK-CD16-,0.6706172,0.0
SIRPA,SIRPA,0.62366134,0.617363344051447,CD47,CD47,0.7175519,0.5742296918767507,Mono-C,CD4 T,0.6706066,0.0
CD47,CD47,0.7175519,0.5742296918767507,SIRPA,SIRPA,0.62366134,0.617363344051447,CD4 T,Mono-C,0.6706066,0.0
RTN4,RTN4,1.2725098,0.8898678414096917,S1PR2,S1PR2,0.06845517,0.15789473684210525,TRM,cDC2,0.6704825,0.0
TGS1,TGS1,0.20321248,0.2,RXRA,RXRA,1.1376562,0.9090909090909091,CD8 T,Mono-NC,0.67043436,0.0
TNF,TNF,0.3113538,0.24,ICOS,ICOS,1.0291984,0.7407407407407407,CD8 T,Treg,0.6702761,0.0
A2M,A2M,0.57661355,0.41729323308270677,LRP1,LRP1,0.7638819,0.7400881057268722,cDC2,TRM,0.67024773,0.0
FASLG,FASLG,0.5386062,0.4149377593360996,TNFRSF1A,TNFRSF1A,0.8014042,0.7234726688102894,NK-CD16+,Mono-C,0.6700052,0.0
ICAM1,ICAM1,0.33819893,0.3788546255506608,IL2RG,IL2RG,1.001171,0.711484593837535,TRM,CD4 T,0.66968495,0.0
CD55,CD55,1.1657451,0.8484848484848485,ADGRE2,ADGRE2,0.17350261,0.2894736842105263,Mono-NC,cDC2,0.66962385,0.0
ARF6,ARF6,0.96866137,0.7973568281938326,SMAP1,SMAP1,0.36998785,0.3333333333333333,TRM,CD4 T,0.66932464,0.0
SPON2,SPON2,0.24908192,0.18,ITGB1,ITGB1,1.0891075,0.6965944272445821,CD8 T,NK-CD16-,0.66909474,0.001
LGALS9,LGALS9,0.8022431,0.6879699248120301,CD47,CD47,0.5359284,0.4148606811145511,cDC2,NK-CD16-,0.66908574,0.0
TGS1,TGS1,0.20010817,0.18518518518518517,RXRA,RXRA,1.1376562,0.9090909090909091,Treg,Mono-NC,0.6688822,0.0
ICAM4,ICAM4,0.25308305,0.30303030303030304,ITGAL,ITGAL,1.0843605,0.9090909090909091,Mono-NC,Mono-NC,0.6687218,0.0
ADAM10,ADAM10,0.76983654,0.8333333333333334,TSPAN14,TSPAN14,0.56747836,0.5755627009646302,Mono-NC,Mono-C,0.6686574,0.0
CD55,CD55,1.0605979,0.7588424437299035,ADGRE5,ADGRE5,0.27659565,0.24060150375939848,Mono-C,B,0.66859674,0.0
TOR2A,TOR2A,0.29114643,0.3939393939393939,ATP5F1B,ATP5F1B,1.0460299,0.7293233082706767,Mono-NC,cDC2,0.66858816,0.0
S100A12,S100A12,0.9182544,0.4977973568281938,CD36,CD36,0.41850236,0.4393939393939394,TRM,Mono-NC,0.66837835,0.0
ADAM9,ADAM9,0.18362345,0.2556390977443609,ITGB1,ITGB1,1.1527835,0.74,cDC2,CD8 T,0.6682035,0.002
GZMB,GZMB,0.8072066,0.37925696594427244,IGF2R,IGF2R,0.52877134,0.5305466237942122,NK-CD16-,Mono-C,0.66798896,0.0
TGS1,TGS1,0.19810687,0.18207282913165265,RXRA,RXRA,1.1376562,0.9090909090909091,CD4 T,Mono-NC,0.66788155,0.0
IL16,IL16,0.57509,0.42879256965944273,CD4,CD4,0.7606554,0.6428571428571429,NK-CD16-,cDC2,0.66787267,0.0
ADAM15,ADAM15,0.13767268,0.24436090225563908,ITGB1,ITGB1,1.1977223,0.8568281938325991,cDC2,TRM,0.6676975,0.0
SLPI,SLPI,0.27675843,0.20743034055727555,CD4,CD4,1.0583234,0.7037037037037037,NK-CD16-,Treg,0.6675409,0.0
LRPAP1,LRPAP1,0.82922006,0.7037037037037037,LRP1,LRP1,0.50576186,0.6212121212121212,Treg,Mono-NC,0.66749096,0.0
CALR,CALR,1.2507865,0.7255639097744361,SCARF1,SCARF1,0.08411578,0.14661654135338345,cDC2,cDC2,0.66745114,0.0
TGFB1,TGFB1,1.0401518,0.72,SDC2,SDC2,0.2943811,0.2577092511013216,CD8 T,TRM,0.6672665,0.036
C3,C3,0.33866867,0.2781954887218045,C3AR1,C3AR1,0.99550945,0.73568281938326,cDC2,TRM,0.66708905,0.0
SPON2,SPON2,0.1364203,0.1092436974789916,ITGB1,ITGB1,1.1977223,0.8568281938325991,CD4 T,TRM,0.6670713,0.0
PTPN6,PTPN6,1.0553743,0.7593984962406015,CD300LF,CD300LF,0.27868325,0.22,B,CD8 T,0.6670288,0.0
CLEC11A,CLEC11A,0.136135,0.17684887459807075,ITGB1,ITGB1,1.1977223,0.8568281938325991,Mono-C,TRM,0.66692865,0.0
HLA-DQA2,HLA-DQA2,1.0928336,0.5601503759398496,LAG3,LAG3,0.24067335,0.2074688796680498,cDC2,NK-CD16+,0.6667535,0.0
CXCL16,CXCL16,0.87628204,0.7599118942731278,CXCR6,CXCR6,0.45678014,0.36,TRM,CD8 T,0.6665311,0.0
APOE,APOE,0.3226691,0.20676691729323307,LRP1,LRP1,1.0102887,0.8360128617363344,cDC2,Mono-C,0.6664789,0.0
TGS1,TGS1,0.19529712,0.2508038585209003,RXRA,RXRA,1.1376562,0.9090909090909091,Mono-C,Mono-NC,0.66647667,0.0
ICAM1,ICAM1,0.19924289,0.31203007518796994,IL2RG,IL2RG,1.1336156,0.7634854771784232,cDC2,NK-CD16+,0.6664293,0.0
ICAM1,ICAM1,0.33819893,0.3788546255506608,IL2RA,IL2RA,0.9946281,0.6296296296296297,TRM,Treg,0.6664135,0.0
TGFB1,TGFB1,1.2064602,0.9242424242424242,ITGB5,ITGB5,0.12635961,0.1960352422907489,Mono-NC,TRM,0.6664099,0.019
ADAM9,ADAM9,0.18362345,0.2556390977443609,ITGB1,ITGB1,1.14894,0.7136929460580913,cDC2,NK-CD16+,0.6662817,0.0
ICAM2,ICAM2,0.70572096,0.7272727272727273,ITGAL,ITGAL_ITGB2,0.62672406,0.48214285714285715,Mono-NC,γδ T,0.6662225,0.0
TNFSF12,TNFSF12,0.6333843,0.5925925925925926,CD163,CD163,0.6979688,0.5726872246696035,Treg,TRM,0.66567653,0.0
CALR,CALR,1.1977082,0.7306501547987616,ITGAV,ITGAV,0.13333224,0.15755627009646303,NK-CD16-,Mono-C,0.66552025,0.003
LRPAP1,LRPAP1,0.32044557,0.3233082706766917,LRP1,LRP1,1.0102887,0.8360128617363344,B,Mono-C,0.6653671,0.0
LGALS9,LGALS9,1.0351217,0.9090909090909091,SLC1A5,SLC1A5,0.2954955,0.3939393939393939,Mono-NC,Mono-NC,0.6653086,0.0
ADAM17,ADAM17,0.13284168,0.13165266106442577,ITGB1,ITGB1,1.1977223,0.8568281938325991,CD4 T,TRM,0.665282,0.0
ADAM15,ADAM15,0.24094445,0.3392070484581498,ITGB1,ITGB1,1.0891075,0.6965944272445821,TRM,NK-CD16-,0.66502595,0.0
ICAM2,ICAM2,0.42850184,0.36,ITGAL,ITGAL_ITGB2,0.9007067,0.6680497925311203,CD8 T,NK-CD16+,0.6646043,0.0
FABP5,FABP5,0.19081764,0.24242424242424243,RXRA,RXRA,1.1376562,0.9090909090909091,Mono-NC,Mono-NC,0.6642369,0.0
CALR,CALR,1.1977082,0.7306501547987616,ITGAV,ITGAV,0.13029556,0.22932330827067668,NK-CD16-,cDC2,0.6640019,0.01
VEGFA,VEGFA,1.2694507,0.6409691629955947,EPHB2,EPHB2,0.05802178,0.10352422907488987,TRM,TRM,0.6637362,0.0
ADAM28,ADAM28,0.65992755,0.556390977443609,ITGA4,ITGA4,0.66753775,0.4979253112033195,B,NK-CD16+,0.66373265,0.0
TNFSF12,TNFSF12,0.37932283,0.4052863436123348,TNFRSF25,TNFRSF25,0.94785535,0.66,TRM,CD8 T,0.6635891,0.0
ICAM1,ICAM1,0.21409014,0.2508038585209003,SPN,SPN,1.1130515,0.7136929460580913,Mono-C,NK-CD16+,0.6635708,0.0
IL2,IL2,0.357467,0.22,CD53,CD53,0.96965307,0.6862745098039216,CD8 T,CD4 T,0.66356003,0.0
PLAU,PLAU,0.36424682,0.4052863436123348,ITGB1,ITGB1,0.96273524,0.8636363636363636,TRM,Mono-NC,0.663491,0.0
ARF6,ARF6,1.074952,0.8148148148148148,SMAP1,SMAP1,0.2518377,0.40225563909774437,Treg,cDC2,0.66339487,0.04
IL16,IL16,0.26804468,0.40225563909774437,CD4,CD4,1.0583234,0.7037037037037037,cDC2,Treg,0.66318405,0.0
VEGFA,VEGFA,1.2694507,0.6409691629955947,ITGA9,ITGA9,0.056280013,0.10526315789473684,TRM,cDC2,0.66286534,0.0
TGS1,TGS1,0.18788613,0.3157894736842105,RXRA,RXRA,1.1376562,0.9090909090909091,cDC2,Mono-NC,0.66277117,0.0
ADAM10,ADAM10,0.43152812,0.4074074074074074,TSPAN14,TSPAN14,0.8938319,0.803030303030303,Treg,Mono-NC,0.66268003,0.0
TOR2A,TOR2A,0.27905864,0.4473684210526316,ATP5F1B,ATP5F1B,1.0460299,0.7293233082706767,cDC2,cDC2,0.66254425,0.0
CXCL16,CXCL16,0.34920648,0.3633440514469453,CXCR6,CXCR6,0.9758011,0.6071428571428571,Mono-C,γδ T,0.6625038,0.0
TNFSF13B,TNFSF13B,1.1212561,0.8167202572347267,CD40,CD40,0.20363815,0.2599118942731278,Mono-C,TRM,0.66244715,0.0
ARF6,ARF6,0.9398564,0.7,SMAP1,SMAP1,0.38485685,0.3333333333333333,CD8 T,Treg,0.6623566,0.047
F13A1,F13A1,0.36109623,0.3762057877813505,ITGB1,ITGB1,0.96273524,0.8636363636363636,Mono-C,Mono-NC,0.6619157,0.0
TNFSF12,TNFSF12,0.37564817,0.3153526970954357,TNFRSF25,TNFRSF25,0.94785535,0.66,NK-CD16+,CD8 T,0.66175175,0.0
MIF,MIF,0.69542724,0.48148148148148145,TNFRSF14,TNFRSF14,0.6278129,0.7272727272727273,Treg,Mono-NC,0.6616201,0.004
PLAU,PLAU,0.17025682,0.22932330827067668,ITGB1,ITGB1,1.1527835,0.74,cDC2,CD8 T,0.6615202,0.001
SLPI,SLPI,0.2644276,0.22,CD4,CD4,1.0583234,0.7037037037037037,CD8 T,Treg,0.6613755,0.0
ICAM2,ICAM2,0.23794653,0.29260450160771706,ITGAL,ITGAL_ITGB2,1.0843605,0.9090909090909091,Mono-C,Mono-NC,0.6611535,0.0
SERPINE2,SERPINE2,0.31178463,0.2222222222222222,LRP1,LRP1,1.0102887,0.8360128617363344,Treg,Mono-C,0.6610367,0.0
ADAM9,ADAM9,0.16861698,0.21864951768488747,ITGB1,ITGB1,1.1527835,0.74,Mono-C,CD8 T,0.66070026,0.003
TGS1,TGS1,0.18360594,0.15479876160990713,RXRA,RXRA,1.1376562,0.9090909090909091,NK-CD16-,Mono-NC,0.66063106,0.0
TGFB1,TGFB1,1.2064602,0.9242424242424242,ACVR1B,ACVR1B_TGFBR2,0.11455071,0.14790996784565916,Mono-NC,Mono-C,0.6605055,0.045
CLEC11A,CLEC11A,0.23171917,0.2744360902255639,ITGB1,ITGB1,1.0891075,0.6965944272445821,cDC2,NK-CD16-,0.6604133,0.0
TGFB1,TGFB1,1.2064602,0.9242424242424242,ITGB5,ITGB5,0.11423527,0.18045112781954886,Mono-NC,cDC2,0.66034776,0.023
TOR2A,TOR2A,0.29114643,0.3939393939393939,ATP5F1B,ATP5F1B,1.029172,0.8167202572347267,Mono-NC,Mono-C,0.6601592,0.0
ADAM12,ADAM12,0.1674131,0.14814814814814814,ITGB1,ITGB1,1.1527835,0.74,Treg,CD8 T,0.6600983,0.0
HLA-DQB1,HLA-DQB1,1.0010759,0.7575757575757576,LAG3,LAG3,0.31858182,0.18518518518518517,Mono-NC,Treg,0.65982884,0.015
FABP5,FABP5,0.18194051,0.18045112781954886,RXRA,RXRA,1.1376562,0.9090909090909091,B,Mono-NC,0.6597984,0.0
ACTR2,ACTR2,1.1547889,0.7218045112781954,ADRB2,ADRB2,0.16466756,0.14285714285714285,cDC2,γδ T,0.6597282,0.024
PLAU,PLAU,0.17025682,0.22932330827067668,ITGB1,ITGB1,1.14894,0.7136929460580913,cDC2,NK-CD16+,0.6595984,0.0
TGFB1,TGFB1,1.2064602,0.9242424242424242,ACVR1B,ACVR1B_TGFBR2,0.11226234,0.16519823788546256,Mono-NC,TRM,0.6593613,0.049
S100A12,S100A12,0.9182544,0.4977973568281938,TLR4,TLR4,0.40018338,0.4977973568281938,TRM,TRM,0.6592189,0.0
ADAM17,ADAM17,0.1656468,0.18045112781954886,ITGB1,ITGB1,1.1527835,0.74,B,CD8 T,0.65921515,0.026
LGALS3,LGALS3,0.75502,0.5526315789473685,LAG3,LAG3,0.5634088,0.41836734693877553,cDC2,γδ T,0.6592144,0.0
ADAM10,ADAM10,0.67234373,0.6655948553054662,NOTCH2,NOTCH2,0.64599603,0.7121212121212122,Mono-C,Mono-NC,0.6591699,0.0
LGALS9,LGALS9,0.7756295,0.698237885462555,CD47,CD47,0.5424275,0.5939849624060151,TRM,cDC2,0.65902853,0.0
ADAM9,ADAM9,0.16861698,0.21864951768488747,ITGB1,ITGB1,1.14894,0.7136929460580913,Mono-C,NK-CD16+,0.6587785,0.0
TOR2A,TOR2A,0.29114643,0.3939393939393939,ATP5F1B,ATP5F1B,1.026185,0.8105726872246696,Mono-NC,TRM,0.6586657,0.0
LGALS3BP,LGALS3BP,0.11941096,0.1092436974789916,ITGB1,ITGB1,1.1977223,0.8568281938325991,CD4 T,TRM,0.65856665,0.0
ADAM12,ADAM12,0.1674131,0.14814814814814814,ITGB1,ITGB1,1.14894,0.7136929460580913,Treg,NK-CD16+,0.65817654,0.0
CD47,CD47,0.74665785,0.5637755102040817,SIRPG,SIRPG,0.5696164,0.5185185185185185,γδ T,Treg,0.6581371,0.0
SIRPG,SIRPG,0.5696164,0.5185185185185185,CD47,CD47,0.74665785,0.5637755102040817,Treg,γδ T,0.6581371,0.0
TGFB1,TGFB1,1.1898917,0.8392070484581498,ITGB5,ITGB5,0.12635961,0.1960352422907489,TRM,TRM,0.65812564,0.0
CD59,CD59,0.36507612,0.4118942731277533,CD2,CD2,0.9504105,0.52,TRM,CD8 T,0.65774333,0.038
NECTIN2,NECTIN2,0.31610417,0.40308370044052866,CD96,CD96,0.9993103,0.6887755102040817,TRM,γδ T,0.6577072,0.0
CLEC11A,CLEC11A,0.11737095,0.1696035242290749,ITGB1,ITGB1,1.1977223,0.8568281938325991,TRM,TRM,0.65754664,0.0
ADAM15,ADAM15,0.35220286,0.40514469453376206,ITGB1,ITGB1,0.96273524,0.8636363636363636,Mono-C,Mono-NC,0.65746903,0.0
MIF,MIF,0.95702225,0.66,TNFRSF14,TNFRSF14,0.35765862,0.3,CD8 T,CD8 T,0.6573404,0.0
ADAM17,ADAM17,0.1656468,0.18045112781954886,ITGB1,ITGB1,1.14894,0.7136929460580913,B,NK-CD16+,0.6572934,0.0
FABP5,FABP5,0.6990098,0.5263157894736842,RXRA,RXRA,0.6155501,0.6145374449339207,cDC2,TRM,0.65727997,0.0
PLAT,PLAT,0.47695556,0.38,ITGAM,ITGAM,0.8371364,0.729903536977492,CD8 T,Mono-C,0.65704596,0.0
LGALS3BP,LGALS3BP,0.16127618,0.12,ITGB1,ITGB1,1.1527835,0.74,CD8 T,CD8 T,0.65702987,0.004
APP,APP,0.30374342,0.41409691629955947,LRP1,LRP1,1.0102887,0.8360128617363344,TRM,Mono-C,0.65701604,0.0
TGFB1,TGFB1,1.0401518,0.72,TGFBR3,TGFBR3,0.2734932,0.23236514522821577,CD8 T,NK-CD16+,0.6568225,0.043
ARF6,ARF6,0.96866137,0.7973568281938326,SMAP1,SMAP1,0.34457767,0.29591836734693877,TRM,γδ T,0.65661955,0.0
LCK,LCK,0.80284005,0.5294117647058824,CD8B,CD8A_CD8B,0.51036483,0.3153526970954357,NK-CD16-,NK-CD16+,0.65660244,0.0
ICAM1,ICAM1,0.19924289,0.31203007518796994,SPN,SPN,1.1130515,0.7136929460580913,cDC2,NK-CD16+,0.65614724,0.0
ADAM17,ADAM17,0.114235006,0.24060150375939848,ITGB1,ITGB1,1.1977223,0.8568281938325991,cDC2,TRM,0.6559787,0.0
LGALS9,LGALS9,0.7756295,0.698237885462555,CD47,CD47,0.5359284,0.4148606811145511,TRM,NK-CD16-,0.655779,0.0
HLA-DQA2,HLA-DQA2,0.5102141,0.3954983922829582,CD4,CD4,0.8007195,0.7290748898678414,Mono-C,TRM,0.6554668,0.0
PTPN6,PTPN6,0.6590211,0.5062240663900415,CD300LF,CD300LF,0.65190804,0.6818181818181818,NK-CD16+,Mono-NC,0.65546453,0.0
MIF,MIF,0.683028,0.6466165413533834,TNFRSF14,TNFRSF14,0.6278129,0.7272727272727273,cDC2,Mono-NC,0.6554204,0.0
IL1B,IL1B,0.77821034,0.43612334801762115,ADRB2,ADRB2,0.53259283,0.42323651452282157,TRM,NK-CD16+,0.6554016,0.0
CD55,CD55,0.24729888,0.22128851540616246,ADGRE2,ADGRE2,1.0632316,0.8787878787878788,CD4 T,Mono-NC,0.6552652,0.0
TNFSF12,TNFSF12,0.39399472,0.3111455108359133,TNFRSF25,TNFRSF25,0.91637623,0.6296296296296297,NK-CD16-,Treg,0.65518546,0.0
LGALS3BP,LGALS3BP,0.16127618,0.12,ITGB1,ITGB1,1.14894,0.7136929460580913,CD8 T,NK-CD16+,0.6551081,0.0
ADAM15,ADAM15,0.22107957,0.25757575757575757,ITGB1,ITGB1,1.0891075,0.6965944272445821,Mono-NC,NK-CD16-,0.65509355,0.0
ARF6,ARF6,0.9398564,0.7,SMAP1,SMAP1,0.36998785,0.3333333333333333,CD8 T,CD4 T,0.6549221,0.015
TNF,TNF,0.5083867,0.4444444444444444,TNFRSF1A,TNFRSF1A,0.8014042,0.7234726688102894,Treg,Mono-C,0.6548954,0.0
TGM2,TGM2,0.11100363,0.14285714285714285,ITGB1,ITGB1,1.1977223,0.8568281938325991,cDC2,TRM,0.654363,0.003
HLA-DOB,HLA-DOB,0.54773015,0.47368421052631576,CD4,CD4,0.7606554,0.6428571428571429,B,cDC2,0.6541928,0.0
TOR2A,TOR2A,0.27905864,0.4473684210526316,ATP5F1B,ATP5F1B,1.029172,0.8167202572347267,cDC2,Mono-C,0.6541153,0.0
ADAM17,ADAM17,0.15525667,0.14,ITGB1,ITGB1,1.1527835,0.74,CD8 T,CD8 T,0.6540201,0.044
LGALS9,LGALS9,0.8022431,0.6879699248120301,LRP1,LRP1,0.50576186,0.6212121212121212,cDC2,Mono-NC,0.6540025,0.0
NID1,NID1,0.11003102,0.1414790996784566,ITGB1,ITGB1,1.1977223,0.8568281938325991,Mono-C,TRM,0.65387666,0.0
LRPAP1,LRPAP1,0.5438209,0.5789473684210527,LRP1,LRP1,0.7638819,0.7400881057268722,cDC2,TRM,0.6538514,0.0
NID1,NID1,0.109281115,0.18181818181818182,ITGB1,ITGB1,1.1977223,0.8568281938325991,Mono-NC,TRM,0.6535017,0.0
ARF1,ARF1,1.1062944,0.8700440528634361,INSR,INSR,0.20066448,0.2540192926045016,TRM,Mono-C,0.65347946,0.0
CD38,CD38,0.453005,0.34,PECAM1,PECAM1,0.85384303,0.7026431718061674,CD8 T,TRM,0.653424,0.0
CXCL16,CXCL16,0.87628204,0.7599118942731278,CXCR6,CXCR6,0.43053654,0.2786377708978328,TRM,NK-CD16-,0.6534093,0.0
HGF,HGF,0.10895583,0.15638766519823788,ITGB1,ITGB1,1.1977223,0.8568281938325991,TRM,TRM,0.6533391,0.0
SELPLG,SELPLG,0.46913132,0.47266881028938906,ITGAM,ITGAM,0.8371364,0.729903536977492,Mono-C,Mono-C,0.65313387,0.0
FABP5,FABP5,0.16859092,0.21864951768488747,RXRA,RXRA,1.1376562,0.9090909090909091,Mono-C,Mono-NC,0.65312356,0.0
ADAM17,ADAM17,0.15327583,0.1377551020408163,ITGB1,ITGB1,1.1527835,0.74,γδ T,CD8 T,0.6530297,0.023
FABP5,FABP5,0.16787753,0.1326530612244898,RXRA,RXRA,1.1376562,0.9090909090909091,γδ T,Mono-NC,0.6527669,0.0
LGALS9,LGALS9,1.0351217,0.9090909090909091,HAVCR2,HAVCR2,0.27027726,0.21161825726141079,Mono-NC,NK-CD16+,0.6526995,0.0
IL18,IL18,1.1003206,0.7556390977443609,IL18RAP,IL18R1_IL18RAP,0.20498055,0.16,cDC2,CD8 T,0.6526506,0.0
ADAM17,ADAM17,0.15251371,0.13692946058091288,ITGB1,ITGB1,1.1527835,0.74,NK-CD16+,CD8 T,0.6526486,0.033
TOR2A,TOR2A,0.27905864,0.4473684210526316,ATP5F1B,ATP5F1B,1.026185,0.8105726872246696,cDC2,TRM,0.65262187,0.0
SIRPA,SIRPA,0.7202235,0.6960352422907489,CD47,CD47,0.584772,0.44,TRM,CD8 T,0.65249777,0.0
CD47,CD47,0.584772,0.44,SIRPA,SIRPA,0.7202235,0.6960352422907489,CD8 T,TRM,0.65249777,0.0
IL16,IL16,0.4130227,0.33195020746887965,CD4,CD4,0.89178056,0.7556270096463023,NK-CD16+,Mono-C,0.6524016,0.0
LGALS9,LGALS9,1.0351217,0.9090909090909091,HAVCR2,HAVCR2,0.2695384,0.21826625386996903,Mono-NC,NK-CD16-,0.65233004,0.0
LGALS3BP,LGALS3BP,0.21553737,0.2511013215859031,ITGB1,ITGB1,1.0891075,0.6965944272445821,TRM,NK-CD16-,0.6523224,0.0
TGFB1,TGFB1,1.1898917,0.8392070484581498,ACVR1B,ACVR1B_TGFBR2,0.11455071,0.14790996784565916,TRM,Mono-C,0.6522212,0.0
ADAM17,ADAM17,0.15525667,0.14,ITGB1,ITGB1,1.14894,0.7136929460580913,CD8 T,NK-CD16+,0.6520983,0.004
TGFB1,TGFB1,1.1898917,0.8392070484581498,ITGB5,ITGB5,0.11423527,0.18045112781954886,TRM,cDC2,0.6520635,0.0
ADAM17,ADAM17,0.34113428,0.43612334801762115,ITGB1,ITGB1,0.96273524,0.8636363636363636,TRM,Mono-NC,0.65193474,0.012
ICAM1,ICAM1,0.15969443,0.21212121212121213,IL2RG,IL2RG,1.1434076,0.7027863777089783,Mono-NC,NK-CD16-,0.651551,0.0
LRPAP1,LRPAP1,0.5390503,0.5659163987138264,LRP1,LRP1,0.7638819,0.7400881057268722,Mono-C,TRM,0.65146613,0.0
CD177,CD177,0.44877496,0.25925925925925924,PECAM1,PECAM1,0.85384303,0.7026431718061674,Treg,TRM,0.651309,0.0
IL1B,IL1B,0.77821034,0.43612334801762115,SIGIRR,SIGIRR,0.524048,0.4565826330532213,TRM,CD4 T,0.6511291,0.0
ADAM17,ADAM17,0.15327583,0.1377551020408163,ITGB1,ITGB1,1.14894,0.7136929460580913,γδ T,NK-CD16+,0.6511079,0.0
TGFB1,TGFB1,1.1898917,0.8392070484581498,ACVR1B,ACVR1B_TGFBR2,0.11226234,0.16519823788546256,TRM,TRM,0.65107703,0.0
CALR,CALR,1.1977082,0.7306501547987616,SCARF1,SCARF1,0.10408452,0.15859030837004406,NK-CD16-,TRM,0.6508964,0.0
S100A12,S100A12,0.9182544,0.4977973568281938,CD36,CD36,0.38347962,0.35462555066079293,TRM,TRM,0.650867,0.0
HGF,HGF,0.148831,0.18006430868167203,ITGB1,ITGB1,1.1527835,0.74,Mono-C,CD8 T,0.65080726,0.0
ADAM17,ADAM17,0.15251371,0.13692946058091288,ITGB1,ITGB1,1.14894,0.7136929460580913,NK-CD16+,NK-CD16+,0.65072685,0.0
LGALS9,LGALS9,0.8022431,0.6879699248120301,HAVCR2,HAVCR2,0.49840647,0.575187969924812,cDC2,cDC2,0.6503248,0.0
IL16,IL16,0.35509396,0.45454545454545453,CD4,CD4,0.9452533,0.8484848484848485,Mono-NC,Mono-NC,0.65017366,0.0
LRPAP1,LRPAP1,0.53571665,0.45228215767634855,LRP1,LRP1,0.7638819,0.7400881057268722,NK-CD16+,TRM,0.6497993,0.0
ADAM17,ADAM17,0.15021485,0.14814814814814814,ITGB1,ITGB1,1.14894,0.7136929460580913,Treg,NK-CD16+,0.6495774,0.014
CCL2,CCL2,0.590091,0.2665198237885463,CCR1,CCR1,0.708821,0.639871382636656,TRM,Mono-C,0.649456,0.0
LCK,LCK,1.1283894,0.7619047619047619,CD8A,CD8A_CD8B,0.17009616,0.11204481792717087,CD4 T,CD4 T,0.64924276,0.0
ICAM1,ICAM1,0.21409014,0.2508038585209003,ITGAL,ITGAL_ITGB2,1.0843605,0.9090909090909091,Mono-C,Mono-NC,0.6492253,0.0
CD55,CD55,0.23502463,0.34962406015037595,ADGRE2,ADGRE2,1.0632316,0.8787878787878788,cDC2,Mono-NC,0.6491281,0.0
CIRBP,CIRBP,1.1533456,0.7703081232492998,TREM1,TREM1,0.144818,0.15151515151515152,CD4 T,Mono-NC,0.64908177,0.033
HGF,HGF,0.148831,0.18006430868167203,ITGB1,ITGB1,1.14894,0.7136929460580913,Mono-C,NK-CD16+,0.6488855,0.0
CD55,CD55,0.23426762,0.16,ADGRE2,ADGRE2,1.0632316,0.8787878787878788,CD8 T,Mono-NC,0.6487496,0.0
TGFB1,TGFB1,1.2064602,0.9242424242424242,ACVR1,ACVR1_TGFBR2,0.090866275,0.14977973568281938,Mono-NC,TRM,0.6486633,0.036
TGFB1,TGFB1,1.2064602,0.9242424242424242,ACVR1,ACVR1_TGFBR1_TGFBR2,0.090866275,0.14977973568281938,Mono-NC,TRM,0.6486633,0.036
ADAM12,ADAM12,0.14426556,0.1,ITGB1,ITGB1,1.1527835,0.74,CD8 T,CD8 T,0.6485245,0.0
VEGFA,VEGFA,0.1474075,0.16541353383458646,ITGB1,ITGB1,1.14894,0.7136929460580913,cDC2,NK-CD16+,0.64817375,0.009
ARF1,ARF1,1.1062944,0.8700440528634361,INSR,INSR,0.18988392,0.2878787878787879,TRM,Mono-NC,0.6480892,0.0
LGALS9,LGALS9,1.0351217,0.9090909090909091,HAVCR2,HAVCR2,0.2609597,0.2765273311897106,Mono-NC,Mono-C,0.6480407,0.0
HGF,HGF,0.09813274,0.13636363636363635,ITGB1,ITGB1,1.1977223,0.8568281938325991,Mono-NC,TRM,0.6479275,0.0
ICAM2,ICAM2,0.39511392,0.3360995850622407,ITGAL,ITGAL_ITGB2,0.9007067,0.6680497925311203,NK-CD16+,NK-CD16+,0.6479103,0.0
TNFSF12,TNFSF12,0.37932283,0.4052863436123348,TNFRSF25,TNFRSF25,0.91637623,0.6296296296296297,TRM,Treg,0.64784956,0.0
MIF,MIF,0.69542724,0.48148148148148145,TNFRSF14,TNFRSF14,0.60011584,0.4444444444444444,Treg,Treg,0.64777154,0.007
LRPAP1,LRPAP1,0.60012096,0.6167400881057269,SORL1,SORL1,0.69347787,0.6541850220264317,TRM,TRM,0.64679945,0.0
TNFSF13B,TNFSF13B,0.8503097,0.7575757575757576,TFRC,TFRC,0.4432532,0.4074074074074074,Mono-NC,Treg,0.64678144,0.0
CD55,CD55,1.0605979,0.7588424437299035,CR1,CR1,0.23274004,0.2665198237885463,Mono-C,TRM,0.646669,0.0
ICAM1,ICAM1,0.15969443,0.21212121212121213,IL2RG,IL2RG,1.1336156,0.7634854771784232,Mono-NC,NK-CD16+,0.646655,0.0
ADAM12,ADAM12,0.14426556,0.1,ITGB1,ITGB1,1.14894,0.7136929460580913,CD8 T,NK-CD16+,0.64660275,0.0
CD38,CD38,0.2510329,0.2033195020746888,PECAM1,PECAM1,1.0418698,0.8231511254019293,NK-CD16+,Mono-C,0.64645135,0.0
TNFSF12,TNFSF12,0.37564817,0.3153526970954357,TNFRSF25,TNFRSF25,0.91637623,0.6296296296296297,NK-CD16+,Treg,0.6460122,0.0
ARF6,ARF6,0.96866137,0.7973568281938326,SMAP1,SMAP1,0.32273948,0.4393939393939394,TRM,Mono-NC,0.64570045,0.002
TGS1,TGS1,0.15338747,0.2511013215859031,RXRA,RXRA,1.1376562,0.9090909090909091,TRM,Mono-NC,0.6455218,0.0
GDF11,GDF11,0.1361848,0.14814814814814814,ACTR2,ACTR2,1.1547889,0.7218045112781954,Treg,cDC2,0.64548683,0.023
SERPINE2,SERPINE2,0.28048342,0.21981424148606812,LRP1,LRP1,1.0102887,0.8360128617363344,NK-CD16-,Mono-C,0.6453861,0.0
NECTIN2,NECTIN2,0.31610417,0.40308370044052866,CD96,CD96,0.97449845,0.6253869969040248,TRM,NK-CD16-,0.64530134,0.0
ADAM15,ADAM15,0.13767268,0.24436090225563908,ITGB1,ITGB1,1.1527835,0.74,cDC2,CD8 T,0.6452281,0.006
CD86,CD86,0.99410695,0.7973568281938326,CD28,CD28,0.29621822,0.2962962962962963,TRM,Treg,0.6451626,0.0
CD28,CD28,0.29621822,0.2962962962962963,CD86,CD86,0.99410695,0.7973568281938326,Treg,TRM,0.6451626,0.0
TNF,TNF,0.3113538,0.24,TNFRSF1A,TNFRSF1A,0.9779132,0.8039647577092511,CD8 T,TRM,0.64463353,0.0
SPON2,SPON2,0.1364203,0.1092436974789916,ITGB1,ITGB1,1.1527835,0.74,CD4 T,CD8 T,0.6446019,0.019
CD1D,CD1D,0.23885658,0.3333333333333333,LILRB2,LILRB2,1.0501987,0.7909967845659164,Mono-NC,Mono-C,0.6445276,0.0
CLEC11A,CLEC11A,0.136135,0.17684887459807075,ITGB1,ITGB1,1.1527835,0.74,Mono-C,CD8 T,0.64445925,0.002
SELPLG,SELPLG,0.37433174,0.29102167182662536,SELL,SELL,0.9139811,0.7234726688102894,NK-CD16-,Mono-C,0.6441564,0.0
C3,C3,0.52352124,0.29515418502202645,LRP1,LRP1,0.7638819,0.7400881057268722,TRM,TRM,0.64370155,0.0
TNFSF12,TNFSF12,0.58940524,0.5639097744360902,CD163,CD163,0.6979688,0.5726872246696035,cDC2,TRM,0.643687,0.0
LGALS9,LGALS9,1.0351217,0.9090909090909091,SLC1A5,SLC1A5,0.25211945,0.37969924812030076,Mono-NC,cDC2,0.64362055,0.0
CD47,CD47,0.7175519,0.5742296918767507,SIRPG,SIRPG,0.5696164,0.5185185185185185,CD4 T,Treg,0.64358413,0.0
SIRPG,SIRPG,0.5696164,0.5185185185185185,CD47,CD47,0.7175519,0.5742296918767507,Treg,CD4 T,0.64358413,0.0
LRPAP1,LRPAP1,0.5230249,0.4179566563467492,LRP1,LRP1,0.7638819,0.7400881057268722,NK-CD16-,TRM,0.6434534,0.0
ADAM10,ADAM10,0.76983654,0.8333333333333334,TREM2,TREM2,0.516853,0.36123348017621143,Mono-NC,TRM,0.64334476,0.0
ADAM15,ADAM15,0.13767268,0.24436090225563908,ITGB1,ITGB1,1.14894,0.7136929460580913,cDC2,NK-CD16+,0.6433063,0.0
GDF11,GDF11,0.13153017,0.14,ACTR2,ACTR2,1.1547889,0.7218045112781954,CD8 T,cDC2,0.6431595,0.006
TNFSF10,TNFSF10,1.0840671,0.7717041800643086,CCR6,CCR6,0.20212027,0.2744360902255639,Mono-C,cDC2,0.6430937,0.0
FASLG,FASLG,0.4846578,0.37755102040816324,TNFRSF1A,TNFRSF1A,0.8014042,0.7234726688102894,γδ T,Mono-C,0.643031,0.0
HLA-DMA,HLA-DMA,0.22754633,0.1989795918367347,CD4,CD4,1.0583234,0.7037037037037037,γδ T,Treg,0.64293486,0.025
ICAM2,ICAM2,0.70572096,0.7272727272727273,ITGAM,ITGAM_ITGB2,0.5801289,0.6211453744493393,Mono-NC,TRM,0.6429249,0.0
ADAM17,ADAM17,0.13284168,0.13165266106442577,ITGB1,ITGB1,1.1527835,0.74,CD4 T,CD8 T,0.6428126,0.037
ADAM10,ADAM10,0.76983654,0.8333333333333334,IL6R,IL6R,0.51561433,0.5484581497797357,Mono-NC,TRM,0.64272547,0.0
SPON2,SPON2,0.1364203,0.1092436974789916,ITGB1,ITGB1,1.14894,0.7136929460580913,CD4 T,NK-CD16+,0.6426801,0.0
CLEC11A,CLEC11A,0.136135,0.17684887459807075,ITGB1,ITGB1,1.14894,0.7136929460580913,Mono-C,NK-CD16+,0.6425375,0.0
LGALS9,LGALS9,0.84653074,0.7652733118971061,CD47,CD47,0.438202,0.5022026431718062,Mono-C,TRM,0.64236635,0.0
F13A1,F13A1,0.08693991,0.13157894736842105,ITGB1,ITGB1,1.1977223,0.8568281938325991,cDC2,TRM,0.6423311,0.0
TOR2A,TOR2A,0.23844133,0.2829581993569132,ATP5F1B,ATP5F1B,1.0460299,0.7293233082706767,Mono-C,cDC2,0.64223564,0.0
ARF6,ARF6,0.9398564,0.7,SMAP1,SMAP1,0.34457767,0.29591836734693877,CD8 T,γδ T,0.64221704,0.03
ICAM3,ICAM3,1.144457,0.8787878787878788,ITGAD,ITGAD_ITGB2,0.13989866,0.10526315789473684,Mono-NC,NK-CD16-,0.6421778,0.0
CD55,CD55,0.22108056,0.1908713692946058,ADGRE2,ADGRE2,1.0632316,0.8787878787878788,NK-CD16+,Mono-NC,0.64215606,0.0
SELPLG,SELPLG,0.44716093,0.4074074074074074,ITGAM,ITGAM,0.8371364,0.729903536977492,Treg,Mono-C,0.6421487,0.0
CD14,CD14,0.76847064,0.4398496240601504,TLR4,TLR4,0.51519525,0.6060606060606061,cDC2,Mono-NC,0.64183295,0.0
ICAM1,ICAM1,0.19924289,0.31203007518796994,ITGAL,ITGAL_ITGB2,1.0843605,0.9090909090909091,cDC2,Mono-NC,0.6418017,0.0
TNF,TNF,0.25419366,0.3181818181818182,ICOS,ICOS,1.0291984,0.7407407407407407,Mono-NC,Treg,0.64169604,0.0
TNF,TNF,0.2541462,0.1991701244813278,ICOS,ICOS,1.0291984,0.7407407407407407,NK-CD16+,Treg,0.6416723,0.0
MIF,MIF,0.683028,0.6466165413533834,TNFRSF14,TNFRSF14,0.60011584,0.4444444444444444,cDC2,Treg,0.6415719,0.0
HLA-DQB1,HLA-DQB1,0.9642835,0.6816720257234726,LAG3,LAG3,0.31858182,0.18518518518518517,Mono-C,Treg,0.64143264,0.001
CD47,CD47,1.1356851,0.7717842323651453,SIRPG,SIRPG,0.14686279,0.13010204081632654,NK-CD16+,γδ T,0.6412739,0.0
SIRPG,SIRPG,0.14686279,0.13010204081632654,CD47,CD47,1.1356851,0.7717842323651453,γδ T,NK-CD16+,0.6412739,0.0
SEMA4A,SEMA4A,0.23234732,0.30303030303030304,LILRB2,LILRB2,1.0501987,0.7909967845659164,Mono-NC,Mono-C,0.641273,0.0
LCK,LCK,1.1123873,0.7427385892116183,CD8A,CD8A_CD8B,0.17009616,0.11204481792717087,NK-CD16+,CD4 T,0.6412417,0.0
CD40LG,CD40LG,0.5116621,0.4117647058823529,ITGA5,ITGA5_ITGB1,0.77074647,0.6101321585903083,CD4 T,TRM,0.6412043,0.0
FBLN1,FBLN1,0.08464276,0.13636363636363635,ITGB1,ITGB1,1.1977223,0.8568281938325991,Mono-NC,TRM,0.64118254,0.0
CALR,CALR,1.1977082,0.7306501547987616,SCARF1,SCARF1,0.08411578,0.14661654135338345,NK-CD16-,cDC2,0.640912,0.0
GDF11,GDF11,0.12699887,0.11203319502074689,ACTR2,ACTR2,1.1547889,0.7218045112781954,NK-CD16+,cDC2,0.6408939,0.002
ADAM17,ADAM17,0.13284168,0.13165266106442577,ITGB1,ITGB1,1.14894,0.7136929460580913,CD4 T,NK-CD16+,0.64089084,0.0
LGALS9,LGALS9,0.7756295,0.698237885462555,LRP1,LRP1,0.50576186,0.6212121212121212,TRM,Mono-NC,0.6406957,0.0
CD55,CD55,0.8667511,0.6585903083700441,ADGRE5,ADGRE5,0.41455382,0.37815126050420167,TRM,CD4 T,0.6406524,0.0
TGFB1,TGFB1,1.1898917,0.8392070484581498,ACVR1,ACVR1_TGFBR1_TGFBR2,0.090866275,0.14977973568281938,TRM,TRM,0.640379,0.0
TGFB1,TGFB1,1.1898917,0.8392070484581498,ACVR1,ACVR1_TGFBR2,0.090866275,0.14977973568281938,TRM,TRM,0.640379,0.0
ICAM2,ICAM2,0.19627827,0.18045112781954886,ITGAL,ITGAL_ITGB2,1.0843605,0.9090909090909091,B,Mono-NC,0.64031935,0.0
CD55,CD55,0.60710025,0.518796992481203,ADGRE5,ADGRE5,0.6728257,0.5102040816326531,B,γδ T,0.639963,0.001
TNFSF12,TNFSF12,0.33201945,0.4115755627009646,TNFRSF25,TNFRSF25,0.94785535,0.66,Mono-C,CD8 T,0.6399374,0.0
IL16,IL16,0.334567,0.3729903536977492,CD4,CD4,0.9452533,0.8484848484848485,Mono-C,Mono-NC,0.63991016,0.0
ADAM17,ADAM17,0.459285,0.48231511254019294,ITGB1,ITGB1,0.8193306,0.7588424437299035,Mono-C,Mono-C,0.6393078,0.0
CD55,CD55,1.0605979,0.7588424437299035,CR1,CR1,0.21769552,0.2727272727272727,Mono-C,Mono-NC,0.6391467,0.0
MDK,MDK,0.110244885,0.14661654135338345,NCL,NCL,1.1679592,0.7450980392156863,cDC2,CD4 T,0.63910204,0.018
CD40LG,CD40LG,0.5116621,0.4117647058823529,CD9,CD9,0.7663731,0.5154185022026432,CD4 T,TRM,0.6390176,0.0
HLA-DQA2,HLA-DQA2,1.0928336,0.5601503759398496,LAG3,LAG3,0.1844943,0.15126050420168066,cDC2,CD4 T,0.63866395,0.0
SELPLG,SELPLG,0.36312357,0.29336734693877553,SELL,SELL,0.9139811,0.7234726688102894,γδ T,Mono-C,0.6385523,0.0
TNFSF13B,TNFSF13B,0.4346889,0.28291316526610644,CD40,CD40,0.8423143,0.631578947368421,CD4 T,B,0.6385016,0.0
CD40LG,CD40LG,0.16607237,0.18518518518518517,CD9,CD9,1.1109124,0.5851393188854489,Treg,NK-CD16-,0.6384924,0.0
ICAM2,ICAM2,0.19227952,0.2577092511013216,ITGAL,ITGAL_ITGB2,1.0843605,0.9090909090909091,TRM,Mono-NC,0.63831997,0.0
SELPLG,SELPLG,0.19067334,0.2665198237885463,SELL,SELL,1.0858085,0.7368421052631579,TRM,B,0.63824093,0.0
ARF6,ARF6,0.96866137,0.7973568281938326,SMAP1,SMAP1,0.30665138,0.2572614107883817,TRM,NK-CD16+,0.6376564,0.0
SLPI,SLPI,0.17855424,0.20300751879699247,PLSCR1,PLSCR1,1.0963318,0.8634361233480177,cDC2,TRM,0.63744307,0.0
ARF6,ARF6,0.70385534,0.5406162464985994,SMAP1,SMAP1,0.57048416,0.48,CD4 T,CD8 T,0.6371697,0.008
LGALS9,LGALS9,0.7756295,0.698237885462555,HAVCR2,HAVCR2,0.49840647,0.575187969924812,TRM,cDC2,0.63701797,0.0
LGALS9,LGALS9,0.1378367,0.14,CD47,CD47,1.1356851,0.7717842323651453,CD8 T,NK-CD16+,0.6367609,0.002
GZMB,GZMB,0.8072066,0.37925696594427244,IGF2R,IGF2R,0.4662221,0.3775933609958506,NK-CD16-,NK-CD16+,0.63671434,0.0
ADAM9,ADAM9,0.4540225,0.526431718061674,ITGB1,ITGB1,0.8193306,0.7588424437299035,TRM,Mono-C,0.63667655,0.0
ARF6,ARF6,0.96866137,0.7973568281938326,SMAP1,SMAP1,0.30451304,0.24613003095975233,TRM,NK-CD16-,0.6365872,0.0
THBS1,THBS1,0.4268466,0.2797427652733119,ITGA4,ITGA4,0.84618366,0.803030303030303,Mono-C,Mono-NC,0.63651514,0.0
ICAM1,ICAM1,0.15969443,0.21212121212121213,SPN,SPN,1.1130515,0.7136929460580913,Mono-NC,NK-CD16+,0.636373,0.0
ADAM9,ADAM9,0.18362345,0.2556390977443609,ITGB1,ITGB1,1.0891075,0.6965944272445821,cDC2,NK-CD16-,0.6363655,0.0
ARF6,ARF6,0.96866137,0.7973568281938326,SMAP1,SMAP1,0.30401206,0.3440514469453376,TRM,Mono-C,0.6363367,0.0
NID1,NID1,0.07461074,0.10352422907488987,ITGB1,ITGB1,1.1977223,0.8568281938325991,TRM,TRM,0.6361665,0.0
LGALS3BP,LGALS3BP,0.11941096,0.1092436974789916,ITGB1,ITGB1,1.1527835,0.74,CD4 T,CD8 T,0.63609725,0.007
TNFSF13B,TNFSF13B,1.1212561,0.8167202572347267,TNFRSF17,TNFRSF17,0.15055928,0.15789473684210525,Mono-C,B,0.6359077,0.0
TLN1,TLN1,1.1450124,0.8787878787878788,ITGB5,ITGB5,0.12635961,0.1960352422907489,Mono-NC,TRM,0.635686,0.0
HLA-DQA2,HLA-DQA2,0.5102141,0.3954983922829582,CD4,CD4,0.7606554,0.6428571428571429,Mono-C,cDC2,0.63543475,0.0
TNFSF13B,TNFSF13B,1.1212561,0.8167202572347267,TFRC,TFRC,0.14952786,0.1832797427652733,Mono-C,Mono-C,0.635392,0.0
CLEC11A,CLEC11A,0.11737095,0.1696035242290749,ITGB1,ITGB1,1.1527835,0.74,TRM,CD8 T,0.63507724,0.003
ADAM10,ADAM10,0.37611127,0.3070539419087137,TSPAN14,TSPAN14,0.8938319,0.803030303030303,NK-CD16+,Mono-NC,0.6349716,0.0
CALM3,CALM3,1.1553215,0.7407407407407407,KCNQ1,KCNQ1,0.11400295,0.16079295154185022,Treg,TRM,0.6346622,0.0
ICAM1,ICAM1,0.21409014,0.2508038585209003,IL2RG,IL2RG,1.0547692,0.7168367346938775,Mono-C,γδ T,0.63442963,0.0
IL16,IL16,0.15774843,0.23348017621145375,CD9,CD9,1.1109124,0.5851393188854489,TRM,NK-CD16-,0.63433045,0.0
SPP1,SPP1,0.7100559,0.2555066079295154,ITGAV,ITGAV_ITGB1,0.5585293,0.5748898678414097,TRM,TRM,0.6342926,0.0
LGALS3BP,LGALS3BP,0.11941096,0.1092436974789916,ITGB1,ITGB1,1.14894,0.7136929460580913,CD4 T,NK-CD16+,0.6341755,0.0
MDK,MDK,0.110244885,0.14661654135338345,NCL,NCL,1.158005,0.7481203007518797,cDC2,cDC2,0.63412493,0.037
CD38,CD38,0.2260057,0.2222222222222222,PECAM1,PECAM1,1.0418698,0.8231511254019293,Treg,Mono-C,0.6339377,0.0
TOR2A,TOR2A,0.23844133,0.2829581993569132,ATP5F1B,ATP5F1B,1.029172,0.8167202572347267,Mono-C,Mono-C,0.63380665,0.0
TNFSF10,TNFSF10,0.93402314,0.6818181818181818,CCR6,CCR6,0.33357057,0.3233082706766917,Mono-NC,B,0.6337969,0.0
CALM3,CALM3,1.1553215,0.7407407407407407,KCNQ1,KCNQ1,0.111896254,0.16666666666666666,Treg,Mono-NC,0.6336089,0.0
LUM,LUM,0.06942043,0.12121212121212122,ITGB1,ITGB1,1.1977223,0.8568281938325991,Mono-NC,TRM,0.6335714,0.0
TNFSF13B,TNFSF13B,0.42461497,0.4699248120300752,CD40,CD40,0.8423143,0.631578947368421,cDC2,B,0.63346463,0.0
MDK,MDK,0.110244885,0.14661654135338345,NCL,NCL,1.1562274,0.7372448979591837,cDC2,γδ T,0.6332361,0.024
CLEC11A,CLEC11A,0.11737095,0.1696035242290749,ITGB1,ITGB1,1.14894,0.7136929460580913,TRM,NK-CD16+,0.63315547,0.0
LGALS9,LGALS9,0.13019994,0.10990712074303406,CD47,CD47,1.1356851,0.7717842323651453,NK-CD16-,NK-CD16+,0.6329425,0.0
ICAM2,ICAM2,0.42850184,0.36,ITGAM,ITGAM_ITGB2,0.8371364,0.729903536977492,CD8 T,Mono-C,0.6328191,0.0
THBS1,THBS1,0.3429111,0.23788546255506607,CD47,CD47,0.92230505,0.8181818181818182,TRM,Mono-NC,0.63260806,0.0
FABP5,FABP5,0.1274715,0.11203319502074689,RXRA,RXRA,1.1376562,0.9090909090909091,NK-CD16+,Mono-NC,0.6325638,0.0
TOR2A,TOR2A,0.23844133,0.2829581993569132,ATP5F1B,ATP5F1B,1.026185,0.8105726872246696,Mono-C,TRM,0.6323132,0.0
HLA-DQA1,HLA-DQA1,0.7005987,0.5016077170418006,LAG3,LAG3,0.5634088,0.41836734693877553,Mono-C,γδ T,0.6320038,0.0
TNF,TNF,0.2347979,0.18112244897959184,ICOS,ICOS,1.0291984,0.7407407407407407,γδ T,Treg,0.6319982,0.0
TNFSF13B,TNFSF13B,0.5918427,0.5616740088105727,TNFRSF13B,TNFRSF13B,0.6716681,0.5037593984962406,TRM,B,0.6317554,0.0
TNFSF13B,TNFSF13B,1.1212561,0.8167202572347267,CD40,CD40,0.14197683,0.24242424242424243,Mono-C,Mono-NC,0.6316165,0.0
ADAM17,ADAM17,0.114235006,0.24060150375939848,ITGB1,ITGB1,1.14894,0.7136929460580913,cDC2,NK-CD16+,0.6315875,0.0
LGALS3,LGALS3,0.6997166,0.48148148148148145,LAG3,LAG3,0.5634088,0.41836734693877553,Treg,γδ T,0.6315627,0.023
NID1,NID1,0.11003102,0.1414790996784566,ITGB1,ITGB1,1.1527835,0.74,Mono-C,CD8 T,0.63140726,0.001
HLA-DMB,HLA-DMB,0.46199447,0.5,CD4,CD4,0.8007195,0.7290748898678414,Mono-NC,TRM,0.63135695,0.0
CD47,CD47,0.5424275,0.5939849624060151,SIRPA,SIRPA,0.7202235,0.6960352422907489,cDC2,TRM,0.6313255,0.0
SIRPA,SIRPA,0.7202235,0.6960352422907489,CD47,CD47,0.5424275,0.5939849624060151,TRM,cDC2,0.6313255,0.0
FAM3C,FAM3C,0.3773607,0.29102167182662536,CLEC2D,CLEC2D,0.8850114,0.6182572614107884,NK-CD16-,NK-CD16+,0.631186,0.0
NID1,NID1,0.109281115,0.18181818181818182,ITGB1,ITGB1,1.1527835,0.74,Mono-NC,CD8 T,0.6310323,0.001
HGF,HGF,0.10895583,0.15638766519823788,ITGB1,ITGB1,1.1527835,0.74,TRM,CD8 T,0.6308697,0.001
HSPA1A,HSPA1A,0.86123985,0.7427652733118971,TLR4,TLR4,0.40018338,0.4977973568281938,Mono-C,TRM,0.6307116,0.0
PTPN6,PTPN6,0.8431796,0.5603715170278638,CD300LF,CD300LF,0.41737768,0.43729903536977494,NK-CD16-,Mono-C,0.63027865,0.0
CD55,CD55,0.60710025,0.518796992481203,ADGRE2,ADGRE2,0.65278596,0.6365638766519823,B,TRM,0.62994313,0.0
ACTR2,ACTR2,1.1547889,0.7218045112781954,LDLR,LDLR,0.10507937,0.13504823151125403,cDC2,Mono-C,0.62993413,0.002
CFH,CFH,0.42226115,0.3,ITGAM,ITGAM,0.8371364,0.729903536977492,CD8 T,Mono-C,0.62969875,0.0
PLAU,PLAU,0.17025682,0.22932330827067668,ITGB1,ITGB1,1.0891075,0.6965944272445821,cDC2,NK-CD16-,0.6296822,0.0
TLN1,TLN1,1.1450124,0.8787878787878788,ITGB5,ITGB5,0.11423527,0.18045112781954886,Mono-NC,cDC2,0.62962383,0.0
NID1,NID1,0.11003102,0.1414790996784566,ITGB1,ITGB1,1.14894,0.7136929460580913,Mono-C,NK-CD16+,0.6294855,0.0
TNFSF13B,TNFSF13B,1.1212561,0.8167202572347267,TFRC,TFRC,0.13763095,0.24060150375939848,Mono-C,cDC2,0.6294435,0.0
CD1D,CD1D,0.20845255,0.2577092511013216,LILRB2,LILRB2,1.0501987,0.7909967845659164,TRM,Mono-C,0.6293256,0.0
ADAM10,ADAM10,0.76983654,0.8333333333333334,TSPAN14,TSPAN14,0.48881254,0.38589211618257263,Mono-NC,NK-CD16+,0.62932456,0.0
NID1,NID1,0.109281115,0.18181818181818182,ITGB1,ITGB1,1.14894,0.7136929460580913,Mono-NC,NK-CD16+,0.6291105,0.0
HGF,HGF,0.10895583,0.15638766519823788,ITGB1,ITGB1,1.14894,0.7136929460580913,TRM,NK-CD16+,0.6289479,0.0
ADAM9,ADAM9,0.16861698,0.21864951768488747,ITGB1,ITGB1,1.0891075,0.6965944272445821,Mono-C,NK-CD16-,0.62886226,0.0
TOR2A,TOR2A,0.21160266,0.18672199170124482,ATP5F1B,ATP5F1B,1.0460299,0.7293233082706767,NK-CD16+,cDC2,0.6288163,0.0
ZG16B,ZG16B,0.13359676,0.18181818181818182,CXCR4,CXCR4,1.1235944,0.6387665198237885,Mono-NC,TRM,0.6285956,0.0
SLPI,SLPI,0.16079405,0.13725490196078433,PLSCR1,PLSCR1,1.0963318,0.8634361233480177,CD4 T,TRM,0.6285629,0.0
LGALS9,LGALS9,0.84653074,0.7652733118971061,CD47,CD47,0.41050547,0.4855305466237942,Mono-C,Mono-C,0.6285181,0.0
LILRB4,LILRB4,0.3770987,0.4696969696969697,LAIR1,LAIR1,0.8797599,0.748898678414097,Mono-NC,TRM,0.6284293,0.0
IL1B,IL1B,0.50131196,0.37969924812030076,SIGIRR,SIGIRR,0.75546813,0.5726141078838174,cDC2,NK-CD16+,0.6283901,0.0
ADAM12,ADAM12,0.1674131,0.14814814814814814,ITGB1,ITGB1,1.0891075,0.6965944272445821,Treg,NK-CD16-,0.6282603,0.0
GZMB,GZMB,0.9504289,0.44642857142857145,IGF2R,IGF2R,0.30584055,0.394273127753304,γδ T,TRM,0.6281347,0.0
SIRPA,SIRPA,0.7202235,0.6960352422907489,CD47,CD47,0.5359284,0.4148606811145511,TRM,NK-CD16-,0.62807596,0.0
CD47,CD47,0.5359284,0.4148606811145511,SIRPA,SIRPA,0.7202235,0.6960352422907489,NK-CD16-,TRM,0.62807596,0.0
TGFB1,TGFB1,1.0907497,0.8553054662379421,ACVR1B,ACVR1B_TGFBR2,0.16493146,0.25757575757575757,Mono-C,Mono-NC,0.6278406,0.026
SEMA4D,SEMA4D,0.6669683,0.4628482972136223,PLXNB2,PLXNB2,0.5883373,0.5852090032154341,NK-CD16-,Mono-C,0.62765276,0.0
TNFSF12,TNFSF12,0.6333843,0.5925925925925926,CD163,CD163,0.6218418,0.5594855305466238,Treg,Mono-C,0.62761307,0.0
ADAM17,ADAM17,0.1656468,0.18045112781954886,ITGB1,ITGB1,1.0891075,0.6965944272445821,B,NK-CD16-,0.62737715,0.0
TNFSF10,TNFSF10,1.0840671,0.7717041800643086,TNFRSF10D,TNFRSF10D,0.17000455,0.2092511013215859,Mono-C,TRM,0.62703586,0.0
ICAM1,ICAM1,0.19924289,0.31203007518796994,IL2RG,IL2RG,1.0547692,0.7168367346938775,cDC2,γδ T,0.62700605,0.0
CXADR,CXADR,0.091131605,0.1013215859030837,JAML,JAML,1.1627872,0.6954887218045113,TRM,cDC2,0.6269594,0.0
JAML,JAML,1.1627872,0.6954887218045113,CXADR,CXADR,0.091131605,0.1013215859030837,cDC2,TRM,0.6269594,0.0
MDK,MDK,0.0854343,0.11894273127753303,NCL,NCL,1.1679592,0.7450980392156863,TRM,CD4 T,0.62669677,0.044
HLA-DQA2,HLA-DQA2,0.68994284,0.5151515151515151,LAG3,LAG3,0.5634088,0.41836734693877553,Mono-NC,γδ T,0.62667584,0.0
LGALS9,LGALS9,0.2426989,0.2556390977443609,LRP1,LRP1,1.0102887,0.8360128617363344,B,Mono-C,0.6264938,0.0
MIF,MIF,0.95702225,0.66,TNFRSF14,TNFRSF14,0.2951234,0.41353383458646614,CD8 T,cDC2,0.6260728,0.001
IL16,IL16,0.45075288,0.42105263157894735,CD4,CD4,0.8007195,0.7290748898678414,B,TRM,0.6257362,0.0
HGF,HGF,0.09813274,0.13636363636363635,ITGB1,ITGB1,1.1527835,0.74,Mono-NC,CD8 T,0.6254581,0.002
LGALS9,LGALS9,0.84653074,0.7652733118971061,CD47,CD47,0.40409848,0.37037037037037035,Mono-C,Treg,0.6253146,0.04
LGALS3BP,LGALS3BP,0.16127618,0.12,ITGB1,ITGB1,1.0891075,0.6965944272445821,CD8 T,NK-CD16-,0.62519187,0.0
ICAM2,ICAM2,0.70572096,0.7272727272727273,ITGAL,ITGAL_ITGB2,0.5443839,0.5498392282958199,Mono-NC,Mono-C,0.62505245,0.0
SIRPA,SIRPA,0.113880225,0.16666666666666666,CD47,CD47,1.1356851,0.7717842323651453,Mono-NC,NK-CD16+,0.6247827,0.0
CD47,CD47,1.1356851,0.7717842323651453,SIRPA,SIRPA,0.113880225,0.16666666666666666,NK-CD16+,Mono-NC,0.6247827,0.0
HSPA1A,HSPA1A,0.8493773,0.8181818181818182,TLR4,TLR4,0.40018338,0.4977973568281938,Mono-NC,TRM,0.6247803,0.0
LGALS9,LGALS9,0.11375386,0.10714285714285714,CD47,CD47,1.1356851,0.7717842323651453,γδ T,NK-CD16+,0.6247195,0.0
VCAN,VCAN,0.5012526,0.42424242424242425,TLR2,TLR2,0.7481718,0.684887459807074,Mono-NC,Mono-C,0.6247122,0.001
TNFSF10,TNFSF10,1.0840671,0.7717041800643086,TNFRSF10B,TNFRSF10B,0.16522051,0.25757575757575757,Mono-C,Mono-NC,0.6246438,0.0
LGALS9,LGALS9,0.84653074,0.7652733118971061,HAVCR2,HAVCR2,0.402509,0.5303030303030303,Mono-C,Mono-NC,0.6245199,0.0
ICAM3,ICAM3,1.1089442,0.7510373443983402,ITGAD,ITGAD_ITGB2,0.13989866,0.10526315789473684,NK-CD16+,NK-CD16-,0.6244214,0.0
TNFSF12,TNFSF12,0.33201945,0.4115755627009646,TNFRSF25,TNFRSF25,0.91637623,0.6296296296296297,Mono-C,Treg,0.62419784,0.0
LRPAP1,LRPAP1,0.48357314,0.4,LRP1,LRP1,0.7638819,0.7400881057268722,CD8 T,TRM,0.62372756,0.0
HGF,HGF,0.09813274,0.13636363636363635,ITGB1,ITGB1,1.14894,0.7136929460580913,Mono-NC,NK-CD16+,0.62353635,0.0
TLN1,TLN1,1.1206421,0.8585209003215434,ITGB5,ITGB5,0.12635961,0.1960352422907489,Mono-C,TRM,0.6235008,0.0
LGALS9,LGALS9,0.23665385,0.25925925925925924,LRP1,LRP1,1.0102887,0.8360128617363344,Treg,Mono-C,0.62347126,0.0
IL16,IL16,0.35509396,0.45454545454545453,CD4,CD4,0.89178056,0.7556270096463023,Mono-NC,Mono-C,0.6234373,0.0
VCAN,VCAN,0.1599463,0.15037593984962405,SELL,SELL,1.0858085,0.7368421052631579,cDC2,B,0.6228774,0.0
ADAM28,ADAM28,0.3984995,0.462406015037594,ITGA4,ITGA4,0.84618366,0.803030303030303,cDC2,Mono-NC,0.6223416,0.0
SEMA4A,SEMA4A,0.3511191,0.4212218649517685,LILRB2,LILRB2,0.89341325,0.7268722466960352,Mono-C,TRM,0.6222662,0.0
CD59,CD59,0.48945206,0.4074074074074074,STAB1,STAB1,0.75494057,0.6497797356828194,Treg,TRM,0.6221963,0.0
ADAM17,ADAM17,0.15525667,0.14,ITGB1,ITGB1,1.0891075,0.6965944272445821,CD8 T,NK-CD16-,0.6221821,0.008
RTN4,RTN4,1.1653845,0.8488745980707395,S1PR2,S1PR2,0.07879539,0.1111111111111111,Mono-C,Treg,0.62209,0.0
ICAM1,ICAM1,0.15969443,0.21212121212121213,ITGAL,ITGAL_ITGB2,1.0843605,0.9090909090909091,Mono-NC,Mono-NC,0.62202746,0.0
ARF6,ARF6,0.67353094,0.6015037593984962,SMAP1,SMAP1,0.57048416,0.48,B,CD8 T,0.62200755,0.049
CXADR,CXADR,0.080684796,0.12030075187969924,JAML,JAML,1.1627872,0.6954887218045113,cDC2,cDC2,0.621736,0.0
JAML,JAML,1.1627872,0.6954887218045113,CXADR,CXADR,0.080684796,0.12030075187969924,cDC2,cDC2,0.621736,0.0
CCL20,CCL20,0.72674614,0.48,CCR6,CCR6,0.51606035,0.38,CD8 T,CD8 T,0.6214032,0.0
TNFSF10,TNFSF10,1.0840671,0.7717041800643086,TNFRSF10B,TNFRSF10B,0.15867808,0.21543408360128619,Mono-C,Mono-C,0.6213726,0.0
FAM3C,FAM3C,0.35769698,0.3383458646616541,CLEC2D,CLEC2D,0.8850114,0.6182572614107884,B,NK-CD16+,0.62135416,0.0
ADAM17,ADAM17,0.15327583,0.1377551020408163,ITGB1,ITGB1,1.0891075,0.6965944272445821,γδ T,NK-CD16-,0.6211917,0.0
CD55,CD55,0.17872322,0.14705882352941177,ADGRE2,ADGRE2,1.0632316,0.8787878787878788,NK-CD16-,Mono-NC,0.6209774,0.0
HLA-DQB1,HLA-DQB1,1.0010759,0.7575757575757576,LAG3,LAG3,0.24067335,0.2074688796680498,Mono-NC,NK-CD16+,0.6208746,0.034
LRPAP1,LRPAP1,0.82922006,0.7037037037037037,SORT1,SORT1,0.41241643,0.48484848484848486,Treg,Mono-NC,0.62081826,0.0
ADAM17,ADAM17,0.15251371,0.13692946058091288,ITGB1,ITGB1,1.0891075,0.6965944272445821,NK-CD16+,NK-CD16-,0.6208106,0.0
CD47,CD47,0.92230505,0.8181818181818182,SIRPA,SIRPA,0.31892416,0.45864661654135336,Mono-NC,cDC2,0.6206146,0.0
SIRPA,SIRPA,0.31892416,0.45864661654135336,CD47,CD47,0.92230505,0.8181818181818182,cDC2,Mono-NC,0.6206146,0.0
SIRPB2,SIRPB2,0.31865022,0.3536977491961415,CD47,CD47,0.92230505,0.8181818181818182,Mono-C,Mono-NC,0.6204776,0.0
PLAT,PLAT,0.47695556,0.38,LRP1,LRP1,0.7638819,0.7400881057268722,CD8 T,TRM,0.6204187,0.0
TOR2A,TOR2A,0.21160266,0.18672199170124482,ATP5F1B,ATP5F1B,1.029172,0.8167202572347267,NK-CD16+,Mono-C,0.6203873,0.0
LGALS9,LGALS9,0.8022431,0.6879699248120301,CD47,CD47,0.438202,0.5022026431718062,cDC2,TRM,0.62022257,0.0
SLPI,SLPI,0.14407238,0.14814814814814814,PLSCR1,PLSCR1,1.0963318,0.8634361233480177,Treg,TRM,0.6202021,0.0
A2M,A2M,0.7345292,0.4052863436123348,LRP1,LRP1,0.50576186,0.6212121212121212,TRM,Mono-NC,0.62014556,0.0
ADAM10,ADAM10,0.67234373,0.6655948553054662,TSPAN14,TSPAN14,0.56747836,0.5755627009646302,Mono-C,Mono-C,0.6199111,0.0
F13A1,F13A1,0.08693991,0.13157894736842105,ITGB1,ITGB1,1.1527835,0.74,cDC2,CD8 T,0.6198617,0.017
ADAM17,ADAM17,0.15021485,0.14814814814814814,ITGB1,ITGB1,1.0891075,0.6965944272445821,Treg,NK-CD16-,0.6196612,0.035
ICAM1,ICAM1,0.33819893,0.3788546255506608,ITGAL,ITGAL_ITGB2,0.9007067,0.6680497925311203,TRM,NK-CD16+,0.61945283,0.0
GZMB,GZMB,0.9504289,0.44642857142857145,IGF2R,IGF2R,0.28827822,0.25925925925925924,γδ T,Treg,0.61935353,0.0
IFNG,IFNG,0.2180502,0.17842323651452283,IFNGR2,IFNGR1_IFNGR2,1.0206245,0.8105726872246696,NK-CD16+,TRM,0.6193374,0.0
TNFSF13B,TNFSF13B,1.1212561,0.8167202572347267,TFRC,TFRC,0.11735174,0.14285714285714285,Mono-C,B,0.61930394,0.0
FABP5,FABP5,0.100647,0.1,RXRA,RXRA,1.1376562,0.9090909090909091,CD8 T,Mono-NC,0.6191516,0.0
HGF,HGF,0.148831,0.18006430868167203,ITGB1,ITGB1,1.0891075,0.6965944272445821,Mono-C,NK-CD16-,0.61896926,0.0
TOR2A,TOR2A,0.21160266,0.18672199170124482,ATP5F1B,ATP5F1B,1.026185,0.8105726872246696,NK-CD16+,TRM,0.61889386,0.0
IL1B,IL1B,0.8441269,0.4565916398713826,SIGIRR,SIGIRR,0.3935721,0.45454545454545453,Mono-C,Mono-NC,0.6188495,0.0
NECTIN2,NECTIN2,0.23838682,0.34962406015037595,CD96,CD96,0.9993103,0.6887755102040817,cDC2,γδ T,0.61884856,0.0
LGALS3,LGALS3,0.5337509,0.3585434173669468,ENG,ENG,0.70372885,0.6453744493392071,CD4 T,TRM,0.61873984,0.0
FBLN1,FBLN1,0.08464276,0.13636363636363635,ITGB1,ITGB1,1.1527835,0.74,Mono-NC,CD8 T,0.61871314,0.008
CCL3,CCL3,0.5284874,0.2946058091286307,CCR1,CCR1,0.708821,0.639871382636656,NK-CD16+,Mono-C,0.6186542,0.0
LRPAP1,LRPAP1,0.5438209,0.5789473684210527,SORL1,SORL1,0.69347787,0.6541850220264317,cDC2,TRM,0.61864936,0.0
SLPI,SLPI,0.17855424,0.20300751879699247,CD4,CD4,1.0583234,0.7037037037037037,cDC2,Treg,0.61843884,0.0
VEGFA,VEGFA,0.1474075,0.16541353383458646,ITGB1,ITGB1,1.0891075,0.6965944272445821,cDC2,NK-CD16-,0.6182575,0.038
F13A1,F13A1,0.08693991,0.13157894736842105,ITGB1,ITGB1,1.14894,0.7136929460580913,cDC2,NK-CD16+,0.61793995,0.0
F11R,F11R,0.1511476,0.17684887459807075,ITGAL,ITGAL_ITGB2,1.0843605,0.9090909090909091,Mono-C,Mono-NC,0.61775404,0.0
TNFSF13B,TNFSF13B,0.10057229,0.1111111111111111,TNFRSF13C,TNFRSF13C,1.1349291,0.7819548872180451,Treg,B,0.61775064,0.0
F13A1,F13A1,0.38930294,0.3502202643171806,ITGA4,ITGA4,0.84618366,0.803030303030303,TRM,Mono-NC,0.6177433,0.0
TOR2A,TOR2A,0.18943338,0.29955947136563876,ATP5F1B,ATP5F1B,1.0460299,0.7293233082706767,TRM,cDC2,0.61773163,0.0
MIF,MIF,0.748788,0.5340557275541795,TNFRSF14,TNFRSF14,0.48630035,0.38589211618257263,NK-CD16-,NK-CD16+,0.6175442,0.0
FAM3C,FAM3C,0.3773607,0.29102167182662536,LAMP1,LAMP1,0.8576116,0.7312775330396476,NK-CD16-,TRM,0.6174861,0.0
TLN1,TLN1,1.1206421,0.8585209003215434,ITGB5,ITGB5,0.11423527,0.18045112781954886,Mono-C,cDC2,0.6174387,0.0
PTPN6,PTPN6,1.0776117,0.8360128617363344,CLEC12A,CLEC12A,0.1569512,0.14,Mono-C,CD8 T,0.61728144,0.014
PLAT,PLAT,0.22384928,0.16246498599439776,LRP1,LRP1,1.0102887,0.8360128617363344,CD4 T,Mono-C,0.617069,0.0
CD55,CD55,1.0605979,0.7588424437299035,ADGRE2,ADGRE2,0.17350261,0.2894736842105263,Mono-C,cDC2,0.61705023,0.0
RTN4,RTN4,1.1653845,0.8488745980707395,S1PR2,S1PR2,0.06845517,0.15789473684210525,Mono-C,cDC2,0.6169199,0.0
ARF6,ARF6,0.6633545,0.6302250803858521,SMAP1,SMAP1,0.57048416,0.48,Mono-C,CD8 T,0.61691934,0.046
FBLN1,FBLN1,0.08464276,0.13636363636363635,ITGB1,ITGB1,1.14894,0.7136929460580913,Mono-NC,NK-CD16+,0.61679137,0.0
IL1B,IL1B,0.8441269,0.4565916398713826,SIGIRR,SIGIRR,0.38942286,0.4437299035369775,Mono-C,Mono-C,0.61677486,0.0
CCL20,CCL20,0.71738446,0.48148148148148145,CCR6,CCR6,0.51606035,0.38,Treg,CD8 T,0.6167224,0.0
ADAM12,ADAM12,0.14426556,0.1,ITGB1,ITGB1,1.0891075,0.6965944272445821,CD8 T,NK-CD16-,0.6166865,0.0
LRPAP1,LRPAP1,0.5390503,0.5659163987138264,SORL1,SORL1,0.69347787,0.6541850220264317,Mono-C,TRM,0.6162641,0.0
ICAM2,ICAM2,0.39511392,0.3360995850622407,ITGAM,ITGAM_ITGB2,0.8371364,0.729903536977492,NK-CD16+,Mono-C,0.61612517,0.0
TNF,TNF,0.25419366,0.3181818181818182,TNFRSF1A,TNFRSF1A,0.9779132,0.8039647577092511,Mono-NC,TRM,0.61605346,0.0
TNF,TNF,0.2541462,0.1991701244813278,TNFRSF1A,TNFRSF1A,0.9779132,0.8039647577092511,NK-CD16+,TRM,0.6160297,0.0
ADAM10,ADAM10,0.3381124,0.24,TSPAN14,TSPAN14,0.8938319,0.803030303030303,CD8 T,Mono-NC,0.61597216,0.0
IL1B,IL1B,0.50131196,0.37969924812030076,SIGIRR,SIGIRR,0.72914785,0.5925925925925926,cDC2,Treg,0.6152299,0.001
ADAM17,ADAM17,0.459285,0.48231511254019294,ITGA5,ITGA5,0.77074647,0.6101321585903083,Mono-C,TRM,0.61501575,0.0
ARF6,ARF6,0.85949427,0.6224489795918368,SMAP1,SMAP1,0.36998785,0.3333333333333333,γδ T,CD4 T,0.6147411,0.001
LRPAP1,LRPAP1,0.53571665,0.45228215767634855,SORL1,SORL1,0.69347787,0.6541850220264317,NK-CD16+,TRM,0.61459726,0.0
TNF,TNF,0.19934118,0.16246498599439776,ICOS,ICOS,1.0291984,0.7407407407407407,CD4 T,Treg,0.6142698,0.0
LGALS3BP,LGALS3BP,0.26561338,0.31954887218045114,ITGB1,ITGB1,0.96273524,0.8636363636363636,cDC2,Mono-NC,0.6141743,0.005
IL23A,IL23A,0.17799231,0.18518518518518517,LILRB2,LILRB2,1.0501987,0.7909967845659164,Treg,Mono-C,0.6140955,0.0
NECTIN2,NECTIN2,0.31610417,0.40308370044052866,CD96,CD96,0.91198605,0.66,TRM,CD8 T,0.61404514,0.0
SLPI,SLPI,0.13173313,0.10204081632653061,PLSCR1,PLSCR1,1.0963318,0.8634361233480177,γδ T,TRM,0.6140325,0.0
CALM3,CALM3,1.1553215,0.7407407407407407,INSR,INSR,0.072167516,0.12781954887218044,Treg,cDC2,0.6137445,0.0
NID1,NID1,0.07461074,0.10352422907488987,ITGB1,ITGB1,1.1527835,0.74,TRM,CD8 T,0.6136971,0.005
SLPI,SLPI,0.13046193,0.14790996784565916,PLSCR1,PLSCR1,1.0963318,0.8634361233480177,Mono-C,TRM,0.6133969,0.0
ADAM15,ADAM15,0.13767268,0.24436090225563908,ITGB1,ITGB1,1.0891075,0.6965944272445821,cDC2,NK-CD16-,0.6133901,0.0
PTPN6,PTPN6,1.0776117,0.8360128617363344,CLEC12A,CLEC12A,0.14910583,0.12693498452012383,Mono-C,NK-CD16-,0.61335874,0.0
IL16,IL16,0.334567,0.3729903536977492,CD4,CD4,0.89178056,0.7556270096463023,Mono-C,Mono-C,0.6131738,0.0
HBEGF,HBEGF,0.91429305,0.5726872246696035,CD82,CD82,0.31145144,0.3722466960352423,TRM,TRM,0.61287224,0.0
CALM3,CALM3,1.1553215,0.7407407407407407,INSR,INSR,0.07030151,0.1145374449339207,Treg,TRM,0.6128115,0.0
HLA-DQA2,HLA-DQA2,0.16729324,0.14814814814814814,CD4,CD4,1.0583234,0.7037037037037037,Treg,Treg,0.6128083,0.021
SPON2,SPON2,0.1364203,0.1092436974789916,ITGB1,ITGB1,1.0891075,0.6965944272445821,CD4 T,NK-CD16-,0.6127639,0.0
CLEC11A,CLEC11A,0.136135,0.17684887459807075,ITGB1,ITGB1,1.0891075,0.6965944272445821,Mono-C,NK-CD16-,0.61262125,0.0
SIRPB2,SIRPB2,0.08932884,0.13636363636363635,CD47,CD47,1.1356851,0.7717842323651453,Mono-NC,NK-CD16+,0.612507,0.0
LILRB4,LILRB4,0.3445725,0.3609022556390977,LAIR1,LAIR1,0.8797599,0.748898678414097,cDC2,TRM,0.6121662,0.0
FCER2,FCER2,0.35505903,0.2857142857142857,ITGAX,ITGAX_ITGB2,0.86921126,0.8333333333333334,B,Mono-NC,0.6121352,0.0
SLPI,SLPI,0.12755589,0.1078838174273859,PLSCR1,PLSCR1,1.0963318,0.8634361233480177,NK-CD16+,TRM,0.61194384,0.0
PLAU,PLAU,0.36424682,0.4052863436123348,PLAUR,PLAUR,0.85952306,0.6366559485530546,TRM,Mono-C,0.61188495,0.0
PTPN6,PTPN6,0.57184577,0.42,CD300LF,CD300LF,0.65190804,0.6818181818181818,CD8 T,Mono-NC,0.6118769,0.002
GZMB,GZMB,0.9504289,0.44642857142857145,IGF2R,IGF2R,0.27312338,0.36363636363636365,γδ T,Mono-NC,0.6117761,0.0
NID1,NID1,0.07461074,0.10352422907488987,ITGB1,ITGB1,1.14894,0.7136929460580913,TRM,NK-CD16+,0.61177534,0.0
CCL20,CCL20,0.72674614,0.48,CXCR3,CXCR3,0.49649835,0.3746130030959752,CD8 T,NK-CD16-,0.6116222,0.0
IL1B,IL1B,0.8441269,0.4565916398713826,IL1RAP,IL1R1_IL1RAP,0.37894168,0.3964757709251101,Mono-C,TRM,0.6115343,0.0
HLA-DMB,HLA-DMB,0.46199447,0.5,CD4,CD4,0.7606554,0.6428571428571429,Mono-NC,cDC2,0.6113249,0.0
HBEGF,HBEGF,0.91429305,0.5726872246696035,CD9,CD9,0.3082467,0.22959183673469388,TRM,γδ T,0.6112699,0.0
ADAM10,ADAM10,0.4676121,0.5572687224669604,IL6R,IL6R,0.75482005,0.6945337620578779,TRM,Mono-C,0.61121607,0.0
LUM,LUM,0.06942043,0.12121212121212122,ITGB1,ITGB1,1.1527835,0.74,Mono-NC,CD8 T,0.611102,0.007
IL18,IL18,1.1003206,0.7556390977443609,IL18RAP,IL18R1_IL18RAP,0.12174107,0.10364145658263306,cDC2,CD4 T,0.6110308,0.0
SLPI,SLPI,0.27675843,0.20743034055727555,CD4,CD4,0.9452533,0.8484848484848485,NK-CD16-,Mono-NC,0.6110059,0.0
ADAM17,ADAM17,0.13284168,0.13165266106442577,ITGB1,ITGB1,1.0891075,0.6965944272445821,CD4 T,NK-CD16-,0.6109746,0.0
TLN1,TLN1,1.0954515,0.8414096916299559,ITGB5,ITGB5,0.12635961,0.1960352422907489,TRM,TRM,0.6109055,0.0
CALM3,CALM3,1.1553215,0.7407407407407407,KCNQ1,KCNQ1,0.06603595,0.13157894736842105,Treg,cDC2,0.61067873,0.0
CD86,CD86,0.99410695,0.7973568281938326,CD28,CD28,0.22660083,0.22408963585434175,TRM,CD4 T,0.6103539,0.0
CD28,CD28,0.22660083,0.22408963585434175,CD86,CD86,0.99410695,0.7973568281938326,CD4 T,TRM,0.6103539,0.0
ARF6,ARF6,0.96866137,0.7973568281938326,SMAP1,SMAP1,0.2518377,0.40225563909774437,TRM,cDC2,0.6102495,0.001
C1QB,C1QB,0.20963508,0.15151515151515152,LRP1,LRP1,1.0102887,0.8360128617363344,Mono-NC,Mono-C,0.60996187,0.0
CD38,CD38,0.17769729,0.14285714285714285,PECAM1,PECAM1,1.0418698,0.8231511254019293,CD4 T,Mono-C,0.60978353,0.0
SEMA4A,SEMA4A,0.16917062,0.2577092511013216,LILRB2,LILRB2,1.0501987,0.7909967845659164,TRM,Mono-C,0.60968465,0.0
ADAM17,ADAM17,0.39984384,0.5151515151515151,ITGB1,ITGB1,0.8193306,0.7588424437299035,Mono-NC,Mono-C,0.6095872,0.025
ICAM2,ICAM2,0.13476935,0.11479591836734694,ITGAL,ITGAL_ITGB2,1.0843605,0.9090909090909091,γδ T,Mono-NC,0.6095649,0.0
SLPI,SLPI,0.16079405,0.13725490196078433,CD4,CD4,1.0583234,0.7037037037037037,CD4 T,Treg,0.6095587,0.0
TOR2A,TOR2A,0.18943338,0.29955947136563876,ATP5F1B,ATP5F1B,1.029172,0.8167202572347267,TRM,Mono-C,0.60930264,0.0
LUM,LUM,0.06942043,0.12121212121212122,ITGB1,ITGB1,1.14894,0.7136929460580913,Mono-NC,NK-CD16+,0.6091802,0.0
IL16,IL16,0.45075288,0.42105263157894735,CD9,CD9,0.7663731,0.5154185022026432,B,TRM,0.608563,0.0
TGFB1,TGFB1,1.0907497,0.8553054662379421,ITGB5,ITGB5,0.12635961,0.1960352422907489,Mono-C,TRM,0.60855466,0.007
SPN,SPN,1.1130515,0.7136929460580913,SIGLEC1,SIGLEC1,0.103584744,0.14537444933920704,NK-CD16+,TRM,0.60831815,0.0
LRPAP1,LRPAP1,0.5230249,0.4179566563467492,SORL1,SORL1,0.69347787,0.6541850220264317,NK-CD16-,TRM,0.6082514,0.0
MIF,MIF,0.748788,0.5340557275541795,TNFRSF14,TNFRSF14,0.46767053,0.43609022556390975,NK-CD16-,B,0.6082293,0.0
LILRB4,LILRB4,0.33660764,0.3729903536977492,LAIR1,LAIR1,0.8797599,0.748898678414097,Mono-C,TRM,0.60818374,0.0
SIRPB2,SIRPB2,0.08051265,0.1277533039647577,CD47,CD47,1.1356851,0.7717842323651453,TRM,NK-CD16+,0.60809886,0.0
LILRB4,LILRB4,0.68809706,0.6563876651982379,LAIR1,LAIR1,0.5281004,0.6060606060606061,TRM,Mono-NC,0.60809875,0.0
IL16,IL16,0.15774843,0.23348017621145375,CD4,CD4,1.0583234,0.7037037037037037,TRM,Treg,0.6080359,0.001
ICAM4,ICAM4,0.25308305,0.30303030303030304,ITGB1,ITGB1,0.96273524,0.8636363636363636,Mono-NC,Mono-NC,0.60790914,0.0
TOR2A,TOR2A,0.18943338,0.29955947136563876,ATP5F1B,ATP5F1B,1.026185,0.8105726872246696,TRM,TRM,0.6078092,0.0
FAM3C,FAM3C,0.35769698,0.3383458646616541,LAMP1,LAMP1,0.8576116,0.7312775330396476,B,TRM,0.6076543,0.0
ICAM1,ICAM1,0.21409014,0.2508038585209003,IL2RG,IL2RG,1.001171,0.711484593837535,Mono-C,CD4 T,0.60763055,0.0
LRPAP1,LRPAP1,0.45115834,0.3852040816326531,LRP1,LRP1,0.7638819,0.7400881057268722,γδ T,TRM,0.6075201,0.0
PTPN6,PTPN6,1.0776117,0.8360128617363344,CLEC12A,CLEC12A,0.13729744,0.15789473684210525,Mono-C,cDC2,0.60745454,0.0
ICAM1,ICAM1,0.15969443,0.21212121212121213,IL2RG,IL2RG,1.0547692,0.7168367346938775,Mono-NC,γδ T,0.6072318,0.0
ADAM17,ADAM17,0.459285,0.48231511254019294,IL6R,IL6R,0.75482005,0.6945337620578779,Mono-C,Mono-C,0.6070525,0.0
CCL20,CCL20,0.71738446,0.48148148148148145,CXCR3,CXCR3,0.49649835,0.3746130030959752,Treg,NK-CD16-,0.6069414,0.0
LGALS9,LGALS9,0.7756295,0.698237885462555,CD47,CD47,0.438202,0.5022026431718062,TRM,TRM,0.6069158,0.0
IL16,IL16,0.4130227,0.33195020746887965,CD4,CD4,0.8007195,0.7290748898678414,NK-CD16+,TRM,0.6068711,0.0
IL16,IL16,0.26804468,0.40225563909774437,CD4,CD4,0.9452533,0.8484848484848485,cDC2,Mono-NC,0.606649,0.0
BTLA,BTLA,0.17988712,0.18045112781954886,CD247,CD247,1.0333695,0.5,B,CD8 T,0.6066283,0.009
CD55,CD55,0.60710025,0.518796992481203,ADGRE5,ADGRE5,0.60591316,0.43653250773993807,B,NK-CD16-,0.6065067,0.003
NECTIN2,NECTIN2,0.23838682,0.34962406015037595,CD96,CD96,0.97449845,0.6253869969040248,cDC2,NK-CD16-,0.60644263,0.0
LGALS9,LGALS9,0.8022431,0.6879699248120301,CD47,CD47,0.41050547,0.4855305466237942,cDC2,Mono-C,0.60637426,0.0
TNF,TNF,0.2347979,0.18112244897959184,TNFRSF1A,TNFRSF1A,0.9779132,0.8039647577092511,γδ T,TRM,0.60635555,0.0
CD55,CD55,0.60710025,0.518796992481203,ADGRE2,ADGRE2,0.60515314,0.5401929260450161,B,Mono-C,0.60612667,0.0
TGS1,TGS1,0.28139538,0.25,RXRA,RXRA,0.9308078,0.7942122186495176,γδ T,Mono-C,0.60610163,0.0
SELPLG,SELPLG,0.29787472,0.28291316526610644,SELL,SELL,0.9139811,0.7234726688102894,CD4 T,Mono-C,0.6059279,0.0
SELPLG,SELPLG,0.37433174,0.29102167182662536,ITGAM,ITGAM,0.8371364,0.729903536977492,NK-CD16-,Mono-C,0.60573405,0.0
IL16,IL16,0.45075288,0.42105263157894735,CD4,CD4,0.7606554,0.6428571428571429,B,cDC2,0.6057041,0.0
TNFSF12,TNFSF12,0.58940524,0.5639097744360902,CD163,CD163,0.6218418,0.5594855305466238,cDC2,Mono-C,0.6056235,0.0
PTPN6,PTPN6,0.8431796,0.5603715170278638,CD300LF,CD300LF,0.36763394,0.4251101321585903,NK-CD16-,TRM,0.60540676,0.0
CD55,CD55,0.8667511,0.6585903083700441,CR1,CR1,0.3438843,0.35691318327974275,TRM,Mono-C,0.6053177,0.0
FABP5,FABP5,0.2793515,0.18518518518518517,RXRA,RXRA,0.9308078,0.7942122186495176,Treg,Mono-C,0.60507965,0.0
F11R,F11R,0.12577617,0.21052631578947367,ITGAL,ITGAL_ITGB2,1.0843605,0.9090909090909091,cDC2,Mono-NC,0.6050683,0.0
TLN1,TLN1,1.0954515,0.8414096916299559,ITGB5,ITGB5,0.11423527,0.18045112781954886,TRM,cDC2,0.6048434,0.0
SLPI,SLPI,0.2644276,0.22,CD4,CD4,0.9452533,0.8484848484848485,CD8 T,Mono-NC,0.60484046,0.0
C3,C3,0.52352124,0.29515418502202645,CD46,CD46,0.6855612,0.6559485530546624,TRM,Mono-C,0.6045412,0.0
ICAM1,ICAM1,0.21409014,0.2508038585209003,IL2RA,IL2RA,0.9946281,0.6296296296296297,Mono-C,Treg,0.6043591,0.0
F13A1,F13A1,0.38930294,0.3502202643171806,ITGB1,ITGB1,0.8193306,0.7588424437299035,TRM,Mono-C,0.6043168,0.0
LGALS3BP,LGALS3BP,0.11941096,0.1092436974789916,ITGB1,ITGB1,1.0891075,0.6965944272445821,CD4 T,NK-CD16-,0.60425925,0.0
CD47,CD47,0.584772,0.44,SIRPA,SIRPA,0.62366134,0.617363344051447,CD8 T,Mono-C,0.6042167,0.0
SIRPA,SIRPA,0.62366134,0.617363344051447,CD47,CD47,0.584772,0.44,Mono-C,CD8 T,0.6042167,0.0
FAM3C,FAM3C,0.3773607,0.29102167182662536,CLEC2D,CLEC2D,0.8305881,0.576530612244898,NK-CD16-,γδ T,0.6039744,0.0
BTLA,BTLA,0.17454793,0.14814814814814814,CD247,CD247,1.0333695,0.5,Treg,CD8 T,0.6039587,0.01
TNFSF10,TNFSF10,1.0840671,0.7717041800643086,TNFRSF10A,TNFRSF10A,0.123845935,0.1111111111111111,Mono-C,Treg,0.6039565,0.0
C3,C3,0.33866867,0.2781954887218045,ITGAX,ITGAX,0.86921126,0.8333333333333334,cDC2,Mono-NC,0.60393995,0.0
THBS1,THBS1,0.4268466,0.2797427652733119,CD47,CD47,0.78074646,0.6390977443609023,Mono-C,B,0.60379654,0.0
ICAM1,ICAM1,0.33819893,0.3788546255506608,ITGAX,ITGAX_ITGB2,0.86921126,0.8333333333333334,TRM,Mono-NC,0.6037051,0.0
F13A1,F13A1,0.36109623,0.3762057877813505,ITGA4,ITGA4,0.84618366,0.803030303030303,Mono-C,Mono-NC,0.60363996,0.0
CLEC11A,CLEC11A,0.11737095,0.1696035242290749,ITGB1,ITGB1,1.0891075,0.6965944272445821,TRM,NK-CD16-,0.60323924,0.0
TGFB1,TGFB1,0.9118043,0.6173469387755102,SDC2,SDC2,0.2943811,0.2577092511013216,γδ T,TRM,0.60309273,0.049
MIF,MIF,0.5779544,0.4677871148459384,TNFRSF14,TNFRSF14,0.6278129,0.7272727272727273,CD4 T,Mono-NC,0.6028837,0.0
TGFB1,TGFB1,1.0907497,0.8553054662379421,ITGB5,ITGB5,0.11423527,0.18045112781954886,Mono-C,cDC2,0.6024925,0.025
HLA-DQB1,HLA-DQB1,0.9642835,0.6816720257234726,LAG3,LAG3,0.24067335,0.2074688796680498,Mono-C,NK-CD16+,0.60247844,0.0
LGALS9,LGALS9,0.8022431,0.6879699248120301,HAVCR2,HAVCR2,0.402509,0.5303030303030303,cDC2,Mono-NC,0.60237604,0.0
PTPN6,PTPN6,1.0553743,0.7593984962406015,CLEC12A,CLEC12A,0.14910583,0.12693498452012383,B,NK-CD16-,0.60224,0.007
LGALS9,LGALS9,1.0351217,0.9090909090909091,SLC1A5,SLC1A5,0.16911213,0.2356828193832599,Mono-NC,TRM,0.6021169,0.0
ARF6,ARF6,0.85949427,0.6224489795918368,SMAP1,SMAP1,0.34457767,0.29591836734693877,γδ T,γδ T,0.602036,0.003
ADAM15,ADAM15,0.24094445,0.3392070484581498,ITGB1,ITGB1,0.96273524,0.8636363636363636,TRM,Mono-NC,0.60183984,0.013
ADAM17,ADAM17,0.114235006,0.24060150375939848,ITGB1,ITGB1,1.0891075,0.6965944272445821,cDC2,NK-CD16-,0.6016713,0.002
IL1B,IL1B,0.50131196,0.37969924812030076,SIGIRR,SIGIRR,0.7019428,0.5306122448979592,cDC2,γδ T,0.60162735,0.0
IL16,IL16,0.73825866,0.6296296296296297,CD9,CD9,0.4647885,0.38345864661654133,Treg,cDC2,0.6015236,0.016
TOR2A,TOR2A,0.15690121,0.14,ATP5F1B,ATP5F1B,1.0460299,0.7293233082706767,CD8 T,cDC2,0.6014656,0.001
ARF6,ARF6,0.83286387,0.6390041493775933,SMAP1,SMAP1,0.36998785,0.3333333333333333,NK-CD16+,CD4 T,0.6014259,0.015
MDK,MDK,0.110244885,0.14661654135338345,SORL1,SORL1,1.0923309,0.8102893890675241,cDC2,Mono-C,0.6012879,0.0
SLPI,SLPI,0.14407238,0.14814814814814814,CD4,CD4,1.0583234,0.7037037037037037,Treg,Treg,0.6011979,0.0
PTPN6,PTPN6,1.0776117,0.8360128617363344,CD300LF,CD300LF,0.12420191,0.21428571428571427,Mono-C,cDC2,0.6009068,0.0
TNFSF10,TNFSF10,1.0840671,0.7717041800643086,RIPK1,RIPK1,0.117411435,0.11484593837535013,Mono-C,CD4 T,0.60073924,0.0
PLAU,PLAU,0.36424682,0.4052863436123348,ITGAM,ITGAM,0.8371364,0.729903536977492,TRM,Mono-C,0.6006916,0.0
SELPLG,SELPLG,0.11501996,0.12,SELL,SELL,1.0858085,0.7368421052631579,CD8 T,B,0.6004142,0.0
IL15,IL15,0.20608628,0.2508038585209003,IL2RA,IL2RA,0.9946281,0.6296296296296297,Mono-C,Treg,0.6003572,0.0
ICAM1,ICAM1,0.19924289,0.31203007518796994,IL2RG,IL2RG,1.001171,0.711484593837535,cDC2,CD4 T,0.600207,0.0
SELPLG,SELPLG,0.36312357,0.29336734693877553,ITGAM,ITGAM,0.8371364,0.729903536977492,γδ T,Mono-C,0.60012996,0.0
SPP1,SPP1,0.35391083,0.19924812030075187,ITGA4,ITGA4_ITGB1,0.84618366,0.803030303030303,cDC2,Mono-NC,0.60004723,0.0
LRPAP1,LRPAP1,0.82922006,0.7037037037037037,SORL1,SORL1,0.3708102,0.4393939393939394,Treg,Mono-NC,0.60001516,0.037
LGALS9,LGALS9,0.2426989,0.2556390977443609,HAVCR2,HAVCR2,0.957247,0.7731277533039648,B,TRM,0.59997296,0.0
NID1,NID1,0.11003102,0.1414790996784566,ITGB1,ITGB1,1.0891075,0.6965944272445821,Mono-C,NK-CD16-,0.59956926,0.0
CCL20,CCL20,0.72674614,0.48,CXCR3,CXCR3,0.47176018,0.37037037037037035,CD8 T,Treg,0.5992532,0.0
NID1,NID1,0.109281115,0.18181818181818182,ITGB1,ITGB1,1.0891075,0.6965944272445821,Mono-NC,NK-CD16-,0.5991943,0.0
HGF,HGF,0.10895583,0.15638766519823788,ITGB1,ITGB1,1.0891075,0.6965944272445821,TRM,NK-CD16-,0.5990317,0.0
LRPAP1,LRPAP1,0.4337759,0.3949579831932773,LRP1,LRP1,0.7638819,0.7400881057268722,CD4 T,TRM,0.5988289,0.0
CLCF1,CLCF1,0.105186634,0.13636363636363635,SORL1,SORL1,1.0923309,0.8102893890675241,Mono-NC,Mono-C,0.59875876,0.0
CD55,CD55,0.8667511,0.6585903083700441,ADGRE5,ADGRE5,0.33054128,0.41729323308270677,TRM,cDC2,0.59864616,0.001
CD38,CD38,0.15535754,0.22556390977443608,PECAM1,PECAM1,1.0418698,0.8231511254019293,cDC2,Mono-C,0.5986136,0.0
MMP9,MMP9,0.3595086,0.19383259911894274,ITGAM,ITGAM,0.8371364,0.729903536977492,TRM,Mono-C,0.5983225,0.0
IL18,IL18,1.1003206,0.7556390977443609,IL18BP,IL18BP,0.095764205,0.1111111111111111,cDC2,Treg,0.59804237,0.0
LCK,LCK,0.10044977,0.10526315789473684,CD8B,CD8A_CD8B,1.0948339,0.6658163265306123,B,γδ T,0.5976418,0.0
MIF,MIF,0.748788,0.5340557275541795,TNFRSF14,TNFRSF14,0.44593257,0.3949579831932773,NK-CD16-,CD4 T,0.59736025,0.0
ICOSLG,ICOSLG,0.16540283,0.22466960352422907,ICOS,ICOS,1.0291984,0.7407407407407407,TRM,Treg,0.59730065,0.0
FASLG,FASLG,0.64506274,0.46439628482972134,TNFRSF1A,TNFRSF1A,0.54939437,0.5757575757575758,NK-CD16-,Mono-NC,0.5972285,0.0
CLEC11A,CLEC11A,0.23171917,0.2744360902255639,ITGB1,ITGB1,0.96273524,0.8636363636363636,cDC2,Mono-NC,0.5972272,0.004
TNFSF10,TNFSF10,0.93402314,0.6818181818181818,CCR6,CCR6,0.26041096,0.2184873949579832,Mono-NC,CD4 T,0.5972171,0.0
TNFSF10,TNFSF10,1.0840671,0.7717041800643086,TNFRSF10B,TNFRSF10B,0.11028399,0.17400881057268722,Mono-C,TRM,0.59717554,0.0
LGALS9,LGALS9,0.23665385,0.25925925925925924,HAVCR2,HAVCR2,0.957247,0.7731277533039648,Treg,TRM,0.5969504,0.0
ICAM1,ICAM1,0.19924289,0.31203007518796994,IL2RA,IL2RA,0.9946281,0.6296296296296297,cDC2,Treg,0.5969355,0.0
F11R,F11R,0.10924507,0.16740088105726872,ITGAL,ITGAL_ITGB2,1.0843605,0.9090909090909091,TRM,Mono-NC,0.5968028,0.0
TNFSF14,TNFSF14,0.5654167,0.42,TNFRSF14,TNFRSF14,0.6278129,0.7272727272727273,CD8 T,Mono-NC,0.59661484,0.0
CD14,CD14,0.47383842,0.3939393939393939,TLR4,TLR4,0.7193331,0.662379421221865,Mono-NC,Mono-C,0.59658575,0.021
PTPN6,PTPN6,1.0553743,0.7593984962406015,CLEC12A,CLEC12A,0.13729744,0.15789473684210525,B,cDC2,0.5963358,0.006
GSTO1,GSTO1,1.1055053,0.9242424242424242,RYR1,RYR1,0.08709178,0.13636363636363635,Mono-NC,Mono-NC,0.5962986,0.0
FCER2,FCER2,0.35505903,0.2857142857142857,ITGAM,ITGAM_ITGB2,0.8371364,0.729903536977492,B,Mono-C,0.5960977,0.0
TGM2,TGM2,0.20374848,0.15151515151515152,ADGRG1,ADGRG1,0.9882895,0.6970954356846473,Mono-NC,NK-CD16+,0.59601897,0.0
LRPAP1,LRPAP1,0.82922006,0.7037037037037037,SORL1,SORL1,0.36265242,0.31092436974789917,Treg,CD4 T,0.59593624,0.022
LRPAP1,LRPAP1,0.6734038,0.7272727272727273,SORL1,SORL1,0.5182548,0.4066390041493776,Mono-NC,NK-CD16+,0.5958293,0.001
HLA-DQA2,HLA-DQA2,0.13329236,0.12033195020746888,CD4,CD4,1.0583234,0.7037037037037037,NK-CD16+,Treg,0.59580785,0.0
MIF,MIF,0.95702225,0.66,TNFRSF14,TNFRSF14,0.23416711,0.1996904024767802,CD8 T,NK-CD16-,0.5955947,0.0
SLPI,SLPI,0.094732076,0.12334801762114538,PLSCR1,PLSCR1,1.0963318,0.8634361233480177,TRM,TRM,0.59553194,0.0
NAMPT,NAMPT,0.42012385,0.4548872180451128,ITGA5,ITGA5_ITGB1,0.77074647,0.6101321585903083,cDC2,TRM,0.59543514,0.0
THBS1,THBS1,0.4268466,0.2797427652733119,LRP1,LRP1,0.7638819,0.7400881057268722,Mono-C,TRM,0.5953643,0.0
PTPN6,PTPN6,0.538721,0.41581632653061223,CD300LF,CD300LF,0.65190804,0.6818181818181818,γδ T,Mono-NC,0.5953145,0.0
LGALS9,LGALS9,1.0351217,0.9090909090909091,SLC1A5,SLC1A5,0.1550476,0.14814814814814814,Mono-NC,Treg,0.59508467,0.0
TNFSF10,TNFSF10,1.0840671,0.7717041800643086,RIPK1,RIPK1,0.10605953,0.17180616740088106,Mono-C,TRM,0.5950633,0.0
SLPI,SLPI,0.13173313,0.10204081632653061,CD4,CD4,1.0583234,0.7037037037037037,γδ T,Treg,0.5950283,0.0
ARF1,ARF1,1.1062944,0.8700440528634361,PLD2,PLD2,0.08299346,0.1343612334801762,TRM,TRM,0.59464395,0.0
ADAM10,ADAM10,0.67234373,0.6655948553054662,TREM2,TREM2,0.516853,0.36123348017621143,Mono-C,TRM,0.59459835,0.0
CCL20,CCL20,0.71738446,0.48148148148148145,CXCR3,CXCR3,0.47176018,0.37037037037037035,Treg,Treg,0.5945723,0.0
THBS1,THBS1,0.3429111,0.23788546255506607,ITGA4,ITGA4,0.84618366,0.803030303030303,TRM,Mono-NC,0.5945474,0.0
BTLA,BTLA,0.17988712,0.18045112781954886,CD247,CD247,1.0091355,0.6834733893557423,B,CD4 T,0.5945113,0.0
SERPINF1,SERPINF1,0.22326455,0.2593984962406015,PLXDC2,PLXDC2,0.9657451,0.801762114537445,cDC2,TRM,0.59450483,0.0
SLPI,SLPI,0.13046193,0.14790996784565916,CD4,CD4,1.0583234,0.7037037037037037,Mono-C,Treg,0.59439266,0.0
ADAM10,ADAM10,0.4676121,0.5572687224669604,NOTCH2,NOTCH2,0.72093487,0.6881028938906752,TRM,Mono-C,0.59427345,0.0
CEACAM1,CEACAM1,0.2311462,0.25925925925925924,HAVCR2,HAVCR2,0.957247,0.7731277533039648,Treg,TRM,0.5941966,0.0
LILRB4,LILRB4,0.68809706,0.6563876651982379,LAIR1,LAIR1,0.5002778,0.5225563909774437,TRM,cDC2,0.59418744,0.0
FAM3C,FAM3C,0.35769698,0.3383458646616541,CLEC2D,CLEC2D,0.8305881,0.576530612244898,B,γδ T,0.59414256,0.0
ADAM10,ADAM10,0.67234373,0.6655948553054662,IL6R,IL6R,0.51561433,0.5484581497797357,Mono-C,TRM,0.593979,0.0
CD55,CD55,0.24729888,0.22128851540616246,ADGRE5,ADGRE5,0.94057596,0.6597510373443983,CD4 T,NK-CD16+,0.5939374,0.004
PLAU,PLAU,0.36424682,0.4052863436123348,PLAUR,PLAUR,0.823008,0.7424242424242424,TRM,Mono-NC,0.5936274,0.0
HGF,HGF,0.09813274,0.13636363636363635,ITGB1,ITGB1,1.0891075,0.6965944272445821,Mono-NC,NK-CD16-,0.5936201,0.0
LGALS9,LGALS9,1.0351217,0.9090909090909091,LRP1,LRP1,0.15203843,0.23684210526315788,Mono-NC,cDC2,0.59358007,0.0
TNFSF12,TNFSF12,0.23923841,0.3333333333333333,TNFRSF25,TNFRSF25,0.94785535,0.66,Mono-NC,CD8 T,0.59354687,0.0
ADAM10,ADAM10,0.76983654,0.8333333333333334,TSPAN14,TSPAN14,0.41683406,0.37037037037037035,Mono-NC,Treg,0.5933353,0.001
ADAM10,ADAM10,0.29276904,0.23993808049535603,TSPAN14,TSPAN14,0.8938319,0.803030303030303,NK-CD16-,Mono-NC,0.59330046,0.0
CD40LG,CD40LG,0.3442081,0.24,CD40,CD40,0.8423143,0.631578947368421,CD8 T,B,0.5932612,0.0
MMP9,MMP9,0.17615944,0.13157894736842105,LRP1,LRP1,1.0102887,0.8360128617363344,cDC2,Mono-C,0.59322405,0.0
ADAM10,ADAM10,0.43152812,0.4074074074074074,IL6R,IL6R,0.75482005,0.6945337620578779,Treg,Mono-C,0.5931741,0.0
LGALS9,LGALS9,0.7756295,0.698237885462555,CD47,CD47,0.41050547,0.4855305466237942,TRM,Mono-C,0.5930675,0.0
TOR2A,TOR2A,0.15690121,0.14,ATP5F1B,ATP5F1B,1.029172,0.8167202572347267,CD8 T,Mono-C,0.5930366,0.0
SLPI,SLPI,0.12755589,0.1078838174273859,CD4,CD4,1.0583234,0.7037037037037037,NK-CD16+,Treg,0.5929396,0.0
LTA,LTA,0.5572398,0.48148148148148145,TNFRSF14,TNFRSF14,0.6278129,0.7272727272727273,Treg,Mono-NC,0.5925263,0.0
TNFSF10,TNFSF10,1.0840671,0.7717041800643086,RIPK1,RIPK1,0.100936994,0.16666666666666666,Mono-C,Mono-NC,0.59250206,0.0
TNFSF14,TNFSF14,0.5571838,0.39628482972136225,TNFRSF14,TNFRSF14,0.6278129,0.7272727272727273,NK-CD16-,Mono-NC,0.59249836,0.0
CD55,CD55,0.12125156,0.10714285714285714,ADGRE2,ADGRE2,1.0632316,0.8787878787878788,γδ T,Mono-NC,0.5922416,0.0
SEMA4A,SEMA4A,0.13406414,0.19172932330827067,LILRB2,LILRB2,1.0501987,0.7909967845659164,cDC2,Mono-C,0.5921314,0.0
ADAM10,ADAM10,0.4676121,0.5572687224669604,GPNMB,GPNMB,0.71647525,0.40308370044052866,TRM,TRM,0.59204364,0.0
IL2,IL2,0.357467,0.22,IL2RB,IL2RB_IL2RG,0.82640064,0.5684647302904564,CD8 T,NK-CD16+,0.59193385,0.0
CD55,CD55,0.8667511,0.6585903083700441,CR1,CR1,0.31708542,0.3007518796992481,TRM,B,0.59191823,0.0
ADAM15,ADAM15,0.22107957,0.25757575757575757,ITGB1,ITGB1,0.96273524,0.8636363636363636,Mono-NC,Mono-NC,0.5919074,0.025
BTLA,BTLA,0.17454793,0.14814814814814814,CD247,CD247,1.0091355,0.6834733893557423,Treg,CD4 T,0.5918417,0.0
PLAU,PLAU,0.36424682,0.4052863436123348,ITGB1,ITGB1,0.8193306,0.7588424437299035,TRM,Mono-C,0.5917887,0.0
TOR2A,TOR2A,0.15690121,0.14,ATP5F1B,ATP5F1B,1.026185,0.8105726872246696,CD8 T,TRM,0.59154314,0.003
IL18,IL18,1.1003206,0.7556390977443609,IL18BP,IL18BP,0.08266462,0.14285714285714285,cDC2,cDC2,0.5914926,0.0
TOR2A,TOR2A,0.13663022,0.11989795918367346,ATP5F1B,ATP5F1B,1.0460299,0.7293233082706767,γδ T,cDC2,0.59133005,0.0
BAG6,BAG6,0.42296848,0.4887459807073955,NCR3,NCR3,0.759636,0.5139318885448917,Mono-C,NK-CD16-,0.5913022,0.0
SELPLG,SELPLG,0.096498884,0.16917293233082706,SELL,SELL,1.0858085,0.7368421052631579,cDC2,B,0.5911537,0.0
ADAM10,ADAM10,0.76983654,0.8333333333333334,TSPAN14,TSPAN14,0.41230187,0.3239795918367347,Mono-NC,γδ T,0.5910692,0.0
IL18,IL18,1.1003206,0.7556390977443609,IL18BP,IL18BP,0.08177624,0.1343612334801762,cDC2,TRM,0.5910484,0.0
CD55,CD55,0.24729888,0.22128851540616246,ADGRE5,ADGRE5,0.9345183,0.7459807073954984,CD4 T,Mono-C,0.5909086,0.006
MIF,MIF,0.69542724,0.48148148148148145,TNFRSF14,TNFRSF14,0.48630035,0.38589211618257263,Treg,NK-CD16+,0.5908638,0.018
CD40LG,CD40LG,0.3442081,0.24,ITGAM,ITGAM_ITGB2,0.8371364,0.729903536977492,CD8 T,Mono-C,0.59067225,0.0
ICAM3,ICAM3,1.0413592,0.7066326530612245,ITGAD,ITGAD_ITGB2,0.13989866,0.10526315789473684,γδ T,NK-CD16-,0.5906289,0.0
PLAU,PLAU,0.17025682,0.22932330827067668,LRP1,LRP1,1.0102887,0.8360128617363344,cDC2,Mono-C,0.5902728,0.0
F13A1,F13A1,0.36109623,0.3762057877813505,ITGB1,ITGB1,0.8193306,0.7588424437299035,Mono-C,Mono-C,0.5902134,0.0
IL1B,IL1B,0.42485967,0.3484848484848485,SIGIRR,SIGIRR,0.75546813,0.5726141078838174,Mono-NC,NK-CD16+,0.5901639,0.0
CD38,CD38,0.32645863,0.2576530612244898,PECAM1,PECAM1,0.85384303,0.7026431718061674,γδ T,TRM,0.59015083,0.0
PSEN1,PSEN1,0.45922452,0.5080385852090032,NOTCH2,NOTCH2,0.72093487,0.6881028938906752,Mono-C,Mono-C,0.59007967,0.0
PTPN6,PTPN6,0.7626841,0.6578947368421053,CD300LF,CD300LF,0.41737768,0.43729903536977494,cDC2,Mono-C,0.5900309,0.0
FABP5,FABP5,0.94941276,0.5837004405286343,RXRA,RXRA,0.2305534,0.3533834586466165,TRM,cDC2,0.5899831,0.0
HBEGF,HBEGF,0.91429305,0.5726872246696035,CD9,CD9,0.265608,0.2540192926045016,TRM,Mono-C,0.58995056,0.0
MIF,MIF,0.748788,0.5340557275541795,TNFRSF14,TNFRSF14,0.43101996,0.4790996784565916,NK-CD16-,Mono-C,0.58990395,0.0
PTPN6,PTPN6,1.0553743,0.7593984962406015,CD300LF,CD300LF,0.12420191,0.21428571428571427,B,cDC2,0.5897881,0.0
CD59,CD59,0.4246249,0.4774436090225564,STAB1,STAB1,0.75494057,0.6497797356828194,cDC2,TRM,0.5897827,0.0
IL16,IL16,0.4130227,0.33195020746887965,CD9,CD9,0.7663731,0.5154185022026432,NK-CD16+,TRM,0.5896979,0.0
LRPAP1,LRPAP1,0.6734038,0.7272727272727273,LRP1,LRP1,0.50576186,0.6212121212121212,Mono-NC,Mono-NC,0.5895828,0.0
ZG16B,ZG16B,0.13359676,0.18181818181818182,CXCR4,CXCR4,1.0455099,0.5637755102040817,Mono-NC,γδ T,0.58955336,0.0
HLA-DQA2,HLA-DQA2,0.8478521,0.5462555066079295,CD4,CD4,0.33111274,0.2801120448179272,TRM,CD4 T,0.5894824,0.0
PTPN6,PTPN6,0.8431796,0.5603715170278638,CLEC12A,CLEC12A,0.3357166,0.3876651982378855,NK-CD16-,TRM,0.5894481,0.0
ARF1,ARF1,1.1062944,0.8700440528634361,INSR,INSR,0.072167516,0.12781954887218044,TRM,cDC2,0.58923095,0.0
LGALS3BP,LGALS3BP,0.21553737,0.2511013215859031,ITGB1,ITGB1,0.96273524,0.8636363636363636,TRM,Mono-NC,0.5891363,0.019
LGALS9,LGALS9,0.7756295,0.698237885462555,HAVCR2,HAVCR2,0.402509,0.5303030303030303,TRM,Mono-NC,0.58906925,0.0
MIF,MIF,0.5779544,0.4677871148459384,TNFRSF14,TNFRSF14,0.60011584,0.4444444444444444,CD4 T,Treg,0.58903515,0.007
ARF6,ARF6,0.96866137,0.7973568281938326,SMAP1,SMAP1,0.20913562,0.3237885462555066,TRM,TRM,0.5888985,0.009
MDK,MDK,0.0854343,0.11894273127753303,SORL1,SORL1,1.0923309,0.8102893890675241,TRM,Mono-C,0.5888826,0.0
ARF6,ARF6,0.83286387,0.6390041493775933,SMAP1,SMAP1,0.34457767,0.29591836734693877,NK-CD16+,γδ T,0.5887208,0.042
TNF,TNF,0.19934118,0.16246498599439776,TNFRSF1A,TNFRSF1A,0.9779132,0.8039647577092511,CD4 T,TRM,0.5886272,0.0
LRPAP1,LRPAP1,0.48357314,0.4,SORL1,SORL1,0.69347787,0.6541850220264317,CD8 T,TRM,0.58852553,0.005
SERPING1,SERPING1,0.16669247,0.19162995594713655,LRP1,LRP1,1.0102887,0.8360128617363344,TRM,Mono-C,0.5884906,0.0
BAG6,BAG6,0.41719928,0.5,NCR3,NCR3,0.759636,0.5139318885448917,Mono-NC,NK-CD16-,0.58841765,0.0
SLPI,SLPI,0.080469035,0.12121212121212122,PLSCR1,PLSCR1,1.0963318,0.8634361233480177,Mono-NC,TRM,0.5884004,0.0
ADAM10,ADAM10,0.76983654,0.8333333333333334,TSPAN14,TSPAN14,0.40685463,0.4801762114537445,Mono-NC,TRM,0.5883456,0.0
ARF1,ARF1,1.1062944,0.8700440528634361,INSR,INSR,0.07030151,0.1145374449339207,TRM,TRM,0.58829796,0.0
F13A1,F13A1,0.08693991,0.13157894736842105,ITGB1,ITGB1,1.0891075,0.6965944272445821,cDC2,NK-CD16-,0.5880237,0.0
C3,C3,0.33866867,0.2781954887218045,ITGAM,ITGAM,0.8371364,0.729903536977492,cDC2,Mono-C,0.58790255,0.0
CD55,CD55,0.23502463,0.34962406015037595,ADGRE5,ADGRE5,0.94057596,0.6597510373443983,cDC2,NK-CD16+,0.58780026,0.015
IL7,IL7,0.16673441,0.18045112781954886,IL7R,IL2RG_IL7R,1.0088499,0.6666666666666666,B,Treg,0.58779216,0.001
ICAM2,ICAM2,0.091080986,0.18045112781954886,ITGAL,ITGAL_ITGB2,1.0843605,0.9090909090909091,cDC2,Mono-NC,0.58772075,0.0
ICAM1,ICAM1,0.33819893,0.3788546255506608,ITGAM,ITGAM_ITGB2,0.8371364,0.729903536977492,TRM,Mono-C,0.58766764,0.0
IL18,IL18,1.1003206,0.7556390977443609,IL18BP,IL18BP,0.07489065,0.12121212121212122,cDC2,Mono-NC,0.5876056,0.0
APP,APP,0.16368459,0.24242424242424243,LRP1,LRP1,1.0102887,0.8360128617363344,Mono-NC,Mono-C,0.58698666,0.0
FBLN1,FBLN1,0.08464276,0.13636363636363635,ITGB1,ITGB1,1.0891075,0.6965944272445821,Mono-NC,NK-CD16-,0.58687514,0.0
IL16,IL16,0.4130227,0.33195020746887965,CD4,CD4,0.7606554,0.6428571428571429,NK-CD16+,cDC2,0.5868391,0.0
THBS1,THBS1,0.4268466,0.2797427652733119,CD47,CD47,0.74665785,0.5637755102040817,Mono-C,γδ T,0.58675224,0.0
TNFSF10,TNFSF10,1.0840671,0.7717041800643086,RIPK1,RIPK1,0.08897497,0.12861736334405144,Mono-C,Mono-C,0.586521,0.0
TNFSF12,TNFSF12,0.6333843,0.5925925925925926,TNFRSF25,TNFRSF25,0.53942317,0.43977591036414565,Treg,CD4 T,0.5864037,0.0
HLA-DMA,HLA-DMA,0.22754633,0.1989795918367347,CD4,CD4,0.9452533,0.8484848484848485,γδ T,Mono-NC,0.5863998,0.047
LGALS9,LGALS9,1.0351217,0.9090909090909091,HAVCR2,HAVCR2,0.13767758,0.14814814814814814,Mono-NC,Treg,0.5863996,0.001
IL1B,IL1B,0.77821034,0.43612334801762115,SIGIRR,SIGIRR,0.3935721,0.45454545454545453,TRM,Mono-NC,0.58589125,0.0
TLN1,TLN1,1.0453485,0.7,ITGB5,ITGB5,0.12635961,0.1960352422907489,CD8 T,TRM,0.58585405,0.008
ADAM15,ADAM15,0.35220286,0.40514469453376206,ITGB1,ITGB1,0.8193306,0.7588424437299035,Mono-C,Mono-C,0.58576673,0.0
TNFSF10,TNFSF10,1.0840671,0.7717041800643086,TNFRSF10A,TNFRSF10A,0.08740425,0.12334801762114538,Mono-C,TRM,0.5857357,0.0
SPP1,SPP1,0.7100559,0.2555066079295154,ITGA4,ITGA4_ITGB1,0.4613777,0.4983922829581994,TRM,Mono-C,0.5857168,0.0
ADAM17,ADAM17,0.39984384,0.5151515151515151,ITGA5,ITGA5,0.77074647,0.6101321585903083,Mono-NC,TRM,0.58529514,0.0
CD55,CD55,0.23502463,0.34962406015037595,ADGRE5,ADGRE5,0.9345183,0.7459807073954984,cDC2,Mono-C,0.58477145,0.013
MIF,MIF,0.683028,0.6466165413533834,TNFRSF14,TNFRSF14,0.48630035,0.38589211618257263,cDC2,NK-CD16+,0.58466417,0.0
SELPLG,SELPLG,0.7946696,0.8787878787878788,ITGAM,ITGAM,0.3743598,0.31950207468879666,Mono-NC,NK-CD16+,0.58451474,0.0
ICAM2,ICAM2,0.70572096,0.7272727272727273,ITGAL,ITGAL_ITGB2,0.46330258,0.3498452012383901,Mono-NC,NK-CD16-,0.58451176,0.0
CCL2,CCL2,0.590091,0.2665198237885463,CCR2,CCR2,0.57890296,0.5434083601286174,TRM,Mono-C,0.584497,0.0
CD14,CD14,0.76847064,0.4398496240601504,TLR4,TLR4,0.40018338,0.4977973568281938,cDC2,TRM,0.584327,0.0
SLPI,SLPI,0.27675843,0.20743034055727555,CD4,CD4,0.89178056,0.7556270096463023,NK-CD16-,Mono-C,0.5842695,0.0
IL7,IL7,0.16673441,0.18045112781954886,IL2RG,IL2RG_IL7R,1.001171,0.711484593837535,B,CD4 T,0.5839527,0.0
CD38,CD38,0.12579858,0.17180616740088106,PECAM1,PECAM1,1.0418698,0.8231511254019293,TRM,Mono-C,0.5838342,0.0
IL1B,IL1B,0.77821034,0.43612334801762115,SIGIRR,SIGIRR,0.38942286,0.4437299035369775,TRM,Mono-C,0.5838166,0.0
HLA-DOB,HLA-DOB,0.10888396,0.18045112781954886,CD4,CD4,1.0583234,0.7037037037037037,cDC2,Treg,0.5836037,0.0
TNFSF13B,TNFSF13B,0.8503097,0.7575757575757576,TFRC,TFRC,0.31630236,0.3787878787878788,Mono-NC,Mono-NC,0.5833061,0.0
HLA-DQA2,HLA-DQA2,0.8478521,0.5462555066079295,LAG3,LAG3,0.31858182,0.18518518518518517,TRM,Treg,0.58321697,0.0
SEMA4D,SEMA4D,0.3965484,0.3278008298755187,PLXNB2,PLXNB2,0.7697096,0.803030303030303,NK-CD16+,Mono-NC,0.583129,0.0
IL2,IL2,0.357467,0.22,IL2RB,IL2RB_IL2RG,0.80876756,0.56,CD8 T,CD8 T,0.58311725,0.005
CD47,CD47,0.5424275,0.5939849624060151,SIRPA,SIRPA,0.62366134,0.617363344051447,cDC2,Mono-C,0.5830444,0.0
SIRPA,SIRPA,0.62366134,0.617363344051447,CD47,CD47,0.5424275,0.5939849624060151,Mono-C,cDC2,0.5830444,0.0
LGALS9,LGALS9,1.0351217,0.9090909090909091,MRC2,MRC2,0.1309339,0.21428571428571427,Mono-NC,cDC2,0.5830278,0.0
ARF6,ARF6,0.795973,0.5588235294117647,SMAP1,SMAP1,0.36998785,0.3333333333333333,NK-CD16-,CD4 T,0.5829804,0.018
SEMA4D,SEMA4D,0.39617074,0.32142857142857145,PLXNB2,PLXNB2,0.7697096,0.803030303030303,γδ T,Mono-NC,0.58294016,0.0
TOR2A,TOR2A,0.13663022,0.11989795918367346,ATP5F1B,ATP5F1B,1.029172,0.8167202572347267,γδ T,Mono-C,0.58290106,0.0
TNFSF10,TNFSF10,1.0840671,0.7717041800643086,RIPK1,RIPK1,0.08158232,0.17293233082706766,Mono-C,cDC2,0.5828247,0.0
TNFSF14,TNFSF14,0.5654167,0.42,TNFRSF14,TNFRSF14,0.60011584,0.4444444444444444,CD8 T,Treg,0.5827663,0.0
LGALS9,LGALS9,1.0351217,0.9090909090909091,SLC1A5,SLC1A5,0.12986107,0.17363344051446947,Mono-NC,Mono-C,0.5824914,0.0
ARF6,ARF6,0.85949427,0.6224489795918368,SMAP1,SMAP1,0.30451304,0.24613003095975233,γδ T,NK-CD16-,0.58200365,0.019
NID1,NID1,0.07461074,0.10352422907488987,ITGB1,ITGB1,1.0891075,0.6965944272445821,TRM,NK-CD16-,0.5818591,0.0
MIF,MIF,0.69542724,0.48148148148148145,TNFRSF14,TNFRSF14,0.46767053,0.43609022556390975,Treg,B,0.58154887,0.034
TOR2A,TOR2A,0.13663022,0.11989795918367346,ATP5F1B,ATP5F1B,1.026185,0.8105726872246696,γδ T,TRM,0.5814076,0.0
VASP,VASP,1.031157,0.7255639097744361,CXCR2,CXCR2,0.13101147,0.1078838174273859,cDC2,NK-CD16+,0.58108425,0.0
TNFSF13B,TNFSF13B,0.8503097,0.7575757575757576,TNFRSF13B,TNFRSF13B,0.31149745,0.18518518518518517,Mono-NC,Treg,0.5809036,0.0
CD55,CD55,0.22108056,0.1908713692946058,ADGRE5,ADGRE5,0.94057596,0.6597510373443983,NK-CD16+,NK-CD16+,0.58082825,0.036
ADAM10,ADAM10,0.67234373,0.6655948553054662,TSPAN14,TSPAN14,0.48881254,0.38589211618257263,Mono-C,NK-CD16+,0.58057815,0.0
ICAM1,ICAM1,0.15969443,0.21212121212121213,IL2RG,IL2RG,1.001171,0.711484593837535,Mono-NC,CD4 T,0.5804327,0.0
TNFSF13B,TNFSF13B,0.8503097,0.7575757575757576,CD40,CD40,0.3098617,0.3684210526315789,Mono-NC,cDC2,0.5800857,0.0
LGALS9,LGALS9,1.0351217,0.9090909090909091,HAVCR2,HAVCR2,0.12471141,0.12,Mono-NC,CD8 T,0.57991654,0.0
IL16,IL16,0.26804468,0.40225563909774437,CD4,CD4,0.89178056,0.7556270096463023,cDC2,Mono-C,0.5799126,0.0
CD47,CD47,0.5359284,0.4148606811145511,SIRPA,SIRPA,0.62366134,0.617363344051447,NK-CD16-,Mono-C,0.5797949,0.0
SIRPA,SIRPA,0.62366134,0.617363344051447,CD47,CD47,0.5359284,0.4148606811145511,Mono-C,NK-CD16-,0.5797949,0.0
TLN1,TLN1,1.0453485,0.7,ITGB5,ITGB5,0.11423527,0.18045112781954886,CD8 T,cDC2,0.5797919,0.012
TNFSF10,TNFSF10,1.0840671,0.7717041800643086,TNFRSF10A,TNFRSF10A,0.07485657,0.10932475884244373,Mono-C,Mono-C,0.5794618,0.0
C3,C3,0.33866867,0.2781954887218045,C3AR1,C3AR1,0.8201244,0.7727272727272727,cDC2,Mono-NC,0.57939655,0.0
ICAM2,ICAM2,0.25793207,0.23529411764705882,ITGAL,ITGAL_ITGB2,0.9007067,0.6680497925311203,CD4 T,NK-CD16+,0.57931936,0.0
LUM,LUM,0.06942043,0.12121212121212122,ITGB1,ITGB1,1.0891075,0.6965944272445821,Mono-NC,NK-CD16-,0.579264,0.0
CCL3L1,CCL3L1,0.2775389,0.19659442724458204,CCR1,CCR1,0.880954,0.7224669603524229,NK-CD16-,TRM,0.57924646,0.0
CD47,CD47,0.438202,0.5022026431718062,SIRPA,SIRPA,0.7202235,0.6960352422907489,TRM,TRM,0.5792127,0.0
SIRPA,SIRPA,0.7202235,0.6960352422907489,CD47,CD47,0.438202,0.5022026431718062,TRM,TRM,0.5792127,0.0
FABP5,FABP5,0.94941276,0.5837004405286343,RXRA,RXRA,0.20865555,0.17647058823529413,TRM,NK-CD16-,0.57903415,0.0
TGS1,TGS1,0.22690348,0.1950207468879668,RXRA,RXRA,0.9308078,0.7942122186495176,NK-CD16+,Mono-C,0.57885563,0.0
LTA,LTA,0.5572398,0.48148148148148145,TNFRSF14,TNFRSF14,0.60011584,0.4444444444444444,Treg,Treg,0.5786778,0.0
TNFSF14,TNFSF14,0.5571838,0.39628482972136225,TNFRSF14,TNFRSF14,0.60011584,0.4444444444444444,NK-CD16-,Treg,0.5786498,0.0
IL1B,IL1B,0.77821034,0.43612334801762115,IL1RAP,IL1R1_IL1RAP,0.37894168,0.3964757709251101,TRM,TRM,0.578576,0.0
CD1D,CD1D,0.106318794,0.11278195488721804,LILRB2,LILRB2,1.0501987,0.7909967845659164,B,Mono-C,0.57825875,0.0
TNFSF10,TNFSF10,1.0840671,0.7717041800643086,TNFRSF10B,TNFRSF10B,0.072264574,0.15037593984962405,Mono-C,cDC2,0.5781658,0.0
CD14,CD14,0.76847064,0.4398496240601504,TLR1,TLR1,0.38779616,0.5,cDC2,Mono-NC,0.5781334,0.001
SLPI,SLPI,0.2644276,0.22,CD4,CD4,0.89178056,0.7556270096463023,CD8 T,Mono-C,0.5781041,0.0
IL16,IL16,0.35509396,0.45454545454545453,CD4,CD4,0.8007195,0.7290748898678414,Mono-NC,TRM,0.5779067,0.001
TNFSF12,TNFSF12,0.23923841,0.3333333333333333,TNFRSF25,TNFRSF25,0.91637623,0.6296296296296297,Mono-NC,Treg,0.5778073,0.0
CD55,CD55,0.22108056,0.1908713692946058,ADGRE5,ADGRE5,0.9345183,0.7459807073954984,NK-CD16+,Mono-C,0.57779944,0.019
ADAM17,ADAM17,0.39984384,0.5151515151515151,IL6R,IL6R,0.75482005,0.6945337620578779,Mono-NC,Mono-C,0.57733196,0.0
TGS1,TGS1,0.22383806,0.3333333333333333,RXRA,RXRA,0.9308078,0.7942122186495176,Mono-NC,Mono-C,0.57732296,0.0
SIRPG,SIRPG,0.5696164,0.5185185185185185,CD47,CD47,0.584772,0.44,Treg,CD8 T,0.5771942,0.0
CD47,CD47,0.584772,0.44,SIRPG,SIRPG,0.5696164,0.5185185185185185,CD8 T,Treg,0.5771942,0.0
ICAM1,ICAM1,0.15969443,0.21212121212121213,IL2RA,IL2RA,0.9946281,0.6296296296296297,Mono-NC,Treg,0.57716125,0.0
FASLG,FASLG,0.1761802,0.14,TNFRSF1A,TNFRSF1A,0.9779132,0.8039647577092511,CD8 T,TRM,0.5770467,0.0
IL1B,IL1B,0.42485967,0.3484848484848485,SIGIRR,SIGIRR,0.72914785,0.5925925925925926,Mono-NC,Treg,0.5770038,0.004
ICAM4,ICAM4,0.25308305,0.30303030303030304,ITGAL,ITGAL,0.9007067,0.6680497925311203,Mono-NC,NK-CD16+,0.5768949,0.0
SLPI,SLPI,0.094732076,0.12334801762114538,CD4,CD4,1.0583234,0.7037037037037037,TRM,Treg,0.5765277,0.0
MIF,MIF,0.748788,0.5340557275541795,TNFRSF14,TNFRSF14,0.40399426,0.47577092511013214,NK-CD16-,TRM,0.5763911,0.0
ADAM10,ADAM10,0.43152812,0.4074074074074074,NOTCH2,NOTCH2,0.72093487,0.6881028938906752,Treg,Mono-C,0.5762315,0.0
APP,APP,0.14175355,0.15037593984962405,LRP1,LRP1,1.0102887,0.8360128617363344,B,Mono-C,0.57602113,0.0
LGALS3,LGALS3,0.83324724,0.5331632653061225,LAG3,LAG3,0.31858182,0.18518518518518517,γδ T,Treg,0.5759145,0.008
APP,APP,0.14060517,0.22556390977443608,LRP1,LRP1,1.0102887,0.8360128617363344,cDC2,Mono-C,0.57544696,0.0
HBEGF,HBEGF,0.91429305,0.5726872246696035,CD82,CD82,0.23647885,0.19387755102040816,TRM,γδ T,0.5753859,0.0
MIF,MIF,0.683028,0.6466165413533834,TNFRSF14,TNFRSF14,0.46767053,0.43609022556390975,cDC2,B,0.5753493,0.0
LGALS3,LGALS3,0.83324724,0.5331632653061225,ENG,ENG,0.3172815,0.40601503759398494,γδ T,cDC2,0.5752644,0.001
NECTIN2,NECTIN2,0.23838682,0.34962406015037595,CD96,CD96,0.91198605,0.66,cDC2,CD8 T,0.57518643,0.0
FAM3C,FAM3C,0.3773607,0.29102167182662536,CLEC2D,CLEC2D,0.7723496,0.5864661654135338,NK-CD16-,B,0.57485515,0.0
LGALS9,LGALS9,1.0351217,0.9090909090909091,MRC2,MRC2,0.1142284,0.17400881057268722,Mono-NC,TRM,0.574675,0.0
APP,APP,0.3850643,0.34,LRP1,LRP1,0.7638819,0.7400881057268722,CD8 T,TRM,0.57447314,0.0
HLA-DQB1,HLA-DQB1,0.9642835,0.6816720257234726,LAG3,LAG3,0.1844943,0.15126050420168066,Mono-C,CD4 T,0.5743889,0.004
ARF1,ARF1,0.94765675,0.8038585209003215,INSR,INSR,0.20066448,0.2540192926045016,Mono-C,Mono-C,0.57416064,0.0
SELPLG,SELPLG,0.7946696,0.8787878787878788,SELL,SELL,0.35351807,0.24929971988795518,Mono-NC,CD4 T,0.5740938,0.0
LGALS9,LGALS9,0.1378367,0.14,LRP1,LRP1,1.0102887,0.8360128617363344,CD8 T,Mono-C,0.5740627,0.0
NECTIN2,NECTIN2,0.14877188,0.12,CD96,CD96,0.9993103,0.6887755102040817,CD8 T,γδ T,0.5740411,0.0
ADAM10,ADAM10,0.43152812,0.4074074074074074,GPNMB,GPNMB,0.71647525,0.40308370044052866,Treg,TRM,0.57400167,0.0
FN1,FN1,0.23371491,0.1299559471365639,C5AR1,C5AR1,0.9142223,0.6752411575562701,TRM,Mono-C,0.5739686,0.0
PTPN6,PTPN6,0.73054206,0.7136563876651982,CD300LF,CD300LF,0.41737768,0.43729903536977494,TRM,Mono-C,0.5739599,0.0
TNFSF12,TNFSF12,0.44976926,0.38375350140056025,CD163,CD163,0.6979688,0.5726872246696035,CD4 T,TRM,0.573869,0.0
HSPA1A,HSPA1A,0.63209105,0.6013215859030837,TLR4,TLR4,0.51519525,0.6060606060606061,TRM,Mono-NC,0.57364315,0.0
IL15,IL15,0.15256917,0.22727272727272727,IL2RA,IL2RA,0.9946281,0.6296296296296297,Mono-NC,Treg,0.5735986,0.0
HSPA1A,HSPA1A,0.42691118,0.5,TLR4,TLR4,0.7193331,0.662379421221865,cDC2,Mono-C,0.57312214,0.0
TGM2,TGM2,0.15794569,0.1,ADGRG1,ADGRG1,0.9882895,0.6970954356846473,CD8 T,NK-CD16+,0.5731176,0.0
FAM3C,FAM3C,0.26102954,0.22,CLEC2D,CLEC2D,0.8850114,0.6182572614107884,CD8 T,NK-CD16+,0.57302046,0.0
LGALS9,LGALS9,1.0351217,0.9090909090909091,SLC1A5,SLC1A5,0.10978428,0.1092436974789916,Mono-NC,CD4 T,0.57245296,0.0
LRPAP1,LRPAP1,0.45115834,0.3852040816326531,SORL1,SORL1,0.69347787,0.6541850220264317,γδ T,TRM,0.5723181,0.0
LCK,LCK,0.6341847,0.46,CD8B,CD8A_CD8B,0.51036483,0.3153526970954357,CD8 T,NK-CD16+,0.5722748,0.006
THBS1,THBS1,0.4268466,0.2797427652733119,CD47,CD47,0.7175519,0.5742296918767507,Mono-C,CD4 T,0.5721992,0.0
C3,C3,0.52352124,0.29515418502202645,ITGAX,ITGAX,0.62012494,0.572347266881029,TRM,Mono-C,0.5718231,0.0
ADAM10,ADAM10,0.24980623,0.22969187675070027,TSPAN14,TSPAN14,0.8938319,0.803030303030303,CD4 T,Mono-NC,0.57181907,0.0
ICAM2,ICAM2,0.70572096,0.7272727272727273,ITGAL,ITGAL_ITGB2,0.437027,0.37037037037037035,Mono-NC,Treg,0.571374,0.0
LGALS9,LGALS9,0.84653074,0.7652733118971061,SLC1A5,SLC1A5,0.2954955,0.3939393939393939,Mono-C,Mono-NC,0.5710131,0.0
IFNG,IFNG,0.2180502,0.17842323651452283,IFNGR1,IFNGR1_IFNGR2,0.9237207,0.7556270096463023,NK-CD16+,Mono-C,0.5708855,0.0
SELPLG,SELPLG,0.7946696,0.8787878787878788,SELL,SELL,0.34708825,0.3370044052863436,Mono-NC,TRM,0.5708789,0.0
SEMA4D,SEMA4D,0.6669683,0.4628482972136223,CD72,CD72,0.4746811,0.3458646616541353,NK-CD16-,B,0.5708247,0.0
SPP1,SPP1,0.7100559,0.2555066079295154,ITGA4,ITGA4_ITGB1,0.43139827,0.3753501400560224,TRM,CD4 T,0.5707271,0.0
MIF,MIF,0.69542724,0.48148148148148145,TNFRSF14,TNFRSF14,0.44593257,0.3949579831932773,Treg,CD4 T,0.5706799,0.035
LGALS9,LGALS9,0.13019994,0.10990712074303406,LRP1,LRP1,1.0102887,0.8360128617363344,NK-CD16-,Mono-C,0.5702443,0.0
SLPI,SLPI,0.080469035,0.12121212121212122,CD4,CD4,1.0583234,0.7037037037037037,Mono-NC,Treg,0.5693962,0.0
ICAM2,ICAM2,0.23794653,0.29260450160771706,ITGAL,ITGAL_ITGB2,0.9007067,0.6680497925311203,Mono-C,NK-CD16+,0.56932664,0.0
TNFSF10,TNFSF10,0.5118833,0.3746130030959752,CCR6,CCR6,0.62660265,0.5185185185185185,NK-CD16-,Treg,0.56924295,0.0
SELPLG,SELPLG,0.5583068,0.44813278008298757,ITGAM,ITGAM,0.5801289,0.6211453744493393,NK-CD16+,TRM,0.56921786,0.0
ADAM10,ADAM10,0.4676121,0.5572687224669604,AXL,AXL,0.6706365,0.5263157894736842,TRM,cDC2,0.5691243,0.0
FAM3C,FAM3C,0.3773607,0.29102167182662536,CLEC2D,CLEC2D,0.7607774,0.5185185185185185,NK-CD16-,Treg,0.569069,0.001
ARF1,ARF1,0.94765675,0.8038585209003215,INSR,INSR,0.18988392,0.2878787878787879,Mono-C,Mono-NC,0.56877035,0.0
C3,C3,0.52352124,0.29515418502202645,C3AR1,C3AR1,0.61395687,0.5530546623794212,TRM,Mono-C,0.56873906,0.0
SPP1,SPP1,0.7100559,0.2555066079295154,ITGA4,ITGA4_ITGB1,0.4272796,0.3494897959183674,TRM,γδ T,0.56866777,0.0
TGS1,TGS1,0.20593381,0.21052631578947367,RXRA,RXRA,0.9308078,0.7942122186495176,B,Mono-C,0.5683708,0.0
SERPINE1,SERPINE1,0.12619221,0.13215859030837004,LRP1,LRP1,1.0102887,0.8360128617363344,TRM,Mono-C,0.56824046,0.0
TNFSF10,TNFSF10,0.93402314,0.6818181818181818,CCR6,CCR6,0.20212027,0.2744360902255639,Mono-NC,cDC2,0.5680717,0.0
IL2,IL2,0.357467,0.22,IL2RB,IL2RB_IL2RG,0.7779492,0.5331632653061225,CD8 T,γδ T,0.56770813,0.0
IL16,IL16,0.334567,0.3729903536977492,CD4,CD4,0.8007195,0.7290748898678414,Mono-C,TRM,0.5676433,0.0
MIF,MIF,0.748788,0.5340557275541795,TNFRSF14,TNFRSF14,0.38633946,0.3239795918367347,NK-CD16-,γδ T,0.5675637,0.0
SELPLG,SELPLG,0.29787472,0.28291316526610644,ITGAM,ITGAM,0.8371364,0.729903536977492,CD4 T,Mono-C,0.56750554,0.0
PLAU,PLAU,0.36424682,0.4052863436123348,ITGA5,ITGA5,0.77074647,0.6101321585903083,TRM,TRM,0.56749666,0.0
ADAM28,ADAM28,0.2879072,0.31718061674008813,ITGA4,ITGA4,0.84618366,0.803030303030303,TRM,Mono-NC,0.56704545,0.0
TGS1,TGS1,0.20321248,0.2,RXRA,RXRA,0.9308078,0.7942122186495176,CD8 T,Mono-C,0.56701016,0.0
TNFSF12,TNFSF12,0.4358098,0.3494897959183674,CD163,CD163,0.6979688,0.5726872246696035,γδ T,TRM,0.5668893,0.0
GZMB,GZMB,0.9504289,0.44642857142857145,IGF2R,IGF2R,0.18319818,0.15325077399380804,γδ T,NK-CD16-,0.5668135,0.0
CD38,CD38,0.0915525,0.10526315789473684,PECAM1,PECAM1,1.0418698,0.8231511254019293,B,Mono-C,0.5667111,0.0
PLAU,PLAU,0.17025682,0.22932330827067668,ITGB1,ITGB1,0.96273524,0.8636363636363636,cDC2,Mono-NC,0.566496,0.044
CD1D,CD1D,0.23885658,0.3333333333333333,LILRB2,LILRB2,0.89341325,0.7268722466960352,Mono-NC,TRM,0.5661349,0.0
BTLA,BTLA,0.17988712,0.18045112781954886,CD247,CD247,0.9522749,0.6581632653061225,B,γδ T,0.56608105,0.0
TNFSF14,TNFSF14,0.50426155,0.39540816326530615,TNFRSF14,TNFRSF14,0.6278129,0.7272727272727273,γδ T,Mono-NC,0.56603724,0.0
HBEGF,HBEGF,0.91429305,0.5726872246696035,CD9,CD9,0.21758264,0.18,TRM,CD8 T,0.5659379,0.0
ADAM10,ADAM10,0.37611127,0.3070539419087137,IL6R,IL6R,0.75482005,0.6945337620578779,NK-CD16+,Mono-C,0.5654657,0.0
TGS1,TGS1,0.20010817,0.18518518518518517,RXRA,RXRA,0.9308078,0.7942122186495176,Treg,Mono-C,0.565458,0.0
SIRPA,SIRPA,0.7202235,0.6960352422907489,CD47,CD47,0.41050547,0.4855305466237942,TRM,Mono-C,0.5653645,0.0
CD47,CD47,0.41050547,0.4855305466237942,SIRPA,SIRPA,0.7202235,0.6960352422907489,Mono-C,TRM,0.5653645,0.0
PTPN6,PTPN6,0.7626841,0.6578947368421053,CD300LF,CD300LF,0.36763394,0.4251101321585903,cDC2,TRM,0.565159,0.0
ADAM12,ADAM12,0.1674131,0.14814814814814814,ITGB1,ITGB1,0.96273524,0.8636363636363636,Treg,Mono-NC,0.56507415,0.008
FAM3C,FAM3C,0.35769698,0.3383458646616541,CLEC2D,CLEC2D,0.7723496,0.5864661654135338,B,B,0.5650233,0.0
ADAM10,ADAM10,0.76983654,0.8333333333333334,IL6R,IL6R,0.3600179,0.42424242424242425,Mono-NC,Mono-NC,0.5649272,0.0
ADAM10,ADAM10,0.76983654,0.8333333333333334,TSPAN17,TSPAN17,0.35991713,0.2962962962962963,Mono-NC,Treg,0.56487685,0.0
MIF,MIF,0.683028,0.6466165413533834,TNFRSF14,TNFRSF14,0.44593257,0.3949579831932773,cDC2,CD4 T,0.5644803,0.0
TGS1,TGS1,0.19810687,0.18207282913165265,RXRA,RXRA,0.9308078,0.7942122186495176,CD4 T,Mono-C,0.56445736,0.0
TNFSF12,TNFSF12,0.58940524,0.5639097744360902,TNFRSF25,TNFRSF25,0.53942317,0.43977591036414565,cDC2,CD4 T,0.5644142,0.0
PLAU,PLAU,0.36424682,0.4052863436123348,LRP1,LRP1,0.7638819,0.7400881057268722,TRM,TRM,0.5640644,0.0
FASLG,FASLG,0.64506274,0.46439628482972134,TNFRSF1A,TNFRSF1A,0.4826395,0.5451127819548872,NK-CD16-,cDC2,0.5638511,0.0
LRPAP1,LRPAP1,0.4337759,0.3949579831932773,SORL1,SORL1,0.69347787,0.6541850220264317,CD4 T,TRM,0.5636269,0.0
MIF,MIF,0.95702225,0.66,TNFRSF10D,TNFRSF10D,0.17000455,0.2092511013215859,CD8 T,TRM,0.5635134,0.0
BTLA,BTLA,0.17454793,0.14814814814814814,CD247,CD247,0.9522749,0.6581632653061225,Treg,γδ T,0.5634114,0.0
IL1B,IL1B,0.42485967,0.3484848484848485,SIGIRR,SIGIRR,0.7019428,0.5306122448979592,Mono-NC,γδ T,0.5634012,0.0
MIF,MIF,0.69542724,0.48148148148148145,TNFRSF14,TNFRSF14,0.43101996,0.4790996784565916,Treg,Mono-C,0.5632236,0.046
TGS1,TGS1,0.19529712,0.2508038585209003,RXRA,RXRA,0.9308078,0.7942122186495176,Mono-C,Mono-C,0.5630525,0.0
FAM3C,FAM3C,0.3773607,0.29102167182662536,CLEC2D,CLEC2D,0.74860984,0.5350140056022409,NK-CD16-,CD4 T,0.5629853,0.0
ST6GAL1,ST6GAL1,0.24047959,0.2157676348547718,CD22,CD22,0.88546044,0.6390977443609023,NK-CD16+,B,0.56297004,0.0
FASLG,FASLG,0.14793238,0.12605042016806722,TNFRSF1A,TNFRSF1A,0.9779132,0.8039647577092511,CD4 T,TRM,0.5629228,0.0
SEMA4A,SEMA4A,0.23234732,0.30303030303030304,LILRB2,LILRB2,0.89341325,0.7268722466960352,Mono-NC,TRM,0.5628803,0.0
APP,APP,0.36090353,0.41479099678456594,LRP1,LRP1,0.7638819,0.7400881057268722,Mono-C,TRM,0.5623927,0.0
PSEN1,PSEN1,0.4038222,0.5151515151515151,NOTCH2,NOTCH2,0.72093487,0.6881028938906752,Mono-NC,Mono-C,0.5623785,0.0
TLN1,TLN1,0.99838024,0.6639004149377593,ITGB5,ITGB5,0.12635961,0.1960352422907489,NK-CD16+,TRM,0.56236994,0.0
SPP1,SPP1,0.35391083,0.19924812030075187,ITGA5,ITGA5_ITGB1,0.77074647,0.6101321585903083,cDC2,TRM,0.56232864,0.0
SIRPA,SIRPA,0.7202235,0.6960352422907489,CD47,CD47,0.40409848,0.37037037037037035,TRM,Treg,0.56216097,0.017
CD47,CD47,0.40409848,0.37037037037037035,SIRPA,SIRPA,0.7202235,0.6960352422907489,Treg,TRM,0.56216097,0.017
BAG6,BAG6,0.3644881,0.4911894273127753,NCR3,NCR3,0.759636,0.5139318885448917,TRM,NK-CD16-,0.562062,0.0
LGALS9,LGALS9,0.11375386,0.10714285714285714,LRP1,LRP1,1.0102887,0.8360128617363344,γδ T,Mono-C,0.5620213,0.0
SLPI,SLPI,0.17855424,0.20300751879699247,CD4,CD4,0.9452533,0.8484848484848485,cDC2,Mono-NC,0.5619038,0.0
THBS1,THBS1,0.3429111,0.23788546255506607,CD47,CD47,0.78074646,0.6390977443609023,TRM,B,0.5618288,0.0
ADAM9,ADAM9,0.4540225,0.526431718061674,ITGB1,ITGB1,0.66938674,0.4733893557422969,TRM,CD4 T,0.56170464,0.002
MMP9,MMP9,0.3595086,0.19383259911894274,LRP1,LRP1,0.7638819,0.7400881057268722,TRM,TRM,0.5616953,0.0
NECTIN2,NECTIN2,0.14877188,0.12,CD96,CD96,0.97449845,0.6253869969040248,CD8 T,NK-CD16-,0.56163514,0.0
ADAM15,ADAM15,0.35220286,0.40514469453376206,ITGA5,ITGA5,0.77074647,0.6101321585903083,Mono-C,TRM,0.5614747,0.0
HBEGF,HBEGF,0.91429305,0.5726872246696035,CD82,CD82,0.2085612,0.19047619047619047,TRM,CD4 T,0.5614271,0.0
ZG16B,ZG16B,0.374383,0.32,TLR2,TLR2,0.7481718,0.684887459807074,CD8 T,Mono-C,0.5612774,0.0
PTPN6,PTPN6,0.8431796,0.5603715170278638,CD300LF,CD300LF,0.27868325,0.22,NK-CD16-,CD8 T,0.56093144,0.0
FABP5,FABP5,0.19081764,0.24242424242424243,RXRA,RXRA,0.9308078,0.7942122186495176,Mono-NC,Mono-C,0.5608127,0.0
IL16,IL16,0.35509396,0.45454545454545453,CD9,CD9,0.7663731,0.5154185022026432,Mono-NC,TRM,0.56073356,0.02
TNFSF12,TNFSF12,0.17346829,0.18796992481203006,TNFRSF25,TNFRSF25,0.94785535,0.66,B,CD8 T,0.5606618,0.0
ADAM28,ADAM28,0.65992755,0.556390977443609,ITGA4,ITGA4,0.4613777,0.4983922829581994,B,Mono-C,0.5606526,0.0
ARF1,ARF1,0.920288,0.8636363636363636,INSR,INSR,0.20066448,0.2540192926045016,Mono-NC,Mono-C,0.56047624,0.007
ADAM10,ADAM10,0.2271121,0.1913265306122449,TSPAN14,TSPAN14,0.8938319,0.803030303030303,γδ T,Mono-NC,0.560472,0.0
SEMA4A,SEMA4A,0.3511191,0.4212218649517685,PLXNB2,PLXNB2,0.7697096,0.803030303030303,Mono-C,Mono-NC,0.5604143,0.0
TNFSF12,TNFSF12,0.8168387,0.6,TNFRSF8,TNFRSF8,0.30398658,0.3939393939393939,CD8 T,Mono-NC,0.56041265,0.0
MMP2,MMP2,0.07874492,0.1211453744493392,PECAM1,PECAM1,1.0418698,0.8231511254019293,TRM,Mono-C,0.5603073,0.0
MDK,MDK,0.110244885,0.14661654135338345,LRP1,LRP1,1.0102887,0.8360128617363344,cDC2,Mono-C,0.5602668,0.0
CD59,CD59,0.36507612,0.4118942731277533,STAB1,STAB1,0.75494057,0.6497797356828194,TRM,TRM,0.56000835,0.0
TGS1,TGS1,0.18788613,0.3157894736842105,RXRA,RXRA,0.9308078,0.7942122186495176,cDC2,Mono-C,0.559347,0.0
FAM3C,FAM3C,0.26102954,0.22,LAMP1,LAMP1,0.8576116,0.7312775330396476,CD8 T,TRM,0.55932057,0.0
FAM3C,FAM3C,0.35769698,0.3383458646616541,CLEC2D,CLEC2D,0.7607774,0.5185185185185185,B,Treg,0.5592372,0.001
LRPAP1,LRPAP1,0.60012096,0.6167400881057269,SORL1,SORL1,0.5182548,0.4066390041493776,TRM,NK-CD16+,0.5591879,0.001
IL1B,IL1B,0.50131196,0.37969924812030076,SIGIRR,SIGIRR,0.6169845,0.52,cDC2,CD8 T,0.5591482,0.0
THBS1,THBS1,0.4268466,0.2797427652733119,ITGA4,ITGA4,0.6913513,0.5925925925925926,Mono-C,Treg,0.55909896,0.0
LGALS9,LGALS9,0.84653074,0.7652733118971061,HAVCR2,HAVCR2,0.27027726,0.21161825726141079,Mono-C,NK-CD16+,0.55840397,0.0
CD24,CD24,0.2410089,0.2222222222222222,SIGLEC10,SIGLEC10,0.8756948,0.7727272727272727,Treg,Mono-NC,0.5583519,0.0
LGALS9,LGALS9,0.84653074,0.7652733118971061,HAVCR2,HAVCR2,0.2695384,0.21826625386996903,Mono-C,NK-CD16-,0.55803454,0.0
IL16,IL16,0.35509396,0.45454545454545453,CD4,CD4,0.7606554,0.6428571428571429,Mono-NC,cDC2,0.5578747,0.002
MIF,MIF,0.48784086,0.3903061224489796,TNFRSF14,TNFRSF14,0.6278129,0.7272727272727273,γδ T,Mono-NC,0.5578269,0.004
CD40LG,CD40LG,0.3442081,0.24,ITGA5,ITGA5_ITGB1,0.77074647,0.6101321585903083,CD8 T,TRM,0.5574773,0.0
ICAM1,ICAM1,0.21409014,0.2508038585209003,ITGAL,ITGAL_ITGB2,0.9007067,0.6680497925311203,Mono-C,NK-CD16+,0.55739844,0.0
TGS1,TGS1,0.18360594,0.15479876160990713,RXRA,RXRA,0.9308078,0.7942122186495176,NK-CD16-,Mono-C,0.55720687,0.0
TNFSF13B,TNFSF13B,0.8503097,0.7575757575757576,TFRC,TFRC,0.2637421,0.2973568281938326,Mono-NC,TRM,0.5570259,0.0
MIF,MIF,0.683028,0.6466165413533834,TNFRSF14,TNFRSF14,0.43101996,0.4790996784565916,cDC2,Mono-C,0.557024,0.0
ADAM10,ADAM10,0.4676121,0.5572687224669604,NOTCH2,NOTCH2,0.64599603,0.7121212121212122,TRM,Mono-NC,0.55680406,0.0
IL1B,IL1B,0.8441269,0.4565916398713826,SIGIRR,SIGIRR,0.26894712,0.41729323308270677,Mono-C,cDC2,0.55653703,0.0
GZMB,GZMB,0.8072066,0.37925696594427244,IGF2R,IGF2R,0.30584055,0.394273127753304,NK-CD16-,TRM,0.55652356,0.0
GZMB,GZMB,0.9504289,0.44642857142857145,IGF2R,IGF2R,0.1624435,0.14030612244897958,γδ T,γδ T,0.5564362,0.0
TNF,TNF,0.3113538,0.24,TNFRSF1A,TNFRSF1A,0.8014042,0.7234726688102894,CD8 T,Mono-C,0.55637896,0.0
FABP5,FABP5,0.18194051,0.18045112781954886,RXRA,RXRA,0.9308078,0.7942122186495176,B,Mono-C,0.5563742,0.0
TLN1,TLN1,0.99838024,0.6639004149377593,ITGB5,ITGB5,0.11423527,0.18045112781954886,NK-CD16+,cDC2,0.55630773,0.0
HLA-DQA2,HLA-DQA2,0.16729324,0.14814814814814814,CD4,CD4,0.9452533,0.8484848484848485,Treg,Mono-NC,0.5562733,0.024
CCL3,CCL3,0.23154631,0.16299559471365638,CCR1,CCR1,0.880954,0.7224669603524229,TRM,TRM,0.55625015,0.0
CD47,CD47,0.5424275,0.5939849624060151,SIRPG,SIRPG,0.5696164,0.5185185185185185,cDC2,Treg,0.5560219,0.0
SIRPG,SIRPG,0.5696164,0.5185185185185185,CD47,CD47,0.5424275,0.5939849624060151,Treg,cDC2,0.5560219,0.0
ADAM17,ADAM17,0.34113428,0.43612334801762115,ITGA5,ITGA5,0.77074647,0.6101321585903083,TRM,TRM,0.5559404,0.0
GSTO1,GSTO1,1.0246953,0.8038585209003215,RYR1,RYR1,0.08709178,0.13636363636363635,Mono-C,Mono-NC,0.55589354,0.0
HGF,HGF,0.148831,0.18006430868167203,ITGB1,ITGB1,0.96273524,0.8636363636363636,Mono-C,Mono-NC,0.5557831,0.024
CD40LG,CD40LG,0.3442081,0.24,CD9,CD9,0.7663731,0.5154185022026432,CD8 T,TRM,0.5552906,0.0
ICAM3,ICAM3,0.9703577,0.6918767507002801,ITGAD,ITGAD_ITGB2,0.13989866,0.10526315789473684,CD4 T,NK-CD16-,0.5551282,0.0
ARF1,ARF1,0.920288,0.8636363636363636,INSR,INSR,0.18988392,0.2878787878787879,Mono-NC,Mono-NC,0.55508596,0.018
SERPINF1,SERPINF1,0.14440502,0.15638766519823788,PLXDC2,PLXDC2,0.9657451,0.801762114537445,TRM,TRM,0.55507505,0.0
MYL9,MYL9,0.073126614,0.10150375939849623,CD69,CD69,1.0354137,0.5938375350140056,cDC2,CD4 T,0.55427015,0.0
SEMA4D,SEMA4D,0.33866128,0.35691318327974275,PLXNB2,PLXNB2,0.7697096,0.803030303030303,Mono-C,Mono-NC,0.55418545,0.0
ADAM10,ADAM10,0.76983654,0.8333333333333334,AXL,AXL,0.3379147,0.2973568281938326,Mono-NC,TRM,0.5538756,0.0
ADAM10,ADAM10,0.76983654,0.8333333333333334,NOTCH2,NOTCH2,0.3377539,0.42951541850220265,Mono-NC,TRM,0.5537952,0.0
LGALS9,LGALS9,0.84653074,0.7652733118971061,HAVCR2,HAVCR2,0.2609597,0.2765273311897106,Mono-C,Mono-C,0.5537452,0.0
ADAM12,ADAM12,0.14426556,0.1,ITGB1,ITGB1,0.96273524,0.8636363636363636,CD8 T,Mono-NC,0.5535004,0.017
THBS1,THBS1,0.3429111,0.23788546255506607,LRP1,LRP1,0.7638819,0.7400881057268722,TRM,TRM,0.5533965,0.0
LTA,LTA,0.5572398,0.48148148148148145,TNFRSF1A,TNFRSF1A,0.54939437,0.5757575757575758,Treg,Mono-NC,0.55331707,0.0
MIF,MIF,0.748788,0.5340557275541795,TNFRSF14,TNFRSF14,0.35765862,0.3,NK-CD16-,CD8 T,0.5532233,0.007
TNFSF13B,TNFSF13B,0.4346889,0.28291316526610644,TNFRSF13B,TNFRSF13B,0.6716681,0.5037593984962406,CD4 T,B,0.5531785,0.0
FAM3C,FAM3C,0.35769698,0.3383458646616541,CLEC2D,CLEC2D,0.74860984,0.5350140056022409,B,CD4 T,0.5531534,0.0
SLPI,SLPI,0.16079405,0.13725490196078433,CD4,CD4,0.9452533,0.8484848484848485,CD4 T,Mono-NC,0.5530237,0.0
APP,APP,0.3850643,0.34,NOTCH2,NOTCH2,0.72093487,0.6881028938906752,CD8 T,Mono-C,0.5529996,0.0
LRPAP1,LRPAP1,0.60012096,0.6167400881057269,LRP1,LRP1,0.50576186,0.6212121212121212,TRM,Mono-NC,0.55294144,0.0
SIRPG,SIRPG,0.5696164,0.5185185185185185,CD47,CD47,0.5359284,0.4148606811145511,Treg,NK-CD16-,0.5527724,0.0
CD47,CD47,0.5359284,0.4148606811145511,SIRPG,SIRPG,0.5696164,0.5185185185185185,NK-CD16-,Treg,0.5527724,0.0
PSEN1,PSEN1,0.45922452,0.5080385852090032,NOTCH2,NOTCH2,0.64599603,0.7121212121212122,Mono-C,Mono-NC,0.5526103,0.0
VCAN,VCAN,0.5012526,0.42424242424242425,TLR2,TLR2,0.6037369,0.6079295154185022,Mono-NC,TRM,0.55249476,0.025
CD38,CD38,0.2510329,0.2033195020746888,PECAM1,PECAM1,0.85384303,0.7026431718061674,NK-CD16+,TRM,0.55243796,0.0
SELPLG,SELPLG,0.19067334,0.2665198237885463,SELL,SELL,0.9139811,0.7234726688102894,TRM,Mono-C,0.5523272,0.0
LY86,LY86,0.7235164,0.684887459807074,CD180,CD180,0.38100922,0.37593984962406013,Mono-C,B,0.5522628,0.0
TNFSF14,TNFSF14,0.50426155,0.39540816326530615,TNFRSF14,TNFRSF14,0.60011584,0.4444444444444444,γδ T,Treg,0.5521887,0.0
TNFSF10,TNFSF10,0.93402314,0.6818181818181818,TNFRSF10D,TNFRSF10D,0.17000455,0.2092511013215859,Mono-NC,TRM,0.5520139,0.0
C3,C3,0.52352124,0.29515418502202645,ITGAM,ITGAM,0.5801289,0.6211453744493393,TRM,TRM,0.55182505,0.0
TNF,TNF,0.5083867,0.4444444444444444,VSIR,VSIR,0.5952548,0.5704845814977973,Treg,TRM,0.55182076,0.0
IL16,IL16,0.15774843,0.23348017621145375,CD4,CD4,0.9452533,0.8484848484848485,TRM,Mono-NC,0.55150086,0.0
COL6A2,COL6A2,0.22681384,0.1825726141078838,ITGA1,ITGA1_ITGB1,0.8761671,0.5495356037151703,NK-CD16+,NK-CD16-,0.5514905,0.0
C3,C3,0.33866867,0.2781954887218045,LRP1,LRP1,0.7638819,0.7400881057268722,cDC2,TRM,0.5512753,0.0
ADAM10,ADAM10,0.43152812,0.4074074074074074,AXL,AXL,0.6706365,0.5263157894736842,Treg,cDC2,0.5510823,0.0
CD1D,CD1D,0.20845255,0.2577092511013216,LILRB2,LILRB2,0.89341325,0.7268722466960352,TRM,TRM,0.5509329,0.0
FASLG,FASLG,0.64506274,0.46439628482972134,TNFRSF1A,TNFRSF1A,0.45619887,0.375,NK-CD16-,γδ T,0.5506308,0.0
TNF,TNF,0.07192662,0.14285714285714285,ICOS,ICOS,1.0291984,0.7407407407407407,cDC2,Treg,0.5505625,0.0
RNASE2,RNASE2,0.35292068,0.3536977491961415,TLR2,TLR2,0.7481718,0.684887459807074,Mono-C,Mono-C,0.5505462,0.0
IL16,IL16,0.334567,0.3729903536977492,CD9,CD9,0.7663731,0.5154185022026432,Mono-C,TRM,0.55047005,0.0
CD96,CD96,0.9993103,0.6887755102040817,PVR,PVR,0.10072808,0.15151515151515152,γδ T,Mono-NC,0.5500192,0.0
ICAM1,ICAM1,0.19924289,0.31203007518796994,ITGAL,ITGAL_ITGB2,0.9007067,0.6680497925311203,cDC2,NK-CD16+,0.5499748,0.0
SERPING1,SERPING1,0.0895891,0.10902255639097744,LRP1,LRP1,1.0102887,0.8360128617363344,cDC2,Mono-C,0.5499389,0.0
ADAM9,ADAM9,0.4540225,0.526431718061674,ITGB1,ITGB1,0.64575475,0.6240601503759399,TRM,cDC2,0.5498886,0.026
CD47,CD47,0.78074646,0.6390977443609023,SIRPA,SIRPA,0.31892416,0.45864661654135336,B,cDC2,0.5498353,0.0
SIRPA,SIRPA,0.31892416,0.45864661654135336,CD47,CD47,0.78074646,0.6390977443609023,cDC2,B,0.5498353,0.0
CD55,CD55,0.8667511,0.6585903083700441,CR1,CR1,0.23274004,0.2665198237885463,TRM,TRM,0.54974556,0.0
FABP5,FABP5,0.16859092,0.21864951768488747,RXRA,RXRA,0.9308078,0.7942122186495176,Mono-C,Mono-C,0.54969937,0.0
SIRPB2,SIRPB2,0.31865022,0.3536977491961415,CD47,CD47,0.78074646,0.6390977443609023,Mono-C,B,0.54969835,0.0
TGM2,TGM2,0.11100363,0.14285714285714285,ADGRG1,ADGRG1,0.9882895,0.6970954356846473,cDC2,NK-CD16+,0.54964656,0.0
ICAM4,ICAM4,0.25308305,0.30303030303030304,ITGA4,ITGA4,0.84618366,0.803030303030303,Mono-NC,Mono-NC,0.5496334,0.0
TNFSF10,TNFSF10,0.93402314,0.6818181818181818,TNFRSF10B,TNFRSF10B,0.16522051,0.25757575757575757,Mono-NC,Mono-NC,0.5496218,0.0
LGALS3,LGALS3,0.83324724,0.5331632653061225,ENG,ENG,0.2657711,0.3183279742765273,γδ T,Mono-C,0.54950917,0.021
FABP5,FABP5,0.16787753,0.1326530612244898,RXRA,RXRA,0.9308078,0.7942122186495176,γδ T,Mono-C,0.5493427,0.0
LGALS9,LGALS9,0.84653074,0.7652733118971061,SLC1A5,SLC1A5,0.25211945,0.37969924812030076,Mono-C,cDC2,0.5493251,0.0
IL1B,IL1B,0.8441269,0.4565916398713826,SIGIRR,SIGIRR,0.25407574,0.2631578947368421,Mono-C,B,0.5491013,0.0
PTPN6,PTPN6,0.73054206,0.7136563876651982,CD300LF,CD300LF,0.36763394,0.4251101321585903,TRM,TRM,0.549088,0.0
CSF1,CSF1,0.2809114,0.25925925925925924,CSF3R,CSF3R,0.8169632,0.7202643171806168,Treg,TRM,0.5489373,0.0
LGALS9,LGALS9,0.8022431,0.6879699248120301,SLC1A5,SLC1A5,0.2954955,0.3939393939393939,cDC2,Mono-NC,0.5488693,0.0
LGALS3,LGALS3,0.5337509,0.3585434173669468,LAG3,LAG3,0.5634088,0.41836734693877553,CD4 T,γδ T,0.5485798,0.0
ADAM10,ADAM10,0.37611127,0.3070539419087137,NOTCH2,NOTCH2,0.72093487,0.6881028938906752,NK-CD16+,Mono-C,0.54852307,0.0
ICAM2,ICAM2,0.19627827,0.18045112781954886,ITGAL,ITGAL_ITGB2,0.9007067,0.6680497925311203,B,NK-CD16+,0.5484925,0.0
TNFSF13B,TNFSF13B,0.42461497,0.4699248120300752,TNFRSF13B,TNFRSF13B,0.6716681,0.5037593984962406,cDC2,B,0.54814154,0.0
ADAM17,ADAM17,0.34113428,0.43612334801762115,IL6R,IL6R,0.75482005,0.6945337620578779,TRM,Mono-C,0.54797715,0.0
LTA,LTA,0.117950454,0.12,TNFRSF1A,TNFRSF1A,0.9779132,0.8039647577092511,CD8 T,TRM,0.54793185,0.0
ST6GAL1,ST6GAL1,0.21038839,0.2878787878787879,CD22,CD22,0.88546044,0.6390977443609023,Mono-NC,B,0.5479244,0.0
MDK,MDK,0.0854343,0.11894273127753303,LRP1,LRP1,1.0102887,0.8360128617363344,TRM,Mono-C,0.5478615,0.0
GZMB,GZMB,0.8072066,0.37925696594427244,IGF2R,IGF2R,0.28827822,0.25925925925925924,NK-CD16-,Treg,0.54774237,0.003
LRPAP1,LRPAP1,0.82922006,0.7037037037037037,SORT1,SORT1,0.2660577,0.31511254019292606,Treg,Mono-C,0.5476389,0.0
SPON2,SPON2,0.24908192,0.18,ITGA4,ITGA4,0.84618366,0.803030303030303,CD8 T,Mono-NC,0.5476328,0.0
IL16,IL16,0.334567,0.3729903536977492,CD4,CD4,0.7606554,0.6428571428571429,Mono-C,cDC2,0.54761124,0.0
LGALS9,LGALS9,0.1378367,0.14,HAVCR2,HAVCR2,0.957247,0.7731277533039648,CD8 T,TRM,0.54754186,0.001
ICAM2,ICAM2,0.25793207,0.23529411764705882,ITGAM,ITGAM_ITGB2,0.8371364,0.729903536977492,CD4 T,Mono-C,0.5475342,0.0
IL1B,IL1B,0.50131196,0.37969924812030076,SIGIRR,SIGIRR,0.5935004,0.456656346749226,cDC2,NK-CD16-,0.5474062,0.0
C3,C3,0.52352124,0.29515418502202645,IFITM1,IFITM1,0.5710217,0.4086687306501548,TRM,NK-CD16-,0.5472715,0.0
THBS1,THBS1,0.4268466,0.2797427652733119,ITGA4,ITGA4,0.66753775,0.4979253112033195,Mono-C,NK-CD16+,0.54719216,0.0
MIF,MIF,0.46597883,0.5044052863436124,TNFRSF14,TNFRSF14,0.6278129,0.7272727272727273,TRM,Mono-NC,0.54689586,0.006
ZG16B,ZG16B,0.374383,0.32,TLR4,TLR4,0.7193331,0.662379421221865,CD8 T,Mono-C,0.5468581,0.0
FN1,FN1,0.23371491,0.1299559471365639,PLAUR,PLAUR,0.85952306,0.6366559485530546,TRM,Mono-C,0.546619,0.0
SELPLG,SELPLG,0.7946696,0.8787878787878788,SELL,SELL,0.29839385,0.21991701244813278,Mono-NC,NK-CD16+,0.54653174,0.0
ICAM2,ICAM2,0.19227952,0.2577092511013216,ITGAL,ITGAL_ITGB2,0.9007067,0.6680497925311203,TRM,NK-CD16+,0.5464931,0.0
ADAM10,ADAM10,0.3381124,0.24,IL6R,IL6R,0.75482005,0.6945337620578779,CD8 T,Mono-C,0.54646623,0.0
FAM3C,FAM3C,0.2078135,0.1908713692946058,CLEC2D,CLEC2D,0.8850114,0.6182572614107884,NK-CD16+,NK-CD16+,0.54641247,0.0
TNFSF10,TNFSF10,0.93402314,0.6818181818181818,TNFRSF10B,TNFRSF10B,0.15867808,0.21543408360128619,Mono-NC,Mono-C,0.5463506,0.0
ADAM10,ADAM10,0.37611127,0.3070539419087137,GPNMB,GPNMB,0.71647525,0.40308370044052866,NK-CD16+,TRM,0.54629326,0.0
TNFSF12,TNFSF12,0.39399472,0.3111455108359133,CD163,CD163,0.6979688,0.5726872246696035,NK-CD16-,TRM,0.54598176,0.0
CD40LG,CD40LG,0.5116621,0.4117647058823529,ITGAM,ITGAM_ITGB2,0.5801289,0.6211453744493393,CD4 T,TRM,0.5458955,0.0
FAM3C,FAM3C,0.26102954,0.22,CLEC2D,CLEC2D,0.8305881,0.576530612244898,CD8 T,γδ T,0.5458088,0.0
ADAM28,ADAM28,0.65992755,0.556390977443609,ITGA4,ITGA4,0.43139827,0.3753501400560224,B,CD4 T,0.5456629,0.0
ADAM10,ADAM10,0.76983654,0.8333333333333334,TSPAN14,TSPAN14,0.32127964,0.3025210084033613,Mono-NC,CD4 T,0.5455581,0.0
ICAM4,ICAM4,0.25308305,0.30303030303030304,ITGAM,ITGAM,0.8371364,0.729903536977492,Mono-NC,Mono-C,0.54510975,0.0
ADAM28,ADAM28,0.3984995,0.462406015037594,ITGA4,ITGA4,0.6913513,0.5925925925925926,cDC2,Treg,0.5449254,0.0
TNFSF12,TNFSF12,0.17346829,0.18796992481203006,TNFRSF25,TNFRSF25,0.91637623,0.6296296296296297,B,Treg,0.54492223,0.0
NECTIN2,NECTIN2,0.31610417,0.40308370044052866,CD96,CD96,0.7735077,0.5714285714285714,TRM,CD4 T,0.54480594,0.0
THBS1,THBS1,0.3429111,0.23788546255506607,CD47,CD47,0.74665785,0.5637755102040817,TRM,γδ T,0.5447845,0.0
SLPI,SLPI,0.14407238,0.14814814814814814,CD4,CD4,0.9452533,0.8484848484848485,Treg,Mono-NC,0.54466283,0.0
ADAM10,ADAM10,0.67234373,0.6655948553054662,TSPAN14,TSPAN14,0.41683406,0.37037037037037035,Mono-C,Treg,0.5445889,0.0
CEACAM1,CEACAM1,0.13192362,0.14,HAVCR2,HAVCR2,0.957247,0.7731277533039648,CD8 T,TRM,0.54458535,0.0
FAM3C,FAM3C,0.20404832,0.31718061674008813,CLEC2D,CLEC2D,0.8850114,0.6182572614107884,TRM,NK-CD16+,0.54452986,0.0
CD14,CD14,0.76847064,0.4398496240601504,TLR1,TLR1,0.3205201,0.4185022026431718,cDC2,TRM,0.54449534,0.002
HLA-DQA2,HLA-DQA2,0.8478521,0.5462555066079295,LAG3,LAG3,0.24067335,0.2074688796680498,TRM,NK-CD16+,0.5442627,0.0
MIF,MIF,0.95702225,0.66,CXCR2,CD74_CXCR2,0.13101147,0.1078838174273859,CD8 T,NK-CD16+,0.54401684,0.0
FASLG,FASLG,0.5386062,0.4149377593360996,TNFRSF1A,TNFRSF1A,0.54939437,0.5757575757575758,NK-CD16+,Mono-NC,0.54400027,0.001
MIF,MIF,0.48784086,0.3903061224489796,TNFRSF14,TNFRSF14,0.60011584,0.4444444444444444,γδ T,Treg,0.54397833,0.044
LGALS9,LGALS9,0.13019994,0.10990712074303406,HAVCR2,HAVCR2,0.957247,0.7731277533039648,NK-CD16-,TRM,0.54372346,0.0
ADAM28,ADAM28,0.65992755,0.556390977443609,ITGA4,ITGA4,0.4272796,0.3494897959183674,B,γδ T,0.54360354,0.0
BSG,BSG,0.81224966,0.62,SLC16A7,SLC16A7,0.27486,0.3333333333333333,CD8 T,Mono-NC,0.54355484,0.0
MIF,MIF,0.683028,0.6466165413533834,TNFRSF14,TNFRSF14,0.40399426,0.47577092511013214,cDC2,TRM,0.54351115,0.0
NECTIN2,NECTIN2,0.08735202,0.1157556270096463,CD96,CD96,0.9993103,0.6887755102040817,Mono-C,γδ T,0.54333115,0.0
APOE,APOE,0.3226691,0.20676691729323307,LRP1,LRP1,0.7638819,0.7400881057268722,cDC2,TRM,0.5432755,0.0
SPON2,SPON2,0.24908192,0.18,ITGAM,ITGAM,0.8371364,0.729903536977492,CD8 T,Mono-C,0.5431092,0.0
LRPAP1,LRPAP1,0.6734038,0.7272727272727273,SORT1,SORT1,0.41241643,0.48484848484848486,Mono-NC,Mono-NC,0.5429101,0.0
BSG,BSG,0.81224966,0.62,SLC16A7,SLC16A7,0.2728579,0.25210084033613445,CD8 T,CD4 T,0.5425538,0.0
MFNG,MFNG,0.36409536,0.3445378151260504,NOTCH2,NOTCH2,0.72093487,0.6881028938906752,CD4 T,Mono-C,0.5425151,0.0
LGALS3BP,LGALS3BP,0.26561338,0.31954887218045114,ITGB1,ITGB1,0.8193306,0.7588424437299035,cDC2,Mono-C,0.542472,0.019
ADAM10,ADAM10,0.67234373,0.6655948553054662,TSPAN14,TSPAN14,0.41230187,0.3239795918367347,Mono-C,γδ T,0.5423228,0.0
CD55,CD55,0.8667511,0.6585903083700441,CR1,CR1,0.21769552,0.2727272727272727,TRM,Mono-NC,0.5422233,0.0
PLAT,PLAT,0.074066386,0.10150375939849623,LRP1,LRP1,1.0102887,0.8360128617363344,cDC2,Mono-C,0.54217756,0.0
LRPAP1,LRPAP1,0.32044557,0.3233082706766917,LRP1,LRP1,0.7638819,0.7400881057268722,B,TRM,0.5421637,0.0
SERPINA1,SERPINA1,0.57855076,0.4924812030075188,LRP1,LRP1,0.50576186,0.6212121212121212,cDC2,Mono-NC,0.54215634,0.001
TGS1,TGS1,0.15338747,0.2511013215859031,RXRA,RXRA,0.9308078,0.7942122186495176,TRM,Mono-C,0.5420976,0.0
ICAM1,ICAM1,0.21409014,0.2508038585209003,ITGAX,ITGAX_ITGB2,0.86921126,0.8333333333333334,Mono-C,Mono-NC,0.5416507,0.0
HBEGF,HBEGF,0.91429305,0.5726872246696035,CD82,CD82,0.16879322,0.14,TRM,CD8 T,0.5415431,0.0
A2M,A2M,0.57661355,0.41729323308270677,LRP1,LRP1,0.50576186,0.6212121212121212,cDC2,Mono-NC,0.5411877,0.0
APP,APP,0.36090353,0.41479099678456594,NOTCH2,NOTCH2,0.72093487,0.6881028938906752,Mono-C,Mono-C,0.5409192,0.0
CD59,CD59,0.32642683,0.28,STAB1,STAB1,0.75494057,0.6497797356828194,CD8 T,TRM,0.5406837,0.0
IL15,IL15,0.08659594,0.14096916299559473,IL2RA,IL2RA,0.9946281,0.6296296296296297,TRM,Treg,0.540612,0.0
HSPA4,HSPA4,0.3616472,0.4713656387665198,TLR4,TLR4,0.7193331,0.662379421221865,TRM,Mono-C,0.54049015,0.0
F13A1,F13A1,0.38930294,0.3502202643171806,ITGA4,ITGA4,0.6913513,0.5925925925925926,TRM,Treg,0.54032713,0.0
S100A12,S100A12,0.9182544,0.4977973568281938,TLR4,TLR4,0.1623037,0.2781954887218045,TRM,cDC2,0.54027903,0.0
GZMB,GZMB,0.8072066,0.37925696594427244,IGF2R,IGF2R,0.27312338,0.36363636363636365,NK-CD16-,Mono-NC,0.54016495,0.0
ICAM2,ICAM2,0.70572096,0.7272727272727273,ITGAM,ITGAM_ITGB2,0.3743598,0.31950207468879666,Mono-NC,NK-CD16+,0.5400404,0.0
FN1,FN1,0.23371491,0.1299559471365639,ITGA4,ITGA4_ITGB1,0.84618366,0.803030303030303,TRM,Mono-NC,0.5399493,0.0
CD38,CD38,0.2260057,0.2222222222222222,PECAM1,PECAM1,0.85384303,0.7026431718061674,Treg,TRM,0.5399244,0.0
BSG,BSG,0.81224966,0.62,SLC16A7,SLC16A7,0.26753944,0.21683673469387754,CD8 T,γδ T,0.5398946,0.0
ICOSLG,ICOSLG,0.050558623,0.10902255639097744,ICOS,ICOS,1.0291984,0.7407407407407407,cDC2,Treg,0.5398785,0.0
ADAM10,ADAM10,0.76983654,0.8333333333333334,TSPAN5,TSPAN5,0.30979073,0.25925925925925924,Mono-NC,Treg,0.53981364,0.0
CALM3,CALM3,0.8657111,0.8181818181818182,KCNQ1,KCNQ1,0.21376051,0.2572347266881029,Mono-NC,Mono-C,0.5397358,0.001
ADAM10,ADAM10,0.67234373,0.6655948553054662,TSPAN14,TSPAN14,0.40685463,0.4801762114537445,Mono-C,TRM,0.5395992,0.0
LTA,LTA,0.5572398,0.48148148148148145,TNFRSF1B,TNFRSF1B,0.5217292,0.4107883817427386,Treg,NK-CD16+,0.5394845,0.0
VSTM1,VSTM1,0.22134006,0.30303030303030304,LAMP1,LAMP1,0.8576116,0.7312775330396476,Mono-NC,TRM,0.5394758,0.0
HLA-DQA2,HLA-DQA2,0.13329236,0.12033195020746888,CD4,CD4,0.9452533,0.8484848484848485,NK-CD16+,Mono-NC,0.53927284,0.0
IL1B,IL1B,0.8441269,0.4565916398713826,SIGIRR,SIGIRR,0.23383564,0.33480176211453744,Mono-C,TRM,0.53898126,0.0
RETN,RETN,0.35841697,0.3215434083601286,TLR4,TLR4,0.7193331,0.662379421221865,Mono-C,Mono-C,0.53887504,0.0
CD14,CD14,0.76847064,0.4398496240601504,TLR1,TLR1,0.30913138,0.3633440514469453,cDC2,Mono-C,0.538801,0.003
ADAM10,ADAM10,0.43152812,0.4074074074074074,NOTCH2,NOTCH2,0.64599603,0.7121212121212122,Treg,Mono-NC,0.5387621,0.0
SLPI,SLPI,0.27675843,0.20743034055727555,CD4,CD4,0.8007195,0.7290748898678414,NK-CD16-,TRM,0.53873897,0.0
LY86,LY86,0.6963155,0.6390977443609023,CD180,CD180,0.38100922,0.37593984962406013,cDC2,B,0.5386624,0.0
TNFSF12,TNFSF12,0.37932283,0.4052863436123348,CD163,CD163,0.6979688,0.5726872246696035,TRM,TRM,0.5386458,0.0
CCL2,CCL2,0.590091,0.2665198237885463,CCR4,CCR4,0.48696607,0.4074074074074074,TRM,Treg,0.53852856,0.0
SLPI,SLPI,0.13173313,0.10204081632653061,CD4,CD4,0.9452533,0.8484848484848485,γδ T,Mono-NC,0.5384932,0.0
CCL3,CCL3,0.19588755,0.15112540192926044,CCR1,CCR1,0.880954,0.7224669603524229,Mono-C,TRM,0.5384208,0.0
GZMB,GZMB,0.9504289,0.44642857142857145,IGF2R,IGF2R,0.1262604,0.11764705882352941,γδ T,CD4 T,0.5383446,0.0
PTPN6,PTPN6,0.6590211,0.5062240663900415,CD300LF,CD300LF,0.41737768,0.43729903536977494,NK-CD16+,Mono-C,0.53819937,0.0
SLPI,SLPI,0.13046193,0.14790996784565916,CD4,CD4,0.9452533,0.8484848484848485,Mono-C,Mono-NC,0.53785765,0.0
SERPINE2,SERPINE2,0.31178463,0.2222222222222222,LRP1,LRP1,0.7638819,0.7400881057268722,Treg,TRM,0.5378333,0.0
HBEGF,HBEGF,0.30517185,0.2057877813504823,CD82,CD82,0.77013856,0.5555555555555556,Mono-C,Treg,0.53765523,0.0
CD96,CD96,0.97449845,0.6253869969040248,PVR,PVR,0.10072808,0.15151515151515152,NK-CD16-,Mono-NC,0.5376133,0.0
ICAM2,ICAM2,0.23794653,0.29260450160771706,ITGAM,ITGAM_ITGB2,0.8371364,0.729903536977492,Mono-C,Mono-C,0.53754145,0.0
HBEGF,HBEGF,0.30462474,0.2878787878787879,CD82,CD82,0.77013856,0.5555555555555556,Mono-NC,Treg,0.53738165,0.0
ZG16B,ZG16B,0.374383,0.32,CXCR4,CXCR4,0.70004535,0.3157894736842105,CD8 T,NK-CD16-,0.53721416,0.004
IL16,IL16,0.60916126,0.4770408163265306,CD9,CD9,0.4647885,0.38345864661654133,γδ T,cDC2,0.5369749,0.008
VCAN,VCAN,0.1599463,0.15037593984962405,SELL,SELL,0.9139811,0.7234726688102894,cDC2,Mono-C,0.5369637,0.011
LGALS3,LGALS3,0.83324724,0.5331632653061225,LAG3,LAG3,0.24067335,0.2074688796680498,γδ T,NK-CD16+,0.5369603,0.002
CD24,CD24,0.19818246,0.1563467492260062,SIGLEC10,SIGLEC10,0.8756948,0.7727272727272727,NK-CD16-,Mono-NC,0.53693867,0.0
HLA-DQA2,HLA-DQA2,0.5102141,0.3954983922829582,LAG3,LAG3,0.5634088,0.41836734693877553,Mono-C,γδ T,0.5368115,0.0
TNFSF12,TNFSF12,0.37564817,0.3153526970954357,CD163,CD163,0.6979688,0.5726872246696035,NK-CD16+,TRM,0.5368085,0.0
LGALS3,LGALS3,0.75502,0.5526315789473685,LAG3,LAG3,0.31858182,0.18518518518518517,cDC2,Treg,0.5368009,0.044
ICAM3,ICAM3,0.93318963,0.7142857142857143,ITGAD,ITGAD_ITGB2,0.13989866,0.10526315789473684,B,NK-CD16-,0.53654414,0.0
SLPI,SLPI,0.12755589,0.1078838174273859,CD4,CD4,0.9452533,0.8484848484848485,NK-CD16+,Mono-NC,0.5364046,0.0
LGALS9,LGALS9,0.8022431,0.6879699248120301,HAVCR2,HAVCR2,0.27027726,0.21161825726141079,cDC2,NK-CD16+,0.5362602,0.0
ICAM4,ICAM4,0.25308305,0.30303030303030304,ITGB1,ITGB1,0.8193306,0.7588424437299035,Mono-NC,Mono-C,0.53620684,0.0
C3,C3,0.52352124,0.29515418502202645,CD46,CD46,0.54870975,0.48148148148148145,TRM,Treg,0.5361155,0.0
LGALS9,LGALS9,0.8022431,0.6879699248120301,HAVCR2,HAVCR2,0.2695384,0.21826625386996903,cDC2,NK-CD16-,0.53589076,0.0
TNFSF12,TNFSF12,0.44976926,0.38375350140056025,CD163,CD163,0.6218418,0.5594855305466238,CD4 T,Mono-C,0.5358055,0.0
HBEGF,HBEGF,0.30517185,0.2057877813504823,CD9,CD9,0.7663731,0.5154185022026432,Mono-C,TRM,0.53577244,0.0
IL23A,IL23A,0.17799231,0.18518518518518517,LILRB2,LILRB2,0.89341325,0.7268722466960352,Treg,TRM,0.53570276,0.0
LGALS9,LGALS9,0.7756295,0.698237885462555,SLC1A5,SLC1A5,0.2954955,0.3939393939393939,TRM,Mono-NC,0.5355625,0.0
LGALS9,LGALS9,0.11375386,0.10714285714285714,HAVCR2,HAVCR2,0.957247,0.7731277533039648,γδ T,TRM,0.53550047,0.0
HBEGF,HBEGF,0.30462474,0.2878787878787879,CD9,CD9,0.7663731,0.5154185022026432,Mono-NC,TRM,0.5354989,0.0
IL16,IL16,0.73825866,0.6296296296296297,CCR5,CCR5,0.33249417,0.2755102040816326,Treg,γδ T,0.5353764,0.0
SLPI,SLPI,0.17855424,0.20300751879699247,CD4,CD4,0.89178056,0.7556270096463023,cDC2,Mono-C,0.5351674,0.0
IL1B,IL1B,0.8441269,0.4565916398713826,ADRB2,ADRB2,0.22599342,0.25757575757575757,Mono-C,Mono-NC,0.53506017,0.0
PLTP,PLTP,0.39895746,0.28854625550660795,ABCA1,ABCA1,0.6704691,0.6079295154185022,TRM,TRM,0.53471327,0.0
IL16,IL16,0.73825866,0.6296296296296297,CD4,CD4,0.33111274,0.2801120448179272,Treg,CD4 T,0.53468573,0.016
MIF,MIF,0.683028,0.6466165413533834,TNFRSF14,TNFRSF14,0.38633946,0.3239795918367347,cDC2,γδ T,0.5346837,0.0
SIRPG,SIRPG,0.14686279,0.13010204081632654,CD47,CD47,0.92230505,0.8181818181818182,γδ T,Mono-NC,0.5345839,0.0
CD47,CD47,0.92230505,0.8181818181818182,SIRPG,SIRPG,0.14686279,0.13010204081632654,Mono-NC,γδ T,0.5345839,0.0
CCL3,CCL3,0.18795674,0.11224489795918367,CCR1,CCR1,0.880954,0.7224669603524229,γδ T,TRM,0.53445536,0.0
ADAM10,ADAM10,0.17495443,0.31954887218045114,TSPAN14,TSPAN14,0.8938319,0.803030303030303,cDC2,Mono-NC,0.5343932,0.0
IL16,IL16,0.26804468,0.40225563909774437,CD4,CD4,0.8007195,0.7290748898678414,cDC2,TRM,0.5343821,0.0
ICAM1,ICAM1,0.19924289,0.31203007518796994,ITGAX,ITGAX_ITGB2,0.86921126,0.8333333333333334,cDC2,Mono-NC,0.5342271,0.0
APP,APP,0.30374342,0.41409691629955947,LRP1,LRP1,0.7638819,0.7400881057268722,TRM,TRM,0.53381264,0.0
MYL9,MYL9,0.073126614,0.10150375939849623,CD69,CD69,0.99429494,0.5743034055727554,cDC2,NK-CD16-,0.5337108,0.0
CALM3,CALM3,0.8657111,0.8181818181818182,INSR,INSR,0.20066448,0.2540192926045016,Mono-NC,Mono-C,0.5331878,0.001
C1QA,C1QA,0.6701635,0.45454545454545453,CD33,CD33,0.395981,0.5,Mono-NC,Mono-NC,0.53307223,0.001
ADAM28,ADAM28,0.3984995,0.462406015037594,ITGA4,ITGA4,0.66753775,0.4979253112033195,cDC2,NK-CD16+,0.5330186,0.0
HBEGF,HBEGF,0.91429305,0.5726872246696035,CD82,CD82,0.1517047,0.1832797427652733,TRM,Mono-C,0.53299886,0.0
ARF1,ARF1,0.86515903,0.6130030959752322,INSR,INSR,0.20066448,0.2540192926045016,NK-CD16-,Mono-C,0.5329118,0.0
SIRPA,SIRPA,0.31892416,0.45864661654135336,CD47,CD47,0.74665785,0.5637755102040817,cDC2,γδ T,0.532791,0.0
CD47,CD47,0.74665785,0.5637755102040817,SIRPA,SIRPA,0.31892416,0.45864661654135336,γδ T,cDC2,0.532791,0.0
FAM3C,FAM3C,0.2078135,0.1908713692946058,LAMP1,LAMP1,0.8576116,0.7312775330396476,NK-CD16+,TRM,0.5327126,0.0
SIRPB2,SIRPB2,0.31865022,0.3536977491961415,CD47,CD47,0.74665785,0.5637755102040817,Mono-C,γδ T,0.53265405,0.0
IL15,IL15,0.07055262,0.12030075187969924,IL2RA,IL2RA,0.9946281,0.6296296296296297,cDC2,Treg,0.5325903,0.0
SLPI,SLPI,0.2644276,0.22,CD4,CD4,0.8007195,0.7290748898678414,CD8 T,TRM,0.5325736,0.0
COL9A3,COL9A3,0.18822518,0.18796992481203006,ITGA1,ITGA1_ITGB1,0.8761671,0.5495356037151703,B,NK-CD16-,0.53219616,0.0
MIF,MIF,0.5779544,0.4677871148459384,TNFRSF14,TNFRSF14,0.48630035,0.38589211618257263,CD4 T,NK-CD16+,0.5321274,0.001
SEMA4D,SEMA4D,0.29448074,0.27170868347338933,PLXNB2,PLXNB2,0.7697096,0.803030303030303,CD4 T,Mono-NC,0.5320952,0.0
SEMA4D,SEMA4D,0.29392976,0.4090909090909091,PLXNB2,PLXNB2,0.7697096,0.803030303030303,Mono-NC,Mono-NC,0.5318197,0.0
SPP1,SPP1,0.7100559,0.2555066079295154,ITGA4,ITGA4_ITGB1,0.35356614,0.3383458646616541,TRM,B,0.531811,0.0
FAM3C,FAM3C,0.1783152,0.14814814814814814,CLEC2D,CLEC2D,0.8850114,0.6182572614107884,Treg,NK-CD16+,0.5316633,0.0
LGALS9,LGALS9,0.8022431,0.6879699248120301,HAVCR2,HAVCR2,0.2609597,0.2765273311897106,cDC2,Mono-C,0.5316014,0.0
LGALS3,LGALS3,0.83324724,0.5331632653061225,MCAM,MCAM,0.2294808,0.18,γδ T,CD8 T,0.531364,0.0
SEMA4A,SEMA4A,0.16917062,0.2577092511013216,LILRB2,LILRB2,0.89341325,0.7268722466960352,TRM,TRM,0.53129196,0.0
SPP1,SPP1,0.7100559,0.2555066079295154,ITGA5,ITGA5_ITGB1,0.35250825,0.3954983922829582,TRM,Mono-C,0.53128207,0.0
LRPAP1,LRPAP1,0.5438209,0.5789473684210527,SORL1,SORL1,0.5182548,0.4066390041493776,cDC2,NK-CD16+,0.53103787,0.008
CD47,CD47,0.438202,0.5022026431718062,SIRPA,SIRPA,0.62366134,0.617363344051447,TRM,Mono-C,0.53093165,0.0
SIRPA,SIRPA,0.62366134,0.617363344051447,CD47,CD47,0.438202,0.5022026431718062,Mono-C,TRM,0.53093165,0.0
NECTIN2,NECTIN2,0.08735202,0.1157556270096463,CD96,CD96,0.97449845,0.6253869969040248,Mono-C,NK-CD16-,0.5309252,0.0
FAM3C,FAM3C,0.20404832,0.31718061674008813,LAMP1,LAMP1,0.8576116,0.7312775330396476,TRM,TRM,0.53082997,0.0
SEMA7A,SEMA7A,0.18542153,0.17293233082706766,ITGA1,ITGA1_ITGB1,0.8761671,0.5495356037151703,B,NK-CD16-,0.5307943,0.0
PLAT,PLAT,0.22384928,0.16246498599439776,ITGAM,ITGAM,0.8371364,0.729903536977492,CD4 T,Mono-C,0.53049284,0.0
ST6GAL1,ST6GAL1,0.175338,0.24669603524229075,CD22,CD22,0.88546044,0.6390977443609023,TRM,B,0.5303992,0.0
NECTIN2,NECTIN2,0.14877188,0.12,CD96,CD96,0.91198605,0.66,CD8 T,CD8 T,0.53037894,0.0
THBS1,THBS1,0.3429111,0.23788546255506607,CD47,CD47,0.7175519,0.5742296918767507,TRM,CD4 T,0.5302315,0.0
ICAM1,ICAM1,0.15969443,0.21212121212121213,ITGAL,ITGAL_ITGB2,0.9007067,0.6680497925311203,Mono-NC,NK-CD16+,0.5302006,0.0
CCL20,CCL20,0.72674614,0.48,CCR6,CCR6,0.33357057,0.3233082706766917,CD8 T,B,0.53015834,0.0
TNF,TNF,0.5083867,0.4444444444444444,VSIR,VSIR,0.5518336,0.5676691729323309,Treg,cDC2,0.5301101,0.001
C3,C3,0.52352124,0.29515418502202645,CD46,CD46,0.5361979,0.6212121212121212,TRM,Mono-NC,0.52985954,0.0
HLA-DQA2,HLA-DQA2,0.16729324,0.14814814814814814,CD4,CD4,0.89178056,0.7556270096463023,Treg,Mono-C,0.5295369,0.034
ADAM10,ADAM10,0.3381124,0.24,NOTCH2,NOTCH2,0.72093487,0.6881028938906752,CD8 T,Mono-C,0.5295236,0.0
FAM3C,FAM3C,0.3773607,0.29102167182662536,LAMP1,LAMP1,0.6809954,0.6752411575562701,NK-CD16-,Mono-C,0.529178,0.0
FABP5,FABP5,0.1274715,0.11203319502074689,RXRA,RXRA,0.9308078,0.7942122186495176,NK-CD16+,Mono-C,0.52913964,0.0
SELPLG,SELPLG,0.7946696,0.8787878787878788,ITGAM,ITGAM,0.2632269,0.3484848484848485,Mono-NC,Mono-NC,0.52894825,0.0
TNFSF10,TNFSF10,0.93402314,0.6818181818181818,TNFRSF10A,TNFRSF10A,0.123845935,0.1111111111111111,Mono-NC,Treg,0.52893454,0.0
TNF,TNF,0.5083867,0.4444444444444444,TNFRSF1A,TNFRSF1A,0.54939437,0.5757575757575758,Treg,Mono-NC,0.5288905,0.0
ICAM1,ICAM1,0.33819893,0.3788546255506608,SPN,SPN,0.7195812,0.5357142857142857,TRM,γδ T,0.5288901,0.0
TNFSF12,TNFSF12,0.4358098,0.3494897959183674,CD163,CD163,0.6218418,0.5594855305466238,γδ T,Mono-C,0.52882576,0.0
CD24,CD24,0.1817456,0.16,SIGLEC10,SIGLEC10,0.8756948,0.7727272727272727,CD8 T,Mono-NC,0.5287202,0.0
LRPAP1,LRPAP1,0.5390503,0.5659163987138264,SORL1,SORL1,0.5182548,0.4066390041493776,Mono-C,NK-CD16+,0.52865255,0.007
COL9A2,COL9A2,0.18095502,0.18,ITGA1,ITGA1_ITGB1,0.8761671,0.5495356037151703,CD8 T,NK-CD16-,0.52856106,0.0
PLAT,PLAT,0.47695556,0.38,ITGAM,ITGAM,0.5801289,0.6211453744493393,CD8 T,TRM,0.5285422,0.0
IL16,IL16,0.59223366,0.484593837535014,CD9,CD9,0.4647885,0.38345864661654133,CD4 T,cDC2,0.52851105,0.024
F13A1,F13A1,0.38930294,0.3502202643171806,ITGA4,ITGA4,0.66753775,0.4979253112033195,TRM,NK-CD16+,0.5284203,0.0
FN1,FN1,0.23371491,0.1299559471365639,PLAUR,PLAUR,0.823008,0.7424242424242424,TRM,Mono-NC,0.52836144,0.0
TNF,TNF,0.25419366,0.3181818181818182,TNFRSF1A,TNFRSF1A,0.8014042,0.7234726688102894,Mono-NC,Mono-C,0.5277989,0.0
CALM3,CALM3,0.8657111,0.8181818181818182,INSR,INSR,0.18988392,0.2878787878787879,Mono-NC,Mono-NC,0.5277975,0.001
TNF,TNF,0.2541462,0.1991701244813278,TNFRSF1A,TNFRSF1A,0.8014042,0.7234726688102894,NK-CD16+,Mono-C,0.52777517,0.0
ICAM2,ICAM2,0.42850184,0.36,ITGAL,ITGAL_ITGB2,0.62672406,0.48214285714285715,CD8 T,γδ T,0.5276129,0.0
ARF1,ARF1,0.86515903,0.6130030959752322,INSR,INSR,0.18988392,0.2878787878787879,NK-CD16-,Mono-NC,0.5275215,0.0
ADAM10,ADAM10,0.3381124,0.24,GPNMB,GPNMB,0.71647525,0.40308370044052866,CD8 T,TRM,0.5272938,0.0
LGALS9,LGALS9,0.8022431,0.6879699248120301,SLC1A5,SLC1A5,0.25211945,0.37969924812030076,cDC2,cDC2,0.52718127,0.0
HLA-DOB,HLA-DOB,0.10888396,0.18045112781954886,CD4,CD4,0.9452533,0.8484848484848485,cDC2,Mono-NC,0.5270686,0.0
LRPAP1,LRPAP1,0.53571665,0.45228215767634855,SORL1,SORL1,0.5182548,0.4066390041493776,NK-CD16+,NK-CD16+,0.52698576,0.021
TNFSF13B,TNFSF13B,0.8503097,0.7575757575757576,CD40,CD40,0.20363815,0.2599118942731278,Mono-NC,TRM,0.52697396,0.0
SLPI,SLPI,0.16079405,0.13725490196078433,CD4,CD4,0.89178056,0.7556270096463023,CD4 T,Mono-C,0.5262873,0.0
F13A1,F13A1,0.36109623,0.3762057877813505,ITGA4,ITGA4,0.6913513,0.5925925925925926,Mono-C,Treg,0.5262238,0.0
TLN1,TLN1,0.92570955,0.7142857142857143,ITGB5,ITGB5,0.12635961,0.1960352422907489,cDC2,TRM,0.5260346,0.001
F11R,F11R,0.1511476,0.17684887459807075,ITGAL,ITGAL_ITGB2,0.9007067,0.6680497925311203,Mono-C,NK-CD16+,0.5259272,0.0
TNFSF14,TNFSF14,0.5654167,0.42,TNFRSF14,TNFRSF14,0.48630035,0.38589211618257263,CD8 T,NK-CD16+,0.5258585,0.0
SEMA4D,SEMA4D,0.28199777,0.36123348017621143,PLXNB2,PLXNB2,0.7697096,0.803030303030303,TRM,Mono-NC,0.5258537,0.0
TNFSF14,TNFSF14,0.42388755,0.3333333333333333,TNFRSF14,TNFRSF14,0.6278129,0.7272727272727273,Treg,Mono-NC,0.52585024,0.003
TNFSF10,TNFSF10,0.93402314,0.6818181818181818,RIPK1,RIPK1,0.117411435,0.11484593837535013,Mono-NC,CD4 T,0.52571726,0.0
ICAM1,ICAM1,0.21409014,0.2508038585209003,ITGAM,ITGAM_ITGB2,0.8371364,0.729903536977492,Mono-C,Mono-C,0.52561325,0.0
SEMA4D,SEMA4D,0.2814336,0.26,PLXNB2,PLXNB2,0.7697096,0.803030303030303,CD8 T,Mono-NC,0.5255716,0.0
CLEC11A,CLEC11A,0.23171917,0.2744360902255639,ITGB1,ITGB1,0.8193306,0.7588424437299035,cDC2,Mono-C,0.52552485,0.018
CCL20,CCL20,0.71738446,0.48148148148148145,CCR6,CCR6,0.33357057,0.3233082706766917,Treg,B,0.5254775,0.0
CALM3,CALM3,0.83692807,0.7533039647577092,KCNQ1,KCNQ1,0.21376051,0.2572347266881029,TRM,Mono-C,0.5253443,0.0
CCL3L1,CCL3L1,0.16936363,0.12755102040816327,CCR1,CCR1,0.880954,0.7224669603524229,γδ T,TRM,0.5251588,0.0
HEBP1,HEBP1,0.32042462,0.39228295819935693,FPR3,FPR3,0.7295803,0.5638766519823789,Mono-C,TRM,0.5250025,0.0
TGM2,TGM2,0.20374848,0.15151515151515152,ITGA4,ITGA4,0.84618366,0.803030303030303,Mono-NC,Mono-NC,0.52496606,0.0
TNF,TNF,0.07192662,0.14285714285714285,TNFRSF1A,TNFRSF1A,0.9779132,0.8039647577092511,cDC2,TRM,0.5249199,0.0
PSEN1,PSEN1,0.4038222,0.5151515151515151,NOTCH2,NOTCH2,0.64599603,0.7121212121212122,Mono-NC,Mono-NC,0.52490914,0.0
ANGPTL4,ANGPTL4,0.27894884,0.1894273127753304,ITGA5,ITGA5_ITGB1,0.77074647,0.6101321585903083,TRM,TRM,0.5248476,0.0
NCAM1,NCAM1,0.59920067,0.42569659442724456,PTPRA,PTPRA,0.45047057,0.37037037037037035,NK-CD16-,Treg,0.5248356,0.0
LRPAP1,LRPAP1,0.5438209,0.5789473684210527,LRP1,LRP1,0.50576186,0.6212121212121212,cDC2,Mono-NC,0.52479136,0.0
ADAM10,ADAM10,0.15574858,0.15037593984962405,TSPAN14,TSPAN14,0.8938319,0.803030303030303,B,Mono-NC,0.5247902,0.0
IL16,IL16,0.15774843,0.23348017621145375,CD4,CD4,0.89178056,0.7556270096463023,TRM,Mono-C,0.5247645,0.0
SELPLG,SELPLG,0.46913132,0.47266881028938906,ITGAM,ITGAM,0.5801289,0.6211453744493393,Mono-C,TRM,0.5246301,0.0
FAM3C,FAM3C,0.16382085,0.15966386554621848,CLEC2D,CLEC2D,0.8850114,0.6182572614107884,CD4 T,NK-CD16+,0.5244161,0.0
CXCL16,CXCL16,0.531988,0.5909090909090909,CXCR6,CXCR6,0.5163077,0.36134453781512604,Mono-NC,CD4 T,0.52414787,0.0
TNFSF12,TNFSF12,0.8168387,0.6,TNFRSF12A,TNFRSF12A,0.23115785,0.29955947136563876,CD8 T,TRM,0.52399826,0.0
ADAM10,ADAM10,0.29276904,0.23993808049535603,IL6R,IL6R,0.75482005,0.6945337620578779,NK-CD16-,Mono-C,0.52379453,0.0
FAM3C,FAM3C,0.16256675,0.14795918367346939,CLEC2D,CLEC2D,0.8850114,0.6182572614107884,γδ T,NK-CD16+,0.52378905,0.0
ST6GAL1,ST6GAL1,0.16174257,0.15126050420168066,CD22,CD22,0.88546044,0.6390977443609023,CD4 T,B,0.52360153,0.0
IL1B,IL1B,0.77821034,0.43612334801762115,SIGIRR,SIGIRR,0.26894712,0.41729323308270677,TRM,cDC2,0.52357876,0.0
ADAM10,ADAM10,0.37611127,0.3070539419087137,AXL,AXL,0.6706365,0.5263157894736842,NK-CD16+,cDC2,0.52337384,0.0
LGALS9,LGALS9,0.7756295,0.698237885462555,HAVCR2,HAVCR2,0.27027726,0.21161825726141079,TRM,NK-CD16+,0.5229534,0.0
ICAM3,ICAM3,0.9058521,0.7620578778135049,ITGAD,ITGAD_ITGB2,0.13989866,0.10526315789473684,Mono-C,NK-CD16-,0.52287537,0.0
MIF,MIF,0.5779544,0.4677871148459384,TNFRSF14,TNFRSF14,0.46767053,0.43609022556390975,CD4 T,B,0.5228125,0.009
SPP1,SPP1,0.35391083,0.19924812030075187,ITGA4,ITGA4_ITGB1,0.6913513,0.5925925925925926,cDC2,Treg,0.52263105,0.001
LGALS9,LGALS9,0.7756295,0.698237885462555,HAVCR2,HAVCR2,0.2695384,0.21826625386996903,TRM,NK-CD16-,0.52258396,0.0
LRPAP1,LRPAP1,0.5390503,0.5659163987138264,LRP1,LRP1,0.50576186,0.6212121212121212,Mono-C,Mono-NC,0.5224061,0.0
GZMB,GZMB,0.9504289,0.44642857142857145,IGF2R,IGF2R,0.09401522,0.18796992481203006,γδ T,cDC2,0.52222204,0.0
SERPINE2,SERPINE2,0.28048342,0.21981424148606812,LRP1,LRP1,0.7638819,0.7400881057268722,NK-CD16-,TRM,0.5221827,0.0
TNFSF10,TNFSF10,0.93402314,0.6818181818181818,TNFRSF10B,TNFRSF10B,0.11028399,0.17400881057268722,Mono-NC,TRM,0.52215356,0.0
CD70,CD70,0.11029921,0.10526315789473684,CD27,CD27,0.93389875,0.6071428571428571,B,γδ T,0.52209896,0.0
C3,C3,0.52352124,0.29515418502202645,ITGAX,ITGAX,0.52062356,0.5488721804511278,TRM,cDC2,0.52207243,0.0
C1QA,C1QA,0.6701635,0.45454545454545453,CD93,CD93,0.3738278,0.3787878787878788,Mono-NC,Mono-NC,0.52199566,0.041
MIF,MIF,0.748788,0.5340557275541795,TNFRSF14,TNFRSF14,0.2951234,0.41353383458646614,NK-CD16-,cDC2,0.5219557,0.0
LTA,LTA,0.5572398,0.48148148148148145,TNFRSF14,TNFRSF14,0.48630035,0.38589211618257263,Treg,NK-CD16+,0.52177006,0.0
TNFSF14,TNFSF14,0.5571838,0.39628482972136225,TNFRSF14,TNFRSF14,0.48630035,0.38589211618257263,NK-CD16-,NK-CD16+,0.5217421,0.0
IL10,IL10,0.109406434,0.13876651982378854,CD27,CD27,0.93389875,0.6071428571428571,TRM,γδ T,0.5216526,0.0
HSPA4,HSPA4,0.3237196,0.25925925925925924,TLR4,TLR4,0.7193331,0.662379421221865,Treg,Mono-C,0.52152634,0.0
VEGFB,VEGFB,0.5096524,0.5338345864661654,ADRB2,ADRB2,0.53259283,0.42323651452282157,cDC2,NK-CD16+,0.5211226,0.0
HSPA4,HSPA4,0.3228514,0.4323308270676692,TLR4,TLR4,0.7193331,0.662379421221865,cDC2,Mono-C,0.52109224,0.0
IL1B,IL1B,0.42485967,0.3484848484848485,SIGIRR,SIGIRR,0.6169845,0.52,Mono-NC,CD8 T,0.52092206,0.01
LRPAP1,LRPAP1,0.53571665,0.45228215767634855,LRP1,LRP1,0.50576186,0.6212121212121212,NK-CD16+,Mono-NC,0.52073926,0.0
PTPN6,PTPN6,0.7626841,0.6578947368421053,CD300LF,CD300LF,0.27868325,0.22,cDC2,CD8 T,0.52068365,0.009
LRPAP1,LRPAP1,0.5230249,0.4179566563467492,SORL1,SORL1,0.5182548,0.4066390041493776,NK-CD16-,NK-CD16+,0.5206399,0.006
MFNG,MFNG,0.3202993,0.4393939393939394,NOTCH2,NOTCH2,0.72093487,0.6881028938906752,Mono-NC,Mono-C,0.52061707,0.0
CD24,CD24,0.165484,0.18421052631578946,SIGLEC10,SIGLEC10,0.8756948,0.7727272727272727,cDC2,Mono-NC,0.5205894,0.0
CD55,CD55,0.8667511,0.6585903083700441,ADGRE2,ADGRE2,0.17350261,0.2894736842105263,TRM,cDC2,0.5201268,0.0
TNFSF10,TNFSF10,0.93402314,0.6818181818181818,RIPK1,RIPK1,0.10605953,0.17180616740088106,Mono-NC,TRM,0.52004135,0.0
SLPI,SLPI,0.094732076,0.12334801762114538,CD4,CD4,0.9452533,0.8484848484848485,TRM,Mono-NC,0.5199927,0.0
TLN1,TLN1,0.92570955,0.7142857142857143,ITGB5,ITGB5,0.11423527,0.18045112781954886,cDC2,cDC2,0.5199724,0.005
LTA,LTA,0.5572398,0.48148148148148145,TNFRSF1A,TNFRSF1A,0.4826395,0.5451127819548872,Treg,cDC2,0.51993966,0.0
IL16,IL16,0.57509,0.42879256965944273,CD9,CD9,0.4647885,0.38345864661654133,NK-CD16-,cDC2,0.51993924,0.026
SERPINF1,SERPINF1,0.22326455,0.2593984962406015,PLXDC2,PLXDC2,0.8159781,0.7427652733118971,cDC2,Mono-C,0.5196213,0.0
IL1B,IL1B,0.8441269,0.4565916398713826,ADRB2,ADRB2,0.19508307,0.22508038585209003,Mono-C,Mono-C,0.519605,0.0
FAM3C,FAM3C,0.35769698,0.3383458646616541,LAMP1,LAMP1,0.6809954,0.6752411575562701,B,Mono-C,0.5193462,0.0
ST6GAL1,ST6GAL1,0.15314749,0.2744360902255639,CD22,CD22,0.88546044,0.6390977443609023,cDC2,B,0.519304,0.0
ST6GAL1,ST6GAL1,0.15305439,0.18518518518518517,CD22,CD22,0.88546044,0.6390977443609023,Treg,B,0.5192574,0.0
FAM3C,FAM3C,0.15344073,0.2781954887218045,CLEC2D,CLEC2D,0.8850114,0.6182572614107884,cDC2,NK-CD16+,0.5192261,0.0
FAM3C,FAM3C,0.2078135,0.1908713692946058,CLEC2D,CLEC2D,0.8305881,0.576530612244898,NK-CD16+,γδ T,0.5192008,0.0
CALM3,CALM3,0.83692807,0.7533039647577092,INSR,INSR,0.20066448,0.2540192926045016,TRM,Mono-C,0.51879627,0.0
SLPI,SLPI,0.27675843,0.20743034055727555,CD4,CD4,0.7606554,0.6428571428571429,NK-CD16-,cDC2,0.5187069,0.0
LGALS9,LGALS9,0.7756295,0.698237885462555,HAVCR2,HAVCR2,0.2609597,0.2765273311897106,TRM,Mono-C,0.51829463,0.0
CD47,CD47,0.7175519,0.5742296918767507,SIRPA,SIRPA,0.31892416,0.45864661654135336,CD4 T,cDC2,0.518238,0.0
SIRPA,SIRPA,0.31892416,0.45864661654135336,CD47,CD47,0.7175519,0.5742296918767507,cDC2,CD4 T,0.518238,0.0
ICAM1,ICAM1,0.19924289,0.31203007518796994,ITGAM,ITGAM_ITGB2,0.8371364,0.729903536977492,cDC2,Mono-C,0.51818967,0.0
MFNG,MFNG,0.31537992,0.3858520900321543,NOTCH2,NOTCH2,0.72093487,0.6881028938906752,Mono-C,Mono-C,0.51815736,0.0
SIRPB2,SIRPB2,0.31865022,0.3536977491961415,CD47,CD47,0.7175519,0.5742296918767507,Mono-C,CD4 T,0.51810104,0.0
TNF,TNF,0.2347979,0.18112244897959184,TNFRSF1A,TNFRSF1A,0.8014042,0.7234726688102894,γδ T,Mono-C,0.51810104,0.0
CD47,CD47,0.92230505,0.8181818181818182,SIRPA,SIRPA,0.113880225,0.16666666666666666,Mono-NC,Mono-NC,0.51809263,0.013
SIRPA,SIRPA,0.113880225,0.16666666666666666,CD47,CD47,0.92230505,0.8181818181818182,Mono-NC,Mono-NC,0.51809263,0.013
S100A12,S100A12,0.9182544,0.4977973568281938,CD36,CD36,0.11772665,0.15037593984962405,TRM,cDC2,0.5179905,0.0
FAM3C,FAM3C,0.1783152,0.14814814814814814,LAMP1,LAMP1,0.8576116,0.7312775330396476,Treg,TRM,0.5179634,0.001
SLPI,SLPI,0.14407238,0.14814814814814814,CD4,CD4,0.89178056,0.7556270096463023,Treg,Mono-C,0.51792645,0.0
CD14,CD14,0.76847064,0.4398496240601504,TLR6,TLR6,0.2673376,0.3086816720257235,cDC2,Mono-C,0.5179041,0.002
VSTM1,VSTM1,0.1781877,0.2090032154340836,LAMP1,LAMP1,0.8576116,0.7312775330396476,Mono-C,TRM,0.51789963,0.0
ICAM2,ICAM2,0.13476935,0.11479591836734694,ITGAL,ITGAL_ITGB2,0.9007067,0.6680497925311203,γδ T,NK-CD16+,0.51773804,0.0
ICAM3,ICAM3,0.8952916,0.6145510835913313,ITGAD,ITGAD_ITGB2,0.13989866,0.10526315789473684,NK-CD16-,NK-CD16-,0.5175952,0.0
TNFSF13B,TNFSF13B,0.5918427,0.5616740088105727,TFRC,TFRC,0.4432532,0.4074074074074074,TRM,Treg,0.51754797,0.0
ADAM10,ADAM10,0.4676121,0.5572687224669604,TSPAN14,TSPAN14,0.56747836,0.5755627009646302,TRM,Mono-C,0.5175452,0.0
TNFSF10,TNFSF10,0.93402314,0.6818181818181818,RIPK1,RIPK1,0.100936994,0.16666666666666666,Mono-NC,Mono-NC,0.5174801,0.0
FAM3C,FAM3C,0.20404832,0.31718061674008813,CLEC2D,CLEC2D,0.8305881,0.576530612244898,TRM,γδ T,0.5173182,0.0
IL16,IL16,0.26804468,0.40225563909774437,CD9,CD9,0.7663731,0.5154185022026432,cDC2,TRM,0.5172089,0.04
THBS1,THBS1,0.3429111,0.23788546255506607,ITGA4,ITGA4,0.6913513,0.5925925925925926,TRM,Treg,0.5171312,0.0
ARF1,ARF1,0.83358836,0.6147959183673469,INSR,INSR,0.20066448,0.2540192926045016,γδ T,Mono-C,0.51712644,0.001
CD47,CD47,0.41050547,0.4855305466237942,SIRPA,SIRPA,0.62366134,0.617363344051447,Mono-C,Mono-C,0.5170834,0.0
SIRPA,SIRPA,0.62366134,0.617363344051447,CD47,CD47,0.41050547,0.4855305466237942,Mono-C,Mono-C,0.5170834,0.0
FASLG,FASLG,0.4846578,0.37755102040816324,TNFRSF1A,TNFRSF1A,0.54939437,0.5757575757575758,γδ T,Mono-NC,0.51702607,0.001
IL1B,IL1B,0.50131196,0.37969924812030076,ADRB2,ADRB2,0.53259283,0.42323651452282157,cDC2,NK-CD16+,0.5169524,0.0
SPP1,SPP1,0.7100559,0.2555066079295154,ITGA4,ITGA4_ITGB1,0.32363695,0.4008810572687225,TRM,TRM,0.5168464,0.0
ICAM2,ICAM2,0.19627827,0.18045112781954886,ITGAM,ITGAM_ITGB2,0.8371364,0.729903536977492,B,Mono-C,0.5167073,0.0
FAM3C,FAM3C,0.26102954,0.22,CLEC2D,CLEC2D,0.7723496,0.5864661654135338,CD8 T,B,0.51668954,0.0
TNFSF14,TNFSF14,0.5654167,0.42,TNFRSF14,TNFRSF14,0.46767053,0.43609022556390975,CD8 T,B,0.5165436,0.001
ADAM10,ADAM10,0.67234373,0.6655948553054662,IL6R,IL6R,0.3600179,0.42424242424242425,Mono-C,Mono-NC,0.5161808,0.0
HLA-DQA2,HLA-DQA2,0.8478521,0.5462555066079295,LAG3,LAG3,0.1844943,0.15126050420168066,TRM,CD4 T,0.5161732,0.0
IL1B,IL1B,0.77821034,0.43612334801762115,SIGIRR,SIGIRR,0.25407574,0.2631578947368421,TRM,B,0.516143,0.0
HSPA1A,HSPA1A,0.63209105,0.6013215859030837,TLR4,TLR4,0.40018338,0.4977973568281938,TRM,TRM,0.51613724,0.0
ADAM10,ADAM10,0.67234373,0.6655948553054662,TSPAN17,TSPAN17,0.35991713,0.2962962962962963,Mono-C,Treg,0.51613045,0.0
CD38,CD38,0.17769729,0.14285714285714285,PECAM1,PECAM1,0.85384303,0.7026431718061674,CD4 T,TRM,0.51577014,0.0
ST6GAL1,ST6GAL1,0.1460079,0.19935691318327975,CD22,CD22,0.88546044,0.6390977443609023,Mono-C,B,0.5157342,0.0
FABP5,FABP5,0.100647,0.1,RXRA,RXRA,0.9308078,0.7942122186495176,CD8 T,Mono-C,0.5157274,0.0
VEGFA,VEGFA,0.31109628,0.26366559485530544,SIRPA,SIRPA,0.7202235,0.6960352422907489,Mono-C,TRM,0.51565987,0.0
APP,APP,0.3850643,0.34,NOTCH2,NOTCH2,0.64599603,0.7121212121212122,CD8 T,Mono-NC,0.51553017,0.0
SPP1,SPP1,0.7100559,0.2555066079295154,PTGER4,PTGER4,0.32073432,0.26556016597510373,TRM,NK-CD16+,0.5153951,0.0
ARF1,ARF1,0.94765675,0.8038585209003215,PLD2,PLD2,0.08299346,0.1343612334801762,Mono-C,TRM,0.5153251,0.001
LILRB4,LILRB4,0.68809706,0.6563876651982379,LAIR1,LAIR1,0.34249994,0.28,TRM,CD8 T,0.5152985,0.0
LILRB4,LILRB4,0.68809706,0.6563876651982379,LAIR1,LAIR1,0.3421584,0.3858520900321543,TRM,Mono-C,0.5151277,0.0
TNF,TNF,0.5083867,0.4444444444444444,TNFRSF1B,TNFRSF1B,0.5217292,0.4107883817427386,Treg,NK-CD16+,0.5150579,0.007
TNFSF12,TNFSF12,0.33201945,0.4115755627009646,CD163,CD163,0.6979688,0.5726872246696035,Mono-C,TRM,0.51499414,0.0
HBEGF,HBEGF,0.91429305,0.5726872246696035,CD9,CD9,0.115628086,0.15151515151515152,TRM,Mono-NC,0.5149606,0.0
HSPA1A,HSPA1A,0.3105073,0.27800829875518673,TLR4,TLR4,0.7193331,0.662379421221865,NK-CD16+,Mono-C,0.51492023,0.0
PLAU,PLAU,0.17025682,0.22932330827067668,PLAUR,PLAUR,0.85952306,0.6366559485530546,cDC2,Mono-C,0.51488996,0.0
HSPA1A,HSPA1A,0.31041032,0.2602040816326531,TLR4,TLR4,0.7193331,0.662379421221865,γδ T,Mono-C,0.5148717,0.0
ICAM2,ICAM2,0.19227952,0.2577092511013216,ITGAM,ITGAM_ITGB2,0.8371364,0.729903536977492,TRM,Mono-C,0.5147079,0.0
PSEN1,PSEN1,0.30842534,0.2962962962962963,NOTCH2,NOTCH2,0.72093487,0.6881028938906752,Treg,Mono-C,0.5146801,0.0
C3,C3,0.52352124,0.29515418502202645,LRP1,LRP1,0.50576186,0.6212121212121212,TRM,Mono-NC,0.5146415,0.0
VEGFB,VEGFB,0.49648985,0.46616541353383456,ADRB2,ADRB2,0.53259283,0.42323651452282157,B,NK-CD16+,0.5145413,0.0
SELPLG,SELPLG,0.11501996,0.12,SELL,SELL,0.9139811,0.7234726688102894,CD8 T,Mono-C,0.5145005,0.0
ICAM1,ICAM1,0.15969443,0.21212121212121213,ITGAX,ITGAX_ITGB2,0.86921126,0.8333333333333334,Mono-NC,Mono-NC,0.5144528,0.0
LRPAP1,LRPAP1,0.5230249,0.4179566563467492,LRP1,LRP1,0.50576186,0.6212121212121212,NK-CD16-,Mono-NC,0.5143934,0.0
IL16,IL16,0.26804468,0.40225563909774437,CD4,CD4,0.7606554,0.6428571428571429,cDC2,cDC2,0.51435006,0.0
F13A1,F13A1,0.36109623,0.3762057877813505,ITGA4,ITGA4,0.66753775,0.4979253112033195,Mono-C,NK-CD16+,0.514317,0.0
SEMA4D,SEMA4D,0.6669683,0.4628482972136223,PLXNB2,PLXNB2,0.36109772,0.46255506607929514,NK-CD16-,TRM,0.514033,0.0
TNFSF10,TNFSF10,0.5118833,0.3746130030959752,CCR6,CCR6,0.51606035,0.38,NK-CD16-,CD8 T,0.5139718,0.0
SELPLG,SELPLG,0.19067334,0.2665198237885463,ITGAM,ITGAM,0.8371364,0.729903536977492,TRM,Mono-C,0.51390487,0.0
LGALS9,LGALS9,0.7756295,0.698237885462555,SLC1A5,SLC1A5,0.25211945,0.37969924812030076,TRM,cDC2,0.5138745,0.0
SEMA4A,SEMA4A,0.13406414,0.19172932330827067,LILRB2,LILRB2,0.89341325,0.7268722466960352,cDC2,TRM,0.5137387,0.0
SELPLG,SELPLG,0.44716093,0.4074074074074074,ITGAM,ITGAM,0.5801289,0.6211453744493393,Treg,TRM,0.51364493,0.0
ST6GAL1,ST6GAL1,0.14151482,0.11734693877551021,CD22,CD22,0.88546044,0.6390977443609023,γδ T,B,0.51348764,0.0
CALM3,CALM3,0.83692807,0.7533039647577092,INSR,INSR,0.18988392,0.2878787878787879,TRM,Mono-NC,0.513406,0.0
PTPN6,PTPN6,0.6590211,0.5062240663900415,CD300LF,CD300LF,0.36763394,0.4251101321585903,NK-CD16+,TRM,0.5133275,0.0
F11R,F11R,0.12577617,0.21052631578947367,ITGAL,ITGAL_ITGB2,0.9007067,0.6680497925311203,cDC2,NK-CD16+,0.5132414,0.0
IL23A,IL23A,0.17799231,0.18518518518518517,LILRA1,LILRA1,0.848199,0.8181818181818182,Treg,Mono-NC,0.5130957,0.0
MYL9,MYL9,0.073126614,0.10150375939849623,CD69,CD69,0.95297563,0.6122448979591837,cDC2,γδ T,0.51305115,0.0
SLPI,SLPI,0.080469035,0.12121212121212122,CD4,CD4,0.9452533,0.8484848484848485,Mono-NC,Mono-NC,0.5128612,0.0
IL1B,IL1B,0.50131196,0.37969924812030076,SIGIRR,SIGIRR,0.524048,0.4565826330532213,cDC2,CD4 T,0.51267993,0.0
SLPI,SLPI,0.2644276,0.22,CD4,CD4,0.7606554,0.6428571428571429,CD8 T,cDC2,0.51254153,0.0
HLA-DQA2,HLA-DQA2,0.13329236,0.12033195020746888,CD4,CD4,0.89178056,0.7556270096463023,NK-CD16+,Mono-C,0.51253647,0.0
LTA,LTA,0.5572398,0.48148148148148145,TNFRSF14,TNFRSF14,0.46767053,0.43609022556390975,Treg,B,0.51245517,0.0
TNFSF14,TNFSF14,0.5571838,0.39628482972136225,TNFRSF14,TNFRSF14,0.46767053,0.43609022556390975,NK-CD16-,B,0.51242715,0.0
APP,APP,0.30374342,0.41409691629955947,NOTCH2,NOTCH2,0.72093487,0.6881028938906752,TRM,Mono-C,0.5123391,0.0
C3,C3,0.33866867,0.2781954887218045,CD46,CD46,0.6855612,0.6559485530546624,cDC2,Mono-C,0.51211494,0.0
CD24,CD24,0.7220978,0.556390977443609,SIGLEC10,SIGLEC10,0.30192742,0.36466165413533835,B,cDC2,0.5120126,0.0
TNFSF14,TNFSF14,0.42388755,0.3333333333333333,TNFRSF14,TNFRSF14,0.60011584,0.4444444444444444,Treg,Treg,0.5120017,0.01
MFNG,MFNG,0.30301255,0.26556016597510373,NOTCH2,NOTCH2,0.72093487,0.6881028938906752,NK-CD16+,Mono-C,0.51197374,0.0
MIF,MIF,0.5779544,0.4677871148459384,TNFRSF14,TNFRSF14,0.44593257,0.3949579831932773,CD4 T,CD4 T,0.51194346,0.003
COL19A1,COL19A1,0.1476905,0.15037593984962405,ITGA1,ITGA1_ITGB1,0.8761671,0.5495356037151703,B,NK-CD16-,0.5119288,0.0
CD86,CD86,0.727501,0.7424242424242424,CD28,CD28,0.29621822,0.2962962962962963,Mono-NC,Treg,0.5118596,0.0
CD28,CD28,0.29621822,0.2962962962962963,CD86,CD86,0.727501,0.7424242424242424,Treg,Mono-NC,0.5118596,0.0
HSPA1A,HSPA1A,0.86123985,0.7427652733118971,TLR4,TLR4,0.1623037,0.2781954887218045,Mono-C,cDC2,0.5117718,0.0
SLPI,SLPI,0.13173313,0.10204081632653061,CD4,CD4,0.89178056,0.7556270096463023,γδ T,Mono-C,0.51175684,0.0
ARF1,ARF1,0.83358836,0.6147959183673469,INSR,INSR,0.18988392,0.2878787878787879,γδ T,Mono-NC,0.51173615,0.009
HSPA4,HSPA4,0.30378115,0.3633440514469453,TLR4,TLR4,0.7193331,0.662379421221865,Mono-C,Mono-C,0.5115571,0.0
TNFSF10,TNFSF10,0.93402314,0.6818181818181818,RIPK1,RIPK1,0.08897497,0.12861736334405144,Mono-NC,Mono-C,0.51149905,0.0
PTPN6,PTPN6,0.37038472,0.31932773109243695,CD300LF,CD300LF,0.65190804,0.6818181818181818,CD4 T,Mono-NC,0.51114637,0.007
SLPI,SLPI,0.13046193,0.14790996784565916,CD4,CD4,0.89178056,0.7556270096463023,Mono-C,Mono-C,0.5111213,0.0
ADAM10,ADAM10,0.37611127,0.3070539419087137,NOTCH2,NOTCH2,0.64599603,0.7121212121212122,NK-CD16+,Mono-NC,0.5110537,0.0
ICAM2,ICAM2,0.39511392,0.3360995850622407,ITGAL,ITGAL_ITGB2,0.62672406,0.48214285714285715,NK-CD16+,γδ T,0.510919,0.0
FAM3C,FAM3C,0.26102954,0.22,CLEC2D,CLEC2D,0.7607774,0.5185185185185185,CD8 T,Treg,0.5109035,0.005
LRPAP1,LRPAP1,0.82922006,0.7037037037037037,SORT1,SORT1,0.19255288,0.28854625550660795,Treg,TRM,0.5108865,0.0
SPP1,SPP1,0.35391083,0.19924812030075187,ITGA4,ITGA4_ITGB1,0.66753775,0.4979253112033195,cDC2,NK-CD16+,0.5107243,0.0
FAM3C,FAM3C,0.16382085,0.15966386554621848,LAMP1,LAMP1,0.8576116,0.7312775330396476,CD4 T,TRM,0.5107162,0.0
TNFSF10,TNFSF10,0.93402314,0.6818181818181818,TNFRSF10A,TNFRSF10A,0.08740425,0.12334801762114538,Mono-NC,TRM,0.5107137,0.0
CALM3,CALM3,0.80755,0.5969387755102041,KCNQ1,KCNQ1,0.21376051,0.2572347266881029,γδ T,Mono-C,0.5106553,0.0
FASLG,FASLG,0.5386062,0.4149377593360996,TNFRSF1A,TNFRSF1A,0.4826395,0.5451127819548872,NK-CD16+,cDC2,0.51062286,0.0
HLA-DQA2,HLA-DQA2,0.68994284,0.5151515151515151,CD4,CD4,0.33111274,0.2801120448179272,Mono-NC,CD4 T,0.5105278,0.005
FAM3C,FAM3C,0.16256675,0.14795918367346939,LAMP1,LAMP1,0.8576116,0.7312775330396476,γδ T,TRM,0.51008916,0.0
SPON2,SPON2,0.24908192,0.18,ITGA5,ITGA5,0.77074647,0.6101321585903083,CD8 T,TRM,0.5099142,0.0
ARF1,ARF1,0.94765675,0.8038585209003215,INSR,INSR,0.072167516,0.12781954887218044,Mono-C,cDC2,0.50991213,0.004
HSPA1A,HSPA1A,0.30016387,0.25925925925925924,TLR4,TLR4,0.7193331,0.662379421221865,Treg,Mono-C,0.50974846,0.001
SLPI,SLPI,0.12755589,0.1078838174273859,CD4,CD4,0.89178056,0.7556270096463023,NK-CD16+,Mono-C,0.50966823,0.0
SPP1,SPP1,0.7100559,0.2555066079295154,ITGA4,ITGA4_ITGB1,0.30852923,0.40225563909774437,TRM,cDC2,0.50929254,0.0
IL1B,IL1B,0.42485967,0.3484848484848485,SIGIRR,SIGIRR,0.5935004,0.456656346749226,Mono-NC,NK-CD16-,0.50918,0.005
ARF1,ARF1,0.94765675,0.8038585209003215,INSR,INSR,0.07030151,0.1145374449339207,Mono-C,TRM,0.50897914,0.003
LGALS3,LGALS3,0.83324724,0.5331632653061225,LAG3,LAG3,0.1844943,0.15126050420168066,γδ T,CD4 T,0.5088708,0.009
TNFSF12,TNFSF12,0.8168387,0.6,TNFRSF8,TNFRSF8,0.20059304,0.14814814814814814,CD8 T,Treg,0.50871587,0.0
C3,C3,0.52352124,0.29515418502202645,CD46,CD46,0.49279544,0.3979591836734694,TRM,γδ T,0.5081583,0.0
MFNG,MFNG,0.29521477,0.25255102040816324,NOTCH2,NOTCH2,0.72093487,0.6881028938906752,γδ T,Mono-C,0.5080748,0.0
APOE,APOE,0.3226691,0.20676691729323307,SORL1,SORL1,0.69347787,0.6541850220264317,cDC2,TRM,0.50807345,0.0
TNFSF12,TNFSF12,0.39399472,0.3111455108359133,CD163,CD163,0.6218418,0.5594855305466238,NK-CD16-,Mono-C,0.50791824,0.0
LGALS9,LGALS9,0.84653074,0.7652733118971061,SLC1A5,SLC1A5,0.16911213,0.2356828193832599,Mono-C,TRM,0.50782144,0.0
TNFSF10,TNFSF10,0.93402314,0.6818181818181818,RIPK1,RIPK1,0.08158232,0.17293233082706766,Mono-NC,cDC2,0.5078027,0.0
CCL3,CCL3,0.5284874,0.2946058091286307,CCR4,CCR4,0.48696607,0.4074074074074074,NK-CD16+,Treg,0.5077267,0.0
BSG,BSG,0.81224966,0.62,SLC16A7,SLC16A7,0.20257616,0.18,CD8 T,CD8 T,0.5074129,0.001
C1QA,C1QA,0.6701635,0.45454545454545453,CR1,CR1,0.3438843,0.35691318327974275,Mono-NC,Mono-C,0.50702393,0.001
ADAM10,ADAM10,0.29276904,0.23993808049535603,NOTCH2,NOTCH2,0.72093487,0.6881028938906752,NK-CD16-,Mono-C,0.506852,0.0
ADAM28,ADAM28,0.65992755,0.556390977443609,ITGA4,ITGA4,0.35356614,0.3383458646616541,B,B,0.5067468,0.0
LTA,LTA,0.5572398,0.48148148148148145,TNFRSF1A,TNFRSF1A,0.45619887,0.375,Treg,γδ T,0.50671935,0.0
SPP1,SPP1,0.7100559,0.2555066079295154,PTGER4,PTGER4,0.30329606,0.3939393939393939,TRM,Mono-NC,0.50667596,0.0
MMP9,MMP9,0.17615944,0.13157894736842105,ITGAM,ITGAM,0.8371364,0.729903536977492,cDC2,Mono-C,0.50664794,0.0
IL1B,IL1B,0.8441269,0.4565916398713826,IL1R2,IL1R2_IL1RAP,0.16899684,0.15859030837004406,Mono-C,TRM,0.5065619,0.0
CD96,CD96,0.91198605,0.66,PVR,PVR,0.10072808,0.15151515151515152,CD8 T,Mono-NC,0.5063571,0.0
ADAM9,ADAM9,0.4540225,0.526431718061674,ITGAV,ITGAV,0.5585293,0.5748898678414097,TRM,TRM,0.5062759,0.0
LRPAP1,LRPAP1,0.60012096,0.6167400881057269,SORT1,SORT1,0.41241643,0.48484848484848486,TRM,Mono-NC,0.5062687,0.0
IL1B,IL1B,0.77821034,0.43612334801762115,SIGIRR,SIGIRR,0.23383564,0.33480176211453744,TRM,TRM,0.506023,0.0
NECTIN2,NECTIN2,0.23838682,0.34962406015037595,CD96,CD96,0.7735077,0.5714285714285714,cDC2,CD4 T,0.5059473,0.0
BSG,BSG,0.81224966,0.62,SLC16A7,SLC16A7,0.19958092,0.1609907120743034,CD8 T,NK-CD16-,0.5059153,0.0
ADAM15,ADAM15,0.24094445,0.3392070484581498,ITGA5,ITGA5,0.77074647,0.6101321585903083,TRM,TRM,0.5058454,0.0
HSPA1A,HSPA1A,0.8493773,0.8181818181818182,TLR4,TLR4,0.1623037,0.2781954887218045,Mono-NC,cDC2,0.5058405,0.0
SIRPB2,SIRPB2,0.08932884,0.13636363636363635,CD47,CD47,0.92230505,0.8181818181818182,Mono-NC,Mono-NC,0.50581694,0.0
THBS1,THBS1,0.4268466,0.2797427652733119,CD47,CD47,0.584772,0.44,Mono-C,CD8 T,0.5058093,0.009
TNFSF14,TNFSF14,0.5654167,0.42,TNFRSF14,TNFRSF14,0.44593257,0.3949579831932773,CD8 T,CD4 T,0.5056746,0.0
VEGFB,VEGFB,0.47875142,0.38,ADRB2,ADRB2,0.53259283,0.42323651452282157,CD8 T,NK-CD16+,0.5056721,0.0
FAM3C,FAM3C,0.15344073,0.2781954887218045,LAMP1,LAMP1,0.8576116,0.7312775330396476,cDC2,TRM,0.5055262,0.0
CSF1,CSF1,0.19358002,0.15306122448979592,CSF3R,CSF3R,0.8169632,0.7202643171806168,γδ T,TRM,0.5052716,0.0
SELPLG,SELPLG,0.096498884,0.16917293233082706,SELL,SELL,0.9139811,0.7234726688102894,cDC2,Mono-C,0.50523996,0.0
FASLG,FASLG,0.64506274,0.46439628482972134,TNFRSF1A,TNFRSF1A,0.36541182,0.3,NK-CD16-,CD8 T,0.5052373,0.002
THBS1,THBS1,0.3429111,0.23788546255506607,ITGA4,ITGA4,0.66753775,0.4979253112033195,TRM,NK-CD16+,0.5052244,0.0
ADAM10,ADAM10,0.67234373,0.6655948553054662,AXL,AXL,0.3379147,0.2973568281938326,Mono-C,TRM,0.5051292,0.0
ADAM10,ADAM10,0.67234373,0.6655948553054662,NOTCH2,NOTCH2,0.3377539,0.42951541850220265,Mono-C,TRM,0.5050488,0.0
MFNG,MFNG,0.36409536,0.3445378151260504,NOTCH2,NOTCH2,0.64599603,0.7121212121212122,CD4 T,Mono-NC,0.5050457,0.0
F11R,F11R,0.10924507,0.16740088105726872,ITGAL,ITGAL_ITGB2,0.9007067,0.6680497925311203,TRM,NK-CD16+,0.5049759,0.0
ADAM10,ADAM10,0.76983654,0.8333333333333334,TSPAN14,TSPAN14,0.24011467,0.19349845201238391,Mono-NC,NK-CD16-,0.5049756,0.0
FAM3C,FAM3C,0.26102954,0.22,CLEC2D,CLEC2D,0.74860984,0.5350140056022409,CD8 T,CD4 T,0.5048197,0.0
ADAM10,ADAM10,0.29276904,0.23993808049535603,GPNMB,GPNMB,0.71647525,0.40308370044052866,NK-CD16-,TRM,0.50462216,0.0
PTPN6,PTPN6,0.73054206,0.7136563876651982,CD300LF,CD300LF,0.27868325,0.22,TRM,CD8 T,0.5046127,0.013
CD38,CD38,0.15535754,0.22556390977443608,PECAM1,PECAM1,0.85384303,0.7026431718061674,cDC2,TRM,0.5046003,0.0
FASLG,FASLG,0.64506274,0.46439628482972134,TNFRSF1A,TNFRSF1A,0.36394188,0.28792569659442724,NK-CD16-,NK-CD16-,0.5045023,0.0
MIF,MIF,0.5779544,0.4677871148459384,TNFRSF14,TNFRSF14,0.43101996,0.4790996784565916,CD4 T,Mono-C,0.50448716,0.012
FAM3C,FAM3C,0.1783152,0.14814814814814814,CLEC2D,CLEC2D,0.8305881,0.576530612244898,Treg,γδ T,0.50445163,0.0
TNFSF10,TNFSF10,0.93402314,0.6818181818181818,TNFRSF10A,TNFRSF10A,0.07485657,0.10932475884244373,Mono-NC,Mono-C,0.50443983,0.0
IL1B,IL1B,0.8441269,0.4565916398713826,ADRB2,ADRB2,0.16466756,0.14285714285714285,Mono-C,γδ T,0.5043972,0.0
ADAM10,ADAM10,0.3381124,0.24,AXL,AXL,0.6706365,0.5263157894736842,CD8 T,cDC2,0.50437444,0.0
ICAM2,ICAM2,0.42850184,0.36,ITGAM,ITGAM_ITGB2,0.5801289,0.6211453744493393,CD8 T,TRM,0.5043154,0.0
HLA-DQB2,HLA-DQB2,0.4452148,0.3233082706766917,LAG3,LAG3,0.5634088,0.41836734693877553,cDC2,γδ T,0.5043118,0.0
HLA-DQA2,HLA-DQA2,0.68994284,0.5151515151515151,LAG3,LAG3,0.31858182,0.18518518518518517,Mono-NC,Treg,0.5042623,0.0
CD40LG,CD40LG,0.16607237,0.18518518518518517,CD40,CD40,0.8423143,0.631578947368421,Treg,B,0.5041933,0.0
CALM3,CALM3,0.80755,0.5969387755102041,INSR,INSR,0.20066448,0.2540192926045016,γδ T,Mono-C,0.50410724,0.0
SIRPG,SIRPG,0.5696164,0.5185185185185185,CD47,CD47,0.438202,0.5022026431718062,Treg,TRM,0.5039092,0.0
CD47,CD47,0.438202,0.5022026431718062,SIRPG,SIRPG,0.5696164,0.5185185185185185,TRM,Treg,0.5039092,0.0
TNFSF10,TNFSF10,0.3811649,0.31932773109243695,CCR6,CCR6,0.62660265,0.5185185185185185,CD4 T,Treg,0.5038838,0.0
TNFSF14,TNFSF14,0.37982944,0.29971988795518206,TNFRSF14,TNFRSF14,0.6278129,0.7272727272727273,CD4 T,Mono-NC,0.5038212,0.0
PLAU,PLAU,0.17025682,0.22932330827067668,ITGAM,ITGAM,0.8371364,0.729903536977492,cDC2,Mono-C,0.5036966,0.0
APP,APP,0.36090353,0.41479099678456594,NOTCH2,NOTCH2,0.64599603,0.7121212121212122,Mono-C,Mono-NC,0.5034498,0.0
LGALS9,LGALS9,0.2426989,0.2556390977443609,LRP1,LRP1,0.7638819,0.7400881057268722,B,TRM,0.5032904,0.0
COL9A2,COL9A2,0.13031147,0.14814814814814814,ITGA1,ITGA1_ITGB1,0.8761671,0.5495356037151703,Treg,NK-CD16-,0.5032393,0.0
TNFSF10,TNFSF10,0.93402314,0.6818181818181818,TNFRSF10B,TNFRSF10B,0.072264574,0.15037593984962405,Mono-NC,cDC2,0.50314385,0.0
GSTO1,GSTO1,0.91896844,0.6879699248120301,RYR1,RYR1,0.08709178,0.13636363636363635,cDC2,Mono-NC,0.5030301,0.001
BAG6,BAG6,0.42296848,0.4887459807073955,NCR3,NCR3,0.5830511,0.42738589211618255,Mono-C,NK-CD16+,0.5030098,0.0
IL16,IL16,0.73825866,0.6296296296296297,CCR5,CCR5,0.26665843,0.2222222222222222,Treg,Treg,0.5024586,0.002
IL16,IL16,0.73825866,0.6296296296296297,CCR5,CCR5,0.26654285,0.3524229074889868,Treg,TRM,0.50240076,0.001
ADAM10,ADAM10,0.24980623,0.22969187675070027,IL6R,IL6R,0.75482005,0.6945337620578779,CD4 T,Mono-C,0.50231314,0.0
ARF1,ARF1,0.80382097,0.6099585062240664,INSR,INSR,0.20066448,0.2540192926045016,NK-CD16+,Mono-C,0.50224274,0.013
FN1,FN1,0.23371491,0.1299559471365639,ITGA5,ITGA5_ITGB1,0.77074647,0.6101321585903083,TRM,TRM,0.5022307,0.0
IL1B,IL1B,0.77821034,0.43612334801762115,ADRB2,ADRB2,0.22599342,0.25757575757575757,TRM,Mono-NC,0.5021019,0.0
TGM2,TGM2,0.15794569,0.1,ITGA4,ITGA4,0.84618366,0.803030303030303,CD8 T,Mono-NC,0.5020647,0.011
C3,C3,0.52352124,0.29515418502202645,CD19,CD19,0.48025373,0.42857142857142855,TRM,B,0.5018875,0.0
PSEN1,PSEN1,0.28233021,0.3986784140969163,NOTCH2,NOTCH2,0.72093487,0.6881028938906752,TRM,Mono-C,0.5016326,0.0
CD40LG,CD40LG,0.16607237,0.18518518518518517,ITGAM,ITGAM_ITGB2,0.8371364,0.729903536977492,Treg,Mono-C,0.5016044,0.0
LTA,LTA,0.5572398,0.48148148148148145,TNFRSF14,TNFRSF14,0.44593257,0.3949579831932773,Treg,CD4 T,0.5015862,0.0
TNFSF14,TNFSF14,0.5571838,0.39628482972136225,TNFRSF14,TNFRSF14,0.44593257,0.3949579831932773,NK-CD16-,CD4 T,0.5015582,0.0
SIRPB2,SIRPB2,0.08051265,0.1277533039647577,CD47,CD47,0.92230505,0.8181818181818182,TRM,Mono-NC,0.5014089,0.0
CD14,CD14,0.76847064,0.4398496240601504,TLR6,TLR6,0.23400983,0.23308270676691728,cDC2,B,0.50124025,0.008
CFH,CFH,0.42226115,0.3,ITGAM,ITGAM,0.5801289,0.6211453744493393,CD8 T,TRM,0.501195,0.0
SEMA4A,SEMA4A,0.23234732,0.30303030303030304,PLXNB2,PLXNB2,0.7697096,0.803030303030303,Mono-NC,Mono-NC,0.5010285,0.0
CCL20,CCL20,0.32447162,0.24369747899159663,CXCR3,CXCR3,0.67741656,0.4923469387755102,CD4 T,γδ T,0.5009441,0.0
SELPLG,SELPLG,0.7946696,0.8787878787878788,ITGAM,ITGAM,0.20714018,0.3157894736842105,Mono-NC,cDC2,0.5009049,0.0
LGALS9,LGALS9,0.84653074,0.7652733118971061,SLC1A5,SLC1A5,0.1550476,0.14814814814814814,Mono-C,Treg,0.50078917,0.0
TNFSF12,TNFSF12,0.37932283,0.4052863436123348,CD163,CD163,0.6218418,0.5594855305466238,TRM,Mono-C,0.50058234,0.0
CSF1,CSF1,0.2809114,0.25925925925925924,SIRPA,SIRPA,0.7202235,0.6960352422907489,Treg,TRM,0.50056744,0.0
TNFSF13B,TNFSF13B,0.8503097,0.7575757575757576,TNFRSF17,TNFRSF17,0.15055928,0.15789473684210525,Mono-NC,B,0.5004345,0.0
BSG,BSG,0.81224966,0.62,SLC16A7,SLC16A7,0.18859011,0.18518518518518517,CD8 T,Treg,0.50041986,0.009
TNF,TNF,0.19934118,0.16246498599439776,TNFRSF1A,TNFRSF1A,0.8014042,0.7234726688102894,CD4 T,Mono-C,0.50037265,0.0
HLA-DOB,HLA-DOB,0.10888396,0.18045112781954886,CD4,CD4,0.89178056,0.7556270096463023,cDC2,Mono-C,0.50033224,0.0
BSG,BSG,0.81224966,0.62,SLC16A7,SLC16A7,0.18830566,0.16182572614107885,CD8 T,NK-CD16+,0.50027764,0.0
LGALS9,LGALS9,0.23665385,0.25925925925925924,LRP1,LRP1,0.7638819,0.7400881057268722,Treg,TRM,0.50026786,0.003
BAG6,BAG6,0.41719928,0.5,NCR3,NCR3,0.5830511,0.42738589211618255,Mono-NC,NK-CD16+,0.50012517,0.0
