total_immune_region_level,total_immune_spot_level,tissue_level_immune_class,library_id
93.843414,95.52238,Immune-high,BEME_346
93.843414,103.3141,Immune-high,BEME_346
54.467182,64.71322,Immune-moderate-low,BEME_346
15.260765,21.414412,Immune-low,BEME_346
7.338196,9.838631,Immune-poor,BEME_346
64.28651,68.85096,Immune-moderate-high,BEME_346
64.28651,57.287266,Immune-moderate-high,BEME_346
1.4665425,0.5017329,Immune-poor,BEME_346
45.566067,43.87986,Immune-moderate-low,BEME_346
1.4665425,0.46203986,Immune-poor,BEME_346
7.338196,13.01378,Immune-poor,BEME_346
96.11404,53.687126,Immune-high,BEME_346
7.338196,7.459751,Immune-poor,BEME_346
54.467182,46.40168,Immune-moderate-low,BEME_346
7.338196,4.2386875,Immune-poor,BEME_346
64.28651,64.12852,Immune-moderate-high,BEME_346
93.843414,82.68568,Immune-high,BEME_346
93.843414,108.98506,Immune-high,BEME_346
38.69574,48.70215,Immune-low,BEME_346
93.843414,109.81161,Immune-high,BEME_346
1.4665425,2.5699542,Immune-poor,BEME_346
45.566067,49.61771,Immune-moderate-low,BEME_346
24.591093,24.801529,Immune-low,BEME_346
7.338196,5.4272203,Immune-poor,BEME_346
64.28651,61.689724,Immune-moderate-high,BEME_346
38.69574,32.41428,Immune-low,BEME_346
1.4665425,0.30731407,Immune-poor,BEME_346
54.467182,35.69069,Immune-moderate-low,BEME_346
7.338196,4.4595394,Immune-poor,BEME_346
15.260765,14.823335,Immune-low,BEME_346
1.4665425,1.7853584,Immune-poor,BEME_346
7.338196,6.971574,Immune-poor,BEME_346
1.4665425,0.79251087,Immune-poor,BEME_346
24.591093,18.772526,Immune-low,BEME_346
1.4665425,1.4467313,Immune-poor,BEME_346
96.11404,105.49812,Immune-high,BEME_346
96.11404,111.9272,Immune-high,BEME_346
96.11404,139.43205,Immune-high,BEME_346
1.4665425,0.05111471,Immune-poor,BEME_346
1.4665425,0.69197065,Immune-poor,BEME_346
15.260765,6.8632855,Immune-low,BEME_346
64.28651,54.556618,Immune-moderate-high,BEME_346
54.467182,60.939705,Immune-moderate-low,BEME_346
96.11404,68.4377,Immune-high,BEME_346
15.260765,11.322164,Immune-low,BEME_346
93.843414,113.508286,Immune-high,BEME_346
7.338196,4.557106,Immune-poor,BEME_346
1.4665425,1.8691689,Immune-poor,BEME_346
7.338196,10.093169,Immune-poor,BEME_346
38.69574,38.465027,Immune-low,BEME_346
93.843414,90.46871,Immune-high,BEME_346
15.260765,11.489739,Immune-low,BEME_346
45.566067,41.895836,Immune-moderate-low,BEME_346
24.591093,20.87062,Immune-low,BEME_346
15.260765,14.599034,Immune-low,BEME_346
96.11404,59.26883,Immune-high,BEME_346
96.11404,54.46898,Immune-high,BEME_346
93.843414,103.038216,Immune-high,BEME_346
1.4665425,0.7566455,Immune-poor,BEME_346
45.566067,49.696793,Immune-moderate-low,BEME_346
54.467182,37.014725,Immune-moderate-low,BEME_346
45.566067,50.83711,Immune-moderate-low,BEME_346
96.11404,78.259186,Immune-high,BEME_346
93.843414,86.68956,Immune-high,BEME_346
7.338196,4.3588967,Immune-poor,BEME_346
15.260765,19.1076,Immune-low,BEME_346
96.11404,146.55551,Immune-high,BEME_346
38.69574,30.564028,Immune-low,BEME_346
15.260765,21.970407,Immune-low,BEME_346
24.591093,20.855095,Immune-low,BEME_346
38.69574,31.357079,Immune-low,BEME_346
24.591093,25.47586,Immune-low,BEME_346
54.467182,80.5737,Immune-moderate-low,BEME_346
93.843414,89.3365,Immune-high,BEME_346
64.28651,65.80856,Immune-moderate-high,BEME_346
7.338196,3.9802213,Immune-poor,BEME_346
64.28651,55.26861,Immune-moderate-high,BEME_346
96.11404,116.44006,Immune-high,BEME_346
54.467182,42.30998,Immune-moderate-low,BEME_346
15.260765,17.267675,Immune-low,BEME_346
15.260765,9.367453,Immune-low,BEME_346
38.69574,46.533787,Immune-low,BEME_346
54.467182,69.2043,Immune-moderate-low,BEME_346
54.467182,75.26885,Immune-moderate-low,BEME_346
93.843414,84.24564,Immune-high,BEME_346
45.566067,44.62087,Immune-moderate-low,BEME_346
15.260765,9.775211,Immune-low,BEME_346
93.843414,114.48097,Immune-high,BEME_346
38.69574,25.03096,Immune-low,BEME_346
38.69574,36.082027,Immune-low,BEME_346
7.338196,10.284893,Immune-poor,BEME_346
1.4665425,3.107236,Immune-poor,BEME_346
96.11404,115.7615,Immune-high,BEME_346
24.591093,24.9766,Immune-low,BEME_346
1.4665425,1.8247986,Immune-poor,BEME_346
38.69574,52.473454,Immune-low,BEME_346
54.467182,49.245316,Immune-moderate-low,BEME_346
54.467182,53.33791,Immune-moderate-low,BEME_346
64.28651,67.804825,Immune-moderate-high,BEME_346
96.11404,83.51273,Immune-high,BEME_346
7.338196,6.2388062,Immune-poor,BEME_346
54.467182,33.671673,Immune-moderate-low,BEME_346
15.260765,17.000679,Immune-low,BEME_346
1.4665425,0.23779337,Immune-poor,BEME_346
93.843414,81.2432,Immune-high,BEME_346
64.28651,66.011185,Immune-moderate-high,BEME_346
64.28651,54.595604,Immune-moderate-high,BEME_346
1.4665425,1.6089479,Immune-poor,BEME_346
96.11404,69.59265,Immune-high,BEME_346
54.467182,60.943577,Immune-moderate-low,BEME_346
96.11404,97.36785,Immune-high,BEME_346
38.69574,41.76284,Immune-low,BEME_346
15.260765,20.621752,Immune-low,BEME_346
7.338196,4.7086964,Immune-poor,BEME_346
54.467182,54.851997,Immune-moderate-low,BEME_346
24.591093,23.352371,Immune-low,BEME_346
54.467182,51.581234,Immune-moderate-low,BEME_346
15.260765,7.604452,Immune-low,BEME_346
45.566067,37.659397,Immune-moderate-low,BEME_346
54.467182,73.27039,Immune-moderate-low,BEME_346
1.4665425,0.04267673,Immune-poor,BEME_346
64.28651,68.83496,Immune-moderate-high,BEME_346
38.69574,39.39435,Immune-low,BEME_346
15.260765,18.526247,Immune-low,BEME_346
93.843414,81.447235,Immune-high,BEME_346
1.4665425,1.2343214,Immune-poor,BEME_346
38.69574,41.94548,Immune-low,BEME_346
54.467182,73.66111,Immune-moderate-low,BEME_346
24.591093,27.25407,Immune-low,BEME_346
54.467182,47.724545,Immune-moderate-low,BEME_346
93.843414,79.30843,Immune-high,BEME_346
54.467182,59.958565,Immune-moderate-low,BEME_346
38.69574,39.54902,Immune-low,BEME_346
54.467182,59.585938,Immune-moderate-low,BEME_346
93.843414,97.047646,Immune-high,BEME_346
24.591093,27.787563,Immune-low,BEME_346
96.11404,72.99439,Immune-high,BEME_346
45.566067,41.88803,Immune-moderate-low,BEME_346
96.11404,79.48331,Immune-high,BEME_346
15.260765,14.679385,Immune-low,BEME_346
15.260765,20.168839,Immune-low,BEME_346
54.467182,45.37554,Immune-moderate-low,BEME_346
54.467182,69.80364,Immune-moderate-low,BEME_346
15.260765,22.05307,Immune-low,BEME_346
96.11404,74.59976,Immune-high,BEME_346
15.260765,18.434807,Immune-low,BEME_346
7.338196,5.6542373,Immune-poor,BEME_346
54.467182,66.37612,Immune-moderate-low,BEME_346
38.69574,31.810163,Immune-low,BEME_346
1.4665425,2.9856994,Immune-poor,BEME_346
54.467182,45.347385,Immune-moderate-low,BEME_346
1.4665425,3.476397,Immune-poor,BEME_346
7.338196,2.8718135,Immune-poor,BEME_346
15.260765,22.658735,Immune-low,BEME_346
15.260765,8.306437,Immune-low,BEME_346
1.4665425,0.73972327,Immune-poor,BEME_346
1.4665425,3.8551226,Immune-poor,BEME_346
45.566067,43.398926,Immune-moderate-low,BEME_346
1.4665425,1.9989687,Immune-poor,BEME_346
45.566067,41.937435,Immune-moderate-low,BEME_346
38.69574,52.772865,Immune-low,BEME_346
64.28651,73.85489,Immune-moderate-high,BEME_346
93.843414,100.62916,Immune-high,BEME_346
7.338196,8.122382,Immune-poor,BEME_346
54.467182,48.148838,Immune-moderate-low,BEME_346
15.260765,11.348447,Immune-low,BEME_346
64.28651,72.689995,Immune-moderate-high,BEME_346
45.566067,50.57185,Immune-moderate-low,BEME_346
96.11404,135.8178,Immune-high,BEME_346
7.338196,3.8045628,Immune-poor,BEME_346
54.467182,56.921207,Immune-moderate-low,BEME_346
45.566067,50.63216,Immune-moderate-low,BEME_346
64.28651,76.03099,Immune-moderate-high,BEME_346
64.28651,76.50888,Immune-moderate-high,BEME_346
54.467182,39.59162,Immune-moderate-low,BEME_346
15.260765,23.195122,Immune-low,BEME_346
45.566067,54.00914,Immune-moderate-low,BEME_346
15.260765,15.314709,Immune-low,BEME_346
15.260765,9.150363,Immune-low,BEME_346
93.843414,137.78903,Immune-high,BEME_346
64.28651,63.255642,Immune-moderate-high,BEME_346
15.260765,18.384169,Immune-low,BEME_346
64.28651,68.09434,Immune-moderate-high,BEME_346
93.843414,100.49395,Immune-high,BEME_346
54.467182,61.046204,Immune-moderate-low,BEME_346
38.69574,32.591232,Immune-low,BEME_346
38.69574,45.933823,Immune-low,BEME_346
96.11404,56.803444,Immune-high,BEME_346
15.260765,7.9914417,Immune-low,BEME_346
24.591093,19.243183,Immune-low,BEME_346
38.69574,35.596306,Immune-low,BEME_346
45.566067,52.962723,Immune-moderate-low,BEME_346
93.843414,72.80117,Immune-high,BEME_346
64.28651,57.94634,Immune-moderate-high,BEME_346
64.28651,54.77815,Immune-moderate-high,BEME_346
1.4665425,0.44862914,Immune-poor,BEME_346
15.260765,17.70424,Immune-low,BEME_346
38.69574,31.34271,Immune-low,BEME_346
54.467182,45.70854,Immune-moderate-low,BEME_346
93.843414,83.73198,Immune-high,BEME_346
15.260765,16.548643,Immune-low,BEME_346
7.338196,3.2318192,Immune-poor,BEME_346
45.566067,49.30383,Immune-moderate-low,BEME_346
96.11404,193.66458,Immune-high,BEME_346
54.467182,56.865726,Immune-moderate-low,BEME_346
1.4665425,0.35598078,Immune-poor,BEME_346
96.11404,56.935696,Immune-high,BEME_346
45.566067,35.946735,Immune-moderate-low,BEME_346
93.843414,94.076645,Immune-high,BEME_346
15.260765,11.324381,Immune-low,BEME_346
38.69574,49.7203,Immune-low,BEME_346
15.260765,7.2887845,Immune-low,BEME_346
64.28651,57.236942,Immune-moderate-high,BEME_346
93.843414,112.30969,Immune-high,BEME_346
54.467182,36.408577,Immune-moderate-low,BEME_346
45.566067,48.228325,Immune-moderate-low,BEME_346
7.338196,5.110943,Immune-poor,BEME_346
64.28651,71.16148,Immune-moderate-high,BEME_346
45.566067,49.058956,Immune-moderate-low,BEME_346
1.4665425,1.4293709,Immune-poor,BEME_346
64.28651,69.006546,Immune-moderate-high,BEME_346
64.28651,55.916477,Immune-moderate-high,BEME_346
38.69574,31.73568,Immune-low,BEME_346
7.338196,9.990768,Immune-poor,BEME_346
54.467182,34.223526,Immune-moderate-low,BEME_346
24.591093,17.008118,Immune-low,BEME_346
38.69574,33.05931,Immune-low,BEME_346
45.566067,42.099247,Immune-moderate-low,BEME_346
96.11404,62.526814,Immune-high,BEME_346
38.69574,45.190765,Immune-low,BEME_346
7.338196,16.761683,Immune-poor,BEME_346
96.11404,122.91491,Immune-high,BEME_346
45.566067,42.31525,Immune-moderate-low,BEME_346
54.467182,47.787617,Immune-moderate-low,BEME_346
96.11404,131.37265,Immune-high,BEME_346
38.69574,32.654575,Immune-low,BEME_346
1.4665425,0.84180963,Immune-poor,BEME_346
15.260765,6.982779,Immune-low,BEME_346
45.566067,46.48206,Immune-moderate-low,BEME_346
38.69574,50.47461,Immune-low,BEME_346
38.69574,30.82932,Immune-low,BEME_346
96.11404,93.38777,Immune-high,BEME_346
54.467182,67.74298,Immune-moderate-low,BEME_346
96.11404,91.6733,Immune-high,BEME_346
96.11404,144.00615,Immune-high,BEME_346
54.467182,53.658455,Immune-moderate-low,BEME_346
54.467182,47.04152,Immune-moderate-low,BEME_346
38.69574,33.500004,Immune-low,BEME_346
1.4665425,2.8396027,Immune-poor,BEME_346
38.69574,38.443836,Immune-low,BEME_346
96.11404,166.33583,Immune-high,BEME_346
54.467182,65.02472,Immune-moderate-low,BEME_346
15.260765,17.696293,Immune-low,BEME_346
96.11404,123.71816,Immune-high,BEME_346
1.4665425,2.9031897,Immune-poor,BEME_346
54.467182,59.661045,Immune-moderate-low,BEME_346
15.260765,23.240444,Immune-low,BEME_346
1.4665425,0.07534034,Immune-poor,BEME_346
93.843414,84.64914,Immune-high,BEME_346
45.566067,48.39066,Immune-moderate-low,BEME_346
15.260765,27.987043,Immune-low,BEME_346
7.338196,9.092009,Immune-poor,BEME_346
45.566067,51.279408,Immune-moderate-low,BEME_346
96.11404,85.835785,Immune-high,BEME_346
93.843414,107.601715,Immune-high,BEME_346
1.4665425,0.71823627,Immune-poor,BEME_346
64.28651,65.46725,Immune-moderate-high,BEME_346
7.338196,10.559576,Immune-poor,BEME_346
54.467182,60.51682,Immune-moderate-low,BEME_346
38.69574,30.597923,Immune-low,BEME_346
45.566067,45.45073,Immune-moderate-low,BEME_346
54.467182,40.50939,Immune-moderate-low,BEME_346
38.69574,33.615284,Immune-low,BEME_346
54.467182,47.12984,Immune-moderate-low,BEME_346
54.467182,59.7529,Immune-moderate-low,BEME_346
38.69574,30.078238,Immune-low,BEME_346
96.11404,59.613926,Immune-high,BEME_346
38.69574,35.945877,Immune-low,BEME_346
64.28651,63.10487,Immune-moderate-high,BEME_346
15.260765,7.8536334,Immune-low,BEME_346
7.338196,4.92476,Immune-poor,BEME_346
96.11404,71.495964,Immune-high,BEME_346
38.69574,46.23297,Immune-low,BEME_346
38.69574,45.08258,Immune-low,BEME_346
96.11404,83.8713,Immune-high,BEME_346
96.11404,57.529793,Immune-high,BEME_346
15.260765,20.400078,Immune-low,BEME_346
54.467182,54.729298,Immune-moderate-low,BEME_346
1.4665425,1.1252506,Immune-poor,BEME_346
7.338196,3.4212208,Immune-poor,BEME_346
54.467182,53.796757,Immune-moderate-low,BEME_346
54.467182,81.11068,Immune-moderate-low,BEME_346
54.467182,50.318714,Immune-moderate-low,BEME_346
96.11404,77.632965,Immune-high,BEME_346
1.4665425,1.9968141,Immune-poor,BEME_346
1.4665425,1.1065438,Immune-poor,BEME_346
93.843414,120.10826,Immune-high,BEME_346
1.4665425,0.6917113,Immune-poor,BEME_346
96.11404,71.06979,Immune-high,BEME_346
38.69574,49.4083,Immune-low,BEME_346
7.338196,14.443335,Immune-poor,BEME_346
38.69574,30.34662,Immune-low,BEME_346
1.4665425,0.37381107,Immune-poor,BEME_346
45.566067,47.329323,Immune-moderate-low,BEME_346
24.591093,29.010996,Immune-low,BEME_346
54.467182,33.848057,Immune-moderate-low,BEME_346
64.28651,69.41484,Immune-moderate-high,BEME_346
7.338196,6.1188593,Immune-poor,BEME_346
15.260765,20.821619,Immune-low,BEME_346
54.467182,60.793907,Immune-moderate-low,BEME_346
64.28651,61.562176,Immune-moderate-high,BEME_346
64.28651,60.92055,Immune-moderate-high,BEME_346
7.338196,2.9499943,Immune-poor,BEME_346
1.4665425,0.41251883,Immune-poor,BEME_346
38.69574,32.785656,Immune-low,BEME_346
64.28651,55.543396,Immune-moderate-high,BEME_346
38.69574,34.28572,Immune-low,BEME_346
64.28651,69.63283,Immune-moderate-high,BEME_346
96.11404,86.36878,Immune-high,BEME_346
7.338196,5.2106442,Immune-poor,BEME_346
96.11404,154.00331,Immune-high,BEME_346
38.69574,31.581573,Immune-low,BEME_346
1.4665425,0.72654235,Immune-poor,BEME_346
64.28651,63.05309,Immune-moderate-high,BEME_346
15.260765,20.176693,Immune-low,BEME_346
64.28651,80.77583,Immune-moderate-high,BEME_346
1.4665425,2.732968,Immune-poor,BEME_346
96.11404,112.30996,Immune-high,BEME_346
54.467182,46.62329,Immune-moderate-low,BEME_346
38.69574,30.839165,Immune-low,BEME_346
15.260765,20.631767,Immune-low,BEME_346
96.11404,84.48235,Immune-high,BEME_346
15.260765,28.271074,Immune-low,BEME_346
93.843414,84.411,Immune-high,BEME_346
38.69574,26.251265,Immune-low,BEME_346
1.4665425,2.2036262,Immune-poor,BEME_346
45.566067,47.38238,Immune-moderate-low,BEME_346
38.69574,32.89594,Immune-low,BEME_346
38.69574,25.134533,Immune-low,BEME_346
15.260765,15.8159275,Immune-low,BEME_346
96.11404,83.065315,Immune-high,BEME_346
7.338196,13.759935,Immune-poor,BEME_346
93.843414,81.28725,Immune-high,BEME_346
15.260765,11.86795,Immune-low,BEME_346
96.11404,59.681877,Immune-high,BEME_346
38.69574,33.944595,Immune-low,BEME_346
93.843414,77.33744,Immune-high,BEME_346
96.11404,71.260376,Immune-high,BEME_346
96.11404,164.47394,Immune-high,BEME_346
64.28651,58.482563,Immune-moderate-high,BEME_346
54.467182,49.817047,Immune-moderate-low,BEME_346
1.4665425,2.3135605,Immune-poor,BEME_346
93.843414,88.52411,Immune-high,BEME_346
64.28651,65.9752,Immune-moderate-high,BEME_346
38.69574,31.04264,Immune-low,BEME_346
93.843414,80.05629,Immune-high,BEME_346
45.566067,49.6529,Immune-moderate-low,BEME_346
1.4665425,0.21205112,Immune-poor,BEME_346
64.28651,59.92794,Immune-moderate-high,BEME_346
64.28651,70.125145,Immune-moderate-high,BEME_346
15.260765,17.917196,Immune-low,BEME_346
1.4665425,2.4837627,Immune-poor,BEME_346
1.4665425,2.1341956,Immune-poor,BEME_346
15.260765,13.175063,Immune-low,BEME_346
93.843414,81.19117,Immune-high,BEME_346
96.11404,81.69769,Immune-high,BEME_346
1.4665425,1.6608967,Immune-poor,BEME_346
96.11404,99.481384,Immune-high,BEME_346
1.4665425,0.040856324,Immune-poor,BEME_346
15.260765,11.761724,Immune-low,BEME_346
45.566067,46.18506,Immune-moderate-low,BEME_346
7.338196,3.8721976,Immune-poor,BEME_346
64.28651,60.7162,Immune-moderate-high,BEME_346
1.4665425,2.7678428,Immune-poor,BEME_346
1.4665425,3.0867255,Immune-poor,BEME_346
45.566067,37.00268,Immune-moderate-low,BEME_346
96.11404,100.73084,Immune-high,BEME_346
38.69574,60.589745,Immune-low,BEME_346
54.467182,58.199055,Immune-moderate-low,BEME_346
64.28651,64.2516,Immune-moderate-high,BEME_346
7.338196,7.344796,Immune-poor,BEME_346
45.566067,46.53357,Immune-moderate-low,BEME_346
15.260765,13.167257,Immune-low,BEME_346
54.467182,72.142296,Immune-moderate-low,BEME_346
96.11404,84.75371,Immune-high,BEME_346
64.28651,63.239113,Immune-moderate-high,BEME_346
64.28651,61.722363,Immune-moderate-high,BEME_346
93.843414,85.475426,Immune-high,BEME_346
96.11404,82.253975,Immune-high,BEME_346
7.338196,13.426937,Immune-poor,BEME_346
38.69574,47.421753,Immune-low,BEME_346
45.566067,38.097183,Immune-moderate-low,BEME_346
45.566067,43.45534,Immune-moderate-low,BEME_346
1.4665425,2.3341265,Immune-poor,BEME_346
7.338196,4.4102674,Immune-poor,BEME_346
15.260765,12.409805,Immune-low,BEME_346
54.467182,54.76893,Immune-moderate-low,BEME_346
64.28651,61.341175,Immune-moderate-high,BEME_346
93.843414,79.19106,Immune-high,BEME_346
38.69574,32.76212,Immune-low,BEME_346
64.28651,70.5955,Immune-moderate-high,BEME_346
1.4665425,1.4727107,Immune-poor,BEME_346
45.566067,50.517353,Immune-moderate-low,BEME_346
96.11404,107.73108,Immune-high,BEME_346
64.28651,70.599495,Immune-moderate-high,BEME_346
1.4665425,1.4837406,Immune-poor,BEME_346
7.338196,4.3795567,Immune-poor,BEME_346
1.4665425,0.18887173,Immune-poor,BEME_346
93.843414,111.47772,Immune-high,BEME_346
38.69574,53.962555,Immune-low,BEME_346
45.566067,37.66086,Immune-moderate-low,BEME_346
15.260765,18.74002,Immune-low,BEME_346
7.338196,4.897583,Immune-poor,BEME_346
1.4665425,0.022773832,Immune-poor,BEME_346
15.260765,11.23806,Immune-low,BEME_346
38.69574,38.55927,Immune-low,BEME_346
38.69574,46.80335,Immune-low,BEME_346
38.69574,43.446106,Immune-low,BEME_346
38.69574,46.75005,Immune-low,BEME_346
93.843414,87.04993,Immune-high,BEME_346
15.260765,15.1821785,Immune-low,BEME_346
38.69574,39.234005,Immune-low,BEME_346
15.260765,24.824175,Immune-low,BEME_346
38.69574,31.485825,Immune-low,BEME_346
38.69574,32.290764,Immune-low,BEME_346
15.260765,11.532332,Immune-low,BEME_346
1.4665425,0.9135829,Immune-poor,BEME_346
93.843414,93.75171,Immune-high,BEME_346
93.843414,88.66619,Immune-high,BEME_346
54.467182,41.05447,Immune-moderate-low,BEME_346
96.11404,74.48538,Immune-high,BEME_346
54.467182,63.806602,Immune-moderate-low,BEME_346
15.260765,14.802966,Immune-low,BEME_346
93.843414,95.36594,Immune-high,BEME_346
15.260765,23.0704,Immune-low,BEME_346
64.28651,56.03617,Immune-moderate-high,BEME_346
15.260765,10.520847,Immune-low,BEME_346
96.11404,54.559483,Immune-high,BEME_346
38.69574,28.525078,Immune-low,BEME_346
93.843414,98.752846,Immune-high,BEME_346
38.69574,45.501247,Immune-low,BEME_346
45.566067,48.890797,Immune-moderate-low,BEME_346
24.591093,23.902084,Immune-low,BEME_346
1.4665425,1.2447456,Immune-poor,BEME_346
38.69574,32.181644,Immune-low,BEME_346
45.566067,47.429165,Immune-moderate-low,BEME_346
54.467182,43.319065,Immune-moderate-low,BEME_346
93.843414,90.06444,Immune-high,BEME_346
54.467182,55.122944,Immune-moderate-low,BEME_346
15.260765,11.006261,Immune-low,BEME_346
54.467182,44.725147,Immune-moderate-low,BEME_346
54.467182,58.36949,Immune-moderate-low,BEME_346
54.467182,66.972694,Immune-moderate-low,BEME_346
15.260765,6.6114597,Immune-low,BEME_346
38.69574,38.621593,Immune-low,BEME_346
96.11404,85.66079,Immune-high,BEME_346
1.4665425,0.40349537,Immune-poor,BEME_346
24.591093,28.60339,Immune-low,BEME_346
1.4665425,2.3344307,Immune-poor,BEME_346
38.69574,39.272236,Immune-low,BEME_346
64.28651,75.3221,Immune-moderate-high,BEME_346
54.467182,73.544,Immune-moderate-low,BEME_346
64.28651,54.75293,Immune-moderate-high,BEME_346
45.566067,40.40054,Immune-moderate-low,BEME_346
15.260765,14.788369,Immune-low,BEME_346
54.467182,51.95036,Immune-moderate-low,BEME_346
1.4665425,1.3956529,Immune-poor,BEME_346
45.566067,45.282936,Immune-moderate-low,BEME_346
7.338196,5.84254,Immune-poor,BEME_346
64.28651,58.656395,Immune-moderate-high,BEME_346
96.11404,80.40328,Immune-high,BEME_346
93.843414,90.41701,Immune-high,BEME_346
7.338196,6.3510733,Immune-poor,BEME_346
54.467182,64.97787,Immune-moderate-low,BEME_346
7.338196,5.5806775,Immune-poor,BEME_346
64.28651,59.56829,Immune-moderate-high,BEME_346
93.843414,81.386765,Immune-high,BEME_346
96.11404,100.677055,Immune-high,BEME_346
96.11404,59.531597,Immune-high,BEME_346
1.4665425,0.39632604,Immune-poor,BEME_346
64.28651,73.73444,Immune-moderate-high,BEME_346
38.69574,34.65366,Immune-low,BEME_346
1.4665425,0.46780485,Immune-poor,BEME_346
96.11404,69.99533,Immune-high,BEME_346
1.4665425,0.6099053,Immune-poor,BEME_346
64.28651,67.10569,Immune-moderate-high,BEME_346
38.69574,37.076717,Immune-low,BEME_346
7.338196,6.556752,Immune-poor,BEME_346
64.28651,71.429985,Immune-moderate-high,BEME_346
7.338196,13.346779,Immune-poor,BEME_346
7.338196,5.399053,Immune-poor,BEME_346
7.338196,4.0665727,Immune-poor,BEME_346
54.467182,56.745457,Immune-moderate-low,BEME_346
24.591093,18.72247,Immune-low,BEME_346
7.338196,4.4209642,Immune-poor,BEME_346
45.566067,47.59977,Immune-moderate-low,BEME_346
64.28651,73.342415,Immune-moderate-high,BEME_346
15.260765,12.064788,Immune-low,BEME_346
64.28651,70.5048,Immune-moderate-high,BEME_346
1.4665425,2.0789661,Immune-poor,BEME_346
96.11404,56.823124,Immune-high,BEME_346
1.4665425,1.7357866,Immune-poor,BEME_346
54.467182,56.915592,Immune-moderate-low,BEME_346
38.69574,28.925503,Immune-low,BEME_346
38.69574,32.736904,Immune-low,BEME_346
96.11404,80.32582,Immune-high,BEME_346
96.11404,183.72833,Immune-high,BEME_346
96.11404,70.31815,Immune-high,BEME_346
64.28651,75.914276,Immune-moderate-high,BEME_346
1.4665425,1.0860958,Immune-poor,BEME_346
24.591093,31.535072,Immune-low,BEME_346
7.338196,3.6901314,Immune-poor,BEME_346
54.467182,43.633755,Immune-moderate-low,BEME_346
1.4665425,1.4524692,Immune-poor,BEME_346
96.11404,102.84169,Immune-high,BEME_346
1.4665425,0.3032878,Immune-poor,BEME_346
96.11404,103.83089,Immune-high,BEME_346
96.11404,90.68583,Immune-high,BEME_346
1.4665425,0.9256745,Immune-poor,BEME_346
96.11404,162.36957,Immune-high,BEME_346
54.467182,72.086136,Immune-moderate-low,BEME_346
15.260765,25.913675,Immune-low,BEME_346
15.260765,14.810122,Immune-low,BEME_346
96.11404,111.433754,Immune-high,BEME_346
54.467182,43.601204,Immune-moderate-low,BEME_346
1.4665425,0.9158947,Immune-poor,BEME_346
45.566067,41.301495,Immune-moderate-low,BEME_346
96.11404,84.83552,Immune-high,BEME_346
54.467182,43.379845,Immune-moderate-low,BEME_346
54.467182,49.90497,Immune-moderate-low,BEME_346
45.566067,44.23159,Immune-moderate-low,BEME_346
7.338196,4.4650044,Immune-poor,BEME_346
64.28651,70.192604,Immune-moderate-high,BEME_346
38.69574,33.42604,Immune-low,BEME_346
24.591093,26.488962,Immune-low,BEME_346
64.28651,79.3236,Immune-moderate-high,BEME_346
64.28651,71.59747,Immune-moderate-high,BEME_346
24.591093,30.771023,Immune-low,BEME_346
24.591093,21.996891,Immune-low,BEME_346
38.69574,46.07047,Immune-low,BEME_346
64.28651,56.451763,Immune-moderate-high,BEME_346
38.69574,28.858059,Immune-low,BEME_346
45.566067,40.982243,Immune-moderate-low,BEME_346
38.69574,33.551987,Immune-low,BEME_346
96.11404,77.81222,Immune-high,BEME_346
96.11404,57.41959,Immune-high,BEME_346
38.69574,52.583805,Immune-low,BEME_346
45.566067,49.39861,Immune-moderate-low,BEME_346
1.4665425,1.8169906,Immune-poor,BEME_346
54.467182,50.40088,Immune-moderate-low,BEME_346
64.28651,65.4075,Immune-moderate-high,BEME_346
38.69574,49.64988,Immune-low,BEME_346
96.11404,110.71057,Immune-high,BEME_346
96.11404,57.274265,Immune-high,BEME_346
54.467182,51.78891,Immune-moderate-low,BEME_346
54.467182,44.569973,Immune-moderate-low,BEME_346
64.28651,71.55007,Immune-moderate-high,BEME_346
15.260765,17.25801,Immune-low,BEME_346
7.338196,14.9075365,Immune-poor,BEME_346
15.260765,17.261276,Immune-low,BEME_346
54.467182,59.29467,Immune-moderate-low,BEME_346
54.467182,59.74576,Immune-moderate-low,BEME_346
93.843414,92.31611,Immune-high,BEME_346
64.28651,64.43916,Immune-moderate-high,BEME_346
7.338196,6.8024325,Immune-poor,BEME_346
64.28651,58.9056,Immune-moderate-high,BEME_346
64.28651,58.23736,Immune-moderate-high,BEME_346
45.566067,48.644173,Immune-moderate-low,BEME_346
15.260765,20.524841,Immune-low,BEME_346
1.4665425,3.1054056,Immune-poor,BEME_346
1.4665425,3.298309,Immune-poor,BEME_346
15.260765,14.729334,Immune-low,BEME_346
45.566067,42.01026,Immune-moderate-low,BEME_346
96.11404,86.9962,Immune-high,BEME_346
96.11404,76.56748,Immune-high,BEME_346
38.69574,25.457678,Immune-low,BEME_346
45.566067,45.522186,Immune-moderate-low,BEME_346
1.4665425,0.47568065,Immune-poor,BEME_346
1.4665425,1.2685049,Immune-poor,BEME_346
1.4665425,2.03471,Immune-poor,BEME_346
54.467182,59.90338,Immune-moderate-low,BEME_346
15.260765,17.58398,Immune-low,BEME_346
54.467182,53.947895,Immune-moderate-low,BEME_346
45.566067,45.48114,Immune-moderate-low,BEME_346
7.338196,19.229956,Immune-poor,BEME_346
15.260765,21.2641,Immune-low,BEME_346
45.566067,46.347836,Immune-moderate-low,BEME_346
7.338196,6.2447042,Immune-poor,BEME_346
54.467182,72.79302,Immune-moderate-low,BEME_346
54.467182,63.821976,Immune-moderate-low,BEME_346
96.11404,81.32421,Immune-high,BEME_346
64.28651,52.642025,Immune-moderate-high,BEME_346
96.11404,67.93739,Immune-high,BEME_346
96.11404,61.95243,Immune-high,BEME_346
96.11404,92.994835,Immune-high,BEME_346
54.467182,49.667934,Immune-moderate-low,BEME_346
93.843414,112.23334,Immune-high,BEME_346
96.11404,87.625244,Immune-high,BEME_346
96.11404,72.2923,Immune-high,BEME_346
54.467182,46.1695,Immune-moderate-low,BEME_346
54.467182,61.836052,Immune-moderate-low,BEME_346
96.11404,71.875694,Immune-high,BEME_346
7.338196,4.7249584,Immune-poor,BEME_346
38.69574,43.59787,Immune-low,BEME_346
1.4665425,0.36807153,Immune-poor,BEME_346
45.566067,46.199654,Immune-moderate-low,BEME_346
38.69574,51.12793,Immune-low,BEME_346
54.467182,46.118607,Immune-moderate-low,BEME_346
93.843414,101.42837,Immune-high,BEME_346
15.260765,14.616667,Immune-low,BEME_346
1.4665425,0.67084885,Immune-poor,BEME_346
15.260765,13.989691,Immune-low,BEME_346
54.467182,57.05564,Immune-moderate-low,BEME_346
15.260765,13.059155,Immune-low,BEME_346
7.338196,11.621421,Immune-poor,BEME_346
45.566067,47.88509,Immune-moderate-low,BEME_346
64.28651,61.09476,Immune-moderate-high,BEME_346
24.591093,27.191154,Immune-low,BEME_346
93.843414,94.96431,Immune-high,BEME_346
24.591093,23.184544,Immune-low,BEME_346
45.566067,48.50909,Immune-moderate-low,BEME_346
15.260765,15.827901,Immune-low,BEME_346
38.69574,36.213398,Immune-low,BEME_346
96.11404,101.03508,Immune-high,BEME_346
54.467182,56.57604,Immune-moderate-low,BEME_346
24.591093,16.485323,Immune-low,BEME_346
7.338196,6.7349596,Immune-poor,BEME_346
64.28651,52.725258,Immune-moderate-high,BEME_346
15.260765,13.888818,Immune-low,BEME_346
7.338196,9.659342,Immune-poor,BEME_346
45.566067,44.267387,Immune-moderate-low,BEME_346
15.260765,25.315407,Immune-low,BEME_346
7.338196,12.164658,Immune-poor,BEME_346
1.4665425,0.46375948,Immune-poor,BEME_346
64.28651,69.41268,Immune-moderate-high,BEME_346
38.69574,24.244425,Immune-low,BEME_346
7.338196,13.775164,Immune-poor,BEME_346
38.69574,38.289562,Immune-low,BEME_346
54.467182,42.110886,Immune-moderate-low,BEME_346
1.4665425,2.2187772,Immune-poor,BEME_346
96.11404,90.58988,Immune-high,BEME_346
38.69574,27.126019,Immune-low,BEME_346
7.338196,15.569189,Immune-poor,BEME_346
93.843414,80.39087,Immune-high,BEME_346
1.4665425,2.0682979,Immune-poor,BEME_346
38.69574,50.97582,Immune-low,BEME_346
1.4665425,1.6819837,Immune-poor,BEME_346
45.566067,52.336884,Immune-moderate-low,BEME_346
93.843414,98.749374,Immune-high,BEME_346
45.566067,44.232872,Immune-moderate-low,BEME_346
96.11404,50.584846,Immune-high,BEME_346
1.4665425,0.97672254,Immune-poor,BEME_346
38.69574,41.624363,Immune-low,BEME_346
54.467182,48.480907,Immune-moderate-low,BEME_346
93.843414,91.93296,Immune-high,BEME_346
38.69574,33.96765,Immune-low,BEME_346
1.4665425,3.3556485,Immune-poor,BEME_346
7.338196,8.748236,Immune-poor,BEME_346
96.11404,63.312714,Immune-high,BEME_346
38.69574,34.163006,Immune-low,BEME_346
38.69574,33.86986,Immune-low,BEME_346
7.338196,4.0252185,Immune-poor,BEME_346
1.4665425,0.634748,Immune-poor,BEME_346
15.260765,27.096487,Immune-low,BEME_346
93.843414,96.10299,Immune-high,BEME_346
96.11404,57.782574,Immune-high,BEME_346
45.566067,38.722015,Immune-moderate-low,BEME_346
7.338196,4.890588,Immune-poor,BEME_346
96.11404,58.74426,Immune-high,BEME_346
45.566067,48.291035,Immune-moderate-low,BEME_346
96.11404,68.72104,Immune-high,BEME_346
96.11404,121.29884,Immune-high,BEME_346
45.566067,49.26522,Immune-moderate-low,BEME_346
38.69574,29.565147,Immune-low,BEME_346
38.69574,51.00088,Immune-low,BEME_346
24.591093,25.892853,Immune-low,BEME_346
38.69574,47.156673,Immune-low,BEME_346
24.591093,25.953495,Immune-low,BEME_346
15.260765,11.116661,Immune-low,BEME_346
1.4665425,0.12108363,Immune-poor,BEME_346
54.467182,72.47854,Immune-moderate-low,BEME_346
64.28651,59.542694,Immune-moderate-high,BEME_346
15.260765,11.827588,Immune-low,BEME_346
54.467182,36.795452,Immune-moderate-low,BEME_346
96.11404,122.52799,Immune-high,BEME_346
38.69574,53.689217,Immune-low,BEME_346
7.338196,10.9295025,Immune-poor,BEME_346
24.591093,24.201927,Immune-low,BEME_346
15.260765,8.7103405,Immune-low,BEME_346
64.28651,60.484207,Immune-moderate-high,BEME_346
96.11404,124.44433,Immune-high,BEME_346
45.566067,54.112885,Immune-moderate-low,BEME_346
7.338196,2.649575,Immune-poor,BEME_346
24.591093,24.493513,Immune-low,BEME_346
93.843414,84.73957,Immune-high,BEME_346
45.566067,48.303814,Immune-moderate-low,BEME_346
64.28651,75.02333,Immune-moderate-high,BEME_346
54.467182,70.68078,Immune-moderate-low,BEME_346
54.467182,52.100014,Immune-moderate-low,BEME_346
45.566067,49.55809,Immune-moderate-low,BEME_346
54.467182,45.00995,Immune-moderate-low,BEME_346
93.843414,103.71152,Immune-high,BEME_346
1.4665425,1.4716563,Immune-poor,BEME_346
64.28651,55.899162,Immune-moderate-high,BEME_346
38.69574,52.839542,Immune-low,BEME_346
15.260765,15.774591,Immune-low,BEME_346
96.11404,60.88857,Immune-high,BEME_346
54.467182,48.889473,Immune-moderate-low,BEME_346
93.843414,96.67687,Immune-high,BEME_346
38.69574,60.25323,Immune-low,BEME_346
96.11404,130.77908,Immune-high,BEME_346
96.11404,96.508865,Immune-high,BEME_346
93.843414,150.95605,Immune-high,BEME_346
15.260765,19.083033,Immune-low,BEME_346
38.69574,36.607758,Immune-low,BEME_346
1.4665425,0.48311284,Immune-poor,BEME_346
64.28651,77.77973,Immune-moderate-high,BEME_346
15.260765,11.499793,Immune-low,BEME_346
96.11404,71.96923,Immune-high,BEME_346
96.11404,79.93654,Immune-high,BEME_346
15.260765,12.326555,Immune-low,BEME_346
24.591093,25.788136,Immune-low,BEME_346
1.4665425,2.7110615,Immune-poor,BEME_346
64.28651,53.968845,Immune-moderate-high,BEME_346
38.69574,52.760162,Immune-low,BEME_346
1.4665425,0.70673096,Immune-poor,BEME_346
96.11404,79.450836,Immune-high,BEME_346
64.28651,56.405384,Immune-moderate-high,BEME_346
96.11404,95.98565,Immune-high,BEME_346
96.11404,147.3727,Immune-high,BEME_346
38.69574,37.89731,Immune-low,BEME_346
96.11404,169.42934,Immune-high,BEME_346
54.467182,64.137115,Immune-moderate-low,BEME_346
45.566067,50.173096,Immune-moderate-low,BEME_346
15.260765,17.211805,Immune-low,BEME_346
15.260765,17.585018,Immune-low,BEME_346
7.338196,4.787159,Immune-poor,BEME_346
38.69574,36.398483,Immune-low,BEME_346
1.4665425,2.518914,Immune-poor,BEME_346
15.260765,13.715114,Immune-low,BEME_346
15.260765,11.939513,Immune-low,BEME_346
54.467182,56.548626,Immune-moderate-low,BEME_346
64.28651,70.55272,Immune-moderate-high,BEME_346
15.260765,13.149467,Immune-low,BEME_346
93.843414,98.76605,Immune-high,BEME_346
64.28651,67.9295,Immune-moderate-high,BEME_346
54.467182,93.107056,Immune-moderate-low,BEME_346
38.69574,31.51374,Immune-low,BEME_346
45.566067,44.71452,Immune-moderate-low,BEME_346
64.28651,64.169205,Immune-moderate-high,BEME_346
96.11404,93.08545,Immune-high,BEME_346
54.467182,57.009712,Immune-moderate-low,BEME_346
7.338196,4.6231246,Immune-poor,BEME_346
93.843414,135.74649,Immune-high,BEME_346
93.843414,83.63799,Immune-high,BEME_346
64.28651,60.765305,Immune-moderate-high,BEME_346
7.338196,5.86465,Immune-poor,BEME_346
93.843414,85.28872,Immune-high,BEME_346
64.28651,71.20592,Immune-moderate-high,BEME_346
93.843414,115.12921,Immune-high,BEME_346
54.467182,48.453827,Immune-moderate-low,BEME_346
7.338196,3.149016,Immune-poor,BEME_346
7.338196,5.616569,Immune-poor,BEME_346
54.467182,50.732937,Immune-moderate-low,BEME_346
64.28651,76.28218,Immune-moderate-high,BEME_346
96.11404,64.10902,Immune-high,BEME_346
93.843414,91.23574,Immune-high,BEME_346
38.69574,46.21586,Immune-low,BEME_346
54.467182,44.176186,Immune-moderate-low,BEME_346
15.260765,8.651674,Immune-low,BEME_346
1.4665425,1.8365574,Immune-poor,BEME_346
54.467182,57.1113,Immune-moderate-low,BEME_346
96.11404,98.892365,Immune-high,BEME_346
15.260765,20.170431,Immune-low,BEME_346
1.4665425,2.5973105,Immune-poor,BEME_346
54.467182,58.279766,Immune-moderate-low,BEME_346
38.69574,33.612167,Immune-low,BEME_346
1.4665425,0.9551869,Immune-poor,BEME_346
1.4665425,0.618945,Immune-poor,BEME_346
96.11404,95.71603,Immune-high,BEME_346
54.467182,58.73447,Immune-moderate-low,BEME_346
96.11404,95.794075,Immune-high,BEME_346
96.11404,180.12053,Immune-high,BEME_346
15.260765,14.375267,Immune-low,BEME_346
15.260765,26.141533,Immune-low,BEME_346
38.69574,33.589108,Immune-low,BEME_346
93.843414,76.91968,Immune-high,BEME_346
93.843414,87.25227,Immune-high,BEME_346
93.843414,114.87561,Immune-high,BEME_346
96.11404,81.6984,Immune-high,BEME_346
38.69574,55.593033,Immune-low,BEME_346
64.28651,58.92567,Immune-moderate-high,BEME_346
96.11404,100.48955,Immune-high,BEME_346
38.69574,33.62655,Immune-low,BEME_346
96.11404,131.82239,Immune-high,BEME_346
7.338196,5.6063614,Immune-poor,BEME_346
15.260765,18.396515,Immune-low,BEME_346
38.69574,27.363352,Immune-low,BEME_346
96.11404,130.03339,Immune-high,BEME_346
38.69574,37.964214,Immune-low,BEME_346
96.11404,173.07993,Immune-high,BEME_346
45.566067,52.455185,Immune-moderate-low,BEME_346
54.467182,57.557808,Immune-moderate-low,BEME_346
96.11404,79.65727,Immune-high,BEME_346
7.338196,2.9263413,Immune-poor,BEME_346
54.467182,55.00499,Immune-moderate-low,BEME_346
38.69574,37.924232,Immune-low,BEME_346
38.69574,35.79774,Immune-low,BEME_346
7.338196,8.193328,Immune-poor,BEME_346
1.4665425,1.8566061,Immune-poor,BEME_346
64.28651,60.746754,Immune-moderate-high,BEME_346
93.843414,81.15836,Immune-high,BEME_346
64.28651,62.403698,Immune-moderate-high,BEME_346
54.467182,67.6217,Immune-moderate-low,BEME_346
64.28651,69.153435,Immune-moderate-high,BEME_346
93.843414,96.295654,Immune-high,BEME_346
1.4665425,2.3884158,Immune-poor,BEME_346
38.69574,33.331383,Immune-low,BEME_346
93.843414,78.5491,Immune-high,BEME_346
24.591093,26.892242,Immune-low,BEME_346
54.467182,59.16646,Immune-moderate-low,BEME_346
96.11404,116.88316,Immune-high,BEME_346
64.28651,88.33702,Immune-moderate-high,BEME_346
96.11404,78.43525,Immune-high,BEME_346
45.566067,51.982376,Immune-moderate-low,BEME_346
38.69574,35.53156,Immune-low,BEME_346
54.467182,65.103065,Immune-moderate-low,BEME_346
54.467182,52.223194,Immune-moderate-low,BEME_346
15.260765,16.92982,Immune-low,BEME_346
93.843414,82.852486,Immune-high,BEME_346
93.843414,90.33361,Immune-high,BEME_346
93.843414,83.89953,Immune-high,BEME_346
64.28651,66.70331,Immune-moderate-high,BEME_346
96.11404,103.80087,Immune-high,BEME_346
38.69574,55.21566,Immune-low,BEME_346
15.260765,9.525443,Immune-low,BEME_346
45.566067,50.357166,Immune-moderate-low,BEME_346
1.4665425,2.431188,Immune-poor,BEME_346
93.843414,77.31844,Immune-high,BEME_346
64.28651,54.486378,Immune-moderate-high,BEME_346
45.566067,39.228626,Immune-moderate-low,BEME_346
64.28651,63.05508,Immune-moderate-high,BEME_346
64.28651,53.35905,Immune-moderate-high,BEME_346
15.260765,14.393405,Immune-low,BEME_346
38.69574,40.849903,Immune-low,BEME_346
64.28651,74.429306,Immune-moderate-high,BEME_346
38.69574,28.083397,Immune-low,BEME_346
96.11404,80.93165,Immune-high,BEME_346
1.4665425,2.5605905,Immune-poor,BEME_346
7.338196,4.979642,Immune-poor,BEME_346
96.11404,95.22512,Immune-high,BEME_346
7.338196,7.978623,Immune-poor,BEME_346
64.28651,59.74777,Immune-moderate-high,BEME_346
1.4665425,2.7994285,Immune-poor,BEME_346
38.69574,33.33743,Immune-low,BEME_346
96.11404,221.85326,Immune-high,BEME_346
96.11404,86.82011,Immune-high,BEME_346
15.260765,13.723609,Immune-low,BEME_346
64.28651,63.904545,Immune-moderate-high,BEME_346
15.260765,8.204625,Immune-low,BEME_346
1.4665425,0.7753698,Immune-poor,BEME_346
64.28651,62.449886,Immune-moderate-high,BEME_346
1.4665425,0.17443646,Immune-poor,BEME_346
45.566067,50.480606,Immune-moderate-low,BEME_346
7.338196,5.9950843,Immune-poor,BEME_346
1.4665425,0.7907419,Immune-poor,BEME_346
64.28651,72.888214,Immune-moderate-high,BEME_346
96.11404,78.25855,Immune-high,BEME_346
24.591093,16.651167,Immune-low,BEME_346
15.260765,12.38293,Immune-low,BEME_346
93.843414,95.40301,Immune-high,BEME_346
54.467182,46.06427,Immune-moderate-low,BEME_346
1.4665425,0.8648081,Immune-poor,BEME_346
64.28651,69.75616,Immune-moderate-high,BEME_346
54.467182,57.21125,Immune-moderate-low,BEME_346
96.11404,89.14632,Immune-high,BEME_346
38.69574,33.42834,Immune-low,BEME_346
93.843414,139.73116,Immune-high,BEME_346
7.338196,14.925999,Immune-poor,BEME_346
7.338196,4.044597,Immune-poor,BEME_346
24.591093,22.201403,Immune-low,BEME_346
54.467182,39.193428,Immune-moderate-low,BEME_346
96.11404,66.74883,Immune-high,BEME_346
38.69574,49.222492,Immune-low,BEME_346
7.338196,8.177829,Immune-poor,BEME_346
1.4665425,0.7267977,Immune-poor,BEME_346
96.11404,88.756165,Immune-high,BEME_346
45.566067,43.08865,Immune-moderate-low,BEME_346
24.591093,24.68006,Immune-low,BEME_346
93.843414,100.04512,Immune-high,BEME_346
96.11404,58.340607,Immune-high,BEME_346
93.843414,125.52777,Immune-high,BEME_346
7.338196,2.9659994,Immune-poor,BEME_346
96.11404,141.48105,Immune-high,BEME_346
1.4665425,1.2073716,Immune-poor,BEME_346
7.338196,4.99811,Immune-poor,BEME_346
15.260765,15.971383,Immune-low,BEME_346
96.11404,187.8701,Immune-high,BEME_346
45.566067,42.85608,Immune-moderate-low,BEME_346
54.467182,91.08768,Immune-moderate-low,BEME_346
64.28651,59.60586,Immune-moderate-high,BEME_346
64.28651,54.53286,Immune-moderate-high,BEME_346
96.11404,95.73675,Immune-high,BEME_346
7.338196,7.4287972,Immune-poor,BEME_346
24.591093,27.446613,Immune-low,BEME_346
54.467182,72.082085,Immune-moderate-low,BEME_346
38.69574,41.52952,Immune-low,BEME_346
54.467182,47.486423,Immune-moderate-low,BEME_346
93.843414,78.48237,Immune-high,BEME_346
64.28651,68.83106,Immune-moderate-high,BEME_346
15.260765,8.976555,Immune-low,BEME_346
24.591093,18.381208,Immune-low,BEME_346
38.69574,43.607044,Immune-low,BEME_346
38.69574,32.38433,Immune-low,BEME_346
38.69574,48.460835,Immune-low,BEME_346
96.11404,60.198975,Immune-high,BEME_346
54.467182,47.184864,Immune-moderate-low,BEME_346
54.467182,37.85717,Immune-moderate-low,BEME_346
1.4665425,0.41751042,Immune-poor,BEME_346
54.467182,42.825375,Immune-moderate-low,BEME_346
45.566067,55.33818,Immune-moderate-low,BEME_346
1.4665425,0.8062695,Immune-poor,BEME_346
93.843414,81.61995,Immune-high,BEME_346
15.260765,15.883913,Immune-low,BEME_346
7.338196,9.90019,Immune-poor,BEME_346
93.843414,74.23779,Immune-high,BEME_346
54.467182,48.492916,Immune-moderate-low,BEME_346
1.4665425,2.4414148,Immune-poor,BEME_346
96.11404,83.830315,Immune-high,BEME_346
38.69574,50.1848,Immune-low,BEME_346
15.260765,20.244616,Immune-low,BEME_346
45.566067,38.000896,Immune-moderate-low,BEME_346
45.566067,43.487938,Immune-moderate-low,BEME_346
54.467182,54.56191,Immune-moderate-low,BEME_346
15.260765,16.037855,Immune-low,BEME_346
96.11404,71.30608,Immune-high,BEME_346
7.338196,5.3074203,Immune-poor,BEME_346
45.566067,44.184353,Immune-moderate-low,BEME_346
54.467182,81.95893,Immune-moderate-low,BEME_346
64.28651,79.471146,Immune-moderate-high,BEME_346
64.28651,67.12752,Immune-moderate-high,BEME_346
7.338196,10.128976,Immune-poor,BEME_346
93.843414,93.14232,Immune-high,BEME_346
45.566067,50.041992,Immune-moderate-low,BEME_346
45.566067,47.222294,Immune-moderate-low,BEME_346
1.4665425,1.9082632,Immune-poor,BEME_346
7.338196,8.47182,Immune-poor,BEME_346
38.69574,28.092896,Immune-low,BEME_346
45.566067,42.78526,Immune-moderate-low,BEME_346
96.11404,65.597244,Immune-high,BEME_346
15.260765,7.584546,Immune-low,BEME_346
1.4665425,1.2730664,Immune-poor,BEME_346
38.69574,51.284203,Immune-low,BEME_346
45.566067,40.151295,Immune-moderate-low,BEME_346
1.4665425,0.7526941,Immune-poor,BEME_346
64.28651,55.499004,Immune-moderate-high,BEME_346
64.28651,69.17867,Immune-moderate-high,BEME_346
1.4665425,4.8948674,Immune-poor,BEME_346
15.260765,24.507036,Immune-low,BEME_346
38.69574,35.778492,Immune-low,BEME_346
96.11404,61.443855,Immune-high,BEME_346
64.28651,53.892895,Immune-moderate-high,BEME_346
38.69574,28.175587,Immune-low,BEME_346
54.467182,37.937126,Immune-moderate-low,BEME_346
7.338196,9.922503,Immune-poor,BEME_346
7.338196,15.475639,Immune-poor,BEME_346
64.28651,75.28217,Immune-moderate-high,BEME_346
93.843414,82.417305,Immune-high,BEME_346
38.69574,32.132957,Immune-low,BEME_346
7.338196,3.627096,Immune-poor,BEME_346
7.338196,5.7143435,Immune-poor,BEME_346
64.28651,64.37554,Immune-moderate-high,BEME_346
1.4665425,0.75263846,Immune-poor,BEME_346
38.69574,39.06158,Immune-low,BEME_346
1.4665425,0.8593573,Immune-poor,BEME_346
93.843414,89.433266,Immune-high,BEME_346
7.338196,4.6089897,Immune-poor,BEME_346
38.69574,53.272346,Immune-low,BEME_346
38.69574,31.078386,Immune-low,BEME_346
38.69574,37.129562,Immune-low,BEME_346
24.591093,31.246664,Immune-low,BEME_346
15.260765,13.737875,Immune-low,BEME_346
54.467182,68.724686,Immune-moderate-low,BEME_346
7.338196,16.614763,Immune-poor,BEME_346
7.338196,5.5361238,Immune-poor,BEME_346
64.28651,51.308285,Immune-moderate-high,BEME_346
45.566067,39.138374,Immune-moderate-low,BEME_346
64.28651,50.392998,Immune-moderate-high,BEME_346
96.11404,130.61165,Immune-high,BEME_346
38.69574,30.163729,Immune-low,BEME_346
15.260765,9.084353,Immune-low,BEME_346
96.11404,104.63034,Immune-high,BEME_346
96.11404,198.12411,Immune-high,BEME_346
38.69574,35.220284,Immune-low,BEME_346
64.28651,54.81145,Immune-moderate-high,BEME_346
64.28651,74.41701,Immune-moderate-high,BEME_346
1.4665425,0.902356,Immune-poor,BEME_346
54.467182,41.94488,Immune-moderate-low,BEME_346
38.69574,26.427265,Immune-low,BEME_346
45.566067,51.19119,Immune-moderate-low,BEME_346
96.11404,75.81725,Immune-high,BEME_346
7.338196,6.4685106,Immune-poor,BEME_346
7.338196,9.841367,Immune-poor,BEME_346
45.566067,42.82517,Immune-moderate-low,BEME_346
96.11404,68.58737,Immune-high,BEME_346
7.338196,9.456337,Immune-poor,BEME_346
54.467182,67.75844,Immune-moderate-low,BEME_346
7.338196,5.926616,Immune-poor,BEME_346
7.338196,9.711207,Immune-poor,BEME_346
1.4665425,0.13228329,Immune-poor,BEME_346
93.843414,113.40953,Immune-high,BEME_346
54.467182,44.18486,Immune-moderate-low,BEME_346
96.11404,117.60533,Immune-high,BEME_346
1.4665425,0.041177288,Immune-poor,BEME_346
64.28651,58.221947,Immune-moderate-high,BEME_346
38.69574,33.48261,Immune-low,BEME_346
54.467182,39.124805,Immune-moderate-low,BEME_346
45.566067,48.09397,Immune-moderate-low,BEME_346
7.338196,5.254717,Immune-poor,BEME_346
15.260765,9.782696,Immune-low,BEME_346
93.843414,117.113914,Immune-high,BEME_346
93.843414,77.32555,Immune-high,BEME_346
96.11404,85.930725,Immune-high,BEME_346
64.28651,75.66347,Immune-moderate-high,BEME_346
38.69574,31.659512,Immune-low,BEME_346
64.28651,74.67292,Immune-moderate-high,BEME_346
93.843414,78.726036,Immune-high,BEME_346
54.467182,58.293476,Immune-moderate-low,BEME_346
93.843414,87.09857,Immune-high,BEME_346
15.260765,9.9052515,Immune-low,BEME_346
64.28651,55.504196,Immune-moderate-high,BEME_346
24.591093,24.240297,Immune-low,BEME_346
24.591093,28.455204,Immune-low,BEME_346
38.69574,41.240364,Immune-low,BEME_346
93.843414,98.39476,Immune-high,BEME_346
64.28651,55.173855,Immune-moderate-high,BEME_346
24.591093,18.032234,Immune-low,BEME_346
15.260765,9.005744,Immune-low,BEME_346
38.69574,48.34915,Immune-low,BEME_346
7.338196,6.3609333,Immune-poor,BEME_346
93.843414,86.50251,Immune-high,BEME_346
15.260765,8.562842,Immune-low,BEME_346
15.260765,22.349012,Immune-low,BEME_346
7.338196,7.627987,Immune-poor,BEME_346
54.467182,63.10864,Immune-moderate-low,BEME_346
93.843414,96.575195,Immune-high,BEME_346
1.4665425,2.5609481,Immune-poor,BEME_346
54.467182,50.729477,Immune-moderate-low,BEME_346
1.4665425,0.12626573,Immune-poor,BEME_346
96.11404,87.65895,Immune-high,BEME_346
93.843414,98.863205,Immune-high,BEME_346
96.11404,69.12694,Immune-high,BEME_346
64.28651,69.454994,Immune-moderate-high,BEME_346
64.28651,56.3701,Immune-moderate-high,BEME_346
96.11404,166.24612,Immune-high,BEME_346
15.260765,18.46726,Immune-low,BEME_346
38.69574,35.5571,Immune-low,BEME_346
45.566067,43.154957,Immune-moderate-low,BEME_346
15.260765,8.843371,Immune-low,BEME_346
64.28651,56.642803,Immune-moderate-high,BEME_346
64.28651,63.49329,Immune-moderate-high,BEME_346
54.467182,64.24367,Immune-moderate-low,BEME_346
96.11404,105.18826,Immune-high,BEME_346
38.69574,34.353172,Immune-low,BEME_346
7.338196,4.9641957,Immune-poor,BEME_346
15.260765,7.7470136,Immune-low,BEME_346
45.566067,43.261852,Immune-moderate-low,BEME_346
24.591093,24.944695,Immune-low,BEME_346
93.843414,81.41651,Immune-high,BEME_346
15.260765,11.435065,Immune-low,BEME_346
45.566067,45.350338,Immune-moderate-low,BEME_346
54.467182,72.453156,Immune-moderate-low,BEME_346
96.11404,60.64496,Immune-high,BEME_346
54.467182,55.95711,Immune-moderate-low,BEME_346
93.843414,85.619965,Immune-high,BEME_346
96.11404,175.60945,Immune-high,BEME_346
38.69574,43.52861,Immune-low,BEME_346
96.11404,81.70899,Immune-high,BEME_346
64.28651,57.267757,Immune-moderate-high,BEME_346
38.69574,32.320545,Immune-low,BEME_346
1.4665425,5.317036,Immune-poor,BEME_346
96.11404,75.606,Immune-high,BEME_346
54.467182,45.74927,Immune-moderate-low,BEME_346
64.28651,68.98719,Immune-moderate-high,BEME_346
54.467182,37.88177,Immune-moderate-low,BEME_346
45.566067,43.717922,Immune-moderate-low,BEME_346
7.338196,4.6237288,Immune-poor,BEME_346
93.843414,80.55013,Immune-high,BEME_346
96.11404,74.53253,Immune-high,BEME_346
1.4665425,3.5786545,Immune-poor,BEME_346
24.591093,40.577133,Immune-low,BEME_346
15.260765,17.341991,Immune-low,BEME_346
64.28651,57.341763,Immune-moderate-high,BEME_346
64.28651,69.79766,Immune-moderate-high,BEME_346
38.69574,30.471848,Immune-low,BEME_346
64.28651,60.691925,Immune-moderate-high,BEME_346
38.69574,54.152256,Immune-low,BEME_346
38.69574,39.06965,Immune-low,BEME_346
7.338196,4.634829,Immune-poor,BEME_346
93.843414,90.63823,Immune-high,BEME_346
64.28651,55.854652,Immune-moderate-high,BEME_346
24.591093,18.694378,Immune-low,BEME_346
45.566067,51.11889,Immune-moderate-low,BEME_346
1.4665425,0.34819338,Immune-poor,BEME_346
54.467182,71.595566,Immune-moderate-low,BEME_346
64.28651,66.01626,Immune-moderate-high,BEME_346
38.69574,30.996634,Immune-low,BEME_346
1.4665425,0.503422,Immune-poor,BEME_346
93.843414,86.88179,Immune-high,BEME_346
15.260765,26.481209,Immune-low,BEME_346
24.591093,29.040178,Immune-low,BEME_346
7.338196,4.567278,Immune-poor,BEME_346
54.467182,40.675385,Immune-moderate-low,BEME_346
64.28651,58.31838,Immune-moderate-high,BEME_346
64.28651,61.023453,Immune-moderate-high,BEME_346
45.566067,49.015324,Immune-moderate-low,BEME_346
45.566067,53.104042,Immune-moderate-low,BEME_346
24.591093,21.217113,Immune-low,BEME_346
93.843414,89.33267,Immune-high,BEME_346
54.467182,37.863926,Immune-moderate-low,BEME_346
45.566067,37.129547,Immune-moderate-low,BEME_346
38.69574,55.267975,Immune-low,BEME_346
64.28651,52.70679,Immune-moderate-high,BEME_346
64.28651,59.93092,Immune-moderate-high,BEME_346
45.566067,47.686733,Immune-moderate-low,BEME_346
54.467182,47.917984,Immune-moderate-low,BEME_346
45.566067,41.101597,Immune-moderate-low,BEME_346
64.28651,55.670338,Immune-moderate-high,BEME_346
15.260765,22.258978,Immune-low,BEME_346
93.843414,75.12202,Immune-high,BEME_346
93.843414,95.53924,Immune-high,BEME_346
38.69574,28.896034,Immune-low,BEME_346
1.4665425,0.84867364,Immune-poor,BEME_346
54.467182,58.767002,Immune-moderate-low,BEME_346
38.69574,46.66543,Immune-low,BEME_346
93.843414,88.63958,Immune-high,BEME_346
93.843414,81.391304,Immune-high,BEME_346
38.69574,45.57638,Immune-low,BEME_346
64.28651,75.96966,Immune-moderate-high,BEME_346
54.467182,51.619736,Immune-moderate-low,BEME_346
96.11404,124.98703,Immune-high,BEME_346
38.69574,53.359283,Immune-low,BEME_346
96.11404,99.09714,Immune-high,BEME_346
54.467182,44.752514,Immune-moderate-low,BEME_346
54.467182,73.56177,Immune-moderate-low,BEME_346
54.467182,76.11362,Immune-moderate-low,BEME_346
96.11404,69.9319,Immune-high,BEME_346
1.4665425,2.0257454,Immune-poor,BEME_346
45.566067,42.451183,Immune-moderate-low,BEME_346
38.69574,48.968857,Immune-low,BEME_346
15.260765,8.436598,Immune-low,BEME_346
96.11404,81.3779,Immune-high,BEME_346
45.566067,37.196976,Immune-moderate-low,BEME_346
1.4665425,1.8820709,Immune-poor,BEME_346
7.338196,4.7051063,Immune-poor,BEME_346
38.69574,39.29723,Immune-low,BEME_346
96.11404,71.391594,Immune-high,BEME_346
7.338196,6.7682824,Immune-poor,BEME_346
38.69574,48.17847,Immune-low,BEME_346
24.591093,18.89075,Immune-low,BEME_346
54.467182,41.856125,Immune-moderate-low,BEME_346
64.28651,77.127525,Immune-moderate-high,BEME_346
1.4665425,2.0676334,Immune-poor,BEME_346
45.566067,50.002007,Immune-moderate-low,BEME_346
45.566067,40.924137,Immune-moderate-low,BEME_346
93.843414,112.39887,Immune-high,BEME_346
7.338196,7.076522,Immune-poor,BEME_346
93.843414,101.9949,Immune-high,BEME_346
1.4665425,1.1983813,Immune-poor,BEME_346
64.28651,61.421227,Immune-moderate-high,BEME_346
15.260765,12.208361,Immune-low,BEME_346
1.4665425,0.7590826,Immune-poor,BEME_346
38.69574,45.83034,Immune-low,BEME_346
38.69574,35.042423,Immune-low,BEME_346
24.591093,18.315798,Immune-low,BEME_346
96.11404,76.0315,Immune-high,BEME_346
1.4665425,2.6035225,Immune-poor,BEME_346
7.338196,7.313155,Immune-poor,BEME_346
1.4665425,0.5127187,Immune-poor,BEME_346
24.591093,18.304634,Immune-low,BEME_346
64.28651,64.1302,Immune-moderate-high,BEME_346
38.69574,49.40466,Immune-low,BEME_346
64.28651,72.49292,Immune-moderate-high,BEME_346
7.338196,3.2764788,Immune-poor,BEME_346
93.843414,110.1893,Immune-high,BEME_346
45.566067,41.538456,Immune-moderate-low,BEME_346
7.338196,5.318177,Immune-poor,BEME_346
96.11404,90.4313,Immune-high,BEME_346
64.28651,64.54642,Immune-moderate-high,BEME_346
64.28651,56.098434,Immune-moderate-high,BEME_346
93.843414,101.743385,Immune-high,BEME_346
38.69574,35.299316,Immune-low,BEME_346
38.69574,47.149345,Immune-low,BEME_346
45.566067,40.825073,Immune-moderate-low,BEME_346
38.69574,30.693321,Immune-low,BEME_346
45.566067,46.18584,Immune-moderate-low,BEME_346
54.467182,42.969578,Immune-moderate-low,BEME_346
38.69574,42.852497,Immune-low,BEME_346
96.11404,180.5688,Immune-high,BEME_346
1.4665425,0.11845582,Immune-poor,BEME_346
45.566067,40.407745,Immune-moderate-low,BEME_346
64.28651,62.161858,Immune-moderate-high,BEME_346
24.591093,27.670456,Immune-low,BEME_346
1.4665425,1.2697594,Immune-poor,BEME_346
38.69574,40.392845,Immune-low,BEME_346
24.591093,34.329647,Immune-low,BEME_346
7.338196,6.405323,Immune-poor,BEME_346
1.4665425,0.69319916,Immune-poor,BEME_346
96.11404,53.35078,Immune-high,BEME_346
15.260765,7.373197,Immune-low,BEME_346
15.260765,14.567953,Immune-low,BEME_346
93.843414,78.17641,Immune-high,BEME_346
93.843414,122.79532,Immune-high,BEME_346
1.4665425,1.0937418,Immune-poor,BEME_346
38.69574,35.45097,Immune-low,BEME_346
45.566067,37.49963,Immune-moderate-low,BEME_346
54.467182,38.267796,Immune-moderate-low,BEME_346
54.467182,53.81167,Immune-moderate-low,BEME_346
7.338196,11.82136,Immune-poor,BEME_346
45.566067,42.535175,Immune-moderate-low,BEME_346
7.338196,6.459489,Immune-poor,BEME_346
96.11404,120.301125,Immune-high,BEME_346
54.467182,41.513355,Immune-moderate-low,BEME_346
38.69574,51.311974,Immune-low,BEME_346
96.11404,64.21959,Immune-high,BEME_346
7.338196,11.519769,Immune-poor,BEME_346
15.260765,18.192194,Immune-low,BEME_346
64.28651,71.72479,Immune-moderate-high,BEME_346
96.11404,151.99184,Immune-high,BEME_346
96.11404,82.29466,Immune-high,BEME_346
45.566067,44.41244,Immune-moderate-low,BEME_346
45.566067,47.901665,Immune-moderate-low,BEME_346
7.338196,7.135765,Immune-poor,BEME_346
45.566067,46.910152,Immune-moderate-low,BEME_346
54.467182,68.72216,Immune-moderate-low,BEME_346
96.11404,82.22927,Immune-high,BEME_346
7.338196,7.5481243,Immune-poor,BEME_346
64.28651,61.02713,Immune-moderate-high,BEME_346
64.28651,60.41032,Immune-moderate-high,BEME_346
7.338196,10.038049,Immune-poor,BEME_346
96.11404,69.20071,Immune-high,BEME_346
38.69574,34.668564,Immune-low,BEME_346
15.260765,10.918491,Immune-low,BEME_346
54.467182,49.358074,Immune-moderate-low,BEME_346
93.843414,87.06911,Immune-high,BEME_346
15.260765,10.540776,Immune-low,BEME_346
7.338196,8.985463,Immune-poor,BEME_346
96.11404,74.10599,Immune-high,BEME_346
45.566067,54.89411,Immune-moderate-low,BEME_346
64.28651,67.96016,Immune-moderate-high,BEME_346
93.843414,82.06193,Immune-high,BEME_346
54.467182,40.876884,Immune-moderate-low,BEME_346
7.338196,4.8745785,Immune-poor,BEME_346
7.338196,10.074476,Immune-poor,BEME_346
96.11404,162.56104,Immune-high,BEME_346
1.4665425,0.12828617,Immune-poor,BEME_346
15.260765,9.945878,Immune-low,BEME_346
38.69574,30.258923,Immune-low,BEME_346
45.566067,51.027027,Immune-moderate-low,BEME_346
96.11404,111.96064,Immune-high,BEME_346
54.467182,60.501263,Immune-moderate-low,BEME_346
93.843414,102.81672,Immune-high,BEME_346
1.4665425,3.3267026,Immune-poor,BEME_346
38.69574,40.075344,Immune-low,BEME_346
15.260765,16.095753,Immune-low,BEME_346
45.566067,47.82238,Immune-moderate-low,BEME_346
38.69574,46.268147,Immune-low,BEME_346
54.467182,42.768486,Immune-moderate-low,BEME_346
54.467182,59.172092,Immune-moderate-low,BEME_346
38.69574,36.97892,Immune-low,BEME_346
64.28651,54.82714,Immune-moderate-high,BEME_346
38.69574,32.4372,Immune-low,BEME_346
64.28651,56.73094,Immune-moderate-high,BEME_346
15.260765,9.21342,Immune-low,BEME_346
7.338196,14.706627,Immune-poor,BEME_346
1.4665425,0.36779442,Immune-poor,BEME_346
15.260765,12.823285,Immune-low,BEME_346
15.260765,22.458462,Immune-low,BEME_346
15.260765,8.930988,Immune-low,BEME_346
45.566067,35.585808,Immune-moderate-low,BEME_346
93.843414,80.51338,Immune-high,BEME_346
93.843414,96.426704,Immune-high,BEME_346
45.566067,44.98324,Immune-moderate-low,BEME_346
1.4665425,4.1612716,Immune-poor,BEME_346
1.4665425,2.7389145,Immune-poor,BEME_346
15.260765,11.326505,Immune-low,BEME_346
7.338196,14.289499,Immune-poor,BEME_346
7.338196,14.129114,Immune-poor,BEME_346
96.11404,113.61491,Immune-high,BEME_346
54.467182,35.704388,Immune-moderate-low,BEME_346
96.11404,80.538895,Immune-high,BEME_346
1.4665425,1.3623383,Immune-poor,BEME_346
38.69574,23.82351,Immune-low,BEME_346
15.260765,19.129957,Immune-low,BEME_346
64.28651,51.744923,Immune-moderate-high,BEME_346
1.4665425,0.64284843,Immune-poor,BEME_346
64.28651,69.53601,Immune-moderate-high,BEME_346
1.4665425,1.5384868,Immune-poor,BEME_346
24.591093,27.48861,Immune-low,BEME_346
45.566067,44.780926,Immune-moderate-low,BEME_346
7.338196,6.1453433,Immune-poor,BEME_346
54.467182,47.352844,Immune-moderate-low,BEME_346
7.338196,4.986811,Immune-poor,BEME_346
15.260765,25.80648,Immune-low,BEME_346
96.11404,88.7573,Immune-high,BEME_346
96.11404,65.0125,Immune-high,BEME_346
15.260765,9.642,Immune-low,BEME_346
96.11404,54.90135,Immune-high,BEME_346
1.4665425,1.050004,Immune-poor,BEME_346
38.69574,41.10358,Immune-low,BEME_346
7.338196,4.683279,Immune-poor,BEME_346
1.4665425,1.5519432,Immune-poor,BEME_346
1.4665425,0.8017791,Immune-poor,BEME_346
54.467182,47.41612,Immune-moderate-low,BEME_346
64.28651,64.53725,Immune-moderate-high,BEME_346
64.28651,71.751,Immune-moderate-high,BEME_346
64.28651,58.398796,Immune-moderate-high,BEME_346
1.4665425,2.2377832,Immune-poor,BEME_346
7.338196,11.723069,Immune-poor,BEME_346
64.28651,55.915867,Immune-moderate-high,BEME_346
38.69574,32.251625,Immune-low,BEME_346
1.4665425,3.0398855,Immune-poor,BEME_346
96.11404,63.429333,Immune-high,BEME_346
1.4665425,3.769047,Immune-poor,BEME_346
24.591093,28.232046,Immune-low,BEME_346
54.467182,90.44262,Immune-moderate-low,BEME_346
96.11404,127.12552,Immune-high,BEME_346
64.28651,61.987812,Immune-moderate-high,BEME_346
93.843414,76.50422,Immune-high,BEME_346
38.69574,41.45992,Immune-low,BEME_346
7.338196,5.9812245,Immune-poor,BEME_346
54.467182,55.89721,Immune-moderate-low,BEME_346
54.467182,51.04917,Immune-moderate-low,BEME_346
1.4665425,2.685895,Immune-poor,BEME_346
54.467182,35.660095,Immune-moderate-low,BEME_346
64.28651,70.78467,Immune-moderate-high,BEME_346
1.4665425,3.2477698,Immune-poor,BEME_346
24.591093,30.912657,Immune-low,BEME_346
96.11404,121.147964,Immune-high,BEME_346
7.338196,4.833066,Immune-poor,BEME_346
45.566067,44.67695,Immune-moderate-low,BEME_346
96.11404,116.89316,Immune-high,BEME_346
45.566067,47.88794,Immune-moderate-low,BEME_346
7.338196,4.708151,Immune-poor,BEME_346
96.11404,96.06705,Immune-high,BEME_346
96.11404,78.66359,Immune-high,BEME_346
96.11404,88.22823,Immune-high,BEME_346
38.69574,25.814747,Immune-low,BEME_346
38.69574,55.16864,Immune-low,BEME_346
7.338196,4.8650737,Immune-poor,BEME_346
96.11404,107.703156,Immune-high,BEME_346
64.28651,73.87826,Immune-moderate-high,BEME_346
38.69574,39.3327,Immune-low,BEME_346
93.843414,79.9616,Immune-high,BEME_346
24.591093,22.681223,Immune-low,BEME_346
64.28651,60.21214,Immune-moderate-high,BEME_346
45.566067,46.967567,Immune-moderate-low,BEME_346
54.467182,66.14099,Immune-moderate-low,BEME_346
96.11404,80.7221,Immune-high,BEME_346
1.4665425,0.21270174,Immune-poor,BEME_346
96.11404,149.81386,Immune-high,BEME_346
38.69574,31.352072,Immune-low,BEME_346
93.843414,83.12573,Immune-high,BEME_346
64.28651,56.27243,Immune-moderate-high,BEME_346
64.28651,65.346375,Immune-moderate-high,BEME_346
7.338196,5.162298,Immune-poor,BEME_346
54.467182,56.44878,Immune-moderate-low,BEME_346
38.69574,26.376352,Immune-low,BEME_346
15.260765,24.136097,Immune-low,BEME_346
1.4665425,1.3443396,Immune-poor,BEME_346
15.260765,14.695675,Immune-low,BEME_346
1.4665425,2.3270097,Immune-poor,BEME_346
54.467182,44.941357,Immune-moderate-low,BEME_346
1.4665425,0.32762235,Immune-poor,BEME_346
64.28651,81.986046,Immune-moderate-high,BEME_346
38.69574,44.270752,Immune-low,BEME_346
7.338196,6.3352213,Immune-poor,BEME_346
45.566067,42.44233,Immune-moderate-low,BEME_346
54.467182,42.82414,Immune-moderate-low,BEME_346
96.11404,56.704414,Immune-high,BEME_346
38.69574,33.80552,Immune-low,BEME_346
96.11404,150.16696,Immune-high,BEME_346
38.69574,40.23445,Immune-low,BEME_346
54.467182,52.929005,Immune-moderate-low,BEME_346
45.566067,36.613953,Immune-moderate-low,BEME_346
54.467182,40.8442,Immune-moderate-low,BEME_346
15.260765,19.758062,Immune-low,BEME_346
7.338196,4.716483,Immune-poor,BEME_346
4.965096,2.2063744,Immune-poor,BEME_355G
43.511616,36.173676,Immune-low,BEME_355G
43.511616,52.20219,Immune-low,BEME_355G
78.33598,63.51425,Immune-moderate-low,BEME_355G
51.90031,51.785255,Immune-moderate-low,BEME_355G
20.65237,20.996853,Immune-low,BEME_355G
1.6290659,3.885885,Immune-poor,BEME_355G
25.933357,26.429674,Immune-low,BEME_355G
20.65237,34.76641,Immune-low,BEME_355G
43.511616,50.547504,Immune-low,BEME_355G
4.192695,6.480173,Immune-poor,BEME_355G
130.50667,195.13678,Immune-moderate-high,BEME_355G
130.50667,78.7084,Immune-moderate-high,BEME_355G
20.65237,34.214592,Immune-low,BEME_355G
1.6290659,2.3362207,Immune-poor,BEME_355G
1.6290659,0.48726544,Immune-poor,BEME_355G
75.91567,76.332985,Immune-moderate,BEME_355G
75.91567,90.84863,Immune-moderate,BEME_355G
1.6290659,0.8668858,Immune-poor,BEME_355G
43.511616,48.490032,Immune-low,BEME_355G
119.6919,110.51833,Immune-high,BEME_355G
20.65237,6.4427133,Immune-low,BEME_355G
130.50667,68.49877,Immune-moderate-high,BEME_355G
208.19379,221.27489,Immune-high,BEME_355G
130.50667,87.28242,Immune-moderate-high,BEME_355G
1.6290659,1.2464858,Immune-poor,BEME_355G
1.6290659,1.4147567,Immune-poor,BEME_355G
119.6919,113.69499,Immune-high,BEME_355G
119.6919,103.172874,Immune-high,BEME_355G
130.50667,167.86551,Immune-moderate-high,BEME_355G
4.965096,2.8047798,Immune-poor,BEME_355G
20.65237,39.301945,Immune-low,BEME_355G
119.6919,123.60864,Immune-high,BEME_355G
1.6290659,1.3618586,Immune-poor,BEME_355G
20.65237,24.751762,Immune-low,BEME_355G
208.19379,205.28748,Immune-high,BEME_355G
78.33598,100.56954,Immune-moderate-low,BEME_355G
4.965096,2.7127144,Immune-poor,BEME_355G
4.192695,3.059425,Immune-poor,BEME_355G
4.192695,2.727146,Immune-poor,BEME_355G
1.6290659,1.1944298,Immune-poor,BEME_355G
1.6290659,1.5410535,Immune-poor,BEME_355G
43.511616,39.658195,Immune-low,BEME_355G
1.6290659,1.7345531,Immune-poor,BEME_355G
130.50667,131.23999,Immune-moderate-high,BEME_355G
4.965096,3.2993715,Immune-poor,BEME_355G
51.90031,51.775715,Immune-moderate-low,BEME_355G
51.90031,66.69429,Immune-moderate-low,BEME_355G
43.511616,56.797325,Immune-low,BEME_355G
25.933357,20.904573,Immune-low,BEME_355G
130.50667,62.7252,Immune-moderate-high,BEME_355G
25.933357,24.94951,Immune-low,BEME_355G
119.6919,131.08472,Immune-high,BEME_355G
1.6290659,1.3121276,Immune-poor,BEME_355G
1.6290659,1.2107807,Immune-poor,BEME_355G
4.192695,2.781823,Immune-poor,BEME_355G
78.33598,120.007065,Immune-moderate-low,BEME_355G
130.50667,128.56784,Immune-moderate-high,BEME_355G
130.50667,168.03319,Immune-moderate-high,BEME_355G
51.90031,33.827114,Immune-moderate-low,BEME_355G
4.965096,11.299608,Immune-poor,BEME_355G
51.90031,51.780922,Immune-moderate-low,BEME_355G
119.6919,130.56354,Immune-high,BEME_355G
25.933357,25.02856,Immune-low,BEME_355G
75.91567,92.61426,Immune-moderate,BEME_355G
25.933357,22.929167,Immune-low,BEME_355G
1.6290659,1.6997362,Immune-poor,BEME_355G
25.933357,26.005552,Immune-low,BEME_355G
51.90031,40.101974,Immune-moderate-low,BEME_355G
75.91567,61.36717,Immune-moderate,BEME_355G
4.192695,2.280823,Immune-poor,BEME_355G
75.91567,68.41551,Immune-moderate,BEME_355G
119.6919,103.46964,Immune-high,BEME_355G
4.192695,2.8807764,Immune-poor,BEME_355G
4.965096,3.2010677,Immune-poor,BEME_355G
78.33598,72.84995,Immune-moderate-low,BEME_355G
51.90031,64.80377,Immune-moderate-low,BEME_355G
51.90031,35.9106,Immune-moderate-low,BEME_355G
20.65237,26.204239,Immune-low,BEME_355G
130.50667,115.71909,Immune-moderate-high,BEME_355G
119.6919,124.067215,Immune-high,BEME_355G
75.91567,80.8946,Immune-moderate,BEME_355G
4.192695,6.0494556,Immune-poor,BEME_355G
78.33598,66.38295,Immune-moderate-low,BEME_355G
130.50667,185.34152,Immune-moderate-high,BEME_355G
130.50667,102.63594,Immune-moderate-high,BEME_355G
43.511616,43.520584,Immune-low,BEME_355G
43.511616,50.024113,Immune-low,BEME_355G
130.50667,185.47054,Immune-moderate-high,BEME_355G
43.511616,45.266567,Immune-low,BEME_355G
4.192695,4.5586762,Immune-poor,BEME_355G
51.90031,66.444275,Immune-moderate-low,BEME_355G
4.965096,2.4681513,Immune-poor,BEME_355G
130.50667,115.99134,Immune-moderate-high,BEME_355G
130.50667,161.98828,Immune-moderate-high,BEME_355G
20.65237,20.885262,Immune-low,BEME_355G
78.33598,65.082596,Immune-moderate-low,BEME_355G
130.50667,81.60505,Immune-moderate-high,BEME_355G
119.6919,118.78711,Immune-high,BEME_355G
20.65237,9.728159,Immune-low,BEME_355G
4.192695,3.078632,Immune-poor,BEME_355G
4.965096,2.1362636,Immune-poor,BEME_355G
4.965096,9.865344,Immune-poor,BEME_355G
130.50667,124.471634,Immune-moderate-high,BEME_355G
25.933357,27.057497,Immune-low,BEME_355G
43.511616,51.687782,Immune-low,BEME_355G
51.90031,56.512196,Immune-moderate-low,BEME_355G
75.91567,99.12856,Immune-moderate,BEME_355G
51.90031,33.69174,Immune-moderate-low,BEME_355G
1.6290659,1.6259817,Immune-poor,BEME_355G
43.511616,35.692364,Immune-low,BEME_355G
1.6290659,1.8003603,Immune-poor,BEME_355G
20.65237,25.088764,Immune-low,BEME_355G
130.50667,89.567,Immune-moderate-high,BEME_355G
75.91567,82.37344,Immune-moderate,BEME_355G
4.192695,5.4997706,Immune-poor,BEME_355G
75.91567,90.85517,Immune-moderate,BEME_355G
4.965096,5.822211,Immune-poor,BEME_355G
4.965096,3.0521822,Immune-poor,BEME_355G
4.965096,4.6491466,Immune-poor,BEME_355G
130.50667,149.96341,Immune-moderate-high,BEME_355G
130.50667,84.70576,Immune-moderate-high,BEME_355G
4.965096,6.420112,Immune-poor,BEME_355G
4.192695,4.9445205,Immune-poor,BEME_355G
1.6290659,1.628681,Immune-poor,BEME_355G
25.933357,28.21288,Immune-low,BEME_355G
43.511616,36.014214,Immune-low,BEME_355G
4.965096,2.8001776,Immune-poor,BEME_355G
130.50667,64.65508,Immune-moderate-high,BEME_355G
75.91567,90.808945,Immune-moderate,BEME_355G
4.965096,2.5978823,Immune-poor,BEME_355G
4.965096,3.1758225,Immune-poor,BEME_355G
78.33598,70.19338,Immune-moderate-low,BEME_355G
130.50667,146.03633,Immune-moderate-high,BEME_355G
43.511616,43.72445,Immune-low,BEME_355G
20.65237,8.776909,Immune-low,BEME_355G
51.90031,44.73075,Immune-moderate-low,BEME_355G
1.6290659,2.557449,Immune-poor,BEME_355G
1.6290659,0.41764718,Immune-poor,BEME_355G
208.19379,268.73907,Immune-high,BEME_355G
20.65237,36.363564,Immune-low,BEME_355G
75.91567,88.26747,Immune-moderate,BEME_355G
20.65237,8.86896,Immune-low,BEME_355G
4.965096,3.770416,Immune-poor,BEME_355G
119.6919,134.21489,Immune-high,BEME_355G
119.6919,119.17954,Immune-high,BEME_355G
119.6919,138.62978,Immune-high,BEME_355G
130.50667,148.12076,Immune-moderate-high,BEME_355G
4.192695,2.4946218,Immune-poor,BEME_355G
4.965096,7.109032,Immune-poor,BEME_355G
4.965096,6.985308,Immune-poor,BEME_355G
75.91567,74.88634,Immune-moderate,BEME_355G
1.6290659,1.4916643,Immune-poor,BEME_355G
130.50667,65.02895,Immune-moderate-high,BEME_355G
130.50667,124.83165,Immune-moderate-high,BEME_355G
20.65237,21.773087,Immune-low,BEME_355G
130.50667,108.05775,Immune-moderate-high,BEME_355G
1.6290659,1.7587185,Immune-poor,BEME_355G
75.91567,77.74729,Immune-moderate,BEME_355G
4.965096,8.616519,Immune-poor,BEME_355G
119.6919,120.65792,Immune-high,BEME_355G
1.6290659,2.279429,Immune-poor,BEME_355G
43.511616,46.45253,Immune-low,BEME_355G
1.6290659,0.9665905,Immune-poor,BEME_355G
4.192695,6.5425415,Immune-poor,BEME_355G
75.91567,70.13114,Immune-moderate,BEME_355G
119.6919,122.23595,Immune-high,BEME_355G
25.933357,26.518711,Immune-low,BEME_355G
51.90031,73.40173,Immune-moderate-low,BEME_355G
20.65237,12.445165,Immune-low,BEME_355G
1.6290659,1.3213838,Immune-poor,BEME_355G
51.90031,41.189003,Immune-moderate-low,BEME_355G
20.65237,30.868599,Immune-low,BEME_355G
1.6290659,1.2947878,Immune-poor,BEME_355G
1.6290659,2.6187954,Immune-poor,BEME_355G
75.91567,85.5701,Immune-moderate,BEME_355G
20.65237,20.16438,Immune-low,BEME_355G
4.965096,4.93046,Immune-poor,BEME_355G
1.6290659,0.7020403,Immune-poor,BEME_355G
78.33598,71.98855,Immune-moderate-low,BEME_355G
1.6290659,1.1897796,Immune-poor,BEME_355G
20.65237,8.772119,Immune-low,BEME_355G
4.965096,2.5597098,Immune-poor,BEME_355G
130.50667,145.11952,Immune-moderate-high,BEME_355G
4.965096,3.74071,Immune-poor,BEME_355G
78.33598,49.822548,Immune-moderate-low,BEME_355G
20.65237,21.174406,Immune-low,BEME_355G
4.965096,3.1707263,Immune-poor,BEME_355G
4.965096,6.543171,Immune-poor,BEME_355G
4.192695,2.8507016,Immune-poor,BEME_355G
75.91567,61.813965,Immune-moderate,BEME_355G
25.933357,16.430565,Immune-low,BEME_355G
20.65237,11.100561,Immune-low,BEME_355G
51.90031,39.01903,Immune-moderate-low,BEME_355G
1.6290659,0.8708706,Immune-poor,BEME_355G
4.192695,2.2474818,Immune-poor,BEME_355G
4.965096,4.190911,Immune-poor,BEME_355G
75.91567,89.96449,Immune-moderate,BEME_355G
78.33598,86.686676,Immune-moderate-low,BEME_355G
119.6919,122.210625,Immune-high,BEME_355G
25.933357,30.984573,Immune-low,BEME_355G
130.50667,215.08131,Immune-moderate-high,BEME_355G
51.90031,35.002533,Immune-moderate-low,BEME_355G
1.6290659,1.702889,Immune-poor,BEME_355G
130.50667,181.02061,Immune-moderate-high,BEME_355G
1.6290659,1.305379,Immune-poor,BEME_355G
208.19379,225.98856,Immune-high,BEME_355G
1.6290659,1.9767368,Immune-poor,BEME_355G
1.6290659,2.1437175,Immune-poor,BEME_355G
20.65237,11.883569,Immune-low,BEME_355G
75.91567,85.194626,Immune-moderate,BEME_355G
20.65237,24.854137,Immune-low,BEME_355G
20.65237,11.129029,Immune-low,BEME_355G
130.50667,87.1227,Immune-moderate-high,BEME_355G
4.965096,2.8833256,Immune-poor,BEME_355G
119.6919,119.18245,Immune-high,BEME_355G
51.90031,51.374073,Immune-moderate-low,BEME_355G
1.6290659,1.3612711,Immune-poor,BEME_355G
1.6290659,1.5087856,Immune-poor,BEME_355G
119.6919,122.05878,Immune-high,BEME_355G
130.50667,80.12681,Immune-moderate-high,BEME_355G
20.65237,13.918344,Immune-low,BEME_355G
43.511616,35.047413,Immune-low,BEME_355G
78.33598,88.59546,Immune-moderate-low,BEME_355G
25.933357,29.587967,Immune-low,BEME_355G
1.6290659,0.23446994,Immune-poor,BEME_355G
75.91567,80.52411,Immune-moderate,BEME_355G
1.6290659,1.8898299,Immune-poor,BEME_355G
75.91567,87.34508,Immune-moderate,BEME_355G
20.65237,33.360744,Immune-low,BEME_355G
1.6290659,1.7716988,Immune-poor,BEME_355G
130.50667,239.39322,Immune-moderate-high,BEME_355G
78.33598,85.25063,Immune-moderate-low,BEME_355G
43.511616,29.280006,Immune-low,BEME_355G
119.6919,109.60933,Immune-high,BEME_355G
119.6919,110.565956,Immune-high,BEME_355G
75.91567,90.91381,Immune-moderate,BEME_355G
4.192695,2.6408002,Immune-poor,BEME_355G
25.933357,34.499382,Immune-low,BEME_355G
1.6290659,1.3865839,Immune-poor,BEME_355G
20.65237,12.436246,Immune-low,BEME_355G
130.50667,202.50636,Immune-moderate-high,BEME_355G
4.965096,10.766005,Immune-poor,BEME_355G
51.90031,50.470226,Immune-moderate-low,BEME_355G
43.511616,44.067837,Immune-low,BEME_355G
78.33598,64.1646,Immune-moderate-low,BEME_355G
4.965096,2.076817,Immune-poor,BEME_355G
119.6919,113.76642,Immune-high,BEME_355G
1.6290659,1.6797656,Immune-poor,BEME_355G
1.6290659,2.1650653,Immune-poor,BEME_355G
25.933357,30.360132,Immune-low,BEME_355G
25.933357,35.350445,Immune-low,BEME_355G
78.33598,58.810688,Immune-moderate-low,BEME_355G
51.90031,71.29088,Immune-moderate-low,BEME_355G
20.65237,25.084616,Immune-low,BEME_355G
4.965096,9.208119,Immune-poor,BEME_355G
43.511616,38.783405,Immune-low,BEME_355G
4.192695,1.9318124,Immune-poor,BEME_355G
1.6290659,1.1126791,Immune-poor,BEME_355G
43.511616,45.9533,Immune-low,BEME_355G
130.50667,235.30257,Immune-moderate-high,BEME_355G
119.6919,148.65114,Immune-high,BEME_355G
1.6290659,1.4047537,Immune-poor,BEME_355G
1.6290659,2.309985,Immune-poor,BEME_355G
78.33598,97.19214,Immune-moderate-low,BEME_355G
4.965096,2.5812168,Immune-poor,BEME_355G
51.90031,53.121162,Immune-moderate-low,BEME_355G
20.65237,20.822056,Immune-low,BEME_355G
75.91567,70.05366,Immune-moderate,BEME_355G
78.33598,83.77514,Immune-moderate-low,BEME_355G
75.91567,95.06672,Immune-moderate,BEME_355G
20.65237,9.096264,Immune-low,BEME_355G
20.65237,28.768229,Immune-low,BEME_355G
130.50667,135.15031,Immune-moderate-high,BEME_355G
1.6290659,1.8997314,Immune-poor,BEME_355G
43.511616,49.603844,Immune-low,BEME_355G
78.33598,57.997063,Immune-moderate-low,BEME_355G
43.511616,49.893253,Immune-low,BEME_355G
51.90031,68.18175,Immune-moderate-low,BEME_355G
119.6919,134.62776,Immune-high,BEME_355G
119.6919,106.73381,Immune-high,BEME_355G
78.33598,68.589554,Immune-moderate-low,BEME_355G
1.6290659,2.0510964,Immune-poor,BEME_355G
78.33598,72.21922,Immune-moderate-low,BEME_355G
75.91567,56.796326,Immune-moderate,BEME_355G
51.90031,66.659325,Immune-moderate-low,BEME_355G
1.6290659,1.2344289,Immune-poor,BEME_355G
51.90031,55.80793,Immune-moderate-low,BEME_355G
4.965096,2.341489,Immune-poor,BEME_355G
43.511616,41.951813,Immune-low,BEME_355G
75.91567,56.549488,Immune-moderate,BEME_355G
4.965096,3.179715,Immune-poor,BEME_355G
75.91567,75.42068,Immune-moderate,BEME_355G
119.6919,130.86418,Immune-high,BEME_355G
20.65237,19.639387,Immune-low,BEME_355G
1.6290659,1.7818807,Immune-poor,BEME_355G
4.965096,5.8634734,Immune-poor,BEME_355G
51.90031,51.822018,Immune-moderate-low,BEME_355G
4.965096,2.5732918,Immune-poor,BEME_355G
75.91567,65.92258,Immune-moderate,BEME_355G
130.50667,175.42598,Immune-moderate-high,BEME_355G
130.50667,281.34653,Immune-moderate-high,BEME_355G
75.91567,82.22913,Immune-moderate,BEME_355G
1.6290659,1.4209554,Immune-poor,BEME_355G
119.6919,117.67528,Immune-high,BEME_355G
43.511616,52.92669,Immune-low,BEME_355G
51.90031,70.793846,Immune-moderate-low,BEME_355G
119.6919,133.67487,Immune-high,BEME_355G
1.6290659,2.0040417,Immune-poor,BEME_355G
119.6919,134.08345,Immune-high,BEME_355G
4.965096,13.233553,Immune-poor,BEME_355G
208.19379,166.28696,Immune-high,BEME_355G
4.192695,3.7269385,Immune-poor,BEME_355G
51.90031,43.47345,Immune-moderate-low,BEME_355G
78.33598,93.15605,Immune-moderate-low,BEME_355G
75.91567,60.14256,Immune-moderate,BEME_355G
51.90031,55.800198,Immune-moderate-low,BEME_355G
1.6290659,0.9882902,Immune-poor,BEME_355G
20.65237,15.800698,Immune-low,BEME_355G
130.50667,183.85374,Immune-moderate-high,BEME_355G
75.91567,66.71096,Immune-moderate,BEME_355G
1.6290659,1.627867,Immune-poor,BEME_355G
78.33598,74.439606,Immune-moderate-low,BEME_355G
78.33598,120.34364,Immune-moderate-low,BEME_355G
25.933357,27.91812,Immune-low,BEME_355G
4.965096,2.8838956,Immune-poor,BEME_355G
4.192695,3.9436457,Immune-poor,BEME_355G
51.90031,47.142193,Immune-moderate-low,BEME_355G
119.6919,106.2658,Immune-high,BEME_355G
130.50667,150.01,Immune-moderate-high,BEME_355G
130.50667,143.53276,Immune-moderate-high,BEME_355G
4.965096,2.8662796,Immune-poor,BEME_355G
75.91567,84.403885,Immune-moderate,BEME_355G
119.6919,98.646645,Immune-high,BEME_355G
78.33598,94.59917,Immune-moderate-low,BEME_355G
75.91567,66.92768,Immune-moderate,BEME_355G
25.933357,23.86757,Immune-low,BEME_355G
4.965096,2.0673487,Immune-poor,BEME_355G
208.19379,176.39967,Immune-high,BEME_355G
130.50667,205.89136,Immune-moderate-high,BEME_355G
130.50667,238.2931,Immune-moderate-high,BEME_355G
20.65237,11.457589,Immune-low,BEME_355G
4.965096,5.772981,Immune-poor,BEME_355G
130.50667,94.53895,Immune-moderate-high,BEME_355G
130.50667,137.67906,Immune-moderate-high,BEME_355G
1.6290659,1.7196561,Immune-poor,BEME_355G
130.50667,56.10052,Immune-moderate-high,BEME_355G
4.965096,4.8197374,Immune-poor,BEME_355G
51.90031,33.448833,Immune-moderate-low,BEME_355G
4.965096,2.2183602,Immune-poor,BEME_355G
119.6919,104.45061,Immune-high,BEME_355G
75.91567,73.42319,Immune-moderate,BEME_355G
1.6290659,1.0847623,Immune-poor,BEME_355G
25.933357,38.10932,Immune-low,BEME_355G
20.65237,25.610647,Immune-low,BEME_355G
130.50667,90.71563,Immune-moderate-high,BEME_355G
4.965096,2.905057,Immune-poor,BEME_355G
20.65237,13.443233,Immune-low,BEME_355G
4.965096,5.5988436,Immune-poor,BEME_355G
75.91567,70.651,Immune-moderate,BEME_355G
1.6290659,1.6368752,Immune-poor,BEME_355G
4.965096,2.9200528,Immune-poor,BEME_355G
119.6919,139.86972,Immune-high,BEME_355G
20.65237,5.3858256,Immune-low,BEME_355G
75.91567,103.3759,Immune-moderate,BEME_355G
4.965096,7.5249596,Immune-poor,BEME_355G
130.50667,159.04903,Immune-moderate-high,BEME_355G
75.91567,65.03539,Immune-moderate,BEME_355G
75.91567,72.543655,Immune-moderate,BEME_355G
20.65237,19.811085,Immune-low,BEME_355G
4.192695,2.0971627,Immune-poor,BEME_355G
78.33598,79.914085,Immune-moderate-low,BEME_355G
1.6290659,1.8800423,Immune-poor,BEME_355G
78.33598,111.13709,Immune-moderate-low,BEME_355G
20.65237,38.393562,Immune-low,BEME_355G
1.6290659,0.7870792,Immune-poor,BEME_355G
208.19379,183.36287,Immune-high,BEME_355G
25.933357,26.713072,Immune-low,BEME_355G
43.511616,54.20773,Immune-low,BEME_355G
51.90031,48.47467,Immune-moderate-low,BEME_355G
43.511616,46.192875,Immune-low,BEME_355G
75.91567,60.122623,Immune-moderate,BEME_355G
119.6919,110.05017,Immune-high,BEME_355G
75.91567,60.36041,Immune-moderate,BEME_355G
130.50667,134.3848,Immune-moderate-high,BEME_355G
78.33598,66.71365,Immune-moderate-low,BEME_355G
1.6290659,1.2094812,Immune-poor,BEME_355G
4.965096,4.229853,Immune-poor,BEME_355G
130.50667,207.32608,Immune-moderate-high,BEME_355G
20.65237,30.666801,Immune-low,BEME_355G
130.50667,58.08182,Immune-moderate-high,BEME_355G
25.933357,20.980772,Immune-low,BEME_355G
20.65237,20.140839,Immune-low,BEME_355G
1.6290659,0.82619256,Immune-poor,BEME_355G
20.65237,6.494599,Immune-low,BEME_355G
1.6290659,1.3738074,Immune-poor,BEME_355G
43.511616,35.611603,Immune-low,BEME_355G
1.6290659,2.1018898,Immune-poor,BEME_355G
20.65237,25.086098,Immune-low,BEME_355G
75.91567,81.58005,Immune-moderate,BEME_355G
75.91567,85.806595,Immune-moderate,BEME_355G
51.90031,36.204056,Immune-moderate-low,BEME_355G
43.511616,28.664663,Immune-low,BEME_355G
51.90031,49.948063,Immune-moderate-low,BEME_355G
130.50667,164.95027,Immune-moderate-high,BEME_355G
43.511616,43.767998,Immune-low,BEME_355G
119.6919,139.78084,Immune-high,BEME_355G
25.933357,33.7127,Immune-low,BEME_355G
78.33598,74.75899,Immune-moderate-low,BEME_355G
4.192695,5.061505,Immune-poor,BEME_355G
20.65237,8.382904,Immune-low,BEME_355G
1.6290659,1.1320798,Immune-poor,BEME_355G
4.965096,5.1691184,Immune-poor,BEME_355G
1.6290659,1.4100679,Immune-poor,BEME_355G
25.933357,20.331514,Immune-low,BEME_355G
1.6290659,1.3700341,Immune-poor,BEME_355G
51.90031,55.27107,Immune-moderate-low,BEME_355G
1.6290659,1.2049235,Immune-poor,BEME_355G
20.65237,29.502218,Immune-low,BEME_355G
130.50667,57.25471,Immune-moderate-high,BEME_355G
4.965096,3.5802703,Immune-poor,BEME_355G
25.933357,26.103678,Immune-low,BEME_355G
20.65237,21.11523,Immune-low,BEME_355G
20.65237,20.911264,Immune-low,BEME_355G
20.65237,14.8551,Immune-low,BEME_355G
130.50667,57.990963,Immune-moderate-high,BEME_355G
1.6290659,2.0173314,Immune-poor,BEME_355G
119.6919,118.369774,Immune-high,BEME_355G
20.65237,16.683025,Immune-low,BEME_355G
4.965096,2.766608,Immune-poor,BEME_355G
1.6290659,1.8200593,Immune-poor,BEME_355G
1.6290659,1.3196744,Immune-poor,BEME_355G
20.65237,18.456327,Immune-low,BEME_355G
43.511616,36.102333,Immune-low,BEME_355G
78.33598,80.766655,Immune-moderate-low,BEME_355G
78.33598,74.56843,Immune-moderate-low,BEME_355G
1.6290659,1.5318581,Immune-poor,BEME_355G
4.192695,5.9042745,Immune-poor,BEME_355G
75.91567,61.371334,Immune-moderate,BEME_355G
20.65237,15.303282,Immune-low,BEME_355G
130.50667,140.66505,Immune-moderate-high,BEME_355G
119.6919,98.3568,Immune-high,BEME_355G
1.6290659,0.5469786,Immune-poor,BEME_355G
43.511616,49.006714,Immune-low,BEME_355G
78.33598,67.68585,Immune-moderate-low,BEME_355G
43.511616,49.14713,Immune-low,BEME_355G
119.6919,116.61189,Immune-high,BEME_355G
1.6290659,2.3944018,Immune-poor,BEME_355G
130.50667,154.06647,Immune-moderate-high,BEME_355G
1.6290659,2.1845605,Immune-poor,BEME_355G
75.91567,67.60193,Immune-moderate,BEME_355G
20.65237,33.57227,Immune-low,BEME_355G
25.933357,26.399084,Immune-low,BEME_355G
1.6290659,2.0535932,Immune-poor,BEME_355G
43.511616,44.199184,Immune-low,BEME_355G
75.91567,62.032154,Immune-moderate,BEME_355G
1.6290659,1.8792518,Immune-poor,BEME_355G
20.65237,9.024172,Immune-low,BEME_355G
51.90031,64.92693,Immune-moderate-low,BEME_355G
1.6290659,1.3923423,Immune-poor,BEME_355G
25.933357,28.044882,Immune-low,BEME_355G
130.50667,155.32204,Immune-moderate-high,BEME_355G
75.91567,90.30041,Immune-moderate,BEME_355G
1.6290659,2.1938672,Immune-poor,BEME_355G
1.6290659,2.5180879,Immune-poor,BEME_355G
51.90031,60.959328,Immune-moderate-low,BEME_355G
20.65237,22.35163,Immune-low,BEME_355G
78.33598,57.222855,Immune-moderate-low,BEME_355G
119.6919,146.22806,Immune-high,BEME_355G
1.6290659,1.2300345,Immune-poor,BEME_355G
130.50667,175.58284,Immune-moderate-high,BEME_355G
20.65237,9.0190325,Immune-low,BEME_355G
78.33598,95.284294,Immune-moderate-low,BEME_355G
78.33598,118.41247,Immune-moderate-low,BEME_355G
4.965096,3.08428,Immune-poor,BEME_355G
43.511616,51.984943,Immune-low,BEME_355G
43.511616,33.16633,Immune-low,BEME_355G
1.6290659,1.3140953,Immune-poor,BEME_355G
75.91567,89.121925,Immune-moderate,BEME_355G
4.192695,2.830675,Immune-poor,BEME_355G
4.965096,2.965376,Immune-poor,BEME_355G
75.91567,89.805115,Immune-moderate,BEME_355G
130.50667,151.68704,Immune-moderate-high,BEME_355G
1.6290659,1.2067757,Immune-poor,BEME_355G
4.965096,8.324197,Immune-poor,BEME_355G
25.933357,30.862728,Immune-low,BEME_355G
119.6919,124.6466,Immune-high,BEME_355G
130.50667,120.71386,Immune-moderate-high,BEME_355G
119.6919,140.07635,Immune-high,BEME_355G
130.50667,143.08504,Immune-moderate-high,BEME_355G
1.6290659,2.513329,Immune-poor,BEME_355G
119.6919,107.14009,Immune-high,BEME_355G
4.965096,8.001049,Immune-poor,BEME_355G
130.50667,153.86865,Immune-moderate-high,BEME_355G
51.90031,60.36632,Immune-moderate-low,BEME_355G
75.91567,88.11613,Immune-moderate,BEME_355G
1.6290659,1.9309441,Immune-poor,BEME_355G
78.33598,84.490074,Immune-moderate-low,BEME_355G
4.965096,4.908992,Immune-poor,BEME_355G
51.90031,47.93828,Immune-moderate-low,BEME_355G
1.6290659,2.0800722,Immune-poor,BEME_355G
25.933357,29.982962,Immune-low,BEME_355G
75.91567,84.76413,Immune-moderate,BEME_355G
43.511616,32.516636,Immune-low,BEME_355G
4.965096,2.7757885,Immune-poor,BEME_355G
1.6290659,0.9227312,Immune-poor,BEME_355G
20.65237,11.8974,Immune-low,BEME_355G
119.6919,138.62825,Immune-high,BEME_355G
1.6290659,2.283682,Immune-poor,BEME_355G
1.6290659,1.9426982,Immune-poor,BEME_355G
1.6290659,2.2032456,Immune-poor,BEME_355G
51.90031,40.981194,Immune-moderate-low,BEME_355G
1.6290659,2.6748676,Immune-poor,BEME_355G
119.6919,116.35391,Immune-high,BEME_355G
1.6290659,1.7856941,Immune-poor,BEME_355G
51.90031,45.02417,Immune-moderate-low,BEME_355G
4.965096,5.194702,Immune-poor,BEME_355G
25.933357,20.61132,Immune-low,BEME_355G
119.6919,129.97513,Immune-high,BEME_355G
1.6290659,2.8037074,Immune-poor,BEME_355G
208.19379,243.54504,Immune-high,BEME_355G
1.6290659,2.0225024,Immune-poor,BEME_355G
51.90031,57.428223,Immune-moderate-low,BEME_355G
75.91567,66.039825,Immune-moderate,BEME_355G
119.6919,121.11089,Immune-high,BEME_355G
130.50667,123.06347,Immune-moderate-high,BEME_355G
20.65237,39.421097,Immune-low,BEME_355G
1.6290659,1.6658988,Immune-poor,BEME_355G
4.965096,3.9216278,Immune-poor,BEME_355G
4.965096,2.432285,Immune-poor,BEME_355G
1.6290659,1.8900101,Immune-poor,BEME_355G
4.965096,2.5120711,Immune-poor,BEME_355G
1.6290659,1.4057062,Immune-poor,BEME_355G
25.933357,27.363522,Immune-low,BEME_355G
43.511616,39.662422,Immune-low,BEME_355G
1.6290659,1.5706724,Immune-poor,BEME_355G
20.65237,22.589283,Immune-low,BEME_355G
75.91567,72.242256,Immune-moderate,BEME_355G
119.6919,100.320076,Immune-high,BEME_355G
130.50667,81.48321,Immune-moderate-high,BEME_355G
130.50667,241.25674,Immune-moderate-high,BEME_355G
1.6290659,1.641846,Immune-poor,BEME_355G
20.65237,25.831444,Immune-low,BEME_355G
4.965096,9.304911,Immune-poor,BEME_355G
1.6290659,0.835601,Immune-poor,BEME_355G
1.6290659,0.59322494,Immune-poor,BEME_355G
1.6290659,2.2213435,Immune-poor,BEME_355G
75.91567,77.63277,Immune-moderate,BEME_355G
51.90031,69.92212,Immune-moderate-low,BEME_355G
78.33598,76.51731,Immune-moderate-low,BEME_355G
130.50667,145.16235,Immune-moderate-high,BEME_355G
51.90031,53.44407,Immune-moderate-low,BEME_355G
20.65237,23.163046,Immune-low,BEME_355G
119.6919,106.45433,Immune-high,BEME_355G
75.91567,84.75101,Immune-moderate,BEME_355G
51.90031,56.6971,Immune-moderate-low,BEME_355G
119.6919,137.37204,Immune-high,BEME_355G
78.33598,102.781204,Immune-moderate-low,BEME_355G
4.192695,4.0597353,Immune-poor,BEME_355G
75.91567,56.42729,Immune-moderate,BEME_355G
51.90031,69.75366,Immune-moderate-low,BEME_355G
208.19379,172.05498,Immune-high,BEME_355G
43.511616,38.881474,Immune-low,BEME_355G
4.965096,2.159438,Immune-poor,BEME_355G
4.965096,10.452977,Immune-poor,BEME_355G
4.965096,2.4657893,Immune-poor,BEME_355G
119.6919,114.88072,Immune-high,BEME_355G
43.511616,48.632618,Immune-low,BEME_355G
78.33598,108.96957,Immune-moderate-low,BEME_355G
130.50667,70.61636,Immune-moderate-high,BEME_355G
51.90031,51.467793,Immune-moderate-low,BEME_355G
4.965096,14.221439,Immune-poor,BEME_355G
4.192695,3.9089673,Immune-poor,BEME_355G
4.965096,3.2149417,Immune-poor,BEME_355G
4.192695,4.505718,Immune-poor,BEME_355G
78.33598,96.94212,Immune-moderate-low,BEME_355G
1.6290659,0.74700075,Immune-poor,BEME_355G
4.965096,3.2642558,Immune-poor,BEME_355G
4.965096,7.0935073,Immune-poor,BEME_355G
20.65237,34.411182,Immune-low,BEME_355G
20.65237,14.593281,Immune-low,BEME_355G
1.6290659,2.5717325,Immune-poor,BEME_355G
4.965096,4.3083773,Immune-poor,BEME_355G
1.6290659,1.1230575,Immune-poor,BEME_355G
20.65237,16.877855,Immune-low,BEME_355G
75.91567,95.62272,Immune-moderate,BEME_355G
51.90031,52.693222,Immune-moderate-low,BEME_355G
78.33598,83.7104,Immune-moderate-low,BEME_355G
1.6290659,1.3520099,Immune-poor,BEME_355G
119.6919,97.00292,Immune-high,BEME_355G
20.65237,9.578228,Immune-low,BEME_355G
130.50667,151.7952,Immune-moderate-high,BEME_355G
75.91567,67.116455,Immune-moderate,BEME_355G
1.6290659,0.52148706,Immune-poor,BEME_355G
4.965096,2.2799404,Immune-poor,BEME_355G
25.933357,25.69387,Immune-low,BEME_355G
75.91567,76.4517,Immune-moderate,BEME_355G
20.65237,14.302872,Immune-low,BEME_355G
20.65237,11.386219,Immune-low,BEME_355G
75.91567,84.71183,Immune-moderate,BEME_355G
208.19379,162.74684,Immune-high,BEME_355G
75.91567,76.022865,Immune-moderate,BEME_355G
1.6290659,2.2039182,Immune-poor,BEME_355G
208.19379,169.06583,Immune-high,BEME_355G
78.33598,67.90526,Immune-moderate-low,BEME_355G
25.933357,26.72988,Immune-low,BEME_355G
1.6290659,2.0903606,Immune-poor,BEME_355G
78.33598,55.14746,Immune-moderate-low,BEME_355G
1.6290659,1.1468323,Immune-poor,BEME_355G
20.65237,22.221508,Immune-low,BEME_355G
78.33598,97.95416,Immune-moderate-low,BEME_355G
1.6290659,1.2936268,Immune-poor,BEME_355G
78.33598,79.61027,Immune-moderate-low,BEME_355G
1.6290659,1.1585044,Immune-poor,BEME_355G
78.33598,84.809364,Immune-moderate-low,BEME_355G
20.65237,15.941329,Immune-low,BEME_355G
43.511616,48.240356,Immune-low,BEME_355G
20.65237,38.75495,Immune-low,BEME_355G
1.6290659,2.066852,Immune-poor,BEME_355G
51.90031,53.06776,Immune-moderate-low,BEME_355G
130.50667,121.033356,Immune-moderate-high,BEME_355G
1.6290659,1.2780703,Immune-poor,BEME_355G
4.965096,3.4935582,Immune-poor,BEME_355G
43.511616,30.182947,Immune-low,BEME_355G
1.6290659,2.0217845,Immune-poor,BEME_355G
130.50667,180.90927,Immune-moderate-high,BEME_355G
20.65237,13.468601,Immune-low,BEME_355G
78.33598,76.87141,Immune-moderate-low,BEME_355G
75.91567,64.94465,Immune-moderate,BEME_355G
119.6919,136.33571,Immune-high,BEME_355G
75.91567,94.5701,Immune-moderate,BEME_355G
51.90031,37.97001,Immune-moderate-low,BEME_355G
119.6919,108.16011,Immune-high,BEME_355G
119.6919,98.80315,Immune-high,BEME_355G
4.965096,3.984021,Immune-poor,BEME_355G
75.91567,96.50262,Immune-moderate,BEME_355G
4.192695,4.145587,Immune-poor,BEME_355G
4.965096,10.977691,Immune-poor,BEME_355G
20.65237,21.268581,Immune-low,BEME_355G
51.90031,62.452675,Immune-moderate-low,BEME_355G
1.6290659,1.7910239,Immune-poor,BEME_355G
4.965096,3.4540687,Immune-poor,BEME_355G
75.91567,84.46408,Immune-moderate,BEME_355G
130.50667,184.09613,Immune-moderate-high,BEME_355G
78.33598,63.25995,Immune-moderate-low,BEME_355G
25.933357,16.034203,Immune-low,BEME_355G
78.33598,94.56975,Immune-moderate-low,BEME_355G
43.511616,40.74834,Immune-low,BEME_355G
78.33598,68.05958,Immune-moderate-low,BEME_355G
20.65237,36.93636,Immune-low,BEME_355G
1.6290659,0.5064113,Immune-poor,BEME_355G
130.50667,99.46192,Immune-moderate-high,BEME_355G
20.65237,11.063278,Immune-low,BEME_355G
51.90031,41.96852,Immune-moderate-low,BEME_355G
130.50667,71.41379,Immune-moderate-high,BEME_355G
119.6919,100.96748,Immune-high,BEME_355G
78.33598,76.09918,Immune-moderate-low,BEME_355G
78.33598,94.037766,Immune-moderate-low,BEME_355G
51.90031,42.554283,Immune-moderate-low,BEME_355G
130.50667,81.67391,Immune-moderate-high,BEME_355G
4.192695,3.6507404,Immune-poor,BEME_355G
25.933357,20.640385,Immune-low,BEME_355G
130.50667,130.65952,Immune-moderate-high,BEME_355G
43.511616,56.964157,Immune-low,BEME_355G
119.6919,129.31366,Immune-high,BEME_355G
119.6919,110.09154,Immune-high,BEME_355G
51.90031,52.46453,Immune-moderate-low,BEME_355G
130.50667,76.76036,Immune-moderate-high,BEME_355G
1.6290659,1.699123,Immune-poor,BEME_355G
4.192695,1.847081,Immune-poor,BEME_355G
20.65237,12.624244,Immune-low,BEME_355G
4.965096,7.0202413,Immune-poor,BEME_355G
25.933357,20.572435,Immune-low,BEME_355G
130.50667,130.61378,Immune-moderate-high,BEME_355G
43.511616,41.171482,Immune-low,BEME_355G
1.6290659,1.173475,Immune-poor,BEME_355G
43.511616,33.83999,Immune-low,BEME_355G
78.33598,95.87771,Immune-moderate-low,BEME_355G
130.50667,154.07138,Immune-moderate-high,BEME_355G
51.90031,37.50706,Immune-moderate-low,BEME_355G
4.965096,3.0399914,Immune-poor,BEME_355G
119.6919,129.83128,Immune-high,BEME_355G
130.50667,115.17233,Immune-moderate-high,BEME_355G
75.91567,87.8949,Immune-moderate,BEME_355G
43.511616,46.635418,Immune-low,BEME_355G
75.91567,76.476204,Immune-moderate,BEME_355G
119.6919,108.587234,Immune-high,BEME_355G
4.965096,11.495232,Immune-poor,BEME_355G
20.65237,15.185149,Immune-low,BEME_355G
43.511616,37.939194,Immune-low,BEME_355G
78.33598,59.796524,Immune-moderate-low,BEME_355G
20.65237,16.605286,Immune-low,BEME_355G
130.50667,121.65719,Immune-moderate-high,BEME_355G
51.90031,42.304794,Immune-moderate-low,BEME_355G
1.6290659,0.8115,Immune-poor,BEME_355G
20.65237,18.26313,Immune-low,BEME_355G
78.33598,49.41976,Immune-moderate-low,BEME_355G
4.965096,2.857177,Immune-poor,BEME_355G
51.90031,55.953293,Immune-moderate-low,BEME_355G
4.965096,2.9630377,Immune-poor,BEME_355G
4.192695,3.39857,Immune-poor,BEME_355G
51.90031,52.29111,Immune-moderate-low,BEME_355G
130.50667,161.22098,Immune-moderate-high,BEME_355G
75.91567,65.45397,Immune-moderate,BEME_355G
4.965096,4.087038,Immune-poor,BEME_355G
4.965096,3.2694297,Immune-poor,BEME_355G
1.6290659,2.0133386,Immune-poor,BEME_355G
4.965096,5.3298454,Immune-poor,BEME_355G
1.6290659,0.72013193,Immune-poor,BEME_355G
4.965096,3.078113,Immune-poor,BEME_355G
78.33598,63.892838,Immune-moderate-low,BEME_355G
78.33598,62.324474,Immune-moderate-low,BEME_355G
1.6290659,1.3313093,Immune-poor,BEME_355G
4.192695,6.643423,Immune-poor,BEME_355G
1.6290659,1.2251985,Immune-poor,BEME_355G
4.965096,3.306538,Immune-poor,BEME_355G
51.90031,42.73164,Immune-moderate-low,BEME_355G
1.6290659,1.5011008,Immune-poor,BEME_355G
130.50667,80.42266,Immune-moderate-high,BEME_355G
75.91567,78.643776,Immune-moderate,BEME_355G
1.6290659,2.2323048,Immune-poor,BEME_355G
4.192695,2.9890873,Immune-poor,BEME_355G
4.192695,6.327528,Immune-poor,BEME_355G
51.90031,55.82775,Immune-moderate-low,BEME_355G
130.50667,181.52126,Immune-moderate-high,BEME_355G
130.50667,67.89065,Immune-moderate-high,BEME_355G
43.511616,41.29939,Immune-low,BEME_355G
75.91567,88.45894,Immune-moderate,BEME_355G
119.6919,126.60227,Immune-high,BEME_355G
20.65237,17.772947,Immune-low,BEME_355G
25.933357,14.438296,Immune-low,BEME_355G
130.50667,137.65727,Immune-moderate-high,BEME_355G
130.50667,120.154,Immune-moderate-high,BEME_355G
43.511616,49.817997,Immune-low,BEME_355G
1.6290659,1.0837313,Immune-poor,BEME_355G
1.6290659,1.8289462,Immune-poor,BEME_355G
130.50667,82.35196,Immune-moderate-high,BEME_355G
51.90031,47.30922,Immune-moderate-low,BEME_355G
1.6290659,1.2309979,Immune-poor,BEME_355G
43.511616,42.593876,Immune-low,BEME_355G
78.33598,103.80657,Immune-moderate-low,BEME_355G
43.511616,36.650078,Immune-low,BEME_355G
119.6919,111.765816,Immune-high,BEME_355G
4.965096,2.5052016,Immune-poor,BEME_355G
75.91567,78.21393,Immune-moderate,BEME_355G
1.6290659,1.6291775,Immune-poor,BEME_355G
51.90031,35.998787,Immune-moderate-low,BEME_355G
4.192695,5.011996,Immune-poor,BEME_355G
20.65237,39.05427,Immune-low,BEME_355G
78.33598,104.17528,Immune-moderate-low,BEME_355G
130.50667,137.01547,Immune-moderate-high,BEME_355G
20.65237,14.436834,Immune-low,BEME_355G
20.65237,28.480145,Immune-low,BEME_355G
1.6290659,1.4259137,Immune-poor,BEME_355G
130.50667,149.28624,Immune-moderate-high,BEME_355G
4.965096,4.927269,Immune-poor,BEME_355G
75.91567,70.98565,Immune-moderate,BEME_355G
51.90031,67.19013,Immune-moderate-low,BEME_355G
119.6919,115.08417,Immune-high,BEME_355G
1.6290659,1.4747727,Immune-poor,BEME_355G
4.192695,3.1089582,Immune-poor,BEME_355G
119.6919,123.74473,Immune-high,BEME_355G
78.33598,92.080154,Immune-moderate-low,BEME_355G
208.19379,207.75427,Immune-high,BEME_355G
20.65237,34.730267,Immune-low,BEME_355G
4.192695,2.0833702,Immune-poor,BEME_355G
75.91567,63.850273,Immune-moderate,BEME_355G
20.65237,17.345964,Immune-low,BEME_355G
130.50667,167.35484,Immune-moderate-high,BEME_355G
75.91567,79.841286,Immune-moderate,BEME_355G
208.19379,204.7233,Immune-high,BEME_355G
4.965096,6.155738,Immune-poor,BEME_355G
25.933357,15.712935,Immune-low,BEME_355G
43.511616,43.17471,Immune-low,BEME_355G
75.91567,68.59721,Immune-moderate,BEME_355G
78.33598,64.96695,Immune-moderate-low,BEME_355G
130.50667,193.61168,Immune-moderate-high,BEME_355G
1.6290659,1.3269329,Immune-poor,BEME_355G
4.965096,3.5288148,Immune-poor,BEME_355G
75.91567,66.75561,Immune-moderate,BEME_355G
51.90031,62.74684,Immune-moderate-low,BEME_355G
1.6290659,1.1764344,Immune-poor,BEME_355G
20.65237,23.970161,Immune-low,BEME_355G
20.65237,30.074158,Immune-low,BEME_355G
4.965096,2.837218,Immune-poor,BEME_355G
78.33598,81.3331,Immune-moderate-low,BEME_355G
1.6290659,2.0559406,Immune-poor,BEME_355G
43.511616,39.355717,Immune-low,BEME_355G
78.33598,80.77336,Immune-moderate-low,BEME_355G
208.19379,166.26068,Immune-high,BEME_355G
43.511616,50.90177,Immune-low,BEME_355G
130.50667,168.24113,Immune-moderate-high,BEME_355G
208.19379,184.13576,Immune-high,BEME_355G
75.91567,61.236317,Immune-moderate,BEME_355G
75.91567,68.518265,Immune-moderate,BEME_355G
130.50667,91.98925,Immune-moderate-high,BEME_355G
78.33598,72.76813,Immune-moderate-low,BEME_355G
43.511616,32.734398,Immune-low,BEME_355G
75.91567,76.184105,Immune-moderate,BEME_355G
75.91567,91.13051,Immune-moderate,BEME_355G
1.6290659,1.8204428,Immune-poor,BEME_355G
4.192695,8.971571,Immune-poor,BEME_355G
51.90031,72.32276,Immune-moderate-low,BEME_355G
78.33598,55.09846,Immune-moderate-low,BEME_355G
51.90031,41.88395,Immune-moderate-low,BEME_355G
51.90031,52.291218,Immune-moderate-low,BEME_355G
51.90031,64.3314,Immune-moderate-low,BEME_355G
1.6290659,1.9132001,Immune-poor,BEME_355G
208.19379,238.02611,Immune-high,BEME_355G
4.965096,5.752079,Immune-poor,BEME_355G
25.933357,34.695175,Immune-low,BEME_355G
20.65237,21.461973,Immune-low,BEME_355G
75.91567,90.55653,Immune-moderate,BEME_355G
130.50667,122.15161,Immune-moderate-high,BEME_355G
119.6919,150.97963,Immune-high,BEME_355G
4.965096,3.7631927,Immune-poor,BEME_355G
1.6290659,1.8074386,Immune-poor,BEME_355G
1.6290659,1.6804664,Immune-poor,BEME_355G
4.965096,2.9963682,Immune-poor,BEME_355G
1.6290659,2.3381069,Immune-poor,BEME_355G
51.90031,43.792507,Immune-moderate-low,BEME_355G
119.6919,137.21281,Immune-high,BEME_355G
130.50667,95.27257,Immune-moderate-high,BEME_355G
1.6290659,1.4280794,Immune-poor,BEME_355G
130.50667,186.2685,Immune-moderate-high,BEME_355G
20.65237,18.939335,Immune-low,BEME_355G
1.6290659,0.48178568,Immune-poor,BEME_355G
4.192695,5.661849,Immune-poor,BEME_355G
20.65237,18.761354,Immune-low,BEME_355G
1.6290659,2.338026,Immune-poor,BEME_355G
4.965096,2.0929904,Immune-poor,BEME_355G
78.33598,78.595345,Immune-moderate-low,BEME_355G
130.50667,104.89078,Immune-moderate-high,BEME_355G
20.65237,7.9667606,Immune-low,BEME_355G
119.6919,133.34392,Immune-high,BEME_355G
20.65237,21.600046,Immune-low,BEME_355G
130.50667,162.82146,Immune-moderate-high,BEME_355G
25.933357,29.34063,Immune-low,BEME_355G
130.50667,112.60719,Immune-moderate-high,BEME_355G
20.65237,43.107292,Immune-low,BEME_355G
4.965096,5.3492384,Immune-poor,BEME_355G
4.192695,4.1498237,Immune-poor,BEME_355G
119.6919,142.75029,Immune-high,BEME_355G
1.6290659,1.7534715,Immune-poor,BEME_355G
78.33598,50.261864,Immune-moderate-low,BEME_355G
130.50667,122.46899,Immune-moderate-high,BEME_355G
75.91567,61.76657,Immune-moderate,BEME_355G
1.6290659,2.4397671,Immune-poor,BEME_355G
20.65237,18.718248,Immune-low,BEME_355G
1.6290659,1.350386,Immune-poor,BEME_355G
130.50667,75.64859,Immune-moderate-high,BEME_355G
75.91567,58.77479,Immune-moderate,BEME_355G
4.965096,8.952093,Immune-poor,BEME_355G
119.6919,134.07497,Immune-high,BEME_355G
78.33598,70.315926,Immune-moderate-low,BEME_355G
119.6919,122.721214,Immune-high,BEME_355G
1.6290659,2.1267862,Immune-poor,BEME_355G
75.91567,101.071785,Immune-moderate,BEME_355G
4.192695,2.925482,Immune-poor,BEME_355G
51.90031,60.04822,Immune-moderate-low,BEME_355G
78.33598,109.57694,Immune-moderate-low,BEME_355G
78.33598,108.54212,Immune-moderate-low,BEME_355G
4.965096,2.6054287,Immune-poor,BEME_355G
4.965096,3.8697662,Immune-poor,BEME_355G
4.965096,11.957501,Immune-poor,BEME_355G
1.6290659,1.7154037,Immune-poor,BEME_355G
130.50667,64.48264,Immune-moderate-high,BEME_355G
1.6290659,1.3529142,Immune-poor,BEME_355G
130.50667,86.9029,Immune-moderate-high,BEME_355G
4.965096,8.23025,Immune-poor,BEME_355G
1.6290659,0.9824789,Immune-poor,BEME_355G
4.965096,2.6425421,Immune-poor,BEME_355G
130.50667,208.87535,Immune-moderate-high,BEME_355G
43.511616,55.653004,Immune-low,BEME_355G
1.6290659,0.6084859,Immune-poor,BEME_355G
4.965096,4.0912423,Immune-poor,BEME_355G
51.90031,54.829586,Immune-moderate-low,BEME_355G
119.6919,108.21864,Immune-high,BEME_355G
4.965096,3.034177,Immune-poor,BEME_355G
25.933357,31.429958,Immune-low,BEME_355G
25.933357,28.890821,Immune-low,BEME_355G
4.965096,11.789272,Immune-poor,BEME_355G
20.65237,17.082167,Immune-low,BEME_355G
1.6290659,1.2237316,Immune-poor,BEME_355G
25.933357,17.831005,Immune-low,BEME_355G
1.6290659,1.127611,Immune-poor,BEME_355G
78.33598,95.92746,Immune-moderate-low,BEME_355G
20.65237,19.203173,Immune-low,BEME_355G
20.65237,37.414986,Immune-low,BEME_355G
130.50667,254.48842,Immune-moderate-high,BEME_355G
1.6290659,1.430768,Immune-poor,BEME_355G
4.965096,2.545421,Immune-poor,BEME_355G
130.50667,93.490395,Immune-moderate-high,BEME_355G
1.6290659,1.3098396,Immune-poor,BEME_355G
20.65237,11.252337,Immune-low,BEME_355G
1.6290659,2.8240073,Immune-poor,BEME_355G
78.33598,85.06721,Immune-moderate-low,BEME_355G
119.6919,106.944565,Immune-high,BEME_355G
4.965096,6.8795247,Immune-poor,BEME_355G
119.6919,151.91301,Immune-high,BEME_355G
51.90031,44.234234,Immune-moderate-low,BEME_355G
78.33598,84.91416,Immune-moderate-low,BEME_355G
4.965096,2.9143143,Immune-poor,BEME_355G
75.91567,73.50391,Immune-moderate,BEME_355G
130.50667,99.47047,Immune-moderate-high,BEME_355G
78.33598,73.937546,Immune-moderate-low,BEME_355G
25.933357,17.217743,Immune-low,BEME_355G
20.65237,10.183774,Immune-low,BEME_355G
130.50667,86.69948,Immune-moderate-high,BEME_355G
43.511616,32.870308,Immune-low,BEME_355G
43.511616,36.66429,Immune-low,BEME_355G
20.65237,15.5015135,Immune-low,BEME_355G
1.6290659,1.7208495,Immune-poor,BEME_355G
1.6290659,1.2593998,Immune-poor,BEME_355G
119.6919,151.15149,Immune-high,BEME_355G
4.965096,2.551079,Immune-poor,BEME_355G
119.6919,143.70299,Immune-high,BEME_355G
1.6290659,1.5181916,Immune-poor,BEME_355G
130.50667,64.461,Immune-moderate-high,BEME_355G
75.91567,90.97862,Immune-moderate,BEME_355G
130.50667,108.47651,Immune-moderate-high,BEME_355G
4.965096,2.5583858,Immune-poor,BEME_355G
78.33598,104.27903,Immune-moderate-low,BEME_355G
51.90031,45.3936,Immune-moderate-low,BEME_355G
20.65237,6.38801,Immune-low,BEME_355G
51.90031,47.720688,Immune-moderate-low,BEME_355G
1.6290659,1.3090212,Immune-poor,BEME_355G
75.91567,59.724022,Immune-moderate,BEME_355G
75.91567,77.064224,Immune-moderate,BEME_355G
78.33598,101.61795,Immune-moderate-low,BEME_355G
1.6290659,2.2764747,Immune-poor,BEME_355G
1.6290659,3.9973931,Immune-poor,BEME_355G
130.50667,199.5989,Immune-moderate-high,BEME_355G
1.6290659,1.6716318,Immune-poor,BEME_355G
51.90031,57.637882,Immune-moderate-low,BEME_355G
51.90031,52.06953,Immune-moderate-low,BEME_355G
78.33598,67.39617,Immune-moderate-low,BEME_355G
4.965096,5.1691465,Immune-poor,BEME_355G
208.19379,183.23332,Immune-high,BEME_355G
130.50667,167.58539,Immune-moderate-high,BEME_355G
1.6290659,1.092598,Immune-poor,BEME_355G
1.6290659,0.9712074,Immune-poor,BEME_355G
51.90031,59.352165,Immune-moderate-low,BEME_355G
4.965096,14.4221325,Immune-poor,BEME_355G
130.50667,158.07672,Immune-moderate-high,BEME_355G
4.192695,8.085455,Immune-poor,BEME_355G
130.50667,186.73355,Immune-moderate-high,BEME_355G
4.192695,4.9085875,Immune-poor,BEME_355G
119.6919,95.55288,Immune-high,BEME_355G
78.33598,80.22125,Immune-moderate-low,BEME_355G
130.50667,104.286606,Immune-moderate-high,BEME_355G
1.6290659,1.6741191,Immune-poor,BEME_355G
1.6290659,1.7220484,Immune-poor,BEME_355G
78.33598,53.16219,Immune-moderate-low,BEME_355G
130.50667,118.74854,Immune-moderate-high,BEME_355G
208.19379,180.30685,Immune-high,BEME_355G
75.91567,77.31746,Immune-moderate,BEME_355G
43.511616,34.5583,Immune-low,BEME_355G
4.965096,8.868725,Immune-poor,BEME_355G
4.192695,5.1992006,Immune-poor,BEME_355G
78.33598,68.25475,Immune-moderate-low,BEME_355G
119.6919,122.95416,Immune-high,BEME_355G
75.91567,86.1514,Immune-moderate,BEME_355G
119.6919,109.37993,Immune-high,BEME_355G
130.50667,113.35058,Immune-moderate-high,BEME_355G
130.50667,108.464874,Immune-moderate-high,BEME_355G
1.6290659,2.4685678,Immune-poor,BEME_355G
25.933357,31.21158,Immune-low,BEME_355G
1.6290659,0.41991395,Immune-poor,BEME_355G
51.90031,42.83196,Immune-moderate-low,BEME_355G
75.91567,90.87915,Immune-moderate,BEME_355G
4.965096,4.4542785,Immune-poor,BEME_355G
208.19379,200.92136,Immune-high,BEME_355G
130.50667,180.59605,Immune-moderate-high,BEME_355G
4.192695,4.1293435,Immune-poor,BEME_355G
51.90031,52.39619,Immune-moderate-low,BEME_355G
130.50667,179.95944,Immune-moderate-high,BEME_355G
51.90031,56.311455,Immune-moderate-low,BEME_355G
1.6290659,2.2256021,Immune-poor,BEME_355G
4.965096,6.135451,Immune-poor,BEME_355G
43.511616,49.75549,Immune-low,BEME_355G
130.50667,125.77742,Immune-moderate-high,BEME_355G
75.91567,56.72212,Immune-moderate,BEME_355G
208.19379,195.43138,Immune-high,BEME_355G
119.6919,109.80682,Immune-high,BEME_355G
20.65237,13.958929,Immune-low,BEME_355G
130.50667,91.183105,Immune-moderate-high,BEME_355G
4.965096,2.9367337,Immune-poor,BEME_355G
4.965096,2.9996567,Immune-poor,BEME_355G
130.50667,59.506393,Immune-moderate-high,BEME_355G
130.50667,121.074295,Immune-moderate-high,BEME_355G
78.33598,78.28968,Immune-moderate-low,BEME_355G
25.933357,26.41266,Immune-low,BEME_355G
208.19379,165.44055,Immune-high,BEME_355G
4.192695,4.3550806,Immune-poor,BEME_355G
78.33598,48.09392,Immune-moderate-low,BEME_355G
78.33598,87.038155,Immune-moderate-low,BEME_355G
4.192695,3.7621653,Immune-poor,BEME_355G
208.19379,166.88837,Immune-high,BEME_355G
4.965096,7.9546585,Immune-poor,BEME_355G
208.19379,180.9556,Immune-high,BEME_355G
119.6919,103.1083,Immune-high,BEME_355G
130.50667,82.70216,Immune-moderate-high,BEME_355G
130.50667,81.98383,Immune-moderate-high,BEME_355G
78.33598,80.59284,Immune-moderate-low,BEME_355G
1.6290659,1.9487001,Immune-poor,BEME_355G
1.6290659,1.5483994,Immune-poor,BEME_355G
51.90031,49.931484,Immune-moderate-low,BEME_355G
130.50667,168.29001,Immune-moderate-high,BEME_355G
1.6290659,1.9042846,Immune-poor,BEME_355G
43.511616,37.008797,Immune-low,BEME_355G
4.192695,6.44787,Immune-poor,BEME_355G
130.50667,154.34042,Immune-moderate-high,BEME_355G
78.33598,101.08484,Immune-moderate-low,BEME_355G
43.511616,29.798119,Immune-low,BEME_355G
20.65237,21.347359,Immune-low,BEME_355G
130.50667,74.80701,Immune-moderate-high,BEME_355G
119.6919,98.567,Immune-high,BEME_355G
4.192695,5.983993,Immune-poor,BEME_355G
51.90031,54.05324,Immune-moderate-low,BEME_355G
208.19379,166.11092,Immune-high,BEME_355G
51.90031,44.00125,Immune-moderate-low,BEME_355G
130.50667,61.462597,Immune-moderate-high,BEME_355G
130.50667,208.44722,Immune-moderate-high,BEME_355G
75.91567,90.13408,Immune-moderate,BEME_355G
4.192695,8.40995,Immune-poor,BEME_355G
25.933357,27.37536,Immune-low,BEME_355G
25.933357,38.911106,Immune-low,BEME_355G
43.511616,53.882523,Immune-low,BEME_355G
78.33598,94.14751,Immune-moderate-low,BEME_355G
1.6290659,1.445312,Immune-poor,BEME_355G
1.6290659,0.4022658,Immune-poor,BEME_355G
20.65237,15.398186,Immune-low,BEME_355G
51.90031,36.41104,Immune-moderate-low,BEME_355G
75.91567,57.424595,Immune-moderate,BEME_355G
25.933357,32.714622,Immune-low,BEME_355G
119.6919,100.810165,Immune-high,BEME_355G
43.511616,47.5199,Immune-low,BEME_355G
119.6919,104.620804,Immune-high,BEME_355G
4.965096,3.5700502,Immune-poor,BEME_355G
20.65237,10.543189,Immune-low,BEME_355G
78.33598,74.48123,Immune-moderate-low,BEME_355G
20.65237,16.919352,Immune-low,BEME_355G
1.6290659,1.6035304,Immune-poor,BEME_355G
20.65237,24.896648,Immune-low,BEME_355G
1.6290659,2.3649623,Immune-poor,BEME_355G
130.50667,153.22292,Immune-moderate-high,BEME_355G
130.50667,187.9557,Immune-moderate-high,BEME_355G
25.933357,18.085686,Immune-low,BEME_355G
25.933357,28.43126,Immune-low,BEME_355G
75.91567,67.59347,Immune-moderate,BEME_355G
130.50667,143.89984,Immune-moderate-high,BEME_355G
1.6290659,2.0474954,Immune-poor,BEME_355G
4.965096,2.4513624,Immune-poor,BEME_355G
43.511616,50.4082,Immune-low,BEME_355G
43.511616,46.064262,Immune-low,BEME_355G
78.33598,97.529175,Immune-moderate-low,BEME_355G
51.90031,39.665825,Immune-moderate-low,BEME_355G
43.511616,58.720882,Immune-low,BEME_355G
1.6290659,1.5289208,Immune-poor,BEME_355G
78.33598,97.29372,Immune-moderate-low,BEME_355G
20.65237,11.350913,Immune-low,BEME_355G
20.65237,12.51261,Immune-low,BEME_355G
20.65237,18.552397,Immune-low,BEME_355G
43.511616,42.028973,Immune-low,BEME_355G
1.6290659,1.8710344,Immune-poor,BEME_355G
1.6290659,2.0731902,Immune-poor,BEME_355G
119.6919,115.80298,Immune-high,BEME_355G
43.511616,44.9232,Immune-low,BEME_355G
25.933357,15.960637,Immune-low,BEME_355G
1.6290659,0.88127124,Immune-poor,BEME_355G
51.90031,66.44005,Immune-moderate-low,BEME_355G
78.33598,99.835434,Immune-moderate-low,BEME_355G
119.6919,159.82692,Immune-high,BEME_355G
75.91567,84.3288,Immune-moderate,BEME_355G
130.50667,69.75605,Immune-moderate-high,BEME_355G
4.965096,7.124469,Immune-poor,BEME_355G
51.90031,54.18006,Immune-moderate-low,BEME_355G
25.933357,23.853579,Immune-low,BEME_355G
119.6919,104.15769,Immune-high,BEME_355G
78.33598,60.78007,Immune-moderate-low,BEME_355G
130.50667,260.64066,Immune-moderate-high,BEME_355G
43.511616,51.794777,Immune-low,BEME_355G
130.50667,225.00412,Immune-moderate-high,BEME_355G
4.965096,4.2012563,Immune-poor,BEME_355G
78.33598,75.71156,Immune-moderate-low,BEME_355G
78.33598,78.83369,Immune-moderate-low,BEME_355G
4.965096,2.2768571,Immune-poor,BEME_355G
119.6919,98.120056,Immune-high,BEME_355G
130.50667,212.57637,Immune-moderate-high,BEME_355G
75.91567,87.09694,Immune-moderate,BEME_355G
4.965096,3.7931297,Immune-poor,BEME_355G
1.6290659,1.2271194,Immune-poor,BEME_355G
75.91567,82.67129,Immune-moderate,BEME_355G
75.91567,79.28962,Immune-moderate,BEME_355G
130.50667,86.45424,Immune-moderate-high,BEME_355G
1.6290659,2.1510205,Immune-poor,BEME_355G
78.33598,66.37595,Immune-moderate-low,BEME_355G
51.90031,70.70016,Immune-moderate-low,BEME_355G
119.6919,102.94371,Immune-high,BEME_355G
119.6919,111.5946,Immune-high,BEME_355G
4.965096,9.289335,Immune-poor,BEME_355G
4.965096,2.5096939,Immune-poor,BEME_355G
51.90031,45.066944,Immune-moderate-low,BEME_355G
20.65237,20.62249,Immune-low,BEME_355G
78.33598,85.700584,Immune-moderate-low,BEME_355G
130.50667,165.68098,Immune-moderate-high,BEME_355G
130.50667,91.15215,Immune-moderate-high,BEME_355G
130.50667,166.9122,Immune-moderate-high,BEME_355G
119.6919,97.728,Immune-high,BEME_355G
119.6919,98.86721,Immune-high,BEME_355G
1.6290659,1.3137206,Immune-poor,BEME_355G
78.33598,52.936737,Immune-moderate-low,BEME_355G
208.19379,250.09677,Immune-high,BEME_355G
20.65237,39.84464,Immune-low,BEME_355G
4.965096,2.27879,Immune-poor,BEME_355G
130.50667,67.58677,Immune-moderate-high,BEME_355G
43.511616,33.632515,Immune-low,BEME_355G
51.90031,57.143463,Immune-moderate-low,BEME_355G
78.33598,68.16927,Immune-moderate-low,BEME_355G
75.91567,102.31824,Immune-moderate,BEME_355G
1.6290659,3.1940129,Immune-poor,BEME_355G
20.65237,7.5615134,Immune-low,BEME_355G
1.6290659,1.4198347,Immune-poor,BEME_355G
75.91567,64.62063,Immune-moderate,BEME_355G
1.6290659,1.2393528,Immune-poor,BEME_355G
43.511616,53.331432,Immune-low,BEME_355G
78.33598,83.29576,Immune-moderate-low,BEME_355G
130.50667,92.2307,Immune-moderate-high,BEME_355G
119.6919,106.55028,Immune-high,BEME_355G
1.6290659,2.395199,Immune-poor,BEME_355G
119.6919,101.15609,Immune-high,BEME_355G
78.33598,98.279526,Immune-moderate-low,BEME_355G
51.90031,64.19833,Immune-moderate-low,BEME_355G
119.6919,107.37356,Immune-high,BEME_355G
20.65237,31.64609,Immune-low,BEME_355G
119.6919,156.82167,Immune-high,BEME_355G
119.6919,129.42337,Immune-high,BEME_355G
75.91567,86.219154,Immune-moderate,BEME_355G
4.965096,2.6321797,Immune-poor,BEME_355G
119.6919,100.85767,Immune-high,BEME_355G
78.33598,57.4416,Immune-moderate-low,BEME_355G
75.91567,74.47816,Immune-moderate,BEME_355G
75.91567,59.662262,Immune-moderate,BEME_355G
130.50667,97.97666,Immune-moderate-high,BEME_355G
119.6919,138.52885,Immune-high,BEME_355G
119.6919,122.34157,Immune-high,BEME_355G
4.965096,6.243682,Immune-poor,BEME_355G
1.6290659,1.5488816,Immune-poor,BEME_355G
20.65237,12.693572,Immune-low,BEME_355G
1.6290659,1.3652865,Immune-poor,BEME_355G
20.65237,21.427048,Immune-low,BEME_355G
119.6919,115.15818,Immune-high,BEME_355G
1.6290659,1.6254207,Immune-poor,BEME_355G
1.6290659,1.8215541,Immune-poor,BEME_355G
51.90031,41.23695,Immune-moderate-low,BEME_355G
51.90031,45.156033,Immune-moderate-low,BEME_355G
119.6919,99.72794,Immune-high,BEME_355G
130.50667,92.16657,Immune-moderate-high,BEME_355G
208.19379,183.88165,Immune-high,BEME_355G
20.65237,24.670729,Immune-low,BEME_355G
20.65237,10.718753,Immune-low,BEME_355G
130.50667,148.80779,Immune-moderate-high,BEME_355G
4.965096,2.5612001,Immune-poor,BEME_355G
119.6919,112.22567,Immune-high,BEME_355G
1.6290659,1.6148573,Immune-poor,BEME_355G
75.91567,69.072174,Immune-moderate,BEME_355G
20.65237,31.821232,Immune-low,BEME_355G
130.50667,61.048042,Immune-moderate-high,BEME_355G
119.6919,140.53064,Immune-high,BEME_355G
130.50667,131.3459,Immune-moderate-high,BEME_355G
20.65237,12.484253,Immune-low,BEME_355G
119.6919,102.55292,Immune-high,BEME_355G
75.91567,76.291954,Immune-moderate,BEME_355G
1.6290659,1.6565745,Immune-poor,BEME_355G
25.933357,25.564325,Immune-low,BEME_355G
51.90031,53.317234,Immune-moderate-low,BEME_355G
130.50667,100.24947,Immune-moderate-high,BEME_355G
130.50667,245.74121,Immune-moderate-high,BEME_355G
20.65237,39.433357,Immune-low,BEME_355G
20.65237,17.955267,Immune-low,BEME_355G
4.192695,2.0525868,Immune-poor,BEME_355G
51.90031,51.386555,Immune-moderate-low,BEME_355G
1.6290659,1.1239809,Immune-poor,BEME_355G
20.65237,21.525843,Immune-low,BEME_355G
75.91567,75.45229,Immune-moderate,BEME_355G
20.65237,19.44093,Immune-low,BEME_355G
25.933357,23.033491,Immune-low,BEME_355G
51.90031,44.873524,Immune-moderate-low,BEME_355G
20.65237,20.842571,Immune-low,BEME_355G
20.65237,16.330564,Immune-low,BEME_355G
1.6290659,1.1962229,Immune-poor,BEME_355G
20.65237,10.223568,Immune-low,BEME_355G
119.6919,103.99926,Immune-high,BEME_355G
1.6290659,2.3804355,Immune-poor,BEME_355G
130.50667,122.70971,Immune-moderate-high,BEME_355G
1.6290659,2.3510797,Immune-poor,BEME_355G
1.6290659,1.5024877,Immune-poor,BEME_355G
1.6290659,1.9319311,Immune-poor,BEME_355G
51.90031,62.898075,Immune-moderate-low,BEME_355G
51.90031,76.519585,Immune-moderate-low,BEME_355G
25.933357,37.194912,Immune-low,BEME_355G
4.965096,14.150842,Immune-poor,BEME_355G
4.965096,3.5689757,Immune-poor,BEME_355G
51.90031,54.682575,Immune-moderate-low,BEME_355G
25.933357,23.657623,Immune-low,BEME_355G
75.91567,81.90752,Immune-moderate,BEME_355G
1.6290659,2.488542,Immune-poor,BEME_355G
4.965096,3.5583184,Immune-poor,BEME_355G
4.965096,13.149432,Immune-poor,BEME_355G
4.192695,6.1026225,Immune-poor,BEME_355G
75.91567,60.86899,Immune-moderate,BEME_355G
20.65237,15.972632,Immune-low,BEME_355G
51.90031,50.689682,Immune-moderate-low,BEME_355G
20.65237,38.921886,Immune-low,BEME_355G
20.65237,17.602846,Immune-low,BEME_355G
119.6919,107.094894,Immune-high,BEME_355G
20.65237,25.698772,Immune-low,BEME_355G
1.6290659,1.8304193,Immune-poor,BEME_355G
130.50667,192.39552,Immune-moderate-high,BEME_355G
4.192695,2.8847694,Immune-poor,BEME_355G
4.965096,2.4420066,Immune-poor,BEME_355G
20.65237,11.1005535,Immune-low,BEME_355G
208.19379,187.25415,Immune-high,BEME_355G
4.965096,5.4366555,Immune-poor,BEME_355G
78.33598,103.16049,Immune-moderate-low,BEME_355G
78.33598,54.614525,Immune-moderate-low,BEME_355G
1.6290659,1.851653,Immune-poor,BEME_355G
1.6290659,2.033625,Immune-poor,BEME_355G
20.65237,8.465013,Immune-low,BEME_355G
51.90031,66.65876,Immune-moderate-low,BEME_355G
43.511616,29.044922,Immune-low,BEME_355G
20.65237,24.189465,Immune-low,BEME_355G
51.90031,55.542233,Immune-moderate-low,BEME_355G
43.511616,42.672256,Immune-low,BEME_355G
208.19379,170.88893,Immune-high,BEME_355G
119.6919,153.58691,Immune-high,BEME_355G
119.6919,117.07713,Immune-high,BEME_355G
4.192695,5.7401614,Immune-poor,BEME_355G
20.65237,15.378207,Immune-low,BEME_355G
51.90031,61.983494,Immune-moderate-low,BEME_355G
78.33598,66.7823,Immune-moderate-low,BEME_355G
75.91567,83.91842,Immune-moderate,BEME_355G
1.6290659,2.7411757,Immune-poor,BEME_355G
78.33598,82.422104,Immune-moderate-low,BEME_355G
1.6290659,1.9171418,Immune-poor,BEME_355G
25.933357,29.936005,Immune-low,BEME_355G
78.33598,88.87217,Immune-moderate-low,BEME_355G
75.91567,77.67219,Immune-moderate,BEME_355G
25.933357,18.233171,Immune-low,BEME_355G
43.511616,52.390133,Immune-low,BEME_355G
20.65237,19.706255,Immune-low,BEME_355G
208.19379,214.66502,Immune-high,BEME_355G
51.90031,55.1995,Immune-moderate-low,BEME_355G
20.65237,15.255798,Immune-low,BEME_355G
51.90031,45.41032,Immune-moderate-low,BEME_355G
51.90031,44.908794,Immune-moderate-low,BEME_355G
25.933357,18.504347,Immune-low,BEME_355G
4.965096,1.7487816,Immune-poor,BEME_355G
208.19379,174.56293,Immune-high,BEME_355G
20.65237,33.72199,Immune-low,BEME_355G
51.90031,54.792812,Immune-moderate-low,BEME_355G
25.933357,26.20666,Immune-low,BEME_355G
75.91567,58.029644,Immune-moderate,BEME_355G
4.965096,9.175618,Immune-poor,BEME_355G
75.91567,62.33868,Immune-moderate,BEME_355G
75.91567,69.352104,Immune-moderate,BEME_355G
43.511616,33.73886,Immune-low,BEME_355G
119.6919,148.04358,Immune-high,BEME_355G
1.6290659,1.6989572,Immune-poor,BEME_355G
1.6290659,1.1058768,Immune-poor,BEME_355G
51.90031,44.09737,Immune-moderate-low,BEME_355G
119.6919,120.973465,Immune-high,BEME_355G
130.50667,97.86011,Immune-moderate-high,BEME_355G
130.50667,115.718666,Immune-moderate-high,BEME_355G
119.6919,103.5301,Immune-high,BEME_355G
130.50667,137.62126,Immune-moderate-high,BEME_355G
119.6919,131.526,Immune-high,BEME_355G
51.90031,47.07642,Immune-moderate-low,BEME_355G
4.965096,2.592931,Immune-poor,BEME_355G
1.6290659,1.5969154,Immune-poor,BEME_355G
78.33598,91.706276,Immune-moderate-low,BEME_355G
1.6290659,2.0216827,Immune-poor,BEME_355G
51.90031,63.60419,Immune-moderate-low,BEME_355G
20.65237,12.827632,Immune-low,BEME_355G
208.19379,224.01663,Immune-high,BEME_355G
20.65237,16.688051,Immune-low,BEME_355G
1.6290659,0.97229147,Immune-poor,BEME_355G
20.65237,13.404315,Immune-low,BEME_355G
78.33598,57.29893,Immune-moderate-low,BEME_355G
75.91567,76.90972,Immune-moderate,BEME_355G
78.33598,67.36833,Immune-moderate-low,BEME_355G
20.65237,14.815455,Immune-low,BEME_355G
1.6290659,1.5736996,Immune-poor,BEME_355G
4.965096,3.8681712,Immune-poor,BEME_355G
75.91567,84.66778,Immune-moderate,BEME_355G
43.511616,41.49734,Immune-low,BEME_355G
51.90031,49.915833,Immune-moderate-low,BEME_355G
4.965096,3.6821225,Immune-poor,BEME_355G
130.50667,115.10803,Immune-moderate-high,BEME_355G
43.511616,32.168293,Immune-low,BEME_355G
130.50667,176.80338,Immune-moderate-high,BEME_355G
20.65237,39.946117,Immune-low,BEME_355G
130.50667,77.52695,Immune-moderate-high,BEME_355G
4.192695,8.132357,Immune-poor,BEME_355G
51.90031,45.460884,Immune-moderate-low,BEME_355G
119.6919,102.116974,Immune-high,BEME_355G
1.6290659,1.5987027,Immune-poor,BEME_355G
75.91567,59.3946,Immune-moderate,BEME_355G
78.33598,61.42664,Immune-moderate-low,BEME_355G
119.6919,102.044785,Immune-high,BEME_355G
78.33598,46.61426,Immune-moderate-low,BEME_355G
1.6290659,1.2013415,Immune-poor,BEME_355G
20.65237,43.091415,Immune-low,BEME_355G
78.33598,103.71848,Immune-moderate-low,BEME_355G
78.33598,62.21041,Immune-moderate-low,BEME_355G
75.91567,87.019066,Immune-moderate,BEME_355G
51.90031,71.050385,Immune-moderate-low,BEME_355G
130.50667,55.24816,Immune-moderate-high,BEME_355G
1.6290659,1.7740194,Immune-poor,BEME_355G
1.6290659,2.4622746,Immune-poor,BEME_355G
20.65237,20.803873,Immune-low,BEME_355G
75.91567,69.85104,Immune-moderate,BEME_355G
4.965096,4.3089933,Immune-poor,BEME_355G
1.6290659,1.5712651,Immune-poor,BEME_355G
20.65237,32.370346,Immune-low,BEME_355G
4.965096,2.7412155,Immune-poor,BEME_355G
78.33598,98.23401,Immune-moderate-low,BEME_355G
78.33598,125.24649,Immune-moderate-low,BEME_355G
51.90031,40.72006,Immune-moderate-low,BEME_355G
43.511616,36.850155,Immune-low,BEME_355G
43.511616,53.88996,Immune-low,BEME_355G
1.6290659,0.7294215,Immune-poor,BEME_355G
20.65237,22.49076,Immune-low,BEME_355G
75.91567,73.18022,Immune-moderate,BEME_355G
4.192695,6.787565,Immune-poor,BEME_355G
130.50667,138.71991,Immune-moderate-high,BEME_355G
4.965096,9.426058,Immune-poor,BEME_355G
78.33598,87.73065,Immune-moderate-low,BEME_355G
130.50667,72.03233,Immune-moderate-high,BEME_355G
51.90031,46.785484,Immune-moderate-low,BEME_355G
1.6290659,1.9960511,Immune-poor,BEME_355G
1.6290659,1.2537143,Immune-poor,BEME_355G
51.90031,42.320656,Immune-moderate-low,BEME_355G
43.511616,48.545734,Immune-low,BEME_355G
78.33598,82.037895,Immune-moderate-low,BEME_355G
130.50667,145.26547,Immune-moderate-high,BEME_355G
51.90031,77.368546,Immune-moderate-low,BEME_355G
130.50667,206.00468,Immune-moderate-high,BEME_355G
51.90031,59.788147,Immune-moderate-low,BEME_355G
130.50667,148.41855,Immune-moderate-high,BEME_355G
75.91567,59.505905,Immune-moderate,BEME_355G
4.192695,3.8098497,Immune-poor,BEME_355G
130.50667,99.041885,Immune-moderate-high,BEME_355G
25.933357,21.161194,Immune-low,BEME_355G
1.6290659,2.1888149,Immune-poor,BEME_355G
130.50667,75.350136,Immune-moderate-high,BEME_355G
51.90031,45.746437,Immune-moderate-low,BEME_355G
20.65237,40.11286,Immune-low,BEME_355G
20.65237,12.174803,Immune-low,BEME_355G
130.50667,64.07437,Immune-moderate-high,BEME_355G
51.90031,43.89279,Immune-moderate-low,BEME_355G
4.965096,6.8117256,Immune-poor,BEME_355G
51.90031,69.14048,Immune-moderate-low,BEME_355G
51.90031,36.79032,Immune-moderate-low,BEME_355G
43.511616,59.148727,Immune-low,BEME_355G
43.511616,52.127007,Immune-low,BEME_355G
25.933357,28.584686,Immune-low,BEME_355G
20.65237,15.625373,Immune-low,BEME_355G
43.511616,52.123856,Immune-low,BEME_355G
1.6290659,1.8595598,Immune-poor,BEME_355G
51.90031,54.411594,Immune-moderate-low,BEME_355G
51.90031,54.7954,Immune-moderate-low,BEME_355G
4.965096,11.876234,Immune-poor,BEME_355G
78.33598,44.103954,Immune-moderate-low,BEME_355G
75.91567,60.365837,Immune-moderate,BEME_355G
1.6290659,1.5375291,Immune-poor,BEME_355G
4.965096,3.5859451,Immune-poor,BEME_355G
25.933357,27.938438,Immune-low,BEME_355G
1.6290659,1.0881286,Immune-poor,BEME_355G
1.6290659,1.4398355,Immune-poor,BEME_355G
75.91567,79.700584,Immune-moderate,BEME_355G
208.19379,235.46832,Immune-high,BEME_355G
130.50667,83.72547,Immune-moderate-high,BEME_355G
78.33598,62.312775,Immune-moderate-low,BEME_355G
1.6290659,2.211149,Immune-poor,BEME_355G
130.50667,64.215614,Immune-moderate-high,BEME_355G
4.965096,4.76007,Immune-poor,BEME_355G
4.965096,2.469115,Immune-poor,BEME_355G
78.33598,71.28594,Immune-moderate-low,BEME_355G
78.33598,115.35092,Immune-moderate-low,BEME_355G
51.90031,38.874645,Immune-moderate-low,BEME_355G
130.50667,136.95053,Immune-moderate-high,BEME_355G
130.50667,123.491974,Immune-moderate-high,BEME_355G
78.33598,74.836624,Immune-moderate-low,BEME_355G
20.65237,29.151922,Immune-low,BEME_355G
119.6919,130.50781,Immune-high,BEME_355G
43.511616,48.164886,Immune-low,BEME_355G
4.192695,2.860732,Immune-poor,BEME_355G
75.91567,76.540146,Immune-moderate,BEME_355G
43.511616,60.31046,Immune-low,BEME_355G
20.65237,42.77053,Immune-low,BEME_355G
20.65237,18.05034,Immune-low,BEME_355G
78.33598,49.21454,Immune-moderate-low,BEME_355G
20.65237,24.99624,Immune-low,BEME_355G
75.91567,87.25949,Immune-moderate,BEME_355G
51.90031,40.231636,Immune-moderate-low,BEME_355G
4.192695,2.6526048,Immune-poor,BEME_355G
25.933357,19.245419,Immune-low,BEME_355G
130.50667,88.99627,Immune-moderate-high,BEME_355G
4.965096,6.047662,Immune-poor,BEME_355G
78.33598,105.94533,Immune-moderate-low,BEME_355G
4.192695,4.0568037,Immune-poor,BEME_355G
1.6290659,1.22604,Immune-poor,BEME_355G
130.50667,60.13747,Immune-moderate-high,BEME_355G
43.511616,47.5117,Immune-low,BEME_355G
78.33598,67.92404,Immune-moderate-low,BEME_355G
208.19379,193.97443,Immune-high,BEME_355G
4.965096,4.927437,Immune-poor,BEME_355G
43.511616,47.636036,Immune-low,BEME_355G
20.65237,14.981686,Immune-low,BEME_355G
43.511616,46.71696,Immune-low,BEME_355G
4.965096,3.0630524,Immune-poor,BEME_355G
75.91567,68.13284,Immune-moderate,BEME_355G
208.19379,284.9306,Immune-high,BEME_355G
75.91567,67.81131,Immune-moderate,BEME_355G
119.6919,98.97287,Immune-high,BEME_355G
51.90031,61.357315,Immune-moderate-low,BEME_355G
4.192695,2.2759454,Immune-poor,BEME_355G
1.6290659,1.8499153,Immune-poor,BEME_355G
119.6919,112.959435,Immune-high,BEME_355G
43.511616,49.26937,Immune-low,BEME_355G
51.90031,41.3193,Immune-moderate-low,BEME_355G
43.511616,39.337364,Immune-low,BEME_355G
43.511616,39.569637,Immune-low,BEME_355G
119.6919,147.88167,Immune-high,BEME_355G
130.50667,155.51593,Immune-moderate-high,BEME_355G
20.65237,19.02347,Immune-low,BEME_355G
20.65237,32.684757,Immune-low,BEME_355G
1.6290659,1.1616392,Immune-poor,BEME_355G
20.65237,17.488674,Immune-low,BEME_355G
1.6290659,1.9955906,Immune-poor,BEME_355G
1.6290659,1.7690095,Immune-poor,BEME_355G
130.50667,168.56177,Immune-moderate-high,BEME_355G
20.65237,23.106243,Immune-low,BEME_355G
130.50667,104.86742,Immune-moderate-high,BEME_355G
130.50667,113.50549,Immune-moderate-high,BEME_355G
20.65237,16.629654,Immune-low,BEME_355G
4.965096,2.6471689,Immune-poor,BEME_355G
119.6919,113.043236,Immune-high,BEME_355G
130.50667,167.24454,Immune-moderate-high,BEME_355G
119.6919,101.959175,Immune-high,BEME_355G
130.50667,124.37912,Immune-moderate-high,BEME_355G
51.90031,55.9506,Immune-moderate-low,BEME_355G
43.511616,50.68765,Immune-low,BEME_355G
4.965096,2.398856,Immune-poor,BEME_355G
78.33598,81.17851,Immune-moderate-low,BEME_355G
51.90031,65.61694,Immune-moderate-low,BEME_355G
1.6290659,2.1054554,Immune-poor,BEME_355G
1.6290659,2.280182,Immune-poor,BEME_355G
78.33598,68.197426,Immune-moderate-low,BEME_355G
1.6290659,1.9955806,Immune-poor,BEME_355G
78.33598,53.831345,Immune-moderate-low,BEME_355G
43.511616,56.239326,Immune-low,BEME_355G
130.50667,172.79109,Immune-moderate-high,BEME_355G
1.6290659,0.51271015,Immune-poor,BEME_355G
51.90031,50.87756,Immune-moderate-low,BEME_355G
119.6919,125.48501,Immune-high,BEME_355G
51.90031,69.170006,Immune-moderate-low,BEME_355G
130.50667,170.58989,Immune-moderate-high,BEME_355G
78.33598,104.5078,Immune-moderate-low,BEME_355G
119.6919,158.00253,Immune-high,BEME_355G
20.65237,38.622574,Immune-low,BEME_355G
4.965096,12.764256,Immune-poor,BEME_355G
51.90031,69.76291,Immune-moderate-low,BEME_355G
208.19379,312.52457,Immune-high,BEME_355G
43.511616,37.75835,Immune-low,BEME_355G
1.6290659,2.1313062,Immune-poor,BEME_355G
1.6290659,2.2950196,Immune-poor,BEME_355G
75.91567,60.536774,Immune-moderate,BEME_355G
51.90031,45.57435,Immune-moderate-low,BEME_355G
20.65237,39.84727,Immune-low,BEME_355G
78.33598,64.962944,Immune-moderate-low,BEME_355G
51.90031,57.090237,Immune-moderate-low,BEME_355G
75.91567,68.36362,Immune-moderate,BEME_355G
119.6919,153.7015,Immune-high,BEME_355G
119.6919,98.98688,Immune-high,BEME_355G
75.91567,71.77019,Immune-moderate,BEME_355G
208.19379,163.6722,Immune-high,BEME_355G
119.6919,136.78357,Immune-high,BEME_355G
4.965096,4.131327,Immune-poor,BEME_355G
1.6290659,2.0174267,Immune-poor,BEME_355G
130.50667,170.72464,Immune-moderate-high,BEME_355G
20.65237,17.495564,Immune-low,BEME_355G
51.90031,41.118286,Immune-moderate-low,BEME_355G
4.192695,3.6556451,Immune-poor,BEME_355G
75.91567,68.749245,Immune-moderate,BEME_355G
20.65237,15.720775,Immune-low,BEME_355G
4.965096,3.1168215,Immune-poor,BEME_355G
51.90031,56.007507,Immune-moderate-low,BEME_355G
1.6290659,1.9449865,Immune-poor,BEME_355G
4.192695,3.8683186,Immune-poor,BEME_355G
43.511616,47.98713,Immune-low,BEME_355G
43.511616,56.271202,Immune-low,BEME_355G
75.91567,64.7352,Immune-moderate,BEME_355G
4.965096,3.2394617,Immune-poor,BEME_355G
25.933357,29.588829,Immune-low,BEME_355G
130.50667,142.70685,Immune-moderate-high,BEME_355G
130.50667,137.67444,Immune-moderate-high,BEME_355G
4.965096,4.112668,Immune-poor,BEME_355G
130.50667,88.61947,Immune-moderate-high,BEME_355G
51.90031,46.357037,Immune-moderate-low,BEME_355G
75.91567,75.331055,Immune-moderate,BEME_355G
78.33598,72.71748,Immune-moderate-low,BEME_355G
1.6290659,1.397367,Immune-poor,BEME_355G
78.33598,44.01964,Immune-moderate-low,BEME_355G
51.90031,68.81285,Immune-moderate-low,BEME_355G
1.6290659,2.0154684,Immune-poor,BEME_355G
25.933357,37.024967,Immune-low,BEME_355G
130.50667,204.74504,Immune-moderate-high,BEME_355G
208.19379,185.35945,Immune-high,BEME_355G
43.511616,32.472458,Immune-low,BEME_355G
20.65237,7.6455355,Immune-low,BEME_355G
78.33598,64.42659,Immune-moderate-low,BEME_355G
51.90031,68.048744,Immune-moderate-low,BEME_355G
75.91567,85.59101,Immune-moderate,BEME_355G
20.65237,7.772006,Immune-low,BEME_355G
130.50667,143.19554,Immune-moderate-high,BEME_355G
4.965096,2.823237,Immune-poor,BEME_355G
20.65237,22.848688,Immune-low,BEME_355G
78.33598,78.704094,Immune-moderate-low,BEME_355G
43.511616,48.30451,Immune-low,BEME_355G
130.50667,94.67637,Immune-moderate-high,BEME_355G
20.65237,25.823158,Immune-low,BEME_355G
51.90031,55.71879,Immune-moderate-low,BEME_355G
25.933357,27.965311,Immune-low,BEME_355G
43.511616,40.183086,Immune-low,BEME_355G
4.965096,2.718665,Immune-poor,BEME_355G
51.90031,49.639076,Immune-moderate-low,BEME_355G
43.511616,34.62734,Immune-low,BEME_355G
43.511616,36.570335,Immune-low,BEME_355G
1.6290659,2.4528434,Immune-poor,BEME_355G
75.91567,72.98553,Immune-moderate,BEME_355G
130.50667,90.840004,Immune-moderate-high,BEME_355G
75.91567,85.89887,Immune-moderate,BEME_355G
130.50667,58.278606,Immune-moderate-high,BEME_355G
51.90031,50.138508,Immune-moderate-low,BEME_355G
78.33598,115.22342,Immune-moderate-low,BEME_355G
20.65237,15.0918045,Immune-low,BEME_355G
43.511616,41.912354,Immune-low,BEME_355G
208.19379,239.75262,Immune-high,BEME_355G
75.91567,61.234043,Immune-moderate,BEME_355G
130.50667,155.16542,Immune-moderate-high,BEME_355G
1.6290659,1.8711042,Immune-poor,BEME_355G
20.65237,10.418147,Immune-low,BEME_355G
4.192695,9.541038,Immune-poor,BEME_355G
43.511616,39.417496,Immune-low,BEME_355G
78.33598,59.88368,Immune-moderate-low,BEME_355G
1.6290659,0.55342466,Immune-poor,BEME_355G
4.965096,13.768657,Immune-poor,BEME_355G
1.6290659,1.5079038,Immune-poor,BEME_355G
75.91567,63.230194,Immune-moderate,BEME_355G
20.65237,11.768632,Immune-low,BEME_355G
20.65237,23.172901,Immune-low,BEME_355G
78.33598,48.93489,Immune-moderate-low,BEME_355G
75.91567,84.54591,Immune-moderate,BEME_355G
51.90031,43.466972,Immune-moderate-low,BEME_355G
43.511616,36.235027,Immune-low,BEME_355G
119.6919,150.80292,Immune-high,BEME_355G
78.33598,89.90172,Immune-moderate-low,BEME_355G
20.65237,16.036198,Immune-low,BEME_355G
51.90031,32.836777,Immune-moderate-low,BEME_355G
51.90031,39.928635,Immune-moderate-low,BEME_355G
78.33598,76.76741,Immune-moderate-low,BEME_355G
75.91567,79.59459,Immune-moderate,BEME_355G
78.33598,51.403572,Immune-moderate-low,BEME_355G
4.965096,2.6609232,Immune-poor,BEME_355G
51.90031,52.60725,Immune-moderate-low,BEME_355G
75.91567,95.208664,Immune-moderate,BEME_355G
78.33598,85.53462,Immune-moderate-low,BEME_355G
75.91567,97.275856,Immune-moderate,BEME_355G
1.6290659,1.8242712,Immune-poor,BEME_355G
119.6919,123.31065,Immune-high,BEME_355G
1.6290659,1.8235508,Immune-poor,BEME_355G
4.965096,8.384544,Immune-poor,BEME_355G
1.6290659,0.6739979,Immune-poor,BEME_355G
4.192695,7.39356,Immune-poor,BEME_355G
51.90031,53.626053,Immune-moderate-low,BEME_355G
20.65237,37.372753,Immune-low,BEME_355G
4.192695,3.1515663,Immune-poor,BEME_355G
75.91567,80.936035,Immune-moderate,BEME_355G
130.50667,152.38358,Immune-moderate-high,BEME_355G
130.50667,158.86153,Immune-moderate-high,BEME_355G
1.6290659,2.3365514,Immune-poor,BEME_355G
130.50667,147.67009,Immune-moderate-high,BEME_355G
208.19379,215.18504,Immune-high,BEME_355G
4.965096,2.2958364,Immune-poor,BEME_355G
51.90031,44.93185,Immune-moderate-low,BEME_355G
4.965096,1.9825832,Immune-poor,BEME_355G
119.6919,105.477776,Immune-high,BEME_355G
75.91567,61.88277,Immune-moderate,BEME_355G
4.965096,3.9334397,Immune-poor,BEME_355G
25.933357,18.388155,Immune-low,BEME_355G
119.6919,131.0454,Immune-high,BEME_355G
1.6290659,2.136136,Immune-poor,BEME_355G
25.933357,21.306124,Immune-low,BEME_355G
4.192695,2.1938014,Immune-poor,BEME_355G
1.6290659,1.4700844,Immune-poor,BEME_355G
208.19379,176.9268,Immune-high,BEME_355G
119.6919,99.39143,Immune-high,BEME_355G
4.965096,4.124961,Immune-poor,BEME_355G
43.511616,41.419056,Immune-low,BEME_355G
75.91567,81.477036,Immune-moderate,BEME_355G
1.6290659,2.8030605,Immune-poor,BEME_355G
130.50667,124.945984,Immune-moderate-high,BEME_355G
130.50667,104.47598,Immune-moderate-high,BEME_355G
1.6290659,2.7045112,Immune-poor,BEME_355G
130.50667,69.20389,Immune-moderate-high,BEME_355G
75.91567,64.901,Immune-moderate,BEME_355G
1.6290659,1.7630016,Immune-poor,BEME_355G
1.6290659,1.6712073,Immune-poor,BEME_355G
43.511616,42.666798,Immune-low,BEME_355G
51.90031,48.12949,Immune-moderate-low,BEME_355G
20.65237,8.649345,Immune-low,BEME_355G
4.192695,8.410663,Immune-poor,BEME_355G
1.6290659,0.49891725,Immune-poor,BEME_355G
1.6290659,0.85896254,Immune-poor,BEME_355G
130.50667,60.282448,Immune-moderate-high,BEME_355G
1.6290659,1.8328922,Immune-poor,BEME_355G
119.6919,94.24454,Immune-high,BEME_355G
130.50667,136.07733,Immune-moderate-high,BEME_355G
51.90031,39.97893,Immune-moderate-low,BEME_355G
75.91567,57.76697,Immune-moderate,BEME_355G
4.192695,1.9628205,Immune-poor,BEME_355G
130.50667,57.098007,Immune-moderate-high,BEME_355G
1.6290659,1.0799396,Immune-poor,BEME_355G
20.65237,36.42382,Immune-low,BEME_355G
119.6919,117.17186,Immune-high,BEME_355G
208.19379,301.53217,Immune-high,BEME_355G
20.65237,16.059082,Immune-low,BEME_355G
130.50667,203.41316,Immune-moderate-high,BEME_355G
78.33598,65.75121,Immune-moderate-low,BEME_355G
25.933357,18.979725,Immune-low,BEME_355G
75.91567,78.91839,Immune-moderate,BEME_355G
25.933357,17.68075,Immune-low,BEME_355G
4.965096,3.912527,Immune-poor,BEME_355G
20.65237,14.3676815,Immune-low,BEME_355G
1.6290659,1.4521843,Immune-poor,BEME_355G
43.511616,41.469627,Immune-low,BEME_355G
1.6290659,1.0580208,Immune-poor,BEME_355G
130.50667,100.40269,Immune-moderate-high,BEME_355G
20.65237,17.02398,Immune-low,BEME_355G
51.90031,45.725796,Immune-moderate-low,BEME_355G
4.965096,6.327754,Immune-poor,BEME_355G
43.511616,49.190605,Immune-low,BEME_355G
78.33598,62.07474,Immune-moderate-low,BEME_355G
20.65237,28.324852,Immune-low,BEME_355G
4.965096,6.624632,Immune-poor,BEME_355G
4.965096,2.4319136,Immune-poor,BEME_355G
20.65237,13.542588,Immune-low,BEME_355G
20.65237,16.541876,Immune-low,BEME_355G
20.65237,34.6863,Immune-low,BEME_355G
75.91567,63.420383,Immune-moderate,BEME_355G
20.65237,19.856197,Immune-low,BEME_355G
4.192695,3.4429824,Immune-poor,BEME_355G
4.192695,3.1933599,Immune-poor,BEME_355G
130.50667,165.7155,Immune-moderate-high,BEME_355G
4.192695,4.57775,Immune-poor,BEME_355G
75.91567,87.345566,Immune-moderate,BEME_355G
78.33598,69.11223,Immune-moderate-low,BEME_355G
119.6919,134.7446,Immune-high,BEME_355G
75.91567,61.469585,Immune-moderate,BEME_355G
4.192695,4.559521,Immune-poor,BEME_355G
130.50667,116.01099,Immune-moderate-high,BEME_355G
119.6919,103.99282,Immune-high,BEME_355G
4.965096,1.9193597,Immune-poor,BEME_355G
1.6290659,1.946679,Immune-poor,BEME_355G
119.6919,130.57124,Immune-high,BEME_355G
43.511616,34.365757,Immune-low,BEME_355G
75.91567,60.56544,Immune-moderate,BEME_355G
130.50667,137.54086,Immune-moderate-high,BEME_355G
1.6290659,1.0278244,Immune-poor,BEME_355G
130.50667,229.3649,Immune-moderate-high,BEME_355G
4.965096,3.3373418,Immune-poor,BEME_355G
51.90031,61.276093,Immune-moderate-low,BEME_355G
78.33598,49.76537,Immune-moderate-low,BEME_355G
1.6290659,0.641439,Immune-poor,BEME_355G
1.6290659,1.2744193,Immune-poor,BEME_355G
51.90031,48.99687,Immune-moderate-low,BEME_355G
78.33598,68.66885,Immune-moderate-low,BEME_355G
20.65237,18.091787,Immune-low,BEME_355G
4.965096,5.0205803,Immune-poor,BEME_355G
20.65237,13.581709,Immune-low,BEME_355G
4.965096,8.033511,Immune-poor,BEME_355G
75.91567,59.301117,Immune-moderate,BEME_355G
1.6290659,1.1833214,Immune-poor,BEME_355G
208.19379,172.64598,Immune-high,BEME_355G
4.192695,2.5667455,Immune-poor,BEME_355G
25.933357,33.989307,Immune-low,BEME_355G
25.933357,19.558977,Immune-low,BEME_355G
25.933357,18.694132,Immune-low,BEME_355G
4.192695,2.4526963,Immune-poor,BEME_355G
1.6290659,1.9691901,Immune-poor,BEME_355G
1.6290659,2.6571076,Immune-poor,BEME_355G
20.65237,17.19808,Immune-low,BEME_355G
51.90031,42.685555,Immune-moderate-low,BEME_355G
51.90031,52.463287,Immune-moderate-low,BEME_355G
20.65237,17.493149,Immune-low,BEME_355G
78.33598,51.168262,Immune-moderate-low,BEME_355G
25.933357,28.694763,Immune-low,BEME_355G
75.91567,91.263954,Immune-moderate,BEME_355G
78.33598,82.92639,Immune-moderate-low,BEME_355G
20.65237,19.94154,Immune-low,BEME_355G
51.90031,42.70529,Immune-moderate-low,BEME_355G
4.965096,3.647875,Immune-poor,BEME_355G
4.192695,1.8595189,Immune-poor,BEME_355G
51.90031,67.11103,Immune-moderate-low,BEME_355G
119.6919,96.58791,Immune-high,BEME_355G
4.965096,2.614903,Immune-poor,BEME_355G
130.50667,100.6283,Immune-moderate-high,BEME_355G
78.33598,52.904034,Immune-moderate-low,BEME_355G
1.6290659,1.3583963,Immune-poor,BEME_355G
130.50667,80.17101,Immune-moderate-high,BEME_355G
51.90031,50.596115,Immune-moderate-low,BEME_355G
43.511616,48.379837,Immune-low,BEME_355G
1.6290659,0.9459576,Immune-poor,BEME_355G
75.91567,70.22963,Immune-moderate,BEME_355G
75.91567,86.42282,Immune-moderate,BEME_355G
51.90031,37.99166,Immune-moderate-low,BEME_355G
43.511616,32.739212,Immune-low,BEME_355G
78.33598,111.69951,Immune-moderate-low,BEME_355G
119.6919,127.44255,Immune-high,BEME_355G
1.6290659,0.5561428,Immune-poor,BEME_355G
1.6290659,2.7287207,Immune-poor,BEME_355G
4.965096,3.7243965,Immune-poor,BEME_355G
20.65237,30.058374,Immune-low,BEME_355G
51.90031,50.03592,Immune-moderate-low,BEME_355G
208.19379,168.05716,Immune-high,BEME_355G
130.50667,88.142494,Immune-moderate-high,BEME_355G
78.33598,62.398136,Immune-moderate-low,BEME_355G
1.6290659,1.6732178,Immune-poor,BEME_355G
20.65237,15.408182,Immune-low,BEME_355G
1.6290659,1.0959992,Immune-poor,BEME_355G
1.6290659,1.8033209,Immune-poor,BEME_355G
130.50667,102.26516,Immune-moderate-high,BEME_355G
20.65237,42.54633,Immune-low,BEME_355G
1.6290659,1.6261666,Immune-poor,BEME_355G
4.965096,3.3774986,Immune-poor,BEME_355G
1.6290659,1.5142742,Immune-poor,BEME_355G
119.6919,125.38362,Immune-high,BEME_355G
1.6290659,1.7846122,Immune-poor,BEME_355G
51.90031,41.99928,Immune-moderate-low,BEME_355G
78.33598,102.15958,Immune-moderate-low,BEME_355G
130.50667,146.79556,Immune-moderate-high,BEME_355G
1.6290659,1.9150755,Immune-poor,BEME_355G
130.50667,74.384575,Immune-moderate-high,BEME_355G
20.65237,15.36469,Immune-low,BEME_355G
1.6290659,1.0023968,Immune-poor,BEME_355G
119.6919,106.577354,Immune-high,BEME_355G
1.6290659,1.8340924,Immune-poor,BEME_355G
4.965096,14.465982,Immune-poor,BEME_355G
1.6290659,1.6321466,Immune-poor,BEME_355G
119.6919,114.108894,Immune-high,BEME_355G
78.33598,55.548923,Immune-moderate-low,BEME_355G
78.33598,79.795525,Immune-moderate-low,BEME_355G
51.90031,50.26227,Immune-moderate-low,BEME_355G
130.50667,115.50299,Immune-moderate-high,BEME_355G
130.50667,307.10638,Immune-moderate-high,BEME_355G
51.90031,65.45397,Immune-moderate-low,BEME_355G
75.91567,80.78524,Immune-moderate,BEME_355G
4.965096,2.2848516,Immune-poor,BEME_355G
75.91567,72.056404,Immune-moderate,BEME_355G
51.90031,50.899834,Immune-moderate-low,BEME_355G
130.50667,200.06241,Immune-moderate-high,BEME_355G
20.65237,11.005886,Immune-low,BEME_355G
25.933357,32.230076,Immune-low,BEME_355G
1.6290659,3.1541665,Immune-poor,BEME_355G
75.91567,84.25824,Immune-moderate,BEME_355G
78.33598,46.401073,Immune-moderate-low,BEME_355G
1.6290659,0.8491245,Immune-poor,BEME_355G
78.33598,96.40873,Immune-moderate-low,BEME_355G
119.6919,150.12325,Immune-high,BEME_355G
1.6290659,2.2293336,Immune-poor,BEME_355G
20.65237,26.219194,Immune-low,BEME_355G
75.91567,80.19807,Immune-moderate,BEME_355G
43.511616,38.669483,Immune-low,BEME_355G
78.33598,62.88838,Immune-moderate-low,BEME_355G
78.33598,79.15829,Immune-moderate-low,BEME_355G
20.65237,22.124071,Immune-low,BEME_355G
1.6290659,1.1182877,Immune-poor,BEME_355G
20.65237,25.053047,Immune-low,BEME_355G
1.6290659,1.2084196,Immune-poor,BEME_355G
1.6290659,1.3223966,Immune-poor,BEME_355G
20.65237,34.47769,Immune-low,BEME_355G
1.6290659,2.9055007,Immune-poor,BEME_355G
20.65237,16.677002,Immune-low,BEME_355G
78.33598,81.404076,Immune-moderate-low,BEME_355G
4.965096,2.7109349,Immune-poor,BEME_355G
20.65237,8.317521,Immune-low,BEME_355G
130.50667,88.66005,Immune-moderate-high,BEME_355G
25.933357,23.21273,Immune-low,BEME_355G
75.91567,69.29508,Immune-moderate,BEME_355G
20.65237,20.380304,Immune-low,BEME_355G
20.65237,14.8565035,Immune-low,BEME_355G
43.511616,47.584774,Immune-low,BEME_355G
51.90031,52.74637,Immune-moderate-low,BEME_355G
208.19379,288.60004,Immune-high,BEME_355G
78.33598,89.89547,Immune-moderate-low,BEME_355G
4.965096,8.5085125,Immune-poor,BEME_355G
78.33598,71.980194,Immune-moderate-low,BEME_355G
1.6290659,2.4729745,Immune-poor,BEME_355G
1.6290659,1.076927,Immune-poor,BEME_355G
4.965096,10.406334,Immune-poor,BEME_355G
51.90031,37.335827,Immune-moderate-low,BEME_355G
4.965096,6.7511296,Immune-poor,BEME_355G
4.965096,2.685232,Immune-poor,BEME_355G
51.90031,48.857727,Immune-moderate-low,BEME_355G
51.90031,39.780632,Immune-moderate-low,BEME_355G
4.192695,3.5002668,Immune-poor,BEME_355G
130.50667,95.734726,Immune-moderate-high,BEME_355G
130.50667,125.37998,Immune-moderate-high,BEME_355G
51.90031,36.816753,Immune-moderate-low,BEME_355G
130.50667,137.88806,Immune-moderate-high,BEME_355G
119.6919,105.928154,Immune-high,BEME_355G
75.91567,79.21987,Immune-moderate,BEME_355G
1.6290659,1.9761318,Immune-poor,BEME_355G
4.965096,3.7209208,Immune-poor,BEME_355G
20.65237,19.49236,Immune-low,BEME_355G
130.50667,97.48689,Immune-moderate-high,BEME_355G
4.965096,2.3144522,Immune-poor,BEME_355G
130.50667,158.93134,Immune-moderate-high,BEME_355G
43.511616,29.875195,Immune-low,BEME_355G
20.65237,15.173664,Immune-low,BEME_355G
20.65237,33.354164,Immune-low,BEME_355G
4.965096,3.3004193,Immune-poor,BEME_355G
119.6919,119.9607,Immune-high,BEME_355G
78.33598,69.230354,Immune-moderate-low,BEME_355G
1.6290659,0.8749331,Immune-poor,BEME_355G
4.192695,6.0951357,Immune-poor,BEME_355G
20.65237,8.538223,Immune-low,BEME_355G
20.65237,7.609361,Immune-low,BEME_355G
1.6290659,1.2364163,Immune-poor,BEME_355G
20.65237,34.13938,Immune-low,BEME_355G
130.50667,94.7259,Immune-moderate-high,BEME_355G
130.50667,80.335144,Immune-moderate-high,BEME_355G
4.965096,1.8770093,Immune-poor,BEME_355G
119.6919,118.64193,Immune-high,BEME_355G
130.50667,113.72086,Immune-moderate-high,BEME_355G
1.6290659,1.7793282,Immune-poor,BEME_355G
78.33598,109.80199,Immune-moderate-low,BEME_355G
51.90031,50.734497,Immune-moderate-low,BEME_355G
20.65237,19.032036,Immune-low,BEME_355G
78.33598,71.629906,Immune-moderate-low,BEME_355G
119.6919,149.82858,Immune-high,BEME_355G
4.192695,2.354982,Immune-poor,BEME_355G
4.192695,2.0276952,Immune-poor,BEME_355G
130.50667,147.35043,Immune-moderate-high,BEME_355G
1.6290659,1.424395,Immune-poor,BEME_355G
130.50667,69.32614,Immune-moderate-high,BEME_355G
130.50667,94.54138,Immune-moderate-high,BEME_355G
25.933357,31.900278,Immune-low,BEME_355G
4.192695,4.640261,Immune-poor,BEME_355G
130.50667,175.81172,Immune-moderate-high,BEME_355G
43.511616,49.053036,Immune-low,BEME_355G
20.65237,31.967478,Immune-low,BEME_355G
20.65237,12.471692,Immune-low,BEME_355G
78.33598,70.459564,Immune-moderate-low,BEME_355G
51.90031,46.384384,Immune-moderate-low,BEME_355G
20.65237,36.779392,Immune-low,BEME_355G
4.965096,8.836197,Immune-poor,BEME_355G
25.933357,17.406855,Immune-low,BEME_355G
119.6919,100.19792,Immune-high,BEME_355G
4.965096,2.994168,Immune-poor,BEME_355G
208.19379,374.91626,Immune-high,BEME_355G
75.91567,95.85264,Immune-moderate,BEME_355G
78.33598,114.552666,Immune-moderate-low,BEME_355G
25.933357,33.2469,Immune-low,BEME_355G
130.50667,177.0677,Immune-moderate-high,BEME_355G
4.965096,11.168557,Immune-poor,BEME_355G
1.6290659,1.2236217,Immune-poor,BEME_355G
130.50667,129.63023,Immune-moderate-high,BEME_355G
1.6290659,1.5372572,Immune-poor,BEME_355G
43.511616,54.030273,Immune-low,BEME_355G
75.91567,57.732944,Immune-moderate,BEME_355G
25.933357,34.910645,Immune-low,BEME_355G
75.91567,84.4152,Immune-moderate,BEME_355G
78.33598,67.40489,Immune-moderate-low,BEME_355G
78.33598,102.30775,Immune-moderate-low,BEME_355G
4.965096,3.4869225,Immune-poor,BEME_355G
4.192695,2.0594866,Immune-poor,BEME_355G
119.6919,109.91075,Immune-high,BEME_355G
25.933357,28.12902,Immune-low,BEME_355G
130.50667,160.06044,Immune-moderate-high,BEME_355G
1.6290659,3.2240317,Immune-poor,BEME_355G
130.50667,129.98184,Immune-moderate-high,BEME_355G
78.33598,80.45004,Immune-moderate-low,BEME_355G
130.50667,67.685776,Immune-moderate-high,BEME_355G
130.50667,63.657085,Immune-moderate-high,BEME_355G
130.50667,146.96422,Immune-moderate-high,BEME_355G
4.965096,3.6657505,Immune-poor,BEME_355G
1.6290659,1.7137108,Immune-poor,BEME_355G
51.90031,64.255936,Immune-moderate-low,BEME_355G
1.6290659,1.4606152,Immune-poor,BEME_355G
130.50667,161.6938,Immune-moderate-high,BEME_355G
51.90031,32.361347,Immune-moderate-low,BEME_355G
1.6290659,1.5295471,Immune-poor,BEME_355G
130.50667,133.59201,Immune-moderate-high,BEME_355G
75.91567,89.15479,Immune-moderate,BEME_355G
20.65237,16.44809,Immune-low,BEME_355G
78.33598,64.294495,Immune-moderate-low,BEME_355G
78.33598,59.26722,Immune-moderate-low,BEME_355G
1.6290659,1.5473802,Immune-poor,BEME_355G
130.50667,73.09594,Immune-moderate-high,BEME_355G
119.6919,98.478485,Immune-high,BEME_355G
75.91567,89.790054,Immune-moderate,BEME_355G
1.6290659,0.87334496,Immune-poor,BEME_355G
1.6290659,2.0823636,Immune-poor,BEME_355G
75.91567,89.559326,Immune-moderate,BEME_355G
1.6290659,0.8324032,Immune-poor,BEME_355G
75.91567,68.66276,Immune-moderate,BEME_355G
130.50667,126.00293,Immune-moderate-high,BEME_355G
119.6919,124.67816,Immune-high,BEME_355G
43.511616,33.18378,Immune-low,BEME_355G
78.33598,101.06758,Immune-moderate-low,BEME_355G
51.90031,70.15732,Immune-moderate-low,BEME_355G
75.91567,69.94543,Immune-moderate,BEME_355G
1.6290659,1.8279606,Immune-poor,BEME_355G
43.511616,34.488884,Immune-low,BEME_355G
75.91567,67.54465,Immune-moderate,BEME_355G
119.6919,128.2597,Immune-high,BEME_355G
1.6290659,1.6438907,Immune-poor,BEME_355G
1.6290659,1.8862507,Immune-poor,BEME_355G
4.965096,10.890537,Immune-poor,BEME_355G
75.91567,60.91233,Immune-moderate,BEME_355G
130.50667,124.91739,Immune-moderate-high,BEME_355G
1.6290659,1.7531444,Immune-poor,BEME_355G
20.65237,25.317741,Immune-low,BEME_355G
51.90031,43.7282,Immune-moderate-low,BEME_355G
75.91567,74.39594,Immune-moderate,BEME_355G
4.965096,4.327055,Immune-poor,BEME_355G
4.965096,12.685928,Immune-poor,BEME_355G
130.50667,166.8939,Immune-moderate-high,BEME_355G
4.192695,2.3906171,Immune-poor,BEME_355G
78.33598,52.556793,Immune-moderate-low,BEME_355G
4.192695,3.6442232,Immune-poor,BEME_355G
4.965096,2.473838,Immune-poor,BEME_355G
51.90031,58.664734,Immune-moderate-low,BEME_355G
75.91567,58.43336,Immune-moderate,BEME_355G
1.6290659,2.0266418,Immune-poor,BEME_355G
208.19379,223.0623,Immune-high,BEME_355G
4.965096,3.6212635,Immune-poor,BEME_355G
20.65237,20.982216,Immune-low,BEME_355G
43.511616,43.01732,Immune-low,BEME_355G
4.965096,4.683813,Immune-poor,BEME_355G
75.91567,62.681717,Immune-moderate,BEME_355G
78.33598,102.81723,Immune-moderate-low,BEME_355G
4.192695,4.0032525,Immune-poor,BEME_355G
20.65237,14.79384,Immune-low,BEME_355G
4.965096,2.855107,Immune-poor,BEME_355G
78.33598,66.50138,Immune-moderate-low,BEME_355G
